player_id,player_name,profile_name,season,league,team,leagues_played_count,leagues_played_list,teams_played_count,teams_played_list,matches,minutes_played,date_of_birth,age,age_as_of,nationality,height_cm,preferred_foot,player_position,base_position,role_family,primary_role_position,secondary_role_position,positions_played_count,positions_played_list,position_confidence,position_source,goals,assists,shots_total,shots_on_target,shots_off_target,xg,xgot,xa,big_chances_created,big_chance_missed,offsides,hit_woodwork,passes_total,passes_accurate,passes_own_half_total,passes_own_half_accurate,passes_opposition_half_total,passes_opposition_half_accurate,key_passes,long_balls_total,long_balls_accurate,crosses_total,crosses_accurate,touches,unsuccessful_touches,dribbles_attempted,carries,carry_distance,progressive_carries,progressive_carry_distance,best_carry_progression,total_progression,dispossessed,possession_lost,last_man_tackles,clearance_off_line,blocked_shots,duels_total,duels_won,duels_lost,aerial_duels_total,aerial_duels_won,aerial_duels_lost,dribbles_won,challenges_lost,errors_leading_to_shot,errors_leading_to_goal,fouls_committed,fouls_drawn,yellow_cards,red_cards,penalties_won,penalties_conceded,penalties_faced,distance_walking_km,distance_jogging_km,distance_running_km,distance_high_speed_running_km,distance_sprinting_km,gk_saves,gk_saves_inside_box,gk_xgot_faced,gk_goals_prevented,gk_goals_prevented_raw,gk_high_claims,gk_punches,gk_sweeper_total,gk_sweeper_accurate,P-Adj_tackles_total,P-Adj_tackles_won,P-Adj_interceptions,P-Adj_clearances,P-Adj_recoveries,MW,shirt_number,is_substitute,sub_on_minute,sub_off_minute,pass_accuracy_pct,oppo_poss_pct,poss_available,goals_per90,assists_per90,shots_total_per90,shots_on_target_per90,shots_off_target_per90,xg_per90,xgot_per90,xa_per90,big_chances_created_per90,offsides_per90,passes_total_per90,passes_accurate_per90,passes_own_half_total_per90,passes_own_half_accurate_per90,passes_opposition_half_total_per90,passes_opposition_half_accurate_per90,key_passes_per90,long_balls_total_per90,long_balls_accurate_per90,crosses_total_per90,crosses_accurate_per90,touches_per90,unsuccessful_touches_per90,dribbles_attempted_per90,carries_per90,carry_distance_per90,progressive_carries_per90,progressive_carry_distance_per90,best_carry_progression_per90,total_progression_per90,dispossessed_per90,possession_lost_per90,blocked_shots_per90,duels_total_per90,duels_won_per90,duels_lost_per90,aerial_duels_total_per90,aerial_duels_won_per90,aerial_duels_lost_per90,dribbles_won_per90,challenges_lost_per90,errors_leading_to_goal_per90,fouls_committed_per90,fouls_drawn_per90,yellow_cards_per90,distance_walking_km_per90,distance_jogging_km_per90,distance_running_km_per90,distance_high_speed_running_km_per90,distance_sprinting_km_per90,P-Adj_tackles_total_per90,P-Adj_tackles_won_per90,P-Adj_interceptions_per90,P-Adj_clearances_per90,P-Adj_recoveries_per90,duel_win_pct,aerial_win_pct,dribble_success_pct,errors_leading_to_shot_per90,penalties_faced_per90,gk_saves_per90,gk_saves_inside_box_per90,gk_xgot_faced_per90,gk_goals_prevented_per90,gk_goals_prevented_raw_per90,gk_high_claims_per90,gk_punches_per90,gk_sweeper_total_per90,gk_sweeper_accurate_per90,last_man_tackles_per90,penalties_conceded_per90,big_chance_missed_per90,hit_woodwork_per90,red_cards_per90,penalties_won_per90,clearance_off_line_per90,season_avg_x,season_avg_y,season_std_x,season_std_y,spatial_matches_used,spatial_wide_matches,spatial_right_matches,spatial_left_matches,spatial_central_matches,spatial_high_matches,spatial_mid_matches,spatial_deep_matches,spatial_high_wide_matches,spatial_mid_wide_matches,spatial_deep_central_matches,spatial_wide_pct,spatial_right_pct,spatial_left_pct,spatial_central_pct,spatial_high_pct,spatial_mid_pct,spatial_deep_pct,spatial_high_wide_pct,spatial_mid_wide_pct,spatial_deep_central_pct,season_position_zone,spatial_dominant_side,position_context_source,avg_x,avg_y,leagues_played_count_per90,MW_per90,is_substitute_per90,sub_on_minute_per90,sub_off_minute_per90,poss_available_per90,season_avg_x_per90,season_avg_y_per90,season_std_x_per90,season_std_y_per90,spatial_matches_used_per90,spatial_wide_matches_per90,spatial_right_matches_per90,spatial_left_matches_per90,spatial_central_matches_per90,spatial_high_matches_per90,spatial_mid_matches_per90,spatial_deep_matches_per90,spatial_high_wide_matches_per90,spatial_mid_wide_matches_per90,spatial_deep_central_matches_per90,avg_x_per90,avg_y_per90,team_poss_pct,adj_avg_x,adj_zone,profile_position_raw,match_position_mode,match_role_mode,profile_positions_played,match_positions_played,match_roles_played,arbitrated_position,arbitrated_role_group,arbitrated_lane,arbitration_reason,position_evidence,arbitrated_confidence,position_conflict_flag,role_source_column,role_source_value,role_model_family,primary_role,secondary_role,role_score,role_bvalue,confidence,cohort_size,warning,measured_metrics_available,measured_metrics_possible,partial_proxies_available,partial_proxies_possible,measured_inputs,partial_proxies,unmeasured_traits,_family,similarity_core,similarity_broad,similarity_z_core,similarity_percentile_core,similarity_z_broad,similarity_percentile_broad,similarity_z,similarity_percentile,similarity_spatial,similarity_role_bonus,similarity_raw,similarity,similarity_archetype,similarity_family,similarity_side,similarity_display_role,similarity_color_key
959206,Rumarn Burrell,Rumarn Burrell,2025-26,Championship,Queens Park Rangers,1,Championship,1,Queens Park Rangers,30,2001.0,2000-12-16,25.0,2026-06-01,Jamaica,180.0,Right,F,F,attack,F,ST,5,"F, ST, W, AM, M",low,heuristic_base,10.0,3.0,35.0,21.0,11.0,10.018100000000002,7.38,1.2014771200000005,2.0,8.0,18.0,,291.0,179.0,65.0,46.0,226.0,133.0,22.0,13.0,7.0,26.0,1.0,627.0,80.0,38.0,86.0,764.3286580254202,6.0,147.2148912456002,193.413222606972,168.17515844332107,29.0,276.0,,,3.0,243.0,83.0,183.0,121.0,43.0,100.0,14.0,4.0,,,28.0,16.0,4.0,,,,,,,,,,,,,,,,,,,10.52,6.960000000000001,5.800000000000001,15.54,64.08000000000001,16.403798100949526,16.0,0.1079460269865067,60.875,69.50574712643679,61.512027491408936,54.11794102948526,1.0,0.4497751124437781,0.1349325337331334,1.5742128935532234,0.944527736131934,0.4947526236881559,0.4505892053973014,0.3319340329835082,0.0540394506746626,0.0899550224887556,0.8095952023988006,13.088455772113942,8.050974512743629,2.923538230884558,2.0689655172413794,10.164917541229386,5.982008995502249,0.9895052473763118,0.5847076461769115,0.3148425787106447,1.169415292353823,0.0449775112443778,28.20089955022489,3.598200899550225,1.7091454272863569,3.868065967016492,34.377600810738535,0.2698650674662669,6.62135942633884,8.699245394616433,7.564100079909494,1.3043478260869563,12.413793103448276,0.1349325337331334,10.929535232383808,3.733133433283358,8.23088455772114,5.442278860569715,1.934032983508246,4.497751124437781,0.6296851574212894,0.1799100449775112,,1.2593703148425788,0.719640179910045,0.1799100449775112,,,,,,0.4731634182908545,0.3130434782608696,0.2608695652173913,0.6989505247376313,2.8821589205397307,34.15637860082305,35.53719008264463,36.8421052631579,,,,,,,,,,,,,,0.3598200899550225,,,,,65.08714333333333,43.32062333333333,7.365804410816406,6.1205287896234255,30.0,1.0,1.0,0.0,29.0,25.0,5.0,0.0,1.0,0.0,0.0,0.0333,0.0333,0.0,0.9667,0.8333,0.1667,0.0,0.0333,0.0,0.0,high_central,Central/Mixed,season_collapsed_average_positions_v14,65.08714333333333,43.32062333333333,0.0449775112443778,0.7378020135359608,0.0048551436425715,2.7380059970014994,3.126195522928191,0.0449775112443778,2.92745772113943,1.948453823088456,0.3312955507113825,0.2752861524568257,1.3493253373313343,0.0449775112443778,0.0449775112443778,0.0,1.3043478260869563,1.1244377811094453,0.224887556221889,0.0,0.0449775112443778,0.0,0.0,2.92745772113943,1.948453823088456,45.88205897051474,66.11662859070465,high,F,F,F,F,F,F,ST,ST,Central Forward,Possession-adjusted spatial evidence coherent with role scores (spatial_adj).,"sources=ST,ST,ST; agreement=0.45; wide_score=24.7; central_score=31.8; adj_avg_x=66.1; spatial=ST@adj_x=66.1,y=43.3,strength=0.76; upstream_position_source=heuristic",0.86,True,arbitrated_role_group,ST,ST,Poacher,Centre Forward,55.86,0.1172,0.83,859.0,,4.0,5.0,2.0,2.0,"goals_per90, xg_per90, shots_on_target_per90, shots_total_per90","offsides_per90, xgot_per90","anticipation, composure, concentration, off the ball, acceleration",ST,0.6749759708506323,0.5329509619852087,0.6909737097187827,0.6397809453407018,0.5395548603928186,0.5184223854884671,0.6909737097187827,0.6397809453407018,0.9773601038610535,1.0,0.6993587590815268,0.8995303089959105,Penalty Box Forward,ST,Central,Poacher,Penalty Box Forward
920597,Emil Riis Jacobsen,Emil Riis Jacobsen,2025-26,Championship,Bristol City,1,Championship,1,Bristol City,44,2838.0,1998-06-24,27.0,2026-06-01,Denmark,190.0,Right,F,F,attack,ST,F,4,"ST, F, SS, W",medium,heuristic_stats,9.0,2.0,68.0,25.0,27.0,8.8888,7.0468,2.3881967,7.0,13.0,15.0,2.0,565.0,370.0,159.0,126.0,406.0,244.0,26.0,28.0,11.0,29.0,5.0,1024.0,90.0,39.0,150.0,1344.5605226530342,15.0,306.854655863556,259.5577758828651,272.229346407874,49.0,401.0,,,16.0,314.0,107.0,229.0,136.0,49.0,119.0,17.0,12.0,,,32.0,23.0,1.0,,1.0,,,,,,,,,,,,,,,,,18.96,13.54,8.780000000000001,23.18,53.66,21.7093023255814,18.0,0.0704721634954193,58.765,71.04432270916335,65.48672566371681,50.28823114869626,1.0,0.2854122621564482,0.0634249471458773,2.156448202959831,0.7928118393234672,0.8562367864693446,0.2818858350951374,0.2234714587737843,0.0757356247357293,0.2219873150105708,0.4756871035940803,17.917547568710358,11.733615221987314,5.042283298097251,3.995771670190275,12.875264270613108,7.73784355179704,0.8245243128964059,0.8879492600422833,0.3488372093023256,0.919661733615222,0.1585623678646934,32.473572938689216,2.854122621564482,1.236786469344609,4.756871035940804,42.63934004185098,0.4756871035940803,9.731120164806216,8.231219108336102,8.633065953738077,1.5539112050739958,12.716701902748415,0.507399577167019,9.957716701902749,3.39323467230444,7.26215644820296,4.312896405919662,1.5539112050739958,3.773784355179704,0.5391120507399577,0.3805496828752642,,1.014799154334038,0.7293868921775899,0.0317124735729386,,,,,,0.6012684989429176,0.4293868921775899,0.2784355179704017,0.7350951374207187,1.70169133192389,34.07643312101911,36.02941176470589,43.58974358974359,,,,,,,,,,,,,,0.4122621564482029,0.0634249471458773,,0.0317124735729386,,63.9965046511628,46.36562093023256,4.87479092181464,8.694022879584685,43.0,4.0,4.0,0.0,39.0,36.0,7.0,0.0,3.0,1.0,0.0,0.093,0.093,0.0,0.907,0.8372,0.1628,0.0,0.0698,0.0233,0.0,high_central,Central/Mixed,season_collapsed_average_positions_v14,63.9965046511628,46.36562093023256,0.0317124735729386,0.6884556762869365,0.0022348466224762,1.8635835095137423,2.252991206421671,0.0317124735729386,2.029487462510448,1.4703685284428931,0.1545916782816482,0.2757089708113536,1.3636363636363635,0.1268498942917547,0.1268498942917547,0.0,1.236786469344609,1.1416490486257929,0.2219873150105708,0.0,0.095137420718816,0.0317124735729386,0.0,2.029487462510448,1.4703685284428931,49.71176885130374,64.06856243833685,high,F,ST,ST,F,ST,ST,ST,ST,Central Forward,Possession-adjusted spatial evidence coherent with role scores (spatial_adj).,"sources=ST,ST,ST; agreement=0.45; wide_score=28.4; central_score=37.5; adj_avg_x=64.1; spatial=ST@adj_x=64.1,y=46.4,strength=0.76; upstream_position_source=heuristic",0.86,True,arbitrated_role_group,ST,ST,Deep-Lying Forward,False Nine,46.56,-0.0689,0.708,859.0,,5.0,6.0,0.0,0.0,"key_passes_per90, xa_per90, assists_per90, passes_total_per90, touches_per90",,"first touch, technique, composure, decisions, vision",ST,0.671969636311961,0.4980507280357541,0.6982319624997261,0.6141925186988779,0.5107193200471996,0.470179825610574,0.6982319624997261,0.6141925186988779,0.9581679036626666,1.0,0.6853716199004513,0.8947108264627792,Striker,ST,Central,Deep-Lying Forward,Striker
1392592,Roberto Fernández,Roberto Fernández,2025-26,La Liga,Espanyol,1,La Liga,1,Espanyol,38,2387.0,2002-07-03,23.0,2026-06-01,Spain,186.0,Right,F,F,attack,F,ST,3,"F, ST, SS",low,heuristic_base,7.0,3.0,59.0,23.0,23.0,9.311000000000002,8.4375,2.7065964799999995,6.0,8.0,9.0,1.0,364.0,254.0,118.0,96.0,246.0,158.0,18.0,8.0,4.0,9.0,1.0,752.0,73.0,23.0,87.0,779.3373162680298,8.0,145.4605389409015,100.6352151381611,68.83779985567008,35.0,247.0,,,17.0,322.0,122.0,215.0,163.0,59.0,121.0,9.0,14.0,1.0,,40.0,46.0,3.0,,1.0,,,,,,,,,,,,,,,,,14.22,7.0600000000000005,7.28,30.76,65.86,18.403435274403016,9.0,0.1600335148722245,57.6151832460733,74.57285067873303,69.78021978021978,57.513615416841226,1.0,0.2639296187683284,0.113112693757855,2.2245496439044827,0.867197318810222,0.867197318810222,0.3510640971931295,0.3181294511939673,0.1020501395894428,0.22622538751571,0.3393380812735651,13.72434017595308,9.576874738165062,4.4490992878089655,3.619606200251362,9.275240888144111,5.957268537913699,0.6786761625471303,0.3016338500209468,0.1508169250104734,0.3393380812735651,0.0377042312526183,28.353581901969,2.75240888144114,0.867197318810222,3.2802681189777965,29.38431439636476,0.3016338500209468,5.484477798358247,3.794373423726225,2.595476324679643,1.3196480938416422,9.312945119396732,0.6409719312945119,12.140762463343108,4.599916212819439,8.106409719312945,6.145789694176791,2.2245496439044827,4.56221198156682,0.3393380812735651,0.5278592375366569,,1.508169250104734,1.734394637620444,0.113112693757855,,,,,,0.536154168412233,0.2661918726434856,0.2744868035190616,1.1597821533305404,2.4832006702974443,37.88819875776397,36.19631901840491,39.130434782608695,0.0377042312526183,,,,,,,,,,,,,0.3016338500209468,0.0377042312526183,,0.0377042312526183,,62.03303684210526,51.454078947368416,7.631225151945593,8.257554120013397,38.0,0.0,0.0,0.0,38.0,28.0,10.0,0.0,0.0,0.0,0.0,0.0,0.0,0.0,1.0,0.7368,0.2632,0.0,0.0,0.0,0.0,high_central,Central/Mixed,season_collapsed_average_positions_v14,62.03303684210526,51.454078947368416,0.0377042312526183,0.6938873794286852,0.0060339406529116,2.17233619277193,2.811712007157928,0.0377042312526183,2.3389079663969308,1.94003649152206,0.2877294778697542,0.3113447301219965,1.4327607875994972,0.0,0.0,0.0,1.4327607875994972,1.0557184750733135,0.3770423125261835,0.0,0.0,0.0,0.0,2.3389079663969308,1.94003649152206,42.48638458315877,63.911440696315566,high,F,F,F,F,F,F,ST,ST,Central Forward,Possession-adjusted spatial evidence coherent with role scores (spatial_adj).,"sources=ST,ST,ST; agreement=0.45; wide_score=12.2; central_score=31.7; adj_avg_x=63.9; spatial=ST@adj_x=63.9,y=51.5,strength=0.76; upstream_position_source=heuristic",0.86,True,arbitrated_role_group,ST,ST,Target Forward,Centre Forward,58.62,0.1724,1.0,859.0,,5.0,5.0,1.0,1.0,"aerial_duels_won_per90, aerial_duels_total_per90, duels_won_per90, fouls_drawn_per90, xg_per90",height_cm,"strength, jumping, balance, bravery, hold-up technique",ST,0.5180887674292575,0.6729249081022427,0.501598770539987,0.5543667605856525,0.6344894057051153,0.7574830133759233,0.501598770539987,0.5543667605856525,0.9870266923981676,1.0,0.6586874772194226,0.8854773784245763,Penalty Box Forward,ST,Central,Target Forward,Penalty Box Forward
1116577,Santiago Castro,Santiago Castro,2025-26,Serie A,Bologna,1,Serie A,1,Bologna,38,2366.0,2004-09-18,21.0,2026-06-01,Argentina,178.0,Right,F,F,attack,ST,F,3,"ST, F, SS",low,heuristic_stats,7.0,2.0,63.0,20.0,29.0,7.2312,5.506200000000001,0.85363001,4.0,9.0,12.0,2.0,388.0,298.0,122.0,109.0,266.0,189.0,28.0,34.0,25.0,4.0,,785.0,81.0,35.0,143.0,1116.371839286417,8.0,134.61661105944052,180.2173674757555,31.25371014665135,45.0,250.0,,,14.0,291.0,129.0,163.0,98.0,53.0,66.0,16.0,4.0,,,35.0,50.0,3.0,,2.0,,,,,,,,,,,,,,,,,9.52,6.16,1.16,26.380000000000003,42.04,20.348267117497887,9.0,0.1162299239222316,54.15272727272728,75.28247048138056,76.80412371134021,45.15215553677092,1.0,0.2662721893491124,0.0760777683854607,2.396449704142012,0.760777683854607,1.10312764158918,0.2750667793744716,0.2094497041420118,0.0324711330938292,0.1521555367709214,0.4564666103127641,14.759087066779374,11.335587489433644,4.640743871513102,4.146238377007608,10.118343195266272,7.189349112426036,1.0650887573964498,1.293322062552832,0.9509721048182588,0.1521555367709214,,29.86052409129332,3.081149619611158,1.331360946745562,5.43956043956044,42.465539110641394,0.3043110735418428,5.120665678507882,6.8552675709289925,1.1888562608616322,1.7117497886728656,9.509721048182586,0.5325443786982249,11.069315300084533,4.907016060862214,6.200338123415047,3.727810650887574,2.0160608622147085,2.510566356720203,0.6086221470836856,0.1521555367709214,,1.331360946745562,1.901944209636517,0.114116652578191,,,,,,0.3621301775147929,0.2343195266272189,0.0441251056635672,1.003465765004227,1.5991546914623838,44.329896907216494,54.08163265306123,45.71428571428572,,,,,,,,,,,,,,0.3423499577345731,0.0760777683854607,,0.0760777683854607,,61.69950285714285,52.567748571428574,6.601558393666728,6.413661002311504,35.0,0.0,0.0,0.0,35.0,23.0,12.0,0.0,0.0,0.0,0.0,0.0,0.0,0.0,1.0,0.6571,0.3429,0.0,0.0,0.0,0.0,high_central,Central/Mixed,season_collapsed_average_positions_v14,61.69950285714285,52.567748571428574,0.0380388841927303,0.7740253764052452,0.0044212566158076,2.059909321447784,2.863661176383876,0.0380388841927303,2.3469802439318923,1.9996185001811373,0.2511159152282357,0.2439685081183581,1.331360946745562,0.0,0.0,0.0,1.331360946745562,0.874894336432798,0.4564666103127641,0.0,0.0,0.0,0.0,2.3469802439318923,1.9996185001811373,54.84784446322908,60.48754174133558,high,F,ST,ST,F,ST,ST,ST,ST,Central Forward,Possession-adjusted spatial evidence coherent with role scores (spatial_adj).,"sources=ST,ST,ST; agreement=0.45; wide_score=16.0; central_score=29.7; adj_avg_x=60.5; spatial=ST@adj_x=60.5,y=52.6,strength=0.76; upstream_position_source=heuristic",0.86,True,arbitrated_role_group,ST,ST,Target Forward,Centre Forward,49.35,-0.0131,1.0,859.0,,5.0,5.0,1.0,1.0,"aerial_duels_won_per90, aerial_duels_total_per90, duels_won_per90, fouls_drawn_per90, xg_per90",height_cm,"strength, jumping, balance, bravery, hold-up technique",ST,0.5926287407309183,0.4030201735722039,0.5945805325081375,0.588334798821036,0.3920705929155852,0.4271092510167648,0.5945805325081375,0.588334798821036,0.9709949149559995,1.0,0.6198768467598795,0.8719544561956557,Link Forward,ST,Central,Target Forward,Link Forward
847073,Koen Kostons,Koen Kostons,2025-26,VriendenLoterij Eredivisie,PEC Zwolle,1,VriendenLoterij Eredivisie,1,PEC Zwolle,34,2887.0,1999-09-18,26.0,2026-06-01,Netherlands,185.0,Right,F,F,attack,ST,F,3,"ST, F, SS",low,heuristic_stats,11.0,6.0,61.0,28.0,24.0,11.0954,10.6532,3.7971961,7.0,12.0,18.0,2.0,750.0,545.0,253.0,204.0,497.0,341.0,21.0,33.0,21.0,16.0,3.0,1181.0,115.0,31.0,164.0,1245.2590791793102,16.0,267.12757359747496,172.60380531100802,39.68557734788985,36.0,394.0,,,16.0,308.0,117.0,205.0,131.0,54.0,107.0,10.0,12.0,1.0,,31.0,29.0,2.0,,,,,,,,,,,,,,,,,,,26.78,16.64,4.84,26.7,88.32,17.686525805334256,10.0,0.0,,71.53016453382084,72.66666666666667,55.030135088326986,1.0,0.342916522341531,0.1870453758226532,1.9016279875303084,0.8728784205057153,0.7481815032906131,0.3458905438171112,0.3321052996189816,0.1183746619328022,0.2182196051264288,0.5611361274679598,23.38067197783166,16.989954970557672,7.887080013855213,6.359542777970211,15.493591963976446,10.63041219258746,0.6546588153792865,1.028749567024593,0.6546588153792865,0.4987876688604087,0.0935226879113266,36.81676480775892,3.585036369934188,0.966401108417042,5.11257360581919,38.8199920769442,0.4987876688604087,8.327496232688862,5.380790605469596,1.2371672882958389,1.1222722549359196,12.282646345687564,0.4987876688604087,9.601662625562868,3.647384828541739,6.390717007273987,4.083824038794597,1.6834083824038797,3.335642535503984,0.3117422930377554,0.3740907516453065,,0.966401108417042,0.9040526498094908,0.062348458607551,,,,,,0.834845860755109,0.5187391756148251,0.1508832698302736,0.832351922410807,2.753307932109456,37.98701298701299,41.221374045801525,32.25806451612903,0.0311742293037755,,,,,,,,,,,,,0.3740907516453065,0.062348458607551,,,,59.37661176470588,52.92639411764706,5.952065102067631,6.283931925298246,34.0,0.0,0.0,0.0,34.0,20.0,14.0,0.0,0.0,0.0,0.0,0.0,0.0,0.0,1.0,0.5882,0.4118,0.0,0.0,0.0,0.0,high_central,Central/Mixed,season_collapsed_average_positions_v14,59.37661176470588,52.92639411764706,0.0311742293037755,0.5513638110426335,0.0,,2.229897751314124,0.0311742293037755,1.851020110434198,1.6499395464455264,0.1855510423228565,0.1958967347685632,1.0599237963283683,0.0,0.0,0.0,1.0599237963283683,0.6234845860755109,0.4364392102528576,0.0,0.0,0.0,0.0,1.851020110434198,1.6499395464455264,44.96986491167301,60.63414553678763,high,F,ST,ST,F,ST,ST,ST,ST,Central Forward,Possession-adjusted spatial evidence coherent with role scores (spatial_adj).,"sources=ST,ST,ST; agreement=0.45; wide_score=20.6; central_score=51.7; adj_avg_x=60.6; spatial=ST@adj_x=60.6,y=52.9,strength=0.76; upstream_position_source=heuristic",0.86,True,arbitrated_role_group,ST,ST,Deep-Lying Forward,False Nine,61.36,0.2272,0.708,859.0,,5.0,6.0,0.0,0.0,"key_passes_per90, xa_per90, assists_per90, passes_total_per90, touches_per90",,"first touch, technique, composure, decisions, vision",ST,0.5639828296527342,0.4227416034381074,0.5267192659711178,0.6459626697522903,0.4232960783605117,0.42152175860881796,0.5267192659711178,0.6459626697522903,0.9581160860468589,1.0,0.6087375364809916,0.8680522752477794,Striker,ST,Central,Deep-Lying Forward,Striker
1099296,Mateo Pellegrino,Mateo Pellegrino,2025-26,Serie A,Parma,1,Serie A,1,Parma,37,2991.0,2001-03-01,25.0,2026-06-01,Argentina,192.0,Left,F,F,attack,ST,F,2,"ST, F",medium,heuristic_stats,9.0,1.0,73.0,22.0,31.0,8.592299999999998,6.2032,1.08814137,4.0,9.0,12.0,2.0,480.0,301.0,116.0,96.0,364.0,205.0,22.0,27.0,13.0,12.0,1.0,1033.0,119.0,48.0,156.0,1310.42444749375,13.0,255.4671035725065,241.8149280171513,260.2048755397712,66.0,408.0,,,23.0,546.0,233.0,313.0,246.0,121.0,138.0,25.0,12.0,,,87.0,71.0,5.0,,,,,,,,,,,,,,,,,,,19.54,11.96,4.56,47.02,95.92,18.75259110665329,9.0,0.0377800066867268,51.85840707964602,78.09311740890688,62.708333333333336,54.99063858241391,1.0,0.2708124373119358,0.0300902708124373,2.196589769307924,0.6619859578736209,0.9327983951855566,0.258544633901705,0.1866559679037111,0.0327424685055165,0.1203610832497492,0.3610832497492477,14.443329989969907,9.057171514543631,3.490471414242728,2.888665997993982,10.952858575727182,6.168505516549649,0.6619859578736209,0.8124373119358074,0.391173520561685,0.3610832497492477,0.0300902708124373,31.08324974924774,3.58074222668004,1.444332998996991,4.694082246740221,39.43102650432548,0.391173520561685,7.687074330165692,7.276276670526117,7.829635171708261,1.9859578736208623,12.276830491474422,0.6920762286860582,16.429287863590773,7.011033099297894,9.41825476429288,7.402206619859578,3.6409227683049146,4.152457372116349,0.7522567703109327,0.3610832497492477,,2.6178535606820463,2.1364092276830493,0.1504513540621865,,,,,,0.587963891675025,0.3598796389167502,0.1372116349047141,1.4148445336008022,2.886258776328986,42.67399267399267,49.1869918699187,52.083333333333336,,,,,,,,,,,,,,0.2708124373119358,0.0601805416248746,,,,61.182991891891895,49.85756486486487,6.22634726488878,6.029514769873288,37.0,0.0,0.0,0.0,37.0,26.0,11.0,0.0,0.0,0.0,0.0,0.0,0.0,0.0,1.0,0.7027,0.2973,0.0,0.0,0.0,0.0,high_central,Central/Mixed,season_collapsed_average_positions_v14,61.182991891891895,49.85756486486487,0.0300902708124373,0.5642705448341011,0.0011368106324993,1.5604335129281652,2.349843051421471,0.0300902708124373,1.8410127951421835,1.5002276288324434,0.1873524753727817,0.1814297322930778,1.1133400200601806,0.0,0.0,0.0,1.1133400200601806,0.7823470411233701,0.3309929789368104,0.0,0.0,0.0,0.0,1.8410127951421835,1.5002276288324434,45.00936141758609,62.43065153749537,high,F,ST,ST,F,ST,ST,ST,ST,Central Forward,Possession-adjusted spatial evidence coherent with role scores (spatial_adj).,"sources=ST,ST,ST; agreement=0.45; wide_score=18.1; central_score=21.2; adj_avg_x=62.4; spatial=ST@adj_x=62.4,y=49.9,strength=0.76; upstream_position_source=heuristic",0.86,True,arbitrated_role_group,ST,ST,Target Forward,Centre Forward,75.83,0.5167,1.0,859.0,,5.0,5.0,1.0,1.0,"aerial_duels_won_per90, aerial_duels_total_per90, duels_won_per90, fouls_drawn_per90, xg_per90",height_cm,"strength, jumping, balance, bravery, hold-up technique",ST,0.5143633572967983,0.49859677675122543,0.47116609634436163,0.6093973313921589,0.47818063929133225,0.5435122791629906,0.47116609634436163,0.6093973313921589,0.9818303381001624,1.0,0.6075988213999024,0.867652843184527,Striker,ST,Central,Target Forward,Striker
932642,Aune Selland Heggebø,Aune Selland Heggebø,2025-26,Championship,West Bromwich Albion,1,Championship,1,West Bromwich Albion,45,3074.0,2001-07-29,24.0,2026-06-01,Norway,185.0,Left,F,F,attack,ST,F,3,"ST, F, SS",medium,heuristic_stats,9.0,4.0,71.0,27.0,30.0,10.6789,8.628400000000001,1.93231168,4.0,14.0,24.0,1.0,565.0,419.0,163.0,129.0,402.0,290.0,26.0,11.0,5.0,4.0,,1110.0,125.0,43.0,184.0,1528.7112285368048,16.0,291.6030034803643,254.110079048156,358.5027100357465,74.0,375.0,,,18.0,558.0,213.0,353.0,283.0,112.0,200.0,23.0,5.0,,,64.0,52.0,2.0,,,,,,,,,,,,,,,,,,,25.34,18.96,4.78,22.54,56.81999999999999,22.09173715029278,19.0,0.0741704619388419,61.93421052631579,75.77293318233295,74.15929203539822,48.75471698113208,1.0,0.2635003253090436,0.1171112556929082,2.078724788549122,0.7905009759271308,0.878334417696812,0.3126548471047495,0.2526206896551724,0.0565738618087182,0.1171112556929082,0.7026675341574495,16.541964866623292,12.26740403383214,4.772283669486011,3.776837996096292,11.76968119713728,8.49056603773585,0.7612231620039037,0.3220559531554977,0.1463890696161353,0.1171112556929082,,32.49837345478204,3.659726740403383,1.258945998698764,5.38711776187378,44.75732289144842,0.468445022771633,8.53749847535224,7.439787610388432,10.496175635399212,2.166558230318803,10.97918022121015,0.5270006506180872,16.337020169160702,6.236174365647365,10.335068314899154,8.28562134027326,3.279115159401431,5.8555627846454135,0.6733897202342225,0.1463890696161353,,1.873780091086532,1.5224463240078074,0.0585556278464541,,,,,,0.7418998048145736,0.5551073519843852,0.1399479505530254,0.659921925829538,1.6635653871177616,38.17204301075269,39.57597173144876,53.48837209302326,,,,,,,,,,,,,,0.4098893949251789,0.029277813923227,,,,61.48276444444445,49.79740666666667,5.67348991691564,7.703946929995157,45.0,3.0,2.0,1.0,42.0,35.0,10.0,0.0,2.0,1.0,0.0,0.0667,0.0444,0.0222,0.9333,0.7778,0.2222,0.0,0.0444,0.0222,0.0,high_central,Central/Mixed,season_collapsed_average_positions_v14,61.48276444444445,49.79740666666667,0.029277813923227,0.6467977695271145,0.0021715489832452,1.8132982912714448,2.218465838129462,0.029277813923227,1.8000809368900457,1.4579592062459337,0.1661073820827611,0.2255547246908146,1.317501626545218,0.0878334417696811,0.0585556278464541,0.029277813923227,1.2296681847755369,1.0247234873129474,0.2927781392322706,0.0,0.0585556278464541,0.029277813923227,0.0,1.8000809368900457,1.4579592062459337,51.24528301886792,61.17144368972747,high,F,ST,ST,F,ST,ST,ST,ST,Central Forward,Possession-adjusted spatial evidence coherent with role scores (spatial_adj).,"sources=ST,ST,ST; agreement=0.45; wide_score=19.1; central_score=31.2; adj_avg_x=61.2; spatial=ST@adj_x=61.2,y=49.8,strength=0.76; upstream_position_source=heuristic",0.86,True,arbitrated_role_group,ST,ST,Target Forward,Centre Forward,69.17,0.3834,1.0,859.0,,5.0,5.0,1.0,1.0,"aerial_duels_won_per90, aerial_duels_total_per90, duels_won_per90, fouls_drawn_per90, xg_per90",height_cm,"strength, jumping, balance, bravery, hold-up technique",ST,0.466234210579293,0.5443058150056376,0.44187056162407895,0.5198342382807638,0.5562613812333614,0.5180035693046452,0.44187056162407895,0.5198342382807638,0.9735878961991745,1.0,0.594289756701877,0.8629769959921583,Striker,ST,Central,Target Forward,Striker
909119,Hugo Duro,Hugo Duro,2025-26,La Liga,Valencia,1,La Liga,1,Valencia,37,1989.0,1999-11-10,26.0,2026-06-01,Spain,180.0,Left,F,F,attack,F,SS,3,"F, SS, ST",low,heuristic_base,10.0,0.0,36.0,14.0,16.0,8.8381,7.299,0.8391281500000001,2.0,9.0,6.0,2.0,392.0,276.0,151.0,124.0,241.0,152.0,17.0,11.0,8.0,1.0,,664.0,55.0,17.0,54.0,436.1818783546816,3.0,76.4023716436909,110.1983077948884,-33.253390593326046,12.0,199.0,,,11.0,255.0,102.0,160.0,112.0,45.0,100.0,3.0,15.0,,,22.0,38.0,5.0,,1.0,,,,,,,,,,,,,,,,,17.200000000000003,10.76,4.36,21.44,42.06000000000001,18.79738562091504,9.0,0.1699346405228758,61.680473372781066,68.9020568070519,70.40816326530613,52.26998491704374,1.0,0.4524886877828054,0.0,1.6289592760180995,0.6334841628959276,0.7239819004524887,0.3999140271493213,0.3302714932126697,0.0379695995475113,0.090497737556561,0.2714932126696832,17.737556561085974,12.48868778280543,6.832579185520362,5.610859728506787,10.904977375565611,6.877828054298643,0.7692307692307693,0.497737556561086,0.3619909502262443,0.0452488687782805,,30.04524886877828,2.48868778280543,0.7692307692307693,2.443438914027149,19.73673657713492,0.1357466063348416,3.457120888854792,4.986348768999474,-1.5046783073903187,0.5429864253393665,9.004524886877828,0.497737556561086,11.538461538461538,4.615384615384615,7.239819004524887,5.067873303167421,2.0361990950226243,4.524886877828054,0.1357466063348416,0.6787330316742082,,0.995475113122172,1.7194570135746607,0.2262443438914027,,,,,,0.7782805429864255,0.4868778280542986,0.1972850678733032,0.970135746606335,1.90316742081448,40.0,40.17857142857143,17.647058823529413,,,,,,,,,,,,,,0.4072398190045249,0.090497737556561,,0.0452488687782805,,61.930863888888894,48.67174166666667,8.859392379588789,7.243764258386066,36.0,0.0,0.0,0.0,36.0,23.0,13.0,0.0,0.0,0.0,0.0,0.0,0.0,0.0,1.0,0.6389,0.3611,0.0,0.0,0.0,0.0,high_central,Central/Mixed,season_collapsed_average_positions_v14,61.930863888888894,48.67174166666667,0.0452488687782805,0.8505604353355221,0.0076893502499038,2.7909716458271974,3.1177401270159235,0.0452488687782805,2.8023015334338863,2.2023412518853696,0.4008774832393116,0.3277721383885097,1.6289592760180995,0.0,0.0,0.0,1.6289592760180995,1.0407239819004526,0.5882352941176471,0.0,0.0,0.0,0.0,2.8023015334338863,2.2023412518853696,47.73001508295626,62.49836011814983,high,F,F,F,F,F,F,ST,ST,Central Forward,Possession-adjusted spatial evidence coherent with role scores (spatial_adj).,"sources=ST,ST,ST; agreement=0.45; wide_score=6.7; central_score=26.5; adj_avg_x=62.5; spatial=ST@adj_x=62.5,y=48.7,strength=0.76; upstream_position_source=heuristic",0.86,True,arbitrated_role_group,ST,ST,Target Forward,Centre Forward,54.21,0.0842,1.0,859.0,,5.0,5.0,1.0,1.0,"aerial_duels_won_per90, aerial_duels_total_per90, duels_won_per90, fouls_drawn_per90, xg_per90",height_cm,"strength, jumping, balance, bravery, hold-up technique",ST,0.5495154024540136,0.3911773504148651,0.5685156521878519,0.5077148530395696,0.3613761768129375,0.4567399323391061,0.5685156521878519,0.5077148530395696,0.9684560501764092,1.0,0.5939834708508455,0.8628692287282242,Penalty Box Forward,ST,Central,Target Forward,Penalty Box Forward
998490,Evanilson,Evanilson,2025-26,Premier League,Bournemouth,1,Premier League,1,Bournemouth,36,2759.0,1999-10-06,26.0,2026-06-01,Brazil,181.0,Both,F,F,attack,ST,F,3,"ST, F, SS",medium,heuristic_stats,6.0,1.0,70.0,22.0,35.0,10.587999999999996,6.7410000000000005,1.48779596,3.0,10.0,30.0,2.0,465.0,356.0,141.0,119.0,324.0,237.0,31.0,8.0,4.0,4.0,,839.0,70.0,32.0,159.0,1395.662175144162,20.0,407.8220980636551,273.360804403097,299.938276649329,39.0,243.0,,1.0,16.0,273.0,113.0,171.0,106.0,47.0,85.0,16.0,8.0,1.0,,26.0,37.0,2.0,,2.0,,,2.81,5.22,1.2,0.57,0.35,,,,,,,,,,12.94,4.32,8.48,30.66,79.92,19.97245378760421,9.0,0.0514679231605654,52.21830985915493,80.56361667569031,76.55913978494624,49.93367162015223,1.0,0.1957230880753896,0.0326205146792316,2.2834360275462124,0.7176513229430953,1.1417180137731062,0.3453860094237041,0.2198948894527002,0.0485326699528814,0.0978615440376948,0.978615440376948,15.168539325842696,11.612903225806452,4.599492569771656,3.881841246828561,10.56904675607104,7.73106197897789,1.0112359550561798,0.2609641174338528,0.1304820587169264,0.1304820587169264,,27.36861181587532,2.2834360275462124,1.0438564697354114,5.186661833997825,45.52721847153845,0.6524102935846321,13.303366736400491,8.917170132757786,9.784140956302869,1.2722000724900326,7.92678506705328,0.5219282348677057,8.905400507430228,3.686118158753172,5.578108010148605,3.45777455599855,1.5331641899238857,2.7727437477346863,0.5219282348677057,0.2609641174338528,,0.8481333816600217,1.206959043131569,0.0652410293584632,0.0916636462486408,0.1702790866255889,0.0391446176150779,0.018593693367162,0.011417180137731,0.422109459949257,0.1409206234142805,0.276621964479884,1.000144980065241,2.60703153316419,41.391941391941394,44.33962264150944,50.0,0.0326205146792316,,,,,,,,,,,,,0.326205146792316,0.0652410293584632,,0.0652410293584632,0.0326205146792316,61.90005833333333,50.16251388888889,6.310594619181528,8.402373441292909,36.0,2.0,1.0,1.0,34.0,27.0,9.0,0.0,2.0,0.0,0.0,0.0556,0.0278,0.0278,0.9444,0.75,0.25,0.0,0.0556,0.0,0.0,high_central,Central/Mixed,season_collapsed_average_positions_v14,61.90005833333333,50.16251388888889,0.0326205146792316,0.651511721958818,0.0016789101429687,1.703388143285228,2.628026640381344,0.0326205146792316,2.019211761507792,1.6363270206596594,0.205854844409691,0.2740897461820811,1.1743385284523378,0.0652410293584632,0.0326205146792316,0.0326205146792316,1.109097499093875,0.8807538963392534,0.2935846321130844,0.0,0.0652410293584632,0.0,0.0,2.019211761507792,1.6363270206596594,50.06632837984777,61.88347623837139,high,F,ST,ST,F,ST,ST,ST,ST,Central Forward,Possession-adjusted spatial evidence coherent with role scores (spatial_adj).,"sources=ST,ST,ST; agreement=0.45; wide_score=23.0; central_score=31.0; adj_avg_x=61.9; spatial=ST@adj_x=61.9,y=50.2,strength=0.76; upstream_position_source=heuristic",0.86,True,arbitrated_role_group,ST,ST,Channel Forward,Centre Forward,45.63,-0.0874,0.858,859.0,,5.0,6.0,1.0,1.0,"progressive_carries_per90, dribbles_attempted_per90, shots_total_per90, xg_per90, fouls_drawn_per90",distance_sprinting_km_per90,"work rate, acceleration, pace, stamina, channel movement",ST,0.5607457706280429,0.34750207835661584,0.5654282592427986,0.5504442956755801,0.3121877664104311,0.42519356463822233,0.5654282592427986,0.5504442956755801,0.9713371030818959,1.0,0.588056473720464,0.8607823739691601,Link Forward,ST,Central,Channel Forward,Link Forward
372344,Dominic Calvert-Lewin,Dominic Calvert-Lewin,2025-26,Premier League,Leeds United,1,Premier League,1,Leeds United,35,2726.0,1997-03-16,29.0,2026-06-01,England,187.0,Right,F,F,attack,ST,F,3,"ST, F, SS",low,heuristic_stats,14.0,1.0,74.0,34.0,32.0,15.812299999999995,14.7955,1.08945302,2.0,20.0,26.0,3.0,460.0,269.0,95.0,70.0,365.0,199.0,20.0,10.0,5.0,10.0,1.0,893.0,99.0,30.0,132.0,1222.773895288795,14.0,341.650154514704,297.52001229525894,288.83346541291115,29.0,358.0,,3.0,14.0,460.0,184.0,282.0,312.0,128.0,189.0,8.0,4.0,1.0,,45.0,38.0,3.0,,2.0,,,,,,,,,,,,,,,,,11.8,5.04,4.34,39.00000000000001,50.56,21.52274394717535,9.0,0.0440205429200293,61.69166666666667,83.95910780669145,58.47826086956522,53.56236243580337,1.0,0.4622157006603081,0.033015407190022,2.443140132061629,1.1225238444607484,1.0564930300807045,0.5220495231107849,0.4884794570799706,0.0359687350696991,0.066030814380044,0.8584005869405723,15.187087307410124,8.88114453411592,3.136463683052091,2.3110785033015406,12.050623624358034,6.57006603081438,0.6603081438004402,0.3301540719002201,0.16507703595011,0.3301540719002201,0.033015407190022,29.48275862068965,3.268525311812179,0.9904622157006604,4.358033749082906,40.370378054288906,0.4622157006603081,11.279718967836889,9.822744353108328,9.5359544707124,0.9574468085106383,11.81951577402788,0.4622157006603081,15.187087307410124,6.07483492296405,9.310344827586206,10.300807043286866,4.225972120322817,6.23991195891416,0.264123257520176,0.132061628760088,,1.4856933235509904,1.2545854732208364,0.099046221570066,,,,,,0.3895818048422597,0.1663976522377109,0.1432868672046955,1.2876008804108583,1.669258987527513,40.0,41.02564102564103,26.666666666666668,0.033015407190022,,,,,,,,,,,,,0.6603081438004402,0.099046221570066,,0.066030814380044,0.099046221570066,64.18527142857143,49.33100571428572,5.655028230728486,6.055992318548574,35.0,0.0,0.0,0.0,35.0,32.0,3.0,0.0,0.0,0.0,0.0,0.0,0.0,0.0,1.0,0.9143,0.0857,0.0,0.0,0.0,0.0,high_central,Central/Mixed,season_collapsed_average_positions_v14,64.18527142857143,49.33100571428572,0.033015407190022,0.7105821552625757,0.0014533561492306,2.036775495231108,2.771944131548874,0.033015407190022,2.119102871816372,1.6286832407504457,0.1867030597085706,0.1999410523365266,1.1555392516507703,0.0,0.0,0.0,1.1555392516507703,1.0564930300807045,0.099046221570066,0.0,0.0,0.0,0.0,2.119102871816372,1.6286832407504457,46.43763756419663,65.07586203752227,high,F,ST,ST,F,ST,ST,ST,ST,Central Forward,Possession-adjusted spatial evidence coherent with role scores (spatial_adj).,"sources=ST,ST,ST; agreement=0.45; wide_score=17.4; central_score=23.8; adj_avg_x=65.1; spatial=ST@adj_x=65.1,y=49.3,strength=0.76; upstream_position_source=heuristic",0.86,True,arbitrated_role_group,ST,ST,Target Forward,Poacher,76.49,0.5297,1.0,859.0,,5.0,5.0,1.0,1.0,"aerial_duels_won_per90, aerial_duels_total_per90, duels_won_per90, fouls_drawn_per90, xg_per90",height_cm,"strength, jumping, balance, bravery, hold-up technique",ST,0.4952479570248026,0.45423829100112917,0.4578670073607955,0.5774860462856183,0.42214847073733586,0.5248358955814744,0.4578670073607955,0.5774860462856183,0.9763501690443336,1.0,0.5846330193210293,0.8595757573698701,Penalty Box Forward,ST,Central,Target Forward,Penalty Box Forward
838640,Wilfried Kanga,Wilfried Kanga,2025-26,Pro League,KAA Gent,1,Pro League,1,KAA Gent,33,2587.0,1998-02-21,28.0,2026-06-01,Côte d'Ivoire,189.0,Right,F,F,attack,ST,F,3,"ST, F, SS",medium,heuristic_stats,12.0,4.0,80.0,33.0,32.0,12.988,12.0268,1.54876494,4.0,10.0,19.0,2.0,492.0,355.0,181.0,142.0,311.0,213.0,23.0,6.0,5.0,11.0,6.0,867.0,92.0,17.0,133.0,892.9834124610011,3.0,57.50526764408299,111.125762595386,86.61021102254486,20.0,266.0,,,15.0,273.0,138.0,139.0,147.0,78.0,82.0,8.0,3.0,,,30.0,47.0,3.0,,,,,,,,,,,,,,,,,,,5.619999999999999,0.74,1.2,34.42,40.64,12.351372245844608,7.0,0.0286045612678778,57.391891891891895,80.97760358342666,72.15447154471545,50.0985697719366,1.0,0.41747197526092,0.1391573250869733,2.7831465017394668,1.14804793196753,1.1132586006957863,0.4518438345574024,0.4184043293390027,0.0538804965597216,0.1391573250869733,0.6609972941631234,17.116350985697718,12.350212601468884,6.296868960185543,4.940085040587553,10.819482025512176,7.41012756088133,0.8001546192500967,0.20873598763046,0.1739466563587166,0.3826826439891767,0.20873598763046,30.16235021260147,3.2006184770003867,0.5914186316196366,4.626981059141863,31.06629575627758,0.10436799381523,2.0005698059402666,3.865990967755987,3.013111322778909,0.6957866254348667,9.253962118283726,0.5218399690761499,9.49748743718593,4.800927715500579,4.835717046772323,5.11403169694627,2.71356783919598,2.8527251642829534,0.2783146501739466,0.10436799381523,,1.0436799381523,1.635098569771937,0.10436799381523,,,,,,0.1955160417471975,0.02574410514109,0.0417471975260919,1.1974487823734057,1.413838422883649,50.54945054945055,53.06122448979592,47.05882352941177,,,,,,,,,,,,,,0.3478933127174333,0.0695786625434866,,,,61.63561818181818,51.00337878787879,8.55779836656509,5.618349602961573,33.0,0.0,0.0,0.0,33.0,23.0,10.0,0.0,0.0,0.0,0.0,0.0,0.0,0.0,1.0,0.697,0.303,0.0,0.0,0.0,0.0,high_central,Central/Mixed,season_collapsed_average_positions_v14,61.63561818181818,51.00337878787879,0.0347893312717433,0.4296959807213045,0.000995133557831,1.996625539339108,2.81715667665574,0.0347893312717433,2.1442619390659594,1.7743734406297218,0.2977200823312169,0.1954586255378978,1.14804793196753,0.0,0.0,0.0,1.14804793196753,0.8001546192500967,0.3478933127174333,0.0,0.0,0.0,0.0,2.1442619390659594,1.7743734406297218,49.9014302280634,61.66026062480233,high,F,ST,ST,F,ST,ST,ST,ST,Central Forward,Possession-adjusted spatial evidence coherent with role scores (spatial_adj).,"sources=ST,ST,ST; agreement=0.45; wide_score=13.9; central_score=31.7; adj_avg_x=61.7; spatial=ST@adj_x=61.7,y=51.0,strength=0.76; upstream_position_source=heuristic",0.86,True,arbitrated_role_group,ST,ST,Poacher,Centre Forward,67.09,0.3417,0.83,859.0,,4.0,5.0,2.0,2.0,"goals_per90, xg_per90, shots_on_target_per90, shots_total_per90","offsides_per90, xgot_per90","anticipation, composure, concentration, off the ball, acceleration",ST,0.48186719432264213,0.467441712249572,0.4602513237684433,0.5294221095418795,0.47186592452238685,0.45770844524937915,0.4602513237684433,0.5294221095418795,0.9792239224589151,1.0,0.581808398126724,0.8585795159627363,Penalty Box Forward,ST,Central,Poacher,Penalty Box Forward
1391315,Keisuke Goto,Keisuke Goto,2025-26,Pro League,Sint-Truidense VV,1,Pro League,1,Sint-Truidense VV,36,2786.0,2005-06-03,20.0,2026-06-01,Japan,191.0,Right,F,F,attack,ST,SS,4,"ST, SS, F, M",low,heuristic_stats,11.0,7.0,60.0,25.0,24.0,13.1093,8.515099999999999,4.290709139999999,9.0,18.0,22.0,3.0,564.0,386.0,164.0,132.0,400.0,254.0,30.0,25.0,8.0,4.0,,941.0,73.0,13.0,140.0,1086.660419603433,14.0,266.1425392014628,251.7235210274021,379.2884593392987,20.0,290.0,,,12.0,304.0,152.0,169.0,131.0,75.0,83.0,5.0,25.0,,,37.0,33.0,5.0,,1.0,,,,,,,,,,,,,,,,,34.86,14.66,10.54,26.860000000000003,34.56,14.821966977745872,42.0,0.039124192390524,64.43119266055047,81.99810785241249,68.43971631205673,45.010768126346015,1.0,0.3553481694185211,0.2261306532663316,1.938262742282843,0.8076094759511845,0.7753050969131371,0.4234877961234745,0.2750750179468772,0.1386086944005742,0.2907394113424264,0.7106963388370423,18.219669777458723,12.46949030868629,5.29791816223977,4.264178033022255,12.921751615218952,8.205312275664035,0.9691313711414212,0.8076094759511845,0.258435032304379,0.1292175161521895,,30.398420674802583,2.358219669777459,0.4199569274946159,4.522613065326633,35.10389008051291,0.4522613065326633,8.597569464512437,8.131772036061086,12.252678155253726,0.6460875807609476,9.36826992103374,0.3876525484565685,9.820531227566404,4.910265613783202,5.459440057430007,4.231873653984207,2.422828427853553,2.6812634601579326,0.1615218951902369,0.8076094759511845,,1.195262024407753,1.0660445082555636,0.1615218951902369,,,,,,1.1261306532663318,0.4735821966977746,0.3404881550610194,0.8676956209619526,1.1164393395549177,50.0,57.25190839694657,38.46153846153846,,,,,,,,,,,,,,0.5814788226848528,0.0969131371141421,,0.0323043790380473,,61.85346944444445,51.30289166666667,6.3255092978835386,7.168586460877167,36.0,2.0,1.0,1.0,34.0,26.0,10.0,0.0,2.0,0.0,0.0,0.0556,0.0278,0.0278,0.9444,0.7222,0.2778,0.0,0.0556,0.0,0.0,high_central,Central/Mixed,season_collapsed_average_positions_v14,61.85346944444445,51.30289166666667,0.0323043790380473,0.4788144393385242,0.0012638827405409,2.081409669579879,2.6488979564670223,0.0323043790380473,1.9981379217516155,1.6573080581478823,0.2043416499675228,0.2315767341991906,1.1629576453697057,0.0646087580760947,0.0323043790380473,0.0323043790380473,1.098348887293611,0.8399138549892319,0.3230437903804738,0.0,0.0646087580760947,0.0,0.0,1.9981379217516155,1.6573080581478823,54.98923187365399,60.60616147603096,high,F,ST,ST,F,ST,ST,ST,ST,Central Forward,Possession-adjusted spatial evidence coherent with role scores (spatial_adj).,"sources=ST,ST,ST; agreement=0.45; wide_score=13.0; central_score=52.2; adj_avg_x=60.6; spatial=ST@adj_x=60.6,y=51.3,strength=0.76; upstream_position_source=heuristic",0.86,True,arbitrated_role_group,ST,ST,Deep-Lying Forward,Target Forward,62.13,0.2426,0.708,859.0,,5.0,6.0,0.0,0.0,"key_passes_per90, xa_per90, assists_per90, passes_total_per90, touches_per90",,"first touch, technique, composure, decisions, vision",ST,0.5225978547332479,0.37637787417882584,0.510536017643501,0.5491338963306911,0.37436334169266,0.3808098456483908,0.510536017643501,0.5491338963306911,0.965468609475177,1.0,0.575559691464073,0.8563733874670322,Penalty Box Forward,ST,Central,Deep-Lying Forward,Penalty Box Forward
826198,Andrea Pinamonti,Andrea Pinamonti,2025-26,Serie A,Sassuolo,1,Serie A,1,Sassuolo,36,2576.0,1999-05-19,27.0,2026-06-01,Italy,185.0,Right,F,F,attack,ST,F,3,"ST, F, SS",medium,heuristic_stats,9.0,3.0,72.0,30.0,27.0,8.783800000000001,11.1799,1.0954629,4.0,14.0,13.0,2.0,468.0,341.0,206.0,177.0,262.0,164.0,17.0,11.0,7.0,11.0,2.0,778.0,43.0,19.0,75.0,600.2968510673935,7.0,150.0131363008154,82.778269690237,-5.031059532713797,31.0,230.0,,,17.0,257.0,103.0,157.0,137.0,57.0,97.0,5.0,3.0,1.0,1.0,14.0,33.0,2.0,1.0,1.0,,,,,,,,,,,,,,,,,12.08,5.9,1.4,18.26,46.900000000000006,17.64945652173913,99.0,0.0271739130434782,70.77142857142857,79.11487179487179,72.86324786324786,54.08889751552795,1.0,0.3144409937888199,0.1048136645962733,2.515527950310559,1.0481366459627328,0.9433229813664596,0.3068874223602485,0.3906020962732919,0.0382731603260869,0.139751552795031,0.4541925465838509,16.350931677018632,11.913819875776396,7.197204968944099,6.184006211180124,9.153726708074537,5.729813664596273,0.593944099378882,0.3843167701863354,0.2445652173913043,0.3843167701863354,0.0698757763975155,27.18167701863354,1.5023291925465838,0.6638198757763976,2.6203416149068324,20.973104268658936,0.2445652173913043,5.241142184422898,2.8920979317241184,-0.1757745954752491,1.083074534161491,8.035714285714286,0.593944099378882,8.979037267080745,3.5986024844720497,5.4852484472049685,4.786490683229814,1.9914596273291925,3.388975155279504,0.1746894409937888,0.1048136645962733,0.0349378881987577,0.4891304347826087,1.1529503105590062,0.0698757763975155,,,,,,0.4220496894409938,0.2061335403726708,0.0489130434782608,0.6379658385093168,1.6385869565217397,40.07782101167315,41.6058394160584,26.31578947368421,0.0349378881987577,,,,,,,,,,,,,0.4891304347826087,0.0698757763975155,0.0349378881987577,0.0349378881987577,,61.17609722222223,50.81252222222222,6.108607727296954,8.500038734839842,36.0,1.0,1.0,0.0,35.0,27.0,9.0,0.0,0.0,1.0,0.0,0.0278,0.0278,0.0,0.9722,0.75,0.25,0.0,0.0,0.0278,0.0,high_central,Central/Mixed,season_collapsed_average_positions_v14,61.17609722222223,50.81252222222222,0.0349378881987577,0.6166347387253577,0.0009493991358358,2.4726042590949424,2.7641065456282847,0.0349378881987577,2.137363645186336,1.7752822204968943,0.2134218538263687,0.2969734030029448,1.2577639751552796,0.0349378881987577,0.0349378881987577,0.0,1.2228260869565215,0.9433229813664596,0.3144409937888199,0.0,0.0,0.0349378881987577,0.0,2.137363645186336,1.7752822204968943,45.91110248447205,62.19832160110421,high,F,ST,ST,F,ST,ST,ST,ST,Central Forward,Possession-adjusted spatial evidence coherent with role scores (spatial_adj).,"sources=ST,ST,ST; agreement=0.45; wide_score=12.3; central_score=22.2; adj_avg_x=62.2; spatial=ST@adj_x=62.2,y=50.8,strength=0.76; upstream_position_source=heuristic",0.86,True,arbitrated_role_group,ST,ST,Poacher,Centre Forward,50.46,0.0092,0.83,859.0,,4.0,5.0,2.0,2.0,"goals_per90, xg_per90, shots_on_target_per90, shots_total_per90","offsides_per90, xgot_per90","anticipation, composure, concentration, off the ball, acceleration",ST,0.4454945279501749,0.4876009563614651,0.426265170291915,0.4877991147983467,0.4579067174836567,0.5529282818926436,0.426265170291915,0.4877991147983467,0.9809115993108943,1.0,0.5688856077540376,0.854013693152834,Striker,ST,Central,Poacher,Striker
605672,Gorka Guruzeta,Gorka Guruzeta,2025-26,La Liga,Athletic Club,1,La Liga,1,Athletic Club,37,2371.0,1996-09-12,29.0,2026-06-01,Spain,188.0,Right,F,F,attack,ST,F,4,"ST, F, SS, AM",low,heuristic_stats,10.0,3.0,84.0,32.0,33.0,10.4574,8.689,1.87121977,7.0,10.0,11.0,2.0,522.0,351.0,141.0,112.0,381.0,239.0,26.0,28.0,16.0,7.0,1.0,921.0,72.0,34.0,109.0,794.4106657436034,6.0,96.9372665549814,108.9285376368918,4.798234824050308,15.0,292.0,,,20.0,345.0,134.0,217.0,183.0,78.0,113.0,7.0,18.0,,,49.0,30.0,6.0,,,,,,,,,,,,,,,,,,,18.72,5.12,12.74,19.8,59.4,21.43947701391818,11.0,0.0822437789962041,58.64615384615384,69.4594017094017,67.24137931034483,50.91311682834248,1.0,0.3795866722901729,0.1138760016870518,3.1885280472374524,1.2146773513285534,1.252636018557571,0.3969489666807254,0.3298228595529312,0.0710290085617882,0.265710670603121,0.4175453395191902,19.814424293547027,13.32349219738507,5.352172079291438,4.251370729649937,14.462252214255589,9.072121467735132,0.9869253479544496,1.062842682412484,0.6073386756642767,0.265710670603121,0.0379586672290172,34.959932517924926,2.733024040489245,1.290594685786588,4.137494727962885,30.15477010414353,0.2277520033741037,3.679609443251086,4.134782111902261,0.1821345989728079,0.5693800084352594,11.083930830873047,0.7591733445803458,13.095740194010968,5.086461408688317,8.237030788696753,6.946436102910164,2.9607760438633486,4.289329396878954,0.265710670603121,0.6832560101223113,,1.859974694221848,1.1387600168705188,0.2277520033741037,,,,,,0.7105862505272038,0.1943483762125685,0.4835934204976803,0.7515816111345424,2.254744833403627,38.84057971014493,42.62295081967213,20.58823529411765,,,,,,,,,,,,,,0.3795866722901729,0.0759173344580345,,,,63.95563823529412,50.22980588235294,5.360624292228767,7.165801837767088,34.0,0.0,0.0,0.0,34.0,30.0,4.0,0.0,0.0,0.0,0.0,0.0,0.0,0.0,1.0,0.8824,0.1176,0.0,0.0,0.0,0.0,high_central,Central/Mixed,season_collapsed_average_positions_v14,63.95563823529412,50.22980588235294,0.0379586672290172,0.8138139735354855,0.0031218642385737,2.2261298381079064,2.636586315413814,0.0379586672290172,2.4276707891929443,1.9066564864663704,0.2034821536484981,0.2720042873888814,1.290594685786588,0.0,0.0,0.0,1.290594685786588,1.1387600168705188,0.1518346689160691,0.0,0.0,0.0,0.0,2.4276707891929443,1.9066564864663704,49.08688317165752,64.18391744237974,high,F,ST,ST,F,ST,ST,ST,ST,Central Forward,Possession-adjusted spatial evidence coherent with role scores (spatial_adj).,"sources=ST,ST,ST; agreement=0.45; wide_score=12.6; central_score=45.8; adj_avg_x=64.2; spatial=ST@adj_x=64.2,y=50.2,strength=0.76; upstream_position_source=heuristic",0.86,True,arbitrated_role_group,ST,ST,Poacher,Centre Forward,63.98,0.2796,0.83,859.0,,4.0,5.0,2.0,2.0,"goals_per90, xg_per90, shots_on_target_per90, shots_total_per90","offsides_per90, xgot_per90","anticipation, composure, concentration, off the ball, acceleration",ST,0.45136474968051077,0.47376495701342763,0.40967520959557174,0.5430817378673768,0.4473554153673911,0.5318659486347079,0.40967520959557174,0.5430817378673768,0.981290527721876,1.0,0.5681246962198168,0.8537444417674833,Penalty Box Forward,ST,Central,Poacher,Penalty Box Forward
804508,Viktor Gyökeres,Viktor Gyökeres,2025-26,Premier League,Arsenal,1,Premier League,1,Arsenal,36,2254.0,1998-06-04,27.0,2026-06-01,Sweden,187.0,Right,F,F,attack,ST,F,3,"ST, F, SS",low,heuristic_stats,14.0,1.0,55.0,22.0,19.0,12.383,9.0631,1.93781326,4.0,13.0,4.0,1.0,319.0,199.0,52.0,35.0,267.0,164.0,20.0,3.0,1.0,8.0,3.0,652.0,82.0,37.0,106.0,969.331848482504,20.0,335.574204588148,166.43993380471042,259.1997194322225,25.0,270.0,,,15.0,209.0,74.0,160.0,68.0,30.0,67.0,7.0,8.0,1.0,,35.0,31.0,5.0,,,,,1.54,4.22,1.13,0.42,0.37,,,,,,,,,,5.579999999999999,4.16,1.0,16.979999999999997,48.20000000000001,18.325643300798585,14.0,0.1202307009760425,57.5719557195572,69.35826408125577,62.38244514106583,43.58074534161491,1.0,0.5590062111801242,0.0399290150842945,2.196095829636202,0.878438331854481,0.7586512866015972,0.4944409937888199,0.3618806566104703,0.077374974889086,0.1597160603371783,0.1597160603371783,12.737355811889971,7.945874001774623,2.0763087843833183,1.3975155279503106,10.661047027506656,6.548358473824313,0.7985803016858918,0.1197870452528837,0.0399290150842945,0.3194321206743567,0.1197870452528837,26.033717834960072,3.2741792369121563,1.4773735581188998,4.232475598935226,38.70446599974506,0.7985803016858918,13.39914747690032,6.645782627517275,10.349589507054135,0.9982253771073648,10.78083407275954,0.5989352262644189,8.345164152617569,2.9547471162378,6.388642413487134,2.715173025732032,1.1978704525288375,2.675244010647737,0.2795031055900621,0.3194321206743567,,1.3975155279503106,1.2377994676131323,0.1996450754214729,0.0614906832298136,0.1685004436557231,0.0451197870452528,0.0167701863354037,0.0147737355811889,0.2228039041703637,0.1661047027506655,0.0399290150842945,0.677994676131322,1.924578527063,35.4066985645933,44.11764705882353,18.91891891891892,0.0399290150842945,,,,,,,,,,,,,0.5190771960958296,0.0399290150842945,,,,68.14699444444445,51.36251388888889,6.673091786868232,8.357076182840597,36.0,1.0,1.0,0.0,35.0,35.0,1.0,0.0,1.0,0.0,0.0,0.0278,0.0278,0.0,0.9722,0.9722,0.0278,0.0,0.0278,0.0,0.0,high_central,Central/Mixed,season_collapsed_average_positions_v14,68.14699444444445,51.36251388888889,0.0399290150842945,0.7317248877869887,0.0048006934728677,2.2987914883585394,2.769407172720949,0.0399290150842945,2.721042369121562,2.050854591836735,0.2664499826167439,0.3336898209652412,1.4374445430346052,0.0399290150842945,0.0399290150842945,0.0,1.3975155279503106,1.3975155279503106,0.0399290150842945,0.0,0.0399290150842945,0.0,0.0,2.721042369121562,2.050854591836735,56.41925465838509,66.54218077984817,high,F,ST,ST,F,ST,ST,ST,ST,Central Forward,Possession-adjusted spatial evidence coherent with role scores (spatial_adj).,"sources=ST,ST,ST; agreement=0.45; wide_score=29.8; central_score=29.5; adj_avg_x=66.5; spatial=ST@adj_x=66.5,y=51.4,strength=0.76; upstream_position_source=heuristic",0.86,True,arbitrated_role_group,ST,ST,Poacher,Centre Forward,62.14,0.2427,0.83,859.0,,4.0,5.0,2.0,2.0,"goals_per90, xg_per90, shots_on_target_per90, shots_total_per90","offsides_per90, xgot_per90","anticipation, composure, concentration, off the ball, acceleration",ST,0.6132592701825845,0.18105291813707589,0.6135968598704132,0.6125165728693613,0.150438127335462,0.2484054579006264,0.6135968598704132,0.6125165728693613,0.9538032311453227,1.0,0.5664060544228686,0.8531361256118584,Penalty Box Forward,ST,Central,Poacher,Penalty Box Forward
1096136,Daniel Jebbison,Daniel Jebbison,2025-26,Championship,Preston North End,1,Championship,1,Preston North End,37,1990.0,2003-07-11,22.0,2026-06-01,Canada,190.0,Right,F,F,attack,ST,F,3,"ST, F, SS",low,heuristic_stats,6.0,2.0,41.0,13.0,18.0,6.724,5.996100000000001,2.3001121200000005,6.0,7.0,11.0,,324.0,227.0,66.0,45.0,258.0,182.0,26.0,10.0,4.0,5.0,1.0,728.0,91.0,37.0,139.0,1248.6264542335057,18.0,372.292506262266,318.16261005424604,339.9598205925572,50.0,271.0,,,11.0,315.0,110.0,223.0,132.0,50.0,110.0,12.0,10.0,,1.0,33.0,29.0,2.0,,,,,,,,,,,,,,,,,,,21.0,10.72,9.84,43.12,55.08,25.815075376884423,9.0,0.1839195979899497,61.75136612021858,73.12629246676514,70.06172839506173,54.095979899497486,1.0,0.271356783919598,0.0904522613065326,1.8542713567839195,0.5879396984924623,0.8140703517587939,0.3041005025125628,0.2711804020100503,0.1040251712562814,0.271356783919598,0.4974874371859296,14.653266331658292,10.266331658291458,2.9849246231155777,2.0351758793969847,11.668341708542714,8.231155778894472,1.1758793969849246,0.4522613065326633,0.1809045226130653,0.2261306532663316,0.0452261306532663,32.92462311557789,4.115577889447236,1.6733668341708543,6.28643216080402,56.4705431562892,0.8140703517587939,16.837349529449217,14.38926377129756,15.375067262979975,2.2613065326633164,12.256281407035177,0.4974874371859296,14.246231155778894,4.974874371859296,10.085427135678392,5.969849246231155,2.2613065326633164,4.974874371859296,0.542713567839196,0.4522613065326633,0.0452261306532663,1.4924623115577889,1.3115577889447236,0.0904522613065326,,,,,,0.9497487437185927,0.4848241206030151,0.4450251256281407,1.950150753768844,2.4910552763819096,34.92063492063492,37.87878787878788,32.432432432432435,,,,,,,,,,,,,,0.3165829145728643,,,,,60.917002702702696,50.67721081081081,6.672129737967501,9.081042257906295,37.0,2.0,1.0,1.0,35.0,29.0,8.0,0.0,1.0,1.0,0.0,0.0541,0.027,0.027,0.9459,0.7838,0.2162,0.0,0.027,0.027,0.0,high_central,Central/Mixed,season_collapsed_average_positions_v14,60.917002702702696,50.67721081081081,0.0452261306532663,1.1675159718188934,0.0083179717683896,2.7927753521706893,3.3072192572908854,0.0452261306532663,2.7550403232378105,2.2919341572728507,0.3017546112648618,0.4107004036239029,1.6733668341708543,0.0904522613065326,0.0452261306532663,0.0452261306532663,1.5829145728643217,1.3115577889447236,0.3618090452261306,0.0,0.0452261306532663,0.0452261306532663,0.0,2.7550403232378105,2.2919341572728507,45.904020100502514,61.940997677577066,high,F,ST,ST,F,ST,ST,ST,ST,Central Forward,Possession-adjusted spatial evidence coherent with role scores (spatial_adj).,"sources=ST,ST,ST; agreement=0.45; wide_score=28.4; central_score=44.6; adj_avg_x=61.9; spatial=ST@adj_x=61.9,y=50.7,strength=0.76; upstream_position_source=heuristic",0.86,True,arbitrated_role_group,ST,ST,False Nine,Target Forward,57.8,0.1559,0.708,859.0,,5.0,6.0,0.0,0.0,"key_passes_per90, xa_per90, passes_total_per90, dribbles_attempted_per90, progressive_carries_per90",,"first touch, technique, composure, decisions, vision, off-ball movement",ST,0.5289591868381757,0.3049594789832071,0.5635100872587052,0.45294720591301035,0.30861640077253993,0.2969142510466749,0.5635100872587052,0.45294720591301035,0.978235708110711,1.0,0.5608267591657656,0.8511597124531839,Link Forward,ST,Central,False Nine,Link Forward
1165838,Mihailo Ivanović,Mihailo Ivanović,2025-26,Championship,Millwall,1,Championship,1,Millwall,43,2914.0,2004-11-29,21.0,2026-06-01,Serbia,189.0,Both,F,F,attack,ST,F,3,"ST, F, SS",low,heuristic_base,9.0,2.0,76.0,33.0,28.0,11.825399999999998,10.5282,2.02401984,6.0,13.0,23.0,3.0,560.0,288.0,98.0,62.0,462.0,226.0,31.0,28.0,7.0,14.0,1.0,969.0,79.0,36.0,104.0,880.5160767106458,8.0,185.6507260491741,178.0659665197572,72.6951479702567,26.0,419.0,,1.0,18.0,513.0,194.0,335.0,378.0,151.0,248.0,15.0,7.0,,,35.0,15.0,2.0,,,,,,,,,,,,,,,,,,,13.82,9.8,8.059999999999999,44.91999999999999,66.64,21.40219629375429,9.0,0.1245710363761153,48.02203856749311,75.92410119840213,51.42857142857143,52.26733013040494,1.0,0.2779684282772821,0.061770761839396,2.347288949897049,1.0192175703500344,0.8647906657515443,0.3652319835277968,0.3251674673987645,0.0625126237474262,0.185312285518188,0.7103637611530542,17.295813315030884,8.894989704873026,3.0267673301304048,1.9148936170212767,14.26904598490048,6.98009608785175,0.9574468085106383,0.8647906657515443,0.216197666437886,0.4323953328757721,0.030885380919698,29.927934111187373,2.4399450926561426,1.1118737131091283,3.212079615648593,27.195074435126333,0.247083047357584,5.733893392047244,5.499635204796895,2.2452173360751897,0.8030199039121483,12.940974605353466,0.5559368565545642,15.84420041180508,5.991763898421413,10.346602608098832,11.674673987645848,4.6636925188744,7.659574468085107,0.4632807137954701,0.216197666437886,,1.0809883321894302,0.4632807137954701,0.061770761839396,,,,,,0.4268359643102264,0.3026767330130405,0.2489361702127659,1.3873713109128345,2.058201784488676,37.81676413255361,39.94708994708995,41.66666666666666,,,,,,,,,,,,,,0.4015099519560741,0.092656142759094,,,0.030885380919698,63.61274651162791,44.634239534883726,6.1857877189166,8.171890593519187,43.0,2.0,2.0,0.0,41.0,37.0,6.0,0.0,1.0,1.0,0.0,0.0465,0.0465,0.0,0.9535,0.8605,0.1395,0.0,0.0233,0.0233,0.0,high_central,Central/Mixed,season_collapsed_average_positions_v14,63.61274651162791,44.634239534883726,0.030885380919698,0.6610149850507502,0.0038474239100378,1.4831789536974536,2.34494478649835,0.030885380919698,1.9647039073598187,1.3785454900959284,0.191050409987129,0.2523919538149371,1.3280713795470145,0.061770761839396,0.061770761839396,0.0,1.2663006177076184,1.1427590940288264,0.185312285518188,0.0,0.030885380919698,0.030885380919698,0.0,1.9647039073598187,1.3785454900959284,47.73266986959506,64.17957904422914,high,F,ST,ST,F,ST,ST,ST,ST,Central Forward,Possession-adjusted spatial evidence coherent with role scores (spatial_adj).,"sources=ST,ST,ST; agreement=0.45; wide_score=14.2; central_score=39.8; adj_avg_x=64.2; spatial=ST@adj_x=64.2,y=44.6,strength=0.76; upstream_position_source=heuristic",0.86,True,arbitrated_role_group,ST,ST,Target Forward,Centre Forward,68.63,0.3726,1.0,859.0,,5.0,5.0,1.0,1.0,"aerial_duels_won_per90, aerial_duels_total_per90, duels_won_per90, fouls_drawn_per90, xg_per90",height_cm,"strength, jumping, balance, bravery, hold-up technique",ST,0.3992619730165188,0.5391795515773368,0.35403166144607123,0.4987686584715033,0.517498206598119,0.5868785105316158,0.35403166144607123,0.4987686584715033,0.9687482922884124,1.0,0.5576252524799359,0.8500244921906034,Penalty Box Forward,ST,Central,Target Forward,Penalty Box Forward
157023,Cassiano,Cassiano,2025-26,Liga Portugal Betclic,Casa Pia,1,Liga Portugal Betclic,1,Casa Pia,31,1883.0,1989-06-16,36.0,2026-06-01,Brazil,184.0,Right,F,F,attack,F,ST,3,"F, ST, SS",low,heuristic_base,6.0,0.0,29.0,12.0,14.0,7.558,4.230700000000001,0.82648125,1.0,8.0,9.0,,280.0,154.0,64.0,50.0,216.0,104.0,10.0,13.0,5.0,4.0,1.0,565.0,47.0,13.0,65.0,654.8820052863446,10.0,194.14950755475263,126.69335426857398,122.2769208580089,19.0,208.0,,,6.0,343.0,147.0,203.0,173.0,74.0,121.0,4.0,8.0,,,51.0,53.0,5.0,1.0,1.0,,,,,,,,,,,,,,,,,25.1,13.279999999999998,3.3600000000000003,25.64,53.53999999999999,17.296866702071164,90.0,0.1019649495485926,61.703125,71.03193430656934,55.0,59.33191715347849,1.0,0.2867764206054169,0.0,1.3860860329261817,0.5735528412108338,0.6691449814126395,0.3612426978226234,0.2022108337758895,0.0395025557620817,0.0477960701009028,0.4301646309081253,13.382899628252789,7.360594795539034,3.0589484864577803,2.389803505045141,10.323951141795009,4.970791290493893,0.4779607010090281,0.6213489113117366,0.238980350504514,0.1911842804036112,0.0477960701009028,27.00477960701009,2.246415294742432,0.6213489113117366,3.106744556558683,31.300786232485933,0.4779607010090281,9.279583473142718,6.055444441939277,5.8443562810519385,0.9081253319171536,9.941582580987786,0.2867764206054169,16.394052044609666,7.026022304832714,9.702602230483272,8.268720127456186,3.5369091874668084,5.783324482209241,0.1911842804036112,0.3823685608072225,,2.437599575146044,2.5331917153478494,0.238980350504514,,,,,,1.1996813595326608,0.6347318109399893,0.1605947955390334,1.225491237387148,2.5590015932023364,42.85714285714285,42.77456647398844,30.76923076923077,,,,,,,,,,,,,,0.3823685608072225,,0.0477960701009028,0.0477960701009028,,59.00349677419355,49.1051,7.456502509554278,5.410946780185516,31.0,0.0,0.0,0.0,31.0,20.0,11.0,0.0,0.0,0.0,0.0,0.0,0.0,0.0,1.0,0.6452,0.3548,0.0,0.0,0.0,0.0,high_central,Central/Mixed,season_collapsed_average_positions_v14,59.00349677419355,49.1051,0.0477960701009028,0.8267222534181651,0.0048735238764595,2.9491668879447688,3.395047311519512,0.0477960701009028,2.820135268017748,2.347030801911843,0.3563915166542141,0.2586219916180013,1.481678173127987,0.0,0.0,0.0,1.481678173127987,0.9559214020180564,0.5257567711099309,0.0,0.0,0.0,0.0,2.820135268017748,2.347030801911843,40.66808284652151,61.33647606256317,high,F,F,F,F,F,F,ST,ST,Central Forward,Possession-adjusted spatial evidence coherent with role scores (spatial_adj).,"sources=ST,ST,ST; agreement=0.45; wide_score=13.6; central_score=18.2; adj_avg_x=61.3; spatial=ST@adj_x=61.3,y=49.1,strength=0.76; upstream_position_source=heuristic",0.86,True,arbitrated_role_group,ST,ST,Target Forward,Centre Forward,77.51,0.5502,1.0,859.0,,5.0,5.0,1.0,1.0,"aerial_duels_won_per90, aerial_duels_total_per90, duels_won_per90, fouls_drawn_per90, xg_per90",height_cm,"strength, jumping, balance, bravery, hold-up technique",ST,0.4716664602866831,0.3964622263356148,0.4794499538382316,0.4545427744732764,0.3745800765746425,0.4446029558097539,0.4794499538382316,0.4545427744732764,0.9702036578875624,1.0,0.5555409816060083,0.8492849929643363,Penalty Box Forward,ST,Central,Target Forward,Penalty Box Forward
374384,Colby Bishop,Colby Bishop,2025-26,Championship,Portsmouth,1,Championship,1,Portsmouth,41,3310.0,1996-11-04,29.0,2026-06-01,England,180.0,Right,F,F,attack,F,ST,4,"F, ST, SS, M",low,heuristic_base,3.0,1.0,56.0,17.0,26.0,8.9209,6.1271,1.83317106,2.0,12.0,15.0,1.0,682.0,402.0,130.0,100.0,552.0,302.0,19.0,20.0,5.0,6.0,1.0,1146.0,99.0,20.0,126.0,860.995232467498,2.0,51.820946694493,56.082811645056,54.914709638371534,30.0,432.0,,,17.0,606.0,271.0,335.0,444.0,205.0,239.0,10.0,14.0,,,43.0,37.0,3.0,,,1.0,,,,,,,,,,,,,,,,20.94,10.84,4.12,59.720000000000006,54.14,21.876132930513595,9.0,0.048036253776435,53.15094339622642,78.35120147874306,58.94428152492669,50.00271903323263,1.0,0.0815709969788519,0.0271903323262839,1.5226586102719033,0.4622356495468278,0.7069486404833837,0.2425622356495468,0.1665978851963746,0.0498445303323262,0.0543806646525679,0.4078549848942598,18.54380664652568,10.930513595166165,3.5347432024169185,2.719033232628399,15.009063444108762,8.211480362537765,0.5166163141993958,0.5438066465256798,0.1359516616314199,0.1631419939577039,0.0271903323262839,31.16012084592145,2.691842900302115,0.5438066465256798,3.4259818731117826,23.41074650213741,0.0543806646525679,1.4090287620859123,1.5249102864214623,1.4931492046687125,0.8157099697885196,11.746223564954684,0.4622356495468278,16.477341389728096,7.36858006042296,9.108761329305135,12.072507552870093,5.574018126888218,6.498489425981873,0.2719033232628399,0.3806646525679758,,1.1691842900302114,1.0060422960725075,0.0815709969788519,,,,,,0.5693655589123867,0.2947432024169184,0.11202416918429,1.6238066465256795,1.4720845921450152,44.71947194719472,46.17117117117117,50.0,,,,,,,,,,,,,0.0271903323262839,0.3262839879154078,0.0271903323262839,,,,64.55361219512196,51.353709756097565,5.683491105394426,8.158096459861358,41.0,2.0,1.0,1.0,39.0,35.0,6.0,0.0,2.0,0.0,0.0,0.0488,0.0244,0.0244,0.9512,0.8537,0.1463,0.0,0.0488,0.0,0.0,high_central,Central/Mixed,season_collapsed_average_positions_v14,64.55361219512196,51.353709756097565,0.0271903323262839,0.5948193243946295,0.0013061217038909,1.4451918143989055,2.130395206370657,0.0271903323262839,1.7552341684474249,1.3963244344558252,0.1545360119291535,0.2218213538935112,1.1148036253776434,0.0543806646525679,0.0271903323262839,0.0271903323262839,1.0604229607250757,0.9516616314199396,0.1631419939577039,0.0,0.0543806646525679,0.0,0.0,1.7552341684474249,1.3963244344558252,49.99728096676737,64.55429195343011,high,F,F,F,F,F,F,ST,ST,Central Forward,Possession-adjusted spatial evidence coherent with role scores (spatial_adj).,"sources=ST,ST,ST; agreement=0.45; wide_score=4.0; central_score=31.1; adj_avg_x=64.6; spatial=ST@adj_x=64.6,y=51.4,strength=0.76; upstream_position_source=heuristic",0.86,True,arbitrated_role_group,ST,ST,Target Forward,Deep-Lying Forward,70.2,0.4039,1.0,859.0,,5.0,5.0,1.0,1.0,"aerial_duels_won_per90, aerial_duels_total_per90, duels_won_per90, fouls_drawn_per90, xg_per90",height_cm,"strength, jumping, balance, bravery, hold-up technique",ST,0.39795539287147214,0.503986625251325,0.3577837014761268,0.4863331139412317,0.47062772014026094,0.5773762164956657,0.3577837014761268,0.4863331139412317,0.9701480186926961,1.0,0.547375371086592,0.8463844872048567,Striker,ST,Central,Target Forward,Striker
796943,Tobias Lauritsen,Tobias Lauritsen,2025-26,VriendenLoterij Eredivisie,Sparta Rotterdam,1,VriendenLoterij Eredivisie,1,Sparta Rotterdam,34,3042.0,1997-08-30,28.0,2026-06-01,Norway,192.0,Right,F,F,attack,ST,F,3,"ST, F, SS",low,heuristic_stats,12.0,5.0,73.0,27.0,34.0,10.811699999999998,11.1514,3.47113797,9.0,6.0,7.0,1.0,742.0,435.0,189.0,138.0,553.0,297.0,49.0,15.0,8.0,4.0,,1131.0,57.0,20.0,129.0,840.5353168837196,5.0,108.94738068917,130.34341570894497,131.09695146817864,19.0,404.0,,,13.0,532.0,320.0,212.0,376.0,237.0,144.0,9.0,10.0,,,29.0,56.0,4.0,,,,,,,,,,,,,,,,,,,19.22,13.9,8.940000000000001,50.32000000000001,67.06,17.425049309664693,9.0,0.0,,85.90350877192982,58.62533692722372,52.90039447731756,1.0,0.3550295857988165,0.1479289940828402,2.159763313609468,0.7988165680473372,1.0059171597633136,0.3198727810650887,0.3299230769230769,0.1026963896449704,0.2662721893491124,0.2071005917159763,21.952662721893493,12.8698224852071,5.591715976331361,4.082840236686391,16.36094674556213,8.78698224852071,1.4497041420118344,0.4437869822485207,0.2366863905325443,0.1183431952662721,,33.46153846153846,1.6863905325443789,0.591715976331361,3.8165680473372783,24.867908783542,0.1479289940828402,3.2232952866618345,3.856314074229141,3.878608031602919,0.5621301775147929,11.95266272189349,0.3846153846153846,15.7396449704142,9.467455621301776,6.272189349112426,11.124260355029586,7.011834319526627,4.260355029585799,0.2662721893491124,0.2958579881656805,,0.8579881656804734,1.656804733727811,0.1183431952662721,,,,,,0.568639053254438,0.4112426035502958,0.2644970414201184,1.4887573964497045,1.984023668639053,60.15037593984962,63.03191489361702,45.0,,,,,,,,,,,,,,0.1775147928994082,0.029585798816568,,,,61.77709411764705,50.36441764705882,5.334384262836782,4.090773815104644,34.0,0.0,0.0,0.0,34.0,25.0,9.0,0.0,0.0,0.0,0.0,0.0,0.0,0.0,1.0,0.7353,0.2647,0.0,0.0,0.0,0.0,high_central,Central/Mixed,season_collapsed_average_positions_v14,61.77709411764705,50.36441764705882,0.029585798816568,0.5155340032445176,0.0,,2.5415239281636044,0.029585798816568,1.827724678036895,1.4900715280194918,0.1578220196105556,0.1210288110977705,1.0059171597633136,0.0,0.0,0.0,1.0059171597633136,0.7396449704142012,0.2662721893491124,0.0,0.0,0.0,0.0,1.827724678036895,1.4900715280194918,47.09960552268244,62.50219273697644,high,F,ST,ST,F,ST,ST,ST,ST,Central Forward,Possession-adjusted spatial evidence coherent with role scores (spatial_adj).,"sources=ST,ST,ST; agreement=0.45; wide_score=6.3; central_score=63.5; adj_avg_x=62.5; spatial=ST@adj_x=62.5,y=50.4,strength=0.76; upstream_position_source=heuristic",0.86,True,arbitrated_role_group,ST,ST,Target Forward,Deep-Lying Forward,83.63,0.6725,1.0,859.0,,5.0,5.0,1.0,1.0,"aerial_duels_won_per90, aerial_duels_total_per90, duels_won_per90, fouls_drawn_per90, xg_per90",height_cm,"strength, jumping, balance, bravery, hold-up technique",ST,0.5132779660329164,0.2535576441560695,0.42683293114097776,0.7034570427951817,0.20770280194030363,0.3544382970307546,0.42683293114097776,0.7034570427951817,0.9873210227689803,1.0,0.5397568551384416,0.8436734803464253,Link Forward,ST,Central,Target Forward,Link Forward
313264,Henk Veerman,Henk Veerman,2025-26,VriendenLoterij Eredivisie,FC Volendam,1,VriendenLoterij Eredivisie,1,FC Volendam,24,1696.0,1991-02-26,35.0,2026-06-01,Netherlands,201.0,Right,F,F,attack,F,ST,3,"F, ST, SS",low,heuristic_base,4.0,1.0,44.0,14.0,22.0,6.217,5.1711,0.93078239,2.0,9.0,14.0,1.0,243.0,156.0,80.0,70.0,163.0,86.0,9.0,16.0,10.0,3.0,,401.0,28.0,10.0,29.0,222.0168912063782,1.0,13.583351022483,61.34958345914,38.68159720963929,6.0,129.0,,1.0,10.0,109.0,53.0,68.0,69.0,40.0,45.0,6.0,1.0,,,12.0,3.0,1.0,,,,,,,,,,,,,,,,,,,4.220000000000001,3.3600000000000003,1.16,28.58,22.28,12.037735849056604,9.0,0.0512971698113207,65.55172413793103,68.39697542533081,64.19753086419753,55.62912735849056,1.0,0.2122641509433962,0.053066037735849,2.3349056603773586,0.7429245283018868,1.1674528301886793,0.3299115566037736,0.274409787735849,0.0493929334316037,0.1061320754716981,0.7429245283018868,12.89504716981132,8.278301886792454,4.245283018867925,3.714622641509434,8.649764150943396,4.563679245283019,0.4775943396226415,0.8490566037735849,0.5306603773584906,0.1591981132075471,,21.27948113207547,1.4858490566037736,0.5306603773584906,1.5389150943396226,11.78155672675356,0.053066037735849,0.7208146179383668,3.2555793109213447,2.0526790972096323,0.3183962264150943,6.845518867924528,0.5306603773584906,5.784198113207547,2.8125,3.608490566037736,3.661556603773585,2.1226415094339623,2.3879716981132075,0.3183962264150943,0.053066037735849,,0.6367924528301887,0.1591981132075471,0.053066037735849,,,,,,0.223938679245283,0.1783018867924528,0.0615566037735849,1.5166273584905658,1.182311320754717,48.62385321100918,57.971014492753625,60.0,,,,,,,,,,,,,,0.4775943396226415,0.053066037735849,,,0.053066037735849,63.36495833333333,48.603658333333335,7.568523121794961,5.622805451553032,24.0,0.0,0.0,0.0,24.0,18.0,6.0,0.0,0.0,0.0,0.0,0.0,0.0,0.0,1.0,0.75,0.25,0.0,0.0,0.0,0.0,high_central,Central/Mixed,season_collapsed_average_positions_v14,63.36495833333333,48.603658333333335,0.053066037735849,0.6387949448202207,0.0027221375489498,3.478570266753416,3.629556478938545,0.053066037735849,3.36252727004717,2.579203567216981,0.4016315335858175,0.298380006273451,1.2735849056603774,0.0,0.0,0.0,1.2735849056603774,0.9551886792452832,0.3183962264150943,0.0,0.0,0.0,0.0,3.36252727004717,2.579203567216981,44.37087264150944,64.77224017295597,high,F,F,F,F,F,F,ST,ST,Central Forward,Possession-adjusted spatial evidence coherent with role scores (spatial_adj).,"sources=ST,ST,ST; agreement=0.45; wide_score=4.5; central_score=17.9; adj_avg_x=64.8; spatial=ST@adj_x=64.8,y=48.6,strength=0.76; upstream_position_source=heuristic",0.86,True,arbitrated_role_group,ST,ST,Centre Forward,Poacher,39.06,-0.2188,0.858,859.0,,5.0,6.0,2.0,2.0,"goals_per90, xg_per90, shots_total_per90, aerial_duels_won_per90, key_passes_per90","height_cm, fouls_drawn_per90","finishing technique, first touch, composure, off the ball, strength",ST,0.47986674098310433,0.3010563795009728,0.49154999607841154,0.45416357977342847,0.31830918238133465,0.2631002131641768,0.49154999607841154,0.45416357977342847,0.9913137663378524,1.0,0.5362853907977553,0.8424366224487723,Striker,ST,Central,Centre Forward,Striker
946381,Akor Adams,Akor Adams,2025-26,La Liga,Sevilla,1,La Liga,1,Sevilla,33,2070.0,2000-01-29,26.0,2026-06-01,Nigeria,190.0,Right,F,F,attack,ST,F,2,"ST, F",low,heuristic_base,10.0,3.0,61.0,30.0,18.0,9.9982,9.8993,1.13599646,1.0,9.0,41.0,,357.0,228.0,108.0,84.0,249.0,144.0,13.0,19.0,7.0,18.0,1.0,664.0,56.0,28.0,111.0,1131.4678647044382,25.0,419.065434961524,255.3224138620836,283.4398329540033,33.0,255.0,,,14.0,217.0,92.0,154.0,103.0,56.0,74.0,16.0,3.0,,1.0,36.0,12.0,3.0,,,,,,,,,,,,,,,,,,,8.06,3.68,0.86,24.660000000000004,47.26,20.568115942028985,9.0,0.1347826086956521,59.53405017921147,78.95103578154426,63.8655462184874,48.41497584541063,1.0,0.4347826086956521,0.1304347826086956,2.652173913043478,1.3043478260869563,0.782608695652174,0.4347043478260869,0.4304043478260869,0.0493911504347826,0.0434782608695652,1.7826086956521738,15.521739130434783,9.91304347826087,4.695652173913044,3.652173913043478,10.826086956521738,6.260869565217392,0.5652173913043478,0.8260869565217391,0.3043478260869565,0.782608695652174,0.0434782608695652,28.869565217391305,2.4347826086956523,1.2173913043478262,4.826086956521739,49.194254987149485,1.0869565217391304,18.22023630267496,11.100974515742765,12.323470998000143,1.434782608695652,11.08695652173913,0.6086956521739131,9.434782608695652,4.0,6.695652173913044,4.478260869565218,2.4347826086956523,3.217391304347826,0.6956521739130435,0.1304347826086956,0.0434782608695652,1.565217391304348,0.5217391304347826,0.1304347826086956,,,,,,0.3504347826086957,0.16,0.037391304347826,1.0721739130434784,2.054782608695652,42.3963133640553,54.36893203883495,57.142857142857146,,,,,,,,,,,,,,0.391304347826087,,,,,64.23154062500001,50.010125,5.851019356618316,9.046072933207162,32.0,1.0,1.0,0.0,31.0,29.0,3.0,0.0,1.0,0.0,0.0,0.0312,0.0312,0.0,0.9688,0.9062,0.0938,0.0,0.0312,0.0,0.0,high_central,Central/Mixed,season_collapsed_average_positions_v14,64.23154062500001,50.010125,0.0434782608695652,0.8942659105229994,0.00586011342155,2.588436964313542,3.432653729632359,0.0434782608695652,2.7926756793478265,2.174353260869565,0.2543921459399267,0.3933075188350939,1.391304347826087,0.0434782608695652,0.0434782608695652,0.0,1.3478260869565215,1.2608695652173914,0.1304347826086956,0.0,0.0434782608695652,0.0,0.0,2.7926756793478265,2.174353260869565,51.58502415458937,63.83528458635266,high,F,ST,ST,F,ST,ST,ST,ST,Central Forward,Possession-adjusted spatial evidence coherent with role scores (spatial_adj).,"sources=ST,ST,ST; agreement=0.45; wide_score=32.6; central_score=25.0; adj_avg_x=63.8; spatial=ST@adj_x=63.8,y=50.0,strength=0.76; upstream_position_source=heuristic",0.86,True,arbitrated_role_group,ST,ST,Poacher,Centre Forward,69.47,0.3893,0.83,859.0,,4.0,5.0,2.0,2.0,"goals_per90, xg_per90, shots_on_target_per90, shots_total_per90","offsides_per90, xgot_per90","anticipation, composure, concentration, off the ball, acceleration",ST,0.4359026152003548,0.3864598398530163,0.44943066580717544,0.4061409038653493,0.4540908553069912,0.2376716058542715,0.44943066580717544,0.4061409038653493,0.9660065590094958,1.0,0.5337133527384885,0.841519592744617,Penalty Box Forward,ST,Central,Poacher,Penalty Box Forward
1049526,Simon Elisor,Simon Elisor,2025-26,Liga Portugal Betclic,Famalicão,1,Liga Portugal Betclic,1,Famalicão,34,2053.0,1999-07-21,26.0,2026-06-01,France,186.0,Left,F,F,attack,F,ST,3,"F, ST, SS",low,heuristic_base,1.0,2.0,44.0,19.0,19.0,5.399299999999999,3.0016,1.75806646,5.0,10.0,8.0,,312.0,248.0,95.0,80.0,217.0,168.0,23.0,17.0,14.0,11.0,2.0,599.0,54.0,33.0,86.0,702.8583139746299,10.0,182.4376623456929,125.772140590592,239.1428192084012,26.0,174.0,,,8.0,238.0,103.0,146.0,75.0,37.0,64.0,13.0,6.0,,,34.0,43.0,3.0,,,,,,,,,,,,,,,,,,,11.34,8.24,1.02,18.18,39.46,17.87481734047735,12.0,0.0740379931807111,70.01315789473684,79.1597908192911,79.48717948717949,49.27423283000487,1.0,0.0438382854359473,0.0876765708718947,1.9288845591816848,0.8329274232830005,0.8329274232830005,0.2366960545543107,0.1315849975645397,0.0770706192888456,0.2191914271797369,0.3507062834875791,13.677545056015587,10.871894788114954,4.164637116415002,3.5070628348757915,9.512907939600584,7.364831953239162,1.00828056502679,0.7452508524111057,0.6137359961032636,0.4822211397954213,0.0876765708718947,26.259132976132488,2.367267413541159,1.446663419386264,3.770092547491476,30.812103389048563,0.4383828543594739,7.997754316177478,5.513634999100478,10.483611168415056,1.1397954213346322,7.627861665854846,0.3507062834875791,10.43351193375548,4.515343399902582,6.40038967364832,3.2878714076960547,1.6220165611300537,2.805650267900633,0.5698977106673161,0.2630297126156843,,1.4905017048222111,1.8850462737457376,0.1315148563078421,,,,,,0.4971261568436435,0.3612274719922065,0.0447150511446663,0.7969800292255237,1.729858743302484,43.27731092436975,49.333333333333336,39.39393939393939,,,,,,,,,,,,,,0.4383828543594739,,,,,63.90900303030303,49.553769696969695,8.59793930127609,7.237593472344797,33.0,1.0,0.0,1.0,32.0,23.0,10.0,0.0,1.0,0.0,0.0,0.0303,0.0,0.0303,0.9697,0.697,0.303,0.0,0.0303,0.0,0.0,high_central,Central/Mixed,season_collapsed_average_positions_v14,63.90900303030303,49.553769696969695,0.0438382854359473,0.7836013446872682,0.0032456986781607,3.069256800061527,3.4702295049859715,0.0438382854359473,2.801661116769252,2.1723523004029577,0.3769189172502913,0.3172836885100009,1.446663419386264,0.0438382854359473,0.0,0.0438382854359473,1.4028251339503166,1.00828056502679,0.4383828543594739,0.0,0.0438382854359473,0.0,0.0,2.801661116769252,2.1723523004029577,50.72576716999513,63.72756123780425,high,F,F,F,F,F,F,ST,ST,Central Forward,Possession-adjusted spatial evidence coherent with role scores (spatial_adj).,"sources=ST,ST,ST; agreement=0.45; wide_score=22.8; central_score=34.3; adj_avg_x=63.7; spatial=ST@adj_x=63.7,y=49.6,strength=0.76; upstream_position_source=heuristic",0.86,True,arbitrated_role_group,ST,ST,Target Forward,False Nine,45.24,-0.0952,1.0,859.0,,5.0,5.0,1.0,1.0,"aerial_duels_won_per90, aerial_duels_total_per90, duels_won_per90, fouls_drawn_per90, xg_per90",height_cm,"strength, jumping, balance, bravery, hold-up technique",ST,0.43850039540014657,0.36192281919957314,0.464267082630147,0.38181368349414563,0.3694286250934855,0.345410046232966,0.464267082630147,0.38181368349414563,0.9702636117535539,1.0,0.5288457887663377,0.8397826458407963,Link Forward,ST,Central,Target Forward,Link Forward
1167025,Divin Mubama,Divin Mubama,2025-26,Championship,Stoke City,1,Championship,1,Stoke City,30,1638.0,2004-10-25,21.0,2026-06-01,England,183.0,Left,F,F,attack,ST,F,3,"ST, F, SS",low,heuristic_base,5.0,1.0,35.0,14.0,11.0,5.6059,5.5404,0.60600755,1.0,6.0,26.0,1.0,247.0,184.0,65.0,54.0,182.0,130.0,8.0,9.0,6.0,2.0,,498.0,61.0,22.0,60.0,421.08786608347657,3.0,31.2967023000487,89.46000000000001,65.6137498839694,17.0,157.0,,,10.0,220.0,106.0,122.0,89.0,42.0,66.0,11.0,3.0,,,31.0,41.0,4.0,,,,,,,,,,,,,,,,,,,12.18,3.34,4.859999999999999,14.7,21.5,12.508547008547009,9.0,0.0543345543345543,72.25842696629213,74.32441860465116,74.49392712550608,45.52930402930403,1.0,0.2747252747252747,0.0549450549450549,1.9230769230769231,0.7692307692307693,0.6043956043956044,0.3080164835164835,0.3044175824175824,0.0332971181318681,0.0549450549450549,1.4285714285714286,13.571428571428571,10.10989010989011,3.571428571428572,2.967032967032967,10.0,7.142857142857143,0.4395604395604395,0.4945054945054945,0.3296703296703296,0.1098901098901098,,27.36263736263736,3.351648351648352,1.2087912087912087,3.2967032967032965,23.13669593865256,0.1648351648351648,1.719599027475203,4.915384615384616,3.605151092525792,0.934065934065934,8.626373626373626,0.5494505494505495,12.087912087912088,5.824175824175824,6.703296703296704,4.8901098901098905,2.3076923076923075,3.6263736263736255,0.6043956043956044,0.1648351648351648,,1.7032967032967032,2.2527472527472527,0.2197802197802197,,,,,,0.6692307692307693,0.1835164835164835,0.267032967032967,0.8076923076923077,1.1813186813186811,48.18181818181818,47.19101123595506,50.0,,,,,,,,,,,,,,0.3296703296703296,0.0549450549450549,,,,62.140756,44.897304000000005,6.913997617278542,6.252968697645409,25.0,0.0,0.0,0.0,25.0,17.0,8.0,0.0,0.0,0.0,0.0,0.0,0.0,0.0,1.0,0.68,0.32,0.0,0.0,0.0,0.0,high_central,Central/Mixed,season_collapsed_average_positions_v14,62.140756,44.897304000000005,0.0549450549450549,0.687282802667418,0.0029854150733271,3.970243239906161,4.083759263991822,0.0549450549450549,3.414327252747253,2.466884835164836,0.3798899789713484,0.3435697086618356,1.3736263736263736,0.0,0.0,0.0,1.3736263736263736,0.934065934065934,0.4395604395604395,0.0,0.0,0.0,0.0,3.414327252747253,2.466884835164836,54.47069597069597,61.02308200732601,high,F,ST,ST,F,ST,ST,ST,ST,Central Forward,Possession-adjusted spatial evidence coherent with role scores (spatial_adj).,"sources=ST,ST,ST; agreement=0.45; wide_score=10.0; central_score=17.0; adj_avg_x=61.0; spatial=ST@adj_x=61.0,y=44.9,strength=0.76; upstream_position_source=heuristic",0.86,True,arbitrated_role_group,ST,ST,Target Forward,Centre Forward,61.36,0.2272,1.0,859.0,,5.0,5.0,1.0,1.0,"aerial_duels_won_per90, aerial_duels_total_per90, duels_won_per90, fouls_drawn_per90, xg_per90",height_cm,"strength, jumping, balance, bravery, hold-up technique",ST,0.401959853745172,0.3944867186316351,0.4070872012858495,0.3906796891556816,0.4284399029303839,0.3197897131743876,0.4070872012858495,0.3906796891556816,0.9750289902102325,1.0,0.5197218053121238,0.8365216096902878,Striker,ST,Central,Target Forward,Striker
1410925,Joaquin Panichelli,Joaquin Panichelli,2025-26,Ligue 1,RC Strasbourg,1,Ligue 1,1,RC Strasbourg,27,2195.0,2002-10-07,23.0,2026-06-01,Argentina,190.0,Right,F,F,attack,ST,F,3,"ST, F, SS",medium,heuristic_stats,16.0,1.0,59.0,31.0,20.0,14.2071,11.5723,1.47986044,5.0,13.0,14.0,3.0,466.0,338.0,157.0,141.0,309.0,197.0,22.0,11.0,3.0,,,838.0,72.0,30.0,76.0,594.2052608976048,6.0,78.3436634779972,118.7526098800503,122.31214411620056,26.0,249.0,,,12.0,307.0,138.0,169.0,114.0,60.0,79.0,11.0,12.0,,,43.0,44.0,3.0,,,,,,,,,,,,,,,,,,,26.34,7.279999999999999,12.84,29.86,67.21999999999998,13.818678815489749,9.0,0.0451025056947608,55.25252525252525,79.25129533678756,72.53218884120172,47.06423690205011,1.0,0.6560364464692483,0.041002277904328,2.419134396355353,1.2710706150341686,0.8200455580865603,0.5825234624145786,0.4744906605922551,0.0606776490205011,0.20501138952164,0.5740318906605922,19.10706150341685,13.85876993166287,6.437357630979498,5.781321184510251,12.669703872437358,8.07744874715262,0.9020501138952164,0.4510250569476082,0.123006833712984,,,34.35990888382688,2.952164009111617,1.2300683371298406,3.1161731207289294,24.36376923953733,0.2460136674259681,3.212268661967994,4.869127512166071,5.015076524126675,1.0660592255125283,10.209567198177677,0.4920273348519362,12.5876993166287,5.658314350797267,6.929384965831435,4.674259681093394,2.4601366742596813,3.239179954441913,0.4510250569476082,0.4920273348519362,,1.7630979498861048,1.8041002277904328,0.123006833712984,,,,,,1.0799999999999998,0.2984965831435079,0.5264692482915717,1.2243280182232346,2.7561731207289286,44.95114006514658,52.63157894736842,36.66666666666666,,,,,,,,,,,,,,0.5330296127562643,0.123006833712984,,,,60.02124814814815,52.95094074074074,6.083170688836182,8.086277306516994,27.0,0.0,0.0,0.0,27.0,18.0,9.0,0.0,0.0,0.0,0.0,0.0,0.0,0.0,1.0,0.6667,0.3333,0.0,0.0,0.0,0.0,high_central,Central/Mixed,season_collapsed_average_positions_v14,60.02124814814815,52.95094074074074,0.041002277904328,0.566597309063361,0.0018493054726781,2.265479395319942,3.2494836356769388,0.041002277904328,2.4610078967350035,2.171109187547456,0.2494238551231236,0.3315557893332708,1.1070615034168565,0.0,0.0,0.0,1.1070615034168565,0.7380410022779044,0.3690205011389522,0.0,0.0,0.0,0.0,2.4610078967350035,2.171109187547456,52.93576309794989,59.287307373660674,high,F,ST,ST,F,ST,ST,ST,ST,Central Forward,Possession-adjusted spatial evidence coherent with role scores (spatial_adj).,"sources=ST,ST,ST; agreement=0.45; wide_score=15.2; central_score=37.0; adj_avg_x=59.3; spatial=ST@adj_x=59.3,y=53.0,strength=0.76; upstream_position_source=heuristic",0.86,True,arbitrated_role_group,ST,ST,Poacher,Centre Forward,76.56,0.5312,0.83,859.0,,4.0,5.0,2.0,2.0,"goals_per90, xg_per90, shots_on_target_per90, shots_total_per90","offsides_per90, xgot_per90","anticipation, composure, concentration, off the ball, acceleration",ST,0.37338761962143474,0.4464948997889376,0.3521725272000875,0.42006082294839847,0.4329306263184244,0.4763363014240666,0.3521725272000875,0.42006082294839847,0.9717658859518964,1.0,0.5189627199614302,0.8362499939053569,Penalty Box Forward,ST,Central,Poacher,Penalty Box Forward
1010117,Fisnik Asllani,Fisnik Asllani,2025-26,Bundesliga,TSG Hoffenheim,1,Bundesliga,1,TSG Hoffenheim,34,2354.0,2002-08-08,23.0,2026-06-01,Kosovo,191.0,Both,F,F,attack,ST,SS,5,"ST, SS, AM, F, M",medium,heuristic_stats,10.0,7.0,73.0,28.0,30.0,8.283399999999999,8.3408,3.929744410000001,8.0,8.0,14.0,2.0,652.0,447.0,186.0,151.0,466.0,296.0,36.0,28.0,13.0,9.0,3.0,1050.0,74.0,40.0,177.0,1346.2024335366573,15.0,266.66979517072883,211.3112361314033,118.80518755430404,31.0,346.0,,,15.0,251.0,94.0,160.0,57.0,24.0,67.0,17.0,18.0,,,26.0,37.0,2.0,,1.0,,,,,,,,,,,,,,,,,15.78,6.08,6.200000000000001,18.28,68.9,17.944774851316907,11.0,0.0195412064570943,67.0,74.58418891170432,68.55828220858896,44.17162276975361,1.0,0.3823279524214104,0.2676295666949873,2.790994052676296,1.070518266779949,1.146983857264231,0.316697536108751,0.31889209855565,0.1502451133814783,0.3058623619371283,0.5352591333899746,24.92778249787596,17.090059473237044,7.1112999150382326,5.773152081563296,17.816482582837722,11.316907391673746,1.3763806287170772,1.070518266779949,0.4970263381478335,0.3440951571792693,0.1146983857264231,40.14443500424809,2.8292268479184366,1.5293118096856415,6.767204757858964,51.469081995879,0.5734919286321155,10.195531676026167,8.079019223375658,4.542254409467869,1.185216652506372,13.2285471537808,0.5734919286321155,9.5964316057774,3.5938827527612576,6.117247238742566,2.179269328802039,0.9175870858113848,2.5615972812234493,0.6499575191163977,0.6881903143585386,,0.994052676295667,1.4146134239592183,0.076465590484282,,,,,,0.6033135089209856,0.2324553950722175,0.2370433305012744,0.6988954970263381,2.6342395921835178,37.45019920318725,42.10526315789474,42.5,,,,,,,,,,,,,,0.3058623619371283,0.076465590484282,,0.038232795242141,,62.156042424242415,51.48242121212122,5.370608718177944,5.230012576153475,33.0,0.0,0.0,0.0,33.0,29.0,4.0,0.0,0.0,0.0,0.0,0.0,0.0,0.0,1.0,0.8788,0.1212,0.0,0.0,0.0,0.0,high_central,Central/Mixed,season_collapsed_average_positions_v14,62.156042424242415,51.48242121212122,0.038232795242141,0.6860789025567212,0.0007471149452584,2.5615972812234493,2.851562022962357,0.038232795242141,2.376399243067892,1.9683168687726889,0.2053333834477548,0.1999579999378983,1.2616822429906542,0.0,0.0,0.0,1.2616822429906542,1.10875106202209,0.1529311809685641,0.0,0.0,0.0,0.0,2.376399243067892,1.9683168687726889,55.82837723024639,60.69894811668082,high,F,ST,ST,F,ST,ST,ST,ST,Central Forward,Possession-adjusted spatial evidence coherent with role scores (spatial_adj).,"sources=ST,ST,ST; agreement=0.45; wide_score=25.8; central_score=73.2; adj_avg_x=60.7; spatial=ST@adj_x=60.7,y=51.5,strength=0.76; upstream_position_source=heuristic",0.86,True,arbitrated_role_group,ST,ST,Deep-Lying Forward,False Nine,82.76,0.6552,0.708,859.0,,5.0,6.0,0.0,0.0,"key_passes_per90, xa_per90, assists_per90, passes_total_per90, touches_per90",,"first touch, technique, composure, decisions, vision",ST,0.5204563599725759,0.13541533523766836,0.48151442320889826,0.6061286208526665,0.12696542272882622,0.1540051427571211,0.48151442320889826,0.6061286208526665,0.9802994861621922,1.0,0.5096396101782165,0.8329101152212814,Link Forward,ST,Central,Deep-Lying Forward,Link Forward
848276,Jean-Philippe Mateta,Jean-Philippe Mateta,2025-26,Premier League,Crystal Palace,1,Premier League,1,Crystal Palace,32,2222.0,1997-06-28,28.0,2026-06-01,France,192.0,Right,F,F,attack,ST,F,3,"ST, F, SS",medium,heuristic_stats,12.0,0.0,63.0,32.0,24.0,14.5148,12.503900000000002,1.30783238,2.0,20.0,18.0,1.0,315.0,196.0,81.0,68.0,234.0,128.0,9.0,18.0,11.0,11.0,5.0,684.0,66.0,31.0,99.0,884.0502883713591,8.0,157.937375333,192.470183816,248.92416937030083,41.0,254.0,,1.0,12.0,284.0,110.0,182.0,152.0,67.0,98.0,14.0,9.0,1.0,,21.0,19.0,2.0,,1.0,,,3.21,5.22,1.36,0.44,0.13,,,,,,,,,,11.62,6.0600000000000005,6.7,52.52,64.41999999999999,14.88028802880288,14.0,0.0801080108010801,63.3370786516854,75.85373443983403,62.22222222222222,56.65616561656166,1.0,0.486048604860486,0.0,2.551755175517552,1.296129612961296,0.972097209720972,0.587908190819082,0.506458595859586,0.052972508640864,0.081008100810081,0.729072907290729,12.75877587758776,7.938793879387939,3.2808280828082808,2.7542754275427543,9.477947794779478,5.184518451845184,0.3645364536453645,0.729072907290729,0.4455445544554455,0.4455445544554455,0.2025202520252025,27.704770477047703,2.6732673267326734,1.2556255625562556,4.00990099009901,35.80761744078412,0.324032403240324,6.397103411327633,7.795822026750675,10.082437103207504,1.6606660666066606,10.288028802880287,0.486048604860486,11.503150315031505,4.455445544554456,7.371737173717372,6.156615661566157,2.713771377137714,3.9693969396939695,0.5670567056705671,0.3645364536453645,,0.8505850585058505,0.7695769576957696,0.081008100810081,0.13001800180018,0.2114311431143114,0.055085508550855,0.0178217821782178,0.0052655265526552,0.4706570657065706,0.2454545454545455,0.2713771377137713,2.127272727272727,2.609270927092709,38.732394366197184,44.078947368421055,45.16129032258065,0.0405040504050405,,,,,,,,,,,,,0.8100810081008101,0.0405040504050405,,0.0405040504050405,0.0405040504050405,60.3743125,47.879721875,6.660841934371168,6.480465678743853,32.0,0.0,0.0,0.0,32.0,21.0,11.0,0.0,0.0,0.0,0.0,0.0,0.0,0.0,1.0,0.6562,0.3438,0.0,0.0,0.0,0.0,high_central,Central/Mixed,season_collapsed_average_positions_v14,60.3743125,47.879721875,0.0405040504050405,0.6027119363601526,0.0032446989073344,2.5654082262158804,3.072383483161594,0.0405040504050405,2.445404196669667,1.9393226682043208,0.2697910774497772,0.262485108499976,1.296129612961296,0.0,0.0,0.0,1.296129612961296,0.8505850585058505,0.4455445544554455,0.0,0.0,0.0,0.0,2.445404196669667,1.9393226682043208,43.34383438343834,62.038353904140415,high,F,ST,ST,F,ST,ST,ST,ST,Central Forward,Possession-adjusted spatial evidence coherent with role scores (spatial_adj).,"sources=ST,ST,ST; agreement=0.45; wide_score=22.9; central_score=17.6; adj_avg_x=62.0; spatial=ST@adj_x=62.0,y=47.9,strength=0.76; upstream_position_source=heuristic",0.86,True,arbitrated_role_group,ST,ST,Poacher,Centre Forward,74.39,0.4878,0.83,859.0,,4.0,5.0,2.0,2.0,"goals_per90, xg_per90, shots_on_target_per90, shots_total_per90","offsides_per90, xgot_per90","anticipation, composure, concentration, off the ball, acceleration",ST,0.4280769685903011,0.3016627545303585,0.41227429438188196,0.46284285184882307,0.23376726370084178,0.4510328343552954,0.41227429438188196,0.46284285184882307,0.972199832856442,1.0,0.5070063203043498,0.8319654682545654,Penalty Box Forward,ST,Central,Poacher,Penalty Box Forward
1632572,Richard Kone,Richard Kone,2025-26,Championship,Queens Park Rangers,1,Championship,1,Queens Park Rangers,43,3240.0,2003-07-13,22.0,2026-06-01,Côte d'Ivoire,185.0,Right,F,F,attack,ST,F,5,"ST, F, M, AM, SS",low,heuristic_stats,10.0,2.0,91.0,34.0,26.0,10.285000000000002,11.8536,2.26658275,7.0,11.0,23.0,2.0,757.0,527.0,232.0,182.0,525.0,345.0,38.0,30.0,24.0,9.0,,1400.0,152.0,67.0,218.0,1909.944920842544,23.0,414.30325398845713,321.00320827070817,422.79128277262936,58.0,500.0,,1.0,33.0,565.0,215.0,352.0,284.0,134.0,170.0,21.0,13.0,,1.0,72.0,25.0,6.0,,,,,,,,,,,,,,,,,,,39.5,29.32,10.5,52.12,122.01999999999998,23.88858024691358,22.0,0.0407407407407407,60.26515151515152,76.96141215106732,69.61690885072655,54.95092592592592,1.0,0.2777777777777778,0.0555555555555555,2.5277777777777777,0.9444444444444444,0.7222222222222222,0.2856944444444445,0.3292666666666667,0.0629606319444444,0.1944444444444444,0.6388888888888888,21.02777777777778,14.63888888888889,6.444444444444445,5.055555555555555,14.583333333333334,9.583333333333334,1.0555555555555556,0.8333333333333334,0.6666666666666666,0.25,,38.888888888888886,4.222222222222222,1.8611111111111112,6.055555555555555,53.05402557895955,0.6388888888888888,11.508423721901586,8.916755785297449,11.744202299239705,1.6111111111111112,13.88888888888889,0.9166666666666666,15.694444444444445,5.972222222222222,9.77777777777778,7.888888888888889,3.7222222222222223,4.722222222222222,0.5833333333333334,0.3611111111111111,0.0277777777777777,2.0,0.6944444444444444,0.1666666666666666,,,,,,1.0972222222222223,0.8144444444444445,0.2916666666666667,1.4477777777777778,3.389444444444444,38.05309734513274,47.183098591549296,31.34328358208955,,,,,,,,,,,,,,0.3055555555555556,0.0555555555555555,,,0.0277777777777777,61.582926190476186,49.48354523809524,5.931862065484284,5.988982826710667,42.0,0.0,0.0,0.0,42.0,28.0,14.0,0.0,0.0,0.0,0.0,0.0,0.0,0.0,1.0,0.6667,0.3333,0.0,0.0,0.0,0.0,high_central,Central/Mixed,season_collapsed_average_positions_v14,61.582926190476186,49.48354523809524,0.0277777777777777,0.6635716735253772,0.0011316872427983,1.6740319865319868,2.1378170041963145,0.0277777777777777,1.7106368386243385,1.3745429232804234,0.1647739462634523,0.1663606340752963,1.1666666666666667,0.0,0.0,0.0,1.1666666666666667,0.7777777777777778,0.3888888888888889,0.0,0.0,0.0,0.0,1.7106368386243385,1.3745429232804234,45.04907407407408,62.82065767195767,high,F,ST,ST,F,ST,ST,ST,ST,Central Forward,Possession-adjusted spatial evidence coherent with role scores (spatial_adj).,"sources=ST,ST,ST; agreement=0.45; wide_score=30.5; central_score=45.7; adj_avg_x=62.8; spatial=ST@adj_x=62.8,y=49.5,strength=0.76; upstream_position_source=heuristic",0.86,True,arbitrated_role_group,ST,ST,Target Forward,False Nine,62.44,0.2488,1.0,859.0,,5.0,5.0,1.0,1.0,"aerial_duels_won_per90, aerial_duels_total_per90, duels_won_per90, fouls_drawn_per90, xg_per90",height_cm,"strength, jumping, balance, bravery, hold-up technique",ST,0.3619123215793581,0.42115060930278714,0.2904805265008475,0.5190622707520816,0.42941203771806635,0.402975466789173,0.2904805265008475,0.5190622707520816,0.9754426108614238,1.0,0.5065280890774718,0.8317938491485644,Link Forward,ST,Central,Target Forward,Link Forward
812797,Dennis Eckert Ayensa,Dennis Eckert Ayensa,2025-26,Pro League,Standard Liège,1,Pro League,1,Standard Liège,34,1964.0,1997-01-09,29.0,2026-06-01,Iran,181.0,Right,F,F,attack,F,M,5,"F, M, SS, DM, ST",low,heuristic_base,5.0,0.0,32.0,10.0,16.0,5.3103,4.5381,1.64544201,1.0,3.0,11.0,1.0,461.0,311.0,132.0,105.0,329.0,206.0,17.0,30.0,12.0,18.0,6.0,763.0,51.0,22.0,118.0,993.9455651643144,13.0,221.7193385186857,163.650048444559,181.88884883205287,32.0,262.0,,,7.0,247.0,112.0,139.0,98.0,52.0,61.0,10.0,6.0,,,29.0,32.0,2.0,,1.0,,,,,,,,,,,,,,,,,21.12,10.86,4.58,36.14000000000001,55.64,14.660386965376782,10.0,0.1863543788187372,50.923497267759565,67.88102409638554,67.46203904555314,56.55600814663951,1.0,0.2291242362525458,0.0,1.4663951120162932,0.4582484725050916,0.7331975560081466,0.2433436863543788,0.2079577393075356,0.0754021287678207,0.0458248472505091,0.5040733197556008,21.125254582484725,14.25152749490835,6.04887983706721,4.811608961303462,15.076374745417516,9.439918533604889,0.7790224032586558,1.374745417515275,0.5498981670061099,0.824847250509165,0.2749490835030549,34.96435845213849,2.3370672097759675,1.0081466395112015,5.407331975560082,45.54740369897572,0.5957230142566191,10.160254820102706,7.49923847251034,8.335028714299774,1.4663951120162932,12.0061099796334,0.3207739307535641,11.318737270875763,5.132382892057026,6.369653767820774,4.490835030549898,2.3828920570264764,2.795315682281059,0.4582484725050916,0.2749490835030549,,1.3289205702647655,1.4663951120162932,0.0916496945010183,,,,,,0.9678207739307536,0.4976578411405295,0.2098778004073319,1.6561099796334016,2.54969450101833,45.34412955465587,53.06122448979592,45.45454545454545,,,,,,,,,,,,,,0.1374745417515274,0.0458248472505091,,0.0458248472505091,,59.19234117647059,51.470973529411765,6.461301757203966,6.437586387266621,34.0,1.0,0.0,1.0,33.0,20.0,14.0,0.0,0.0,1.0,0.0,0.0294,0.0,0.0294,0.9706,0.5882,0.4118,0.0,0.0,0.0294,0.0,high_central,Central/Mixed,season_collapsed_average_positions_v14,59.19234117647059,51.470973529411765,0.0458248472505091,0.6718099933217466,0.0085396609438321,2.333561483756803,3.110637560425,0.0458248472505091,2.712479992811789,2.3586494998202947,0.2960881660633181,0.29500141285845,1.5580448065173116,0.0458248472505091,0.0,0.0458248472505091,1.5122199592668024,0.9164969450101832,0.6415478615071283,0.0,0.0,0.0458248472505091,0.0,2.712479992811789,2.3586494998202947,43.44399185336049,60.83134321313047,high,F,F,F,F,F,F,ST,ST,Central Forward,Possession-adjusted spatial evidence coherent with role scores (spatial_adj).,"sources=ST,ST,ST; agreement=0.45; wide_score=30.6; central_score=42.1; adj_avg_x=60.8; spatial=ST@adj_x=60.8,y=51.5,strength=0.76; upstream_position_source=heuristic",0.86,True,arbitrated_role_group,ST,ST,Target Forward,Deep-Lying Forward,51.17,0.0234,1.0,859.0,,5.0,5.0,1.0,1.0,"aerial_duels_won_per90, aerial_duels_total_per90, duels_won_per90, fouls_drawn_per90, xg_per90",height_cm,"strength, jumping, balance, bravery, hold-up technique",ST,0.4514985414287208,0.26614984340793074,0.47793160013424446,0.3933458122765688,0.2858116439620021,0.2228938821889737,0.47793160013424446,0.3933458122765688,0.949494765171188,1.0,0.5059805990890938,0.8315973522802602,Striker,ST,Central,Target Forward,Striker
1133743,Rômulo,Rômulo,2025-26,Bundesliga,RB Leipzig,1,Bundesliga,1,RB Leipzig,30,2204.0,2002-02-08,24.0,2026-06-01,Brazil,193.0,Right,F,F,attack,ST,F,3,"ST, F, SS",medium,heuristic_stats,9.0,4.0,63.0,27.0,27.0,14.3606,10.6615,2.94780651,6.0,22.0,8.0,2.0,558.0,418.0,201.0,150.0,357.0,268.0,26.0,17.0,10.0,,,943.0,91.0,32.0,113.0,877.944647556363,13.0,221.061790868958,190.02087664606,154.1485453667203,35.0,293.0,,1.0,11.0,274.0,112.0,165.0,107.0,53.0,84.0,11.0,10.0,1.0,,20.0,20.0,3.0,,,,,,,,,,,,,,,,,,,27.68,18.52,9.12,26.5,66.48000000000002,17.43557168784029,40.0,0.0403811252268602,56.31460674157304,77.5965811965812,74.91039426523298,46.61978221415608,1.0,0.367513611615245,0.1633393829401088,2.572595281306715,1.102540834845735,1.102540834845735,0.5864128856624319,0.4353607078039927,0.1203732240925589,0.2450090744101633,0.3266787658802177,22.78584392014519,17.06896551724138,8.207803992740471,6.125226860254084,14.57803992740472,10.943738656987296,1.061705989110708,0.6941923774954628,0.4083484573502722,,,38.50725952813068,3.715970961887477,1.306715063520871,4.614337568058076,35.85073424685692,0.530852994555354,9.027024128042749,7.759473184276498,6.294632070328869,1.4292196007259528,11.964609800362975,0.4491833030852994,11.18874773139746,4.573502722323049,6.737749546279492,4.369328493647913,2.164246823956443,3.4301270417422867,0.4491833030852994,0.4083484573502722,,0.8166969147005445,0.8166969147005445,0.1225045372050816,,,,,,1.1303085299455535,0.7562613430127042,0.3724137931034482,1.0821234119782217,2.7147005444646104,40.87591240875913,49.53271028037384,34.375,0.0408348457350272,,,,,,,,,,,,,0.8983666061705989,0.0816696914700544,,,0.0408348457350272,60.102023333333335,51.01138666666667,4.964101883049828,6.3465025057104105,30.0,0.0,0.0,0.0,30.0,19.0,11.0,0.0,0.0,0.0,0.0,0.0,0.0,0.0,1.0,0.6333,0.3667,0.0,0.0,0.0,0.0,high_central,Central/Mixed,season_collapsed_average_positions_v14,60.102023333333335,51.01138666666667,0.0408348457350272,0.7119788801749665,0.0016489570192456,2.29959827892086,3.168644422727908,0.0408348457350272,2.4542568511796734,2.083042105263158,0.2027083346072979,0.2591584507776484,1.2250453720508168,0.0,0.0,0.0,1.2250453720508168,0.7758620689655172,0.4491833030852994,0.0,0.0,0.0,0.0,2.4542568511796734,2.083042105263158,53.38021778584392,59.25696888687236,high,F,ST,ST,F,ST,ST,ST,ST,Central Forward,Possession-adjusted spatial evidence coherent with role scores (spatial_adj).,"sources=ST,ST,ST; agreement=0.45; wide_score=26.2; central_score=58.1; adj_avg_x=59.3; spatial=ST@adj_x=59.3,y=51.0,strength=0.76; upstream_position_source=heuristic",0.86,True,arbitrated_role_group,ST,ST,Deep-Lying Forward,Poacher,70.73,0.4146,0.708,859.0,,5.0,6.0,0.0,0.0,"key_passes_per90, xa_per90, assists_per90, passes_total_per90, touches_per90",,"first touch, technique, composure, decisions, vision",ST,0.4702961627851515,0.21829369735690474,0.4547332410508788,0.5045345906005514,0.2083000982764664,0.24027961533386905,0.4547332410508788,0.5045345906005514,0.9666020982783444,1.0,0.5048283155360056,0.8311837103001651,Penalty Box Forward,ST,Central,Deep-Lying Forward,Penalty Box Forward
