player_id,player_name,profile_name,season,league,team,leagues_played_count,leagues_played_list,teams_played_count,teams_played_list,matches,minutes_played,date_of_birth,age,age_as_of,nationality,height_cm,preferred_foot,player_position,base_position,role_family,primary_role_position,secondary_role_position,positions_played_count,positions_played_list,position_confidence,position_source,goals,assists,shots_total,shots_on_target,shots_off_target,xg,xgot,xa,big_chances_created,big_chance_missed,offsides,hit_woodwork,passes_total,passes_accurate,passes_own_half_total,passes_own_half_accurate,passes_opposition_half_total,passes_opposition_half_accurate,key_passes,long_balls_total,long_balls_accurate,crosses_total,crosses_accurate,touches,unsuccessful_touches,dribbles_attempted,carries,carry_distance,progressive_carries,progressive_carry_distance,best_carry_progression,total_progression,dispossessed,possession_lost,last_man_tackles,clearance_off_line,blocked_shots,duels_total,duels_won,duels_lost,aerial_duels_total,aerial_duels_won,aerial_duels_lost,dribbles_won,challenges_lost,errors_leading_to_shot,errors_leading_to_goal,fouls_committed,fouls_drawn,yellow_cards,red_cards,penalties_won,penalties_conceded,penalties_faced,distance_walking_km,distance_jogging_km,distance_running_km,distance_high_speed_running_km,distance_sprinting_km,gk_saves,gk_saves_inside_box,gk_xgot_faced,gk_goals_prevented,gk_goals_prevented_raw,gk_high_claims,gk_punches,gk_sweeper_total,gk_sweeper_accurate,P-Adj_tackles_total,P-Adj_tackles_won,P-Adj_interceptions,P-Adj_clearances,P-Adj_recoveries,MW,shirt_number,is_substitute,sub_on_minute,sub_off_minute,pass_accuracy_pct,oppo_poss_pct,poss_available,goals_per90,assists_per90,shots_total_per90,shots_on_target_per90,shots_off_target_per90,xg_per90,xgot_per90,xa_per90,big_chances_created_per90,offsides_per90,passes_total_per90,passes_accurate_per90,passes_own_half_total_per90,passes_own_half_accurate_per90,passes_opposition_half_total_per90,passes_opposition_half_accurate_per90,key_passes_per90,long_balls_total_per90,long_balls_accurate_per90,crosses_total_per90,crosses_accurate_per90,touches_per90,unsuccessful_touches_per90,dribbles_attempted_per90,carries_per90,carry_distance_per90,progressive_carries_per90,progressive_carry_distance_per90,best_carry_progression_per90,total_progression_per90,dispossessed_per90,possession_lost_per90,blocked_shots_per90,duels_total_per90,duels_won_per90,duels_lost_per90,aerial_duels_total_per90,aerial_duels_won_per90,aerial_duels_lost_per90,dribbles_won_per90,challenges_lost_per90,errors_leading_to_goal_per90,fouls_committed_per90,fouls_drawn_per90,yellow_cards_per90,distance_walking_km_per90,distance_jogging_km_per90,distance_running_km_per90,distance_high_speed_running_km_per90,distance_sprinting_km_per90,P-Adj_tackles_total_per90,P-Adj_tackles_won_per90,P-Adj_interceptions_per90,P-Adj_clearances_per90,P-Adj_recoveries_per90,duel_win_pct,aerial_win_pct,dribble_success_pct,errors_leading_to_shot_per90,penalties_faced_per90,gk_saves_per90,gk_saves_inside_box_per90,gk_xgot_faced_per90,gk_goals_prevented_per90,gk_goals_prevented_raw_per90,gk_high_claims_per90,gk_punches_per90,gk_sweeper_total_per90,gk_sweeper_accurate_per90,last_man_tackles_per90,penalties_conceded_per90,big_chance_missed_per90,hit_woodwork_per90,red_cards_per90,penalties_won_per90,clearance_off_line_per90,season_avg_x,season_avg_y,season_std_x,season_std_y,spatial_matches_used,spatial_wide_matches,spatial_right_matches,spatial_left_matches,spatial_central_matches,spatial_high_matches,spatial_mid_matches,spatial_deep_matches,spatial_high_wide_matches,spatial_mid_wide_matches,spatial_deep_central_matches,spatial_wide_pct,spatial_right_pct,spatial_left_pct,spatial_central_pct,spatial_high_pct,spatial_mid_pct,spatial_deep_pct,spatial_high_wide_pct,spatial_mid_wide_pct,spatial_deep_central_pct,season_position_zone,spatial_dominant_side,position_context_source,avg_x,avg_y,leagues_played_count_per90,MW_per90,is_substitute_per90,sub_on_minute_per90,sub_off_minute_per90,poss_available_per90,season_avg_x_per90,season_avg_y_per90,season_std_x_per90,season_std_y_per90,spatial_matches_used_per90,spatial_wide_matches_per90,spatial_right_matches_per90,spatial_left_matches_per90,spatial_central_matches_per90,spatial_high_matches_per90,spatial_mid_matches_per90,spatial_deep_matches_per90,spatial_high_wide_matches_per90,spatial_mid_wide_matches_per90,spatial_deep_central_matches_per90,avg_x_per90,avg_y_per90,team_poss_pct,adj_avg_x,adj_zone,profile_position_raw,match_position_mode,match_role_mode,profile_positions_played,match_positions_played,match_roles_played,arbitrated_position,arbitrated_role_group,arbitrated_lane,arbitration_reason,position_evidence,arbitrated_confidence,position_conflict_flag,role_source_column,role_source_value,role_model_family,primary_role,secondary_role,role_score,role_bvalue,confidence,cohort_size,warning,measured_metrics_available,measured_metrics_possible,partial_proxies_available,partial_proxies_possible,measured_inputs,partial_proxies,unmeasured_traits,_family,similarity_core,similarity_broad,similarity_z_core,similarity_percentile_core,similarity_z_broad,similarity_percentile_broad,similarity_z,similarity_percentile,similarity_spatial,similarity_role_bonus,similarity_raw,similarity,similarity_archetype,similarity_family,similarity_side,similarity_display_role,similarity_color_key
1468744,Konstantinos Karetsas,Konstantinos Karetsas,2025-26,Pro League,KRC Genk,1,Pro League,1,KRC Genk,34,2247.0,2007-11-19,18.0,2026-05-25,Greece,171.0,Left,M,M,midfield,AM,M,4,"AM, M, W, WM",medium,heuristic_stats,,10.0,68.0,27.0,23.0,4.6225,3.6473999999999993,7.62959504,13.0,5.0,3.0,1.0,992.0,815.0,276.0,254.0,716.0,561.0,68.0,93.0,56.0,171.0,33.0,1733.0,72.0,131.0,383.0,3582.760410746788,50.0,855.749870803824,344.587597254263,1248.85013654695,53.0,531.0,,,18.0,348.0,159.0,201.0,12.0,7.0,23.0,59.0,32.0,1.0,1.0,22.0,63.0,3.0,,1.0,,,,,,,,,,,,,,,,,26.74,12.66,4.220000000000001,9.4,92.7,14.400979083222074,20.0,0.0618602581219403,68.00719424460432,75.39158345221112,82.15725806451613,41.78504672897196,1.0,,0.4005340453938584,2.723631508678237,1.081441922563418,0.9212283044058746,0.185146862483311,0.1460907877169559,0.3055912566088117,0.520694259012016,0.1201602136181575,39.73297730307076,32.64352469959947,11.054739652870492,10.173564753004005,28.678237650200263,22.46995994659546,2.723631508678237,3.724966622162884,2.242990654205608,6.84913217623498,1.321762349799733,69.41255006675567,2.883845126835781,5.246995994659546,15.34045393858478,143.50175209933732,2.0026702269692924,34.275695759832736,13.80190643207996,50.02069972818225,2.12283044058745,21.268357810413885,0.7209612817089452,13.938584779706275,6.36849132176235,8.050734312416555,0.4806408544726301,0.2803738317757009,0.9212283044058746,2.363150867823765,1.2817089452603472,0.0400534045393858,0.8811748998664887,2.5233644859813085,0.1201602136181575,,,,,,1.0710280373831778,0.5070761014686249,0.1690253671562083,0.376502002670227,3.712950600801068,45.689655172413794,58.333333333333336,45.038167938931295,0.0400534045393858,,,,,,,,,,,,,0.2002670226969292,0.0400534045393858,,0.0400534045393858,,63.4721911764706,37.96808823529412,5.971251304647385,11.755324088149726,34.0,12.0,12.0,0.0,22.0,26.0,8.0,0.0,8.0,4.0,0.0,0.3529,0.3529,0.0,0.6471,0.7647,0.2353,0.0,0.2353,0.1176,0.0,high_central,Central/Mixed,season_collapsed_average_positions_v14,63.4721911764706,37.96808823529412,0.0400534045393858,0.5768082409835277,0.0024777139434689,2.7239196626677296,3.01968959087628,0.0400534045393858,2.5422773501924136,1.5207511976753318,0.2391689441113772,0.470840751194248,1.3618157543391187,0.4806408544726301,0.4806408544726301,0.0,0.8811748998664887,1.041388518024032,0.3204272363150868,0.0,0.3204272363150868,0.1602136181575434,0.0,2.5422773501924136,1.5207511976753318,58.21495327102804,61.41845285871359,high,M,AM,AM,M,AM,AM,AMC,AM-C,Central Attacking Midfield,Possession-adjusted spatial evidence coherent with role scores (spatial_adj).,"sources=M,AM,AM; agreement=0.45; wide_score=84.2; central_score=94.6; adj_avg_x=61.4; spatial=AMC@adj_x=61.4,y=38.0,strength=0.72; upstream_position_source=heuristic",0.85,True,arbitrated_role_group,AM-C,AM,Tracking Attacking Midfielder,Free Role,85.37,0.7074,0.117,146.0,,1.0,4.0,0.0,1.0,key_passes_per90,,"marking, work rate, stamina",AM,0.7513415433327083,0.5866803010228575,0.7301501156753436,0.7979626841789108,0.5680179464432975,0.6277374810978896,0.7301501156753436,0.7979626841789108,0.9517430235187807,1.0,0.7500189307600326,0.9168711090347135,Creator,AM,Central,Tracking Attacking Midfielder,Creator
991421,Azzedine Ounahi,Azzedine Ounahi,2025-26,La Liga,Girona FC,1,La Liga,1,Girona FC,24,1766.0,2000-04-19,26.0,2026-05-25,Morocco,182.0,Right,M,M,midfield,AM,CM,4,"AM, CM, M, DM",medium,heuristic_stats,5.0,2.0,51.0,19.0,16.0,3.3977000000000004,5.6442,4.4012421,11.0,,1.0,1.0,906.0,776.0,244.0,221.0,662.0,555.0,36.0,46.0,26.0,41.0,11.0,1439.0,74.0,132.0,378.0,3564.8272943714883,62.0,1130.379352662143,310.493191977664,1672.9074826178323,40.0,350.0,,,17.0,307.0,159.0,150.0,8.0,6.0,6.0,69.0,23.0,,,18.0,63.0,7.0,,1.0,,,,,,,,,,,,,,,,,23.26,13.68,16.72,9.18,78.4,22.440543601359003,18.0,0.0600226500566251,63.11320754716981,76.81315789473685,85.65121412803532,49.01755379388448,1.0,0.2548131370328426,0.101925254813137,2.5990939977349945,0.9682899207248018,0.8154020385050963,0.1731557191392978,0.287643261608154,0.2242988612684031,0.5605889014722537,0.0509626274065685,46.17214043035108,39.546998867497166,12.43488108720272,11.262740656851642,33.73725934314836,28.284258210645525,1.8346545866364663,2.344280860702152,1.3250283125707814,2.0894677236693093,0.5605889014722537,73.3352208380521,3.7712344280860703,6.727066817667044,19.2638731596829,181.67296517181992,3.159682899207248,57.60710177779891,15.82354885503384,85.25576072231308,2.0385050962627407,17.83691959229898,0.8663646659116648,15.645526613816534,8.103057757644395,7.644394110985277,0.4077010192525481,0.3057757644394111,0.3057757644394111,3.5164212910532275,1.1721404303510758,,0.9173272933182332,3.2106455266138165,0.3567383918459796,,,,,,1.1853907134767834,0.6971687429218574,0.8520951302378256,0.4678369195922989,3.995469988674972,51.79153094462541,75.0,52.27272727272727,,,,,,,,,,,,,,,0.0509626274065685,,0.0509626274065685,,59.773720833333336,64.33212083333333,7.187724371392682,7.6588589216489025,24.0,7.0,0.0,7.0,17.0,14.0,10.0,0.0,4.0,3.0,0.0,0.2917,0.0,0.2917,0.7083,0.5833,0.4167,0.0,0.1667,0.125,0.0,high_central,Central/Mixed,season_collapsed_average_positions_v14,59.773720833333336,64.33212083333333,0.0509626274065685,1.143629062356914,0.0030589119507906,3.2164148806598427,3.914600345711391,0.0509626274065685,3.0462258635334094,3.2785339043035107,0.3663053190403971,0.3903155735834661,1.2231030577576445,0.3567383918459796,0.0,0.3567383918459796,0.8663646659116648,0.7134767836919592,0.5096262740656852,0.0,0.203850509626274,0.1528878822197055,0.0,3.0462258635334094,3.2785339043035107,50.98244620611552,59.52810928180445,high,M,AM,AM,M,AM,AM,AMC,AM-C,Central Attacking Midfield,Possession-adjusted spatial evidence coherent with role scores (spatial_adj).,"sources=M,AM,AM; agreement=0.45; wide_score=78.8; central_score=87.5; adj_avg_x=59.5; spatial=AMC@adj_x=59.5,y=64.3,strength=0.72; upstream_position_source=heuristic",0.85,True,arbitrated_role_group,AM-C,AM,Free Role,Attacking Midfielder,68.47,0.3693,0.607,146.0,,5.0,7.0,0.0,0.0,"key_passes_per90, xa_per90, shots_total_per90, xg_per90, dribbles_attempted_per90",,"flair, vision, composure, off the ball, creative freedom",AM,0.6756523625591384,0.5126354326313463,0.6926568165719189,0.6382425637310213,0.5139355860252801,0.509775095164692,0.6926568165719189,0.6382425637310213,0.9002500540935484,1.0,0.6830487673184523,0.8939090988859187,Creator,AM,Central,Free Role,Creator
830127,Romano Schmid,Romano Schmid,2025-26,Bundesliga,SV Werder Bremen,1,Bundesliga,1,SV Werder Bremen,34,2988.0,2000-01-27,26.0,2026-05-25,Austria,168.0,Right,M,M,midfield,AM,W,6,"AM, W, DM, ST, SS, M",medium,heuristic_stats,4.0,8.0,57.0,21.0,18.0,7.832899999999999,6.677099999999999,10.439631899999998,17.0,7.0,5.0,1.0,1455.0,1109.0,398.0,329.0,1057.0,780.0,89.0,130.0,74.0,160.0,42.0,2158.0,69.0,98.0,471.0,4196.577034076017,50.0,980.805807029475,473.19330397377297,1635.167193761758,55.0,665.0,,,21.0,336.0,131.0,205.0,28.0,17.0,44.0,37.0,27.0,1.0,,19.0,31.0,4.0,,,,,,,,,,,,,,,,,,,47.5,27.54,11.44,14.2,168.92,17.536813922356092,20.0,0.0,,84.51307189542484,76.21993127147766,48.75,1.0,0.1204819277108433,0.2409638554216867,1.716867469879518,0.6325301204819277,0.5421686746987951,0.2359307228915662,0.201117469879518,0.3144467439759035,0.5120481927710844,0.1506024096385542,43.82530120481928,33.403614457831324,11.987951807228916,9.909638554216867,31.83734939759036,23.49397590361446,2.680722891566265,3.9156626506024095,2.2289156626506026,4.819277108433735,1.2650602409638554,65.0,2.0783132530120483,2.9518072289156625,14.186746987951809,126.40292271313304,1.5060240963855422,29.54234358522515,14.252810360655811,49.25202390848669,1.6566265060240963,20.03012048192771,0.6325301204819277,10.120481927710845,3.9457831325301207,6.174698795180723,0.8433734939759037,0.5120481927710844,1.3253012048192772,1.1144578313253013,0.8132530120481928,,0.572289156626506,0.933734939759036,0.1204819277108433,,,,,,1.430722891566265,0.8295180722891566,0.3445783132530121,0.4277108433734939,5.087951807228915,38.98809523809524,60.71428571428572,37.755102040816325,0.0301204819277108,,,,,,,,,,,,,0.2108433734939759,0.0301204819277108,,,,59.507520588235295,56.19894411764706,5.673741924241585,12.08894294038455,34.0,9.0,1.0,8.0,25.0,24.0,10.0,0.0,4.0,5.0,0.0,0.2647,0.0294,0.2353,0.7353,0.7059,0.2941,0.0,0.1176,0.1471,0.0,high_central,Central/Mixed,season_collapsed_average_positions_v14,59.507520588235295,56.19894411764706,0.0301204819277108,0.5282172868179545,0.0,,2.545574454681472,0.0301204819277108,1.7923951984408222,1.6927392806520198,0.170895841091614,0.3641247873609804,1.0240963855421688,0.2710843373493976,0.0301204819277108,0.2409638554216867,0.7530120481927711,0.7228915662650602,0.3012048192771084,0.0,0.1204819277108433,0.1506024096385542,0.0,1.7923951984408222,1.6927392806520198,51.25,59.195020588235295,high,M,AM,AM,M,AM,AM,AMC,AM-C,Central Attacking Midfield,Possession-adjusted spatial evidence coherent with role scores (spatial_adj).,"sources=M,AM,AM; agreement=0.45; wide_score=73.6; central_score=94.9; adj_avg_x=59.2; spatial=AMC@adj_x=59.2,y=56.2,strength=0.72; upstream_position_source=heuristic",0.85,True,arbitrated_role_group,AM-C,AM,Tracking Attacking Midfielder,Attacking Midfielder,83.74,0.6748,0.117,146.0,,1.0,4.0,0.0,1.0,key_passes_per90,,"marking, work rate, stamina",AM,0.6339904614155775,0.2589317017155343,0.6186150525546948,0.6678163609095192,0.29678343092795617,0.1756578974482061,0.6186150525546948,0.6678163609095192,0.931058524977488,1.0,0.5954844682670716,0.8633972883081033,Creator,AM,Central,Tracking Attacking Midfielder,Creator
94286,Thorgan Hazard,Thorgan Hazard,2025-26,Pro League,RSC Anderlecht,1,Pro League,1,RSC Anderlecht,36,2649.0,1993-03-29,33.0,2026-05-25,Belgium,174.0,Right,M,M,midfield,AM,W,5,"AM, W, ST, DM, WM",medium,heuristic_stats,13.0,7.0,71.0,31.0,23.0,11.7187,11.6285,7.932583289999998,14.0,7.0,11.0,3.0,1293.0,1022.0,334.0,283.0,959.0,739.0,77.0,74.0,46.0,180.0,48.0,1923.0,68.0,74.0,353.0,3352.932383662351,40.0,879.995873602375,407.41003342199895,1038.8895172813304,36.0,555.0,,,18.0,258.0,102.0,169.0,12.0,10.0,26.0,36.0,33.0,,,38.0,19.0,6.0,,,1.0,,,,,,,,,,,,,,,,37.92,22.64,8.82,18.12,120.43999999999998,13.941487353718385,11.0,0.0305775764439411,69.14814814814815,81.81914893617021,79.04098994586234,46.860702151755376,1.0,0.4416761041902605,0.2378255945639864,2.4122310305775763,1.0532276330690826,0.7814269535673839,0.3981438278595696,0.395079275198188,0.2695101910532276,0.4756511891279728,0.3737259343148358,43.92978482446206,34.72253680634201,11.347678369195924,9.614949037372591,32.582106455266135,25.107587768969424,2.6160815402038504,2.5141562853907136,1.5628539071347678,6.115515288788222,1.6308040770101926,65.33408833522084,2.3103057757644394,2.5141562853907136,11.993204983012458,113.91616252533468,1.359003397508494,29.89793455047707,13.84179048998864,35.29635959053218,1.2231030577576445,18.85617214043036,0.6115515288788222,8.765571913929785,3.46545866364666,5.7417893544733865,0.4077010192525481,0.3397508493771234,0.883352208380521,1.2231030577576445,1.1211778029445074,,1.291053227633069,0.6455266138165345,0.203850509626274,,,,,,1.288335220838052,0.7691959229898073,0.2996602491506229,0.6156285390713477,4.091959229898074,39.53488372093023,83.33333333333333,48.648648648648646,,,,,,,,,,,,,0.0339750849377123,0.2378255945639864,0.101925254813137,,,,62.71669705882352,50.678982352941176,6.144676444793753,6.7245079276308415,34.0,0.0,0.0,0.0,34.0,24.0,10.0,0.0,0.0,0.0,0.0,0.0,0.0,0.0,1.0,0.7059,0.2941,0.0,0.0,0.0,0.0,high_central,Central/Mixed,season_collapsed_average_positions_v14,62.71669705882352,50.678982352941176,0.0339750849377123,0.4736632170006246,0.0010388757568722,2.34931420661885,2.77981253463772,0.0339750849377123,2.130805109586303,1.7218227299980016,0.2087659041266281,0.2284657280055778,1.1551528878822197,0.0,0.0,0.0,1.1551528878822197,0.8154020385050963,0.3397508493771234,0.0,0.0,0.0,0.0,2.130805109586303,1.7218227299980016,53.139297848244624,61.93187259676236,high,M,AM,AM,M,AM,AM,AMC,AM-C,Central Attacking Midfield,Possession-adjusted spatial evidence coherent with role scores (spatial_adj).,"sources=M,AM,AM; agreement=0.45; wide_score=72.8; central_score=94.2; adj_avg_x=61.9; spatial=AMC@adj_x=61.9,y=50.7,strength=0.72; upstream_position_source=heuristic",0.85,True,arbitrated_role_group,AM-C,AM,Tracking Attacking Midfielder,Second Striker,82.93,0.6586,0.117,146.0,,1.0,4.0,0.0,1.0,key_passes_per90,,"marking, work rate, stamina",AM,0.6373174409715293,0.16136502661097785,0.5974866714561518,0.7249451339053599,0.16730728861989624,0.14829205019135738,0.5974866714561518,0.7249451339053599,0.914378799309992,1.0,0.5677160950961387,0.8535998378650806,Creator,AM,Central,Tracking Attacking Midfielder,Creator
929633,Mohamed Ihattaren,Mohamed Ihattaren,2025-26,VriendenLoterij Eredivisie,Fortuna Sittard,1,VriendenLoterij Eredivisie,1,Fortuna Sittard,28,1946.0,2002-02-12,24.0,2026-05-25,Morocco,182.0,Left,M,M,midfield,AM,ST,6,"AM, ST, DM, W, CM, WM",medium,heuristic_stats,6.0,10.0,69.0,34.0,10.0,5.878,5.2147,5.98461731,11.0,1.0,4.0,2.0,813.0,637.0,237.0,204.0,576.0,433.0,49.0,71.0,46.0,125.0,35.0,1284.0,46.0,60.0,222.0,1955.87372011718,29.0,579.9133820206711,383.1103803368192,701.549405377167,30.0,381.0,,,26.0,157.0,72.0,97.0,11.0,7.0,17.0,30.0,10.0,,,10.0,21.0,4.0,,,,,,,,,,,,,,,,,,,17.06,7.279999999999999,11.28,10.28,97.02,16.711716341212743,52.0,0.1038026721479958,48.3960396039604,73.68083462132921,78.35178351783517,55.89260020554985,1.0,0.2774922918807811,0.4624871531346352,3.1911613566289825,1.5724563206577595,0.4624871531346352,0.2718499486125385,0.2411731757451181,0.2767808622302158,0.5087358684480987,0.184994861253854,37.60020554984584,29.46043165467626,10.960945529290854,9.434737923946557,26.639260020554985,20.025693730729703,2.2661870503597124,3.2836587872559098,2.1274409044193217,5.781089414182939,1.618705035971223,59.38335046248715,2.1274409044193217,2.774922918807811,10.2672147995889,90.45664687078428,1.341212744090442,26.820248911541825,17.71836291383028,32.445758727618205,1.3874614594039054,17.6207605344296,1.2024665981500513,7.261048304213772,3.329907502569373,4.486125385405961,0.5087358684480987,0.3237410071942446,0.7862281603288798,1.3874614594039054,0.4624871531346352,,0.4624871531346352,0.9712230215827338,0.184994861253854,,,,,,0.7890030832476875,0.3366906474820143,0.5216855087358685,0.4754367934224049,4.48705035971223,45.859872611464965,63.63636363636363,50.0,,,,,,,,,,,,,,0.0462487153134635,0.092497430626927,,,,62.381903571428566,39.084228571428575,4.881030938574357,10.367406058764246,28.0,7.0,7.0,0.0,21.0,22.0,6.0,0.0,7.0,0.0,0.0,0.25,0.25,0.0,0.75,0.7857,0.2143,0.0,0.25,0.0,0.0,high_central,Central/Mixed,season_collapsed_average_positions_v14,62.381903571428566,39.084228571428575,0.0462487153134635,0.7728954114641042,0.0048007402329494,2.23825465794267,3.407643944460241,0.0462487153134635,2.8850828989869326,1.8075953604463368,0.225741410314333,0.4794792113508644,1.2949640287769784,0.3237410071942446,0.3237410071942446,0.0,0.9712230215827338,1.0174717368961974,0.2774922918807811,0.0,0.3237410071942446,0.0,0.0,2.8850828989869326,1.8075953604463368,44.10739979445015,63.85505362281603,high,M,AM,AM,M,AM,AM,AMC,AM-C,Central Attacking Midfield,Possession-adjusted spatial evidence coherent with role scores (spatial_adj).,"sources=M,AM,AM; agreement=0.45; wide_score=72.7; central_score=92.6; adj_avg_x=63.9; spatial=AMC@adj_x=63.9,y=39.1,strength=0.72; upstream_position_source=heuristic",0.85,True,arbitrated_role_group,AM-C,AM,Second Striker,Attacking Midfielder,78.13,0.5626,0.708,146.0,,5.0,6.0,0.0,0.0,"shots_total_per90, xg_per90, goals_per90, assists_per90, key_passes_per90",,"anticipation, composure, off the ball, acceleration, first touch",AM,0.5010346849880278,0.3768940119275746,0.4383315636235398,0.6389815519899015,0.36560387600466016,0.4017323109579863,0.4383315636235398,0.6389815519899015,0.9746222843973387,1.0,0.5658868734987224,0.8529523147139557,Creator,AM,Central,Second Striker,Creator
1130939,Maghnes Akliouche,Maghnes Akliouche,2025-26,Ligue 1,AS Monaco,1,Ligue 1,1,AS Monaco,32,2410.0,2002-02-25,24.0,2026-05-25,France,183.0,Left,M,F,attack,ST,AM,7,"ST, AM, M, SS, DM, W, CM",medium,heuristic_stats,6.0,6.0,48.0,19.0,16.0,7.225,6.2071000000000005,5.3711309,8.0,6.0,9.0,1.0,1106.0,941.0,298.0,272.0,808.0,669.0,44.0,58.0,45.0,52.0,12.0,1591.0,80.0,55.0,325.0,3362.0630373188724,48.0,925.207448444127,409.8801421389807,1204.016569945757,38.0,361.0,,,16.0,235.0,104.0,135.0,5.0,3.0,19.0,26.0,26.0,,1.0,29.0,36.0,3.0,,1.0,,,,,,,,,,,,,,,,,38.18,23.9,18.9,11.26,134.22000000000003,17.049377593360997,11.0,0.0398340248962655,55.40625,74.68192219679634,85.08137432188065,46.59087136929461,1.0,0.2240663900414937,0.2240663900414937,1.7925311203319505,0.7095435684647303,0.5975103734439834,0.2698132780082987,0.2318004149377593,0.2005816518672199,0.2987551867219917,0.3360995850622407,41.30290456431536,35.14107883817427,11.12863070539419,10.157676348547716,30.17427385892116,24.98340248962656,1.6431535269709543,2.16597510373444,1.6804979253112031,1.941908713692946,0.4481327800829875,59.4149377593361,2.987551867219917,2.0539419087136928,12.136929460580912,125.55422131066328,1.7925311203319505,34.551315502062835,15.30672729979596,44.963274396314574,1.4190871369294606,13.481327800829876,0.5975103734439834,8.775933609958507,3.883817427385892,5.04149377593361,0.1867219917012448,0.1120331950207468,0.7095435684647303,0.970954356846473,0.970954356846473,0.0373443983402489,1.0829875518672198,1.3443983402489628,0.1120331950207468,,,,,,1.4258091286307053,0.8925311203319503,0.7058091286307053,0.4204979253112033,5.012365145228217,44.255319148936174,60.0,47.27272727272727,,,,,,,,,,,,,,0.2240663900414937,0.0373443983402489,,0.0373443983402489,,60.33834516129032,34.48363225806452,6.4937645768762255,7.272182804925772,31.0,14.0,14.0,0.0,17.0,20.0,11.0,0.0,9.0,5.0,0.0,0.4516,0.4516,0.0,0.5484,0.6452,0.3548,0.0,0.2903,0.1613,0.0,high_central,Right,season_collapsed_average_positions_v14,60.33834516129032,34.48363225806452,0.0373443983402489,0.6366987482997882,0.0014875776932215,2.069113070539419,2.788951451332643,0.0373443983402489,2.2532991968946594,1.28777049926382,0.242505731086664,0.271575291470257,1.157676348547718,0.5228215767634855,0.5228215767634855,0.0,0.6348547717842323,0.7468879668049793,0.4107883817427386,0.0,0.3360995850622407,0.1867219917012448,0.0,2.2532991968946594,1.28777049926382,53.40912863070539,59.48606300361397,high,M,ST,ST,M,ST,ST,AMC,AM-C,Central Attacking Midfield,Possession-adjusted spatial evidence coherent with role scores (spatial_adj).,"sources=M,ST,ST; agreement=0.45; wide_score=58.8; central_score=86.9; adj_avg_x=59.5; spatial=AMC@adj_x=59.5,y=34.5,strength=0.72; upstream_position_source=heuristic",0.85,True,arbitrated_role_group,AM-C,AM,Second Striker,Attacking Midfielder,57.85,0.157,0.708,146.0,,5.0,6.0,0.0,0.0,"shots_total_per90, xg_per90, goals_per90, assists_per90, key_passes_per90",,"anticipation, composure, off the ball, acceleration, first touch",AM,0.6034789926977548,0.2023462086767487,0.5869796074400082,0.6397776402647973,0.20129335977097285,0.20466247626945566,0.5869796074400082,0.6397776402647973,0.8997276391567309,1.0,0.5595503915385827,0.85070722383133,Creator,AM,Central,Second Striker,Creator
973556,Julio Enciso,Julio Enciso,2025-26,Ligue 1,RC Strasbourg,1,Ligue 1,1,RC Strasbourg,28,1892.0,2004-01-23,22.0,2026-05-25,Paraguay,173.0,Right,M,M,midfield,AM,ST,7,"AM, ST, CM, W, F, DM, SS",medium,heuristic_stats,3.0,6.0,61.0,22.0,21.0,7.598400000000001,5.5983,5.2782791200000005,9.0,9.0,5.0,1.0,636.0,532.0,224.0,204.0,412.0,328.0,29.0,20.0,14.0,59.0,21.0,1081.0,44.0,96.0,282.0,2838.845055991964,52.0,1072.398119903713,518.205704620196,1414.1774730840589,39.0,278.0,,,19.0,243.0,118.0,128.0,16.0,12.0,21.0,54.0,8.0,1.0,,20.0,31.0,2.0,,,,,,,,,,,,,,,,,,,20.6,10.16,6.82,8.54,64.02,21.002114164904864,19.0,0.0591966173361522,65.23214285714286,77.41478260869565,83.64779874213836,45.66649048625793,1.0,0.1427061310782241,0.2854122621564482,2.90169133192389,1.0465116279069768,0.9989429175475688,0.361446088794926,0.2663039112050739,0.2510809306553911,0.4281183932346723,0.2378435517970401,30.25369978858351,25.306553911205075,10.6553911205074,9.704016913319238,19.59830866807611,15.602536997885837,1.379492600422833,0.9513742071881608,0.6659619450317125,2.806553911205074,0.9989429175475688,51.42177589852008,2.0930232558139537,4.5665961945031714,13.414376321353066,135.0401982237192,2.473572938689218,51.01259555567345,24.65037706967105,67.27059861393515,1.855179704016913,13.224101479915433,0.9038054968287528,11.559196617336152,5.613107822410148,6.088794926004228,0.7610993657505285,0.5708245243128964,0.9989429175475688,2.568710359408034,0.3805496828752642,,0.9513742071881608,1.474630021141649,0.095137420718816,,,,,,0.9799154334038056,0.4832980972515856,0.3244186046511628,0.4062367864693446,3.045348837209302,48.55967078189301,75.0,56.25,0.047568710359408,,,,,,,,,,,,,0.4281183932346723,0.047568710359408,,,,60.18148518518519,55.2913037037037,7.16895702089672,14.476193828103847,27.0,10.0,2.0,8.0,17.0,15.0,12.0,0.0,6.0,4.0,0.0,0.3704,0.0741,0.2963,0.6296,0.5556,0.4444,0.0,0.2222,0.1481,0.0,high_central,Central/Mixed,season_collapsed_average_positions_v14,60.18148518518519,55.2913037037037,0.047568710359408,0.9990434856455802,0.0028159067443201,3.1030089096949567,3.682521371449581,0.047568710359408,2.86275563777308,2.630136011275546,0.3410180401060808,0.688613871315722,1.284355179704017,0.4756871035940803,0.095137420718816,0.3805496828752642,0.8086680761099366,0.7135306553911205,0.5708245243128964,0.0,0.2854122621564482,0.1902748414376321,0.0,2.86275563777308,2.630136011275546,54.33350951374207,59.09810780674967,high,M,AM,AM,M,AM,AM,AMC,AM-C,Central Attacking Midfield,Possession-adjusted spatial evidence coherent with role scores (spatial_adj).,"sources=M,AM,AM; agreement=0.45; wide_score=79.8; central_score=79.6; adj_avg_x=59.1; spatial=AMC@adj_x=59.1,y=55.3,strength=0.72; upstream_position_source=heuristic",0.85,True,arbitrated_role_group,AM-C,AM,Free Role,Attacking Midfielder,70.2,0.4039,0.607,146.0,,5.0,7.0,0.0,0.0,"key_passes_per90, xa_per90, shots_total_per90, xg_per90, dribbles_attempted_per90",,"flair, vision, composure, off the ball, creative freedom",AM,0.49901572095117447,0.34942196725021835,0.523840349068992,0.4444015390919758,0.40014317396324967,0.2378353124815495,0.523840349068992,0.4444015390919758,0.8847264020964235,1.0,0.5443719520104731,0.8453162961732702,Creator,AM,Central,Free Role,Creator
1063767,Ismael Saibari,Ismael Saibari,2025-26,VriendenLoterij Eredivisie,PSV Eindhoven,1,VriendenLoterij Eredivisie,1,PSV Eindhoven,27,2145.0,2001-01-28,25.0,2026-05-25,Morocco,185.0,Right,M,M,midfield,AM,CM,4,"AM, CM, DM, ST",medium,heuristic_stats,15.0,8.0,91.0,37.0,39.0,12.9486,11.6945,7.411538000000001,11.0,21.0,10.0,3.0,999.0,846.0,278.0,254.0,721.0,592.0,53.0,43.0,22.0,18.0,2.0,1482.0,81.0,85.0,263.0,2693.3121735239706,43.0,907.453891746557,391.67361201989297,1016.659786947307,38.0,337.0,,,17.0,236.0,116.0,129.0,18.0,15.0,18.0,48.0,14.0,3.0,,25.0,21.0,2.0,,,,,,,,,,,,,,,,,,,26.42,13.86,6.54,6.159999999999999,76.62,15.243356643356645,34.0,0.0088578088578088,71.0,73.99538106235566,84.68468468468468,38.88531468531468,1.0,0.6293706293706294,0.3356643356643357,3.8181818181818175,1.5524475524475525,1.6363636363636365,0.543297902097902,0.4906783216783216,0.3109736223776224,0.4615384615384615,0.4195804195804196,41.91608391608391,35.49650349650349,11.664335664335663,10.657342657342657,30.251748251748253,24.83916083916084,2.223776223776224,1.804195804195804,0.9230769230769232,0.7552447552447552,0.0839160839160839,62.18181818181818,3.3986013986013988,3.5664335664335662,11.034965034965037,113.00610518282394,1.804195804195804,38.0749884648905,16.433857846988513,42.65705399778911,1.5944055944055944,14.13986013986014,0.7132867132867133,9.902097902097902,4.867132867132868,5.4125874125874125,0.7552447552447552,0.6293706293706294,0.7552447552447552,2.013986013986014,0.5874125874125874,,1.048951048951049,0.8811188811188811,0.0839160839160839,,,,,,1.1085314685314684,0.5815384615384616,0.2744055944055944,0.2584615384615384,3.214825174825175,49.15254237288136,83.33333333333333,56.47058823529412,0.1258741258741259,,,,,,,,,,,,,0.8811188811188811,0.1258741258741259,,,,61.17418148148148,53.82408148148148,5.572794351340822,11.21385752746049,27.0,2.0,0.0,2.0,25.0,19.0,8.0,0.0,0.0,2.0,0.0,0.0741,0.0,0.0741,0.9259,0.7037,0.2963,0.0,0.0,0.0741,0.0,high_central,Central/Mixed,season_collapsed_average_positions_v14,61.17418148148148,53.82408148148148,0.0419580419580419,0.6395813976233556,0.0003716563157122,2.979020979020979,3.1047013033156223,0.0419580419580419,2.5667488733488737,2.258353069153069,0.2338235392170974,0.4705115046486919,1.132867132867133,0.0839160839160839,0.0,0.0839160839160839,1.048951048951049,0.7972027972027972,0.3356643356643357,0.0,0.0,0.0839160839160839,0.0,2.5667488733488737,2.258353069153069,61.11468531468532,58.39551015281016,high,M,AM,AM,M,AM,AM,AMC,AM-C,Central Attacking Midfield,Possession-adjusted spatial evidence coherent with role scores (spatial_adj).,"sources=M,AM,AM; agreement=0.45; wide_score=53.7; central_score=94.2; adj_avg_x=58.4; spatial=AMC@adj_x=58.4,y=53.8,strength=0.72; upstream_position_source=heuristic",0.85,True,arbitrated_role_group,AM-C,AM,Second Striker,Attacking Midfielder,90.84,0.8167,0.708,146.0,,5.0,6.0,0.0,0.0,"shots_total_per90, xg_per90, goals_per90, assists_per90, key_passes_per90",,"anticipation, composure, off the ball, acceleration, first touch",AM,0.5586029835478556,0.16910218367015603,0.48934693225501874,0.7109662963920969,0.17321695996151348,0.16004967582916957,0.48934693225501874,0.7109662963920969,0.9202223115259945,1.0,0.5300934283058252,0.8402280391582948,Creator,AM,Central,Second Striker,Creator
842391,Gauthier Hein,Gauthier Hein,2025-26,Ligue 1,Metz,1,Ligue 1,1,Metz,29,2354.0,1996-08-07,29.0,2026-05-25,France,170.0,Left,M,M,midfield,AM,DM,6,"AM, DM, W, F, CM, ST",medium,heuristic_stats,8.0,7.0,44.0,13.0,13.0,8.073500000000001,6.495299999999999,4.40718066,7.0,2.0,4.0,2.0,1435.0,1289.0,609.0,579.0,826.0,710.0,58.0,135.0,112.0,145.0,37.0,1847.0,44.0,22.0,415.0,3404.6351284236057,30.0,589.086065567873,338.83702149448203,1091.940271800756,36.0,356.0,,,20.0,139.0,51.0,97.0,5.0,7.0,13.0,9.0,21.0,1.0,,15.0,17.0,3.0,,,,,,,,,,,,,,,,,,,17.86,9.8,8.280000000000001,3.88,98.48,17.508496176720477,10.0,0.036108751062022,60.15294117647059,79.7953091684435,89.82578397212544,49.45454545454545,1.0,0.3058623619371283,0.2676295666949873,1.6822429906542056,0.4970263381478335,0.4970263381478335,0.3086724723874257,0.2483334749362786,0.1684988357689039,0.2676295666949873,0.1529311809685641,54.86406117247239,49.2820730671198,23.28377230246389,22.13678844519966,31.58028887000849,27.145284621920137,2.21750212404418,5.16142735768904,4.282073067119796,5.54375531011045,1.4146134239592183,70.61597281223449,1.6822429906542056,0.8411214953271028,15.86661002548853,130.16871773922028,1.146983857264231,22.522406924854955,12.954686463255472,41.74792882840613,1.3763806287170772,13.61087510620221,0.7646559048428208,5.314358538657604,1.9498725573491928,3.708581138487681,0.1911639762107052,0.2676295666949873,0.4970263381478335,0.3440951571792693,0.8028887000849617,,0.5734919286321155,0.6499575191163977,0.1146983857264231,,,,,,0.6828377230246389,0.3746813933729822,0.3165675446049278,0.1483432455395072,3.7651656754460494,36.69064748201439,140.0,40.90909090909091,0.038232795242141,,,,,,,,,,,,,0.076465590484282,0.076465590484282,,,,58.153889655172414,40.7194551724138,5.060550113048468,9.400443889503538,29.0,6.0,5.0,1.0,23.0,15.0,14.0,0.0,4.0,2.0,0.0,0.2069,0.1724,0.0345,0.7931,0.5172,0.4828,0.0,0.1379,0.069,0.0,high_central,Central/Mixed,season_collapsed_average_positions_v14,58.153889655172414,40.7194551724138,0.038232795242141,0.6693987493223632,0.0013805384858037,2.2998150832125543,3.05079771672044,0.038232795242141,2.2233857557202708,1.5568185919784374,0.1934789762847757,0.3594052464126246,1.10875106202209,0.2293967714528462,0.1911639762107052,0.038232795242141,0.8793542905692439,0.5734919286321155,0.5352591333899746,0.0,0.1529311809685641,0.076465590484282,0.0,2.2233857557202708,1.5568185919784374,50.54545454545455,58.01752601880878,high,M,AM,AM,M,AM,AM,AMC,AM-C,Central Attacking Midfield,Possession-adjusted spatial evidence coherent with role scores (spatial_adj).,"sources=M,AM,AM; agreement=0.45; wide_score=57.7; central_score=90.7; adj_avg_x=58.0; spatial=AMC@adj_x=58.0,y=40.7,strength=0.72; upstream_position_source=heuristic",0.85,True,arbitrated_role_group,AM-C,AM,Tracking Attacking Midfielder,Second Striker,70.73,0.4146,0.117,146.0,,1.0,4.0,0.0,1.0,key_passes_per90,,"marking, work rate, stamina",AM,0.5077221883486548,0.1933551617833773,0.4917446287789275,0.5428728194020549,0.18136720223974817,0.21972867277936137,0.4917446287789275,0.5428728194020549,0.9404034721227068,1.0,0.5134653603435673,0.8342815096753458,Second Striker,AM,Central,Tracking Attacking Midfielder,Second Striker
1126569,Bilal El Khannouss,Bilal El Khannouss,2025-26,Bundesliga,VfB Stuttgart,1,Bundesliga,1,VfB Stuttgart,27,1634.0,2004-05-10,22.0,2026-05-25,Morocco,180.0,Right,M,M,midfield,AM,ST,5,"AM, ST, M, W, DM",medium,heuristic_stats,4.0,5.0,42.0,15.0,11.0,3.1703,3.8488,5.74455227,8.0,3.0,1.0,,944.0,749.0,250.0,216.0,694.0,533.0,45.0,73.0,48.0,66.0,21.0,1271.0,49.0,32.0,220.0,1967.156797311384,22.0,432.6313731013527,251.2793791026549,528.1146647909986,18.0,327.0,,,17.0,143.0,75.0,72.0,18.0,20.0,14.0,18.0,7.0,1.0,,19.0,9.0,6.0,,,,,,,,,,,,,,,,,,,24.66,19.020000000000003,7.72,7.16,47.52000000000001,15.87454100367197,11.0,0.0605875152998776,72.6969696969697,77.34254143646409,79.34322033898304,41.750917992656056,1.0,0.2203182374541003,0.2753977968176254,2.313341493268054,0.8261933904528764,0.605875152998776,0.1746187270501836,0.2119902080783353,0.3164074077723378,0.4406364749082007,0.055079559363525,51.995104039167686,41.254589963280296,13.769889840881271,11.89718482252142,38.225214198286416,29.357405140758875,2.478580171358629,4.020807833537332,2.6438188494492043,3.635250917992656,1.156670746634027,70.00611995104039,2.6988984088127297,1.762545899632803,12.11750305997552,108.35012959487426,1.211750305997552,23.829145397259325,13.840357478114406,29.08832303010396,0.9914320685434516,18.011015911872704,0.9363525091799264,7.876376988984088,4.130966952264382,3.965728274173807,0.9914320685434516,1.1015911872705018,0.7711138310893513,0.9914320685434516,0.3855569155446756,,1.0465116279069768,0.4957160342717258,0.3304773561811505,,,,,,1.3582619339045288,1.047613219094247,0.4252141982864136,0.3943696450428396,2.617380660954713,52.44755244755245,111.11111111111111,56.25,0.055079559363525,,,,,,,,,,,,,0.1652386780905752,,,,,60.46884,51.51834,4.983806356340502,10.913430375726664,25.0,3.0,2.0,1.0,22.0,15.0,10.0,0.0,2.0,1.0,0.0,0.12,0.08,0.04,0.88,0.6,0.4,0.0,0.08,0.04,0.0,high_central,Central/Mixed,season_collapsed_average_positions_v14,60.46884,51.51834,0.055079559363525,0.8743627235804635,0.003337133645648,4.004117057972628,4.259993102375623,0.055079559363525,3.3305970624235006,2.8376074663402693,0.2745058580603704,0.6011069362395347,1.3769889840881273,0.1652386780905752,0.1101591187270501,0.055079559363525,1.211750305997552,0.8261933904528764,0.5507955936352509,0.0,0.1101591187270501,0.055079559363525,0.0,3.3305970624235006,2.8376074663402693,58.24908200734394,58.40656949816402,high,M,AM,AM,M,AM,AM,AMC,AM-C,Central Attacking Midfield,Possession-adjusted spatial evidence coherent with role scores (spatial_adj).,"sources=M,AM,AM; agreement=0.45; wide_score=61.6; central_score=95.7; adj_avg_x=58.4; spatial=AMC@adj_x=58.4,y=51.5,strength=0.72; upstream_position_source=heuristic",0.85,True,arbitrated_role_group,AM-C,AM,Tracking Attacking Midfielder,Attacking Midfielder,79.67,0.5934,0.117,146.0,,1.0,4.0,0.0,1.0,key_passes_per90,,"marking, work rate, stamina",AM,0.46441546033998227,0.1775233159056249,0.4268185305719864,0.5471287058295732,0.19093481895453782,0.14801800919801647,0.4268185305719864,0.5471287058295732,0.9265119851272016,1.0,0.4847423548498837,0.8239554227387671,Creator,AM,Central,Tracking Attacking Midfielder,Creator
948261,Morgan Rogers,Morgan Rogers,2025-26,Premier League,Aston Villa,1,Premier League,1,Aston Villa,37,3285.0,2002-07-26,23.0,2026-05-25,England,187.0,Right,M,M,midfield,AM,CM,5,"AM, CM, M, DM, ST",medium,heuristic_stats,10.0,6.0,84.0,32.0,26.0,6.782,7.9708,4.304274489999999,13.0,4.0,3.0,3.0,1068.0,797.0,327.0,263.0,741.0,534.0,47.0,60.0,37.0,50.0,3.0,1805.0,133.0,118.0,368.0,3725.970786881549,83.0,1589.8534591648588,624.3350232513319,1892.532833142268,80.0,619.0,,1.0,28.0,424.0,158.0,284.0,57.0,26.0,62.0,42.0,23.0,2.0,,46.0,49.0,7.0,,,1.0,,2.91,5.57,1.72,0.6,0.16,,,,,,,,,,41.28,23.44,12.62,31.34,135.16,18.948858447488583,27.0,0.0,,81.1283950617284,74.62546816479401,46.350989345509895,1.0,0.273972602739726,0.1643835616438356,2.3013698630136985,0.8767123287671232,0.7123287671232876,0.1858082191780821,0.2183780821917808,0.1179253284931506,0.3561643835616438,0.0821917808219178,29.26027397260274,21.83561643835617,8.95890410958904,7.205479452054795,20.301369863013697,14.63013698630137,1.2876712328767124,1.643835616438356,1.0136986301369864,1.36986301369863,0.0821917808219178,49.45205479452055,3.643835616438356,3.232876712328767,10.082191780821915,102.08139142141232,2.2739726027397262,43.55762901821531,17.105069130173476,51.850214606637486,2.191780821917808,16.958904109589042,0.7671232876712328,11.616438356164384,4.328767123287672,7.780821917808219,1.5616438356164384,0.7123287671232876,1.6986301369863013,1.1506849315068493,0.6301369863013698,,1.2602739726027397,1.3424657534246576,0.1917808219178082,0.0797260273972602,0.1526027397260274,0.0471232876712328,0.0164383561643835,0.0043835616438356,1.130958904109589,0.6421917808219177,0.3457534246575343,0.8586301369863012,3.7030136986301367,37.264150943396224,45.6140350877193,35.59322033898305,0.0547945205479452,,,,,,,,,,,,0.0273972602739726,0.1095890410958904,0.0821917808219178,,,0.0273972602739726,59.33813783783784,56.038110810810814,6.810605069153031,13.15359063869769,37.0,10.0,1.0,9.0,27.0,25.0,12.0,0.0,6.0,4.0,0.0,0.2703,0.027,0.2432,0.7297,0.6757,0.3243,0.0,0.1622,0.1081,0.0,high_central,Central/Mixed,season_collapsed_average_positions_v14,59.33813783783784,56.038110810810814,0.0273972602739726,0.5191468067805092,0.0,,2.2226957551158466,0.0273972602739726,1.6257024065161052,1.5352907071455015,0.1865919197028227,0.3603723462656901,1.0136986301369864,0.273972602739726,0.0273972602739726,0.2465753424657534,0.7397260273972602,0.684931506849315,0.3287671232876712,0.0,0.1643835616438356,0.1095890410958904,0.0,1.6257024065161052,1.5352907071455015,53.649010654490105,58.42588517421532,high,M,AM,AM,M,AM,AM,AMC,AM-C,Central Attacking Midfield,Possession-adjusted spatial evidence coherent with role scores (spatial_adj).,"sources=M,AM,AM; agreement=0.45; wide_score=57.8; central_score=69.8; adj_avg_x=58.4; spatial=AMC@adj_x=58.4,y=56.0,strength=0.72; upstream_position_source=heuristic",0.85,True,arbitrated_role_group,AM-C,AM,Second Striker,Free Role,54.85,0.097,0.708,146.0,,5.0,6.0,0.0,0.0,"shots_total_per90, xg_per90, goals_per90, assists_per90, key_passes_per90",,"anticipation, composure, off the ball, acceleration, first touch",AM,0.4755532333773159,0.07452502820066018,0.46499504340979525,0.4987812513058613,0.10590685655956582,0.005485005811067721,0.46499504340979525,0.4987812513058613,0.9297722521131135,1.0,0.4623431483697197,0.8158541825370534,Attacking Midfielder,AM,Central,Second Striker,Attacking Midfielder
327755,Nadiem Amiri,Nadiem Amiri,2025-26,Bundesliga,1. FSV Mainz 05,1,Bundesliga,1,1. FSV Mainz 05,26,2090.0,1996-10-27,29.0,2026-05-25,Germany,180.0,Right,M,M,midfield,AM,DM,3,"AM, DM, WM",medium,heuristic_stats,12.0,2.0,55.0,23.0,11.0,10.3951,12.15,7.6888153,16.0,4.0,3.0,2.0,1111.0,903.0,363.0,332.0,748.0,571.0,63.0,131.0,64.0,138.0,45.0,1628.0,44.0,49.0,226.0,2104.844726623283,30.0,577.3612164251707,296.41030226550004,917.9749002823274,26.0,415.0,1.0,,24.0,181.0,94.0,93.0,9.0,12.0,11.0,25.0,13.0,,,20.0,26.0,6.0,,1.0,,,,,,,,,,,,,,,,,33.56,19.44,22.860000000000003,10.04,120.52,15.636363636363637,10.0,0.0253588516746411,63.41509433962264,79.72202998846598,81.27812781278128,52.510047846889954,1.0,0.5167464114832536,0.0861244019138756,2.3684210526315788,0.9904306220095692,0.4736842105263157,0.4476358851674641,0.5232057416267942,0.331097309569378,0.6889952153110048,0.1291866028708134,47.8421052631579,38.88516746411483,15.63157894736842,14.296650717703349,32.21052631578947,24.58851674641148,2.712918660287081,5.641148325358851,2.75598086124402,5.942583732057416,1.937799043062201,70.10526315789474,1.894736842105263,2.110047846889952,9.732057416267942,90.63924660100264,1.291866028708134,24.86244472644276,12.764080001863638,39.53001962938252,1.1196172248803828,17.870813397129186,1.0334928229665072,7.794258373205742,4.047846889952153,4.004784688995216,0.3875598086124402,0.5167464114832536,0.4736842105263157,1.076555023923445,0.5598086124401914,,0.861244019138756,1.1196172248803828,0.2583732057416268,,,,,,1.4451674641148329,0.8371291866028708,0.9844019138755982,0.4323444976076555,5.189856459330144,51.93370165745856,133.33333333333334,51.02040816326531,,,,,,,,,,,,0.0430622009569378,,0.1722488038277512,0.0861244019138756,,0.0430622009569378,,58.71944615384616,52.80691538461539,7.108349384110536,7.919666077490507,26.0,1.0,0.0,1.0,25.0,12.0,14.0,0.0,0.0,1.0,0.0,0.0385,0.0,0.0385,0.9615,0.4615,0.5385,0.0,0.0,0.0385,0.0,high_central,Central/Mixed,season_collapsed_average_positions_v14,58.71944615384616,52.80691538461539,0.0430622009569378,0.6733362331448456,0.0010920079668505,2.7307935361559985,3.4330060760583434,0.0430622009569378,2.528588590357012,2.2739820022083177,0.3061011696506929,0.3410382521407395,1.1196172248803828,0.0430622009569378,0.0,0.0430622009569378,1.076555023923445,0.5167464114832536,0.6028708133971292,0.0,0.0,0.0430622009569378,0.0,2.528588590357012,2.2739820022083177,47.489952153110046,59.34695811556865,high,M,AM,AM,M,AM,AM,AMC,AM-C,Central Attacking Midfield,Possession-adjusted spatial evidence coherent with role scores (spatial_adj).,"sources=M,AM,AM; agreement=0.45; wide_score=69.8; central_score=91.9; adj_avg_x=59.3; spatial=AMC@adj_x=59.3,y=52.8,strength=0.72; upstream_position_source=heuristic",0.85,True,arbitrated_role_group,AM-C,AM,Tracking Attacking Midfielder,Attacking Midfielder,84.55,0.691,0.117,146.0,,1.0,4.0,0.0,1.0,key_passes_per90,,"marking, work rate, stamina",AM,0.3880887351058835,0.17368385476130427,0.34598227175331975,0.48072295448152363,0.1951066011831824,0.12655381263317228,0.34598227175331975,0.48072295448152363,0.8740107953818192,1.0,0.4368007699634986,0.806562937237604,Creator,AM,Central,Tracking Attacking Midfielder,Creator
1444690,Arthur Atta,Arthur Atta,2025-26,Serie A,Udinese,1,Serie A,1,Udinese,32,2563.0,2003-01-14,23.0,2026-05-25,France,189.0,Right,M,M,midfield,AM,ST,6,"AM, ST, DM, CM, M, F",medium,heuristic_stats,5.0,3.0,57.0,20.0,18.0,4.0338,3.7451,2.28127031,5.0,3.0,8.0,3.0,1039.0,864.0,346.0,313.0,693.0,551.0,34.0,76.0,39.0,55.0,15.0,1665.0,86.0,120.0,380.0,3856.9788787880993,46.0,1046.995430861373,437.97868363258,1623.950391403906,66.0,430.0,,,19.0,322.0,141.0,181.0,26.0,21.0,23.0,63.0,16.0,1.0,,23.0,32.0,3.0,,,,,,,,,,,,,,,,,,,30.44,19.74,21.200000000000003,38.2,120.56,19.622317596566525,14.0,0.0355052672649239,59.43956043956044,78.06955380577428,83.15688161693936,53.32227857978931,1.0,0.1755754974639095,0.1053452984783456,2.0015606710885683,0.702301989855638,0.6320717908700741,0.1416472883339836,0.1315095591104174,0.0801070339055794,0.1755754974639095,0.2809207959422551,36.48458837300039,30.33944596176356,12.149824424502537,10.991026141240733,24.33476394849785,19.348419820522825,1.1939133827545845,2.668747561451424,1.369488880218494,1.931330472103004,0.5267264923917284,58.46664065548186,3.019898556379243,4.213811939133827,13.34373780725712,135.43819707020248,1.6152945766679672,36.76534872318516,15.379665051475694,57.02517956549027,2.3175965665236054,15.099492781896217,0.667186890362856,11.30706203667577,4.951229028482247,6.355833008193523,0.9129925868123292,0.7374170893484199,0.8076472883339836,2.2122512680452595,0.5618415918845103,,0.8076472883339836,1.1236831837690209,0.1053452984783456,,,,,,1.0689036285602809,0.6931720639875146,0.7444401092469762,1.3413968006242687,4.233476394849785,43.7888198757764,80.76923076923077,52.5,0.0351150994927818,,,,,,,,,,,,,0.1053452984783456,0.1053452984783456,,,,57.35755625,65.195440625,5.401077890983966,6.544120648429367,32.0,11.0,0.0,11.0,21.0,15.0,17.0,0.0,6.0,5.0,0.0,0.3438,0.0,0.3438,0.6562,0.4688,0.5312,0.0,0.1875,0.1562,0.0,mid_central,Central/Mixed,season_collapsed_average_positions_v14,57.35755625,65.195440625,0.0351150994927818,0.6890396346823985,0.0012467709925256,2.0872260786423875,2.7414201492468533,0.0351150994927818,2.0141162943815845,2.28934438402263,0.1896593875101665,0.2297974476623656,1.1236831837690209,0.3862660944206008,0.0,0.3862660944206008,0.7374170893484199,0.5267264923917284,0.5969566913772922,0.0,0.2106905969566913,0.1755754974639095,0.0,2.0141162943815845,2.28934438402263,46.67772142021069,58.18812589494733,high,M,AM,AM,M,AM,AM,AMC,AM-C,Central Attacking Midfield,Possession-adjusted spatial evidence coherent with role scores (spatial_adj).,"sources=M,AM,AM; agreement=0.45; wide_score=68.0; central_score=66.1; adj_avg_x=58.2; spatial=AMC@adj_x=58.2,y=65.2,strength=0.72; upstream_position_source=heuristic",0.85,True,arbitrated_role_group,AM-C,AM,Free Role,Channel Midfielder,43.57,-0.1286,0.607,146.0,,5.0,7.0,0.0,0.0,"key_passes_per90, xa_per90, shots_total_per90, xg_per90, dribbles_attempted_per90",,"flair, vision, composure, off the ball, creative freedom",AM,0.5099536955552556,-0.06510308624234504,0.501701932093555,0.5281075751709972,-0.03938006612952679,-0.12169373049054516,0.501701932093555,0.5281075751709972,0.8635999582832148,1.0,0.43185064636275716,0.8047556246205411,Attacking Midfielder,AM,Central,Free Role,Attacking Midfielder
1146623,Younes Taha,Younes Taha,2025-26,VriendenLoterij Eredivisie,FC Groningen,1,VriendenLoterij Eredivisie,1,FC Groningen,33,2698.0,2002-11-27,23.0,2026-05-25,Morocco,176.0,Left,M,M,midfield,AM,ST,6,"AM, ST, WM, W, CM, DM",medium,heuristic_stats,5.0,9.0,96.0,39.0,31.0,7.2195,5.3198,8.004603900000001,19.0,12.0,6.0,5.0,684.0,498.0,155.0,131.0,529.0,367.0,75.0,61.0,38.0,229.0,60.0,1458.0,95.0,84.0,308.0,2952.574755244778,47.0,895.166375711832,400.12486147371095,1019.804819562544,54.0,573.0,,,26.0,314.0,102.0,212.0,12.0,10.0,38.0,30.0,36.0,,,31.0,19.0,6.0,,,,,,,,,,,,,,,,,,,41.1,23.38,9.7,8.56,77.86,17.185322461082283,10.0,0.0,,78.23423980222496,72.80701754385964,48.92587101556709,1.0,0.1667902149740548,0.3002223869532987,3.202372127501853,1.3009636767976278,1.03409933283914,0.2408283914010378,0.1774581171237954,0.2670179210526316,0.6338028169014085,0.2001482579688658,22.816901408450704,16.612305411415864,5.1704966641957,4.369903632320237,17.646404744255005,12.242401779095626,2.501853224610823,2.034840622683469,1.267605633802817,7.638991845811712,2.001482579688658,48.6360266864344,3.1690140845070425,2.802075611564121,10.274277242401778,98.49211563084876,1.5678280207561155,29.8609984485044,13.347382332332831,34.01869301728279,1.8013343217197924,19.114158636026687,0.8673091178650852,10.474425500370645,3.402520385470719,7.071905114899926,0.4002965159377316,0.3335804299481097,1.267605633802817,1.000741289844329,1.200889547813195,,1.03409933283914,0.6338028169014085,0.2001482579688658,,,,,,1.371015567086731,0.7799110452186805,0.3235730170496664,0.2855448480355819,2.597257227575982,32.48407643312102,83.33333333333333,35.714285714285715,,,,,,,,,,,,,,0.4002965159377316,0.1667902149740548,,,,67.23737575757576,44.15115454545455,4.198066177869155,13.757562193187852,33.0,11.0,8.0,3.0,22.0,33.0,0.0,0.0,11.0,0.0,0.0,0.3333,0.2424,0.0909,0.6667,1.0,0.0,0.0,0.3333,0.0,0.0,high_central,Central/Mixed,season_collapsed_average_positions_v14,67.23737575757576,44.15115454545455,0.0333580429948109,0.5732687255364735,0.0,,2.609741134988972,0.0333580429948109,2.2429072713794733,1.4727961115978163,0.140039272056421,0.4589253511441463,1.100815418828762,0.3669384729429207,0.2668643439584878,0.1000741289844329,0.7338769458858414,1.100815418828762,0.0,0.0,0.3669384729429207,0.0,0.0,2.2429072713794733,1.4727961115978163,51.07412898443291,66.96884351146754,high,M,AM,AM,M,AM,AM,AMC,AM-C,Central Attacking Midfield,Possession-adjusted spatial evidence coherent with role scores (spatial_adj).,"sources=M,AM,AM; agreement=0.45; wide_score=76.5; central_score=81.4; adj_avg_x=67.0; spatial=AMC@adj_x=67.0,y=44.2,strength=0.72; upstream_position_source=heuristic",0.85,True,arbitrated_role_group,AM-C,AM,Tracking Attacking Midfielder,Channel Midfielder,80.49,0.6098,0.117,146.0,,1.0,4.0,0.0,1.0,key_passes_per90,,"marking, work rate, stamina",AM,0.30180245888209695,0.23473962600975998,0.26454981327566224,0.3837582792162534,0.2496208385453598,0.20200095843144036,0.26454981327566224,0.3837582792162534,0.902066408215849,1.0,0.4132558895679617,0.7979469616877277,Creator,AM,Central,Tracking Attacking Midfielder,Creator
187433,Serge Gnabry,Serge Gnabry,2025-26,Bundesliga,FC Bayern München,1,Bundesliga,1,FC Bayern München,25,1228.0,1995-07-14,30.0,2026-05-25,Germany,176.0,Right,M,M,midfield,AM,DM,4,"AM, DM, CM, M",medium,heuristic_stats,8.0,6.0,50.0,17.0,18.0,6.2595,5.1472,5.0849575,9.0,6.0,6.0,1.0,649.0,583.0,188.0,177.0,461.0,406.0,23.0,22.0,15.0,20.0,4.0,862.0,17.0,34.0,150.0,1289.371364168543,19.0,317.79564445888,151.89035026343203,521.9986979338659,14.0,139.0,,,15.0,76.0,40.0,56.0,,,10.0,16.0,7.0,2.0,,9.0,6.0,1.0,,,,,,,,,,,,,,,,,,,12.32,5.819999999999999,2.74,1.86,23.92,14.11400651465798,7.0,0.1001628664495114,63.63414634146341,69.55862068965517,89.83050847457628,32.86074918566775,1.0,0.5863192182410424,0.4397394136807817,3.6644951140065145,1.245928338762215,1.3192182410423452,0.4587581433224756,0.3772377850162866,0.3726760382736156,0.6596091205211726,0.4397394136807817,47.56514657980456,42.72801302931596,13.778501628664497,12.972312703583064,33.78664495114006,29.7557003257329,1.6856677524429968,1.6123778501628665,1.0993485342019544,1.4657980456026058,0.2931596091205212,63.17589576547231,1.245928338762215,2.49185667752443,10.993485342019545,94.4979012827108,1.3925081433224755,23.29121172744234,11.132028928101697,38.257233561928274,1.026058631921824,10.18729641693811,1.0993485342019544,5.570032573289902,2.931596091205212,4.1042345276872965,,,0.7328990228013029,1.1726384364820848,0.5130293159609121,,0.6596091205211726,0.4397394136807817,0.0732899022801303,,,,,,0.9029315960912052,0.4265472312703582,0.200814332247557,0.1363192182410423,1.7530944625407168,52.63157894736842,,47.05882352941177,0.1465798045602606,,,,,,,,,,,,,0.4397394136807817,0.0732899022801303,,,,62.58772857142857,54.73681904761904,5.362665957911499,15.428575744008878,21.0,6.0,1.0,5.0,15.0,17.0,4.0,0.0,6.0,0.0,0.0,0.2857,0.0476,0.2381,0.7143,0.8095,0.1905,0.0,0.2857,0.0,0.0,high_central,Central/Mixed,season_collapsed_average_positions_v14,62.58772857142857,54.73681904761904,0.0732899022801303,1.0344141582404056,0.0073409266941824,4.6637403670453645,5.097944513085477,0.0732899022801303,4.587048510935318,4.011656119125174,0.393029264016315,1.130758808599999,1.5390879478827362,0.4397394136807817,0.0732899022801303,0.3664495114006514,1.0993485342019544,1.245928338762215,0.2931596091205212,0.0,0.4397394136807817,0.0,0.0,4.587048510935318,4.011656119125174,67.13925081433226,58.30291586784551,high,M,AM,AM,M,AM,AM,AMC,AM-C,Central Attacking Midfield,Possession-adjusted spatial evidence coherent with role scores (spatial_adj).,"sources=M,AM,AM; agreement=0.45; wide_score=53.2; central_score=92.6; adj_avg_x=58.3; spatial=AMC@adj_x=58.3,y=54.7,strength=0.72; upstream_position_source=heuristic",0.85,True,arbitrated_role_group,AM-C,AM,Second Striker,Attacking Midfielder,87.22,0.7443,0.708,146.0,,5.0,6.0,0.0,0.0,"shots_total_per90, xg_per90, goals_per90, assists_per90, key_passes_per90",,"anticipation, composure, off the ball, acceleration, first touch",AM,0.2188936083587992,0.18820258770942422,0.19358725995670684,0.2745675748434024,0.22212544412879928,0.11357230358679914,0.19358725995670684,0.2745675748434024,0.9299262631391905,1.0,0.36153847499727954,0.7788430516357346,Creator,AM,Central,Second Striker,Creator
895764,Pedro Gonçalves,Pedro Gonçalves,2025-26,Liga Portugal Betclic,Sporting CP,1,Liga Portugal Betclic,1,Sporting CP,28,1994.0,1998-06-28,27.0,2026-05-25,Portugal,173.0,Right,M,M,midfield,AM,CM,3,"AM, CM, WM",medium,heuristic_stats,13.0,8.0,81.0,36.0,28.0,8.6684,7.6228,5.689422800000001,11.0,6.0,4.0,3.0,916.0,740.0,249.0,216.0,667.0,524.0,56.0,43.0,29.0,89.0,27.0,1342.0,45.0,57.0,141.0,1127.947255914402,22.0,330.07252293131995,197.7040295630701,494.54806009410026,26.0,344.0,,,19.0,161.0,71.0,91.0,2.0,7.0,9.0,27.0,15.0,1.0,,11.0,22.0,5.0,,,,,,,,,,,,,,,,,,,12.36,8.52,5.7,6.64,54.92,16.82296890672016,8.0,0.0255767301905717,63.70588235294117,78.3238797504254,80.78602620087337,38.05115346038114,1.0,0.5867602808425276,0.3610832497492477,3.655967903711133,1.6248746238716147,1.2637913741223672,0.3912517552657974,0.3440581745235707,0.2567944092276831,0.4964894684052156,0.1805416248746238,41.34403209628886,33.400200601805416,11.238716148445336,9.74924774322969,30.10531594784353,23.650952858575728,2.5275827482447344,1.9408224674022063,1.3089267803410232,4.017051153460381,1.2186559679037112,60.57171514543631,2.0310932798395185,2.57271815446339,6.364092276830491,50.91035758891484,0.9929789368104311,14.897957404121762,8.923451685394339,22.3216275869955,1.1735205616850553,15.526579739217652,0.8575727181544633,7.266800401203611,3.2046138415245737,4.107321965897693,0.0902708124373119,0.3159478435305918,0.4062186559679037,1.2186559679037112,0.6770310932798396,,0.4964894684052156,0.9929789368104311,0.2256770310932798,,,,,,0.5578736208625877,0.3845536609829488,0.257271815446339,0.2996990972918756,2.478836509528586,44.099378881987576,350.0,47.36842105263158,0.0451354062186559,,,,,,,,,,,,,0.2708124373119358,0.1354062186559679,,,,63.80802222222223,63.847514814814815,7.014348330350237,9.108169713829772,27.0,11.0,0.0,11.0,16.0,20.0,7.0,0.0,8.0,3.0,0.0,0.4074,0.0,0.4074,0.5926,0.7407,0.2593,0.0,0.2963,0.1111,0.0,high_central,Central/Mixed,season_collapsed_average_positions_v14,63.80802222222223,63.847514814814815,0.0451354062186559,0.759311535408633,0.0011544161068964,2.8753908785179063,3.535180129156613,0.0451354062186559,2.880001003009028,2.881783517218321,0.3165954612495092,0.4111009399421663,1.2186559679037112,0.4964894684052156,0.0,0.4964894684052156,0.7221664994984955,0.9027081243731192,0.3159478435305918,0.0,0.3610832497492477,0.1354062186559679,0.0,2.880001003009028,2.881783517218321,61.94884653961886,60.82081058731751,high,M,AM,AM,M,AM,AM,AMC,AM-C,Central Attacking Midfield,Possession-adjusted spatial evidence coherent with role scores (spatial_adj).,"sources=M,AM,AM; agreement=0.45; wide_score=62.6; central_score=94.0; adj_avg_x=60.8; spatial=AMC@adj_x=60.8,y=63.8,strength=0.72; upstream_position_source=heuristic",0.85,True,arbitrated_role_group,AM-C,AM,Second Striker,Tracking Attacking Midfielder,89.3,0.786,0.708,146.0,,5.0,6.0,0.0,0.0,"shots_total_per90, xg_per90, goals_per90, assists_per90, key_passes_per90",,"anticipation, composure, off the ball, acceleration, first touch",AM,0.17076827954835866,0.23883007739648415,0.12750959434493322,0.26593738699589453,0.23342731582474432,0.25071615285431187,0.12750959434493322,0.26593738699589453,0.8946601045864109,1.0,0.34573708541329884,0.7729557750188979,Creator,AM,Central,Second Striker,Creator
1176881,Diogo Bezerra,Diogo Bezerra,2025-26,Liga Portugal Betclic,Rio Ave,1,Liga Portugal Betclic,1,Rio Ave,17,1265.0,2002-07-16,23.0,2026-05-25,Brazil,186.0,Right,M,M,midfield,AM,WM,3,"AM, WM, CM",medium,heuristic_stats,1.0,2.0,27.0,9.0,7.0,2.7611000000000003,1.3659,3.02178357,5.0,5.0,2.0,1.0,294.0,216.0,67.0,52.0,227.0,164.0,31.0,29.0,10.0,124.0,37.0,739.0,56.0,67.0,209.0,2005.095078408117,36.0,744.515830249878,323.1061982733743,907.934652082012,26.0,298.0,,,13.0,166.0,75.0,92.0,4.0,1.0,6.0,31.0,10.0,1.0,1.0,14.0,30.0,3.0,,,,,,,,,,,,,,,,,,,13.02,7.120000000000001,7.62,3.4400000000000004,58.10000000000001,27.06086956521739,7.0,0.0498023715415019,65.73015873015873,83.59214501510574,73.46938775510205,51.319367588932806,1.0,0.0711462450592885,0.1422924901185771,1.9209486166007903,0.6403162055335968,0.4980237154150198,0.1964418972332016,0.0971786561264822,0.2149885543873518,0.3557312252964427,0.1422924901185771,20.91699604743083,15.367588932806324,4.766798418972332,3.699604743083004,16.150197628458496,11.66798418972332,2.205533596837945,2.063241106719368,0.7114624505928854,8.82213438735178,2.632411067193676,52.57707509881423,3.984189723320158,4.766798418972332,14.869565217391305,142.65498581559726,2.561264822134387,52.969505709477495,22.98779276253256,64.5961412548467,1.849802371541502,21.201581027667984,0.924901185770751,11.810276679841897,5.335968379446641,6.545454545454546,0.2845849802371542,0.0711462450592885,0.4268774703557312,2.205533596837945,0.7114624505928854,0.0711462450592885,0.9960474308300395,2.134387351778656,0.2134387351778656,,,,,,0.9263241106719368,0.5065612648221345,0.5421343873517787,0.2447430830039526,4.133596837944665,45.18072289156626,25.0,46.26865671641791,0.0711462450592885,,,,,,,,,,,,,0.3557312252964427,0.0711462450592885,,,,64.74555294117647,45.50544117647058,5.735977917944513,16.91313747542346,17.0,6.0,5.0,1.0,11.0,15.0,2.0,0.0,6.0,0.0,0.0,0.3529,0.2941,0.0588,0.6471,0.8824,0.1176,0.0,0.3529,0.0,0.0,high_central,Central/Mixed,season_collapsed_average_positions_v14,64.74555294117647,45.50544117647058,0.0711462450592885,1.9252792576044,0.0035432517302254,4.676453980801807,5.947267234276298,0.0711462450592885,4.606402976052081,3.2375412694722154,0.408093290604748,1.2033062235479142,1.209486166007905,0.4268774703557312,0.3557312252964427,0.0711462450592885,0.782608695652174,1.067193675889328,0.1422924901185771,0.0,0.4268774703557312,0.0,0.0,4.606402976052081,3.2375412694722154,48.6806324110672,65.07539483840966,high,M,AM,AM,M,AM,AM,AMC,AM-C,Central Attacking Midfield,Possession-adjusted spatial evidence coherent with role scores (spatial_adj).,"sources=M,AM,AM; agreement=0.45; wide_score=89.7; central_score=73.4; adj_avg_x=65.1; spatial=AMC@adj_x=65.1,y=45.5,strength=0.72; upstream_position_source=heuristic",0.85,True,arbitrated_role_group,AM-C,AM,Channel Midfielder,Tracking Attacking Midfielder,85.46,0.7093,0.425,146.0,,3.0,6.0,0.0,1.0,"crosses_accurate_per90, key_passes_per90, progressive_carries_per90",,"work rate, acceleration, off the ball, vision, decisions",AM,0.04740363669469964,0.41592602254311417,0.05703817070881864,0.02620766186363781,0.3780034962041718,0.49935558048878737,0.05703817070881864,0.02620766186363781,0.9175838307262866,1.0,0.3345647311685526,0.7687785742000208,Creator,AM,Central,Channel Midfielder,Creator
788284,Ajdin Hrustić,Ajdin Hrustić,2025-26,VriendenLoterij Eredivisie,Heracles Almelo,1,VriendenLoterij Eredivisie,1,Heracles Almelo,27,2222.0,1996-07-05,29.0,2026-05-25,Australia,183.0,Left,M,M,midfield,AM,DM,4,"AM, DM, W, WM",medium,heuristic_stats,1.0,6.0,36.0,12.0,14.0,2.8014,3.3285,6.915453789999999,17.0,2.0,1.0,1.0,995.0,797.0,387.0,354.0,608.0,443.0,55.0,103.0,49.0,182.0,52.0,1499.0,39.0,54.0,286.0,2445.7014224605,14.0,252.702838087616,247.626092956832,279.37045714294703,16.0,432.0,,,13.0,194.0,92.0,105.0,6.0,7.0,17.0,20.0,16.0,1.0,3.0,25.0,32.0,5.0,,,,,,,,,,,,,,,,,,,35.46,18.78,9.34,16.58,112.24,16.261926192619264,70.0,0.0171017101710171,65.73684210526316,74.87755102040816,80.10050251256281,54.37983798379838,1.0,0.0405040504050405,0.243024302430243,1.458145814581458,0.486048604860486,0.5670567056705671,0.1134680468046804,0.1348177317731773,0.2801038888838883,0.6885688568856886,0.0405040504050405,40.3015301530153,32.28172817281728,15.675067506750676,14.33843384338434,24.626462646264628,17.943294329432945,2.227722772277228,4.171917191719172,1.9846984698469847,7.371737173717372,2.106210621062106,60.71557155715571,1.5796579657965797,2.187218721872187,11.584158415841584,99.06081369101936,0.5670567056705671,10.235488491397588,10.029859750726768,11.315635077797134,0.648064806480648,17.497749774977496,0.5265526552655265,7.857785778577858,3.7263726372637263,4.252925292529253,0.243024302430243,0.2835283528352835,0.6885688568856886,0.8100810081008101,0.648064806480648,0.1215121512151215,1.0126012601260126,1.296129612961296,0.2025202520252025,,,,,,1.4362736273627363,0.7606660666066607,0.3783078307830783,0.6715571557155715,4.546174617461746,47.422680412371136,116.66666666666669,37.03703703703704,0.0405040504050405,,,,,,,,,,,,,0.081008100810081,0.0405040504050405,,,,57.23072592592593,39.83068148148149,6.518983655188106,5.301700524362771,27.0,1.0,1.0,0.0,26.0,11.0,16.0,0.0,1.0,0.0,0.0,0.037,0.037,0.0,0.963,0.4074,0.5926,0.0,0.037,0.0,0.0,mid_central,Central/Mixed,season_collapsed_average_positions_v14,57.23072592592593,39.83068148148149,0.0405040504050405,0.6586738781888991,0.0006926885307792,2.6626083660997684,3.0328441007366043,0.0405040504050405,2.3180762076207624,1.6133039303930392,0.2640452425593742,0.2147403452712193,1.0936093609360935,0.0405040504050405,0.0405040504050405,0.0,1.053105310531053,0.4455445544554455,0.648064806480648,0.0,0.0405040504050405,0.0,0.0,2.3180762076207624,1.6133039303930392,45.62016201620162,58.32568542187553,high,M,AM,AM,M,AM,AM,AMC,AM-C,Central Attacking Midfield,Possession-adjusted spatial evidence coherent with role scores (spatial_adj).,"sources=M,AM,AM; agreement=0.45; wide_score=58.7; central_score=91.3; adj_avg_x=58.3; spatial=AMC@adj_x=58.3,y=39.8,strength=0.72; upstream_position_source=heuristic",0.85,True,arbitrated_role_group,AM-C,AM,Tracking Attacking Midfielder,Channel Midfielder,72.36,0.4472,0.117,146.0,,1.0,4.0,0.0,1.0,key_passes_per90,,"marking, work rate, stamina",AM,0.184649745420914,0.1452545011598336,0.1520044803674628,0.2564693285385067,0.15335002820712187,0.12744434165579935,0.1520044803674628,0.2564693285385067,0.8746278210155559,1.0,0.32404318866058407,0.7648334988298966,Creator,AM,Central,Tracking Attacking Midfielder,Creator
865912,Morgan Gibbs-White,Morgan Gibbs-White,2025-26,Premier League,Nottingham Forest,1,Premier League,1,Nottingham Forest,37,3110.0,2000-01-27,26.0,2026-05-25,England,171.0,Right,M,M,midfield,AM,M,6,"AM, M, CM, DM, ST, F",medium,heuristic_stats,15.0,4.0,83.0,32.0,27.0,10.8391,11.037399999999998,2.9169847100000004,5.0,10.0,5.0,,1208.0,980.0,320.0,275.0,888.0,705.0,49.0,75.0,42.0,43.0,9.0,1744.0,92.0,63.0,318.0,3087.1803113291217,41.0,922.405372798274,506.707538068663,1380.9088606847192,37.0,435.0,,,25.0,321.0,130.0,192.0,92.0,41.0,76.0,30.0,22.0,4.0,1.0,26.0,41.0,1.0,,1.0,,,2.94,4.51,1.82,0.48,0.08,,,,,,,,,,21.86,16.16,14.44,34.3,115.93999999999998,18.94180064308681,10.0,0.0212218649517684,46.0,83.55415019762846,81.12582781456953,53.19774919614148,1.0,0.4340836012861736,0.1157556270096463,2.401929260450161,0.9260450160771704,0.7813504823151125,0.3136717041800643,0.3194102893890674,0.0844143485209003,0.1446945337620578,0.1446945337620578,34.958199356913184,28.360128617363344,9.260450160771704,7.958199356913183,25.69774919614148,20.40192926045016,1.4180064308681672,2.170418006430868,1.2154340836012862,1.2443729903536975,0.2604501607717042,50.46945337620578,2.662379421221865,1.8231511254019293,9.202572347266882,89.33962315743439,1.1864951768488745,26.69340307133269,14.663562194913078,39.961992752934,1.0707395498392285,12.588424437299036,0.7234726688102894,9.289389067524116,3.762057877813505,5.556270096463023,2.662379421221865,1.1864951768488745,2.1993569131832795,0.8681672025723473,0.6366559485530546,0.0289389067524115,0.752411575562701,1.1864951768488745,0.0289389067524115,0.08508038585209,0.1305144694533762,0.052668810289389,0.0138906752411575,0.0023151125401929,0.632604501607717,0.4676527331189711,0.4178778135048231,0.9926045016077168,3.355176848874597,40.49844236760124,44.56521739130435,47.61904761904762,0.1157556270096463,,,,,,,,,,,,,0.2893890675241157,,,0.0289389067524115,,59.60473513513514,49.81973513513514,5.3712817292118045,9.023662965263922,37.0,2.0,0.0,2.0,35.0,24.0,13.0,0.0,1.0,1.0,0.0,0.0541,0.0,0.0541,0.9459,0.6486,0.3514,0.0,0.027,0.027,0.0,high_central,Central/Mixed,season_collapsed_average_positions_v14,59.60473513513514,49.81973513513514,0.0289389067524115,0.5481550025330589,0.0006141375709514,1.3311897106109325,2.417965761346161,0.0289389067524115,1.7248958720778658,1.4417286695055187,0.1554390211025924,0.2611349411169624,1.0707395498392285,0.0578778135048231,0.0,0.0578778135048231,1.0128617363344052,0.6945337620578779,0.3762057877813505,0.0,0.0289389067524115,0.0289389067524115,0.0,1.7248958720778658,1.4417286695055187,46.80225080385852,60.404172434170505,high,M,AM,AM,M,AM,AM,AMC,AM-C,Central Attacking Midfield,Possession-adjusted spatial evidence coherent with role scores (spatial_adj).,"sources=M,AM,AM; agreement=0.45; wide_score=47.7; central_score=70.8; adj_avg_x=60.4; spatial=AMC@adj_x=60.4,y=49.8,strength=0.72; upstream_position_source=heuristic",0.85,True,arbitrated_role_group,AM-C,AM,Second Striker,Attacking Midfielder,69.36,0.3871,0.708,146.0,,5.0,6.0,0.0,0.0,"shots_total_per90, xg_per90, goals_per90, assists_per90, key_passes_per90",,"anticipation, composure, off the ball, acceleration, first touch",AM,0.29181754155506184,-0.14169805048859416,0.2363604474274726,0.41382314863575825,-0.1460025795027624,-0.13222808665742403,0.2363604474274726,0.41382314863575825,0.9150460231141865,1.0,0.30539314960344116,0.7578135508640729,Second Striker,AM,Central,Second Striker,Second Striker
1440948,Can Uzun,Can Uzun,2025-26,Bundesliga,Eintracht Frankfurt,1,Bundesliga,1,Eintracht Frankfurt,23,1172.0,2005-11-11,20.0,2026-05-25,Türkiye,186.0,Both,M,M,midfield,AM,M,3,"AM, M, DM",low,heuristic_base,8.0,4.0,41.0,19.0,11.0,3.9255,5.7657,2.97689693,4.0,1.0,,1.0,593.0,484.0,175.0,156.0,418.0,328.0,20.0,43.0,25.0,24.0,5.0,864.0,39.0,40.0,137.0,1189.842263461576,14.0,267.595832466805,137.066439274204,367.555840735945,25.0,217.0,,,12.0,127.0,63.0,75.0,3.0,6.0,5.0,16.0,9.0,,,15.0,26.0,3.0,,,,,,,,,,,,,,,,,,,12.98,7.539999999999999,2.3200000000000003,4.02,50.84,15.286689419795222,42.0,0.1186006825938566,62.460431654676256,68.83118405627198,81.61888701517707,45.55546075085324,1.0,0.6143344709897611,0.3071672354948805,3.148464163822525,1.4590443686006829,0.8447098976109215,0.3014462457337884,0.4427585324232082,0.2286013000853242,0.3071672354948805,,45.53754266211604,37.16723549488054,13.438566552901024,11.97952218430034,32.098976109215016,25.187713310580204,1.5358361774744027,3.302047781569966,1.919795221843004,1.843003412969284,0.3839590443686007,66.3481228668942,2.9948805460750854,3.0716723549488054,10.52047781569966,91.37013968561592,1.075085324232082,20.549168022194923,10.52557980774604,28.225277872214207,1.919795221843004,16.66382252559727,0.9215017064846416,9.752559726962458,4.837883959044369,5.7593856655290105,0.2303754266211604,0.4607508532423208,0.3839590443686007,1.2286689419795225,0.6911262798634812,,1.151877133105802,1.9965870307167235,0.2303754266211604,,,,,,0.9967576791808874,0.5790102389078498,0.1781569965870307,0.3087030716723549,3.904095563139932,49.60629921259842,200.0,40.0,,,,,,,,,,,,,,0.0767918088737201,0.0767918088737201,,,,59.72152380952381,45.3885,6.320693501658244,13.51828420754646,21.0,5.0,4.0,1.0,16.0,14.0,7.0,0.0,4.0,1.0,0.0,0.2381,0.1905,0.0476,0.7619,0.6667,0.3333,0.0,0.1905,0.0476,0.0,high_central,Central/Mixed,season_collapsed_average_positions_v14,59.72152380952381,45.3885,0.0767918088737201,1.1738925322368343,0.0091075609500401,4.796449529795958,5.285671130601091,0.0767918088737201,4.586123842028279,3.4854650170648465,0.4853774873287048,1.038093497166537,1.6126279863481228,0.3839590443686007,0.3071672354948805,0.0767918088737201,1.2286689419795225,1.075085324232082,0.537542662116041,0.0,0.3071672354948805,0.0767918088737201,0.0,4.586123842028279,3.4854650170648465,54.44453924914676,58.61038899723712,high,M,AM,AM,M,AM,AM,AMC,AM-C,Central Attacking Midfield,Possession-adjusted spatial evidence coherent with role scores (spatial_adj).,"sources=M,AM,AM; agreement=0.45; wide_score=55.3; central_score=88.5; adj_avg_x=58.6; spatial=AMC@adj_x=58.6,y=45.4,strength=0.72; upstream_position_source=heuristic",0.85,True,arbitrated_role_group,AM-C,AM,Second Striker,Free Role,79.96,0.5993,0.708,146.0,,5.0,6.0,0.0,0.0,"shots_total_per90, xg_per90, goals_per90, assists_per90, key_passes_per90",,"anticipation, composure, off the ball, acceleration, first touch",AM,0.05687488927885617,0.263721212924216,0.012873112798502116,0.1536787975356351,0.23185002902230248,0.33383781750842584,0.012873112798502116,0.1536787975356351,0.9673885288677443,1.0,0.3042865378975604,0.7573959185426985,Creator,AM,Central,Second Striker,Creator
914309,Iliman Ndiaye,Iliman Ndiaye,2025-26,Premier League,Everton,1,Premier League,1,Everton,32,2786.0,2000-03-06,26.0,2026-05-25,Senegal,180.0,Right,M,M,midfield,AM,DM,4,"AM, DM, CM, M",medium,heuristic_stats,6.0,3.0,43.0,22.0,8.0,6.7066,8.731900000000001,4.41436181,7.0,3.0,12.0,2.0,941.0,790.0,293.0,268.0,648.0,522.0,30.0,19.0,6.0,55.0,7.0,1576.0,80.0,134.0,388.0,4056.304029252381,57.0,1086.826948452494,495.798922422587,972.3333908251508,64.0,410.0,1.0,,15.0,409.0,191.0,218.0,20.0,11.0,36.0,73.0,27.0,1.0,,30.0,37.0,2.0,,,,,3.36,4.17,1.12,0.5,0.18,,,,,,,,,,79.38,48.16,17.94,20.86,201.52,19.89016511127064,10.0,0.0,,82.81808035714286,83.95324123273113,55.52117731514716,1.0,0.1938262742282842,0.0969131371141421,1.389088298636037,0.7106963388370423,0.258435032304379,0.2166525484565685,0.2820786073223259,0.1426032171213209,0.2261306532663316,0.3876525484565685,30.398420674802583,25.52045944005743,9.465183058147884,8.657573582196697,20.9332376166547,16.862885857860732,0.9691313711414212,0.6137832017229002,0.1938262742282842,1.7767408470926058,0.2261306532663316,50.91170136396267,2.5843503230437905,4.328786791098349,12.534099066762384,131.03638285452774,1.8413496051687008,35.10926969157375,16.016476316594698,31.410626408565538,2.067480258435032,13.244795405599426,0.4845656855707106,13.21249102656138,6.17013639626705,7.042354630294329,0.6460875807609476,0.3553481694185211,1.1629576453697057,2.358219669777459,0.8722182340272793,,0.9691313711414212,1.195262024407753,0.0646087580760947,0.1085427135678391,0.1347092605886575,0.036180904522613,0.0161521895190236,0.0058147882268485,2.564321608040201,1.5557788944723616,0.57954055994257,0.6738693467336683,6.509978463747308,46.69926650366748,55.0,54.47761194029851,0.0323043790380473,,,,,,,,,,,0.0323043790380473,,0.0969131371141421,0.0646087580760947,,,,58.447128125,43.90421875,5.45815939389676,22.957876088125,32.0,25.0,16.0,9.0,7.0,18.0,14.0,0.0,13.0,12.0,0.0,0.7812,0.5,0.2812,0.2188,0.5625,0.4375,0.0,0.4062,0.375,0.0,high_central,Right,season_collapsed_average_positions_v14,58.447128125,43.90421875,0.0323043790380473,0.6425394328838326,0.0,,2.675386659060609,0.0323043790380473,1.88809818063532,1.4182985238693466,0.1763224499105198,0.7416399310593145,1.033740129217516,0.8076094759511845,0.5168700646087581,0.2907394113424264,0.2261306532663316,0.5814788226848528,0.4522613065326633,0.0,0.4199569274946159,0.3876525484565685,0.0,1.88809818063532,1.4182985238693466,44.47882268485284,59.82742245378679,high,M,AM,AM,M,AM,AM,AMC,AM-C,Central Attacking Midfield,Possession-adjusted spatial evidence coherent with role scores (spatial_adj).,"sources=M,AM,AM; agreement=0.45; wide_score=64.0; central_score=65.0; adj_avg_x=59.8; spatial=AMC@adj_x=59.8,y=43.9,strength=0.72; upstream_position_source=heuristic",0.85,True,arbitrated_role_group,AM-C,AM,Free Role,Attacking Midfielder,45.99,-0.0803,0.607,146.0,,5.0,7.0,0.0,0.0,"key_passes_per90, xa_per90, shots_total_per90, xg_per90, dribbles_attempted_per90",,"flair, vision, composure, off the ball, creative freedom",AM,0.30246487446224746,-0.11194974970866862,0.3077663981108483,0.2908015224353255,-0.1103108282266875,-0.1155553769690271,0.3077663981108483,0.2908015224353255,0.7757701047242087,1.0,0.2992526784545908,0.7554945857993188,Second Striker,AM,Central,Free Role,Second Striker
861970,Kiernan Dewsbury-Hall,Kiernan Dewsbury-Hall,2025-26,Premier League,Everton,1,Premier League,1,Everton,31,2635.0,1998-09-06,27.0,2026-05-25,England,178.0,Left,M,M,midfield,AM,CM,4,"AM, CM, DM, M",medium,heuristic_stats,8.0,4.0,39.0,15.0,13.0,4.3146,4.273899999999999,5.381973599999999,10.0,3.0,2.0,1.0,1026.0,846.0,297.0,260.0,729.0,586.0,37.0,67.0,23.0,112.0,21.0,1580.0,50.0,50.0,319.0,3167.5067657022737,43.0,1058.978625262464,428.3257250441231,1029.665923289242,49.0,398.0,,,13.0,286.0,147.0,144.0,23.0,21.0,25.0,27.0,19.0,1.0,,32.0,48.0,6.0,,,1.0,,3.33,5.31,1.79,0.49,0.12,,,,,,,,,,58.6,27.76,12.8,33.12,148.48,19.934345351043643,22.0,0.01707779886148,46.0,85.95360824742268,82.45614035087719,55.94079696394687,1.0,0.2732447817836812,0.1366223908918406,1.332068311195446,0.5123339658444023,0.444022770398482,0.1473677419354838,0.1459776091081593,0.1838245252371916,0.3415559772296015,0.0683111954459203,35.04364326375712,28.895635673624287,10.144212523719164,8.88045540796964,24.89943074003795,20.01518026565465,1.2637571157495255,2.2884250474383303,0.7855787476280834,3.825426944971537,0.7172675521821632,53.96584440227704,1.7077798861480076,1.7077798861480076,10.89563567362429,108.18808687408143,1.4686907020872866,36.17004792167808,14.629721159002306,35.1688550649077,1.6736242884250474,13.59392789373814,0.444022770398482,9.768500948766604,5.020872865275142,4.9184060721062615,0.7855787476280834,0.7172675521821632,0.8538899430740038,0.922201138519924,0.6489563567362429,,1.092979127134725,1.6394686907020872,0.2049335863377609,0.1137381404174573,0.1813662239089184,0.0611385199240986,0.0167362428842504,0.0040986717267552,2.001518026565465,0.9481593927893736,0.4371916508538899,1.13123339658444,5.071423149905123,51.3986013986014,91.30434782608695,54.0,0.0341555977229601,,,,,,,,,,,,0.0341555977229601,0.1024667931688804,0.0341555977229601,,,,57.85699032258065,58.49100967741935,5.905415918197737,10.2169347832689,31.0,5.0,0.0,5.0,26.0,15.0,16.0,0.0,1.0,4.0,0.0,0.1613,0.0,0.1613,0.8387,0.4839,0.5161,0.0,0.0323,0.129,0.0,mid_central,Central/Mixed,season_collapsed_average_positions_v14,57.85699032258065,58.49100967741935,0.0341555977229601,0.6808694806808075,0.0005833024279063,1.5711574952561669,2.93579686613588,0.0341555977229601,1.976140086919264,1.9977953969517048,0.2017030104887272,0.3489655144190516,1.0588235294117647,0.1707779886148007,0.0,0.1707779886148007,0.888045540796964,0.5123339658444023,0.5464895635673624,0.0,0.0341555977229601,0.1366223908918406,0.0,1.976140086919264,1.9977953969517048,44.05920303605313,59.342189563567366,high,M,AM,AM,M,AM,AM,AMC,AM-C,Central Attacking Midfield,Possession-adjusted spatial evidence coherent with role scores (spatial_adj).,"sources=M,AM,AM; agreement=0.45; wide_score=62.7; central_score=77.9; adj_avg_x=59.3; spatial=AMC@adj_x=59.3,y=58.5,strength=0.72; upstream_position_source=heuristic",0.85,True,arbitrated_role_group,AM-C,AM,Channel Midfielder,Second Striker,46.6,-0.0679,0.575,146.0,,3.0,6.0,1.0,1.0,"crosses_accurate_per90, key_passes_per90, progressive_carries_per90",distance_high_speed_running_km_per90,"work rate, acceleration, off the ball, vision, decisions",AM,0.2617678828919831,-0.09454932471329013,0.24816590589818077,0.29169223227834823,-0.08259984438332192,-0.12083818143922015,0.24816590589818077,0.29169223227834823,0.8857649521932611,1.0,0.29880519970232106,0.7553254444893651,Attacking Midfielder,AM,Central,Channel Midfielder,Attacking Midfielder
1493689,Assane Diao,Assane Diao,2025-26,Serie A,Como,1,Serie A,1,Como,18,1089.0,2005-09-07,20.0,2026-05-25,Senegal,185.0,Right,M,M,midfield,M,AM,5,"M, AM, CM, DM, ST",low,heuristic_stats,2.0,1.0,30.0,10.0,7.0,2.6521,1.8105,1.16957124,3.0,3.0,3.0,,324.0,259.0,63.0,52.0,261.0,207.0,9.0,8.0,5.0,27.0,3.0,631.0,27.0,69.0,178.0,2108.442189450174,52.0,1073.0035680816195,270.7486216090864,1223.1797692398404,26.0,190.0,,,14.0,192.0,90.0,105.0,23.0,9.0,20.0,27.0,3.0,,,15.0,39.0,2.0,,,,,,,,,,,,,,,,,,,11.52,3.78,3.26,5.220000000000001,26.1,27.07988980716253,38.0,0.1340679522497704,48.86301369863013,73.30537352555702,79.93827160493827,37.51239669421488,1.0,0.1652892561983471,0.0826446280991735,2.479338842975207,0.8264462809917356,0.5785123966942148,0.2191818181818181,0.1496280991735537,0.0966587801652892,0.2479338842975206,0.2479338842975206,26.77685950413224,21.40495867768595,5.206611570247934,4.297520661157025,21.570247933884296,17.107438016528924,0.743801652892562,0.6611570247933884,0.4132231404958678,2.231404958677686,0.2479338842975206,52.14876033057851,2.231404958677686,5.702479338842975,14.710743801652892,174.25142061571685,4.297520661157025,88.67798083319171,22.37591914124681,101.08923712725957,2.1487603305785123,15.702479338842975,1.1570247933884297,15.867768595041325,7.43801652892562,8.677685950413224,1.900826446280992,0.743801652892562,1.6528925619834711,2.231404958677686,0.2479338842975206,,1.2396694214876034,3.2231404958677685,0.1652892561983471,,,,,,0.9520661157024796,0.3123966942148761,0.2694214876033057,0.431404958677686,2.15702479338843,46.875,39.130434782608695,39.130434782608695,,,,,,,,,,,,,,0.2479338842975206,,,,,65.2629,49.79360588235294,5.691229305365406,25.680231849310434,17.0,13.0,7.0,6.0,4.0,15.0,2.0,0.0,11.0,2.0,0.0,0.7647,0.4118,0.3529,0.2353,0.8824,0.1176,0.0,0.6471,0.1176,0.0,high_central,Central/Mixed,season_collapsed_average_positions_v14,65.2629,49.79360588235294,0.0826446280991735,2.238007422079548,0.0110799960537,4.038265594928109,6.058295332690663,0.0826446280991735,5.3936280991735535,4.115174039863879,0.4703495293690418,2.1223332106868127,1.4049586776859504,1.0743801652892562,0.5785123966942148,0.4958677685950413,0.3305785123966942,1.2396694214876034,0.1652892561983471,0.0,0.9090909090909092,0.1652892561983471,0.0,5.3936280991735535,4.115174039863879,62.48760330578512,62.14099917355372,high,M,M,M,M,M,M,AMC,AM-C,Central Attacking Midfield,Possession-adjusted spatial evidence coherent with role scores (spatial_adj).,"sources=M,M,M; agreement=0.45; wide_score=76.7; central_score=53.8; adj_avg_x=62.1; spatial=AMC@adj_x=62.1,y=49.8,strength=0.72; upstream_position_source=heuristic",0.85,True,arbitrated_role_group,AM-C,AM,Second Striker,Free Role,49.67,-0.0067,0.708,146.0,,5.0,6.0,0.0,0.0,"shots_total_per90, xg_per90, goals_per90, assists_per90, key_passes_per90",,"anticipation, composure, off the ball, acceleration, first touch",AM,0.08533586602672522,0.22819464460934655,0.14260607868387384,-0.04065860181900177,0.2569347159077032,0.16496648775296188,0.14260607868387384,-0.04065860181900177,0.7852309434991838,1.0,0.2830777844130919,0.7493676545419745,Second Striker,AM,Central,Second Striker,Second Striker
38710,Ivan Perišić,Ivan Perišić,2025-26,VriendenLoterij Eredivisie,PSV Eindhoven,1,VriendenLoterij Eredivisie,1,PSV Eindhoven,31,2218.0,1989-02-02,37.0,2026-05-25,Croatia,187.0,Both,M,M,midfield,AM,W,6,"AM, W, ST, DM, CM, F",medium,heuristic_stats,7.0,12.0,54.0,19.0,19.0,4.9705,5.280800000000001,7.86920635,18.0,5.0,3.0,1.0,929.0,713.0,283.0,241.0,646.0,472.0,53.0,74.0,46.0,171.0,44.0,1489.0,41.0,31.0,230.0,2273.912162395049,45.0,834.106228279154,325.2443873122037,972.150066227564,11.0,421.0,1.0,,17.0,194.0,102.0,103.0,47.0,44.0,24.0,15.0,27.0,,,27.0,7.0,5.0,,,,,,,,,,,,,,,,,,,28.7,18.1,21.24,36.7,65.32,16.81018935978359,5.0,0.036068530207394,62.725,75.6509167842031,76.7491926803014,39.78403967538323,1.0,0.2840396753832281,0.4869251577998196,2.191163210099188,0.7709648331830478,0.7709648331830478,0.2016884580703336,0.2142795311091073,0.319309545311091,0.7303877366997295,0.1217312894499549,37.6961226330027,28.931469792605952,11.48331830477908,9.779080252479712,26.212804328223623,19.15238954012624,2.15058611361587,3.0027051397655544,1.866546438232642,6.93868349864743,1.7853922452660054,60.41929666366096,1.6636609558160504,1.2578899909828674,9.33273219116321,92.26875320809486,1.825969341749324,33.84560890221996,13.197472884625038,39.44702703358014,0.4463480613165013,17.082957619477007,0.6898106402164111,7.871956717763751,4.138863841298467,4.179440937781785,1.9071235347159603,1.7853922452660054,0.9738503155996392,0.6086564472497745,1.095581605049594,,1.095581605049594,0.2840396753832281,0.2028854824165915,,,,,,1.1645626690712354,0.7344454463480614,0.8618575293056808,1.489179440937782,2.650495942290352,52.577319587628864,93.61702127659576,48.38709677419355,,,,,,,,,,,,0.0405770964833183,,0.2028854824165915,0.0405770964833183,,,,61.02249666666667,66.05404,8.026032658898956,20.616875157963065,30.0,24.0,4.0,20.0,6.0,18.0,12.0,0.0,13.0,11.0,0.0,0.8,0.1333,0.6667,0.2,0.6,0.4,0.0,0.4333,0.3667,0.0,high_central,Left,season_collapsed_average_positions_v14,61.02249666666667,66.05404,0.0405770964833183,0.6821086755547895,0.0014635562302369,2.5451983769161406,3.069694549404093,0.0405770964833183,2.476115734896303,2.6802811541929663,0.3256731015784067,0.8365729324691956,1.217312894499549,0.9738503155996392,0.1623083859332732,0.8115419296663661,0.2434625788999098,0.7303877366997295,0.4869251577998196,0.0,0.527502254283138,0.4463480613165013,0.0,2.476115734896303,2.6802811541929663,60.21596032461677,58.46850658551247,high,M,AM,AM,M,AM,AM,AMC,AM-C,Central Attacking Midfield,Possession-adjusted spatial evidence coherent with role scores (spatial_adj).,"sources=M,AM,AM; agreement=0.45; wide_score=68.5; central_score=92.6; adj_avg_x=58.5; spatial=AMC@adj_x=58.5,y=66.1,strength=0.72; upstream_position_source=heuristic",0.85,True,arbitrated_role_group,AM-C,AM,Channel Midfielder,Tracking Attacking Midfielder,75.28,0.5055,0.425,146.0,,3.0,6.0,0.0,1.0,"crosses_accurate_per90, key_passes_per90, progressive_carries_per90",,"work rate, acceleration, off the ball, vision, decisions",AM,0.19826593657842387,0.025066139123502817,0.18384516561314762,0.22999163270203155,0.06374822948197535,-0.06003445966513676,0.18384516561314762,0.22999163270203155,0.7570005484368875,1.0,0.28087786205384224,0.7485322572578498,Creator,AM,Central,Channel Midfielder,Creator
877262,Edu Expósito,Edu Expósito,2025-26,La Liga,Espanyol,1,La Liga,1,Espanyol,37,2542.0,1996-08-01,29.0,2026-05-25,Spain,175.0,Right,M,M,midfield,AM,W,4,"AM, W, DM, WM",medium,heuristic_stats,1.0,6.0,44.0,13.0,19.0,2.3486,1.7599,6.7922478900000005,11.0,3.0,2.0,,1016.0,775.0,322.0,288.0,694.0,487.0,83.0,150.0,63.0,256.0,63.0,1669.0,30.0,45.0,224.0,1823.0145102488973,18.0,434.371154282365,288.358209771803,785.3492476286444,40.0,525.0,,1.0,14.0,272.0,147.0,126.0,21.0,18.0,25.0,34.0,24.0,1.0,,28.0,43.0,9.0,,,,,,,,,,,,,,,,,,,58.34000000000001,33.22,25.48,40.84,137.77999999999997,19.979543666404407,8.0,0.038552321007081,62.02040816326531,72.49816401468789,76.27952755905511,57.28402832415421,1.0,0.035405192761605,0.2124311565696302,1.5578284815106216,0.4602675059008654,0.6726986624704957,0.0831526357199055,0.0623095987411487,0.240480845830055,0.3894571203776554,0.07081038552321,35.97167584579071,27.4390243902439,11.40047206923682,10.19669551534225,24.571203776553894,17.242328874901652,2.938630999213218,5.310778914240755,2.230527143981117,9.06372934697089,2.230527143981117,59.091266719118806,1.0621557828481512,1.5932336742722266,7.930763178599528,64.54418014256521,0.6372934697088907,15.378994447448012,10.209378001362024,27.80544149747364,1.4162077104642017,18.58772619984264,0.4956726986624705,9.63021243115657,5.20456333595594,4.461054287962234,0.7435090479937058,0.6372934697088907,0.8851298190401259,1.2037765538945713,0.8497246262785209,,0.991345397324941,1.5224232887490166,0.3186467348544453,,,,,,2.065538945712038,1.1761605035405192,0.9021243115656964,1.4459480723839495,4.878127458693941,54.044117647058826,85.71428571428571,75.55555555555556,0.035405192761605,,,,,,,,,,,,,0.1062155782848151,,,,0.035405192761605,58.30016666666667,52.023941666666666,6.505788856000257,7.604838055319973,36.0,1.0,1.0,0.0,35.0,19.0,17.0,0.0,1.0,0.0,0.0,0.0278,0.0278,0.0,0.9722,0.5278,0.4722,0.0,0.0278,0.0,0.0,high_central,Central/Mixed,season_collapsed_average_positions_v14,58.30016666666667,52.023941666666666,0.035405192761605,0.707379594797953,0.0013649523566629,2.1958445061738305,2.5668114718024824,0.035405192761605,2.064128638867034,1.841917682926829,0.230338708512991,0.2692507572693932,1.2745869394177811,0.035405192761605,0.035405192761605,0.0,1.2391817466561763,0.6726986624704957,0.6018882769472856,0.0,0.035405192761605,0.0,0.0,2.064128638867034,1.841917682926829,42.71597167584579,60.12117374770522,high,M,AM,AM,M,AM,AM,AMC,AM-C,Central Attacking Midfield,Possession-adjusted spatial evidence coherent with role scores (spatial_adj).,"sources=M,AM,AM; agreement=0.45; wide_score=58.8; central_score=90.3; adj_avg_x=60.1; spatial=AMC@adj_x=60.1,y=52.0,strength=0.72; upstream_position_source=heuristic",0.85,True,arbitrated_role_group,AM-C,AM,Tracking Attacking Midfielder,Channel Midfielder,87.8,0.756,0.117,146.0,,1.0,4.0,0.0,1.0,key_passes_per90,,"marking, work rate, stamina",AM,0.1442216871162444,0.048406014110822584,0.08348642851809036,0.27783925603218323,0.034447776303392144,0.07911413728716955,0.08348642851809036,0.27783925603218323,0.8902233603971765,1.0,0.27851302098082426,0.7476336735703633,Creator,AM,Central,Tracking Attacking Midfielder,Creator
835485,Brahim Díaz,Brahim Díaz,2025-26,La Liga,Real Madrid,1,La Liga,1,Real Madrid,35,1284.0,1999-08-03,26.0,2026-05-25,Morocco,170.0,Both,M,M,midfield,M,AM,5,"M, AM, F, CM, SS",low,heuristic_base,1.0,6.0,15.0,7.0,5.0,1.8438,1.6942,2.44965166,7.0,1.0,3.0,,531.0,481.0,136.0,130.0,395.0,351.0,30.0,10.0,9.0,20.0,8.0,790.0,42.0,44.0,190.0,1724.6700114675432,20.0,388.8255479381582,274.47345864209115,503.241293840637,32.0,164.0,,,3.0,147.0,79.0,80.0,,2.0,8.0,25.0,2.0,1.0,,19.0,37.0,2.0,,2.0,,,,,,,,,,,,,,,,,12.28,9.32,1.94,3.8,49.66,24.407320872274145,21.0,0.278816199376947,57.70670391061452,72.97300215982722,90.58380414312616,42.69080996884736,1.0,0.0700934579439252,0.4205607476635514,1.0514018691588785,0.4906542056074766,0.3504672897196261,0.1292383177570093,0.1187523364485981,0.1717045556074766,0.4906542056074766,0.2102803738317757,37.2196261682243,33.71495327102804,9.532710280373832,9.11214953271028,27.686915887850468,24.60280373831776,2.102803738317757,0.7009345794392523,0.6308411214953271,1.4018691588785046,0.5607476635514018,55.373831775700936,2.94392523364486,3.0841121495327104,13.317757009345794,120.88808491594928,1.4018691588785046,27.25412719192698,19.23879383005312,35.27392246546522,2.242990654205608,11.495327102803738,0.2102803738317757,10.30373831775701,5.537383177570093,5.607476635514018,,0.1401869158878504,0.5607476635514018,1.7523364485981308,0.1401869158878504,,1.3317757009345794,2.593457943925233,0.1401869158878504,,,,,,0.8607476635514019,0.6532710280373832,0.1359813084112149,0.2663551401869158,3.4808411214953274,53.74149659863946,,56.81818181818182,0.0700934579439252,,,,,,,,,,,,,0.0700934579439252,,,0.1401869158878504,,63.47202666666667,42.882153333333335,8.68867046870505,20.85825590390816,30.0,23.0,14.0,9.0,7.0,23.0,7.0,0.0,19.0,4.0,0.0,0.7667,0.4667,0.3,0.2333,0.7667,0.2333,0.0,0.6333,0.1333,0.0,high_central,Right,season_collapsed_average_positions_v14,63.47202666666667,42.882153333333335,0.0700934579439252,1.7107935190846362,0.0195431915451131,4.044862423641205,5.114930057931814,0.0700934579439252,4.448973831775701,3.0057584112149534,0.6090189580868025,1.4620272829842167,2.102803738317757,1.6121495327102804,0.9813084112149532,0.6308411214953271,0.4906542056074766,1.6121495327102804,0.4906542056074766,0.0,1.3317757009345794,0.2803738317757009,0.0,4.448973831775701,3.0057584112149534,57.30919003115264,61.64472915887851,high,M,M,M,M,M,M,AMC,AM-C,Central Attacking Midfield,Possession-adjusted spatial evidence coherent with role scores (spatial_adj).,"sources=M,M,M; agreement=0.45; wide_score=60.6; central_score=89.1; adj_avg_x=61.6; spatial=AMC@adj_x=61.6,y=42.9,strength=0.72; upstream_position_source=heuristic",0.85,True,arbitrated_role_group,AM-C,AM,Tracking Attacking Midfielder,Channel Midfielder,67.48,0.3496,0.117,146.0,,1.0,4.0,0.0,1.0,key_passes_per90,,"marking, work rate, stamina",AM,0.06789008967184874,0.17423713517480469,0.05942772797019823,0.08650728541547989,0.13499315061151415,0.2605739012140439,0.05942772797019823,0.08650728541547989,0.8108857074153011,1.0,0.2627547483592361,0.7416309736565703,Attacking Midfielder,AM,Central,Tracking Attacking Midfielder,Attacking Midfielder
893549,Tijjani Reijnders,Tijjani Reijnders,2025-26,Premier League,Manchester City,1,Premier League,1,Manchester City,38,1640.0,1998-07-29,27.0,2026-05-25,Netherlands,185.0,Right,M,M,midfield,AM,CM,4,"AM, CM, M, DM",low,heuristic_stats,5.0,2.0,49.0,16.0,20.0,4.451700000000001,4.0801,2.3356238099999995,4.0,5.0,4.0,1.0,798.0,711.0,248.0,233.0,550.0,478.0,18.0,26.0,13.0,43.0,10.0,1098.0,30.0,46.0,190.0,1693.6229535189668,18.0,337.15765862322297,279.018113211971,451.54063574452505,16.0,199.0,,1.0,13.0,90.0,48.0,71.0,,3.0,5.0,20.0,6.0,1.0,,19.0,15.0,2.0,,,,,2.94,5.53,2.23,0.67,0.26,,,,,,,,,,7.939999999999999,2.7,7.159999999999999,18.46,50.18,13.766463414634146,4.0,0.0951219512195122,70.7051282051282,73.58474576271186,89.09774436090225,41.53780487804878,1.0,0.274390243902439,0.1097560975609756,2.6890243902439024,0.8780487804878049,1.0975609756097562,0.2443006097560976,0.2239079268292683,0.1281744773780487,0.2195121951219512,0.2195121951219512,43.79268292682927,39.01829268292683,13.609756097560975,12.78658536585366,30.182926829268293,26.23170731707317,0.9878048780487804,1.4268292682926829,0.7134146341463414,2.359756097560976,0.5487804878048781,60.25609756097561,1.646341463414634,2.524390243902439,10.426829268292684,92.94272305896769,0.9878048780487804,18.502554436640285,15.311969627486214,24.77966903476052,0.8780487804878049,10.920731707317072,0.7134146341463414,4.939024390243903,2.6341463414634148,3.8963414634146334,,0.1646341463414634,0.274390243902439,1.0975609756097562,0.3292682926829268,,1.0426829268292683,0.823170731707317,0.1097560975609756,0.1613414634146341,0.3034756097560976,0.1223780487804878,0.0367682926829268,0.0142682926829268,0.4357317073170731,0.1481707317073171,0.3929268292682926,1.013048780487805,2.7537804878048777,53.333333333333336,,43.47826086956522,0.0548780487804878,,,,,,,,,,,,,0.274390243902439,0.0548780487804878,,,0.0548780487804878,61.25627142857143,52.67068214285714,7.89600643789641,13.54238794540104,28.0,5.0,2.0,3.0,23.0,20.0,8.0,0.0,4.0,1.0,0.0,0.1786,0.0714,0.1071,0.8214,0.7143,0.2857,0.0,0.1429,0.0357,0.0,high_central,Central/Mixed,season_collapsed_average_positions_v14,61.25627142857143,52.67068214285714,0.0548780487804878,0.7554766508030935,0.0052201070791195,3.880159474671669,4.038187267465895,0.0548780487804878,3.3616246515679444,2.890464263937282,0.433317426469925,0.7431798262720083,1.5365853658536586,0.274390243902439,0.1097560975609756,0.1646341463414634,1.2621951219512195,1.0975609756097562,0.4390243902439024,0.0,0.2195121951219512,0.0548780487804878,0.0,3.3616246515679444,2.890464263937282,58.46219512195122,59.14072264808362,high,M,AM,AM,M,AM,AM,AMC,AM-C,Central Attacking Midfield,Possession-adjusted spatial evidence coherent with role scores (spatial_adj).,"sources=M,AM,AM; agreement=0.45; wide_score=55.0; central_score=70.9; adj_avg_x=59.1; spatial=AMC@adj_x=59.1,y=52.7,strength=0.72; upstream_position_source=heuristic",0.85,True,arbitrated_role_group,AM-C,AM,Second Striker,Free Role,61.84,0.2368,0.708,146.0,,5.0,6.0,0.0,0.0,"shots_total_per90, xg_per90, goals_per90, assists_per90, key_passes_per90",,"anticipation, composure, off the ball, acceleration, first touch",AM,0.12004145010961087,-0.00711409437909289,0.07121279075321905,0.22746450069367283,0.0030469583883016692,-0.029468410467360925,0.07121279075321905,0.22746450069367283,0.9579506255956197,1.0,0.2602921604331557,0.7406905527560959,Second Striker,AM,Central,Second Striker,Second Striker
801263,Jakub Kamiński,Jakub Kamiński,2025-26,Bundesliga,1. FC Köln,1,Bundesliga,1,1. FC Köln,34,3019.0,2002-06-05,23.0,2026-05-25,Poland,178.0,Right,M,M,midfield,AM,DM,8,"AM, DM, ST, CM, W, F, SS, M",medium,heuristic_stats,7.0,3.0,63.0,26.0,16.0,7.0566,6.8447,6.41097293,10.0,7.0,7.0,2.0,1013.0,811.0,319.0,283.0,694.0,528.0,52.0,76.0,32.0,117.0,28.0,1652.0,58.0,49.0,329.0,3307.185604026716,58.0,1092.565751976641,485.4604523590728,1419.4848704447668,40.0,437.0,,,24.0,234.0,111.0,136.0,21.0,14.0,35.0,24.0,22.0,2.0,,14.0,28.0,4.0,,2.0,,,,,,,,,,,,,,,,,48.78,27.86,27.42,41.56,127.4,17.389532957933092,16.0,0.0,,84.35270541082164,80.05923000987167,52.86154355746936,1.0,0.2086783703212984,0.0894335872805564,1.878105332891686,0.7750910897648228,0.4769791321629679,0.2103656840013249,0.2040486916197416,0.1911187690294799,0.2981119576018549,0.2086783703212984,30.1987413050679,24.176879761510435,9.509771447499173,8.436568400132494,20.688969857568733,15.74031136137794,1.5501821795296455,2.2656508777740973,0.9539582643259358,3.4879099039417025,0.8347134812851937,49.24809539582643,1.7290493540907586,1.460748592249089,9.807883405101029,98.59115745690772,1.7290493540907586,32.57069151304991,14.47215657910452,42.31654135145048,1.1924478304074198,13.02749254720106,0.7154686982444518,6.975819807883405,3.309042729380589,4.054322623385227,0.6260351109638953,0.4173567406425968,1.0433918516064922,0.7154686982444518,0.6558463067240808,,0.4173567406425968,0.8347134812851937,0.1192447830407419,,,,,,1.4541901291818482,0.8305399138787678,0.8174229877442862,1.2389532957933092,3.797946339847632,47.43589743589744,66.66666666666667,48.97959183673469,0.0596223915203709,,,,,,,,,,,,,0.2086783703212984,0.0596223915203709,,0.0596223915203709,,57.86055,61.14855882352941,7.063567572098822,12.404260550948967,34.0,11.0,1.0,10.0,23.0,18.0,16.0,0.0,4.0,7.0,0.0,0.3235,0.0294,0.2941,0.6765,0.5294,0.4706,0.0,0.1176,0.2059,0.0,mid_central,Central/Mixed,season_collapsed_average_positions_v14,57.86055,61.14855882352941,0.0298111957601854,0.5184027711871408,0.0,,2.514655013903262,0.0298111957601854,1.724892182842001,1.8229116575414528,0.2105733956571361,0.369785839544686,1.0135806558463067,0.3279231533620404,0.0298111957601854,0.2981119576018549,0.6856575024842663,0.5366015236833388,0.4769791321629679,0.0,0.1192447830407419,0.2086783703212984,0.0,1.724892182842001,1.8229116575414528,47.13845644253064,58.575935889367344,high,M,AM,AM,M,AM,AM,AMC,AM-C,Central Attacking Midfield,Possession-adjusted spatial evidence coherent with role scores (spatial_adj).,"sources=M,AM,AM; agreement=0.45; wide_score=62.3; central_score=76.3; adj_avg_x=58.6; spatial=AMC@adj_x=58.6,y=61.1,strength=0.72; upstream_position_source=heuristic",0.85,True,arbitrated_role_group,AM-C,AM,Channel Midfielder,Second Striker,55.77,0.1153,0.425,146.0,,3.0,6.0,0.0,1.0,"crosses_accurate_per90, key_passes_per90, progressive_carries_per90",,"work rate, acceleration, off the ball, vision, decisions",AM,0.2218330447531673,-0.18599106519412772,0.21864573112091018,0.22884513474413293,-0.15833782574496372,-0.2468281919822886,0.21864573112091018,0.22884513474413293,0.8769380028527831,1.0,0.25154241808342465,0.7373439576202384,Second Striker,AM,Central,Channel Midfielder,Second Striker
1009386,Hannibal Mejbri,Hannibal Mejbri,2025-26,Premier League,Burnley,1,Premier League,1,Burnley,29,1253.0,2003-01-21,23.0,2026-05-25,Tunisia,182.0,Right,M,M,midfield,DM,AM,3,"DM, AM, M",medium,heuristic_stats,1.0,4.0,19.0,5.0,6.0,0.8909,0.7361,2.05888425,5.0,,3.0,,510.0,394.0,146.0,119.0,364.0,275.0,21.0,45.0,18.0,31.0,11.0,815.0,31.0,34.0,205.0,1923.648203937406,25.0,510.31347849666,294.154621097794,976.7563037773548,33.0,222.0,,,10.0,202.0,102.0,104.0,10.0,6.0,26.0,20.0,12.0,2.0,,24.0,47.0,10.0,,,1.0,,2.11,3.43,1.29,0.58,0.16,,,,,,,,,,34.88,20.72,9.4,8.5,74.44,21.98324022346369,28.0,0.1532322426177174,68.55729166666667,70.1858407079646,77.25490196078431,58.00558659217877,1.0,0.071827613727055,0.2873104549082202,1.3647246608140462,0.3591380686352753,0.4309656823623304,0.0639912210694333,0.0528723064644852,0.1478847426177175,0.3591380686352753,0.2154828411811652,36.63208300079808,28.300079808459696,10.48683160415004,8.547486033519553,26.14525139664805,19.752593774940145,1.5083798882681565,3.232242617717478,1.2928970470869912,2.226656025538707,0.7901037509976058,58.53950518754988,2.226656025538707,2.442138866719872,14.724660814046288,138.17106013915924,1.7956903431763769,36.65459941316792,21.12842450024059,70.15807449318591,2.3703112529928174,15.945730247406225,0.7182761372705507,14.509177972865125,7.326416600159617,7.470071827613727,0.7182761372705507,0.4309656823623304,1.867517956903432,1.4365522745411017,0.8619313647246608,,1.7238627294493216,3.375897845171588,0.7182761372705507,0.1515562649640861,0.2463687150837988,0.092657621707901,0.0416600159616919,0.0114924181963288,2.505347166799681,1.4882681564245812,0.6751795690343176,0.6105347166799681,5.346847565841979,50.495049504950494,60.0,58.8235294117647,0.1436552274541101,,,,,,,,,,,,0.071827613727055,,,,,,57.835107407407406,48.02058518518519,8.387698809746325,15.770008189030206,27.0,8.0,5.0,3.0,19.0,16.0,11.0,0.0,6.0,2.0,0.0,0.2963,0.1852,0.1111,0.7037,0.5926,0.4074,0.0,0.2222,0.0741,0.0,mid_central,Central/Mixed,season_collapsed_average_positions_v14,57.835107407407406,48.02058518518519,0.071827613727055,1.5790036872400095,0.0110063063332757,4.924306664006385,5.0412814554802985,0.071827613727055,4.154157754722,3.449204043628625,0.6024683901653386,1.1327220566741567,1.9393455706304867,0.5746209098164405,0.3591380686352753,0.2154828411811652,1.3647246608140462,1.149241819632881,0.7901037509976058,0.0,0.4309656823623304,0.1436552274541101,0.0,4.154157754722,3.449204043628625,41.99441340782123,59.836504055452096,high,M,DM,DM,M,DM,DM,AMC,AM-C,Central Attacking Midfield,Possession-adjusted spatial evidence coherent with role scores (spatial_adj).,"sources=M,DM,DM; agreement=0.45; wide_score=65.7; central_score=81.7; adj_avg_x=59.8; spatial=AMC@adj_x=59.8,y=48.0,strength=0.72; upstream_position_source=heuristic",0.85,True,arbitrated_role_group,AM-C,AM,Channel Midfielder,Tracking Attacking Midfielder,56.08,0.1216,0.575,146.0,,3.0,6.0,1.0,1.0,"crosses_accurate_per90, key_passes_per90, progressive_carries_per90",distance_high_speed_running_km_per90,"work rate, acceleration, off the ball, vision, decisions",AM,0.06624243449817009,0.036027066254770736,0.0514823593692814,0.09871459978172521,0.022036862588829708,0.066805514319841,0.0514823593692814,0.09871459978172521,0.9316221288988571,1.0,0.2407611419164878,0.7332090592421813,Attacking Midfielder,AM,Central,Channel Midfielder,Attacking Midfielder
1010505,Gabri Veiga,Gabri Veiga,2025-26,Liga Portugal Betclic,FC Porto,1,Liga Portugal Betclic,1,FC Porto,32,1623.0,2002-05-27,23.0,2026-05-25,Spain,184.0,Right,M,M,midfield,AM,WM,4,"AM, WM, M, DM",medium,heuristic_stats,3.0,8.0,46.0,13.0,19.0,4.5634,4.0988,3.70484336,10.0,4.0,3.0,3.0,667.0,553.0,244.0,224.0,423.0,329.0,37.0,36.0,21.0,115.0,31.0,1065.0,37.0,40.0,130.0,1090.8687615164029,14.0,258.5855113657012,206.7232893419596,443.7758500376687,13.0,281.0,,,15.0,166.0,78.0,105.0,2.0,2.0,11.0,15.0,28.0,1.0,,30.0,22.0,6.0,,1.0,1.0,,,,,,,,,,,,,,,,36.96,29.1,14.58,2.94,76.1,17.65988909426987,10.0,0.2008626001232286,57.622699386503065,62.80931065353626,82.90854572713643,45.39741219963032,1.0,0.166358595194085,0.4436229205175601,2.5508317929759703,0.7208872458410351,1.0536044362292052,0.2530536044362292,0.2272902033271719,0.2054441789279113,0.5545286506469501,0.166358595194085,36.98706099815157,30.66543438077634,13.530499075785585,12.42144177449168,23.45656192236599,18.243992606284657,2.051756007393716,1.9963031423290205,1.1645101663585953,6.377079482439926,1.7190388170055453,59.05730129390018,2.051756007393716,2.2181146025878005,7.208872458410351,60.49179823566005,0.7763401109057301,14.339307469447387,11.463398669609589,24.60864233110917,0.7208872458410351,15.582255083179298,0.8317929759704251,9.205175600739372,4.32532347504621,5.822550831792976,0.11090573012939,0.11090573012939,0.609981515711645,0.8317929759704251,1.55268022181146,,1.6635859519408502,1.21996303142329,0.33271719038817,,,,,,2.049537892791128,1.6136783733826248,0.8085027726432532,0.1630314232902033,4.21996303142329,46.98795180722892,100.0,37.5,0.055452865064695,,,,,,,,,,,,0.055452865064695,0.22181146025878,0.166358595194085,,0.055452865064695,,60.18496129032258,62.462122580645165,5.747263972110404,6.992391380670357,31.0,8.0,0.0,8.0,23.0,22.0,9.0,0.0,5.0,3.0,0.0,0.2581,0.0,0.2581,0.7419,0.7097,0.2903,0.0,0.1613,0.0968,0.0,high_central,Central/Mixed,season_collapsed_average_positions_v14,60.18496129032258,62.462122580645165,0.055452865064695,0.9792914470020262,0.0111384066611771,3.195343773743238,3.482956228477057,0.055452865064695,3.3374285373561507,3.463703655118956,0.3187022535366213,0.3877481357118497,1.7190388170055453,0.4436229205175601,0.0,0.4436229205175601,1.2754158964879851,1.21996303142329,0.499075785582255,0.0,0.277264325323475,0.166358595194085,0.0,3.3374285373561507,3.463703655118956,54.60258780036968,59.03431434023016,high,M,AM,AM,M,AM,AM,AMC,AM-C,Central Attacking Midfield,Possession-adjusted spatial evidence coherent with role scores (spatial_adj).,"sources=M,AM,AM; agreement=0.45; wide_score=62.8; central_score=88.7; adj_avg_x=59.0; spatial=AMC@adj_x=59.0,y=62.5,strength=0.72; upstream_position_source=heuristic",0.85,True,arbitrated_role_group,AM-C,AM,Tracking Attacking Midfielder,Second Striker,66.67,0.3334,0.117,146.0,,1.0,4.0,0.0,1.0,key_passes_per90,,"marking, work rate, stamina",AM,0.017230597304896744,0.10358738329476226,-0.005620025976084625,0.06750196852305576,0.06794041265759868,0.18201071869652213,-0.005620025976084625,0.06750196852305576,0.9343382891775038,1.0,0.23463203528039714,0.7308527825969163,Creator,AM,Central,Tracking Attacking Midfielder,Creator
