player_id,player_name,profile_name,season,league,team,leagues_played_count,leagues_played_list,teams_played_count,teams_played_list,matches,minutes_played,date_of_birth,age,age_as_of,nationality,height_cm,preferred_foot,player_position,base_position,role_family,primary_role_position,secondary_role_position,positions_played_count,positions_played_list,position_confidence,position_source,goals,assists,shots_total,shots_on_target,shots_off_target,xg,xgot,xa,big_chances_created,big_chance_missed,offsides,hit_woodwork,passes_total,passes_accurate,passes_own_half_total,passes_own_half_accurate,passes_opposition_half_total,passes_opposition_half_accurate,key_passes,long_balls_total,long_balls_accurate,crosses_total,crosses_accurate,touches,unsuccessful_touches,dribbles_attempted,carries,carry_distance,progressive_carries,progressive_carry_distance,best_carry_progression,total_progression,dispossessed,possession_lost,last_man_tackles,clearance_off_line,blocked_shots,duels_total,duels_won,duels_lost,aerial_duels_total,aerial_duels_won,aerial_duels_lost,dribbles_won,challenges_lost,errors_leading_to_shot,errors_leading_to_goal,fouls_committed,fouls_drawn,yellow_cards,red_cards,penalties_won,penalties_conceded,penalties_faced,distance_walking_km,distance_jogging_km,distance_running_km,distance_high_speed_running_km,distance_sprinting_km,gk_saves,gk_saves_inside_box,gk_xgot_faced,gk_goals_prevented,gk_goals_prevented_raw,gk_high_claims,gk_punches,gk_sweeper_total,gk_sweeper_accurate,P-Adj_tackles_total,P-Adj_tackles_won,P-Adj_interceptions,P-Adj_clearances,P-Adj_recoveries,MW,shirt_number,is_substitute,sub_on_minute,sub_off_minute,pass_accuracy_pct,oppo_poss_pct,poss_available,goals_per90,assists_per90,shots_total_per90,shots_on_target_per90,shots_off_target_per90,xg_per90,xgot_per90,xa_per90,big_chances_created_per90,offsides_per90,passes_total_per90,passes_accurate_per90,passes_own_half_total_per90,passes_own_half_accurate_per90,passes_opposition_half_total_per90,passes_opposition_half_accurate_per90,key_passes_per90,long_balls_total_per90,long_balls_accurate_per90,crosses_total_per90,crosses_accurate_per90,touches_per90,unsuccessful_touches_per90,dribbles_attempted_per90,carries_per90,carry_distance_per90,progressive_carries_per90,progressive_carry_distance_per90,best_carry_progression_per90,total_progression_per90,dispossessed_per90,possession_lost_per90,blocked_shots_per90,duels_total_per90,duels_won_per90,duels_lost_per90,aerial_duels_total_per90,aerial_duels_won_per90,aerial_duels_lost_per90,dribbles_won_per90,challenges_lost_per90,errors_leading_to_goal_per90,fouls_committed_per90,fouls_drawn_per90,yellow_cards_per90,distance_walking_km_per90,distance_jogging_km_per90,distance_running_km_per90,distance_high_speed_running_km_per90,distance_sprinting_km_per90,P-Adj_tackles_total_per90,P-Adj_tackles_won_per90,P-Adj_interceptions_per90,P-Adj_clearances_per90,P-Adj_recoveries_per90,duel_win_pct,aerial_win_pct,dribble_success_pct,errors_leading_to_shot_per90,penalties_faced_per90,gk_saves_per90,gk_saves_inside_box_per90,gk_xgot_faced_per90,gk_goals_prevented_per90,gk_goals_prevented_raw_per90,gk_high_claims_per90,gk_punches_per90,gk_sweeper_total_per90,gk_sweeper_accurate_per90,last_man_tackles_per90,penalties_conceded_per90,big_chance_missed_per90,hit_woodwork_per90,red_cards_per90,penalties_won_per90,clearance_off_line_per90,season_avg_x,season_avg_y,season_std_x,season_std_y,spatial_matches_used,spatial_wide_matches,spatial_right_matches,spatial_left_matches,spatial_central_matches,spatial_high_matches,spatial_mid_matches,spatial_deep_matches,spatial_high_wide_matches,spatial_mid_wide_matches,spatial_deep_central_matches,spatial_wide_pct,spatial_right_pct,spatial_left_pct,spatial_central_pct,spatial_high_pct,spatial_mid_pct,spatial_deep_pct,spatial_high_wide_pct,spatial_mid_wide_pct,spatial_deep_central_pct,season_position_zone,spatial_dominant_side,position_context_source,avg_x,avg_y,leagues_played_count_per90,MW_per90,is_substitute_per90,sub_on_minute_per90,sub_off_minute_per90,poss_available_per90,season_avg_x_per90,season_avg_y_per90,season_std_x_per90,season_std_y_per90,spatial_matches_used_per90,spatial_wide_matches_per90,spatial_right_matches_per90,spatial_left_matches_per90,spatial_central_matches_per90,spatial_high_matches_per90,spatial_mid_matches_per90,spatial_deep_matches_per90,spatial_high_wide_matches_per90,spatial_mid_wide_matches_per90,spatial_deep_central_matches_per90,avg_x_per90,avg_y_per90,team_poss_pct,adj_avg_x,adj_zone,profile_position_raw,match_position_mode,match_role_mode,profile_positions_played,match_positions_played,match_roles_played,arbitrated_position,arbitrated_role_group,arbitrated_lane,arbitration_reason,position_evidence,arbitrated_confidence,position_conflict_flag,role_source_column,role_source_value,role_model_family,primary_role,secondary_role,role_score,role_bvalue,confidence,cohort_size,warning,measured_metrics_available,measured_metrics_possible,partial_proxies_available,partial_proxies_possible,measured_inputs,partial_proxies,unmeasured_traits,_family,similarity_core,similarity_broad,similarity_z_core,similarity_percentile_core,similarity_z_broad,similarity_percentile_broad,similarity_z,similarity_percentile,similarity_spatial,similarity_role_bonus,similarity_raw,similarity,similarity_archetype,similarity_family,similarity_side,similarity_display_role,similarity_color_key
856714,Declan Rice,Declan Rice,2025-26,Premier League,Arsenal,1,Premier League,1,Arsenal,37,3099.0,1999-01-14,27.0,2026-06-01,England,188.0,Right,M,M,midfield,AM,DM,4,"AM, DM, M, CB",medium,heuristic_stats,4.0,5.0,40.0,13.0,14.0,2.9698,4.3859,6.955760900000001,17.0,3.0,1.0,,2136.0,1865.0,874.0,803.0,1262.0,1062.0,64.0,183.0,88.0,178.0,47.0,2769.0,37.0,28.0,592.0,5856.610909328379,56.0,1421.236493371543,586.568395311735,1868.20814458455,18.0,498.0,,,23.0,223.0,145.0,96.0,37.0,50.0,24.0,14.0,14.0,,1.0,26.0,11.0,3.0,,,,,2.48,4.84,1.65,0.61,0.23,,,,,,,,,,60.74,30.82,33.76,67.36,156.39999999999998,19.27460471119716,41.0,0.0070990642142626,68.0,78.40471092077088,87.312734082397,43.58018715714746,1.0,0.1161665053242981,0.1452081316553727,1.1616650532429815,0.377541142303969,0.4065827686350435,0.0862478218780251,0.1273736689254598,0.2020066089060987,0.4937076476282672,0.0290416263310745,62.032913843175216,54.16263310745402,25.38238141335915,23.320425943852857,36.65053242981607,30.842207163601163,1.8586640851887704,5.314617618586641,2.5556631171345594,5.169409486931269,1.3649564375605034,80.4162633107454,1.074540174249758,0.8131655372700871,17.192642787996128,170.08550559520947,1.6263310745401742,41.27501916858305,17.034900154261422,54.25580284369458,0.5227492739593417,14.46272991287512,0.6679574056147144,6.476282671829623,4.211035818005809,2.787996127783156,1.074540174249758,1.452081316553727,0.6969990319457889,0.4065827686350435,0.4065827686350435,0.0290416263310745,0.755082284607938,0.3194578896418199,0.0871248789932236,0.0720232333010648,0.1405614714424007,0.0479186834462729,0.0177153920619554,0.0066795740561471,1.7639883833494676,0.8950629235237174,0.9804453049370764,1.956243949661181,4.542110358180057,65.02242152466367,135.13513513513513,50.0,,,,,,,,,,,,,,0.0871248789932236,,,,,52.286325000000005,57.41411388888889,4.46213449777282,9.958606066431836,36.0,4.0,1.0,3.0,32.0,4.0,32.0,0.0,1.0,3.0,0.0,0.1111,0.0278,0.0833,0.8889,0.1111,0.8889,0.0,0.0278,0.0833,0.0,mid_central,Central/Mixed,season_collapsed_average_positions_v14,52.286325000000005,57.41411388888889,0.0290416263310745,0.5597658677017568,0.0002061683702109,1.9748305905130688,2.277000317156947,0.0290416263310745,1.5184799128751212,1.6673992416908685,0.1295876427233152,0.2892141161596854,1.0454985479186834,0.1161665053242981,0.0290416263310745,0.0871248789932236,0.9293320425943852,0.1161665053242981,0.9293320425943852,0.0,0.0290416263310745,0.0871248789932236,0.0,1.5184799128751212,1.6673992416908685,56.41981284285254,50.68137178928687,mid,M,AM,AM,M,AM,AM,CM,CM,Central Midfield,Possession-adjusted spatial evidence coherent with role scores (spatial_adj).,"sources=M,AM,AM; agreement=0.45; wide_score=64.4; central_score=89.2; adj_avg_x=50.7; spatial=CM@adj_x=50.7,y=57.4,strength=0.72; upstream_position_source=heuristic",0.85,True,arbitrated_role_group,CM,CM,Central Midfielder,Midfield Playmaker,89.32,0.7864,0.156,1209.0,,2.0,6.0,0.0,0.0,"passes_total_per90, passes_accurate_per90",,"first touch, decisions, teamwork, positioning, concentration",CM,0.7627815986646103,0.6162263515718481,0.7500868821141623,0.7907099750755957,0.6581348567120091,0.5240276402634939,0.7500868821141623,0.7907099750755957,0.9621403078737268,1.0,0.7656131092058843,0.9221734339347873,Midfielder,CM,Central,Central Midfielder,Midfielder
965943,Imrân Louza,Imrân Louza,2025-26,Championship,Watford,1,Championship,1,Watford,41,3497.0,1999-05-01,27.0,2026-06-01,Morocco,178.0,Left,M,M,midfield,AM,DM,5,"AM, DM, CM, ST, W",medium,heuristic_stats,6.0,9.0,82.0,18.0,34.0,7.6328,5.814500000000001,8.4074571,16.0,3.0,1.0,3.0,2462.0,2162.0,1105.0,1033.0,1357.0,1129.0,76.0,235.0,147.0,192.0,58.0,3224.0,70.0,54.0,628.0,4858.332721022855,29.0,559.371721198288,410.2804772419544,1289.9050787162175,34.0,571.0,,1.0,40.0,341.0,161.0,186.0,34.0,30.0,43.0,33.0,35.0,2.0,,55.0,39.0,11.0,1.0,,,,,,,,,,,,,,,,,,57.98,39.24,44.3,28.2,235.72,24.12839576780097,10.0,0.0128681727194738,46.0,80.56384892086331,87.81478472786353,48.34114955676294,1.0,0.154418072633686,0.231627108950529,2.110380325993709,0.463254217901058,0.8750357449242208,0.1964403774663997,0.1496439805547612,0.2163772201887332,0.4117815270231627,0.0257363454389476,63.362882470689165,55.641978839004864,28.438661710037174,26.58564483843294,34.924220760651984,29.05633400057192,1.955962253360023,6.048041178152702,3.7832427795253074,4.941378324277952,1.4927080354589648,82.97397769516729,1.8015441807263368,1.3897626537031742,16.162424935659136,125.0357291655868,0.7463540177294824,14.396183845537868,10.559120089155249,33.19744268929356,0.8750357449242208,14.695453245639118,1.0294538175579069,8.776093794681156,4.143551615670575,4.786960251644267,0.8750357449242208,0.77209036316843,1.1066628538747498,0.8492993994852731,0.9007720903631684,,1.4154989991421218,1.003717472118959,0.2830997998284243,,,,,,1.4921933085501862,1.0098941950243066,1.1401201029453816,0.7257649413783243,6.066571346868744,47.21407624633431,88.23529411764706,61.11111111111112,0.0514726908778953,,,,,,,,,,,,,0.077209036316843,0.077209036316843,0.0257363454389476,,0.0257363454389476,50.82799512195122,47.71879756097561,5.036213843451806,7.745576777377133,41.0,2.0,2.0,0.0,39.0,3.0,38.0,0.0,0.0,2.0,0.0,0.0488,0.0488,0.0,0.9512,0.0732,0.9268,0.0,0.0,0.0488,0.0,mid_central,Central/Mixed,season_collapsed_average_positions_v14,50.82799512195122,47.71879756097561,0.0257363454389476,0.6209767283677687,0.0003311797382764,1.1838718901915928,2.0734190457185293,0.0257363454389476,1.3081268404276836,1.2281074579604818,0.129613739179486,0.1993428395664689,1.0551901629968543,0.0514726908778953,0.0514726908778953,0.0,1.003717472118959,0.077209036316843,0.9779811266800116,0.0,0.0,0.0514726908778953,0.0,1.3081268404276836,1.2281074579604818,51.65885044323706,50.41328251114196,mid,M,AM,AM,M,AM,AM,CM,CM,Central Midfield,Possession-adjusted spatial evidence coherent with role scores (spatial_adj).,"sources=M,AM,AM; agreement=0.45; wide_score=56.4; central_score=91.9; adj_avg_x=50.4; spatial=CM@adj_x=50.4,y=47.7,strength=0.72; upstream_position_source=heuristic",0.85,True,arbitrated_role_group,CM,CM,Pressing Central Midfielder,Midfield Playmaker,,,0.0,1209.0,,0.0,4.0,0.0,1.0,,,"aggression, work rate, anticipation",CM,0.8465163337845696,0.327657895799004,0.8458645904745112,0.8479501690666977,0.3032247490304746,0.3814108186897687,0.8458645904745112,0.8479501690666977,0.9690609063351606,1.0,0.7296403520872623,0.9099169988292396,Midfielder,CM,Central,Pressing Central Midfielder,Midfielder
351498,Alex Mowatt,Alex Mowatt,2025-26,Championship,West Bromwich Albion,1,Championship,1,West Bromwich Albion,42,2771.0,1995-02-13,31.0,2026-06-01,England,177.0,Both,M,M,midfield,AM,DM,3,"AM, DM, M",medium,heuristic_stats,1.0,4.0,35.0,7.0,14.0,1.5713,2.5869,5.6171601,8.0,,1.0,1.0,1850.0,1628.0,862.0,804.0,988.0,824.0,54.0,170.0,78.0,113.0,38.0,2317.0,35.0,16.0,354.0,2787.77004806236,13.0,238.802921476562,213.5362719845161,804.0478740481819,9.0,361.0,,,20.0,185.0,116.0,94.0,42.0,31.0,36.0,6.0,16.0,,2.0,26.0,40.0,7.0,,,,,,,,,,,,,,,,,,,39.2,22.5,28.3,29.54,144.58,21.201732226632984,27.0,0.0418621436304583,68.49137931034483,75.14391534391534,88.0,47.237820281486826,1.0,0.032479249368459,0.1299169974738361,1.1367737278960663,0.2273547455792132,0.4547094911584265,0.0510346445326596,0.0840205701912666,0.1824411436304583,0.2598339949476723,0.032479249368459,60.08661133164922,52.87621797185132,27.99711295561169,26.11331649224107,32.08949837603753,26.76290147961025,1.7538794658967882,5.521472392638037,2.533381450739805,3.670155178635872,1.2342114760014435,75.25442078671959,1.1367737278960663,0.5196679898953447,11.4976542764345,90.5446785729384,0.4222302417899675,7.756139636553801,6.935497826996192,26.11487140539025,0.2923132443161313,11.725009022013714,0.6495849873691808,6.008661133164923,3.7675929267412487,3.05304944063515,1.3641284734752797,1.0068567304222302,1.1692529772645257,0.1948754962107542,0.5196679898953447,0.064958498736918,0.8444604835799351,1.2991699747383616,0.2273547455792132,,,,,,1.2731865752435945,0.7307831107903284,0.9191627571273908,0.95943702634428,4.695849873691809,62.7027027027027,73.80952380952381,37.5,,,,,,,,,,,,,,,0.032479249368459,,,,48.62265128205128,55.19896153846154,5.159473858420256,7.266023066829082,39.0,1.0,1.0,0.0,38.0,1.0,36.0,2.0,0.0,0.0,1.0,0.0256,0.0256,0.0,0.9744,0.0256,0.9231,0.0513,0.0,0.0,0.0256,mid_central,Central/Mixed,season_collapsed_average_positions_v14,48.62265128205128,55.19896153846154,0.032479249368459,0.688616348032107,0.0013596510020719,2.2245485882104057,2.440617964977402,0.032479249368459,1.579227215945368,1.792820836687672,0.167575838057677,0.2359949751045173,1.2666907253699025,0.032479249368459,0.032479249368459,0.0,1.2342114760014435,0.032479249368459,1.1692529772645257,0.064958498736918,0.0,0.0,0.032479249368459,1.579227215945368,1.792820836687672,52.76217971851317,47.93210635242298,mid,M,AM,AM,M,AM,AM,CM,CM,Central Midfield,Possession-adjusted spatial evidence coherent with role scores (spatial_adj).,"sources=M,AM,AM; agreement=0.45; wide_score=41.0; central_score=87.2; adj_avg_x=47.9; spatial=CM@adj_x=47.9,y=55.2,strength=0.72; upstream_position_source=heuristic",0.85,True,arbitrated_role_group,CM,CM,Pressing Central Midfielder,Central Midfielder,,,0.0,1209.0,,0.0,4.0,0.0,1.0,,,"aggression, work rate, anticipation",CM,0.8535764921293166,0.28347463895491887,0.8632369419116174,0.8323235026082549,0.2596376700754849,0.3359159704896737,0.8632369419116174,0.8323235026082549,0.9698275610405522,1.0,0.7211188924647434,0.9070005898549235,Midfielder,CM,Central,Pressing Central Midfielder,Midfielder
340713,Matt Grimes,Matt Grimes,2025-26,Championship,Coventry City,1,Championship,1,Coventry City,45,4036.0,1995-07-15,30.0,2026-06-01,England,178.0,Left,M,M,midfield,AM,DM,3,"AM, DM, CM",medium,heuristic_stats,2.0,2.0,32.0,6.0,16.0,1.7385999999999997,1.7294999999999998,9.104898619999998,10.0,,,1.0,3234.0,2831.0,1471.0,1371.0,1763.0,1460.0,80.0,337.0,159.0,279.0,84.0,3961.0,24.0,17.0,801.0,6822.80780706262,41.0,984.798686216792,439.70070454610703,2420.277368054775,21.0,668.0,,,27.0,288.0,174.0,131.0,79.0,53.0,55.0,11.0,29.0,1.0,1.0,21.0,30.0,5.0,,,,,,,,,,,,,,,,,,,78.22,47.26,29.4,54.98,216.6,23.17195242814668,6.0,0.0,,83.19277108433735,87.53865182436611,44.66451932606541,1.0,0.0445986124876114,0.0445986124876114,0.7135777998017839,0.1337958374628345,0.3567888999008919,0.0387695738354806,0.038566650148662,0.2030329226461843,0.2229930624380574,,72.1159563924678,63.12933597621407,32.802279484638255,30.57234886025768,39.31367690782953,32.5569871159564,1.7839444995044598,7.514866204162537,3.545589692765114,6.221506442021804,1.8731417244796829,88.32755203171457,0.535183349851338,0.3790882061446977,17.861744301288404,152.14388073231808,0.9142715559960356,21.960327492445806,9.80502066629079,53.97050622520558,0.4682854311199207,14.89593657086224,0.6020812685827552,6.422200198216055,3.8800792864222,2.921209117938553,1.761645193260654,1.1818632309217048,1.2264618434093162,0.2452923686818632,0.6466798810703667,0.0222993062438057,0.4682854311199207,0.6689791873141725,0.1114965312190287,,,,,,1.7442517343904858,1.0538652130822597,0.655599603567889,1.22601585728444,4.830029732408326,60.41666666666666,67.0886075949367,64.70588235294117,0.0222993062438057,,,,,,,,,,,,,,0.0222993062438057,,,,48.91443777777778,58.62038444444445,4.079657707415755,4.513955885259703,45.0,1.0,0.0,1.0,44.0,0.0,45.0,0.0,0.0,1.0,0.0,0.0222,0.0,0.0222,0.9778,0.0,1.0,0.0,0.0,0.0222,0.0,mid_central,Central/Mixed,season_collapsed_average_positions_v14,48.91443777777778,58.62038444444445,0.0222993062438057,0.5167184634621411,0.0,,1.8551410796804664,0.0222993062438057,1.0907580277502478,1.3071939048562935,0.0909735365875663,0.1006580846564354,1.0034687809712586,0.0222993062438057,0.0,0.0222993062438057,0.981169474727453,0.0,1.0034687809712586,0.0,0.0,0.0222993062438057,0.0,1.0907580277502478,1.3071939048562935,55.33548067393459,47.58056760929413,mid,M,AM,AM,M,AM,AM,CM,CM,Central Midfield,Possession-adjusted spatial evidence coherent with role scores (spatial_adj).,"sources=M,AM,AM; agreement=0.45; wide_score=56.3; central_score=86.4; adj_avg_x=47.6; spatial=CM@adj_x=47.6,y=58.6,strength=0.72; upstream_position_source=heuristic",0.85,True,arbitrated_role_group,CM,CM,Pressing Central Midfielder,Central Midfielder,,,0.0,1209.0,,0.0,4.0,0.0,1.0,,,"aggression, work rate, anticipation",CM,0.8439043099887463,0.3096851888361339,0.8638869984697778,0.7999423953304771,0.3106110855461955,0.3076482160739984,0.8638869984697778,0.7999423953304771,0.950853827761233,1.0,0.7206994496685349,0.9068569082012609,Midfielder,CM,Central,Pressing Central Midfielder,Midfielder
979118,Tyler Morton,Tyler Morton,2025-26,Ligue 1,Olympique Lyonnais,1,Ligue 1,1,Olympique Lyonnais,29,2524.0,2002-10-31,23.0,2026-06-01,England,185.0,Right,M,M,midfield,DM,AM,3,"DM, AM, CM",medium,heuristic_stats,2.0,2.0,28.0,8.0,6.0,1.7306000000000004,1.4943,3.75498532,3.0,1.0,,2.0,1516.0,1331.0,679.0,634.0,837.0,697.0,29.0,154.0,101.0,83.0,18.0,1921.0,35.0,21.0,394.0,3671.303049415029,25.0,510.2864819300288,272.3304727825072,1238.1120423299649,13.0,310.0,1.0,,22.0,175.0,98.0,82.0,30.0,17.0,23.0,14.0,12.0,2.0,,29.0,19.0,6.0,1.0,,1.0,,,,,,,,,,,,,,,,45.6,30.82,20.28,40.72,113.22,16.94096671949287,23.0,0.0,,79.28997867803838,87.79683377308707,46.12044374009509,1.0,0.0713153724247226,0.0713153724247226,0.9984152139461172,0.2852614896988906,0.2139461172741679,0.0617091917591125,0.0532832805071315,0.1338940882725832,0.1069730586370839,,54.05705229793978,47.46038034865293,24.211568938193345,22.606973058637085,29.845483359746435,24.85340729001585,1.0340729001584783,5.491283676703645,3.6014263074484942,2.9595879556259903,0.6418383518225039,68.49841521394612,1.2480190174326466,0.748811410459588,14.049128367670365,130.9101721265264,0.8914421553090333,18.19563525107076,9.710674544542648,44.14821070114772,0.4635499207606973,11.053882725832011,0.7844690966719493,6.240095087163233,3.4944532488114106,2.923930269413629,1.06973058637084,0.6061806656101426,0.8201267828843106,0.4992076069730586,0.4278922345483359,,1.0340729001584783,0.6774960380348652,0.2139461172741679,,,,,,1.625990491283677,1.0989698890649764,0.7231378763866878,1.4519809825673533,4.03716323296355,56.0,56.66666666666666,66.66666666666667,0.0713153724247226,,,,,,,,,,,0.0356576862123613,0.0356576862123613,0.0356576862123613,0.0713153724247226,0.0356576862123613,,,49.664751724137936,49.874727586206895,6.175964723403871,7.584913868608649,29.0,2.0,1.0,1.0,27.0,2.0,26.0,1.0,0.0,1.0,0.0,0.069,0.0345,0.0345,0.931,0.069,0.8966,0.0345,0.0,0.0345,0.0,mid_central,Central/Mixed,season_collapsed_average_positions_v14,49.664751724137936,49.874727586206895,0.0356576862123613,0.604075675417733,0.0,,2.827297179486313,0.0356576862123613,1.7709301327941418,1.778417386195967,0.2202206121657481,0.2704604786746348,1.0340729001584783,0.0713153724247226,0.0356576862123613,0.0356576862123613,0.962757527733756,0.0713153724247226,0.9270998415213946,0.0356576862123613,0.0,0.0356576862123613,0.0,1.7709301327941418,1.778417386195967,53.87955625990491,48.69486265916171,mid,M,DM,DM,M,DM,DM,CM,CM,Central Midfield,Possession-adjusted spatial evidence coherent with role scores (spatial_adj).,"sources=M,DM,DM; agreement=0.45; wide_score=46.9; central_score=72.5; adj_avg_x=48.7; spatial=CM@adj_x=48.7,y=49.9,strength=0.72; upstream_position_source=heuristic",0.85,True,arbitrated_role_group,CM,CM,Pressing Central Midfielder,Central Midfielder,,,0.0,1209.0,,0.0,4.0,0.0,1.0,,,"aggression, work rate, anticipation",CM,0.8065417915319945,0.36531349222554865,0.7988075215923786,0.823557185399149,0.35342708413500656,0.3914635900247414,0.7988075215923786,0.823557185399149,0.9760648711766542,1.0,0.7204790187194731,0.9067813938649633,Midfielder,CM,Central,Pressing Central Midfielder,Midfielder
259117,Joshua Kimmich,Joshua Kimmich,2025-26,Bundesliga,FC Bayern München,1,Bundesliga,1,FC Bayern München,30,2280.0,1995-02-08,31.0,2026-06-01,Germany,176.0,Right,M,M,midfield,AM,DM,2,"AM, DM",medium,heuristic_stats,2.0,8.0,28.0,10.0,12.0,2.6494,2.2264,10.2419358,16.0,1.0,,3.0,2650.0,2448.0,929.0,900.0,1721.0,1548.0,58.0,225.0,160.0,120.0,28.0,3071.0,25.0,18.0,703.0,5575.99938835421,24.0,538.2365702514741,315.6498698906101,2097.29439098393,14.0,354.0,1.0,,11.0,127.0,71.0,63.0,8.0,7.0,12.0,11.0,23.0,4.0,,8.0,21.0,4.0,,,1.0,,,,,,,,,,,,,,,,22.14,17.12,17.759999999999998,12.699999999999998,77.32000000000001,17.54780701754386,6.0,0.0771929824561403,53.48863636363637,80.80710659898477,92.37735849056604,33.07587719298245,1.0,0.0789473684210526,0.3157894736842105,1.105263157894737,0.3947368421052631,0.4736842105263157,0.1045815789473684,0.0878842105263157,0.4042869394736842,0.631578947368421,,104.60526315789474,96.63157894736842,36.67105263157895,35.526315789473685,67.9342105263158,61.10526315789474,2.289473684210526,8.881578947368421,6.315789473684211,4.7368421052631575,1.105263157894737,121.22368421052632,0.986842105263158,0.7105263157894737,27.75,220.105239013982,0.9473684210526316,21.24618040466345,12.459863285155665,82.78793648620777,0.5526315789473685,13.973684210526317,0.4342105263157895,5.0131578947368425,2.8026315789473686,2.486842105263158,0.3157894736842105,0.2763157894736842,0.4736842105263157,0.4342105263157895,0.9078947368421052,,0.3157894736842105,0.8289473684210527,0.1578947368421052,,,,,,0.8739473684210525,0.6757894736842106,0.7010526315789473,0.5013157894736842,3.052105263157895,55.90551181102362,87.5,61.11111111111112,0.1578947368421052,,,,,,,,,,,0.0394736842105263,0.0394736842105263,0.0394736842105263,0.1184210526315789,,,,52.55242413793104,42.55616896551724,4.142013721838274,6.273175570355293,29.0,2.0,2.0,0.0,27.0,1.0,28.0,0.0,0.0,2.0,0.0,0.069,0.069,0.0,0.931,0.0345,0.9655,0.0,0.0,0.069,0.0,mid_central,Central/Mixed,season_collapsed_average_positions_v14,52.55242413793104,42.55616896551724,0.0394736842105263,0.692676592797784,0.0030470914127423,2.1113935406698565,3.189754207854662,0.0394736842105263,2.07443779491833,1.6798487749546278,0.1635005416515108,0.2476253514613931,1.144736842105263,0.0789473684210526,0.0789473684210526,0.0,1.0657894736842106,0.0394736842105263,1.105263157894737,0.0,0.0,0.0789473684210526,0.0,2.07443779491833,1.6798487749546278,66.92412280701754,48.32139343617665,mid,M,AM,AM,M,AM,AM,CM,CM,Central Midfield,Possession-adjusted spatial evidence coherent with role scores (spatial_adj).,"sources=M,AM,AM; agreement=0.45; wide_score=54.4; central_score=96.9; adj_avg_x=48.3; spatial=CM@adj_x=48.3,y=42.6,strength=0.72; upstream_position_source=heuristic",0.85,True,arbitrated_role_group,CM,CM,Pressing Central Midfielder,Central Midfielder,,,0.0,1209.0,,0.0,4.0,0.0,1.0,,,"aggression, work rate, anticipation",CM,0.8097067542614524,0.3603944424214965,0.8225010087743208,0.7815593943331421,0.33040383548249763,0.4263737776872939,0.8225010087743208,0.7815593943331421,0.9690983163351612,1.0,0.7197501127442831,0.9065316641102158,Midfielder,CM,Central,Pressing Central Midfielder,Midfielder
117777,Granit Xhaka,Granit Xhaka,2025-26,Premier League,Sunderland,1,Premier League,1,Sunderland,34,2903.0,1992-09-27,33.0,2026-06-01,Switzerland,185.0,Left,M,M,midfield,DM,AM,2,"DM, AM",medium,heuristic_stats,1.0,6.0,21.0,5.0,10.0,1.0167000000000002,0.7928000000000001,3.70697473,9.0,,,1.0,1807.0,1512.0,723.0,660.0,1084.0,852.0,34.0,251.0,138.0,99.0,23.0,2295.0,20.0,24.0,357.0,2842.6371099382723,17.0,369.699331238666,291.549333247387,1078.528449842338,17.0,429.0,1.0,,25.0,243.0,155.0,102.0,67.0,56.0,35.0,11.0,16.0,3.0,,23.0,41.0,8.0,,,,,2.8,5.73,1.91,0.44,0.05,,,,,,,,,,55.42,35.74,30.660000000000004,98.92,196.56,18.501894591801584,34.0,0.0186014467791939,60.629629629629626,74.53020134228188,83.67459878251245,55.35204960385808,1.0,0.0310024112986565,0.1860144677919393,0.6510506372717878,0.1550120564932828,0.3100241129865656,0.0315201515673441,0.0245787116775749,0.1149251552531863,0.2790217016879091,,56.021357216672406,46.87564588356872,22.414743368928693,20.46159145711333,33.60661384774372,26.41405442645539,1.0540819841543232,7.781605235962797,4.278332759214606,3.069238718567,0.7130554598691009,71.15053393041681,0.6200482259731313,0.7440578711677575,11.067860833620392,88.12860485513073,0.5270409920771616,11.461570723899394,9.038732343184575,33.436982599314646,0.5270409920771616,13.300034447123664,0.775060282466414,7.533585945573544,4.805373751291767,3.1622459524629694,2.077161557009989,1.7361350327247675,1.0850843954529796,0.3410265242852222,0.496038580778505,,0.7130554598691009,1.271098863244919,0.2480192903892525,0.0868067516362383,0.1776438167413021,0.059214605580434,0.0136410609714088,0.0015501205649328,1.7181536341715469,1.1080261798139857,0.9505339304168104,3.066758525663107,6.093833964863935,63.78600823045267,83.58208955223881,45.833333333333336,0.0930072338959696,,,,,,,,,,,0.0310024112986565,,,0.0310024112986565,,,,47.377835294117645,45.46199411764706,3.875473431089448,5.817882064647423,34.0,0.0,0.0,0.0,34.0,0.0,33.0,1.0,0.0,0.0,1.0,0.0,0.0,0.0,1.0,0.0,0.9706,0.0294,0.0,0.0,0.0294,mid_central,Central/Mixed,season_collapsed_average_positions_v14,47.377835294117645,45.46199411764706,0.0310024112986565,0.5736033459394222,0.0005766897037986,1.879664714662992,2.3106159561851083,0.0310024112986565,1.4688271362282423,1.4094314400923993,0.1201490212876508,0.1803683726552766,1.0540819841543232,0.0,0.0,0.0,1.0540819841543232,0.0,1.0230795728556663,0.0310024112986565,0.0,0.0,0.0310024112986565,1.4688271362282423,1.4094314400923993,44.64795039614192,48.71584769508216,mid,M,DM,DM,M,DM,DM,CM,CM,Central Midfield,Possession-adjusted spatial evidence coherent with role scores (spatial_adj).,"sources=M,DM,DM; agreement=0.45; wide_score=40.7; central_score=74.4; adj_avg_x=48.7; spatial=CM@adj_x=48.7,y=45.5,strength=0.72; upstream_position_source=heuristic",0.85,True,arbitrated_role_group,CM,CM,Central Midfielder,Midfield Playmaker,81.64,0.6328,0.156,1209.0,,2.0,6.0,0.0,0.0,"passes_total_per90, passes_accurate_per90",,"first touch, decisions, teamwork, positioning, concentration",CM,0.7878531218903057,0.4075009301713939,0.7895498441755019,0.784120332862874,0.4440266212588244,0.32714440977904663,0.7895498441755019,0.784120332862874,0.9550538089704829,1.0,0.719555190796328,0.9064648758169274,Midfielder,CM,Central,Central Midfielder,Midfielder
75756,Kenny McLean,Kenny McLean,2025-26,Championship,Norwich City,1,Championship,1,Norwich City,41,3529.0,1992-01-08,34.0,2026-06-01,Scotland,183.0,Left,M,M,midfield,AM,DM,3,"AM, DM, CB",medium,heuristic_stats,3.0,4.0,33.0,13.0,10.0,2.5532,4.0762,6.024464330000001,10.0,1.0,1.0,,2344.0,1875.0,1008.0,905.0,1336.0,970.0,54.0,359.0,150.0,173.0,45.0,3052.0,41.0,37.0,646.0,5744.009943332159,49.0,1099.290490065302,579.7077989226472,2008.1510595633167,34.0,711.0,,1.0,21.0,331.0,197.0,143.0,51.0,37.0,35.0,26.0,37.0,3.0,3.0,27.0,64.0,6.0,,,,,,,,,,,,,,,,,,,67.94000000000001,41.18,35.82,70.41999999999999,197.34,24.68688013601587,23.0,0.0065174270331538,67.0,75.24157303370787,79.9914675767918,46.89883819778974,1.0,0.0765089260413715,0.1020119013884953,0.8415981864550864,0.3315386795126098,0.2550297534712383,0.0651141966562765,0.1039552281099461,0.1536417652876169,0.2550297534712383,0.0255029753471238,59.77897421365826,47.81807877585718,25.70699914990082,23.08019268914707,34.071975063757435,24.73788608671012,1.377160668744687,9.155568149617457,3.825446302068576,4.412014735052423,1.1476338906205723,77.83508075942193,1.045621989232077,0.9436100878435818,16.474922074241995,146.48934397843422,1.2496457920090678,28.03517826746308,14.78427370445969,51.21382696534389,0.8671011618022103,18.132615471805043,0.5355624822896005,8.441484839897988,5.0240861433833945,3.646925474638708,1.3006517427033153,0.9436100878435818,0.8926041371493341,0.6630773590252196,0.9436100878435818,0.0765089260413715,0.6885803343723434,1.6321904222159251,0.153017852082743,,,,,,1.7326721450835934,1.0502125247945593,0.9135165769339756,1.79591952394446,5.032757155001416,59.5166163141994,72.54901960784314,70.27027027027027,0.0765089260413715,,,,,,,,,,,,,0.0255029753471238,,,,0.0255029753471238,47.78187804878049,49.7983756097561,4.872147679951429,10.979947696136367,41.0,4.0,1.0,3.0,37.0,1.0,40.0,0.0,1.0,3.0,0.0,0.0976,0.0244,0.0732,0.9024,0.0244,0.9756,0.0,0.0244,0.0732,0.0,mid_central,Central/Mixed,season_collapsed_average_positions_v14,47.78187804878049,49.7983756097561,0.0255029753471238,0.6295888955062138,0.0001662137809531,1.7086993482572967,1.918883982157469,0.0255029753471238,1.218580057917326,1.2700067455024229,0.1242542621693478,0.2800213354072749,1.045621989232077,0.1020119013884953,0.0255029753471238,0.0765089260413715,0.9436100878435818,0.0255029753471238,1.0201190138849532,0.0,0.0255029753471238,0.0765089260413715,0.0,1.218580057917326,1.2700067455024229,53.10116180221026,47.00658759822792,mid,M,AM,AM,M,AM,AM,CM,CM,Central Midfield,Possession-adjusted spatial evidence coherent with role scores (spatial_adj).,"sources=M,AM,AM; agreement=0.45; wide_score=59.7; central_score=81.9; adj_avg_x=47.0; spatial=CM@adj_x=47.0,y=49.8,strength=0.72; upstream_position_source=heuristic",0.85,True,arbitrated_role_group,CM,CM,Pressing Central Midfielder,Central Midfielder,,,0.0,1209.0,,0.0,4.0,0.0,1.0,,,"aggression, work rate, anticipation",CM,0.8191804590772953,0.3374019003379902,0.8168132042918816,0.8243884196052055,0.30126867596190826,0.4168949939653704,0.8168132042918816,0.8243884196052055,0.9722297072755866,1.0,0.7186978657366223,0.9061710894522742,Midfielder,CM,Central,Pressing Central Midfielder,Midfielder
796047,Aleix García,Aleix García,2025-26,Bundesliga,Bayer 04 Leverkusen,1,Bundesliga,1,Bayer 04 Leverkusen,33,2676.0,1997-06-28,28.0,2026-06-01,Spain,173.0,Right,M,M,midfield,AM,DM,3,"AM, DM, CM",medium,heuristic_stats,3.0,8.0,30.0,5.0,14.0,2.2852,1.8513,6.64624531,15.0,1.0,2.0,,3035.0,2819.0,1326.0,1256.0,1709.0,1563.0,51.0,234.0,176.0,123.0,38.0,3408.0,18.0,14.0,656.0,5301.382655874473,17.0,339.2664527403728,285.4846262873059,1057.7954234809297,5.0,338.0,,1.0,15.0,96.0,58.0,51.0,11.0,10.0,10.0,4.0,18.0,6.0,,8.0,19.0,6.0,,,,,,,,,,,,,,,,,,,22.02,15.240000000000002,17.639999999999997,25.84,110.48000000000002,17.016816143497756,24.0,0.03101644245142,21.457831325301203,75.44280860702152,92.8830313014827,40.76270553064275,1.0,0.100896860986547,0.2690582959641255,1.0089686098654709,0.1681614349775785,0.4708520179372197,0.0768565022421524,0.0622634529147982,0.2235284297085202,0.5044843049327354,0.0672645739910313,102.07399103139014,94.80941704035874,44.59641255605381,42.24215246636771,57.47757847533632,52.56726457399103,1.7152466367713004,7.869955156950673,5.9192825112107625,4.13677130044843,1.2780269058295963,114.61883408071748,0.6053811659192825,0.4708520179372197,22.062780269058297,178.29762295541948,0.5717488789237668,11.41030670651478,9.601500884102215,35.576079265053686,0.1681614349775785,11.367713004484305,0.5044843049327354,3.2286995515695067,1.9506726457399104,1.7152466367713004,0.3699551569506726,0.336322869955157,0.336322869955157,0.1345291479820627,0.6053811659192825,,0.2690582959641255,0.6390134529147982,0.2017937219730941,,,,,,0.7405829596412555,0.5125560538116593,0.5932735426008967,0.8690582959641255,3.715695067264574,60.41666666666666,90.9090909090909,28.571428571428573,0.2017937219730941,,,,,,,,,,,,,0.0336322869955156,,,,0.0336322869955156,49.34286969696969,52.97308181818182,5.569219341864981,5.542946333655423,33.0,0.0,0.0,0.0,33.0,1.0,31.0,1.0,0.0,0.0,1.0,0.0,0.0,0.0,1.0,0.0303,0.9394,0.0303,0.0,0.0,0.0303,mid_central,Central/Mixed,season_collapsed_average_positions_v14,49.34286969696969,52.97308181818182,0.0336322869955156,0.5723144442880411,0.001043153894106,0.721675941433897,2.537314190819109,0.0336322869955156,1.6595135548308193,1.7816058907460253,0.1873055832465801,0.1864219618942406,1.109865470852018,0.0,0.0,0.0,1.109865470852018,0.0336322869955156,1.0426008968609866,0.0336322869955156,0.0,0.0,0.0336322869955156,1.6595135548308193,1.7816058907460253,59.23729446935725,47.03354607963038,mid,M,AM,AM,M,AM,AM,CM,CM,Central Midfield,Possession-adjusted spatial evidence coherent with role scores (spatial_adj).,"sources=M,AM,AM; agreement=0.45; wide_score=45.5; central_score=91.6; adj_avg_x=47.0; spatial=CM@adj_x=47.0,y=53.0,strength=0.72; upstream_position_source=heuristic",0.85,True,arbitrated_role_group,CM,CM,Pressing Central Midfielder,Central Midfielder,,,0.0,1209.0,,0.0,4.0,0.0,1.0,,,"aggression, work rate, anticipation",CM,0.8425297218888076,0.2921137932150084,0.8562662542184517,0.8123093507635907,0.2598209956918846,0.3631579477658808,0.8562662542184517,0.8123093507635907,0.9607821520354146,1.0,0.7165277255709147,0.9054272010037124,Midfielder,CM,Central,Pressing Central Midfielder,Midfielder
545780,Harry Winks,Harry Winks,2025-26,Championship,Leicester City,1,Championship,1,Leicester City,34,2480.0,1996-02-02,30.0,2026-06-01,England,178.0,Right,M,M,midfield,AM,DM,3,"AM, DM, CM",medium,heuristic_stats,1.0,2.0,30.0,8.0,15.0,0.8875,1.0312,2.66534706,1.0,,,1.0,1757.0,1575.0,709.0,648.0,1048.0,927.0,29.0,118.0,59.0,45.0,12.0,2093.0,20.0,34.0,283.0,2405.848221144922,10.0,321.40609991713,271.083603657402,818.7883239000522,14.0,266.0,,,16.0,163.0,96.0,79.0,6.0,9.0,14.0,22.0,16.0,2.0,1.0,23.0,22.0,3.0,,,1.0,,,,,,,,,,,,,,,,41.6,26.34,20.34,35.8,142.96,23.468951612903226,8.0,0.1177419354838709,48.61986301369863,73.84134615384616,89.64143426294821,46.94798387096774,1.0,0.0362903225806451,0.0725806451612903,1.0887096774193548,0.2903225806451613,0.5443548387096774,0.0322076612903225,0.0374225806451612,0.0967263045967741,0.0362903225806451,,63.76209677419355,57.15725806451613,25.72983870967742,23.516129032258064,38.03225806451613,33.641129032258064,1.0524193548387095,4.282258064516129,2.1411290322580645,1.6330645161290325,0.4354838709677419,75.95564516129032,0.7258064516129032,1.2338709677419355,10.27016129032258,87.30900802542055,0.3629032258064516,11.66393104537972,9.837711423050877,29.714092399598663,0.5080645161290323,9.653225806451612,0.5806451612903226,5.915322580645161,3.4838709677419355,2.8669354838709675,0.2177419354838709,0.3266129032258064,0.5080645161290323,0.7983870967741935,0.5806451612903226,0.0362903225806451,0.8346774193548387,0.7983870967741935,0.1088709677419354,,,,,,1.5096774193548388,0.9558870967741936,0.7381451612903226,1.2991935483870969,5.188064516129033,58.8957055214724,150.0,64.70588235294117,0.0725806451612903,,,,,,,,,,,,0.0362903225806451,,0.0362903225806451,,,,48.8887,51.89004545454545,5.879550137499892,10.385697685852971,33.0,2.0,0.0,2.0,31.0,3.0,29.0,1.0,1.0,1.0,1.0,0.0606,0.0,0.0606,0.9394,0.0909,0.8788,0.0303,0.0303,0.0303,0.0303,mid_central,Central/Mixed,season_collapsed_average_positions_v14,48.8887,51.89004545454545,0.0362903225806451,0.8516958246618106,0.0042728928199791,1.7644305125939015,2.679726271712159,0.0362903225806451,1.7741866935483872,1.8831064882697943,0.2133707711189476,0.3769003192446643,1.1975806451612905,0.0725806451612903,0.0,0.0725806451612903,1.125,0.1088709677419354,1.0524193548387095,0.0362903225806451,0.0362903225806451,0.0362903225806451,0.0362903225806451,1.7741866935483872,1.8831064882697943,53.05201612903226,48.12569596774193,mid,M,AM,AM,M,AM,AM,CM,CM,Central Midfield,Possession-adjusted spatial evidence coherent with role scores (spatial_adj).,"sources=M,AM,AM; agreement=0.45; wide_score=35.6; central_score=69.7; adj_avg_x=48.1; spatial=CM@adj_x=48.1,y=51.9,strength=0.72; upstream_position_source=heuristic",0.85,True,arbitrated_role_group,CM,CM,Pressing Central Midfielder,Central Midfielder,,,0.0,1209.0,,0.0,4.0,0.0,1.0,,,"aggression, work rate, anticipation",CM,0.8296397571327371,0.2978290377418517,0.8342383273874976,0.8195229025722641,0.2897776103450424,0.31554217801483214,0.8342383273874976,0.8195229025722641,0.970682114169315,1.0,0.7128799888066698,0.9041760745848383,Midfielder,CM,Central,Pressing Central Midfielder,Midfielder
901850,Nicolò Fagioli,Nicolò Fagioli,2025-26,Serie A,Fiorentina,1,Serie A,1,Fiorentina,37,2564.0,2001-02-12,25.0,2026-06-01,Italy,178.0,Right,M,M,midfield,AM,DM,3,"AM, DM, CM",medium,heuristic_stats,2.0,3.0,33.0,7.0,13.0,2.53,1.9902,3.71468483,11.0,1.0,,1.0,1672.0,1504.0,735.0,707.0,937.0,797.0,62.0,163.0,108.0,84.0,20.0,2116.0,37.0,31.0,560.0,4614.09963269579,29.0,615.4369194582318,379.8835100272789,1685.13592368561,31.0,325.0,,2.0,21.0,180.0,111.0,93.0,,1.0,2.0,19.0,25.0,1.0,1.0,23.0,45.0,5.0,,,,,,,,,,,,,,,,,,,43.620000000000005,31.82,16.22,26.340000000000003,141.39999999999998,20.907566302652107,44.0,0.0390015600624025,55.07,78.04318936877077,89.95215311004785,48.04758190327613,1.0,0.0702028081123244,0.1053042121684867,1.1583463338533542,0.2457098283931357,0.4563182527301092,0.0888065522620904,0.0698588143525741,0.1303906531591264,0.3861154446177847,,58.68954758190328,52.79251170046802,25.79953198127925,24.816692667706707,32.890015600624025,27.97581903276131,2.17628705148206,5.721528861154447,3.790951638065523,2.9485179407176285,0.7020280811232449,74.27457098283931,1.2987519500780031,1.0881435257410297,19.65678627145086,161.96137556264475,1.0179407176287052,21.60269998098317,13.33444457974068,59.15063694684279,1.0881435257410297,11.40795631825273,0.7371294851794071,6.318252730109204,3.8962558502340094,3.264430577223089,,0.0351014040561622,0.0702028081123244,0.6669266770670826,0.8775351014040562,0.0351014040561622,0.8073322932917316,1.579563182527301,0.1755070202808112,,,,,,1.5311232449297971,1.1169266770670825,0.5693447737909516,0.9245709828393136,4.963338533541341,61.66666666666666,,61.29032258064516,0.0351014040561622,,,,,,,,,,,,,0.0351014040561622,0.0351014040561622,,,0.0702028081123244,48.46027575757576,53.70045454545455,5.4751598176463245,8.214750521131593,33.0,4.0,0.0,4.0,29.0,1.0,31.0,1.0,0.0,4.0,1.0,0.1212,0.0,0.1212,0.8788,0.0303,0.9394,0.0303,0.0,0.1212,0.0303,mid_central,Central/Mixed,season_collapsed_average_positions_v14,48.46027575757576,53.70045454545455,0.0351014040561622,0.7338849326203938,0.001369009518571,1.933034321372855,2.7394255238648086,0.0351014040561622,1.7010237200397107,1.8849613529995748,0.1921857970312672,0.2883492772628094,1.1583463338533542,0.1404056162246489,0.0,0.1404056162246489,1.0179407176287052,0.0351014040561622,1.0881435257410297,0.0351014040561622,0.0,0.1404056162246489,0.0351014040561622,1.7010237200397107,1.8849613529995748,51.95241809672387,47.97217123339479,mid,M,AM,AM,M,AM,AM,CM,CM,Central Midfield,Possession-adjusted spatial evidence coherent with role scores (spatial_adj).,"sources=M,AM,AM; agreement=0.45; wide_score=51.3; central_score=85.5; adj_avg_x=48.0; spatial=CM@adj_x=48.0,y=53.7,strength=0.72; upstream_position_source=heuristic",0.85,True,arbitrated_role_group,CM,CM,Pressing Central Midfielder,Midfield Playmaker,,,0.0,1209.0,,0.0,4.0,0.0,1.0,,,"aggression, work rate, anticipation",CM,0.7883545676486264,0.3740355497233075,0.7786226472244785,0.8097647925817515,0.31468247108646824,0.5046123227243539,0.7786226472244785,0.8097647925817515,0.9656356819060683,1.0,0.7120296302522675,0.9038842786382669,Midfielder,CM,Central,Pressing Central Midfielder,Midfielder
920684,Jordan Holsgrove,Jordan Holsgrove,2025-26,Liga Portugal Betclic,Estoril Praia,1,Liga Portugal Betclic,1,Estoril Praia,33,2834.0,1999-09-10,26.0,2026-06-01,Scotland,180.0,Left,M,M,midfield,AM,DM,3,"AM, DM, CM",medium,heuristic_stats,1.0,7.0,36.0,7.0,17.0,1.0393,1.0915,5.37648269,12.0,,,1.0,2359.0,2014.0,1061.0,997.0,1298.0,1017.0,53.0,246.0,131.0,139.0,37.0,2880.0,32.0,29.0,548.0,4101.265618785999,18.0,416.5564091055363,307.3223435854099,1096.568937768572,20.0,530.0,,1.0,18.0,282.0,147.0,135.0,29.0,26.0,26.0,12.0,39.0,3.0,2.0,34.0,48.0,8.0,,,,,,,,,,,,,,,,,,,56.18,39.24,29.880000000000003,29.1,133.52,17.54622441778405,10.0,0.0130557515878616,53.0,76.60612691466083,85.37515896566342,47.255822159491885,1.0,0.0317572335920959,0.2223006351446718,1.1432604093154553,0.2223006351446718,0.5398729710656316,0.0330052928722653,0.0346630204657727,0.1707422166901905,0.3810868031051517,,74.9153140437544,63.9590684544813,33.69442484121383,31.661961891319688,41.220889202540576,32.297106563161606,1.6831333803810868,7.81227946365561,4.160197600564573,4.414255469301341,1.1750176429075512,91.46083274523642,1.0162314749470711,0.9209597741707832,17.402964008468597,130.24485027901903,0.5716302046577276,13.228679188249211,9.759707453312242,34.823995906553094,0.6351446718419196,16.831333803810868,0.5716302046577276,8.955539872971066,4.668313338038109,4.287226534932957,0.9209597741707832,0.8256880733944955,0.8256880733944955,0.3810868031051517,1.238532110091743,0.0635144671841919,1.0797459421312632,1.524347212420607,0.2540578687367678,,,,,,1.784121383203952,1.2461538461538464,0.948906139731828,0.9241354975299928,4.240225829216655,52.12765957446808,89.65517241379311,41.37931034482759,0.0952717007762879,,,,,,,,,,,,,,0.0317572335920959,,,0.0317572335920959,49.61767575757575,51.22051212121213,3.0161135594948907,4.525731389562737,33.0,0.0,0.0,0.0,33.0,0.0,33.0,0.0,0.0,0.0,0.0,0.0,0.0,0.0,1.0,0.0,1.0,0.0,0.0,0.0,0.0,mid_central,Central/Mixed,season_collapsed_average_positions_v14,49.61767575757575,51.22051212121213,0.0317572335920959,0.5572195474949063,0.000414614552896,1.6831333803810868,2.4327986670146347,0.0317572335920959,1.5757201193302108,1.6266217681401167,0.0957834228491673,0.1437247089134249,1.0479887085391673,0.0,0.0,0.0,1.0479887085391673,0.0,1.0479887085391673,0.0,0.0,0.0,0.0,1.5757201193302108,1.6266217681401167,52.74417784050812,48.931631297448725,mid,M,AM,AM,M,AM,AM,CM,CM,Central Midfield,Possession-adjusted spatial evidence coherent with role scores (spatial_adj).,"sources=M,AM,AM; agreement=0.45; wide_score=48.5; central_score=88.6; adj_avg_x=48.9; spatial=CM@adj_x=48.9,y=51.2,strength=0.72; upstream_position_source=heuristic",0.85,True,arbitrated_role_group,CM,CM,Pressing Central Midfielder,Central Midfielder,,,0.0,1209.0,,0.0,4.0,0.0,1.0,,,"aggression, work rate, anticipation",CM,0.8425192747702737,0.2821706818175365,0.8651332729735328,0.7927684787231035,0.2726431820618976,0.30313118127994204,0.8651332729735328,0.7927684787231035,0.9472945747374834,1.0,0.7118335640393354,0.9038169923801482,Midfielder,CM,Central,Pressing Central Midfielder,Midfielder
901882,Angelo Stiller,Angelo Stiller,2025-26,Bundesliga,VfB Stuttgart,1,Bundesliga,1,VfB Stuttgart,34,2750.0,2001-04-04,25.0,2026-06-01,Germany,183.0,Left,M,M,midfield,AM,DM,3,"AM, DM, CM",medium,heuristic_stats,2.0,5.0,17.0,8.0,4.0,3.0838,3.7829,7.456211499999999,10.0,4.0,,,2332.0,2055.0,887.0,828.0,1445.0,1227.0,56.0,171.0,81.0,106.0,25.0,2815.0,21.0,24.0,470.0,3766.151928717061,17.0,385.4292972555419,279.1269084999987,802.386575367421,19.0,424.0,,,11.0,225.0,140.0,101.0,49.0,33.0,38.0,14.0,17.0,,,18.0,44.0,1.0,,,,,,,,,,,,,,,,,,,41.96,21.26,26.18,42.620000000000005,134.74,17.810545454545455,6.0,0.0389090909090909,61.467289719626166,82.96509598603839,88.12178387650086,42.49272727272727,1.0,0.0654545454545454,0.1636363636363636,0.5563636363636364,0.2618181818181818,0.1309090909090909,0.1009243636363636,0.123804,0.2440214672727272,0.3272727272727272,,76.32,67.25454545454545,29.029090909090908,27.098181818181818,47.29090909090909,40.15636363636364,1.8327272727272728,5.596363636363637,2.650909090909091,3.469090909090909,0.8181818181818182,92.12727272727273,0.6872727272727273,0.7854545454545454,15.38181818181818,123.25588130346743,0.5563636363636364,12.614049728363188,9.135062459999958,26.25992428475196,0.6218181818181818,13.876363636363635,0.36,7.363636363636363,4.581818181818182,3.3054545454545456,1.6036363636363635,1.08,1.2436363636363637,0.4581818181818182,0.5563636363636364,,0.5890909090909091,1.44,0.0327272727272727,,,,,,1.3732363636363636,0.6957818181818182,0.8567999999999999,1.3948363636363637,4.409672727272727,62.22222222222222,67.34693877551021,58.333333333333336,,,,,,,,,,,,,,0.1309090909090909,,,,,51.92365294117647,54.99002058823529,4.371501376736518,4.840124275500637,34.0,1.0,0.0,1.0,33.0,1.0,33.0,0.0,0.0,1.0,0.0,0.0294,0.0,0.0294,0.9706,0.0294,0.9706,0.0,0.0,0.0294,0.0,mid_central,Central/Mixed,season_collapsed_average_positions_v14,51.92365294117647,54.99002058823529,0.0327272727272727,0.5828905785123967,0.001273388429752,2.0116567544604926,2.7152213231794384,0.0327272727272727,1.699319550802139,1.7996734010695186,0.1430673177841042,0.1584040671982026,1.1127272727272728,0.0327272727272727,0.0,0.0327272727272727,1.08,0.0327272727272727,1.08,0.0,0.0,0.0327272727272727,0.0,1.699319550802139,1.7996734010695186,57.50727272727273,50.04683475935829,mid,M,AM,AM,M,AM,AM,CM,CM,Central Midfield,Possession-adjusted spatial evidence coherent with role scores (spatial_adj).,"sources=M,AM,AM; agreement=0.45; wide_score=43.9; central_score=91.0; adj_avg_x=50.0; spatial=CM@adj_x=50.0,y=55.0,strength=0.72; upstream_position_source=heuristic",0.85,True,arbitrated_role_group,CM,CM,Pressing Central Midfielder,Central Midfielder,,,0.0,1209.0,,0.0,4.0,0.0,1.0,,,"aggression, work rate, anticipation",CM,0.850562691130623,0.24184168062098577,0.8665693361403582,0.8153480721092055,0.2514947425526163,0.22060494437139863,0.8665693361403582,0.8153480721092055,0.9611264074216463,1.0,0.7067564212604335,0.90207367140889,Midfielder,CM,Central,Pressing Central Midfielder,Midfielder
902029,Vitinha,Vitinha,2025-26,Ligue 1,Paris Saint-Germain,1,Ligue 1,1,Paris Saint-Germain,31,2121.0,2000-02-13,26.0,2026-06-01,Portugal,172.0,Right,M,M,midfield,AM,DM,2,"AM, DM",medium,heuristic_stats,1.0,7.0,34.0,10.0,14.0,1.0551,1.2412999999999998,3.74379735,8.0,,,,2743.0,2572.0,1109.0,1075.0,1634.0,1497.0,34.0,231.0,174.0,22.0,7.0,2997.0,23.0,18.0,727.0,6429.936988697761,37.0,772.5699382962401,346.16031635088905,1902.6863330801327,10.0,227.0,,,13.0,92.0,62.0,43.0,2.0,4.0,3.0,13.0,14.0,2.0,,14.0,21.0,2.0,,,,,,,,,,,,,,,,,,,14.62,10.64,17.5,14.18,86.08000000000001,15.6001885902876,17.0,0.0806223479490806,53.8654970760234,59.37272727272728,93.76594969012032,31.404526166902404,1.0,0.0424328147100424,0.297029702970297,1.4427157001414428,0.4243281471004243,0.594059405940594,0.0447708628005657,0.0526718528995756,0.1588598592644978,0.3394625176803394,,116.3932107496464,109.13719943422912,47.05799151343706,45.61527581329562,69.33521923620934,63.52192362093352,1.4427157001414428,9.801980198019802,7.383309759547383,0.9335219236209336,0.297029702970297,127.17114568599716,0.975954738330976,0.7637906647807637,30.84865629420085,272.8403248386603,1.57001414427157,32.78231704227328,14.688556563686946,80.73633662291937,0.4243281471004243,9.632248939179632,0.5516265912305516,3.903818953323904,2.63083451202263,1.8246110325318248,0.0848656294200848,0.1697312588401697,0.1272984441301273,0.5516265912305516,0.594059405940594,,0.594059405940594,0.8910891089108911,0.0848656294200848,,,,,,0.6203677510608204,0.4514851485148514,0.7425742574257426,0.6016973125884018,3.652616690240453,67.3913043478261,200.0,72.22222222222223,0.0848656294200848,,,,,,,,,,,,,,,,,,50.26383103448276,53.06902413793104,5.611684244254727,3.645787905794769,29.0,0.0,0.0,0.0,29.0,4.0,25.0,0.0,0.0,0.0,0.0,0.0,0.0,0.0,1.0,0.1379,0.8621,0.0,0.0,0.0,0.0,mid_central,Central/Mixed,season_collapsed_average_positions_v14,50.26383103448276,53.06902413793104,0.0424328147100424,0.6619599118933918,0.0034210331520119,2.285664656691233,2.5193519351935194,0.0424328147100424,2.1328358289030875,2.251868068087597,0.2381195577477253,0.154701042678703,1.2305516265912306,0.0,0.0,0.0,1.2305516265912306,0.1697312588401697,1.0608203677510608,0.0,0.0,0.0,0.0,2.1328358289030875,2.251868068087597,68.5954738330976,45.61496257620836,mid,M,AM,AM,M,AM,AM,CM,CM,Central Midfield,Possession-adjusted spatial evidence coherent with role scores (spatial_adj).,"sources=M,AM,AM; agreement=0.45; wide_score=45.0; central_score=86.8; adj_avg_x=45.6; spatial=CM@adj_x=45.6,y=53.1,strength=0.72; upstream_position_source=heuristic",0.85,True,arbitrated_role_group,CM,CM,Pressing Central Midfielder,Central Midfielder,,,0.0,1209.0,,0.0,4.0,0.0,1.0,,,"aggression, work rate, anticipation",CM,0.8027490964695206,0.3088461803209488,0.8290546099797284,0.7448769667470637,0.2930014551940227,0.3437045756001862,0.8290546099797284,0.7448769667470637,0.9399672715436815,1.0,0.6976803053137961,0.8989527071663304,Midfielder,CM,Central,Pressing Central Midfielder,Midfielder
994546,Elliot Anderson,Elliot Anderson,2025-26,Premier League,Nottingham Forest,1,Premier League,1,Nottingham Forest,38,3334.0,2002-11-06,23.0,2026-06-01,England,179.0,Right,M,M,midfield,DM,AM,3,"DM, AM, CM",medium,heuristic_stats,4.0,4.0,44.0,10.0,16.0,2.8989000000000003,2.4258,4.78587477,9.0,1.0,2.0,,2383.0,2038.0,1020.0,932.0,1363.0,1106.0,55.0,223.0,119.0,176.0,51.0,3300.0,67.0,92.0,561.0,4448.201477024894,23.0,456.5834317689579,361.150717284927,1327.910268173338,62.0,656.0,,1.0,30.0,542.0,297.0,245.0,92.0,66.0,46.0,50.0,40.0,4.0,,57.0,80.0,8.0,,,1.0,,2.99,5.1,2.22,1.0,0.03,,,,,,,,,,109.29999999999998,67.75999999999999,45.34,52.6,323.18000000000006,19.11307738452309,8.0,0.013497300539892,46.0,81.21630094043887,85.52245069240453,53.03659268146371,1.0,0.1079784043191361,0.1079784043191361,1.187762447510498,0.2699460107978404,0.4319136172765447,0.0782546490701859,0.0654835032993401,0.1291927802339532,0.2429514097180564,0.053989202159568,64.32813437312538,55.01499700059988,27.534493101379724,25.15896820635873,36.79364127174565,29.85602879424115,1.4847030593881223,6.019796040791841,3.212357528494301,4.751049790041992,1.3767246550689862,89.08218356328734,1.808638272345531,2.483503299340132,15.143971205758849,120.07742439479318,0.620875824835033,12.325287600241817,9.749119542784472,35.84640795908831,1.6736652669466108,17.708458308338333,0.8098380323935213,14.631073785242952,8.017396520695861,6.613677264547091,2.483503299340132,1.7816436712657469,1.241751649670066,1.349730053989202,1.0797840431913617,,1.5386922615476906,2.159568086382724,0.2159568086382723,0.0807138572285543,0.1376724655068986,0.0599280143971205,0.026994601079784,0.0008098380323935,2.950509898020395,1.8291541691661664,1.2239352129574084,1.4199160167966407,8.724115176964608,54.7970479704797,71.73913043478261,54.34782608695652,0.1079784043191361,,,,,,,,,,,,0.026994601079784,0.026994601079784,,,,0.026994601079784,48.197086842105264,55.96986578947368,5.520177560068795,6.746190898624929,38.0,2.0,0.0,2.0,36.0,0.0,36.0,2.0,0.0,2.0,2.0,0.0526,0.0,0.0526,0.9474,0.0,0.9474,0.0526,0.0,0.0526,0.0526,mid_central,Central/Mixed,season_collapsed_average_positions_v14,48.197086842105264,55.96986578947368,0.026994601079784,0.515949899402243,0.0003643542437283,1.241751649670066,2.1924016450628367,0.026994601079784,1.30106113251034,1.510884199475894,0.1490149911236327,0.1821107321164498,1.0257948410317936,0.053989202159568,0.0,0.053989202159568,0.9718056388722256,0.0,0.9718056388722256,0.053989202159568,0.0,0.053989202159568,0.053989202159568,1.30106113251034,1.510884199475894,46.96340731853629,48.95623501247119,mid,M,DM,DM,M,DM,DM,CM,CM,Central Midfield,Possession-adjusted spatial evidence coherent with role scores (spatial_adj).,"sources=M,DM,DM; agreement=0.45; wide_score=60.0; central_score=81.1; adj_avg_x=49.0; spatial=CM@adj_x=49.0,y=56.0,strength=0.72; upstream_position_source=heuristic",0.85,True,arbitrated_role_group,CM,CM,Central Midfielder,Midfield Playmaker,90.44,0.8087,0.156,1209.0,,2.0,6.0,0.0,0.0,"passes_total_per90, passes_accurate_per90",,"first touch, decisions, teamwork, positioning, concentration",CM,0.7855798287137264,0.30833745004344076,0.7814208502507903,0.7947295813321859,0.32075435760213766,0.2810202534143075,0.7814208502507903,0.7947295813321859,0.9746060798298802,1.0,0.6936302305940515,0.8975581420530523,Midfielder,CM,Central,Central Midfielder,Midfielder
149593,Pierre Emile Hojbjerg,Pierre Emile Hojbjerg,2025-26,Ligue 1,Olympique de Marseille,1,Ligue 1,1,Olympique de Marseille,32,2715.0,1995-08-05,30.0,2026-06-01,Denmark,185.0,Right,M,M,midfield,AM,DM,3,"AM, DM, CM",medium,heuristic_stats,4.0,5.0,46.0,14.0,21.0,3.2554,2.7049000000000003,3.21071329,7.0,4.0,,1.0,2230.0,2002.0,876.0,833.0,1354.0,1169.0,42.0,144.0,76.0,8.0,,2627.0,29.0,31.0,577.0,4608.194251255872,25.0,499.61515082533,314.1731867739805,1866.379296216479,19.0,306.0,,1.0,15.0,247.0,130.0,120.0,33.0,31.0,21.0,17.0,29.0,4.0,,38.0,45.0,4.0,,,,,,,,,,,,,,,,,,,32.82,22.520000000000003,26.86,43.0,138.66,18.152117863720072,23.0,0.0165745856353591,65.62222222222222,84.25238095238095,89.77578475336323,43.41731123388582,1.0,0.1325966850828729,0.1657458563535911,1.5248618784530388,0.4640883977900552,0.6961325966850829,0.1079138121546961,0.0896651933701657,0.1064324847513812,0.2320441988950276,,73.92265193370166,66.3646408839779,29.03867403314917,27.613259668508288,44.88397790055249,38.751381215469614,1.3922651933701655,4.773480662983426,2.5193370165745854,0.2651933701657458,,87.0828729281768,0.9613259668508288,1.0276243093922652,19.12707182320442,152.75782048362004,0.8287292817679558,16.561828204154583,10.414580777038028,61.86892694640262,0.6298342541436464,10.143646408839778,0.4972375690607735,8.187845303867404,4.30939226519337,3.977900552486188,1.0939226519337018,1.0276243093922652,0.6961325966850829,0.56353591160221,0.9613259668508288,,1.2596685082872927,1.4917127071823204,0.1325966850828729,,,,,,1.0879558011049724,0.7465193370165747,0.8903867403314918,1.425414364640884,4.59646408839779,52.63157894736842,93.93939393939394,54.83870967741935,0.1325966850828729,,,,,,,,,,,,,0.1325966850828729,0.0331491712707182,,,0.0331491712707182,49.978084375,54.258896875,4.990611075332544,5.005749401823955,32.0,0.0,0.0,0.0,32.0,2.0,30.0,0.0,0.0,0.0,0.0,0.0,0.0,0.0,1.0,0.0625,0.9375,0.0,0.0,0.0,0.0,mid_central,Central/Mixed,season_collapsed_average_positions_v14,49.978084375,54.258896875,0.0331491712707182,0.6017276639907206,0.0005494337779677,2.175322283609576,2.7928966061562743,0.0331491712707182,1.656732078729282,1.7986374654696131,0.1654346212817418,0.1659364442593576,1.0607734806629834,0.0,0.0,0.0,1.0607734806629834,0.0662983425414364,0.994475138121547,0.0,0.0,0.0,0.0,1.656732078729282,1.7986374654696131,56.58268876611418,48.332412183471455,mid,M,AM,AM,M,AM,AM,CM,CM,Central Midfield,Possession-adjusted spatial evidence coherent with role scores (spatial_adj).,"sources=M,AM,AM; agreement=0.45; wide_score=29.0; central_score=79.5; adj_avg_x=48.3; spatial=CM@adj_x=48.3,y=54.3,strength=0.72; upstream_position_source=heuristic",0.85,True,arbitrated_role_group,CM,CM,Pressing Central Midfielder,Central Midfielder,,,0.0,1209.0,,0.0,4.0,0.0,1.0,,,"aggression, work rate, anticipation",CM,0.8575333052514594,0.1435787147550257,0.8764381011666406,0.8159427542380611,0.13338783700048973,0.16599864581500492,0.8764381011666406,0.8159427542380611,0.9512569738550519,1.0,0.6816471856123943,0.8934251586351987,Midfielder,CM,Central,Pressing Central Midfielder,Midfielder
84539,Koke,Koke,2025-26,La Liga,Atlético Madrid,1,La Liga,1,Atlético Madrid,36,2236.0,1992-01-08,34.0,2026-06-01,Spain,177.0,Right,M,M,midfield,AM,DM,4,"AM, DM, CM, M",medium,heuristic_stats,2.0,2.0,14.0,4.0,5.0,0.7164999999999999,1.5219,4.490754229999999,5.0,,,,1907.0,1753.0,848.0,813.0,1059.0,940.0,35.0,150.0,102.0,45.0,13.0,2204.0,18.0,9.0,381.0,3085.76917317393,14.0,309.398953331322,269.61222878584,1181.032401110364,18.0,233.0,,,12.0,161.0,88.0,92.0,14.0,13.0,16.0,3.0,31.0,1.0,,21.0,22.0,6.0,,,,,,,,,,,,,,,,,,,47.92,25.02,15.48,24.56,120.08,19.29919499105545,6.0,0.1444543828264758,49.417956656346746,67.99019607843137,91.92448872574724,47.26207513416816,1.0,0.0805008944543828,0.0805008944543828,0.5635062611806798,0.1610017889087656,0.201252236135957,0.0288394454382826,0.0612571556350626,0.1807548661449015,0.201252236135957,,76.75760286225403,70.55903398926655,34.13237924865832,32.72361359570662,42.62522361359571,37.83542039355993,1.4087656529516994,6.037567084078712,4.105545617173524,1.8112701252236136,0.5232558139534884,88.71198568872987,0.7245080500894454,0.3622540250447227,15.335420393559929,124.20358926013134,0.5635062611806798,12.453446243210632,10.85201278654991,47.53708233449586,0.7245080500894454,9.3783542039356,0.4830053667262969,6.480322003577817,3.5420393559928445,3.70304114490161,0.5635062611806798,0.5232558139534884,0.6440071556350626,0.1207513416815742,1.2477638640429338,,0.8452593917710197,0.8855098389982111,0.2415026833631484,,,,,,1.9288014311270123,1.0070661896243291,0.6230769230769231,0.9885509838998212,4.8332737030411455,54.6583850931677,92.85714285714286,33.333333333333336,0.0402504472271914,,,,,,,,,,,,,,,,,,48.71012647058824,47.86669411764706,5.049510243836664,7.541771410594551,34.0,0.0,0.0,0.0,34.0,0.0,33.0,1.0,0.0,0.0,1.0,0.0,0.0,0.0,1.0,0.0,0.9706,0.0294,0.0,0.0,0.0294,mid_central,Central/Mixed,season_collapsed_average_positions_v14,48.71012647058824,47.86669411764706,0.0402504472271914,0.7768012295147543,0.0058143535126935,1.9890948564719173,2.736635799221298,0.0402504472271914,1.960604374934232,1.9266558455224665,0.2032450455927101,0.3035596721616769,1.368515205724508,0.0,0.0,0.0,1.368515205724508,0.0,1.3282647584973166,0.0402504472271914,0.0,0.0,0.0402504472271914,1.960604374934232,1.9266558455224665,52.73792486583184,48.02564525413028,mid,M,AM,AM,M,AM,AM,CM,CM,Central Midfield,Possession-adjusted spatial evidence coherent with role scores (spatial_adj).,"sources=M,AM,AM; agreement=0.45; wide_score=35.1; central_score=83.4; adj_avg_x=48.0; spatial=CM@adj_x=48.0,y=47.9,strength=0.72; upstream_position_source=heuristic",0.85,True,arbitrated_role_group,CM,CM,Pressing Central Midfielder,Central Midfielder,,,0.0,1209.0,,0.0,4.0,0.0,1.0,,,"aggression, work rate, anticipation",CM,0.8323260159153861,0.1767806193026088,0.8431321191236799,0.8085525888571397,0.16703503690717794,0.19822090057255673,0.8431321191236799,0.8085525888571397,0.9567388389785624,1.0,0.6786493000929009,0.8923895700128666,Midfielder,CM,Central,Pressing Central Midfielder,Midfielder
966837,Martín Zubimendi,Martín Zubimendi,2025-26,Premier League,Arsenal,1,Premier League,1,Arsenal,38,3001.0,1999-02-02,27.0,2026-06-01,Spain,180.0,Right,M,M,midfield,DM,CM,5,"DM, CM, AM, M, CB",medium,heuristic_stats,5.0,1.0,27.0,9.0,10.0,2.8516,3.5845,2.2630964,1.0,2.0,1.0,2.0,1928.0,1684.0,808.0,750.0,1120.0,934.0,19.0,113.0,53.0,12.0,3.0,2331.0,31.0,15.0,390.0,3519.610406093934,20.0,424.14993700572495,292.97051072162293,1030.1423350315522,10.0,312.0,,,12.0,248.0,153.0,103.0,65.0,65.0,33.0,7.0,21.0,3.0,2.0,33.0,15.0,4.0,,,,,2.63,6.03,1.73,0.67,0.14,,,,,,,,,,62.38,35.06,35.480000000000004,68.72,103.34,18.42285904698434,36.0,0.0419860046651116,36.87301587301587,75.76338329764454,87.34439834024896,44.327890703098966,1.0,0.1499500166611129,0.0299900033322225,0.80973008997001,0.2699100299900033,0.2999000333222259,0.0855194935021659,0.1074991669443518,0.0678702685771409,0.0299900033322225,0.0299900033322225,57.82072642452516,50.50316561146285,24.23192269243585,22.492502499166942,33.5888037320893,28.0106631122959,0.5698100633122293,3.3888703765411528,1.5894701766077974,0.3598800399866711,0.0899700099966677,69.90669776741086,0.9296901032989004,0.4498500499833389,11.696101299566813,105.5531278068824,0.5998000666444518,12.720258024163694,8.786186592784427,30.893972060259813,0.2999000333222259,9.356881039653448,0.3598800399866711,7.437520826391203,4.588470509830056,3.088970343218927,1.9493502165944685,1.9493502165944685,0.9896701099633456,0.2099300233255581,0.6297900699766744,0.0599800066644451,0.9896701099633456,0.4498500499833389,0.1199600133288903,0.0788737087637454,0.1808397200933022,0.051882705764745,0.0200933022325891,0.0041986004665111,1.8707764078640448,1.051449516827724,1.0640453182272576,2.060913028990337,3.099166944351883,61.693548387096776,100.0,46.66666666666666,0.0899700099966677,,,,,,,,,,,,,0.0599800066644451,0.0599800066644451,,,,49.0153,42.06407631578947,5.031264943251268,6.950549875755864,38.0,1.0,1.0,0.0,37.0,2.0,36.0,0.0,0.0,1.0,0.0,0.0263,0.0263,0.0,0.9737,0.0526,0.9474,0.0,0.0,0.0263,0.0,mid_central,Central/Mixed,season_collapsed_average_positions_v14,49.0153,42.06407631578947,0.0299900033322225,0.5525016042081274,0.0012591604198134,1.1058218689008426,2.272144117556817,0.0299900033322225,1.46996901032989,1.2615017888773916,0.1508876524134002,0.2084470139346976,1.1396201266244586,0.0299900033322225,0.0299900033322225,0.0,1.109630123292236,0.0599800066644451,1.0796401199600134,0.0,0.0,0.0299900033322225,0.0,1.46996901032989,1.2615017888773916,55.67210929690104,47.59727267577475,mid,M,DM,DM,M,DM,DM,CM,CM,Central Midfield,Possession-adjusted spatial evidence coherent with role scores (spatial_adj).,"sources=M,DM,DM; agreement=0.45; wide_score=19.6; central_score=54.6; adj_avg_x=47.6; spatial=CM@adj_x=47.6,y=42.1,strength=0.72; upstream_position_source=heuristic",0.85,True,arbitrated_role_group,CM,CM,Central Midfielder,Midfield Playmaker,85.38,0.7075,0.156,1209.0,,2.0,6.0,0.0,0.0,"passes_total_per90, passes_accurate_per90",,"first touch, decisions, teamwork, positioning, concentration",CM,0.7384397270484677,0.33961516654137497,0.7622469513394109,0.6860638336083928,0.3890050879629995,0.230957339413801,0.7622469513394109,0.6860638336083928,0.9587564306852954,1.0,0.6757359431701099,0.8913825605548117,Midfielder,CM,Central,Central Midfielder,Midfielder
363860,Manuel Locatelli,Manuel Locatelli,2025-26,Serie A,Juventus,1,Serie A,1,Juventus,37,3004.0,1998-01-08,28.0,2026-06-01,Italy,185.0,Right,M,M,midfield,AM,DM,2,"AM, DM",medium,heuristic_stats,1.0,2.0,46.0,12.0,20.0,2.7564,2.3955,5.029511,5.0,1.0,,2.0,2805.0,2473.0,991.0,907.0,1814.0,1566.0,47.0,321.0,191.0,19.0,5.0,3324.0,25.0,18.0,625.0,4642.21927935508,22.0,517.218002391259,416.464129885983,2153.2285724789176,16.0,403.0,,1.0,33.0,315.0,190.0,128.0,45.0,37.0,30.0,10.0,24.0,3.0,2.0,55.0,44.0,9.0,,,,,,,,,,,,,,,,,,,94.38,63.98,33.24,66.92,150.6,20.47037283621837,5.0,0.0,,72.51303317535545,88.16399286987522,43.08155792276964,1.0,0.0299600532623169,0.0599201065246338,1.378162450066578,0.3595206391478029,0.5992010652463382,0.0825818908122503,0.0717693075898801,0.1506844174434088,0.1498002663115845,,84.03794940079894,74.09121171770973,29.69041278295606,27.17376830892144,54.34753661784288,46.91744340878828,1.4081225033288949,9.617177097203728,5.72237017310253,0.5692410119840213,0.1498002663115845,99.5872170439414,0.7490013315579228,0.5392809587217043,18.72503328894807,139.08113686483264,0.6591211717709721,15.495878899871276,12.47728751322852,64.51084271741098,0.4793608521970706,12.073901464713716,0.988681757656458,9.437416777629826,5.692410119840213,3.8348868175765647,1.348202396804261,1.1085219707057257,0.8988015978695073,0.2996005326231691,0.7190412782956058,0.0599201065246338,1.64780292942743,1.318242343541944,0.2696404793608521,,,,,,2.8276298268974696,1.916844207723036,0.9958721704394142,2.004926764314248,4.511984021304927,60.31746031746032,82.22222222222223,55.55555555555556,0.0898801597869507,,,,,,,,,,,,,0.0299600532623169,0.0599201065246338,,,0.0299600532623169,47.40833055555556,47.30656944444444,4.449452284612083,6.349862987850074,36.0,0.0,0.0,0.0,36.0,0.0,36.0,0.0,0.0,0.0,0.0,0.0,0.0,0.0,1.0,0.0,1.0,0.0,0.0,0.0,0.0,mid_central,Central/Mixed,season_collapsed_average_positions_v14,47.40833055555556,47.30656944444444,0.0299600532623169,0.6132934604725877,0.0,,2.1724943361458022,0.0299600532623169,1.4203561085219707,1.4173073402130492,0.1333058274351156,0.190242233324403,1.078561917443409,0.0,0.0,0.0,1.078561917443409,0.0,1.078561917443409,0.0,0.0,0.0,0.0,1.4203561085219707,1.4173073402130492,56.91844207723036,45.67872003624797,mid,M,AM,AM,M,AM,AM,CM,CM,Central Midfield,Possession-adjusted spatial evidence coherent with role scores (spatial_adj).,"sources=M,AM,AM; agreement=0.45; wide_score=26.2; central_score=81.5; adj_avg_x=45.7; spatial=CM@adj_x=45.7,y=47.3,strength=0.72; upstream_position_source=heuristic",0.85,True,arbitrated_role_group,CM,CM,Pressing Central Midfielder,Central Midfielder,,,0.0,1209.0,,0.0,4.0,0.0,1.0,,,"aggression, work rate, anticipation",CM,0.8020036397241778,0.21027717866204879,0.8255237960377569,0.7502592958343037,0.19330309492415357,0.24762016288541824,0.8255237960377569,0.7502592958343037,0.9467357931582309,1.0,0.6708823977150111,0.8897035579659542,Midfielder,CM,Central,Pressing Central Midfielder,Midfielder
1014841,Aidan Morris,Aidan Morris,2025-26,Championship,Middlesbrough,1,Championship,1,Middlesbrough,39,3113.0,2001-11-16,24.0,2026-06-01,USA,173.0,Right,M,M,midfield,AM,DM,3,"AM, DM, CM",medium,heuristic_stats,,3.0,56.0,13.0,21.0,2.8744,1.6073,5.482797049999999,3.0,2.0,,,2557.0,2353.0,1057.0,999.0,1500.0,1354.0,52.0,142.0,108.0,31.0,4.0,3197.0,48.0,68.0,690.0,6129.068989733671,53.0,996.6237045317604,418.69850427156905,2219.744510799449,25.0,344.0,,,25.0,406.0,242.0,177.0,27.0,25.0,23.0,33.0,51.0,4.0,,43.0,92.0,4.0,,,,,,,,,,,,,,,,,,,78.94,50.86,25.66,20.54,166.88,24.4709283649213,18.0,0.0218438805011243,65.61764705882354,70.31219512195122,92.0219006648416,40.92161901702538,1.0,,0.0867330549309347,1.6190170253774494,0.3758432380340507,0.6071313845165436,0.0831018310311596,0.0464686797301638,0.1585132459042723,0.0867330549309347,,73.92547381946675,68.02762608416319,30.55894635399936,28.882107292001287,43.36652746546739,39.1455187921619,1.503372952136203,4.105364600064247,3.1223899775136523,0.8962415676196595,0.1156440732412463,92.42852553806615,1.3877288788949569,1.9659492451011888,19.948602634115,177.19762578735316,1.5322839704465143,28.8134061702083,12.10500012349541,64.17507419593652,0.72277545775779,9.945390298747188,0.72277545775779,11.737873433986508,6.996466431095406,5.117250240925153,0.7805974943784131,0.72277545775779,0.6649534211371667,0.9540636042402828,1.4744619338258915,,1.2431737873433986,2.659813684548667,0.1156440732412463,,,,,,2.282235785415997,1.4704143912624477,0.7418567298425955,0.5938323160938002,4.824670735624799,59.60591133004926,92.5925925925926,48.52941176470589,0.1156440732412463,,,,,,,,,,,,,0.0578220366206231,,,,,50.68384871794872,50.58158461538461,5.228427095864934,8.66287744102259,39.0,3.0,2.0,1.0,36.0,4.0,35.0,0.0,1.0,2.0,0.0,0.0769,0.0513,0.0256,0.9231,0.1026,0.8974,0.0,0.0256,0.0513,0.0,mid_central,Central/Mixed,season_collapsed_average_positions_v14,50.68384871794872,50.58158461538461,0.0289110183103115,0.707479458028563,0.0006315288291362,1.897072995597211,2.032797160608933,0.0289110183103115,1.4653216783216785,1.4623651189799598,0.1511591515026804,0.2504526083173894,1.1275297141021523,0.0867330549309347,0.0578220366206231,0.0289110183103115,1.0407966591712174,0.1156440732412463,1.0118856408609058,0.0,0.0289110183103115,0.0578220366206231,0.0,1.4653216783216785,1.4623651189799598,59.07838098297462,48.41425347220506,mid,M,AM,AM,M,AM,AM,CM,CM,Central Midfield,Possession-adjusted spatial evidence coherent with role scores (spatial_adj).,"sources=M,AM,AM; agreement=0.45; wide_score=47.4; central_score=83.2; adj_avg_x=48.4; spatial=CM@adj_x=48.4,y=50.6,strength=0.72; upstream_position_source=heuristic",0.85,True,arbitrated_role_group,CM,CM,Pressing Central Midfielder,Central Midfielder,,,0.0,1209.0,,0.0,4.0,0.0,1.0,,,"aggression, work rate, anticipation",CM,0.7902970994716274,0.21430047474066133,0.7950609491369244,0.7798166302079736,0.1876441310984673,0.2729444307534881,0.7950609491369244,0.7798166302079736,0.9746875207058042,1.0,0.6699539956689159,0.8893821984780169,Midfielder,CM,Central,Pressing Central Midfielder,Midfielder
288205,Bruno Fernandes,Bruno Fernandes,2025-26,Premier League,Manchester United,1,Premier League,1,Manchester United,35,3066.0,1994-09-08,31.0,2026-06-01,Portugal,179.0,Right,M,M,midfield,AM,DM,2,"AM, DM",medium,heuristic_stats,9.0,21.0,85.0,24.0,31.0,10.8348,8.098999999999998,12.3178245,33.0,8.0,4.0,5.0,1994.0,1639.0,626.0,550.0,1368.0,1089.0,137.0,230.0,138.0,183.0,55.0,2647.0,45.0,36.0,431.0,3695.8656906952297,41.0,879.011084423005,481.787333712598,1713.29396014987,30.0,594.0,,,34.0,269.0,124.0,148.0,37.0,21.0,33.0,15.0,39.0,3.0,,25.0,35.0,5.0,,,1.0,,3.08,5.14,1.66,0.73,0.27,,,,,,,,,,52.84,31.72,19.86,39.14,161.88000000000002,19.59360730593607,8.0,0.0,,80.27412280701755,82.19658976930792,48.03065883887802,1.0,0.2641878669275929,0.6164383561643836,2.4951076320939336,0.7045009784735812,0.9099804305283756,0.3180469667318982,0.2377397260273972,0.3615799755381604,0.9686888454011742,0.1174168297455968,58.53228962818004,48.11154598825832,18.37573385518591,16.14481409001957,40.15655577299413,31.96673189823875,4.021526418786693,6.75146771037182,4.050880626223092,5.371819960861057,1.614481409001957,77.70058708414872,1.3209393346379648,1.0567514677103718,12.651663405088062,108.48920814173864,1.203522504892368,25.80267371104712,14.142485334029294,50.29238630576917,0.8806262230919765,17.436399217221133,0.9980430528375732,7.89628180039139,3.639921722113503,4.344422700587084,1.086105675146771,0.6164383561643836,0.9686888454011742,0.4403131115459882,1.1448140900195696,,0.7338551859099804,1.0273972602739727,0.146771037181996,0.0904109589041095,0.1508806262230919,0.0487279843444227,0.0214285714285714,0.0079256360078277,1.5510763209393348,0.931115459882583,0.5829745596868884,1.1489236790606654,4.751859099804306,46.09665427509294,56.75675675675676,41.66666666666666,0.0880626223091976,,,,,,,,,,,,0.0293542074363992,0.2348336594911937,0.146771037181996,,,,56.28019142857144,52.62283714285714,5.30354057911657,6.621049481370483,35.0,0.0,0.0,0.0,35.0,11.0,24.0,0.0,0.0,0.0,0.0,0.0,0.0,0.0,1.0,0.3143,0.6857,0.0,0.0,0.0,0.0,mid_central,Central/Mixed,season_collapsed_average_positions_v14,56.28019142857144,52.62283714285714,0.0293542074363992,0.5751548132857947,0.0,,2.3563832526521784,0.0293542074363992,1.652060413754543,1.544701677383282,0.1556812303067486,0.1943556599228126,1.0273972602739727,0.0,0.0,0.0,1.0273972602739727,0.3228962818003913,0.7045009784735812,0.0,0.0,0.0,0.0,1.652060413754543,1.544701677383282,51.96934116112198,55.78785613829094,mid,M,AM,AM,M,AM,AM,CM,CM,Central Midfield,Possession-adjusted spatial evidence coherent with role scores (spatial_adj).,"sources=M,AM,AM; agreement=0.45; wide_score=62.0; central_score=98.3; adj_avg_x=55.8; spatial=CM@adj_x=55.8,y=52.6,strength=0.72; upstream_position_source=heuristic",0.85,True,arbitrated_role_group,CM,CM,Advanced Playmaker,Midfield Playmaker,91.79,0.8359,0.708,1209.0,,5.0,6.0,0.0,0.0,"key_passes_per90, xa_per90, passes_opposition_half_total_per90, long_balls_accurate_per90, dribbles_attempted_per90",,"first touch, technique, vision, flair, decisions, composure",CM,0.6642154137641995,0.47975738371765553,0.6543675477680503,0.6858807189557278,0.5367690172429963,0.3543317899619057,0.6543675477680503,0.6858807189557278,0.9075277195704066,1.0,0.6690556291830018,0.8890711760427351,Midfielder,CM,Central,Advanced Playmaker,Midfielder
118085,Hans Vanaken,Hans Vanaken,2025-26,Pro League,Club Brugge KV,1,Pro League,1,Club Brugge KV,37,3206.0,1992-08-24,33.0,2026-06-01,Belgium,194.0,Both,M,M,midfield,AM,DM,3,"AM, DM, CM",medium,heuristic_stats,7.0,3.0,56.0,20.0,18.0,8.2564,7.7832,7.46243143,14.0,7.0,,,2483.0,2196.0,912.0,852.0,1571.0,1344.0,64.0,192.0,145.0,33.0,13.0,2985.0,35.0,35.0,495.0,4016.712732633535,19.0,463.445272616618,300.09439345648,751.762083043029,35.0,412.0,,,24.0,265.0,148.0,129.0,72.0,72.0,33.0,14.0,25.0,2.0,,18.0,27.0,2.0,,,,,,,,,,,,,,,,,,,26.24,14.4,17.18,42.76,141.95999999999998,12.730505302557704,20.0,0.0065502183406113,69.0,76.84651162790698,88.44140153040676,39.17529631940112,1.0,0.1965065502183406,0.0842170929507174,1.5720524017467248,0.561447286338116,0.5053025577043044,0.231776668746101,0.2184928259513412,0.2094880937928883,0.3930131004366812,,69.7036805988771,61.64691203992514,25.60199625701809,23.917654398003744,44.10168434185901,37.7292576419214,1.7966313162819714,5.389893948845914,4.070492825951341,0.9263880224578914,0.3649407361197754,83.79600748596381,0.982532751091703,0.982532751091703,13.895820336868372,112.75862318684284,0.5333749220212103,13.01000453384143,8.424359142571179,21.103739074819902,0.982532751091703,11.56581409856519,0.6737367436057392,7.439176543980038,4.154709918902059,3.6213349968808486,2.0212102308172177,2.0212102308172177,0.9263880224578914,0.3930131004366812,0.7018091079226451,,0.5053025577043044,0.7579538365564567,0.0561447286338116,,,,,,0.7366188396756084,0.4042420461634434,0.4822832189644417,1.200374298190892,3.985152838427947,55.84905660377358,100.0,40.0,0.0561447286338116,,,,,,,,,,,,,0.1965065502183406,,,,,52.922040540540536,56.02102432432432,5.110239623293362,6.215740885597782,37.0,1.0,0.0,1.0,36.0,7.0,30.0,0.0,0.0,1.0,0.0,0.027,0.0,0.027,0.973,0.1892,0.8108,0.0,0.0,0.027,0.0,mid_central,Central/Mixed,season_collapsed_average_positions_v14,52.922040540540536,56.02102432432432,0.0280723643169058,0.3573753827917009,0.0001838801156129,1.9369931378665004,2.1572632709019426,0.0280723643169058,1.4856468024481124,1.572642604238674,0.1434565084517787,0.1744905426399876,1.0386774797255147,0.0280723643169058,0.0,0.0280723643169058,1.0106051154086089,0.1965065502183406,0.8421709295071741,0.0,0.0,0.0280723643169058,0.0,1.4856468024481124,1.572642604238674,60.82470368059888,50.21586462039082,mid,M,AM,AM,M,AM,AM,CM,CM,Central Midfield,Possession-adjusted spatial evidence coherent with role scores (spatial_adj).,"sources=M,AM,AM; agreement=0.45; wide_score=33.1; central_score=87.8; adj_avg_x=50.2; spatial=CM@adj_x=50.2,y=56.0,strength=0.72; upstream_position_source=heuristic",0.85,True,arbitrated_role_group,CM,CM,Pressing Central Midfielder,Central Midfielder,,,0.0,1209.0,,0.0,4.0,0.0,1.0,,,"aggression, work rate, anticipation",CM,0.8299163468969198,0.1457553038607015,0.8608965555454688,0.7617598878701123,0.10731779303084207,0.23031782768639228,0.8608965555454688,0.7617598878701123,0.9399788489301143,1.0,0.666393789398146,0.8881492793309078,Midfielder,CM,Central,Pressing Central Midfielder,Midfielder
1493305,Leon Avdullahu,Leon Avdullahu,2025-26,Bundesliga,TSG Hoffenheim,1,Bundesliga,1,TSG Hoffenheim,33,2838.0,2004-02-23,22.0,2026-06-01,Kosovo,185.0,Right,M,M,midfield,DM,AM,3,"DM, AM, CM",medium,heuristic_stats,,1.0,14.0,2.0,7.0,0.5863999999999999,0.6592,2.47900574,2.0,,1.0,1.0,2044.0,1839.0,956.0,903.0,1088.0,936.0,22.0,143.0,96.0,14.0,2.0,2396.0,27.0,18.0,414.0,3406.1671900258098,11.0,237.950677521201,223.360857746576,924.909145360797,16.0,273.0,,1.0,9.0,206.0,99.0,112.0,35.0,32.0,25.0,8.0,36.0,1.0,1.0,26.0,12.0,5.0,,,,,,,,,,,,,,,,,,,42.92000000000001,27.96,32.92,42.32,154.28,17.147286821705425,7.0,0.0102184637068358,61.0,76.38786279683377,89.9706457925636,44.73678646934461,1.0,,0.0317124735729386,0.4439746300211416,0.0634249471458773,0.2219873150105708,0.0185961945031712,0.0209048625792811,0.0786154040169133,0.0634249471458773,0.0317124735729386,64.82029598308668,58.31923890063425,30.317124735729383,28.63636363636364,34.503171247357294,29.682875264270614,0.6976744186046512,4.534883720930233,3.044397463002114,0.4439746300211416,0.0634249471458773,75.9830866807611,0.8562367864693446,0.5708245243128964,13.128964059196615,108.01798699870432,0.3488372093023256,7.546004572553942,7.0833252985172095,29.331156829623584,0.507399577167019,8.657505285412261,0.2854122621564482,6.53276955602537,3.13953488372093,3.551797040169133,1.109936575052854,1.014799154334038,0.7928118393234672,0.2536997885835095,1.1416490486257929,0.0317124735729386,0.8245243128964059,0.3805496828752642,0.1585623678646934,,,,,,1.3610993657505288,0.8866807610993657,1.0439746300211417,1.3420718816067654,4.892600422832981,48.05825242718446,91.42857142857144,44.44444444444444,0.0317124735729386,,,,,,,,,,,,,,0.0317124735729386,,,0.0317124735729386,46.11401818181818,51.32889696969697,4.136765208956641,5.824248154240857,33.0,0.0,0.0,0.0,33.0,1.0,31.0,1.0,0.0,0.0,1.0,0.0,0.0,0.0,1.0,0.0303,0.9394,0.0303,0.0,0.0,0.0303,mid_central,Central/Mixed,season_collapsed_average_positions_v14,46.11401818181818,51.32889696969697,0.0317124735729386,0.5437828801809331,0.000324052760259,1.93446088794926,2.4224480802378574,0.0317124735729386,1.4623895829329232,1.627766288679608,0.1311870573664896,0.1847013156736001,1.0465116279069768,0.0,0.0,0.0,1.0465116279069768,0.0317124735729386,0.9830866807610994,0.0317124735729386,0.0,0.0,0.0317124735729386,1.4623895829329232,1.627766288679608,55.26321353065539,44.79821479915434,mid,M,DM,DM,M,DM,DM,CM,CM,Central Midfield,Possession-adjusted spatial evidence coherent with role scores (spatial_adj).,"sources=M,DM,DM; agreement=0.45; wide_score=14.4; central_score=58.9; adj_avg_x=44.8; spatial=CM@adj_x=44.8,y=51.3,strength=0.72; upstream_position_source=heuristic",0.85,True,arbitrated_role_group,CM,CM,Pressing Central Midfielder,Central Midfielder,,,0.0,1209.0,,0.0,4.0,0.0,1.0,,,"aggression, work rate, anticipation",CM,0.8367980382618618,0.10792549928657735,0.8631587052611828,0.7788045708633557,0.12007166463462858,0.0812039355208646,0.8631587052611828,0.7788045708633557,0.9601503686307422,1.0,0.6623172349000364,0.8867364131529333,Midfielder,CM,Central,Pressing Central Midfielder,Midfielder
958918,Jason Knight,Jason Knight,2025-26,Championship,Bristol City,1,Championship,1,Bristol City,34,2684.0,2001-02-13,25.0,2026-06-01,Ireland,173.0,Right,M,M,midfield,DM,AM,5,"DM, AM, CB, M, FB",medium,heuristic_stats,,2.0,21.0,4.0,9.0,0.8512,0.4391,1.27310479,1.0,,1.0,,1737.0,1428.0,738.0,655.0,999.0,773.0,16.0,176.0,66.0,35.0,7.0,2160.0,38.0,25.0,432.0,3043.7353294229274,12.0,254.247306334394,208.858663869444,659.2094776339949,18.0,411.0,,,20.0,179.0,113.0,88.0,32.0,30.0,30.0,13.0,18.0,3.0,1.0,12.0,43.0,3.0,,,,,,,,,,,,,,,,,,,27.76,17.54,27.56,82.86,132.86,26.183308494783905,12.0,0.0435916542473919,57.47008547008547,76.67400881057269,82.21070811744387,48.64008941877794,1.0,,0.067064083457526,0.7041728763040238,0.1341281669150521,0.3017883755588673,0.028542473919523,0.0147239195230998,0.0426898029433681,0.033532041728763,0.033532041728763,58.24515648286141,47.88375558867362,24.746646795827125,21.963487332339792,33.49850968703428,25.92026825633383,0.5365126676602087,5.901639344262295,2.2131147540983607,1.1736214605067063,0.2347242921013412,72.42921013412817,1.2742175856929956,0.8383010432190761,14.485842026825631,102.06266007751994,0.4023845007451564,8.5254312854305,7.00345743228389,22.104639712019203,0.6035767511177347,13.78166915052161,0.6706408345752608,6.002235469448584,3.789120715350224,2.950819672131148,1.073025335320417,1.005961251862891,1.005961251862891,0.4359165424739195,0.6035767511177347,0.033532041728763,0.4023845007451564,1.4418777943368106,0.1005961251862891,,,,,,0.9308494783904618,0.5881520119225037,0.9241430700447094,2.778464977645305,4.455067064083458,63.12849162011173,93.75,52.0,0.1005961251862891,,,,,,,,,,,,,,,,,,47.78032727272728,38.333254545454544,6.486881789873734,11.119743939556647,33.0,8.0,7.0,1.0,25.0,0.0,30.0,3.0,0.0,8.0,3.0,0.2424,0.2121,0.0303,0.7576,0.0,0.9091,0.0909,0.0,0.2424,0.0909,mid_central,Central/Mixed,season_collapsed_average_positions_v14,47.78032727272728,38.333254545454544,0.033532041728763,0.8779797930441697,0.0014617171692493,1.9270893041384844,2.5710360629476683,0.033532041728763,1.602171927923046,1.285392291017477,0.2175183908675991,0.3728677177943734,1.1065573770491803,0.2682563338301043,0.2347242921013412,0.033532041728763,0.8383010432190761,0.0,1.005961251862891,0.1005961251862891,0.0,0.2682563338301043,0.1005961251862891,1.602171927923046,1.285392291017477,51.35991058122206,47.44034962742176,mid,M,DM,DM,M,DM,DM,CM,CM,Central Midfield,Possession-adjusted spatial evidence coherent with role scores (spatial_adj).,"sources=M,DM,DM; agreement=0.45; wide_score=27.5; central_score=51.0; adj_avg_x=47.4; spatial=CM@adj_x=47.4,y=38.3,strength=0.72; upstream_position_source=heuristic",0.85,True,arbitrated_role_group,CM,CM,Pressing Central Midfielder,Central Midfielder,,,0.0,1209.0,,0.0,4.0,0.0,1.0,,,"aggression, work rate, anticipation",CM,0.7638725992728718,0.24905054619534034,0.7564342702789867,0.7802369230594188,0.23220237611334715,0.2861165203757253,0.7564342702789867,0.7802369230594188,0.9305374401886074,1.0,0.6596679523251469,0.8858175655839423,Midfielder,CM,Central,Pressing Central Midfielder,Midfielder
814882,Nikola Moro,Nikola Moro,2025-26,Serie A,Bologna,1,Serie A,1,Bologna,38,1797.0,1998-03-12,28.0,2026-06-01,Croatia,182.0,Right,M,M,midfield,DM,AM,3,"DM, AM, M",medium,heuristic_stats,2.0,0.0,22.0,3.0,15.0,0.9325,1.7106,2.1981897099999994,2.0,1.0,1.0,2.0,1338.0,1137.0,487.0,441.0,851.0,696.0,26.0,234.0,150.0,50.0,15.0,1619.0,14.0,19.0,404.0,3332.1784427566586,17.0,305.739124105858,197.344520051445,838.039166309835,8.0,269.0,,,10.0,130.0,80.0,63.0,28.0,19.0,19.0,13.0,13.0,1.0,,18.0,17.0,1.0,,,,,,,,,,,,,,,,,,,27.2,8.1,15.3,27.42,71.66000000000001,19.7367835281024,6.0,0.1524763494713411,60.79197080291971,71.07223113964687,84.97757847533633,42.09404563160824,1.0,0.1001669449081803,0.0,1.1018363939899831,0.1502504173622704,0.7512520868113522,0.046702838063439,0.0856727879799666,0.1100929737896493,0.1001669449081803,0.0500834724540901,67.01168614357262,56.9449081803005,24.390651085141904,22.08681135225376,42.62103505843072,34.85809682804675,1.3021702838063438,11.719532554257096,7.512520868113523,2.504173622704508,0.7512520868113522,81.08514190317196,0.7011686143572621,0.9515859766277128,20.23372287145242,166.8870672499161,0.8514190317195326,15.312477000293391,9.883698833962184,41.9719115013273,0.4006677796327212,13.47245409015025,0.5008347245409015,6.510851419031719,4.006677796327212,3.15525876460768,1.4023372287145242,0.9515859766277128,0.9515859766277128,0.6510851419031719,0.6510851419031719,,0.9015025041736228,0.8514190317195326,0.0500834724540901,,,,,,1.3622704507512515,0.4056761268781302,0.7662771285475793,1.373288814691152,3.588981636060101,61.53846153846154,67.85714285714286,68.42105263157895,0.0500834724540901,,,,,,,,,,,,,0.0500834724540901,0.1001669449081803,,,,49.32918,46.72102666666667,4.997935988702978,9.23040240714808,30.0,2.0,1.0,1.0,28.0,0.0,29.0,1.0,0.0,2.0,1.0,0.0667,0.0333,0.0333,0.9333,0.0,0.9667,0.0333,0.0,0.0667,0.0333,mid_central,Central/Mixed,season_collapsed_average_positions_v14,49.32918,46.72102666666667,0.0500834724540901,0.9884866541620566,0.0076365450486481,3.0446729951378817,3.559544130533232,0.0500834724540901,2.4705766277128545,2.339951252086811,0.2503139894175114,0.4622906046985683,1.5025041736227045,0.1001669449081803,0.0500834724540901,0.0500834724540901,1.4023372287145242,0.0,1.4524207011686143,0.0500834724540901,0.0,0.1001669449081803,0.0500834724540901,2.4705766277128545,2.339951252086811,57.90595436839176,47.35269140790206,mid,M,DM,DM,M,DM,DM,CM,CM,Central Midfield,Possession-adjusted spatial evidence coherent with role scores (spatial_adj).,"sources=M,DM,DM; agreement=0.45; wide_score=46.8; central_score=75.7; adj_avg_x=47.4; spatial=CM@adj_x=47.4,y=46.7,strength=0.72; upstream_position_source=heuristic",0.85,True,arbitrated_role_group,CM,CM,Pressing Central Midfielder,Central Midfielder,,,0.0,1209.0,,0.0,4.0,0.0,1.0,,,"aggression, work rate, anticipation",CM,0.7235499466550174,0.263990141667938,0.7050873659424851,0.7641676242225883,0.2492715942750262,0.29637094593234403,0.7050873659424851,0.7641676242225883,0.9762635008570836,1.0,0.6495487659236624,0.8823032039405577,Midfielder,CM,Central,Pressing Central Midfielder,Midfielder
987650,Moisés Caicedo,Moisés Caicedo,2025-26,Premier League,Chelsea,1,Premier League,1,Chelsea,34,2802.0,2001-11-02,24.0,2026-06-01,Ecuador,178.0,Right,M,M,midfield,DM,AM,3,"DM, AM, CM",medium,heuristic_stats,3.0,1.0,27.0,7.0,7.0,1.4358999999999995,1.5325000000000002,2.3797649900000004,4.0,1.0,,,2053.0,1883.0,964.0,915.0,1089.0,968.0,19.0,101.0,65.0,7.0,2.0,2496.0,26.0,28.0,419.0,2984.6347287150143,12.0,245.414100008426,218.976732777128,924.8464953536233,19.0,239.0,1.0,,21.0,309.0,172.0,137.0,16.0,15.0,29.0,15.0,24.0,3.0,1.0,54.0,55.0,11.0,1.0,,1.0,,3.43,4.24,1.11,0.31,0.1,,,,,,,,,,70.42,37.72,48.53999999999999,23.9,148.98,20.21591720199857,25.0,0.0160599571734475,46.0,76.73614775725594,91.71943497320994,41.83868665239115,1.0,0.0963597430406852,0.032119914346895,0.867237687366167,0.2248394004282655,0.2248394004282655,0.0461209850107066,0.0492237687366167,0.0764378476445396,0.1284796573875803,,65.94218415417559,60.48179871520343,30.963597430406853,29.389721627408992,34.978586723768736,31.09207708779444,0.6102783725910065,3.244111349036402,2.08779443254818,0.2248394004282655,0.0642398286937901,80.1713062098501,0.8351177730192719,0.8993576017130621,13.458244111349035,95.86621184309467,0.3854389721627409,7.882679871790984,7.033513900764283,29.705990214784467,0.6102783725910065,7.676659528907923,0.6745182012847966,9.925053533190578,5.524625267665953,4.400428265524625,0.5139186295503212,0.4817987152034261,0.9314775160599572,0.4817987152034261,0.7708779443254818,0.032119914346895,1.734475374732334,1.7665952890792291,0.3533190578158458,0.1101713062098501,0.1361884368308351,0.0356531049250535,0.0099571734475374,0.0032119914346895,2.261884368308351,1.211563169164882,1.5591006423982867,0.7676659528907923,4.785224839400428,55.663430420711975,93.75,53.57142857142857,0.0963597430406852,,,,,,,,,,,0.032119914346895,0.032119914346895,0.032119914346895,,0.032119914346895,,,46.58380303030303,49.533772727272726,4.524615913774121,6.516115666430077,33.0,0.0,0.0,0.0,33.0,0.0,32.0,1.0,0.0,0.0,1.0,0.0,0.0,0.0,1.0,0.0,0.9697,0.0303,0.0,0.0,0.0303,mid_central,Central/Mixed,season_collapsed_average_positions_v14,46.58380303030303,49.533772727272726,0.032119914346895,0.6493335289721168,0.0005158444488259,1.4775160599571735,2.464758493273745,0.032119914346895,1.4962677632859644,1.591020537278567,0.1453302756030231,0.2092970770801952,1.0599571734475377,0.0,0.0,0.0,1.0599571734475377,0.0,1.0278372591006424,0.032119914346895,0.0,0.0,0.032119914346895,1.4962677632859644,1.591020537278567,58.16131334760885,44.54347469340082,mid,M,DM,DM,M,DM,DM,CM,CM,Central Midfield,Possession-adjusted spatial evidence coherent with role scores (spatial_adj).,"sources=M,DM,DM; agreement=0.45; wide_score=14.4; central_score=57.0; adj_avg_x=44.5; spatial=CM@adj_x=44.5,y=49.5,strength=0.72; upstream_position_source=heuristic",0.85,True,arbitrated_role_group,CM,CM,Central Midfielder,Midfield Playmaker,93.03,0.8605,0.156,1209.0,,2.0,6.0,0.0,0.0,"passes_total_per90, passes_accurate_per90",,"first touch, decisions, teamwork, positioning, concentration",CM,0.7189014434597868,0.2784465257601723,0.7382744805911978,0.6762807617706821,0.30688262525823107,0.21588710686444298,0.7382744805911978,0.6762807617706821,0.9557128506733457,1.0,0.6482305836397809,0.8818448486210726,Midfielder,CM,Central,Central Midfielder,Midfielder
44241,Nemanja Matić,Nemanja Matić,2025-26,Serie A,Sassuolo,1,Serie A,1,Sassuolo,34,2669.0,1988-08-01,37.0,2026-06-01,Serbia,194.0,Left,M,M,midfield,DM,AM,4,"DM, AM, CM, M",medium,heuristic_stats,1.0,1.0,11.0,4.0,4.0,0.3655,0.8407,1.4534444999999998,1.0,,,,1721.0,1488.0,865.0,798.0,856.0,690.0,20.0,183.0,104.0,12.0,2.0,2064.0,34.0,25.0,419.0,3444.9803877813983,15.0,303.1117302220831,307.1018058020309,1159.867661613123,24.0,322.0,,,11.0,217.0,124.0,104.0,23.0,31.0,20.0,13.0,25.0,2.0,,24.0,39.0,7.0,1.0,,,,,,,,,,,,,,,,,,49.82000000000001,33.080000000000005,30.76,52.400000000000006,174.02,17.705507680779316,18.0,0.0382165605095541,54.42156862745098,75.16583541147132,86.46135967460779,53.84413638066692,1.0,0.0337204945672536,0.0337204945672536,0.3709254402397902,0.1348819782690146,0.1348819782690146,0.0123248407643312,0.0283488197826901,0.0490108673660547,0.0337204945672536,,58.03297115024354,50.17609591607344,29.16822780067441,26.90895466466841,28.864743349569128,23.26714125140502,0.674409891345073,6.170850505807419,3.50693143499438,0.4046459348070438,0.0674409891345073,69.59910078681153,1.1464968152866242,0.8430123641813413,14.12888722367928,116.16644245047802,0.5058074185088048,10.221077452224607,10.35562477414117,39.1113111821585,0.8092918696140877,10.857999250655675,0.3709254402397902,7.317347321094043,4.181341326339453,3.50693143499438,0.775571375046834,1.0453353315848632,0.674409891345073,0.4383664293742975,0.8430123641813413,,0.8092918696140877,1.3150992881228925,0.2360434619707755,,,,,,1.679955039340577,1.115473960284751,1.0372424128887223,1.766953915324092,5.868040464593481,57.142857142857146,134.7826086956522,52.0,0.0674409891345073,,,,,,,,,,,,,,,0.0337204945672536,,,44.65483235294118,57.46742058823529,3.73616598860063,5.492643839623794,34.0,1.0,0.0,1.0,33.0,0.0,33.0,1.0,0.0,1.0,1.0,0.0294,0.0,0.0294,0.9706,0.0,0.9706,0.0294,0.0,0.0294,0.0294,mid_central,Central/Mixed,season_collapsed_average_positions_v14,44.65483235294118,57.46742058823529,0.0337204945672536,0.5970384755601867,0.0012886813210415,1.8351222092433823,2.534629144635601,0.0337204945672536,1.5057830317589758,1.9378298437396688,0.1259853649209654,0.1852146667538934,1.1464968152866242,0.0337204945672536,0.0,0.0337204945672536,1.1127763207193706,0.0,1.1127763207193706,0.0337204945672536,0.0,0.0337204945672536,0.0337204945672536,1.5057830317589758,1.9378298437396688,46.15586361933308,45.61586644810791,mid,M,DM,DM,M,DM,DM,CM,CM,Central Midfield,Possession-adjusted spatial evidence coherent with role scores (spatial_adj).,"sources=M,DM,DM; agreement=0.45; wide_score=19.1; central_score=52.9; adj_avg_x=45.6; spatial=CM@adj_x=45.6,y=57.5,strength=0.72; upstream_position_source=heuristic",0.85,True,arbitrated_role_group,CM,CM,Pressing Central Midfielder,Central Midfielder,,,0.0,1209.0,,0.0,4.0,0.0,1.0,,,"aggression, work rate, anticipation",CM,0.7994108506976705,0.12001085432223314,0.8142207821131134,0.7668290015836956,0.13085292877756619,0.0961582905205004,0.8142207821131134,0.7668290015836956,0.9610356187153257,1.0,0.6465137010595444,0.8812476657233342,Midfielder,CM,Central,Pressing Central Midfielder,Midfielder
964115,Adam Randell,Adam Randell,2025-26,Championship,Bristol City,1,Championship,1,Bristol City,43,3548.0,2000-10-01,25.0,2026-06-01,England,175.0,Right,M,M,midfield,DM,AM,4,"DM, AM, CM, M",medium,heuristic_stats,3.0,2.0,32.0,9.0,10.0,1.6081,1.8822,3.4473813100000004,3.0,2.0,,1.0,1727.0,1411.0,701.0,632.0,1026.0,779.0,28.0,164.0,71.0,32.0,6.0,2250.0,45.0,28.0,318.0,2586.821787571824,19.0,414.227724523008,318.1943306106522,314.78531761706734,18.0,437.0,,1.0,38.0,265.0,170.0,102.0,46.0,54.0,28.0,14.0,22.0,,1.0,20.0,54.0,5.0,,,,,,,,,,,,,,,,,,,50.82,29.96,42.18,76.36,185.52,21.824689966178127,4.0,0.016347237880496,60.86206896551724,70.71480144404332,81.70237405906195,51.47322435174746,1.0,0.0760992108229988,0.0507328072153325,0.8117249154453213,0.2282976324689966,0.2536640360766629,0.0407917136414881,0.0477446448703494,0.0874476656989853,0.0760992108229988,,43.80777903043968,35.791995490417136,17.78184892897407,16.031567080045097,26.02593010146561,19.76042841037204,0.7102593010146562,4.160090191657272,1.8010146561443066,0.8117249154453213,0.1521984216459977,57.07440811724916,1.141488162344983,0.7102593010146562,8.066516347237881,65.61836552465167,0.4819616685456595,10.50746764573583,8.071445815941008,7.984971416441956,0.4565952649379932,11.085118376550168,0.963923337091319,6.722096956031567,4.312288613303269,2.5873731679819616,1.1668545659526497,1.3697857948139798,0.7102593010146562,0.3551296505073281,0.5580608793686584,0.0253664036076662,0.5073280721533259,1.3697857948139798,0.1268320180383314,,,,,,1.289120631341601,0.7599774520856821,1.069954904171364,1.9369785794813976,4.70597519729425,64.15094339622641,117.3913043478261,50.0,,,,,,,,,,,,,,0.0507328072153325,0.0253664036076662,,,0.0253664036076662,48.04010930232559,51.15502325581396,5.709609421209874,10.130525356043798,43.0,2.0,1.0,1.0,41.0,0.0,41.0,2.0,0.0,2.0,2.0,0.0465,0.0233,0.0233,0.9535,0.0,0.9535,0.0465,0.0,0.0465,0.0465,mid_central,Central/Mixed,season_collapsed_average_positions_v14,48.04010930232559,51.15502325581396,0.0253664036076662,0.5536138942942591,0.0004146706339471,1.543851805776931,1.7937801944655858,0.0253664036076662,1.2186048019191946,1.2976189664665323,0.1448322570205435,0.2569749949391042,1.0907553551296505,0.0507328072153325,0.0253664036076662,0.0253664036076662,1.040022547914318,0.0,1.040022547914318,0.0507328072153325,0.0,0.0507328072153325,0.0507328072153325,1.2186048019191946,1.2976189664665323,48.52677564825254,48.408415390262455,mid,M,DM,DM,M,DM,DM,CM,CM,Central Midfield,Possession-adjusted spatial evidence coherent with role scores (spatial_adj).,"sources=M,DM,DM; agreement=0.45; wide_score=24.5; central_score=58.7; adj_avg_x=48.4; spatial=CM@adj_x=48.4,y=51.2,strength=0.72; upstream_position_source=heuristic",0.85,True,arbitrated_role_group,CM,CM,Pressing Central Midfielder,Central Midfielder,,,0.0,1209.0,,0.0,4.0,0.0,1.0,,,"aggression, work rate, anticipation",CM,0.7011935016726591,0.289777265202658,0.710529177571188,0.6806550146958957,0.2770226142562152,0.3178374972848321,0.710529177571188,0.6806550146958957,0.9771904401771426,1.0,0.6453111890000351,0.8808292664233024,Midfielder,CM,Central,Pressing Central Midfielder,Midfielder
331209,Bernardo Silva,Bernardo Silva,2025-26,Premier League,Manchester City,1,Premier League,1,Manchester City,38,2890.0,1994-08-10,31.0,2026-06-01,Portugal,173.0,Left,M,M,midfield,AM,DM,4,"AM, DM, CM, M",medium,heuristic_stats,2.0,4.0,30.0,7.0,10.0,2.5639,1.8875,4.07883343,7.0,1.0,5.0,1.0,2205.0,1989.0,923.0,868.0,1282.0,1121.0,47.0,120.0,69.0,72.0,19.0,2661.0,32.0,49.0,741.0,6506.154105902198,67.0,1278.4231531589858,568.9577511023548,3015.468949613086,34.0,369.0,,,18.0,223.0,101.0,145.0,6.0,4.0,21.0,21.0,27.0,3.0,,37.0,22.0,10.0,,,,,1.85,4.85,1.45,0.52,0.07,,,,,,,,,,44.14,23.3,18.34,27.68,120.2,20.56193771626297,20.0,0.031833910034602,62.5,78.54746423927178,90.20408163265306,40.14463667820069,1.0,0.0622837370242214,0.1245674740484429,0.9342560553633218,0.2179930795847751,0.3114186851211072,0.0798446366782006,0.058780276816609,0.1270224943598616,0.2179930795847751,0.1557093425605536,68.66782006920415,61.94117647058823,28.7439446366782,27.031141868512112,39.92387543252595,34.910034602076124,1.4636678200692042,3.737024221453287,2.14878892733564,2.2422145328719725,0.5916955017301038,82.86851211072664,0.9965397923875432,1.5259515570934257,23.07612456747405,202.6137956855356,2.086505190311419,39.81248573851513,17.718407473775756,93.90733753120335,1.0588235294117647,11.49134948096886,0.5605536332179931,6.944636678200692,3.1453287197231834,4.515570934256055,0.1868512110726643,0.1245674740484429,0.6539792387543253,0.6539792387543253,0.8408304498269896,,1.1522491349480968,0.6851211072664359,0.3114186851211072,0.0576124567474048,0.151038062283737,0.0451557093425605,0.0161937716262975,0.0021799307958477,1.3746020761245674,0.7256055363321797,0.5711418685121107,0.8620069204152249,3.743252595155709,45.2914798206278,66.66666666666667,42.85714285714285,0.0934256055363321,,,,,,,,,,,,,0.0311418685121107,0.0311418685121107,,,,53.56581052631579,40.58285,4.276805285382466,11.570744321727265,38.0,8.0,8.0,0.0,30.0,6.0,32.0,0.0,1.0,7.0,0.0,0.2105,0.2105,0.0,0.7895,0.1579,0.8421,0.0,0.0263,0.1842,0.0,mid_central,Central/Mixed,season_collapsed_average_positions_v14,53.56581052631579,40.58285,0.0311418685121107,0.6403371607140718,0.0009913674405239,1.9463667820069204,2.446114803299121,0.0311418685121107,1.6681394281551631,1.2638257785467129,0.1331877078492809,0.3603345982544823,1.1833910034602075,0.2491349480968858,0.2491349480968858,0.0,0.9342560553633218,0.1868512110726643,0.9965397923875432,0.0,0.0311418685121107,0.2179930795847751,0.0,1.6681394281551631,1.2638257785467129,59.85536332179931,51.10196969586597,mid,M,AM,AM,M,AM,AM,CM,CM,Central Midfield,Possession-adjusted spatial evidence coherent with role scores (spatial_adj).,"sources=M,AM,AM; agreement=0.45; wide_score=61.2; central_score=81.2; adj_avg_x=51.1; spatial=CM@adj_x=51.1,y=40.6,strength=0.72; upstream_position_source=heuristic",0.85,True,arbitrated_role_group,CM,CM,Central Midfielder,Midfield Playmaker,94.15,0.8829,0.156,1209.0,,2.0,6.0,0.0,0.0,"passes_total_per90, passes_accurate_per90",,"first touch, decisions, teamwork, positioning, concentration",CM,0.7036953768741835,0.31353881030191355,0.6901363484025197,0.733525239511844,0.3292295536648634,0.2790191749034239,0.6901363484025197,0.733525239511844,0.9212023547512332,1.0,0.6452039701818341,0.8807919557565222,Ball Progressor,CM,Central,Central Midfielder,Ball Progressor
1465307,Arthur Avom Ebong,Arthur Avom Ebong,2025-26,Ligue 1,Lorient,1,Ligue 1,1,Lorient,32,2115.0,2004-12-15,21.0,2026-06-01,Cameroon,173.0,Right,M,M,midfield,DM,AM,2,"DM, AM",medium,heuristic_stats,2.0,1.0,21.0,6.0,9.0,1.081,1.1745,3.26630373,4.0,,,,1272.0,1068.0,608.0,549.0,664.0,519.0,31.0,133.0,80.0,45.0,15.0,1667.0,41.0,39.0,314.0,3006.861269831186,19.0,455.82247321967606,315.978129860629,1348.5547468495308,22.0,330.0,,,9.0,228.0,122.0,106.0,4.0,9.0,15.0,21.0,29.0,2.0,,23.0,39.0,3.0,,1.0,1.0,,,,,,,,,,,,,,,,59.96,33.58,33.06,26.62,138.38,15.955555555555556,62.0,0.0955082742316784,66.97029702970298,77.19843342036553,83.9622641509434,54.32482269503546,1.0,0.0851063829787234,0.0425531914893617,0.8936170212765957,0.2553191489361702,0.3829787234042553,0.046,0.0499787234042553,0.1389916480851063,0.1702127659574468,,54.12765957446808,45.4468085106383,25.87234042553192,23.361702127659573,28.25531914893617,22.08510638297872,1.319148936170213,5.659574468085107,3.404255319148936,1.9148936170212767,0.6382978723404256,70.93617021276596,1.74468085106383,1.6595744680851063,13.361702127659576,127.95154339707176,0.8085106382978723,19.39670098807132,13.445877866409743,57.38530837657578,0.9361702127659576,14.04255319148936,0.3829787234042553,9.702127659574469,5.191489361702128,4.51063829787234,0.1702127659574468,0.3829787234042553,0.6382978723404256,0.8936170212765957,1.2340425531914894,,0.9787234042553192,1.6595744680851063,0.1276595744680851,,,,,,2.5514893617021275,1.428936170212766,1.406808510638298,1.1327659574468083,5.888510638297872,53.50877192982456,225.0,53.84615384615385,0.0851063829787234,,,,,,,,,,,,0.0425531914893617,,,,0.0425531914893617,,47.14187741935484,43.6561,6.539981019988244,7.26894716516773,31.0,3.0,3.0,0.0,28.0,0.0,28.0,3.0,0.0,2.0,2.0,0.0968,0.0968,0.0,0.9032,0.0,0.9032,0.0968,0.0,0.0645,0.0645,mid_central,Central/Mixed,season_collapsed_average_positions_v14,47.14187741935484,43.6561,0.0425531914893617,0.6789598108747045,0.004064181882199,2.8497998736043817,3.2850397200155546,0.0425531914893617,2.006037336993823,1.857706382978724,0.2782970646803508,0.3093169006454353,1.319148936170213,0.1276595744680851,0.1276595744680851,0.0,1.1914893617021276,0.0,1.1914893617021276,0.1276595744680851,0.0,0.0851063829787234,0.0851063829787234,2.006037336993823,1.857706382978724,45.67517730496454,48.22308309311371,mid,M,DM,DM,M,DM,DM,CM,CM,Central Midfield,Possession-adjusted spatial evidence coherent with role scores (spatial_adj).,"sources=M,DM,DM; agreement=0.45; wide_score=50.3; central_score=77.6; adj_avg_x=48.2; spatial=CM@adj_x=48.2,y=43.7,strength=0.72; upstream_position_source=heuristic",0.85,True,arbitrated_role_group,CM,CM,Pressing Central Midfielder,Midfield Playmaker,,,0.0,1209.0,,0.0,4.0,0.0,1.0,,,"aggression, work rate, anticipation",CM,0.6936943946851726,0.2864733219647335,0.6610949346191118,0.7654132068305064,0.27052942060882434,0.3215499049477337,0.6610949346191118,0.7654132068305064,0.9771477516309917,1.0,0.6405187416877757,0.8791607288178124,Midfielder,CM,Central,Pressing Central Midfielder,Midfielder
