player_id,player_name,profile_name,season,league,team,leagues_played_count,leagues_played_list,teams_played_count,teams_played_list,matches,minutes_played,date_of_birth,age,age_as_of,nationality,height_cm,preferred_foot,player_position,base_position,role_family,primary_role_position,secondary_role_position,positions_played_count,positions_played_list,position_confidence,position_source,goals,assists,shots_total,shots_on_target,shots_off_target,xg,xgot,xa,big_chances_created,big_chance_missed,offsides,hit_woodwork,passes_total,passes_accurate,passes_own_half_total,passes_own_half_accurate,passes_opposition_half_total,passes_opposition_half_accurate,key_passes,long_balls_total,long_balls_accurate,crosses_total,crosses_accurate,touches,unsuccessful_touches,dribbles_attempted,carries,carry_distance,progressive_carries,progressive_carry_distance,best_carry_progression,total_progression,dispossessed,possession_lost,last_man_tackles,clearance_off_line,blocked_shots,duels_total,duels_won,duels_lost,aerial_duels_total,aerial_duels_won,aerial_duels_lost,dribbles_won,challenges_lost,errors_leading_to_shot,errors_leading_to_goal,fouls_committed,fouls_drawn,yellow_cards,red_cards,penalties_won,penalties_conceded,penalties_faced,distance_walking_km,distance_jogging_km,distance_running_km,distance_high_speed_running_km,distance_sprinting_km,gk_saves,gk_saves_inside_box,gk_xgot_faced,gk_goals_prevented,gk_goals_prevented_raw,gk_high_claims,gk_punches,gk_sweeper_total,gk_sweeper_accurate,P-Adj_tackles_total,P-Adj_tackles_won,P-Adj_interceptions,P-Adj_clearances,P-Adj_recoveries,MW,shirt_number,is_substitute,sub_on_minute,sub_off_minute,pass_accuracy_pct,oppo_poss_pct,poss_available,goals_per90,assists_per90,shots_total_per90,shots_on_target_per90,shots_off_target_per90,xg_per90,xgot_per90,xa_per90,big_chances_created_per90,offsides_per90,passes_total_per90,passes_accurate_per90,passes_own_half_total_per90,passes_own_half_accurate_per90,passes_opposition_half_total_per90,passes_opposition_half_accurate_per90,key_passes_per90,long_balls_total_per90,long_balls_accurate_per90,crosses_total_per90,crosses_accurate_per90,touches_per90,unsuccessful_touches_per90,dribbles_attempted_per90,carries_per90,carry_distance_per90,progressive_carries_per90,progressive_carry_distance_per90,best_carry_progression_per90,total_progression_per90,dispossessed_per90,possession_lost_per90,blocked_shots_per90,duels_total_per90,duels_won_per90,duels_lost_per90,aerial_duels_total_per90,aerial_duels_won_per90,aerial_duels_lost_per90,dribbles_won_per90,challenges_lost_per90,errors_leading_to_goal_per90,fouls_committed_per90,fouls_drawn_per90,yellow_cards_per90,distance_walking_km_per90,distance_jogging_km_per90,distance_running_km_per90,distance_high_speed_running_km_per90,distance_sprinting_km_per90,P-Adj_tackles_total_per90,P-Adj_tackles_won_per90,P-Adj_interceptions_per90,P-Adj_clearances_per90,P-Adj_recoveries_per90,duel_win_pct,aerial_win_pct,dribble_success_pct,errors_leading_to_shot_per90,penalties_faced_per90,gk_saves_per90,gk_saves_inside_box_per90,gk_xgot_faced_per90,gk_goals_prevented_per90,gk_goals_prevented_raw_per90,gk_high_claims_per90,gk_punches_per90,gk_sweeper_total_per90,gk_sweeper_accurate_per90,last_man_tackles_per90,penalties_conceded_per90,big_chance_missed_per90,hit_woodwork_per90,red_cards_per90,penalties_won_per90,clearance_off_line_per90,season_avg_x,season_avg_y,season_std_x,season_std_y,spatial_matches_used,spatial_wide_matches,spatial_right_matches,spatial_left_matches,spatial_central_matches,spatial_high_matches,spatial_mid_matches,spatial_deep_matches,spatial_high_wide_matches,spatial_mid_wide_matches,spatial_deep_central_matches,spatial_wide_pct,spatial_right_pct,spatial_left_pct,spatial_central_pct,spatial_high_pct,spatial_mid_pct,spatial_deep_pct,spatial_high_wide_pct,spatial_mid_wide_pct,spatial_deep_central_pct,season_position_zone,spatial_dominant_side,position_context_source,avg_x,avg_y,leagues_played_count_per90,MW_per90,is_substitute_per90,sub_on_minute_per90,sub_off_minute_per90,poss_available_per90,season_avg_x_per90,season_avg_y_per90,season_std_x_per90,season_std_y_per90,spatial_matches_used_per90,spatial_wide_matches_per90,spatial_right_matches_per90,spatial_left_matches_per90,spatial_central_matches_per90,spatial_high_matches_per90,spatial_mid_matches_per90,spatial_deep_matches_per90,spatial_high_wide_matches_per90,spatial_mid_wide_matches_per90,spatial_deep_central_matches_per90,avg_x_per90,avg_y_per90,team_poss_pct,adj_avg_x,adj_zone,profile_position_raw,match_position_mode,match_role_mode,profile_positions_played,match_positions_played,match_roles_played,arbitrated_position,arbitrated_role_group,arbitrated_lane,arbitration_reason,position_evidence,arbitrated_confidence,position_conflict_flag,role_source_column,role_source_value,role_model_family,primary_role,secondary_role,role_score,role_bvalue,confidence,cohort_size,warning,measured_metrics_available,measured_metrics_possible,partial_proxies_available,partial_proxies_possible,measured_inputs,partial_proxies,unmeasured_traits,_family,similarity_core,similarity_broad,similarity_z_core,similarity_percentile_core,similarity_z_broad,similarity_percentile_broad,similarity_z,similarity_percentile,similarity_spatial,similarity_role_bonus,similarity_raw,similarity,similarity_archetype,similarity_family,similarity_side,similarity_display_role,similarity_color_key
1142562,Mateus Fernandes,Mateus Fernandes,2025-26,Premier League,West Ham United,1,Premier League,1,West Ham United,36,3024.0,2004-07-10,21.0,2026-05-25,Portugal,178.0,Right,M,M,midfield,DM,AM,3,"DM, AM, CM",medium,heuristic_stats,3.0,4.0,28.0,8.0,9.0,1.9994,1.7321,2.96929554,3.0,1.0,,1.0,1562.0,1366.0,716.0,666.0,846.0,700.0,37.0,179.0,110.0,52.0,12.0,2120.0,36.0,48.0,426.0,3971.135595643153,26.0,702.109779753133,489.802328547124,1460.5000480680524,32.0,333.0,,,19.0,353.0,199.0,160.0,19.0,19.0,20.0,28.0,41.0,4.0,,49.0,49.0,7.0,,,,,,,,,,,,,,,,,,,122.56,79.95999999999998,41.88,44.98,214.78,21.26488095238096,18.0,0.0082671957671957,65.0,79.55866523143165,87.45198463508322,58.25595238095238,1.0,0.0892857142857142,0.119047619047619,0.8333333333333334,0.238095238095238,0.2678571428571428,0.0595059523809523,0.0515505952380952,0.0883718910714285,0.0892857142857142,,46.48809523809524,40.65476190476191,21.30952380952381,19.821428571428573,25.178571428571427,20.83333333333333,1.1011904761904765,5.3273809523809526,3.273809523809524,1.5476190476190477,0.3571428571428571,63.095238095238095,1.0714285714285714,1.4285714285714286,12.678571428571429,118.18855939414146,0.7738095238095238,20.89612439741467,14.577450254378691,43.4672633353587,0.9523809523809524,9.910714285714286,0.5654761904761905,10.50595238095238,5.922619047619048,4.761904761904762,0.5654761904761905,0.5654761904761905,0.5952380952380952,0.8333333333333334,1.2202380952380951,,1.4583333333333333,1.4583333333333333,0.2083333333333333,,,,,,3.647619047619048,2.379761904761904,1.2464285714285714,1.338690476190476,6.392261904761905,56.373937677053824,100.0,58.333333333333336,0.119047619047619,,,,,,,,,,,,,0.0297619047619047,0.0297619047619047,,,,48.195655555555554,50.88343611111111,6.623245713241224,7.4781009044563,36.0,0.0,0.0,0.0,36.0,3.0,29.0,4.0,0.0,0.0,4.0,0.0,0.0,0.0,1.0,0.0833,0.8056,0.1111,0.0,0.0,0.1111,mid_central,Central/Mixed,season_collapsed_average_positions_v14,48.195655555555554,50.88343611111111,0.0297619047619047,0.6328833616780046,0.0002460474930713,1.934523809523809,2.3678174176021325,0.0297619047619047,1.4343945105820104,1.5143879794973545,0.1971204081321793,0.2225625269183422,1.0714285714285714,0.0,0.0,0.0,1.0714285714285714,0.0892857142857142,0.8630952380952381,0.119047619047619,0.0,0.0,0.119047619047619,1.4343945105820104,1.5143879794973545,41.74404761904762,50.25964365079365,mid,M,DM,DM,M,DM,DM,CM,CM,Central Midfield,Possession-adjusted spatial evidence coherent with role scores (spatial_adj).,"sources=M,DM,DM; agreement=0.45; wide_score=42.3; central_score=67.6; adj_avg_x=50.3; spatial=CM@adj_x=50.3,y=50.9,strength=0.72; upstream_position_source=heuristic",0.85,True,arbitrated_role_group,CM,CM,Pressing Central Midfielder,Midfield Playmaker,,,0.0,1027.0,,0.0,4.0,0.0,1.0,,,"aggression, work rate, anticipation",CM,0.8620847203508836,0.5523141554962451,0.8550855274834933,0.8774829446591421,0.5312599112501181,0.5986334928377246,0.8550855274834933,0.8774829446591421,0.9483797405944757,1.0,0.7971217269514013,0.9328372380635043,Midfielder,CM,Central,Pressing Central Midfielder,Midfielder
1151803,Kévin Danois,Kévin Danois,2025-26,Ligue 1,Auxerre,1,Ligue 1,1,Auxerre,34,2835.0,2004-06-28,21.0,2026-05-25,France,183.0,Right,M,M,midfield,AM,DM,3,"AM, DM, CM",medium,heuristic_stats,3.0,1.0,25.0,8.0,11.0,2.0122,2.2705,4.645403960000001,10.0,2.0,3.0,1.0,1515.0,1293.0,625.0,570.0,890.0,723.0,53.0,132.0,90.0,129.0,44.0,2094.0,55.0,60.0,395.0,3602.114095851297,28.0,740.9820035953389,411.507443184159,1483.100289094997,44.0,441.0,,,8.0,321.0,153.0,171.0,23.0,15.0,28.0,35.0,44.0,1.0,,33.0,26.0,3.0,,,,,,,,,,,,,,,,,,,87.1,52.62,43.080000000000005,16.54,207.52,18.0652557319224,5.0,0.0074074074074074,69.0,84.44364508393285,85.34653465346534,56.14991181657848,1.0,0.0952380952380952,0.0317460317460317,0.7936507936507936,0.2539682539682539,0.3492063492063492,0.063879365079365,0.072079365079365,0.1474731415873016,0.3174603174603174,0.0952380952380952,48.095238095238095,41.04761904761905,19.84126984126984,18.09523809523809,28.253968253968253,22.95238095238096,1.6825396825396826,4.190476190476191,2.857142857142857,4.095238095238095,1.3968253968253967,66.47619047619048,1.746031746031746,1.9047619047619049,12.53968253968254,114.35282843972372,0.8888888888888888,23.52323820937584,13.063728355052666,47.08254886015863,1.3968253968253967,14.0,0.2539682539682539,10.19047619047619,4.857142857142857,5.428571428571429,0.7301587301587301,0.4761904761904761,0.8888888888888888,1.1111111111111112,1.3968253968253967,,1.0476190476190477,0.8253968253968254,0.0952380952380952,,,,,,2.7650793650793646,1.6704761904761904,1.3676190476190475,0.525079365079365,6.587936507936508,47.66355140186916,65.21739130434783,58.333333333333336,0.0317460317460317,,,,,,,,,,,,,0.0634920634920634,0.0317460317460317,,,,52.41444242424242,54.88083636363637,4.494811259109657,6.371700233739529,33.0,0.0,0.0,0.0,33.0,2.0,31.0,0.0,0.0,0.0,0.0,0.0,0.0,0.0,1.0,0.0606,0.9394,0.0,0.0,0.0,0.0,mid_central,Central/Mixed,season_collapsed_average_positions_v14,52.41444242424242,54.88083636363637,0.0317460317460317,0.5735001819657904,0.0002351557907113,2.1904761904761907,2.68075063758517,0.0317460317460317,1.6639505531505532,1.7422487734487735,0.142692420924116,0.2022761978964929,1.0476190476190477,0.0,0.0,0.0,1.0476190476190477,0.0634920634920634,0.984126984126984,0.0,0.0,0.0,0.0,1.6639505531505532,1.7422487734487735,43.85008818342152,53.95192037838704,mid,M,AM,AM,M,AM,AM,CM,CM,Central Midfield,Possession-adjusted spatial evidence coherent with role scores (spatial_adj).,"sources=M,AM,AM; agreement=0.45; wide_score=61.5; central_score=80.3; adj_avg_x=54.0; spatial=CM@adj_x=54.0,y=54.9,strength=0.72; upstream_position_source=heuristic",0.85,True,arbitrated_role_group,CM,CM,Pressing Central Midfielder,Advanced Playmaker,,,0.0,1027.0,,0.0,4.0,0.0,1.0,,,"aggression, work rate, anticipation",CM,0.8449581903890733,0.5348950302821073,0.8410496307330586,0.8535570216323055,0.5494277671882116,0.5029230090886777,0.8410496307330586,0.8535570216323055,0.9633869357808793,1.0,0.7855918514223758,0.928942707650623,Midfielder,CM,Central,Pressing Central Midfielder,Midfielder
920684,Jordan Holsgrove,Jordan Holsgrove,2025-26,Liga Portugal Betclic,Estoril Praia,1,Liga Portugal Betclic,1,Estoril Praia,33,2834.0,1999-09-10,26.0,2026-05-25,Scotland,180.0,Left,M,M,midfield,AM,DM,3,"AM, DM, CM",medium,heuristic_stats,1.0,7.0,36.0,7.0,17.0,1.0393,1.0915,5.37648269,12.0,,,1.0,2359.0,2014.0,1061.0,997.0,1298.0,1017.0,53.0,246.0,131.0,139.0,37.0,2880.0,32.0,29.0,548.0,4101.265618785999,18.0,416.5564091055363,307.3223435854099,1096.568937768572,20.0,530.0,,1.0,18.0,282.0,147.0,135.0,29.0,26.0,26.0,12.0,39.0,3.0,2.0,34.0,48.0,8.0,,,,,,,,,,,,,,,,,,,56.18,39.24,29.880000000000003,29.1,133.52,17.54622441778405,10.0,0.0130557515878616,53.0,76.60612691466083,85.37515896566342,47.255822159491885,1.0,0.0317572335920959,0.2223006351446718,1.1432604093154553,0.2223006351446718,0.5398729710656316,0.0330052928722653,0.0346630204657727,0.1707422166901905,0.3810868031051517,,74.9153140437544,63.9590684544813,33.69442484121383,31.661961891319688,41.220889202540576,32.297106563161606,1.6831333803810868,7.81227946365561,4.160197600564573,4.414255469301341,1.1750176429075512,91.46083274523642,1.0162314749470711,0.9209597741707832,17.402964008468597,130.24485027901903,0.5716302046577276,13.228679188249211,9.759707453312242,34.823995906553094,0.6351446718419196,16.831333803810868,0.5716302046577276,8.955539872971066,4.668313338038109,4.287226534932957,0.9209597741707832,0.8256880733944955,0.8256880733944955,0.3810868031051517,1.238532110091743,0.0635144671841919,1.0797459421312632,1.524347212420607,0.2540578687367678,,,,,,1.784121383203952,1.2461538461538464,0.948906139731828,0.9241354975299928,4.240225829216655,52.12765957446808,89.65517241379311,41.37931034482759,0.0952717007762879,,,,,,,,,,,,,,0.0317572335920959,,,0.0317572335920959,49.61767575757575,51.22051212121213,3.0161135594948907,4.525731389562737,33.0,0.0,0.0,0.0,33.0,0.0,33.0,0.0,0.0,0.0,0.0,0.0,0.0,0.0,1.0,0.0,1.0,0.0,0.0,0.0,0.0,mid_central,Central/Mixed,season_collapsed_average_positions_v14,49.61767575757575,51.22051212121213,0.0317572335920959,0.5572195474949063,0.000414614552896,1.6831333803810868,2.4327986670146347,0.0317572335920959,1.5757201193302108,1.6266217681401167,0.0957834228491673,0.1437247089134249,1.0479887085391673,0.0,0.0,0.0,1.0479887085391673,0.0,1.0479887085391673,0.0,0.0,0.0,0.0,1.5757201193302108,1.6266217681401167,52.74417784050812,48.931631297448725,mid,M,AM,AM,M,AM,AM,CM,CM,Central Midfield,Possession-adjusted spatial evidence coherent with role scores (spatial_adj).,"sources=M,AM,AM; agreement=0.45; wide_score=47.2; central_score=87.7; adj_avg_x=48.9; spatial=CM@adj_x=48.9,y=51.2,strength=0.72; upstream_position_source=heuristic",0.85,True,arbitrated_role_group,CM,CM,Pressing Central Midfielder,Central Midfielder,,,0.0,1027.0,,0.0,4.0,0.0,1.0,,,"aggression, work rate, anticipation",CM,0.8618527900199325,0.49915830423691465,0.8541440779969116,0.8788119564705784,0.4839806127146607,0.5325492255858731,0.8541440779969116,0.8788119564705784,0.9655107620371896,1.0,0.7846838548909288,0.9286356337289163,Midfielder,CM,Central,Pressing Central Midfielder,Midfielder
117777,Granit Xhaka,Granit Xhaka,2025-26,Premier League,Sunderland,1,Premier League,1,Sunderland,34,2903.0,1992-09-27,33.0,2026-05-25,Switzerland,185.0,Left,M,M,midfield,DM,AM,2,"DM, AM",medium,heuristic_stats,1.0,6.0,21.0,5.0,10.0,1.0167000000000002,0.7928000000000001,3.70697473,9.0,,,1.0,1807.0,1512.0,723.0,660.0,1084.0,852.0,34.0,251.0,138.0,99.0,23.0,2295.0,20.0,24.0,357.0,2842.6371099382723,17.0,369.699331238666,291.549333247387,1078.528449842338,17.0,429.0,1.0,,25.0,243.0,155.0,102.0,67.0,56.0,35.0,11.0,16.0,3.0,,23.0,41.0,8.0,,,,,2.8,5.73,1.91,0.44,0.05,,,,,,,,,,55.42,35.74,30.660000000000004,98.92,196.56,18.501894591801584,34.0,0.0186014467791939,60.629629629629626,74.53020134228188,83.67459878251245,55.35204960385808,1.0,0.0310024112986565,0.1860144677919393,0.6510506372717878,0.1550120564932828,0.3100241129865656,0.0315201515673441,0.0245787116775749,0.1149251552531863,0.2790217016879091,,56.021357216672406,46.87564588356872,22.414743368928693,20.46159145711333,33.60661384774372,26.41405442645539,1.0540819841543232,7.781605235962797,4.278332759214606,3.069238718567,0.7130554598691009,71.15053393041681,0.6200482259731313,0.7440578711677575,11.067860833620392,88.12860485513073,0.5270409920771616,11.461570723899394,9.038732343184575,33.436982599314646,0.5270409920771616,13.300034447123664,0.775060282466414,7.533585945573544,4.805373751291767,3.1622459524629694,2.077161557009989,1.7361350327247675,1.0850843954529796,0.3410265242852222,0.496038580778505,,0.7130554598691009,1.271098863244919,0.2480192903892525,0.0868067516362383,0.1776438167413021,0.059214605580434,0.0136410609714088,0.0015501205649328,1.7181536341715469,1.1080261798139857,0.9505339304168104,3.066758525663107,6.093833964863935,63.78600823045267,83.58208955223881,45.833333333333336,0.0930072338959696,,,,,,,,,,,0.0310024112986565,,,0.0310024112986565,,,,47.377835294117645,45.46199411764706,3.875473431089448,5.817882064647423,34.0,0.0,0.0,0.0,34.0,0.0,33.0,1.0,0.0,0.0,1.0,0.0,0.0,0.0,1.0,0.0,0.9706,0.0294,0.0,0.0,0.0294,mid_central,Central/Mixed,season_collapsed_average_positions_v14,47.377835294117645,45.46199411764706,0.0310024112986565,0.5736033459394222,0.0005766897037986,1.879664714662992,2.3106159561851083,0.0310024112986565,1.4688271362282423,1.4094314400923993,0.1201490212876508,0.1803683726552766,1.0540819841543232,0.0,0.0,0.0,1.0540819841543232,0.0,1.0230795728556663,0.0310024112986565,0.0,0.0,0.0310024112986565,1.4688271362282423,1.4094314400923993,44.64795039614192,48.71584769508216,mid,M,DM,DM,M,DM,DM,CM,CM,Central Midfield,Possession-adjusted spatial evidence coherent with role scores (spatial_adj).,"sources=M,DM,DM; agreement=0.45; wide_score=39.2; central_score=73.3; adj_avg_x=48.7; spatial=CM@adj_x=48.7,y=45.5,strength=0.72; upstream_position_source=heuristic",0.85,True,arbitrated_role_group,CM,CM,Central Midfielder,Midfield Playmaker,80.24,0.6048,0.156,1027.0,,2.0,6.0,0.0,0.0,"passes_total_per90, passes_accurate_per90",,"first touch, decisions, teamwork, positioning, concentration",CM,0.8214301818901252,0.5458830084451349,0.8081460698651715,0.8506552283450234,0.5575298235035218,0.5202600153166838,0.8081460698651715,0.8506552283450234,0.9719231186519856,1.0,0.7777260575728064,0.9262807693506134,Midfielder,CM,Central,Central Midfielder,Midfielder
878938,Cristian Cásseres Jr.,Cristian Cásseres Jr.,2025-26,Ligue 1,Toulouse,1,Ligue 1,1,Toulouse,30,2499.0,2000-01-20,26.0,2026-05-25,Venezuela,174.0,Right,M,M,midfield,AM,DM,3,"AM, DM, CM",medium,heuristic_stats,2.0,3.0,26.0,6.0,12.0,1.7363,2.1291,4.01149558,6.0,1.0,1.0,,1377.0,1173.0,602.0,555.0,775.0,618.0,39.0,134.0,81.0,98.0,29.0,1884.0,34.0,35.0,308.0,2440.993172894257,11.0,208.470949091879,188.84325197374588,693.1657558894278,19.0,359.0,,,16.0,259.0,148.0,117.0,15.0,14.0,17.0,16.0,27.0,3.0,,39.0,42.0,7.0,,1.0,1.0,,,,,,,,,,,,,,,,89.30000000000001,47.74,41.66,47.22,212.92,17.193677470988394,23.0,0.0248099239695878,58.70967741935484,76.93435448577681,85.18518518518519,58.204081632653065,1.0,0.0720288115246098,0.1080432172869147,0.936374549819928,0.2160864345738295,0.432172869147659,0.06253181272509,0.0766782713085234,0.1444716295318127,0.2160864345738295,0.0360144057623049,49.59183673469388,42.24489795918368,21.680672268907564,19.98799519807924,27.91116446578632,22.25690276110444,1.404561824729892,4.82593037214886,2.917166866746699,3.5294117647058822,1.0444177671068426,67.85114045618248,1.2244897959183674,1.2605042016806722,11.092436974789916,87.9109185916299,0.3961584633853541,7.507957350247743,6.801077502055675,24.963952793136656,0.6842737094837935,12.929171668667466,0.5762304921968787,9.327731092436975,5.330132052821129,4.213685474189676,0.5402160864345739,0.5042016806722689,0.6122448979591837,0.5762304921968787,0.9723889555822328,,1.404561824729892,1.512605042016807,0.2521008403361344,,,,,,3.21608643457383,1.7193277310924369,1.5003601440576229,1.7006002400960385,7.668187274909964,57.142857142857146,93.33333333333331,45.71428571428572,0.1080432172869147,,,,,,,,,,,,0.0360144057623049,0.0360144057623049,,,0.0360144057623049,,48.37415333333333,47.306066666666666,6.307441608937883,7.48018305355642,30.0,0.0,0.0,0.0,30.0,2.0,26.0,2.0,0.0,0.0,2.0,0.0,0.0,0.0,1.0,0.0667,0.8667,0.0667,0.0,0.0,0.0667,mid_central,Central/Mixed,season_collapsed_average_positions_v14,48.37415333333333,47.306066666666666,0.0360144057623049,0.6192200769863767,0.0008935146687726,2.114394144754676,2.77074505951177,0.0360144057623049,1.7421663865546215,1.703699879951981,0.2271587614263343,0.2693943476670979,1.0804321728691475,0.0,0.0,0.0,1.0804321728691475,0.0720288115246098,0.936374549819928,0.0720288115246098,0.0,0.0,0.0720288115246098,1.7421663865546215,1.703699879951981,41.795918367346935,50.4251737414966,mid,M,AM,AM,M,AM,AM,CM,CM,Central Midfield,Possession-adjusted spatial evidence coherent with role scores (spatial_adj).,"sources=M,AM,AM; agreement=0.45; wide_score=42.7; central_score=79.5; adj_avg_x=50.4; spatial=CM@adj_x=50.4,y=47.3,strength=0.72; upstream_position_source=heuristic",0.85,True,arbitrated_role_group,CM,CM,Pressing Central Midfielder,Advanced Playmaker,,,0.0,1027.0,,0.0,4.0,0.0,1.0,,,"aggression, work rate, anticipation",CM,0.8242749135987355,0.5250095416432612,0.8205180348342995,0.8325400468804947,0.504756243162982,0.5695667982998756,0.8205180348342995,0.8325400468804947,0.9624410545341757,1.0,0.7720408120876754,0.9243542040828819,Midfielder,CM,Central,Pressing Central Midfielder,Midfielder
801025,Bryan Heynen,Bryan Heynen,2025-26,Pro League,KRC Genk,1,Pro League,1,KRC Genk,38,3393.0,1997-02-06,29.0,2026-05-25,Belgium,181.0,Both,M,M,midfield,DM,AM,3,"DM, AM, CM",medium,heuristic_stats,4.0,1.0,45.0,11.0,20.0,4.588800000000001,3.5011000000000005,4.696584560000001,6.0,4.0,,3.0,2371.0,2057.0,862.0,785.0,1509.0,1272.0,45.0,212.0,118.0,22.0,3.0,3022.0,57.0,38.0,440.0,3417.058084611307,10.0,204.71420075112,279.85103909865984,929.950566950664,29.0,454.0,,1.0,33.0,406.0,227.0,179.0,98.0,71.0,55.0,21.0,35.0,1.0,,44.0,41.0,5.0,,,,,,,,,,,,,,,,,,,78.41999999999999,54.02,38.56,95.76,171.52,12.683171234895372,8.0,0.0,,83.64264264264264,86.75664276676508,41.6254052460949,1.0,0.1061007957559681,0.026525198938992,1.193633952254642,0.2917771883289125,0.5305039787798409,0.1217188328912467,0.092867374005305,0.1245778397877984,0.1591511936339522,,62.89124668435013,54.56233421750663,22.864721485411145,20.822281167108752,40.02652519893899,33.74005305039788,1.193633952254642,5.623342175066313,3.129973474801061,0.583554376657825,0.0795755968169761,80.15915119363395,1.5119363395225465,1.0079575596816976,11.671087533156498,90.63814548040602,0.2652519893899204,5.430084900560212,7.423104485375592,24.6671237917948,0.7692307692307693,12.042440318302388,0.8753315649867374,10.76923076923077,6.021220159151194,4.748010610079576,2.59946949602122,1.8832891246684351,1.4588859416445623,0.5570291777188329,0.9283819628647216,,1.16710875331565,1.0875331564986737,0.1326259946949602,,,,,,2.080106100795756,1.43289124668435,1.0228116710875332,2.5400530503978778,4.549602122015916,55.91133004926108,72.44897959183673,55.26315789473684,0.026525198938992,,,,,,,,,,,,,0.1061007957559681,0.0795755968169761,,,0.026525198938992,48.99332894736842,57.147839473684215,4.469034543352729,10.799803711392904,38.0,8.0,0.0,8.0,30.0,1.0,37.0,0.0,1.0,7.0,0.0,0.2105,0.0,0.2105,0.7895,0.0263,0.9737,0.0,0.0263,0.1842,0.0,mid_central,Central/Mixed,season_collapsed_average_positions_v14,48.99332894736842,57.147839473684215,0.026525198938992,0.3364236401829011,0.0,,2.218637735879115,0.026525198938992,1.2995577970124248,1.515857810973056,0.1185420303276586,0.2864669419467613,1.0079575596816976,0.2122015915119363,0.0,0.2122015915119363,0.7957559681697612,0.026525198938992,0.9814323607427056,0.0,0.026525198938992,0.1856763925729443,0.0,1.2995577970124248,1.515857810973056,58.3745947539051,46.89968025889215,mid,M,DM,DM,M,DM,DM,CM,CM,Central Midfield,Possession-adjusted spatial evidence coherent with role scores (spatial_adj).,"sources=M,DM,DM; agreement=0.45; wide_score=15.6; central_score=73.8; adj_avg_x=46.9; spatial=CM@adj_x=46.9,y=57.1,strength=0.72; upstream_position_source=heuristic",0.85,True,arbitrated_role_group,CM,CM,Pressing Central Midfielder,Central Midfielder,,,0.0,1027.0,,0.0,4.0,0.0,1.0,,,"aggression, work rate, anticipation",CM,0.8432913059944167,0.5035994601860041,0.8672745163461355,0.7905282432206356,0.491262413612268,0.5307409626482237,0.8672745163461355,0.7905282432206356,0.9323700558072242,1.0,0.771607753973629,0.9242073646113288,Midfielder,CM,Central,Pressing Central Midfielder,Midfielder
1064697,Mamadou Sangare,Mamadou Sangare,2025-26,Ligue 1,RC Lens,1,Ligue 1,1,RC Lens,29,2327.0,2002-06-26,23.0,2026-05-25,Mali,181.0,Left,M,M,midfield,DM,AM,4,"DM, AM, CM, M",medium,heuristic_stats,3.0,4.0,51.0,14.0,20.0,3.3402000000000003,2.4458,1.99241599,3.0,2.0,3.0,1.0,1452.0,1252.0,598.0,545.0,854.0,707.0,38.0,125.0,83.0,7.0,1.0,1955.0,57.0,57.0,355.0,2711.753574579171,20.0,425.0046038336749,355.11367546172625,864.0903947192513,26.0,317.0,,,20.0,336.0,190.0,146.0,37.0,31.0,24.0,32.0,38.0,1.0,,35.0,43.0,5.0,,,1.0,,,,,,,,,,,,,,,,86.17999999999999,51.7,39.42,29.34,207.8,16.93854748603352,8.0,0.0275032230339492,57.96875,70.12958963282938,86.22589531680441,49.710786420283625,1.0,0.1160292221744735,0.1547056295659647,1.9724967769660504,0.5414697034808766,0.7735281478298238,0.1291869359690589,0.0945947571981091,0.0770594925225612,0.1160292221744735,0.1160292221744735,56.15814353244521,48.42286205414697,23.12849162011173,21.078642028362697,33.02965191233348,27.34422002578427,1.4697034808766651,4.834550923936399,3.210141813493769,0.2707348517404383,0.0386764073914911,75.61237645036528,2.204555221314998,2.204555221314998,13.730124623979371,104.8808859957565,0.7735281478298238,16.43765120113053,13.734521182447512,33.41991212923619,1.005586592178771,12.260421143102707,0.7735281478298238,12.99527288354104,7.348517404383326,5.646755479157714,1.431027073485174,1.198968629136227,0.9282337773957886,1.237645036527718,1.4697034808766651,,1.3536742587021915,1.6630855178341213,0.1933820369574559,,,,,,3.3331327889987103,1.9995702621400944,1.5246239793725829,1.1347657928663517,8.03695745595187,56.54761904761905,83.78378378378379,56.14035087719298,0.0386764073914911,,,,,,,,,,,,0.0386764073914911,0.0773528147829823,0.0386764073914911,,,,49.59976206896552,40.86221379310345,5.241222745519667,3.375443426819668,29.0,0.0,0.0,0.0,29.0,2.0,27.0,0.0,0.0,0.0,0.0,0.0,0.0,0.0,1.0,0.069,0.931,0.0,0.0,0.0,0.0,mid_central,Central/Mixed,season_collapsed_average_positions_v14,49.59976206896552,40.86221379310345,0.0386764073914911,0.6551221631899514,0.00106372585864,2.2420229909755047,2.712360578837406,0.0386764073914911,1.9183406043003424,1.5804036275802795,0.2027116661352686,0.1305500251026085,1.1216158143532444,0.0,0.0,0.0,1.1216158143532444,0.0773528147829823,1.044262999570262,0.0,0.0,0.0,0.0,1.9183406043003424,1.5804036275802795,50.289213579716375,49.52745867403642,mid,M,DM,DM,M,DM,DM,CM,CM,Central Midfield,Possession-adjusted spatial evidence coherent with role scores (spatial_adj).,"sources=M,DM,DM; agreement=0.45; wide_score=30.1; central_score=74.4; adj_avg_x=49.5; spatial=CM@adj_x=49.5,y=40.9,strength=0.72; upstream_position_source=heuristic",0.85,True,arbitrated_role_group,CM,CM,Pressing Central Midfielder,Midfield Playmaker,,,0.0,1027.0,,0.0,4.0,0.0,1.0,,,"aggression, work rate, anticipation",CM,0.8434578333281609,0.4832680817105421,0.8366165520333898,0.8585086521766577,0.4851800500091971,0.479061751453501,0.8366165520333898,0.8585086521766577,0.9570351096850895,1.0,0.7695696349248495,0.9235161192524167,Midfielder,CM,Central,Pressing Central Midfielder,Midfielder
1184054,Kodai Sano,Kodai Sano,2025-26,VriendenLoterij Eredivisie,NEC Nijmegen,1,VriendenLoterij Eredivisie,1,NEC Nijmegen,34,3060.0,2003-09-25,22.0,2026-05-25,Japan,176.0,Right,M,M,midfield,AM,DM,6,"AM, DM, CM, CB, F, W",medium,heuristic_stats,3.0,7.0,34.0,9.0,17.0,1.7715999999999998,1.3785,6.08006131,11.0,1.0,1.0,,1625.0,1352.0,548.0,495.0,1077.0,857.0,48.0,139.0,65.0,70.0,16.0,2388.0,67.0,108.0,401.0,3439.276507729664,36.0,690.5507195792337,297.19954524118475,785.7138383631035,46.0,505.0,,1.0,14.0,406.0,205.0,206.0,46.0,38.0,36.0,60.0,38.0,3.0,1.0,45.0,36.0,3.0,,,,,,,,,,,,,,,,,,,62.84,38.56,42.92000000000001,82.52000000000001,191.48,17.5,23.0,0.0,,,83.2,43.5,1.0,0.088235294117647,0.2058823529411764,1.0,0.2647058823529412,0.5,0.0521058823529411,0.0405441176470588,0.1788253326470588,0.3235294117647059,0.0294117647058823,47.794117647058826,39.76470588235294,16.11764705882353,14.558823529411764,31.676470588235293,25.205882352941178,1.411764705882353,4.088235294117647,1.911764705882353,2.0588235294117645,0.4705882352941176,70.23529411764706,1.9705882352941173,3.176470588235294,11.794117647058824,101.15519140381365,1.0588235294117647,20.310315281742167,8.741163095328963,23.10923054009128,1.3529411764705883,14.852941176470589,0.4117647058823529,11.941176470588236,6.029411764705882,6.0588235294117645,1.3529411764705883,1.1176470588235294,1.0588235294117647,1.7647058823529411,1.1176470588235294,0.0294117647058823,1.3235294117647058,1.0588235294117647,0.088235294117647,,,,,,1.848235294117647,1.1341176470588237,1.262352941176471,2.427058823529412,5.631764705882353,50.49261083743843,82.6086956521739,55.55555555555556,0.088235294117647,,,,,,,,,,,,,0.0294117647058823,,,,0.0294117647058823,51.94988823529412,51.03439705882353,5.8704056121679145,7.556736526557563,34.0,1.0,1.0,0.0,33.0,7.0,27.0,0.0,0.0,1.0,0.0,0.0294,0.0294,0.0,0.9706,0.2059,0.7941,0.0,0.0,0.0294,0.0,mid_central,Central/Mixed,season_collapsed_average_positions_v14,51.94988823529412,51.03439705882353,0.0294117647058823,0.5147058823529411,0.0,,,0.0294117647058823,1.5279378892733566,1.501011678200692,0.1726589885931739,0.2222569566634577,1.0,0.0294117647058823,0.0294117647058823,0.0,0.9705882352941176,0.2058823529411764,0.7941176470588235,0.0,0.0,0.0294117647058823,0.0,1.5279378892733566,1.501011678200692,56.5,50.32488823529412,mid,M,AM,AM,M,AM,AM,CM,CM,Central Midfield,Possession-adjusted spatial evidence coherent with role scores (spatial_adj).,"sources=M,AM,AM; agreement=0.45; wide_score=57.0; central_score=84.5; adj_avg_x=50.3; spatial=CM@adj_x=50.3,y=51.0,strength=0.72; upstream_position_source=heuristic",0.85,True,arbitrated_role_group,CM,CM,Pressing Central Midfielder,Advanced Playmaker,,,0.0,1027.0,,0.0,4.0,0.0,1.0,,,"aggression, work rate, anticipation",CM,0.7456861654207892,0.6500235419914272,0.74400066531619,0.7493942656509077,0.6433889853608749,0.6646195665786426,0.74400066531619,0.7493942656509077,0.9410125038032736,1.0,0.7631638872262713,0.921341739016689,Midfielder,CM,Central,Pressing Central Midfielder,Midfielder
363860,Manuel Locatelli,Manuel Locatelli,2025-26,Serie A,Juventus,1,Serie A,1,Juventus,37,3004.0,1998-01-08,28.0,2026-05-25,Italy,185.0,Right,M,M,midfield,AM,DM,2,"AM, DM",medium,heuristic_stats,1.0,2.0,46.0,12.0,20.0,2.7564,2.3955,5.029511,5.0,1.0,,2.0,2805.0,2473.0,991.0,907.0,1814.0,1566.0,47.0,321.0,191.0,19.0,5.0,3324.0,25.0,18.0,625.0,4642.21927935508,22.0,517.218002391259,416.464129885983,2153.2285724789176,16.0,403.0,,1.0,33.0,315.0,190.0,128.0,45.0,37.0,30.0,10.0,24.0,3.0,2.0,55.0,44.0,9.0,,,,,,,,,,,,,,,,,,,94.38,63.98,33.24,66.92,150.6,20.47037283621837,5.0,0.0,,72.51303317535545,88.16399286987522,43.08155792276964,1.0,0.0299600532623169,0.0599201065246338,1.378162450066578,0.3595206391478029,0.5992010652463382,0.0825818908122503,0.0717693075898801,0.1506844174434088,0.1498002663115845,,84.03794940079894,74.09121171770973,29.69041278295606,27.17376830892144,54.34753661784288,46.91744340878828,1.4081225033288949,9.617177097203728,5.72237017310253,0.5692410119840213,0.1498002663115845,99.5872170439414,0.7490013315579228,0.5392809587217043,18.72503328894807,139.08113686483264,0.6591211717709721,15.495878899871276,12.47728751322852,64.51084271741098,0.4793608521970706,12.073901464713716,0.988681757656458,9.437416777629826,5.692410119840213,3.8348868175765647,1.348202396804261,1.1085219707057257,0.8988015978695073,0.2996005326231691,0.7190412782956058,0.0599201065246338,1.64780292942743,1.318242343541944,0.2696404793608521,,,,,,2.8276298268974696,1.916844207723036,0.9958721704394142,2.004926764314248,4.511984021304927,60.31746031746032,82.22222222222223,55.55555555555556,0.0898801597869507,,,,,,,,,,,,,0.0299600532623169,0.0599201065246338,,,0.0299600532623169,47.40833055555556,47.30656944444444,4.449452284612083,6.349862987850074,36.0,0.0,0.0,0.0,36.0,0.0,36.0,0.0,0.0,0.0,0.0,0.0,0.0,0.0,1.0,0.0,1.0,0.0,0.0,0.0,0.0,mid_central,Central/Mixed,season_collapsed_average_positions_v14,47.40833055555556,47.30656944444444,0.0299600532623169,0.6132934604725877,0.0,,2.1724943361458022,0.0299600532623169,1.4203561085219707,1.4173073402130492,0.1333058274351156,0.190242233324403,1.078561917443409,0.0,0.0,0.0,1.078561917443409,0.0,1.078561917443409,0.0,0.0,0.0,0.0,1.4203561085219707,1.4173073402130492,56.91844207723036,45.67872003624797,mid,M,AM,AM,M,AM,AM,CM,CM,Central Midfield,Possession-adjusted spatial evidence coherent with role scores (spatial_adj).,"sources=M,AM,AM; agreement=0.45; wide_score=24.7; central_score=80.6; adj_avg_x=45.7; spatial=CM@adj_x=45.7,y=47.3,strength=0.72; upstream_position_source=heuristic",0.85,True,arbitrated_role_group,CM,CM,Pressing Central Midfielder,Central Midfielder,,,0.0,1027.0,,0.0,4.0,0.0,1.0,,,"aggression, work rate, anticipation",CM,0.8860862738964049,0.35776963666613704,0.8820844779544142,0.8948902249687845,0.3234069634011543,0.4333675178490989,0.8820844779544142,0.8948902249687845,0.9636051028397336,1.0,0.7576383883944153,0.9194639302558005,Midfielder,CM,Central,Pressing Central Midfielder,Midfielder
846330,Abdoulaye Sissako,Abdoulaye Sissako,2025-26,Pro League,Sint-Truidense VV,1,Pro League,1,Sint-Truidense VV,38,3169.0,1998-05-26,27.0,2026-05-25,France,186.0,Right,M,M,midfield,DM,CM,4,"DM, CM, AM, M",medium,heuristic_stats,1.0,3.0,27.0,3.0,17.0,2.5279,1.0594,1.1666661699999998,1.0,1.0,,1.0,1695.0,1416.0,777.0,685.0,918.0,731.0,15.0,124.0,73.0,10.0,1.0,2277.0,59.0,68.0,417.0,3446.263138652432,19.0,380.2108730976421,302.16324449325367,819.459338818048,31.0,412.0,,,19.0,381.0,202.0,183.0,93.0,62.0,61.0,38.0,20.0,1.0,1.0,43.0,16.0,5.0,,,1.0,,,,,,,,,,,,,,,,80.18,42.82,41.96000000000001,69.26,185.98,13.101293783527929,8.0,0.0031555695803092,80.0,77.0935093509351,83.53982300884955,44.93341748185547,1.0,0.0284001262227832,0.0852003786683496,0.7668034080151467,0.0852003786683496,0.4828021457873146,0.0717926790785736,0.0300870937204165,0.033133466487851,0.0284001262227832,,48.13821394761754,40.21457873146103,22.06689807510256,19.4540864626065,26.07131587251499,20.760492268854527,0.4260018933417482,3.5216156516251185,2.0732092142631746,0.2840012622278321,0.0284001262227832,64.66708740927737,1.6756074471442095,1.9312085831492585,11.8428526349006,97.87430813465409,0.539602398232881,10.798036787247645,8.581474283494108,23.27274865687104,0.8804039129062796,11.700852003786684,0.539602398232881,10.820448090880404,5.736825497002209,5.197223098769328,2.6412117387188387,1.7608078258125592,1.732407699589776,1.079204796465762,0.5680025244556642,0.0284001262227832,1.2212054275796782,0.4544020195645314,0.142000631113916,,,,,,2.2771221205427583,1.2160934048595773,1.1916692963079838,1.9669927421899656,5.281855474913222,53.01837270341208,66.66666666666667,55.88235294117647,0.0284001262227832,,,,,,,,,,,,0.0284001262227832,0.0284001262227832,0.0284001262227832,,,,46.00923157894736,55.80131578947368,5.417026183578073,5.711234392418977,38.0,1.0,0.0,1.0,37.0,0.0,36.0,2.0,0.0,1.0,2.0,0.0263,0.0,0.0263,0.9737,0.0,0.9474,0.0526,0.0,0.0263,0.0526,mid_central,Central/Mixed,season_collapsed_average_positions_v14,46.00923157894736,55.80131578947368,0.0284001262227832,0.3720783971339582,8.961857438555632e-05,2.272010097822657,2.1894653965238744,0.0284001262227832,1.3066679842553683,1.5847644118184383,0.1538442273657388,0.1621997776325995,1.079204796465762,0.0284001262227832,0.0,0.0284001262227832,1.050804670242979,0.0,1.0224045440201956,0.0568002524455664,0.0,0.0284001262227832,0.0568002524455664,1.3066679842553683,1.5847644118184383,55.06658251814453,44.74258594941124,mid,M,DM,DM,M,DM,DM,CM,CM,Central Midfield,Possession-adjusted spatial evidence coherent with role scores (spatial_adj).,"sources=M,DM,DM; agreement=0.45; wide_score=22.5; central_score=47.1; adj_avg_x=44.7; spatial=CM@adj_x=44.7,y=55.8,strength=0.72; upstream_position_source=heuristic",0.85,True,arbitrated_role_group,CM,CM,Pressing Central Midfielder,Central Midfielder,,,0.0,1027.0,,0.0,4.0,0.0,1.0,,,"aggression, work rate, anticipation",CM,0.832073154211202,0.4195261676632514,0.831881861495799,0.8324939981850881,0.4282373847476435,0.4003614900775888,0.831881861495799,0.8324939981850881,0.9896568166980986,1.0,0.7506507427976801,0.917086258048086,Midfielder,CM,Central,Pressing Central Midfielder,Midfielder
855832,Antonio Blanco,Antonio Blanco,2025-26,La Liga,Deportivo Alavés,1,La Liga,1,Deportivo Alavés,37,3116.0,2000-07-23,25.0,2026-05-25,Spain,176.0,Right,M,M,midfield,DM,AM,3,"DM, AM, CM",medium,heuristic_stats,2.0,3.0,40.0,13.0,11.0,1.3862,1.8812,1.92328516,2.0,,2.0,,1836.0,1570.0,871.0,790.0,965.0,780.0,22.0,182.0,106.0,30.0,8.0,2389.0,29.0,32.0,287.0,2184.9002029997096,8.0,175.242679901654,200.30929202841293,602.3977904281695,37.0,373.0,,,19.0,409.0,194.0,215.0,43.0,35.0,36.0,24.0,65.0,2.0,,71.0,43.0,9.0,,,,,,,,,,,,,,,,,,,95.84,50.92,55.1,42.84,212.32,20.05551989730424,8.0,0.0,,77.79194630872483,85.5119825708061,52.12548138639281,1.0,0.0577663671373555,0.0866495507060333,1.1553273427471116,0.3754813863928113,0.3177150192554557,0.0400378690629011,0.0543350449293966,0.0555505983311938,0.0577663671373555,0.0577663671373555,53.02952503209243,45.34659820282413,25.15725288831836,22.817715019255456,27.87227214377407,22.52888318356868,0.6354300385109114,5.256739409499359,3.061617458279846,0.8664955070603337,0.2310654685494223,69.00192554557124,0.8376123234916559,0.9242618741976892,8.289473684210526,63.10687364248199,0.2310654685494223,5.061566492666514,5.785570052168539,17.399165962302714,1.0686777920410784,10.773427471116817,0.5487804878048781,11.813222079589217,5.603337612323491,6.209884467265725,1.241976893453145,1.0109114249037228,1.0397946084724006,0.693196405648267,1.8774069319640565,,2.050706033376123,1.241976893453145,0.2599486521181001,,,,,,2.76816431322208,1.470731707317073,1.5914634146341464,1.2373555840821564,6.132477535301669,47.432762836185816,81.3953488372093,75.0,0.0577663671373555,,,,,,,,,,,,,,,,,,46.03051388888889,48.87172222222223,3.45375657353412,6.552045375480026,36.0,0.0,0.0,0.0,36.0,0.0,36.0,0.0,0.0,0.0,0.0,0.0,0.0,0.0,1.0,0.0,1.0,0.0,0.0,0.0,0.0,mid_central,Central/Mixed,season_collapsed_average_positions_v14,46.03051388888889,48.87172222222223,0.0288831835686777,0.5792672627591083,0.0,,2.246879065399626,0.0288831835686777,1.3295077824133503,1.411570924261874,0.0997554851149136,0.189243929330296,1.0397946084724006,0.0,0.0,0.0,1.0397946084724006,0.0,1.0397946084724006,0.0,0.0,0.0,0.0,1.3295077824133503,1.411570924261874,47.87451861360719,46.56188423548709,mid,M,DM,DM,M,DM,DM,CM,CM,Central Midfield,Possession-adjusted spatial evidence coherent with role scores (spatial_adj).,"sources=M,DM,DM; agreement=0.45; wide_score=21.3; central_score=53.3; adj_avg_x=46.6; spatial=CM@adj_x=46.6,y=48.9,strength=0.72; upstream_position_source=heuristic",0.85,True,arbitrated_role_group,CM,CM,Pressing Central Midfielder,Central Midfielder,,,0.0,1027.0,,0.0,4.0,0.0,1.0,,,"aggression, work rate, anticipation",CM,0.7867392488406186,0.514909308281273,0.8099853782945189,0.7355977640420381,0.49284444439568226,0.5634520088295725,0.8099853782945189,0.7355977640420381,0.9643628352846884,1.0,0.7501460952349932,0.9169144141479075,Midfielder,CM,Central,Pressing Central Midfielder,Midfielder
138842,Joris van Overeem,Joris van Overeem,2025-26,VriendenLoterij Eredivisie,SC Heerenveen,1,VriendenLoterij Eredivisie,1,SC Heerenveen,33,2933.0,1994-06-01,31.0,2026-05-25,Netherlands,181.0,Right,M,M,midfield,AM,CB,3,"AM, CB, DM",medium,heuristic_stats,2.0,9.0,15.0,4.0,7.0,2.2905,2.0777,6.29840457,9.0,2.0,3.0,,1872.0,1487.0,719.0,628.0,1153.0,859.0,58.0,271.0,136.0,96.0,29.0,2433.0,47.0,36.0,380.0,2600.056240163911,7.0,144.866094571964,162.85179513865847,320.7435793954239,37.0,559.0,1.0,,12.0,289.0,151.0,153.0,57.0,42.0,34.0,22.0,28.0,6.0,1.0,43.0,33.0,5.0,,,1.0,,,,,,,,,,,,,,,,53.96,28.140000000000004,35.08,78.98,267.22,16.897715649505624,6.0,0.0,,78.97424892703863,79.43376068376068,49.1980906921241,1.0,0.0613706102966246,0.2761677463348108,0.4602795772246846,0.1227412205932492,0.2147971360381861,0.0702846914422093,0.0637548585066484,0.1932684661779747,0.2761677463348108,0.0920559154449369,57.44289123764064,45.6290487555404,22.06273440163655,19.27037163314013,35.38015683600409,26.35867712240028,1.779747698602114,8.315717695192635,4.173201500170474,2.945789294237981,0.889873849301057,74.65734742584385,1.4422093419706783,1.1046709853392431,11.660415956358678,79.7835191322032,0.2147971360381861,4.445260317584984,4.997157027780179,9.84211460811052,1.1353562904875554,17.15308557790658,0.3682236617797477,8.868053187862257,4.633481077395159,4.694851687691783,1.7490623934538017,1.2887828162291168,1.0433003750426184,0.6750767132628708,0.8591885441527446,0.0306853051483123,1.3194681213774293,1.0126150698943062,0.1534265257415615,,,,,,1.655779065802932,0.8634844868735084,1.0764405046027956,2.4235254006137064,8.199727241732013,52.24913494809689,73.6842105263158,61.11111111111112,0.1841118308898738,,,,,,,,,,,0.0306853051483123,0.0306853051483123,0.0613706102966246,,,,,46.92759393939394,52.267633333333336,6.812853035895617,8.561042180265884,33.0,0.0,0.0,0.0,33.0,0.0,30.0,3.0,0.0,0.0,3.0,0.0,0.0,0.0,1.0,0.0,0.9091,0.0909,0.0,0.0,0.0909,mid_central,Central/Mixed,season_collapsed_average_positions_v14,46.92759393939394,52.267633333333336,0.0306853051483123,0.5185115610144924,0.0,,2.423348927184956,0.0306853051483123,1.4399875399063942,1.6038482782134336,0.2090544743370629,0.2626981916890316,1.0126150698943062,0.0,0.0,0.0,1.0126150698943062,0.0,0.9205591544493692,0.0920559154449369,0.0,0.0,0.0920559154449369,1.4399875399063942,1.6038482782134336,50.8019093078759,46.727116612424965,mid,M,AM,AM,M,AM,AM,CM,CM,Central Midfield,Possession-adjusted spatial evidence coherent with role scores (spatial_adj).,"sources=M,AM,AM; agreement=0.45; wide_score=36.4; central_score=89.7; adj_avg_x=46.7; spatial=CM@adj_x=46.7,y=52.3,strength=0.72; upstream_position_source=heuristic",0.85,True,arbitrated_role_group,CM,CM,Pressing Central Midfielder,Advanced Playmaker,,,0.0,1027.0,,0.0,4.0,0.0,1.0,,,"aggression, work rate, anticipation",CM,0.7236289033196189,0.5799680510577169,0.731032606962447,0.7073407553053974,0.5618106346357363,0.6199143671860742,0.731032606962447,0.7073407553053974,0.9695509586648353,1.0,0.7364022044346218,0.9122276176664098,Midfielder,CM,Central,Pressing Central Midfielder,Midfielder
866469,Bruno Guimarães,Bruno Guimarães,2025-26,Premier League,Newcastle United,1,Premier League,1,Newcastle United,30,2455.0,1997-11-16,28.0,2026-05-25,Brazil,182.0,Right,M,M,midfield,AM,DM,2,"AM, DM",medium,heuristic_stats,9.0,5.0,42.0,23.0,13.0,5.599200000000001,7.8206,4.982691,7.0,4.0,2.0,2.0,1451.0,1250.0,516.0,478.0,935.0,772.0,46.0,134.0,81.0,82.0,21.0,2034.0,59.0,48.0,400.0,3289.64366484273,22.0,477.45214300093886,328.977098380953,992.6313714750348,46.0,407.0,,,8.0,331.0,168.0,165.0,15.0,13.0,22.0,18.0,26.0,,,45.0,75.0,6.0,,2.0,,,2.89,5.9,2.02,0.58,0.06,,,,,,,,,,58.620000000000005,41.14000000000001,14.18,35.660000000000004,126.86,17.038289205702647,39.0,0.0297352342158859,52.136986301369866,85.45684523809524,86.1474844934528,46.93645621181263,1.0,0.329938900203666,0.1832993890020366,1.539714867617108,0.8431771894093686,0.4765784114052953,0.2052659877800407,0.2867022403258655,0.1826648431771894,0.2566191446028513,0.0733197556008146,53.19348268839104,45.824847250509166,18.916496945010184,17.523421588594704,34.276985743380855,28.30142566191446,1.6863543788187372,4.912423625254583,2.9694501018329937,3.006109979633401,0.769857433808554,74.56619144602851,2.1629327902240325,1.759674134419552,14.663951120162931,120.5979347600186,0.8065173116089613,17.503337217957025,12.060260225778318,36.38974477912551,1.6863543788187372,14.920570264765784,0.2932790224032586,12.134419551934826,6.158859470468432,6.04887983706721,0.5498981670061099,0.4765784114052953,0.8065173116089613,0.659877800407332,0.9531568228105908,,1.64969450101833,2.74949083503055,0.219959266802444,0.1059470468431772,0.2162932790224032,0.0740529531568228,0.0212627291242362,0.0021995926680244,2.1490020366598777,1.508187372708758,0.519837067209776,1.3072912423625256,4.650672097759674,50.75528700906344,86.66666666666667,37.5,,,,,,,,,,,,,,0.1466395112016293,0.0733197556008146,,0.0733197556008146,,53.33023448275862,45.47748620689655,4.482980309640631,5.818711560052504,29.0,0.0,0.0,0.0,29.0,4.0,25.0,0.0,0.0,0.0,0.0,0.0,0.0,0.0,1.0,0.1379,0.8621,0.0,0.0,0.0,0.0,mid_central,Central/Mixed,season_collapsed_average_positions_v14,53.33023448275862,45.47748620689655,0.0366598778004073,0.6246216002090583,0.0010900900527208,1.9113355466897304,3.1328375036368925,0.0366598778004073,1.9550798792050004,1.6671990870145377,0.1643455103330577,0.2133132547473423,1.0631364562118126,0.0,0.0,0.0,1.0631364562118126,0.1466395112016293,0.9164969450101832,0.0,0.0,0.0,0.0,1.9550798792050004,1.6671990870145377,53.06354378818737,52.56434853571178,mid,M,AM,AM,M,AM,AM,CM,CM,Central Midfield,Possession-adjusted spatial evidence coherent with role scores (spatial_adj).,"sources=M,AM,AM; agreement=0.45; wide_score=52.8; central_score=87.0; adj_avg_x=52.6; spatial=CM@adj_x=52.6,y=45.5,strength=0.72; upstream_position_source=heuristic",0.85,True,arbitrated_role_group,CM,CM,Advanced Playmaker,Midfield Playmaker,84.47,0.6894,0.708,1027.0,,5.0,6.0,0.0,0.0,"key_passes_per90, xa_per90, passes_opposition_half_total_per90, long_balls_accurate_per90, dribbles_attempted_per90",,"first touch, technique, vision, flair, decisions, composure",CM,0.7434916625708441,0.543699420373148,0.7379840158888186,0.7556084852713004,0.5191394163870005,0.5977314291426726,0.7379840158888186,0.7556084852713004,0.9452071444107166,1.0,0.7330965585679201,0.9110984267994068,Midfielder,CM,Central,Advanced Playmaker,Midfielder
581314,Valentin Rongier,Valentin Rongier,2025-26,Ligue 1,Stade Rennais,1,Ligue 1,1,Stade Rennais,32,2745.0,1994-12-07,31.0,2026-05-25,France,172.0,Right,M,M,midfield,DM,AM,4,"DM, AM, CM, M",medium,heuristic_stats,2.0,5.0,22.0,10.0,6.0,1.0011,1.7004,4.04528925,8.0,,,1.0,2042.0,1820.0,914.0,853.0,1128.0,967.0,44.0,101.0,55.0,21.0,3.0,2490.0,36.0,34.0,412.0,3112.1137809941274,20.0,397.439715725087,254.031768829037,1269.6231118626858,20.0,319.0,1.0,,15.0,283.0,150.0,133.0,36.0,31.0,24.0,19.0,29.0,5.0,,48.0,26.0,6.0,,,,,,,,,,,,,,,,,,,67.32,45.98,35.96,54.260000000000005,153.94,17.59016393442623,21.0,0.0,,46.0,89.128305582762,46.73770491803279,1.0,0.0655737704918032,0.1639344262295081,0.7213114754098361,0.3278688524590163,0.1967213114754098,0.0328229508196721,0.0557508196721311,0.1326324344262295,0.2622950819672131,,66.95081967213115,59.67213114754098,29.9672131147541,27.9672131147541,36.98360655737705,31.704918032786885,1.4426229508196722,3.3114754098360657,1.8032786885245904,0.6885245901639344,0.0983606557377049,81.63934426229508,1.180327868852459,1.1147540983606556,13.508196721311476,102.03651740964352,0.6557377049180327,13.0308103516422,8.32891045341105,41.62698727418642,0.6557377049180327,10.459016393442624,0.4918032786885246,9.278688524590164,4.918032786885246,4.360655737704918,1.180327868852459,1.0163934426229508,0.7868852459016393,0.6229508196721312,0.9508196721311476,,1.5737704918032789,0.8524590163934426,0.1967213114754098,,,,,,2.207213114754098,1.5075409836065576,1.179016393442623,1.779016393442623,5.047213114754099,53.003533568904594,86.11111111111111,55.88235294117647,0.1639344262295081,,,,,,,,,,,0.0327868852459016,,,0.0327868852459016,,,,47.671706451612906,49.52042258064516,6.261486098732766,4.427736978616328,31.0,0.0,0.0,0.0,31.0,2.0,27.0,2.0,0.0,0.0,2.0,0.0,0.0,0.0,1.0,0.0645,0.871,0.0645,0.0,0.0,0.0645,mid_central,Central/Mixed,season_collapsed_average_positions_v14,47.671706451612906,49.52042258064516,0.0327868852459016,0.5767266863746304,0.0,,1.5081967213114753,0.0327868852459016,1.563006768905341,1.6236204124801692,0.2052946261879595,0.1451717042169288,1.0163934426229508,0.0,0.0,0.0,1.0163934426229508,0.0655737704918032,0.8852459016393442,0.0655737704918032,0.0,0.0,0.0655737704918032,1.563006768905341,1.6236204124801692,53.26229508196721,46.8561326811211,mid,M,DM,DM,M,DM,DM,CM,CM,Central Midfield,Possession-adjusted spatial evidence coherent with role scores (spatial_adj).,"sources=M,DM,DM; agreement=0.45; wide_score=26.0; central_score=81.1; adj_avg_x=46.9; spatial=CM@adj_x=46.9,y=49.5,strength=0.72; upstream_position_source=heuristic",0.85,True,arbitrated_role_group,CM,CM,Pressing Central Midfielder,Central Midfielder,,,0.0,1027.0,,0.0,4.0,0.0,1.0,,,"aggression, work rate, anticipation",CM,0.8470777676460689,0.3342708545519471,0.8339328922380249,0.8759964935437654,0.29685523903961675,0.41658520867907384,0.8339328922380249,0.8759964935437654,0.9636094614872771,1.0,0.7309881358181239,0.910377807168915,Midfielder,CM,Central,Pressing Central Midfielder,Midfielder
850891,Michel Aebischer,Michel Aebischer,2025-26,Serie A,Pisa,1,Serie A,1,Pisa,36,2900.0,1997-01-06,29.0,2026-05-25,Switzerland,182.0,Right,M,M,midfield,DM,AM,4,"DM, AM, M, CM",medium,heuristic_stats,1.0,2.0,19.0,5.0,11.0,0.649,1.0963,2.50280554,8.0,1.0,,,1529.0,1308.0,788.0,721.0,741.0,587.0,34.0,177.0,93.0,44.0,15.0,1962.0,52.0,29.0,399.0,3311.1034330579446,18.0,393.3396915782501,327.6219587560291,1126.955428149585,12.0,337.0,,,7.0,251.0,131.0,126.0,16.0,14.0,21.0,14.0,35.0,5.0,,45.0,38.0,8.0,,,,,,,,,,,,,,,,,,,79.72000000000001,42.7,44.84,37.56,197.24,19.12103448275862,20.0,0.0310344827586206,46.0,72.22857142857143,85.5461085676913,58.41586206896552,1.0,0.0310344827586206,0.0620689655172413,0.5896551724137931,0.1551724137931034,0.3413793103448276,0.0201413793103448,0.0340231034482758,0.0776732753793103,0.2482758620689655,,47.45172413793104,40.59310344827586,24.455172413793104,22.37586206896552,22.99655172413793,18.217241379310344,1.0551724137931036,5.493103448275862,2.886206896551724,1.3655172413793104,0.4655172413793103,60.8896551724138,1.6137931034482758,0.9,12.382758620689655,102.75838240524656,0.5586206896551724,12.20709387656638,10.167578030359524,34.974478804642295,0.3724137931034483,10.458620689655172,0.2172413793103448,7.789655172413793,4.06551724137931,3.910344827586207,0.496551724137931,0.4344827586206896,0.6517241379310345,0.4344827586206896,1.0862068965517242,,1.396551724137931,1.179310344827586,0.2482758620689655,,,,,,2.4740689655172416,1.3251724137931036,1.3915862068965514,1.1656551724137931,6.121241379310345,52.19123505976096,87.5,48.27586206896552,0.1551724137931034,,,,,,,,,,,,,0.0310344827586206,,,,,45.92038285714286,48.032317142857146,3.852639686858389,8.108485348603708,35.0,1.0,1.0,0.0,34.0,0.0,35.0,0.0,0.0,1.0,0.0,0.0286,0.0286,0.0,0.9714,0.0,1.0,0.0,0.0,0.0286,0.0,mid_central,Central/Mixed,season_collapsed_average_positions_v14,45.92038285714286,48.032317142857146,0.0310344827586206,0.5934114149821641,0.0009631391200951,1.4275862068965517,2.241576354679803,0.0310344827586206,1.4251153300492614,1.4906581182266012,0.1195646799369844,0.2516426487497702,1.0862068965517242,0.0310344827586206,0.0310344827586206,0.0,1.0551724137931036,0.0,1.0862068965517242,0.0,0.0,0.0310344827586206,0.0,1.4251153300492614,1.4906581182266012,41.58413793103448,48.02434837438424,mid,M,DM,DM,M,DM,DM,CM,CM,Central Midfield,Possession-adjusted spatial evidence coherent with role scores (spatial_adj).,"sources=M,DM,DM; agreement=0.45; wide_score=33.4; central_score=62.7; adj_avg_x=48.0; spatial=CM@adj_x=48.0,y=48.0,strength=0.72; upstream_position_source=heuristic",0.85,True,arbitrated_role_group,CM,CM,Pressing Central Midfielder,Midfield Playmaker,,,0.0,1027.0,,0.0,4.0,0.0,1.0,,,"aggression, work rate, anticipation",CM,0.8622706422296234,0.279990019378143,0.865763832035595,0.8545856246564858,0.2602982590654368,0.3233118920660967,0.865763832035595,0.8545856246564858,0.9693849716671638,1.0,0.7245727929616624,0.9081832704440055,Midfielder,CM,Central,Pressing Central Midfielder,Midfielder
856714,Declan Rice,Declan Rice,2025-26,Premier League,Arsenal,1,Premier League,1,Arsenal,37,3099.0,1999-01-14,27.0,2026-05-25,England,188.0,Right,M,M,midfield,AM,DM,4,"AM, DM, M, CB",medium,heuristic_stats,4.0,5.0,40.0,13.0,14.0,2.9698,4.3859,6.955760900000001,17.0,3.0,1.0,,2136.0,1865.0,874.0,803.0,1262.0,1062.0,64.0,183.0,88.0,178.0,47.0,2769.0,37.0,28.0,592.0,5856.610909328379,56.0,1421.236493371543,586.568395311735,1868.20814458455,18.0,498.0,,,23.0,223.0,145.0,96.0,37.0,50.0,24.0,14.0,14.0,,1.0,26.0,11.0,3.0,,,,,2.48,4.84,1.65,0.61,0.23,,,,,,,,,,60.74,30.82,33.76,67.36,156.39999999999998,19.27460471119716,41.0,0.0070990642142626,68.0,78.40471092077088,87.312734082397,43.58018715714746,1.0,0.1161665053242981,0.1452081316553727,1.1616650532429815,0.377541142303969,0.4065827686350435,0.0862478218780251,0.1273736689254598,0.2020066089060987,0.4937076476282672,0.0290416263310745,62.032913843175216,54.16263310745402,25.38238141335915,23.320425943852857,36.65053242981607,30.842207163601163,1.8586640851887704,5.314617618586641,2.5556631171345594,5.169409486931269,1.3649564375605034,80.4162633107454,1.074540174249758,0.8131655372700871,17.192642787996128,170.08550559520947,1.6263310745401742,41.27501916858305,17.034900154261422,54.25580284369458,0.5227492739593417,14.46272991287512,0.6679574056147144,6.476282671829623,4.211035818005809,2.787996127783156,1.074540174249758,1.452081316553727,0.6969990319457889,0.4065827686350435,0.4065827686350435,0.0290416263310745,0.755082284607938,0.3194578896418199,0.0871248789932236,0.0720232333010648,0.1405614714424007,0.0479186834462729,0.0177153920619554,0.0066795740561471,1.7639883833494676,0.8950629235237174,0.9804453049370764,1.956243949661181,4.542110358180057,65.02242152466367,135.13513513513513,50.0,,,,,,,,,,,,,,0.0871248789932236,,,,,52.286325000000005,57.41411388888889,4.46213449777282,9.958606066431836,36.0,4.0,1.0,3.0,32.0,4.0,32.0,0.0,1.0,3.0,0.0,0.1111,0.0278,0.0833,0.8889,0.1111,0.8889,0.0,0.0278,0.0833,0.0,mid_central,Central/Mixed,season_collapsed_average_positions_v14,52.286325000000005,57.41411388888889,0.0290416263310745,0.5597658677017568,0.0002061683702109,1.9748305905130688,2.277000317156947,0.0290416263310745,1.5184799128751212,1.6673992416908685,0.1295876427233152,0.2892141161596854,1.0454985479186834,0.1161665053242981,0.0290416263310745,0.0871248789932236,0.9293320425943852,0.1161665053242981,0.9293320425943852,0.0,0.0290416263310745,0.0871248789932236,0.0,1.5184799128751212,1.6673992416908685,56.41981284285254,50.68137178928687,mid,M,AM,AM,M,AM,AM,CM,CM,Central Midfield,Possession-adjusted spatial evidence coherent with role scores (spatial_adj).,"sources=M,AM,AM; agreement=0.45; wide_score=63.4; central_score=88.5; adj_avg_x=50.7; spatial=CM@adj_x=50.7,y=57.4,strength=0.72; upstream_position_source=heuristic",0.85,True,arbitrated_role_group,CM,CM,Central Midfielder,Midfield Playmaker,88.31,0.7663,0.156,1027.0,,2.0,6.0,0.0,0.0,"passes_total_per90, passes_accurate_per90",,"first touch, decisions, teamwork, positioning, concentration",CM,0.7803311072865841,0.4234712514116142,0.763637295336628,0.8170574935764875,0.4254779121785148,0.41905659772443277,0.763637295336628,0.8170574935764875,0.9517137528717354,1.0,0.7196338359105214,0.9064918231933564,Midfielder,CM,Central,Central Midfielder,Midfielder
847097,Ethan Ampadu,Ethan Ampadu,2025-26,Premier League,Leeds United,1,Premier League,1,Leeds United,35,3123.0,2000-09-14,25.0,2026-05-25,Wales,182.0,Right,M,M,midfield,DM,AM,3,"DM, AM, CM",medium,heuristic_stats,1.0,1.0,26.0,6.0,9.0,2.4957000000000003,2.0811,2.2521086800000005,1.0,3.0,,,1731.0,1482.0,856.0,783.0,875.0,699.0,20.0,158.0,83.0,26.0,10.0,2370.0,35.0,17.0,344.0,2958.507760132437,17.0,502.614093276021,410.8976073845429,762.360765953055,12.0,434.0,,1.0,24.0,291.0,184.0,111.0,74.0,57.0,32.0,12.0,19.0,5.0,,50.0,36.0,10.0,,1.0,1.0,,2.2,5.22,1.14,0.19,0.08,,,,,,,,,,86.66000000000001,50.02,55.74,92.34,198.16,20.576368876080693,4.0,0.0,,83.43243243243244,85.6152512998267,53.87223823246878,1.0,0.0288184438040345,0.0288184438040345,0.7492795389048992,0.1729106628242075,0.2593659942363112,0.0719221902017291,0.0599740634005763,0.0649022674351585,0.0288184438040345,,49.88472622478386,42.70893371757925,24.6685878962536,22.56484149855908,25.21613832853026,20.144092219020173,0.5763688760806917,4.553314121037464,2.3919308357348705,0.7492795389048992,0.2881844380403458,68.29971181556196,1.0086455331412103,0.4899135446685879,9.913544668587896,85.25958962917687,0.4899135446685879,14.484556002190804,11.841429607623716,21.970050892018875,0.345821325648415,12.507204610951009,0.69164265129683,8.386167146974064,5.302593659942363,3.1988472622478388,2.132564841498559,1.6426512968299711,0.9221902017291066,0.345821325648415,0.547550432276657,,1.440922190201729,1.037463976945245,0.2881844380403458,0.0634005763688761,0.1504322766570605,0.0328530259365994,0.0054755043227665,0.0023054755043227,2.497406340057637,1.4414985590778098,1.6063400576368874,2.6610951008645536,5.7106628242074935,63.23024054982818,77.02702702702703,70.58823529411765,0.1440922190201729,,,,,,,,,,,,0.0288184438040345,0.0864553314121037,,,0.0288184438040345,0.0288184438040345,47.14082571428572,48.69143142857143,4.209692415922127,5.061922575800123,35.0,0.0,0.0,0.0,35.0,0.0,35.0,0.0,0.0,0.0,0.0,0.0,0.0,0.0,1.0,0.0,1.0,0.0,0.0,0.0,0.0,mid_central,Central/Mixed,season_collapsed_average_positions_v14,47.14082571428572,48.69143142857143,0.0288184438040345,0.5929789301464177,0.0,,2.4043928654879663,0.0288184438040345,1.3585252367229317,1.403211280362289,0.1213167843205224,0.1458767312910698,1.0086455331412103,0.0,0.0,0.0,1.0086455331412103,0.0,1.0086455331412103,0.0,0.0,0.0,0.0,1.3585252367229317,1.403211280362289,46.12776176753122,48.10888527240292,mid,M,DM,DM,M,DM,DM,CM,CM,Central Midfield,Possession-adjusted spatial evidence coherent with role scores (spatial_adj).,"sources=M,DM,DM; agreement=0.45; wide_score=26.2; central_score=51.9; adj_avg_x=48.1; spatial=CM@adj_x=48.1,y=48.7,strength=0.72; upstream_position_source=heuristic",0.85,True,arbitrated_role_group,CM,CM,Central Midfielder,Midfield Playmaker,70.62,0.4125,0.156,1027.0,,2.0,6.0,0.0,0.0,"passes_total_per90, passes_accurate_per90",,"first touch, decisions, teamwork, positioning, concentration",CM,0.8164888090508454,0.33983649229021157,0.8250438495349487,0.7976677199858182,0.3196017424733854,0.3843529418872292,0.8250438495349487,0.7976677199858182,0.964688473450746,1.0,0.7169082725442522,0.9055576700524268,Midfielder,CM,Central,Central Midfielder,Midfielder
927361,James Garner,James Garner,2025-26,Premier League,Everton,1,Premier League,1,Everton,38,3414.0,2001-03-13,25.0,2026-05-25,England,182.0,Right,M,M,midfield,AM,DM,5,"AM, DM, CB, CM, FB",medium,heuristic_stats,2.0,7.0,45.0,14.0,20.0,2.0329,1.3219,5.9537438,12.0,,,1.0,1793.0,1564.0,741.0,663.0,1052.0,901.0,56.0,131.0,60.0,207.0,53.0,2654.0,35.0,34.0,458.0,4028.79935898426,23.0,605.013911485785,409.754259578064,1070.765100232826,15.0,479.0,,,16.0,328.0,209.0,132.0,23.0,30.0,17.0,18.0,46.0,1.0,,39.0,42.0,12.0,,,,,3.19,4.85,1.31,0.51,0.19,,,,,,,,,,132.28,79.12000000000002,69.64000000000001,98.78,209.10000000000005,19.50615114235501,37.0,0.0,,84.0,87.22810931399889,56.36555360281195,1.0,0.0527240773286467,0.1845342706502636,1.1862917398945518,0.3690685413005272,0.5272407732864675,0.0535913884007029,0.034847978910369,0.1569528242530755,0.3163444639718805,,47.26713532513181,41.23022847100176,19.534270650263625,17.478031634446396,27.73286467486819,23.75219683655536,1.476274165202109,3.453427065026362,1.5817223198594024,5.456942003514938,1.3971880492091389,69.96485061511423,0.922671353251318,0.8963093145869947,12.073813708260106,106.2073644723443,0.6063268892794376,15.949400127041784,10.80195763386812,28.22755097274585,0.3954305799648506,12.627416520210897,0.421792618629174,8.646748681898067,5.509666080843585,3.4797891036906856,0.6063268892794376,0.7908611599297012,0.4481546572934973,0.4745166959578207,1.2126537785588751,,1.0281195079086116,1.1072056239015815,0.3163444639718805,0.0840949033391915,0.1278558875219683,0.0345342706502636,0.0134446397188049,0.0050087873462214,3.487170474516696,2.085764499121266,1.83585237258348,2.604042179261864,5.512302284710018,63.71951219512195,130.43478260869566,52.94117647058823,0.0263620386643233,,,,,,,,,,,,,,0.0263620386643233,,,,50.08064736842105,52.08937894736842,5.5335049813148425,16.06339452815352,38.0,10.0,4.0,6.0,28.0,3.0,34.0,1.0,2.0,7.0,0.0,0.2632,0.1053,0.1579,0.7368,0.0789,0.8947,0.0263,0.0526,0.1842,0.0,mid_central,Central/Mixed,season_collapsed_average_positions_v14,50.08064736842105,52.08937894736842,0.0263620386643233,0.5142219106068984,0.0,,2.2144112478031635,0.0263620386643233,1.3202279622606603,1.3731822218111185,0.1458744722666478,0.4234638276314635,1.0017574692442883,0.2636203866432337,0.1054481546572935,0.1581722319859402,0.7381370826010545,0.0790861159929701,0.8963093145869947,0.0263620386643233,0.0527240773286467,0.1845342706502636,0.0,1.3202279622606603,1.3731822218111185,43.63444639718805,51.67203576912404,mid,M,AM,AM,M,AM,AM,CM,CM,Central Midfield,Possession-adjusted spatial evidence coherent with role scores (spatial_adj).,"sources=M,AM,AM; agreement=0.45; wide_score=50.5; central_score=82.6; adj_avg_x=51.7; spatial=CM@adj_x=51.7,y=52.1,strength=0.72; upstream_position_source=heuristic",0.85,True,arbitrated_role_group,CM,CM,Advanced Playmaker,Central Midfielder,68.3,0.366,0.708,1027.0,,5.0,6.0,0.0,0.0,"key_passes_per90, xa_per90, passes_opposition_half_total_per90, long_balls_accurate_per90, dribbles_attempted_per90",,"first touch, technique, vision, flair, decisions, composure",CM,0.7805324922292068,0.4323131888306249,0.7932011975428576,0.752661340539175,0.44346363684516305,0.4077822031986411,0.7932011975428576,0.752661340539175,0.909594131292739,1.0,0.7161767298987272,0.905306854528441,Midfielder,CM,Central,Advanced Playmaker,Midfielder
122951,Casemiro,Casemiro,2025-26,Premier League,Manchester United,1,Premier League,1,Manchester United,34,2593.0,1992-02-23,34.0,2026-05-25,Brazil,185.0,Right,M,M,midfield,DM,AM,2,"DM, AM",medium,heuristic_stats,9.0,2.0,52.0,18.0,18.0,5.5203,5.816,3.12378244,4.0,6.0,5.0,1.0,1600.0,1301.0,704.0,608.0,896.0,693.0,36.0,159.0,86.0,17.0,4.0,2128.0,33.0,16.0,325.0,2307.1595582172617,11.0,251.336077054613,240.746634391748,956.736436745778,13.0,369.0,,,33.0,353.0,188.0,169.0,82.0,57.0,54.0,6.0,50.0,5.0,,46.0,36.0,11.0,,,,,1.98,3.94,1.04,0.37,0.18,,,,,,,,,,90.14,44.12,30.84,75.06,129.77999999999997,20.303509448515232,18.0,0.0038565368299267,80.0,73.38811445341159,81.3125,48.13999228692634,1.0,0.3123794832240648,0.069417662938681,1.804859236405708,0.6247589664481296,0.6247589664481296,0.1916031623602005,0.2018665638256845,0.1084228382568453,0.1388353258773621,0.1735441573467026,55.53413035094485,45.15618974161203,24.43501735441573,21.102969533359044,31.099112996529115,24.053220208252988,1.2495179328962591,5.518704203625145,2.984959506363286,0.590050134978789,0.1388353258773621,73.86039336675665,1.1453914384882375,0.5553413035094485,11.280370227535672,80.07881227904109,0.3817971461627458,8.723581540653749,8.356034359914123,33.20720374358658,0.4512148091014269,12.807558812186656,1.1453914384882375,12.252217508677209,6.52526031623602,5.86579251831855,2.846124180485924,1.9784033937524104,1.8742768993443888,0.2082529888160432,1.7354415734670263,,1.5966062475896643,1.2495179328962591,0.3817971461627458,0.0687234863092942,0.1367527959892017,0.0360971847281141,0.0128422676436559,0.0062475896644812,3.128654068646356,1.5313536444273042,1.070420362514462,2.6052448900887004,4.504512148091013,53.25779036827196,69.51219512195122,37.5,0.1735441573467026,,,,,,,,,,,,,0.2082529888160432,0.0347088314693405,,,,45.58896764705883,46.90985882352942,5.075977857649284,5.483850579994652,34.0,0.0,0.0,0.0,34.0,0.0,31.0,3.0,0.0,0.0,3.0,0.0,0.0,0.0,1.0,0.0,0.9118,0.0882,0.0,0.0,0.0882,mid_central,Central/Mixed,season_collapsed_average_positions_v14,45.58896764705883,46.90985882352942,0.0347088314693405,0.7047110876846783,0.0001338558868852,2.7767065175472427,2.5472156964161368,0.0347088314693405,1.582339794922983,1.6281863841564397,0.1761812600032532,0.1903380455840796,1.180100269957578,0.0,0.0,0.0,1.180100269957578,0.0,1.0759737755495564,0.1041264944080216,0.0,0.0,0.1041264944080216,1.582339794922983,1.6281863841564397,51.86000771307366,45.123965718790416,mid,M,DM,DM,M,DM,DM,CM,CM,Central Midfield,Possession-adjusted spatial evidence coherent with role scores (spatial_adj).,"sources=M,DM,DM; agreement=0.45; wide_score=18.1; central_score=73.6; adj_avg_x=45.1; spatial=CM@adj_x=45.1,y=46.9,strength=0.72; upstream_position_source=heuristic",0.85,True,arbitrated_role_group,CM,CM,Central Midfielder,Midfield Playmaker,78.35,0.5669,0.156,1027.0,,2.0,6.0,0.0,0.0,"passes_total_per90, passes_accurate_per90",,"first touch, decisions, teamwork, positioning, concentration",CM,0.8248938984614979,0.3167073954504408,0.8200430365559421,0.8355657946537205,0.30454080370226594,0.34347389729642563,0.8200430365559421,0.8355657946537205,0.9678628795502235,1.0,0.715272968830689,0.9049969407989481,Midfielder,CM,Central,Central Midfielder,Midfielder
1389846,Lamine Camara,Lamine Camara,2025-26,Ligue 1,AS Monaco,1,Ligue 1,1,AS Monaco,24,1851.0,2004-01-01,22.0,2026-05-25,Senegal,174.0,Right,M,M,midfield,AM,DM,2,"AM, DM",medium,heuristic_stats,3.0,4.0,25.0,4.0,13.0,2.0645,0.8979999999999999,4.3330522,8.0,1.0,,,1217.0,1045.0,501.0,457.0,716.0,588.0,35.0,98.0,59.0,100.0,26.0,1701.0,51.0,30.0,386.0,3297.73984459859,15.0,398.444176891199,279.7636186438024,767.115306424319,22.0,339.0,,,10.0,236.0,135.0,106.0,19.0,16.0,24.0,16.0,21.0,4.0,1.0,28.0,48.0,6.0,,,,,,,,,,,,,,,,,,,56.36,32.660000000000004,37.24,17.36,155.72,20.28146947595894,15.0,0.0172879524581307,73.0,69.62899786780383,85.86688578471652,48.533765532144784,1.0,0.1458670988654781,0.1944894651539708,1.2155591572123177,0.1944894651539708,0.6320907617504052,0.1003808752025931,0.0436628849270664,0.2106832512155591,0.3889789303079417,,59.17341977309562,50.81037277147488,24.359805510534844,22.220421393841168,34.813614262560776,28.58995137763371,1.701782820097245,4.764991896272285,2.8687196110210698,4.862236628849271,1.2641815235008105,82.70664505672609,2.479740680713128,1.4586709886547813,18.768233387358183,160.34391464822966,0.7293354943273906,19.373298714320857,13.602769139893146,37.29896141447256,1.0696920583468394,16.482982171799026,0.4862236628849271,11.47487844408428,6.564019448946516,5.153970826580227,0.9238249594813616,0.7779578606158833,1.1669367909238249,0.7779578606158833,1.0210696920583469,0.0486223662884927,1.361426256077796,2.3338735818476497,0.2917341977309562,,,,,,2.7403565640194487,1.588006482982172,1.810696920583468,0.8440842787682333,7.571474878444084,57.20338983050848,84.21052631578948,53.333333333333336,0.1944894651539708,,,,,,,,,,,,,0.0486223662884927,,,,,51.17295833333333,46.8902,4.140822163786009,7.797712635906373,24.0,2.0,2.0,0.0,22.0,2.0,22.0,0.0,0.0,2.0,0.0,0.0833,0.0833,0.0,0.9167,0.0833,0.9167,0.0,0.0,0.0833,0.0,mid_central,Central/Mixed,season_collapsed_average_positions_v14,51.17295833333333,46.8902,0.0486223662884927,0.9861330377289598,0.0008405811567972,3.549432739059968,3.3855266386290355,0.0486223662884927,2.4881503241491085,2.279912479740681,0.2013365719831122,0.3791432399954476,1.1669367909238249,0.0972447325769854,0.0972447325769854,0.0,1.0696920583468394,0.0972447325769854,1.0696920583468394,0.0,0.0,0.0972447325769854,0.0,2.4881503241491085,2.279912479740681,51.466234467855216,50.806399716369526,mid,M,AM,AM,M,AM,AM,CM,CM,Central Midfield,Possession-adjusted spatial evidence coherent with role scores (spatial_adj).,"sources=M,AM,AM; agreement=0.45; wide_score=56.0; central_score=88.6; adj_avg_x=50.8; spatial=CM@adj_x=50.8,y=46.9,strength=0.72; upstream_position_source=heuristic",0.85,True,arbitrated_role_group,CM,CM,Pressing Central Midfielder,Central Midfielder,,,0.0,1027.0,,0.0,4.0,0.0,1.0,,,"aggression, work rate, anticipation",CM,0.7484177636609194,0.4486919616870495,0.7137051895254162,0.8247854267590268,0.44747431132525944,0.4513707924829876,0.7137051895254162,0.8247854267590268,0.9564566021447535,1.0,0.7108539058381907,0.903480751585396,Midfielder,CM,Central,Pressing Central Midfielder,Midfielder
1104986,Alex Scott,Alex Scott,2025-26,Premier League,Bournemouth,1,Premier League,1,Bournemouth,37,2859.0,2003-08-21,22.0,2026-05-25,England,178.0,Right,M,M,midfield,DM,AM,5,"DM, AM, M, WM, CM",medium,heuristic_stats,3.0,1.0,44.0,13.0,17.0,3.8057,2.6766,2.95088845,4.0,2.0,1.0,1.0,1393.0,1182.0,626.0,582.0,767.0,600.0,28.0,129.0,53.0,88.0,14.0,2006.0,44.0,52.0,483.0,4399.381131110919,39.0,932.083918283042,489.724653176341,1596.8249961406611,26.0,384.0,,1.0,25.0,326.0,185.0,148.0,40.0,37.0,31.0,29.0,24.0,1.0,,45.0,60.0,5.0,,,1.0,,1.95,4.3,1.97,0.99,0.17,,,,,,,,,,58.36,36.68,35.38,84.46000000000001,198.9,20.45295557887373,8.0,0.0405736271423574,19.95689655172414,71.17909002904163,84.85283560660444,51.06680657572578,1.0,0.0944386149003148,0.0314795383001049,1.385099685204617,0.4092339979013641,0.5351521511017838,0.1198016789087093,0.0842581322140608,0.0928926059811122,0.1259181532004197,0.0314795383001049,43.85099685204617,37.20881427072403,19.706190975865688,18.32109129066107,24.144805876180484,18.88772298006296,0.881427072402938,4.060860440713536,1.6684155299055614,2.770199370409234,0.440713536201469,63.14795383001049,1.385099685204617,1.6369359916054564,15.204616998950682,138.49048681356513,1.2277019937040925,29.341571404502893,15.41630597617023,50.26731362457485,0.8184679958027282,12.088142707240294,0.7869884575026233,10.262329485834208,5.823714585519412,4.65897166841553,1.2591815320041972,1.1647429171038826,0.9758656873032528,0.912906610703043,0.7555089192025184,,1.416579223504722,1.888772298006296,0.1573976915005246,0.0613850996852046,0.1353620146904512,0.0620146904512067,0.0311647429171038,0.0053515215110178,1.837145855194124,1.1546694648478488,1.113746065057713,2.658761804826862,6.261280167890869,56.74846625766871,92.5,55.76923076923077,0.0314795383001049,,,,,,,,,,,,0.0314795383001049,0.0629590766002098,0.0314795383001049,,,0.0314795383001049,48.6226972972973,49.66865405405405,5.792943430180402,10.002830677935194,37.0,2.0,0.0,2.0,35.0,3.0,33.0,1.0,0.0,1.0,0.0,0.0541,0.0,0.0541,0.9459,0.0811,0.8919,0.027,0.0,0.027,0.0,mid_central,Central/Mixed,season_collapsed_average_positions_v14,48.6226972972973,49.66865405405405,0.0314795383001049,0.6438495984955004,0.001277239049602,0.6282338893512321,2.240684890735833,0.0314795383001049,1.5306200618246788,1.5635462976092565,0.1823591845807052,0.3148844914355255,1.1647429171038826,0.0629590766002098,0.0,0.0629590766002098,1.1017838405036726,0.0944386149003148,1.038824763903463,0.0314795383001049,0.0,0.0314795383001049,0.0,1.5306200618246788,1.5635462976092565,48.93319342427422,48.88939894122875,mid,M,DM,DM,M,DM,DM,CM,CM,Central Midfield,Possession-adjusted spatial evidence coherent with role scores (spatial_adj).,"sources=M,DM,DM; agreement=0.45; wide_score=54.6; central_score=60.9; adj_avg_x=48.9; spatial=CM@adj_x=48.9,y=49.7,strength=0.72; upstream_position_source=heuristic",0.85,True,arbitrated_role_group,CM,CM,Central Midfielder,Advanced Playmaker,56.17,0.1234,0.156,1027.0,,2.0,6.0,0.0,0.0,"passes_total_per90, passes_accurate_per90",,"first touch, decisions, teamwork, positioning, concentration",CM,0.6767167359550327,0.552106272633844,0.6444427858356445,0.7477194262176867,0.5196628574091843,0.6234817861280957,0.6444427858356445,0.7477194262176867,0.9733968360754041,1.0,0.7050115113382455,0.9014741087732369,Midfielder,CM,Central,Central Midfielder,Midfielder
987650,Moisés Caicedo,Moisés Caicedo,2025-26,Premier League,Chelsea,1,Premier League,1,Chelsea,34,2802.0,2001-11-02,24.0,2026-05-25,Ecuador,178.0,Right,M,M,midfield,DM,AM,3,"DM, AM, CM",medium,heuristic_stats,3.0,1.0,27.0,7.0,7.0,1.4358999999999995,1.5325000000000002,2.3797649900000004,4.0,1.0,,,2053.0,1883.0,964.0,915.0,1089.0,968.0,19.0,101.0,65.0,7.0,2.0,2496.0,26.0,28.0,419.0,2984.6347287150143,12.0,245.414100008426,218.976732777128,924.8464953536233,19.0,239.0,1.0,,21.0,309.0,172.0,137.0,16.0,15.0,29.0,15.0,24.0,3.0,1.0,54.0,55.0,11.0,1.0,,1.0,,3.43,4.24,1.11,0.31,0.1,,,,,,,,,,70.42,37.72,48.53999999999999,23.9,148.98,20.21591720199857,25.0,0.0160599571734475,46.0,76.73614775725594,91.71943497320994,41.83868665239115,1.0,0.0963597430406852,0.032119914346895,0.867237687366167,0.2248394004282655,0.2248394004282655,0.0461209850107066,0.0492237687366167,0.0764378476445396,0.1284796573875803,,65.94218415417559,60.48179871520343,30.963597430406853,29.389721627408992,34.978586723768736,31.09207708779444,0.6102783725910065,3.244111349036402,2.08779443254818,0.2248394004282655,0.0642398286937901,80.1713062098501,0.8351177730192719,0.8993576017130621,13.458244111349035,95.86621184309467,0.3854389721627409,7.882679871790984,7.033513900764283,29.705990214784467,0.6102783725910065,7.676659528907923,0.6745182012847966,9.925053533190578,5.524625267665953,4.400428265524625,0.5139186295503212,0.4817987152034261,0.9314775160599572,0.4817987152034261,0.7708779443254818,0.032119914346895,1.734475374732334,1.7665952890792291,0.3533190578158458,0.1101713062098501,0.1361884368308351,0.0356531049250535,0.0099571734475374,0.0032119914346895,2.261884368308351,1.211563169164882,1.5591006423982867,0.7676659528907923,4.785224839400428,55.663430420711975,93.75,53.57142857142857,0.0963597430406852,,,,,,,,,,,0.032119914346895,0.032119914346895,0.032119914346895,,0.032119914346895,,,46.58380303030303,49.533772727272726,4.524615913774121,6.516115666430077,33.0,0.0,0.0,0.0,33.0,0.0,32.0,1.0,0.0,0.0,1.0,0.0,0.0,0.0,1.0,0.0,0.9697,0.0303,0.0,0.0,0.0303,mid_central,Central/Mixed,season_collapsed_average_positions_v14,46.58380303030303,49.533772727272726,0.032119914346895,0.6493335289721168,0.0005158444488259,1.4775160599571735,2.464758493273745,0.032119914346895,1.4962677632859644,1.591020537278567,0.1453302756030231,0.2092970770801952,1.0599571734475377,0.0,0.0,0.0,1.0599571734475377,0.0,1.0278372591006424,0.032119914346895,0.0,0.0,0.032119914346895,1.4962677632859644,1.591020537278567,58.16131334760885,44.54347469340082,mid,M,DM,DM,M,DM,DM,CM,CM,Central Midfield,Possession-adjusted spatial evidence coherent with role scores (spatial_adj).,"sources=M,DM,DM; agreement=0.45; wide_score=13.2; central_score=56.4; adj_avg_x=44.5; spatial=CM@adj_x=44.5,y=49.5,strength=0.72; upstream_position_source=heuristic",0.85,True,arbitrated_role_group,CM,CM,Central Midfielder,Midfield Playmaker,92.22,0.8444,0.156,1027.0,,2.0,6.0,0.0,0.0,"passes_total_per90, passes_accurate_per90",,"first touch, decisions, teamwork, positioning, concentration",CM,0.7656370353048211,0.38542739183001035,0.7594569964749668,0.7792331207305006,0.3861002502782561,0.38394710324386966,0.7594569964749668,0.7792331207305006,0.9725821603548483,1.0,0.7044670229781824,0.9012869750008231,Midfielder,CM,Central,Central Midfielder,Midfielder
96365,Iñigo Ruiz de Galarreta,Iñigo Ruiz de Galarreta,2025-26,La Liga,Athletic Club,1,La Liga,1,Athletic Club,35,2231.0,1993-08-06,32.0,2026-05-25,Spain,174.0,Right,M,M,midfield,DM,AM,4,"DM, AM, CM, M",medium,heuristic_stats,1.0,2.0,20.0,2.0,8.0,0.7088000000000001,0.6986,3.62695847,6.0,,,,1240.0,1023.0,422.0,381.0,818.0,642.0,31.0,138.0,62.0,62.0,18.0,1681.0,37.0,51.0,319.0,2745.739660453986,24.0,438.664611961243,273.72657098188705,973.8157490151374,24.0,348.0,,,14.0,288.0,160.0,136.0,21.0,25.0,20.0,34.0,24.0,1.0,,54.0,41.0,10.0,,,,,,,,,,,,,,,,,,,61.6,34.44,24.500000000000004,22.72,189.44,19.442402510085163,16.0,0.080681308830121,46.0,66.01774098166766,82.5,51.0667861945316,1.0,0.0403406544150605,0.080681308830121,0.8068130883012102,0.080681308830121,0.3227252353204841,0.0285934558493948,0.0281819811743612,0.1463138782160466,0.242043926490363,,50.02241147467503,41.2684894666069,17.023756163155536,15.369789332138057,32.9986553115195,25.898700134468847,1.250560286866876,5.56701030927835,2.501120573733752,2.501120573733752,0.7261317794710892,67.81264007171671,1.4926042133572388,2.057373375168086,12.868668758404302,110.76493475609983,0.9681757059614524,17.696017515245124,11.042309004199836,39.28436459496296,0.9681757059614524,14.03854773644106,0.5647691618108471,11.618108471537427,6.454504706409682,5.4863290004482295,0.8471537427162708,1.0085163603765128,0.8068130883012102,1.3715822501120574,0.9681757059614524,,2.178395338413268,1.6539668310174809,0.4034065441506051,,,,,,2.4849843119677275,1.389332138054684,0.9883460331689828,0.9165396683101747,7.642133572389063,55.55555555555556,119.04761904761904,66.66666666666667,0.0403406544150605,,,,,,,,,,,,,,,,,,52.573032352941176,48.85467647058823,3.946413018573194,6.677223732916968,34.0,0.0,0.0,0.0,34.0,3.0,31.0,0.0,0.0,0.0,0.0,0.0,0.0,0.0,1.0,0.0882,0.9118,0.0,0.0,0.0,0.0,mid_central,Central/Mixed,season_collapsed_average_positions_v14,52.573032352941176,48.85467647058823,0.0403406544150605,0.7843192406578505,0.0032547367972706,1.855670103092784,2.663198874204433,0.0403406544150605,2.1208305297017955,1.970829620059588,0.1592008837613569,0.2693635750616436,1.3715822501120574,0.0,0.0,0.0,1.3715822501120574,0.1210219632451815,1.250560286866876,0.0,0.0,0.0,0.0,2.1208305297017955,1.970829620059588,48.9332138054684,52.83972890157408,mid,M,DM,DM,M,DM,DM,CM,CM,Central Midfield,Possession-adjusted spatial evidence coherent with role scores (spatial_adj).,"sources=M,DM,DM; agreement=0.45; wide_score=54.4; central_score=77.5; adj_avg_x=52.8; spatial=CM@adj_x=52.8,y=48.9,strength=0.72; upstream_position_source=heuristic",0.85,True,arbitrated_role_group,CM,CM,Pressing Central Midfielder,Advanced Playmaker,,,0.0,1027.0,,0.0,4.0,0.0,1.0,,,"aggression, work rate, anticipation",CM,0.726697306530022,0.4651259563281716,0.7063693485503086,0.7714188140853908,0.48872303536372097,0.41321238244996306,0.7063693485503086,0.7714188140853908,0.9560247067240594,1.0,0.7041522072775436,0.9011787672748244,Midfielder,CM,Central,Pressing Central Midfielder,Midfielder
892673,Sandro Tonali,Sandro Tonali,2025-26,Premier League,Newcastle United,1,Premier League,1,Newcastle United,35,2543.0,2000-05-08,26.0,2026-05-25,Italy,181.0,Right,M,M,midfield,DM,AM,4,"DM, AM, M, CM",medium,heuristic_stats,,2.0,37.0,8.0,11.0,1.74,1.5632,2.8909921300000003,6.0,1.0,1.0,2.0,1563.0,1319.0,640.0,584.0,923.0,735.0,32.0,150.0,71.0,96.0,20.0,2030.0,38.0,31.0,340.0,2902.8217770212023,18.0,423.02681186244,233.987322788573,912.0358955795132,17.0,396.0,,,23.0,189.0,107.0,88.0,8.0,13.0,13.0,19.0,23.0,1.0,,24.0,42.0,4.0,,,,,2.85,5.66,2.1,0.51,0.2,,,,,,,,,,33.22,25.1,30.44,37.58,139.08,18.604797483287456,8.0,0.0180888714117184,66.82608695652173,73.83443708609272,84.38899552143315,47.78647267007472,1.0,,0.0707825403067243,1.3094769956744003,0.2831301612268974,0.3893039716869839,0.0615808100668501,0.0553236335037357,0.1023158834840739,0.212347620920173,0.0353912701533621,55.31655524970508,46.6810853322847,22.65041289815179,20.66850176956351,32.66614235155328,26.0125835627212,1.1325206449075895,5.3086905230043255,2.512780180888714,3.397561934722769,0.7078254030672434,71.8442784113252,1.3448682658277624,1.0971293747542272,12.033031852143138,102.7345497176202,0.637042862760519,14.971456180739128,8.281108553272345,32.27810877001816,0.601651592607157,14.01494298073142,0.81399921352733,6.6889500589854505,3.786865906409752,3.114431773495871,0.2831301612268974,0.4600865119937082,0.4600865119937082,0.6724341329138812,0.81399921352733,,0.8493904836806921,1.4864333464412112,0.1415650806134487,0.1008651199370821,0.2003145890680299,0.0743216673220605,0.0180495477782147,0.0070782540306724,1.1756979944946913,0.8883208808493905,1.0773102634683445,1.3300039323633503,4.922217852929611,56.61375661375661,162.5,61.29032258064516,0.0353912701533621,,,,,,,,,,,,,0.0353912701533621,0.0707825403067243,,,,51.12952,49.60874857142857,6.322295604716043,10.095441896553568,35.0,3.0,2.0,1.0,32.0,1.0,32.0,2.0,1.0,2.0,2.0,0.0857,0.0571,0.0286,0.9143,0.0286,0.9143,0.0571,0.0286,0.0571,0.0571,mid_central,Central/Mixed,season_collapsed_average_positions_v14,51.12952,49.60874857142857,0.0353912701533621,0.658447413879619,0.0006401881349015,2.365060096770333,2.61309450953533,0.0353912701533621,1.809538655131734,1.7557166226616483,0.2237540717359197,0.3572905114784982,1.238694455367676,0.1061738104600865,0.0707825403067243,0.0353912701533621,1.1325206449075895,0.0353912701533621,1.1325206449075895,0.0707825403067243,0.0353912701533621,0.0707825403067243,0.0707825403067243,1.809538655131734,1.7557166226616483,52.21352732992528,50.57613816751868,mid,M,DM,DM,M,DM,DM,CM,CM,Central Midfield,Possession-adjusted spatial evidence coherent with role scores (spatial_adj).,"sources=M,DM,DM; agreement=0.45; wide_score=45.2; central_score=70.7; adj_avg_x=50.6; spatial=CM@adj_x=50.6,y=49.6,strength=0.72; upstream_position_source=heuristic",0.85,True,arbitrated_role_group,CM,CM,Central Midfielder,Midfield Playmaker,79.26,0.5851,0.156,1027.0,,2.0,6.0,0.0,0.0,"passes_total_per90, passes_accurate_per90",,"first touch, decisions, teamwork, positioning, concentration",CM,0.7915277183907667,0.32057974371079834,0.7874113962330318,0.8005836271377835,0.3344918792818612,0.2899730454544602,0.7874113962330318,0.8005836271377835,0.9746060798298802,1.0,0.7000992235096478,0.8997850595705172,Midfielder,CM,Central,Central Midfielder,Midfielder
1015267,João Gomes,João Gomes,2025-26,Premier League,Wolverhampton,1,Premier League,1,Wolverhampton,36,2843.0,2001-02-12,25.0,2026-05-25,Brazil,176.0,Right,M,M,midfield,DM,AM,4,"DM, AM, CM, M",medium,heuristic_stats,1.0,1.0,19.0,7.0,6.0,1.2755,2.1301,2.07980935,2.0,,1.0,,1454.0,1244.0,667.0,602.0,787.0,642.0,16.0,72.0,39.0,32.0,11.0,2051.0,47.0,67.0,422.0,4058.201607672848,31.0,723.341916614212,417.6666255687,1101.6989091701637,55.0,364.0,,,12.0,448.0,227.0,222.0,29.0,27.0,27.0,43.0,49.0,2.0,1.0,69.0,49.0,10.0,,,,,2.9,4.93,1.79,0.64,0.21,,,,,,,,,,125.04,77.78000000000002,41.94,50.86,220.46000000000004,19.03095321843124,8.0,0.0281392894829405,58.7125,79.9047619047619,85.55708390646492,56.68659866338375,1.0,0.0316567006683081,0.0316567006683081,0.6014773126978544,0.2215969046781568,0.1899402040098487,0.040378121702427,0.0674319380935631,0.0658399020400985,0.0633134013366162,0.0316567006683081,46.028842771720015,39.38093563137531,21.11501934576152,19.05733380232149,24.91382342595849,20.323601829053818,0.50650721069293,2.279282448118185,1.2346113260640168,1.01301442138586,0.3482237073513893,64.92789307069997,1.487864931410482,2.120998944776644,13.35912768202603,128.46927354574615,0.981357720717552,22.898618535096407,13.221947344770664,34.87615259420144,1.7411185367569468,11.523039043264156,0.3798804080196975,14.18220189940204,7.1860710517059445,7.027787548364404,0.9180443193809356,0.8547309180443193,0.8547309180443193,1.3612381287372497,1.551178332747098,0.0316567006683081,2.1843123461132605,1.551178332747098,0.3165670066830812,0.0918044319380935,0.156067534294759,0.0566654941962715,0.0202602884277172,0.0066479071403447,3.958353851565248,2.4622581779810067,1.3276820260288429,1.610059795990151,6.97903622933521,50.66964285714285,93.10344827586206,64.17910447761194,0.0633134013366162,,,,,,,,,,,,,,,,,,47.08908857142857,53.67847714285715,4.689136023378708,11.718738959589109,35.0,6.0,3.0,3.0,29.0,0.0,34.0,1.0,0.0,5.0,0.0,0.1714,0.0857,0.0857,0.8286,0.0,0.9714,0.0286,0.0,0.1429,0.0,mid_central,Central/Mixed,season_collapsed_average_positions_v14,47.08908857142857,53.67847714285715,0.0316567006683081,0.602457189468453,0.0008907970641803,1.858644037988041,2.529521129591477,0.0316567006683081,1.4906851816491633,1.699283483242048,0.1484425754850804,0.370976611453753,1.1079845233907843,0.1899402040098487,0.0949701020049243,0.0949701020049243,0.9180443193809356,0.0,1.0763278227224762,0.0316567006683081,0.0,0.1582835033415406,0.0,1.4906851816491633,1.699283483242048,43.31340133661625,48.76073823727451,mid,M,DM,DM,M,DM,DM,CM,CM,Central Midfield,Possession-adjusted spatial evidence coherent with role scores (spatial_adj).,"sources=M,DM,DM; agreement=0.45; wide_score=47.5; central_score=51.0; adj_avg_x=48.8; spatial=CM@adj_x=48.8,y=53.7,strength=0.72; upstream_position_source=heuristic",0.85,True,arbitrated_role_group,CM,CM,Central Midfielder,Midfield Playmaker,62.27,0.2454,0.156,1027.0,,2.0,6.0,0.0,0.0,"passes_total_per90, passes_accurate_per90",,"first touch, decisions, teamwork, positioning, concentration",CM,0.6833913090451111,0.5263533610403024,0.6833411900669735,0.683501570797014,0.5220442421948919,0.5358334225002055,0.6833411900669735,0.683501570797014,0.9530390987047619,1.0,0.6983929087383216,0.8991979578908257,Midfielder,CM,Central,Central Midfielder,Midfielder
1109771,Adam Wharton,Adam Wharton,2025-26,Premier League,Crystal Palace,1,Premier League,1,Crystal Palace,34,2562.0,2004-02-06,22.0,2026-05-25,England,182.0,Left,M,M,midfield,AM,DM,4,"AM, DM, M, WM",medium,heuristic_stats,1.0,5.0,32.0,6.0,11.0,1.5212,0.4019,7.3759746,14.0,,,2.0,1232.0,977.0,478.0,418.0,754.0,559.0,44.0,141.0,68.0,89.0,28.0,1700.0,25.0,29.0,329.0,2520.6887493529207,17.0,382.8767054787,286.633071866597,864.199618777145,27.0,398.0,,,17.0,282.0,140.0,148.0,31.0,24.0,31.0,15.0,43.0,2.0,,35.0,31.0,6.0,,,1.0,,3.22,4.9,1.29,0.44,0.01,,,,,,,,,,76.1,41.46,29.54,44.22,180.04,18.62295081967213,20.0,0.057767369242779,54.83783783783784,77.56392467789891,79.30194805194805,54.61085089773614,1.0,0.0351288056206089,0.1756440281030445,1.1241217798594847,0.2107728337236534,0.3864168618266979,0.0534379391100702,0.0141182669789227,0.2591091779859484,0.4918032786885246,,43.278688524590166,34.32084309133489,16.791569086651055,14.68384074941452,26.48711943793911,19.63700234192037,1.5456674473067915,4.953161592505855,2.388758782201405,3.126463700234192,0.9836065573770492,59.71896955503513,0.8782201405152225,1.018735362997658,11.557377049180328,88.5487851060745,0.5971896955503513,13.450001363420377,10.069077466039706,30.35830042542664,0.9484777517564404,13.981264637002342,0.5971896955503513,9.90632318501171,4.918032786885246,5.1990632318501175,1.088992974238876,0.8430913348946136,1.088992974238876,0.5269320843091335,1.5105386416861826,,1.2295081967213115,1.088992974238876,0.2107728337236534,0.1131147540983606,0.1721311475409836,0.0453161592505854,0.0154566744730679,0.000351288056206,2.673302107728337,1.4564402810304449,1.0377049180327869,1.5533957845433255,6.324590163934426,49.645390070921984,77.41935483870968,51.72413793103448,0.0702576112412178,,,,,,,,,,,,0.0351288056206089,,0.0702576112412178,,,,49.98713529411765,40.06797352941176,5.135203417639339,4.207103346708295,34.0,1.0,1.0,0.0,33.0,1.0,32.0,1.0,0.0,1.0,1.0,0.0294,0.0294,0.0,0.9706,0.0294,0.9412,0.0294,0.0,0.0294,0.0294,mid_central,Central/Mixed,season_collapsed_average_positions_v14,49.98713529411765,40.06797352941176,0.0351288056206089,0.6542020194264214,0.0020292986853435,1.9263877460598773,2.7247280331814605,0.0351288056206089,1.7559883592781371,1.4075400537264084,0.1803935626805388,0.1477905156923288,1.1943793911007026,0.0351288056206089,0.0351288056206089,0.0,1.1592505854800936,0.0351288056206089,1.1241217798594847,0.0351288056206089,0.0,0.0351288056206089,0.0351288056206089,1.7559883592781371,1.4075400537264084,45.38914910226386,51.13984801855169,mid,M,AM,AM,M,AM,AM,CM,CM,Central Midfield,Possession-adjusted spatial evidence coherent with role scores (spatial_adj).,"sources=M,AM,AM; agreement=0.45; wide_score=45.3; central_score=86.2; adj_avg_x=51.1; spatial=CM@adj_x=51.1,y=40.1,strength=0.72; upstream_position_source=heuristic",0.85,True,arbitrated_role_group,CM,CM,Advanced Playmaker,Midfield Playmaker,76.56,0.5313,0.708,1027.0,,5.0,6.0,0.0,0.0,"key_passes_per90, xa_per90, passes_opposition_half_total_per90, long_balls_accurate_per90, dribbles_attempted_per90",,"first touch, technique, vision, flair, decisions, composure",CM,0.677049426255672,0.5241389372516229,0.6466407818828658,0.7439484438758452,0.5204411638516295,0.5322740387316084,0.6466407818828658,0.7439484438758452,0.9722080412444488,1.0,0.6972446051811553,0.8988027381682143,Midfielder,CM,Central,Advanced Playmaker,Midfielder
1094538,Yassine Titraoui,Yassine Titraoui,2025-26,Pro League,RC Sporting Charleroi,1,Pro League,1,RC Sporting Charleroi,34,2823.0,2003-07-26,22.0,2026-05-25,Algeria,170.0,Both,M,M,midfield,DM,AM,4,"DM, AM, M, CM",medium,heuristic_stats,5.0,0.0,52.0,20.0,20.0,2.5652000000000004,3.1028,3.47658774,3.0,1.0,4.0,1.0,1550.0,1317.0,605.0,543.0,945.0,774.0,30.0,210.0,144.0,39.0,7.0,2057.0,50.0,45.0,464.0,4391.114856967043,37.0,809.6546070283431,423.58037063499705,1341.6691837653389,26.0,369.0,,1.0,19.0,247.0,141.0,120.0,27.0,20.0,25.0,26.0,29.0,,,22.0,38.0,7.0,,,2.0,,,,,,,,,,,,,,,,60.74,36.46,44.64,47.46,192.24,14.157633722989727,22.0,0.0258590152320226,52.136986301369866,74.99322033898305,84.96774193548387,50.8515763372299,1.0,0.1594048884165781,0.0,1.6578108395324125,0.6376195536663124,0.6376195536663124,0.0817810839532412,0.0989202975557917,0.1108370161530286,0.0956429330499468,0.1275239107332625,49.41551540913921,41.98724760892667,19.28799149840595,17.311370882040382,30.127523910733263,24.67587672688629,0.9564293304994688,6.695005313496281,4.5908607863974495,1.2433581296493093,0.2231668437832093,65.57917109458023,1.5940488841657812,1.434643995749203,14.792773645058448,139.99303475984195,1.179596174282678,25.81258045786429,13.5041563433049,42.77372530601505,0.8289054197662061,11.764080765143463,0.6057385759829969,7.874601487778959,4.495217853347502,3.8257173219978746,0.8607863974495218,0.6376195536663124,0.7970244420828906,0.8289054197662061,0.924548352816153,,0.7013815090329437,1.2114771519659937,0.2231668437832093,,,,,,1.936450584484591,1.1623804463336875,1.4231668437832092,1.5130712008501592,6.128799149840596,57.08502024291498,74.07407407407408,57.77777777777778,,,,,,,,,,,,,0.0637619553666312,0.0318809776833156,0.0318809776833156,,,0.0318809776833156,49.19563823529412,47.62031176470588,5.364248697769714,5.1910503132220605,34.0,1.0,0.0,1.0,33.0,2.0,32.0,0.0,0.0,1.0,0.0,0.0294,0.0,0.0294,0.9706,0.0588,0.9412,0.0,0.0,0.0294,0.0,mid_central,Central/Mixed,season_collapsed_average_positions_v14,49.19563823529412,47.62031176470588,0.0318809776833156,0.4513592047711921,0.0008244106875246,1.6621780967493052,2.39085718402709,0.0318809776833156,1.5684050446958804,1.5181820966431203,0.1710174930213511,0.165495759188801,1.083953241232731,0.0318809776833156,0.0,0.0318809776833156,1.0520722635494155,0.0637619553666312,1.0201912858661,0.0,0.0,0.0318809776833156,0.0,1.5684050446958804,1.5181820966431203,49.1484236627701,49.40853231960159,mid,M,DM,DM,M,DM,DM,CM,CM,Central Midfield,Possession-adjusted spatial evidence coherent with role scores (spatial_adj).,"sources=M,DM,DM; agreement=0.45; wide_score=44.3; central_score=67.0; adj_avg_x=49.4; spatial=CM@adj_x=49.4,y=47.6,strength=0.72; upstream_position_source=heuristic",0.85,True,arbitrated_role_group,CM,CM,Pressing Central Midfielder,Midfield Playmaker,,,0.0,1027.0,,0.0,4.0,0.0,1.0,,,"aggression, work rate, anticipation",CM,0.7772464435045984,0.3260836239372325,0.7627399080982588,0.8091608213985455,0.2592629804951473,0.47308903950982,0.7627399080982588,0.8091608213985455,0.9715788132771338,1.0,0.6938282881316702,0.8976263664708684,Midfielder,CM,Central,Pressing Central Midfielder,Midfielder
149593,Pierre Emile Hojbjerg,Pierre Emile Hojbjerg,2025-26,Ligue 1,Olympique de Marseille,1,Ligue 1,1,Olympique de Marseille,32,2715.0,1995-08-05,30.0,2026-05-25,Denmark,185.0,Right,M,M,midfield,AM,DM,3,"AM, DM, CM",medium,heuristic_stats,4.0,5.0,46.0,14.0,21.0,3.2554,2.7049000000000003,3.21071329,7.0,4.0,,1.0,2230.0,2002.0,876.0,833.0,1354.0,1169.0,42.0,144.0,76.0,8.0,,2627.0,29.0,31.0,577.0,4608.194251255872,25.0,499.61515082533,314.1731867739805,1866.379296216479,19.0,306.0,,1.0,15.0,247.0,130.0,120.0,33.0,31.0,21.0,17.0,29.0,4.0,,38.0,45.0,4.0,,,,,,,,,,,,,,,,,,,32.82,22.520000000000003,26.86,43.0,138.66,18.152117863720072,23.0,0.0165745856353591,65.62222222222222,84.25238095238095,89.77578475336323,43.41731123388582,1.0,0.1325966850828729,0.1657458563535911,1.5248618784530388,0.4640883977900552,0.6961325966850829,0.1079138121546961,0.0896651933701657,0.1064324847513812,0.2320441988950276,,73.92265193370166,66.3646408839779,29.03867403314917,27.613259668508288,44.88397790055249,38.751381215469614,1.3922651933701655,4.773480662983426,2.5193370165745854,0.2651933701657458,,87.0828729281768,0.9613259668508288,1.0276243093922652,19.12707182320442,152.75782048362004,0.8287292817679558,16.561828204154583,10.414580777038028,61.86892694640262,0.6298342541436464,10.143646408839778,0.4972375690607735,8.187845303867404,4.30939226519337,3.977900552486188,1.0939226519337018,1.0276243093922652,0.6961325966850829,0.56353591160221,0.9613259668508288,,1.2596685082872927,1.4917127071823204,0.1325966850828729,,,,,,1.0879558011049724,0.7465193370165747,0.8903867403314918,1.425414364640884,4.59646408839779,52.63157894736842,93.93939393939394,54.83870967741935,0.1325966850828729,,,,,,,,,,,,,0.1325966850828729,0.0331491712707182,,,0.0331491712707182,49.978084375,54.258896875,4.990611075332544,5.005749401823955,32.0,0.0,0.0,0.0,32.0,2.0,30.0,0.0,0.0,0.0,0.0,0.0,0.0,0.0,1.0,0.0625,0.9375,0.0,0.0,0.0,0.0,mid_central,Central/Mixed,season_collapsed_average_positions_v14,49.978084375,54.258896875,0.0331491712707182,0.6017276639907206,0.0005494337779677,2.175322283609576,2.7928966061562743,0.0331491712707182,1.656732078729282,1.7986374654696131,0.1654346212817418,0.1659364442593576,1.0607734806629834,0.0,0.0,0.0,1.0607734806629834,0.0662983425414364,0.994475138121547,0.0,0.0,0.0,0.0,1.656732078729282,1.7986374654696131,56.58268876611418,48.332412183471455,mid,M,AM,AM,M,AM,AM,CM,CM,Central Midfield,Possession-adjusted spatial evidence coherent with role scores (spatial_adj).,"sources=M,AM,AM; agreement=0.45; wide_score=27.9; central_score=78.5; adj_avg_x=48.3; spatial=CM@adj_x=48.3,y=54.3,strength=0.72; upstream_position_source=heuristic",0.85,True,arbitrated_role_group,CM,CM,Pressing Central Midfielder,Central Midfielder,,,0.0,1027.0,,0.0,4.0,0.0,1.0,,,"aggression, work rate, anticipation",CM,0.7737429421295541,0.3341292929643408,0.7689910799260732,0.784197038977212,0.30276542682367785,0.4031297984737992,0.7689910799260732,0.784197038977212,0.9643030091384248,1.0,0.6932164337830523,0.8974155934188366,Midfielder,CM,Central,Pressing Central Midfielder,Midfielder
901882,Angelo Stiller,Angelo Stiller,2025-26,Bundesliga,VfB Stuttgart,1,Bundesliga,1,VfB Stuttgart,34,2750.0,2001-04-04,25.0,2026-05-25,Germany,183.0,Left,M,M,midfield,AM,DM,3,"AM, DM, CM",medium,heuristic_stats,2.0,5.0,17.0,8.0,4.0,3.0838,3.7829,7.456211499999999,10.0,4.0,,,2332.0,2055.0,887.0,828.0,1445.0,1227.0,56.0,171.0,81.0,106.0,25.0,2815.0,21.0,24.0,470.0,3766.151928717061,17.0,385.4292972555419,279.1269084999987,802.386575367421,19.0,424.0,,,11.0,225.0,140.0,101.0,49.0,33.0,38.0,14.0,17.0,,,18.0,44.0,1.0,,,,,,,,,,,,,,,,,,,41.96,21.26,26.18,42.620000000000005,134.74,17.810545454545455,6.0,0.0389090909090909,61.467289719626166,82.96509598603839,88.12178387650086,42.49272727272727,1.0,0.0654545454545454,0.1636363636363636,0.5563636363636364,0.2618181818181818,0.1309090909090909,0.1009243636363636,0.123804,0.2440214672727272,0.3272727272727272,,76.32,67.25454545454545,29.029090909090908,27.098181818181818,47.29090909090909,40.15636363636364,1.8327272727272728,5.596363636363637,2.650909090909091,3.469090909090909,0.8181818181818182,92.12727272727273,0.6872727272727273,0.7854545454545454,15.38181818181818,123.25588130346743,0.5563636363636364,12.614049728363188,9.135062459999958,26.25992428475196,0.6218181818181818,13.876363636363635,0.36,7.363636363636363,4.581818181818182,3.3054545454545456,1.6036363636363635,1.08,1.2436363636363637,0.4581818181818182,0.5563636363636364,,0.5890909090909091,1.44,0.0327272727272727,,,,,,1.3732363636363636,0.6957818181818182,0.8567999999999999,1.3948363636363637,4.409672727272727,62.22222222222222,67.34693877551021,58.333333333333336,,,,,,,,,,,,,,0.1309090909090909,,,,,51.92365294117647,54.99002058823529,4.371501376736518,4.840124275500637,34.0,1.0,0.0,1.0,33.0,1.0,33.0,0.0,0.0,1.0,0.0,0.0294,0.0,0.0294,0.9706,0.0294,0.9706,0.0,0.0,0.0294,0.0,mid_central,Central/Mixed,season_collapsed_average_positions_v14,51.92365294117647,54.99002058823529,0.0327272727272727,0.5828905785123967,0.001273388429752,2.0116567544604926,2.7152213231794384,0.0327272727272727,1.699319550802139,1.7996734010695186,0.1430673177841042,0.1584040671982026,1.1127272727272728,0.0327272727272727,0.0,0.0327272727272727,1.08,0.0327272727272727,1.08,0.0,0.0,0.0327272727272727,0.0,1.699319550802139,1.7996734010695186,57.50727272727273,50.04683475935829,mid,M,AM,AM,M,AM,AM,CM,CM,Central Midfield,Possession-adjusted spatial evidence coherent with role scores (spatial_adj).,"sources=M,AM,AM; agreement=0.45; wide_score=42.5; central_score=90.3; adj_avg_x=50.0; spatial=CM@adj_x=50.0,y=55.0,strength=0.72; upstream_position_source=heuristic",0.85,True,arbitrated_role_group,CM,CM,Pressing Central Midfielder,Central Midfielder,,,0.0,1027.0,,0.0,4.0,0.0,1.0,,,"aggression, work rate, anticipation",CM,0.7896946843632424,0.2901849485094261,0.7809094771628388,0.80902214020413,0.2956060656987693,0.2782584906928711,0.7809094771628388,0.80902214020413,0.9756336047938896,1.0,0.6908574013311958,0.8966026986115874,Midfielder,CM,Central,Pressing Central Midfielder,Midfielder
288205,Bruno Fernandes,Bruno Fernandes,2025-26,Premier League,Manchester United,1,Premier League,1,Manchester United,35,3066.0,1994-09-08,31.0,2026-05-25,Portugal,179.0,Right,M,M,midfield,AM,DM,2,"AM, DM",medium,heuristic_stats,9.0,21.0,85.0,24.0,31.0,10.8348,8.098999999999998,12.3178245,33.0,8.0,4.0,5.0,1994.0,1639.0,626.0,550.0,1368.0,1089.0,137.0,230.0,138.0,183.0,55.0,2647.0,45.0,36.0,431.0,3695.8656906952297,41.0,879.011084423005,481.787333712598,1713.29396014987,30.0,594.0,,,34.0,269.0,124.0,148.0,37.0,21.0,33.0,15.0,39.0,3.0,,25.0,35.0,5.0,,,1.0,,3.08,5.14,1.66,0.73,0.27,,,,,,,,,,52.84,31.72,19.86,39.14,161.88000000000002,19.59360730593607,8.0,0.0,,80.27412280701755,82.19658976930792,48.03065883887802,1.0,0.2641878669275929,0.6164383561643836,2.4951076320939336,0.7045009784735812,0.9099804305283756,0.3180469667318982,0.2377397260273972,0.3615799755381604,0.9686888454011742,0.1174168297455968,58.53228962818004,48.11154598825832,18.37573385518591,16.14481409001957,40.15655577299413,31.96673189823875,4.021526418786693,6.75146771037182,4.050880626223092,5.371819960861057,1.614481409001957,77.70058708414872,1.3209393346379648,1.0567514677103718,12.651663405088062,108.48920814173864,1.203522504892368,25.80267371104712,14.142485334029294,50.29238630576917,0.8806262230919765,17.436399217221133,0.9980430528375732,7.89628180039139,3.639921722113503,4.344422700587084,1.086105675146771,0.6164383561643836,0.9686888454011742,0.4403131115459882,1.1448140900195696,,0.7338551859099804,1.0273972602739727,0.146771037181996,0.0904109589041095,0.1508806262230919,0.0487279843444227,0.0214285714285714,0.0079256360078277,1.5510763209393348,0.931115459882583,0.5829745596868884,1.1489236790606654,4.751859099804306,46.09665427509294,56.75675675675676,41.66666666666666,0.0880626223091976,,,,,,,,,,,,0.0293542074363992,0.2348336594911937,0.146771037181996,,,,56.28019142857144,52.62283714285714,5.30354057911657,6.621049481370483,35.0,0.0,0.0,0.0,35.0,11.0,24.0,0.0,0.0,0.0,0.0,0.0,0.0,0.0,1.0,0.3143,0.6857,0.0,0.0,0.0,0.0,mid_central,Central/Mixed,season_collapsed_average_positions_v14,56.28019142857144,52.62283714285714,0.0293542074363992,0.5751548132857947,0.0,,2.3563832526521784,0.0293542074363992,1.652060413754543,1.544701677383282,0.1556812303067486,0.1943556599228126,1.0273972602739727,0.0,0.0,0.0,1.0273972602739727,0.3228962818003913,0.7045009784735812,0.0,0.0,0.0,0.0,1.652060413754543,1.544701677383282,51.96934116112198,55.78785613829094,mid,M,AM,AM,M,AM,AM,CM,CM,Central Midfield,Possession-adjusted spatial evidence coherent with role scores (spatial_adj).,"sources=M,AM,AM; agreement=0.45; wide_score=61.0; central_score=98.3; adj_avg_x=55.8; spatial=CM@adj_x=55.8,y=52.6,strength=0.72; upstream_position_source=heuristic",0.85,True,arbitrated_role_group,CM,CM,Advanced Playmaker,Midfield Playmaker,91.3,0.8259,0.708,1027.0,,5.0,6.0,0.0,0.0,"key_passes_per90, xa_per90, passes_opposition_half_total_per90, long_balls_accurate_per90, dribbles_attempted_per90",,"first touch, technique, vision, flair, decisions, composure",CM,0.6919472576607361,0.48655637237917715,0.6837807873547278,0.7099134923339542,0.4566516800974969,0.5523466953988736,0.6837807873547278,0.7099134923339542,0.9139754571764617,1.0,0.6861714524634552,0.894986797427556,Midfielder,CM,Central,Advanced Playmaker,Midfielder
