player_id,player_name,profile_name,season,league,team,leagues_played_count,leagues_played_list,teams_played_count,teams_played_list,matches,minutes_played,date_of_birth,age,age_as_of,nationality,height_cm,preferred_foot,player_position,base_position,role_family,primary_role_position,secondary_role_position,positions_played_count,positions_played_list,position_confidence,position_source,goals,assists,shots_total,shots_on_target,shots_off_target,xg,xgot,xa,big_chances_created,big_chance_missed,offsides,hit_woodwork,passes_total,passes_accurate,passes_own_half_total,passes_own_half_accurate,passes_opposition_half_total,passes_opposition_half_accurate,key_passes,long_balls_total,long_balls_accurate,crosses_total,crosses_accurate,touches,unsuccessful_touches,dribbles_attempted,carries,carry_distance,progressive_carries,progressive_carry_distance,best_carry_progression,total_progression,dispossessed,possession_lost,last_man_tackles,clearance_off_line,blocked_shots,duels_total,duels_won,duels_lost,aerial_duels_total,aerial_duels_won,aerial_duels_lost,dribbles_won,challenges_lost,errors_leading_to_shot,errors_leading_to_goal,fouls_committed,fouls_drawn,yellow_cards,red_cards,penalties_won,penalties_conceded,penalties_faced,distance_walking_km,distance_jogging_km,distance_running_km,distance_high_speed_running_km,distance_sprinting_km,gk_saves,gk_saves_inside_box,gk_xgot_faced,gk_goals_prevented,gk_goals_prevented_raw,gk_high_claims,gk_punches,gk_sweeper_total,gk_sweeper_accurate,P-Adj_tackles_total,P-Adj_tackles_won,P-Adj_interceptions,P-Adj_clearances,P-Adj_recoveries,MW,shirt_number,is_substitute,sub_on_minute,sub_off_minute,pass_accuracy_pct,oppo_poss_pct,poss_available,goals_per90,assists_per90,shots_total_per90,shots_on_target_per90,shots_off_target_per90,xg_per90,xgot_per90,xa_per90,big_chances_created_per90,offsides_per90,passes_total_per90,passes_accurate_per90,passes_own_half_total_per90,passes_own_half_accurate_per90,passes_opposition_half_total_per90,passes_opposition_half_accurate_per90,key_passes_per90,long_balls_total_per90,long_balls_accurate_per90,crosses_total_per90,crosses_accurate_per90,touches_per90,unsuccessful_touches_per90,dribbles_attempted_per90,carries_per90,carry_distance_per90,progressive_carries_per90,progressive_carry_distance_per90,best_carry_progression_per90,total_progression_per90,dispossessed_per90,possession_lost_per90,blocked_shots_per90,duels_total_per90,duels_won_per90,duels_lost_per90,aerial_duels_total_per90,aerial_duels_won_per90,aerial_duels_lost_per90,dribbles_won_per90,challenges_lost_per90,errors_leading_to_goal_per90,fouls_committed_per90,fouls_drawn_per90,yellow_cards_per90,distance_walking_km_per90,distance_jogging_km_per90,distance_running_km_per90,distance_high_speed_running_km_per90,distance_sprinting_km_per90,P-Adj_tackles_total_per90,P-Adj_tackles_won_per90,P-Adj_interceptions_per90,P-Adj_clearances_per90,P-Adj_recoveries_per90,duel_win_pct,aerial_win_pct,dribble_success_pct,errors_leading_to_shot_per90,penalties_faced_per90,gk_saves_per90,gk_saves_inside_box_per90,gk_xgot_faced_per90,gk_goals_prevented_per90,gk_goals_prevented_raw_per90,gk_high_claims_per90,gk_punches_per90,gk_sweeper_total_per90,gk_sweeper_accurate_per90,last_man_tackles_per90,penalties_conceded_per90,big_chance_missed_per90,hit_woodwork_per90,red_cards_per90,penalties_won_per90,clearance_off_line_per90,season_avg_x,season_avg_y,season_median_x,season_median_y,season_std_x,season_std_y,spatial_matches_used,spatial_wide_matches,spatial_right_matches,spatial_left_matches,spatial_central_matches,spatial_high_matches,spatial_mid_matches,spatial_deep_matches,spatial_high_wide_matches,spatial_mid_wide_matches,spatial_deep_central_matches,spatial_wide_pct,spatial_right_pct,spatial_left_pct,spatial_central_pct,spatial_high_pct,spatial_mid_pct,spatial_deep_pct,spatial_high_wide_pct,spatial_mid_wide_pct,spatial_deep_central_pct,season_position_zone,spatial_dominant_side,position_context_source,avg_x,avg_y,leagues_played_count_per90,MW_per90,is_substitute_per90,sub_on_minute_per90,sub_off_minute_per90,poss_available_per90,season_avg_x_per90,season_avg_y_per90,season_median_x_per90,season_median_y_per90,season_std_x_per90,season_std_y_per90,spatial_matches_used_per90,spatial_wide_matches_per90,spatial_right_matches_per90,spatial_left_matches_per90,spatial_central_matches_per90,spatial_high_matches_per90,spatial_mid_matches_per90,spatial_deep_matches_per90,spatial_high_wide_matches_per90,spatial_mid_wide_matches_per90,spatial_deep_central_matches_per90,avg_x_per90,avg_y_per90,profile_position_raw,match_position_mode,match_role_mode,profile_positions_played,match_positions_played,match_roles_played,arbitrated_position,arbitrated_role_group,arbitrated_lane,arbitration_reason,position_evidence,arbitrated_confidence,position_conflict_flag,role_source_column,role_source_value,role_model_family,primary_role,secondary_role,role_score,role_bvalue,confidence,cohort_size,warning,measured_metrics_available,measured_metrics_possible,partial_proxies_available,partial_proxies_possible,measured_inputs,partial_proxies,unmeasured_traits,_family,similarity_core,similarity_broad,similarity_z_core,similarity_percentile_core,similarity_z_broad,similarity_percentile_broad,similarity_z,similarity_percentile,similarity_spatial,similarity_role_bonus,similarity_raw,similarity,similarity_archetype,similarity_family,similarity_side,similarity_display_role,similarity_color_key
1590918,Ibrahim Mbaye,Ibrahim Mbaye,2025-26,Ligue 1,Paris Saint-Germain,1,Ligue 1,1,Paris Saint-Germain,30,997.0,2008-01-24,18.0,2026-05-25,Senegal,175.0,Right,F,F,attack,F,SS,3,"F, SS, ST",low,heuristic_base,3.0,2.0,24.0,10.0,8.0,3.2762,3.1873,2.13177075,2.0,4.0,2.0,1.0,570.0,493.0,138.0,124.0,432.0,369.0,20.0,7.0,5.0,16.0,2.0,802.0,38.0,55.0,138.0,1327.7964173931168,28.0,524.7057557412779,216.648741800538,645.0394513067371,17.0,186.0,,,6.0,123.0,53.0,74.0,2.0,5.0,9.0,21.0,4.0,1.0,,10.0,13.0,,,,,,,,,,,,,,,,,,,,8.54,4.82,3.24,2.8,27.28,14.568706118355063,49.0,0.3059177532597793,58.3344262295082,63.78436018957346,86.49122807017544,32.498495486459376,1.0,0.2708124373119358,0.1805416248746238,2.1664994984954866,0.9027081243731192,0.7221664994984955,0.2957452357071213,0.2877201604814443,0.1924366775325977,0.1805416248746238,0.1805416248746238,51.4543630892678,44.50351053159479,12.457372116349047,11.19358074222668,38.99699097291876,33.309929789368105,1.8054162487462384,0.6318956870611836,0.4513540621865596,1.444332998996991,0.1805416248746238,72.39719157472418,3.4302908726178534,4.964894684052156,12.457372116349047,119.8612613494288,2.5275827482447344,47.36561486129891,19.557057935855987,58.22823532357707,1.5346038114343028,16.79037111334002,0.5416248746238717,11.103309929789368,4.7843530591775325,6.680040120361083,0.1805416248746238,0.4513540621865596,0.8124373119358074,1.8956870611835503,0.3610832497492477,,0.9027081243731192,1.1735205616850553,,,,,,,0.7709127382146438,0.4351053159478435,0.2924774322968906,0.2527582748244734,2.4625877632898696,43.08943089430894,250.0,38.18181818181818,0.0902708124373119,,,,,,,,,,,,,0.3610832497492477,0.0902708124373119,,,,65.4055,46.8848,65.7845,40.2845,7.641,25.4713,24.0,18.0,10.0,8.0,6.0,18.0,6.0,0.0,14.0,4.0,0.0,0.75,0.4167,0.3333,0.25,0.75,0.25,0.0,0.5833,0.1667,0.0,high_central,Central/Mixed,season_collapsed_average_positions_v13,65.4055,46.8848,0.0902708124373119,1.315128937464349,0.0276154441257574,5.265896048802145,5.7578660151069325,0.0902708124373119,5.904207622868606,4.232328986960883,5.938420260782347,3.6365145436308928,0.6897592778335006,2.2993149448345034,2.1664994984954866,1.6248746238716147,0.9027081243731192,0.7221664994984955,0.5416248746238717,1.6248746238716147,0.5416248746238717,0.0,1.2637913741223672,0.3610832497492477,0.0,5.904207622868606,4.232328986960883,F,F,F,F,F,F,RW,AM-W,Right Wide Forward,V13 zone-distribution rescue selected winger from repeated wide/high-wide average positions.,"v6_scores={'W': 3.411, 'ST': 1.708, 'SS': 3.02, 'DM': 0.112, 'CM': 2.429, 'AM': 2.838, 'CB': -0.415, 'FB': 1.457, 'WB': 2.377}; wide_pct=0.75; high_wide_pct=0.58; right_pct=0.42; left_pct=0.33; spatial_n=24.0",0.82,True,arbitrated_role_group,AM-W,W,Inside Winger,Wide Forward,74.32,0.4865,0.729,343,,6,7,0,0,"dribbles_attempted_per90, progressive_carries_per90, shots_total_per90, xg_per90, key_passes_per90, xa_per90",,"technique, composure, teamwork, acceleration, agility",W,0.6627380942588835,0.6367207280997319,0.6625219450956954,0.6632136224178973,0.6478807774778143,0.6121686194679505,0.6625219450956954,0.6632136224178973,0.9596395714285715,1.0,0.707323970562174,0.9022686388727584,Goal Threat Winger,W,Right,Inside Winger,Goal Threat Winger
1019236,Jofre Carreras,Jofre Carreras,2025-26,La Liga,Espanyol,1,La Liga,1,Espanyol,38,921.0,2001-06-17,24.0,2026-05-25,Spain,175.0,Right,F,M,midfield,M,F,3,"M, F, AM",low,heuristic_base,1.0,0.0,23.0,7.0,8.0,2.3353,1.9377,1.36072386,2.0,1.0,2.0,,214.0,160.0,64.0,51.0,150.0,109.0,15.0,9.0,2.0,36.0,9.0,436.0,30.0,43.0,110.0,1104.18983980144,22.0,444.794848854389,258.968627785358,586.3626587071419,6.0,150.0,,,8.0,96.0,55.0,63.0,,3.0,8.0,16.0,9.0,,,13.0,27.0,1.0,,,,,,,,,,,,,,,,,,,11.58,7.700000000000001,6.640000000000001,9.72,47.35999999999999,20.042345276872965,17.0,0.3821932681867535,64.95170454545455,65.28822495606327,74.76635514018692,56.60477741585233,1.0,0.0977198697068403,0.0,2.247557003257329,0.6840390879478827,0.7817589576547231,0.2282052117263844,0.1893517915309446,0.1329697583061889,0.1954397394136807,0.1954397394136807,20.912052117263844,15.635179153094462,6.254071661237785,4.98371335504886,14.657980456026058,10.651465798045605,1.4657980456026058,0.8794788273615635,0.1954397394136807,3.517915309446254,0.8794788273615635,42.60586319218241,2.931596091205212,4.201954397394137,10.749185667752442,107.90128727701368,2.1498371335504887,43.46529467632466,25.30638056534443,57.29928260981843,0.5863192182410424,14.657980456026058,0.7817589576547231,9.381107491856678,5.374592833876221,6.156351791530945,,0.2931596091205212,0.7817589576547231,1.5635179153094465,0.8794788273615635,,1.270358306188925,2.6384364820846904,0.0977198697068403,,,,,,1.131596091205212,0.7524429967426711,0.6488599348534202,0.9498371335504888,4.6280130293159605,57.29166666666666,,37.2093023255814,,,,,,,,,,,,,,0.0977198697068403,,,,,60.2066,36.4761,60.9986,25.7107,9.4225,22.993,26.0,21.0,16.0,5.0,5.0,11.0,15.0,0.0,10.0,11.0,0.0,0.8077,0.6154,0.1923,0.1923,0.4231,0.5769,0.0,0.3846,0.4231,0.0,mid_central,Right,season_collapsed_average_positions_v13,60.2066,36.4761,0.0977198697068403,1.958535369075534,0.037347876370041,6.347072105419011,6.379956836097389,0.0977198697068403,5.883381107491857,3.564439739413681,5.960775244299675,2.512446254071661,0.9207654723127036,2.246872964169381,2.54071661237785,2.052117263843648,1.5635179153094465,0.4885993485342019,0.4885993485342019,1.0749185667752443,1.4657980456026058,0.0,0.977198697068404,1.0749185667752443,0.0,5.883381107491857,3.564439739413681,F,M,M,F,M,M,RW,AM-W,Right Wide Forward,V13 zone-distribution rescue selected winger from repeated wide/high-wide average positions.,"v6_scores={'W': 3.7, 'ST': 1.308, 'SS': 2.24, 'DM': -0.037, 'CM': 1.513, 'AM': 2.269, 'CB': -0.346, 'FB': 1.693, 'WB': 2.724}; wide_pct=0.81; high_wide_pct=0.38; right_pct=0.62; left_pct=0.19; spatial_n=26.0",0.82,True,arbitrated_role_group,AM-W,W,Tracking Winger,Wide Forward,64.72,0.2944,0.117,343,,1,4,0,1,crosses_total_per90,,"marking, work rate, stamina",W,0.6023270541561343,0.5499531794698286,0.6185695928925186,0.5665934689360886,0.5740888499712389,0.4968547043667259,0.6185695928925186,0.5665934689360886,0.8988324285714285,1.0,0.6432134078704155,0.8800991129369893,Winger,W,Right,Tracking Winger,Winger
1000150,Zito Luvumbo,Zito Luvumbo,2025-26,Multiple,Multiple,2,"La Liga, Serie A",2,"Cagliari, Mallorca",32,854.0,2002-03-09,24.0,2026-05-25,Angola,171.0,Left,F,F,attack,F,W,2,"F, W",low,heuristic_base,,2.0,21.0,13.0,7.0,1.7172,2.722,0.9980496,3.0,4.0,6.0,,123.0,91.0,19.0,17.0,104.0,74.0,12.0,2.0,,27.0,6.0,321.0,30.0,35.0,92.0,982.679139941527,30.0,540.023733655803,233.764398532289,639.8289089249458,12.0,122.0,,,1.0,116.0,56.0,70.0,2.0,2.0,14.0,12.0,6.0,,,17.0,39.0,2.0,,,,,,,,,,,,,,,,,,,2.64,0.88,1.1,3.3200000000000003,15.54,23.74355971896956,39.32084309133489,0.3793911007025761,64.19444444444444,64.63863636363637,73.98373983739837,48.47072599531616,1.0,,0.2107728337236534,2.2131147540983607,1.370023419203747,0.7377049180327869,0.1809695550351288,0.2868618266978923,0.1051808711943793,0.3161592505854801,0.6323185011709602,12.962529274004684,9.59016393442623,2.002341920374707,1.791569086651054,10.960187353629976,7.798594847775176,1.2646370023419204,0.2107728337236534,,2.8454332552693207,0.6323185011709602,33.82903981264637,3.161592505854801,3.6885245901639343,9.695550351288055,103.56103348329908,3.161592505854801,56.91116631033052,24.635592351178,67.4292761162121,1.2646370023419204,12.857142857142858,0.1053864168618267,12.224824355971895,5.901639344262295,7.377049180327869,0.2107728337236534,0.2107728337236534,1.475409836065574,1.2646370023419204,0.6323185011709602,,1.791569086651054,4.110070257611241,0.2107728337236534,,,,,,0.2782201405152225,0.0927400468384075,0.1159250585480093,0.3498829039812646,1.6377049180327867,48.27586206896552,100.0,34.285714285714285,,,,,,,,,,,,,,0.4215456674473068,,,,,66.4665,34.9748,67.8439,32.7021,7.4395,16.0995,22.0,12.0,11.0,1.0,10.0,17.0,5.0,0.0,10.0,2.0,0.0,0.5455,0.5,0.0455,0.4545,0.7727,0.2273,0.0,0.4545,0.0909,0.0,high_central,Right,season_collapsed_average_positions_v13,66.4665,34.9748,0.2107728337236534,2.5022486823270027,0.0399826686923089,6.765222482435597,6.812034277198212,0.1053864168618267,7.004666276346604,3.685868852459016,7.1498255269320845,3.446357142857144,0.7840222482435597,1.6966686182669788,2.3185011709601877,1.2646370023419204,1.1592505854800936,0.1053864168618267,1.053864168618267,1.791569086651054,0.5269320843091335,0.0,1.053864168618267,0.2107728337236534,0.0,7.004666276346604,3.685868852459016,F,F,F,F,F,F,RW,AM-W,Right Wide Forward,V13 zone-distribution rescue selected winger from repeated wide/high-wide average positions.,"v6_scores={'W': 3.93, 'ST': 1.204, 'SS': 1.888, 'DM': -0.223, 'CM': 1.266, 'AM': 2.015, 'CB': -0.891, 'FB': 1.619, 'WB': 3.112}; wide_pct=0.55; high_wide_pct=0.45; right_pct=0.50; left_pct=0.05; spatial_n=22.0",0.82,True,arbitrated_role_group,AM-W,W,Wide Forward,Inside Winger,60.41,0.2081,0.567,343,,4,6,0,1,"shots_total_per90, xg_per90, dribbles_attempted_per90, progressive_carries_per90",,"off the ball, pace, acceleration, agility, anticipation",W,0.6063728853805757,0.49649612038679025,0.5789190830641425,0.6667712504767286,0.5036118263907374,0.4808415671781065,0.5789190830641425,0.6667712504767286,0.8890563571428571,1.0,0.6288356504082445,0.8750859797922512,Ball-Carrying Winger,W,Right,Wide Forward,Ball-Carrying Winger
875890,Chidera Ejuke,Chidera Ejuke,2025-26,La Liga,Sevilla,1,La Liga,1,Sevilla,34,954.0,1998-01-02,28.0,2026-05-25,Nigeria,176.0,Right,F,F,attack,F,CM,4,"F, CM, SS, AM",low,heuristic_base,1.0,1.0,23.0,3.0,9.0,1.5876,0.5735,0.8967768399999999,1.0,2.0,2.0,,360.0,302.0,109.0,97.0,251.0,205.0,13.0,27.0,19.0,27.0,5.0,656.0,32.0,92.0,183.0,1893.1328006697609,30.0,573.014314277968,248.97790405617,694.5472967068544,21.0,177.0,,,12.0,153.0,97.0,71.0,3.0,5.0,11.0,57.0,1.0,,,5.0,16.0,,,,,,,,,,,,,,,,,,,,17.080000000000002,10.919999999999998,4.5600000000000005,2.84,55.440000000000005,20.163522012578618,21.0,0.5828092243186582,55.5773381294964,71.71753246753246,83.88888888888889,44.28197064989518,1.0,0.0943396226415094,0.0943396226415094,2.169811320754717,0.2830188679245283,0.8490566037735849,0.1497735849056603,0.0541037735849056,0.0846015886792452,0.0943396226415094,0.1886792452830188,33.9622641509434,28.49056603773585,10.283018867924527,9.150943396226417,23.67924528301887,19.33962264150944,1.2264150943396226,2.547169811320755,1.7924528301886793,2.547169811320755,0.4716981132075472,61.886792452830186,3.018867924528302,8.679245283018869,17.264150943396228,178.59743402544913,2.830188679245283,54.05795417716679,23.48848151473302,65.52332987800513,1.981132075471698,16.69811320754717,1.1320754716981132,14.433962264150944,9.150943396226417,6.69811320754717,0.2830188679245283,0.4716981132075472,1.0377358490566038,5.377358490566038,0.0943396226415094,,0.4716981132075472,1.509433962264151,,,,,,,1.6113207547169814,1.0301886792452828,0.430188679245283,0.2679245283018868,5.230188679245283,63.39869281045752,166.66666666666666,61.95652173913044,,,,,,,,,,,,,,0.1886792452830188,,,,,61.4659,48.6429,61.281,32.6159,7.2657,29.321,27.0,25.0,14.0,11.0,2.0,12.0,15.0,0.0,11.0,14.0,0.0,0.9259,0.5185,0.4074,0.0741,0.4444,0.5556,0.0,0.4074,0.5185,0.0,mid_central,Right,season_collapsed_average_positions_v13,61.4659,48.6429,0.0943396226415094,1.9022190577904357,0.054982002294213,5.243145106556264,6.765804949767214,0.0943396226415094,5.798669811320754,4.58895283018868,5.78122641509434,3.076971698113208,0.6854433962264151,2.7661320754716985,2.547169811320755,2.358490566037736,1.320754716981132,1.0377358490566038,0.1886792452830188,1.1320754716981132,1.4150943396226414,0.0,1.0377358490566038,1.320754716981132,0.0,5.798669811320754,4.58895283018868,F,F,F,F,F,F,RW,AM-W,Right Wide Forward,V13 zone-distribution rescue selected winger from repeated wide/high-wide average positions.,"v6_scores={'W': 4.078, 'ST': 1.112, 'SS': 2.172, 'DM': 0.243, 'CM': 2.042, 'AM': 2.084, 'CB': -0.05, 'FB': 1.8, 'WB': 2.923}; wide_pct=0.93; high_wide_pct=0.41; right_pct=0.52; left_pct=0.41; spatial_n=27.0",0.82,True,arbitrated_role_group,AM-W,W,Wide Forward,Inside Winger,63.36,0.2671,0.567,343,,4,6,0,1,"shots_total_per90, xg_per90, dribbles_attempted_per90, progressive_carries_per90",,"off the ball, pace, acceleration, agility, anticipation",W,0.4231688062501258,0.5599548158589227,0.4252721930056392,0.41854135538799647,0.5832591333990519,0.5086853172706385,0.4252721930056392,0.41854135538799647,0.8990747857142857,1.0,0.5491107365824325,0.8470013536246075,1v1 Winger,W,Right,Wide Forward,1v1 Winger
1218004,Jaden Slory,Jaden Slory,2025-26,VriendenLoterij Eredivisie,Multiple,1,VriendenLoterij Eredivisie,2,"Feyenoord, Go Ahead Eagles",24,843.0,2005-05-09,21.0,2026-05-25,Netherlands,175.0,Right,F,M,midfield,CM,AM,6,"CM, AM, F, W, M, ST",low,heuristic_base,,1.0,12.0,2.0,3.0,0.667,0.0312,1.3488889000000002,2.0,,1.0,,178.0,140.0,49.0,43.0,129.0,97.0,12.0,11.0,3.0,42.0,11.0,392.0,24.0,34.0,124.0,1275.074245680832,22.0,406.220774026823,270.030875576717,658.8294356848098,20.0,137.0,,,9.0,105.0,46.0,68.0,4.0,3.0,16.0,15.0,5.0,,,9.0,17.0,1.0,,,1.0,,,,,,,,,,,,,,,,11.4,8.379999999999999,6.38,6.1,48.74,19.40688018979834,22.750889679715304,0.3297746144721233,58.81294964028777,63.80530973451327,78.65168539325843,50.72123368920522,1.0,,0.1067615658362989,1.2811387900355873,0.2135231316725978,0.3202846975088968,0.0712099644128113,0.0033309608540925,0.1440094911032028,0.2135231316725978,0.1067615658362989,19.00355871886121,14.946619217081851,5.231316725978648,4.590747330960854,13.772241992882565,10.355871886120996,1.2811387900355873,1.1743772241992882,0.3202846975088968,4.483985765124555,1.1743772241992882,41.85053380782918,2.5622775800711746,3.629893238434164,13.238434163701069,136.12892302642337,2.3487544483985765,43.368765910336975,28.828919100717115,70.33766217275549,2.1352313167259784,14.626334519572952,0.9608540925266904,11.209964412811388,4.911032028469751,7.259786476868327,0.4270462633451957,0.3202846975088968,1.708185053380783,1.601423487544484,0.5338078291814946,,0.9608540925266904,1.8149466192170816,0.1067615658362989,,,,,,1.2170818505338077,0.8946619217081849,0.6811387900355872,0.6512455516014235,5.203558718861211,43.80952380952381,75.0,44.11764705882353,,,,,,,,,,,,,0.1067615658362989,,,,,,59.8246,30.9698,63.313,22.3565,10.6659,22.6093,19.0,17.0,15.0,2.0,2.0,10.0,9.0,0.0,9.0,8.0,0.0,0.8947,0.7895,0.1053,0.1053,0.5263,0.4737,0.0,0.4737,0.4211,0.0,mid_right,Right,season_collapsed_average_positions_v13,59.8246,30.9698,0.1067615658362989,2.071908917060321,0.0352072542141056,6.278962595048517,6.811954775926684,0.1067615658362989,6.386967971530249,3.3063843416370107,6.759395017793595,2.386814946619217,1.138708185053381,2.413804270462633,2.02846975088968,1.8149466192170816,1.601423487544484,0.2135231316725978,0.2135231316725978,1.0676156583629892,0.9608540925266904,0.0,0.9608540925266904,0.8540925266903915,0.0,6.386967971530249,3.3063843416370107,F,CM,CM,F,CM,CM,RW,AM-W,Right Wide Forward,V13 zone-distribution rescue selected winger from repeated wide/high-wide average positions.,"v6_scores={'W': 3.605, 'ST': 0.35, 'SS': 2.005, 'DM': 0.072, 'CM': 1.466, 'AM': 1.952, 'CB': -0.126, 'FB': 1.734, 'WB': 2.789}; wide_pct=0.89; high_wide_pct=0.47; right_pct=0.79; left_pct=0.11; spatial_n=19.0",0.82,True,arbitrated_role_group,AM-W,W,Tracking Winger,Winger,80.47,0.6094,0.117,343,,1,4,0,1,crosses_total_per90,,"marking, work rate, stamina",W,0.4595964404123566,0.4928365248988043,0.47886099160022066,0.41721442779905576,0.5148041230109379,0.4445078090521104,0.47886099160022066,0.41721442779905576,0.885412,1.0,0.5478999249855109,0.8465709747060753,Ball-Carrying Winger,W,Right,Tracking Winger,Ball-Carrying Winger
980383,Raúl Moro,Raúl Moro,2025-26,Multiple,Multiple,2,"La Liga, VriendenLoterij Eredivisie",2,"AFC Ajax, Osasuna",36,1198.0,2002-12-05,23.0,2026-05-25,Spain,169.0,Right,F,M,midfield,AM,W,5,"AM, W, M, CM, F",low,heuristic_base,,3.0,15.0,5.0,5.0,1.1818,1.0014,3.37914314,6.0,1.0,8.0,,341.0,269.0,83.0,61.0,258.0,208.0,27.0,11.0,7.0,70.0,9.0,576.0,27.0,44.0,99.0,1016.861398784224,22.0,414.48354287682497,187.66789125386,602.704758523492,6.0,208.0,,,5.0,62.0,35.0,52.0,3.0,2.0,7.0,17.0,8.0,1.0,2.0,4.0,8.0,1.0,,,,,,,,,,,,,,,,,,,7.9,1.74,4.4,9.88,44.48,18.392320534223707,12.620200333889816,0.2103505843071786,65.83730158730158,69.64252336448598,78.88563049853373,49.024207011686144,1.0,,0.2253756260434056,1.1268781302170283,0.3756260434056761,0.3756260434056761,0.0887829716193656,0.0752303839732888,0.2538588335559266,0.4507512520868113,0.6010016694490818,25.617696160267112,20.208681135225376,6.235392320534224,4.582637729549249,19.382303839732888,15.626043405676128,2.028380634390651,0.8263772954924875,0.5258764607679466,5.258764607679466,0.676126878130217,43.27212020033389,2.028380634390651,3.30550918196995,7.437395659432387,76.39192478345589,1.652754590984975,31.13816265351773,14.098589493194822,45.27832075719056,0.4507512520868113,15.626043405676128,0.3756260434056761,4.657762938230384,2.629382303839733,3.906510851419032,0.2253756260434056,0.1502504173622704,0.5258764607679466,1.2771285475792988,0.6010016694490818,0.1502504173622704,0.3005008347245409,0.6010016694490818,0.0751252086811352,,,,,,0.5934891485809682,0.1307178631051752,0.330550918196995,0.742237061769616,3.341569282136895,56.45161290322581,66.66666666666667,38.63636363636363,0.0751252086811352,,,,,,,,,,,,,0.0751252086811352,,,,,64.7045,49.3429,65.4427,52.9604,9.4218,30.2819,28.0,26.0,13.0,13.0,2.0,19.0,9.0,0.0,18.0,8.0,0.0,0.9286,0.4643,0.4643,0.0714,0.6786,0.3214,0.0,0.6429,0.2857,0.0,high_central,Right,season_collapsed_average_positions_v13,64.7045,49.3429,0.1502504173622704,1.3817269182638845,0.0158026315422755,4.946041020748867,5.231909100837845,0.0751252086811352,4.860939065108514,3.706895659432387,4.9163964941569285,3.9786611018363938,0.7078146911519199,2.274934056761269,2.1035058430717863,1.953255425709516,0.976627712854758,0.976627712854758,0.1502504173622704,1.4273789649415694,0.676126878130217,0.0,1.352253756260434,0.6010016694490818,0.0,4.860939065108514,3.706895659432387,F,AM,AM,F,AM,AM,RW,AM-W,Right Wide Forward,V13 zone-distribution rescue selected winger from repeated wide/high-wide average positions.,"v6_scores={'W': 3.14, 'ST': 0.347, 'SS': 3.039, 'DM': 0.088, 'CM': 1.581, 'AM': 2.82, 'CB': -0.7, 'FB': 1.748, 'WB': 2.414}; wide_pct=0.93; high_wide_pct=0.64; right_pct=0.46; left_pct=0.46; spatial_n=28.0",0.82,True,arbitrated_role_group,AM-W,W,Tracking Winger,Playmaking Winger,86.01,0.7202,0.117,343,,1,4,0,1,crosses_total_per90,,"marking, work rate, stamina",W,0.35823374598237046,0.6050274444434923,0.38102905126156666,0.3080840743681388,0.5888917709053827,0.6405259262273335,0.38102905126156666,0.3080840743681388,0.9451742142857142,1.0,0.5316937051317072,0.8407991339975232,Playmaking Winger,W,Right,Tracking Winger,Playmaking Winger
966547,Noni Madueke,Noni Madueke,2025-26,Premier League,Arsenal,1,Premier League,1,Arsenal,32,1226.0,2002-03-10,24.0,2026-05-25,England,182.0,Left,F,F,attack,W,AM,5,"W, AM, CM, F, ST",low,heuristic_stats,3.0,1.0,26.0,10.0,6.0,1.2228,2.0787,2.82866454,7.0,2.0,4.0,,411.0,313.0,79.0,67.0,332.0,246.0,22.0,20.0,11.0,80.0,16.0,735.0,38.0,61.0,176.0,1934.4904483294508,47.0,841.8100142387731,297.32431271681696,797.098740384777,17.0,257.0,,,10.0,157.0,75.0,96.0,9.0,10.0,12.0,29.0,21.0,,,15.0,15.0,,,,,,1.23,1.72,0.62,0.33,0.18,,,,,,,,,,19.26,8.76,4.359999999999999,6.5600000000000005,31.680000000000003,21.012234910277325,20.0,0.1508972267536704,63.972972972972975,67.46685878962536,76.15571776155718,44.84828711256117,1.0,0.2202283849918433,0.0734094616639478,1.9086460032626429,0.734094616639478,0.4404567699836867,0.0897650897226753,0.1525962479608482,0.2076507411092985,0.5138662316476346,0.2936378466557912,30.171288743882545,22.97716150081566,5.799347471451876,4.918433931484502,24.371941272430668,18.05872756933116,1.6150081566068517,1.468189233278956,0.8075040783034257,5.872756933115824,1.1745513866231647,53.95595432300164,2.789559543230016,4.477977161500816,12.920065252854812,142.009902405914,3.4502446982055464,61.796819968588565,21.8264177361448,58.514589424657366,1.2479608482871123,18.866231647634585,0.734094616639478,11.525285481239804,5.505709624796085,7.047308319738988,0.6606851549755302,0.734094616639478,0.8809135399673735,2.128874388254486,1.5415986949429037,,1.101141924959217,1.101141924959217,,0.0902936378466558,0.1262642740619902,0.0455138662316476,0.0242251223491027,0.0132137030995106,1.4138662316476345,0.6430668841761827,0.3200652528548123,0.4815660685154976,2.3256117455138665,47.77070063694268,111.11111111111111,47.540983606557376,,,,,,,,,,,,,,0.1468189233278956,,,,,68.8998,27.9569,69.125,18.5596,8.2619,20.4469,26.0,23.0,20.0,3.0,3.0,23.0,3.0,0.0,21.0,2.0,0.0,0.8846,0.7692,0.1154,0.1154,0.8846,0.1154,0.0,0.8077,0.0769,0.0,high_right,Right,season_collapsed_average_positions_v13,68.8998,27.9569,0.0734094616639478,1.5424968531198688,0.0110772841825696,4.696221506988228,4.952705783903983,0.0734094616639478,5.057897226753671,2.052300978792822,5.074429037520392,1.3624502446982056,0.6065016313213704,1.5009959216965745,1.9086460032626429,1.6884176182707993,1.468189233278956,0.2202283849918433,0.2202283849918433,1.6884176182707993,0.2202283849918433,0.0,1.5415986949429037,0.1468189233278956,0.0,5.057897226753671,2.052300978792822,F,W,W,F,W,W,RW,AM-W,Right Wide Forward,V13 zone-distribution rescue selected winger from repeated wide/high-wide average positions.,"v6_scores={'W': 4.254, 'ST': 0.663, 'SS': 2.931, 'DM': 0.023, 'CM': 1.986, 'AM': 2.816, 'CB': -0.091, 'FB': 1.8, 'WB': 3.2}; wide_pct=0.88; high_wide_pct=0.81; right_pct=0.77; left_pct=0.12; spatial_n=26.0",0.82,True,arbitrated_role_group,AM-W,W,Winger,Tracking Winger,80.7,0.6139,0.879,343,,6,7,1,1,"crosses_total_per90, crosses_accurate_per90, dribbles_attempted_per90, key_passes_per90, xa_per90, progressive_carries_per90",distance_sprinting_km_per90,"pace, acceleration, agility, flair, off the ball",W,0.5526301264151041,0.24571034997484606,0.539734634578389,0.5810002084558774,0.22664143078954374,0.2876619721825112,0.539734634578389,0.5810002084558774,0.8579482142857142,1.0,0.5234683253127494,0.8378614939485379,Ball-Carrying Winger,W,Right,Winger,Ball-Carrying Winger
1153261,Ángel Alarcón,Ángel Alarcón,2025-26,Multiple,Multiple,2,"Liga Portugal Betclic, VriendenLoterij Eredivisie",2,"FC Porto, FC Utrecht",24,1029.0,2004-05-15,22.0,2026-05-25,Spain,175.0,Right,F,M,midfield,AM,CM,3,"AM, CM, F",low,heuristic_base,3.0,3.0,34.0,14.0,11.0,4.2953,2.7665,1.90497825,5.0,8.0,,2.0,268.0,185.0,86.0,67.0,182.0,118.0,20.0,24.0,11.0,52.0,11.0,521.0,39.0,44.0,173.0,1928.319505941049,41.0,942.1359888558492,373.067165226062,1027.761795349098,16.0,205.0,,,10.0,118.0,54.0,67.0,9.0,10.0,13.0,23.0,14.0,1.0,,3.0,11.0,,,,,,,,,,,,,,,,,,,,12.06,6.0,3.56,1.18,51.66,25.23226433430515,75.33819241982508,0.0553935860058309,67.17543859649123,75.35260770975057,69.02985074626865,54.929057337220605,1.0,0.2623906705539358,0.2623906705539358,2.9737609329446064,1.2244897959183674,0.9620991253644317,0.3756822157434402,0.2419679300291545,0.1666161734693877,0.4373177842565597,,23.4402332361516,16.18075801749271,7.521865889212828,5.860058309037901,15.918367346938776,10.32069970845481,1.749271137026239,2.0991253644314867,0.9620991253644317,4.548104956268221,0.9620991253644317,45.56851311953353,3.4110787172011663,3.848396501457726,15.131195335276969,168.65768273536872,3.58600583090379,82.40256462296057,32.629781215107464,89.89170221712227,1.3994169096209912,17.93002915451895,0.8746355685131195,10.32069970845481,4.723032069970846,5.860058309037901,0.7871720116618076,0.8746355685131195,1.1370262390670554,2.011661807580175,1.2244897959183674,,0.2623906705539358,0.9620991253644317,,,,,,,1.0548104956268225,0.5247813411078717,0.3113702623906705,0.1032069970845481,4.518367346938775,45.76271186440678,111.11111111111111,52.27272727272727,0.0874635568513119,,,,,,,,,,,,,0.6997084548104956,0.1749271137026239,,,,60.1374,36.0337,61.0854,30.4988,7.5844,17.8201,16.0,11.0,9.0,2.0,5.0,7.0,9.0,0.0,4.0,7.0,0.0,0.6875,0.5625,0.125,0.3125,0.4375,0.5625,0.0,0.25,0.4375,0.0,mid_central,Right,season_collapsed_average_positions_v13,60.1374,36.0337,0.1749271137026239,2.2069035860908297,0.004844920058819,5.875402792696026,6.590607088316377,0.0874635568513119,5.259830903790087,3.15163556851312,5.342746355685131,2.6675335276967926,0.6633586005830904,1.558609329446064,1.3994169096209912,0.9620991253644317,0.7871720116618076,0.1749271137026239,0.4373177842565597,0.6122448979591837,0.7871720116618076,0.0,0.3498542274052478,0.6122448979591837,0.0,5.259830903790087,3.15163556851312,F,AM,AM,F,AM,AM,RW,AM-W,Right Wide Forward,V13 zone-distribution rescue selected winger from repeated wide/high-wide average positions.,"v6_scores={'W': 4.078, 'ST': 2.042, 'SS': 2.584, 'DM': 0.121, 'CM': 1.615, 'AM': 2.572, 'CB': 0.103, 'FB': 1.718, 'WB': 3.2}; wide_pct=0.69; high_wide_pct=0.25; right_pct=0.56; left_pct=0.12; spatial_n=16.0",0.82,True,arbitrated_role_group,AM-W,W,Wide Forward,Tracking Winger,84.65,0.693,0.567,343,,4,6,0,1,"shots_total_per90, xg_per90, dribbles_attempted_per90, progressive_carries_per90",,"off the ball, pace, acceleration, agility, anticipation",W,0.4929931954220181,0.32135319475064245,0.5336033478324309,0.40365086011910994,0.32103309606234226,0.322057411864903,0.5336033478324309,0.40365086011910994,0.8712448571428572,1.0,0.5145571483701494,0.8346726539744861,Goal Threat Winger,W,Right,Wide Forward,Goal Threat Winger
1407484,Samuel Amo-Ameyaw,Samuel Amo-Ameyaw,2025-26,Ligue 1,RC Strasbourg,1,Ligue 1,1,RC Strasbourg,30,1050.0,2006-07-18,19.0,2026-05-25,England,174.0,Left,F,M,midfield,CM,F,4,"CM, F, AM, W",low,heuristic_base,2.0,2.0,17.0,5.0,6.0,0.9486,1.1524,1.17333922,2.0,1.0,2.0,,414.0,368.0,172.0,162.0,242.0,206.0,13.0,15.0,11.0,51.0,11.0,705.0,28.0,53.0,234.0,2665.4985605288416,45.0,968.99308028771,336.25699811528096,1333.5375438336278,20.0,169.0,,,6.0,133.0,74.0,74.0,,,3.0,27.0,13.0,,,15.0,26.0,2.0,,,1.0,,,,,,,,,,,,,,,,17.52,9.72,2.5,0.74,38.96,19.91333333333333,27.0,0.3323809523809524,59.49856733524355,65.41153846153846,88.88888888888889,41.12952380952381,1.0,0.1714285714285714,0.1714285714285714,1.457142857142857,0.4285714285714285,0.5142857142857142,0.0813085714285714,0.0987771428571428,0.1005719331428571,0.1714285714285714,0.1714285714285714,35.48571428571429,31.542857142857144,14.742857142857142,13.885714285714286,20.742857142857144,17.65714285714286,1.1142857142857143,1.2857142857142858,0.9428571428571428,4.371428571428571,0.9428571428571428,60.42857142857143,2.4,4.542857142857143,20.057142857142857,228.4713051881864,3.857142857142857,83.05654973894657,28.822028409881227,114.30321804288238,1.7142857142857142,14.485714285714286,0.5142857142857142,11.4,6.342857142857143,6.342857142857143,,,0.2571428571428571,2.3142857142857145,1.1142857142857143,,1.2857142857142858,2.2285714285714286,0.1714285714285714,,,,,,1.5017142857142858,0.8331428571428571,0.2142857142857142,0.0634285714285714,3.3394285714285714,55.6390977443609,,50.943396226415096,,,,,,,,,,,,,0.0857142857142857,0.0857142857142857,,,,,59.74,18.8811,58.6706,15.6761,9.0779,13.9592,25.0,24.0,23.0,1.0,1.0,11.0,14.0,0.0,10.0,14.0,0.0,0.96,0.92,0.04,0.04,0.44,0.56,0.0,0.4,0.56,0.0,mid_right,Right,season_collapsed_average_positions_v13,59.74,18.8811,0.0857142857142857,1.7068571428571426,0.0284897959183673,5.099877200163733,5.606703296703296,0.0857142857142857,5.120571428571429,1.61838,5.028908571428572,1.3436657142857142,0.7781057142857143,1.196502857142857,2.142857142857143,2.057142857142857,1.9714285714285715,0.0857142857142857,0.0857142857142857,0.9428571428571428,1.2,0.0,0.8571428571428571,1.2,0.0,5.120571428571429,1.61838,F,CM,CM,F,CM,CM,RW,AM-W,Right Wide Forward,V13 zone-distribution rescue selected winger from repeated wide/high-wide average positions.,"v6_scores={'W': 4.272, 'ST': 0.454, 'SS': 1.969, 'DM': 0.323, 'CM': 1.991, 'AM': 1.793, 'CB': -0.689, 'FB': 1.811, 'WB': 3.2}; wide_pct=0.96; high_wide_pct=0.40; right_pct=0.92; left_pct=0.04; spatial_n=25.0",0.82,True,arbitrated_role_group,AM-W,W,Tracking Winger,Winger,79.3,0.586,0.117,343,,1,4,0,1,crosses_total_per90,,"marking, work rate, stamina",W,0.48907314154988124,0.3141218042313888,0.5112161912021326,0.4403584323149283,0.3102640698026625,0.3226088199745868,0.5112161912021326,0.4403584323149283,0.8185752857142857,1.0,0.5050576731451025,0.8312660529796309,Ball-Carrying Winger,W,Right,Tracking Winger,Ball-Carrying Winger
965009,Gaetano Oristanio,Gaetano Oristanio,2025-26,Serie A,Parma,1,Serie A,1,Parma,28,857.0,2002-09-28,23.0,2026-05-25,Italy,174.0,Left,M,F,attack,ST,M,3,"ST, M, AM",low,heuristic_base,1.0,0.0,24.0,4.0,10.0,2.0127,0.4901,0.90445959,,2.0,4.0,2.0,156.0,128.0,29.0,24.0,127.0,104.0,10.0,11.0,10.0,16.0,4.0,371.0,33.0,31.0,122.0,1254.9455975734925,21.0,465.2621203158718,344.935924582373,589.639615842417,26.0,116.0,,,10.0,110.0,52.0,68.0,12.0,9.0,10.0,15.0,8.0,,,13.0,20.0,1.0,,,,,,,,,,,,,,,,,,,9.2,5.12,2.1,6.800000000000001,30.96,18.159859976662776,21.0,0.3862310385064177,57.64954682779456,68.89444444444445,82.05128205128206,51.80163360560093,1.0,0.1050175029171528,0.0,2.520420070011669,0.4200700116686114,1.0501750291715286,0.2113687281213535,0.0514690781796966,0.0949840876312718,,0.4200700116686114,16.382730455075848,13.442240373395563,3.045507584597433,2.520420070011669,13.337222870478412,10.921820303383898,1.0501750291715286,1.1551925320886816,1.0501750291715286,1.6802800466744456,0.4200700116686114,38.961493582263714,3.465577596266044,3.2555425904317388,12.812135355892648,131.79125295404236,2.20536756126021,48.86066607751279,36.22430946606017,61.92248007679992,2.7304550758459745,12.182030338389731,1.0501750291715286,11.551925320886816,5.460910151691949,7.141190198366394,1.2602100350058345,0.9451575262543758,1.0501750291715286,1.575262543757293,0.8401400233372228,,1.3652275379229872,2.100350058343057,0.1050175029171528,,,,,,0.966161026837806,0.5376896149358227,0.220536756126021,0.7141190198366396,3.251341890315053,47.27272727272727,75.0,48.38709677419355,,,,,,,,,,,,,,0.2100350058343057,0.2100350058343057,,,,62.0832,39.5896,62.7382,34.1844,7.7477,19.8173,20.0,11.0,10.0,1.0,9.0,13.0,7.0,0.0,7.0,4.0,0.0,0.55,0.5,0.05,0.45,0.65,0.35,0.0,0.35,0.2,0.0,high_central,Right,season_collapsed_average_positions_v13,62.0832,39.5896,0.1050175029171528,1.9071031480742704,0.0405610192130427,6.054211452160455,7.23512252042007,0.1050175029171528,6.519822637106183,4.157600933488915,6.588609101516919,3.5899603267211195,0.8136441073512252,2.081163360560093,2.100350058343057,1.1551925320886816,1.0501750291715286,0.1050175029171528,0.9451575262543758,1.3652275379229872,0.73512252042007,0.0,0.73512252042007,0.4200700116686114,0.0,6.519822637106183,4.157600933488915,M,ST,ST,M,ST,ST,RW,AM-W,Right Wide Forward,V13 zone-distribution rescue selected winger from repeated wide/high-wide average positions.,"v6_scores={'W': 2.945, 'ST': 1.545, 'SS': 1.808, 'DM': -0.099, 'CM': 1.401, 'AM': 1.894, 'CB': 0.305, 'FB': 1.431, 'WB': 2.365}; wide_pct=0.55; high_wide_pct=0.35; right_pct=0.50; left_pct=0.05; spatial_n=20.0",0.82,True,arbitrated_role_group,AM-W,W,Wide Forward,Inside Forward,60.96,0.2192,0.567,343,,4,6,0,1,"shots_total_per90, xg_per90, dribbles_attempted_per90, progressive_carries_per90",,"off the ball, pace, acceleration, agility, anticipation",W,0.3731877389950308,0.47838726535087894,0.3614603923648672,0.3989879015813908,0.48696619124624535,0.4595136283810728,0.3614603923648672,0.3989879015813908,0.9035035714285714,1.0,0.4986900014925051,0.8289783324683536,Ball-Carrying Winger,W,Right,Wide Forward,Ball-Carrying Winger
842399,Alimami Gory,Alimami Gory,2025-26,Ligue 1,Paris FC,1,Ligue 1,1,Paris FC,27,988.0,1996-08-30,29.0,2026-05-25,France,182.0,Right,F,F,attack,F,CM,5,"F, CM, FB, DM, CB",low,heuristic_base,5.0,1.0,19.0,6.0,8.0,3.6161,3.4167,0.65432506,1.0,2.0,8.0,,221.0,182.0,85.0,74.0,136.0,108.0,6.0,13.0,6.0,10.0,2.0,414.0,30.0,13.0,91.0,1043.0210170824244,24.0,523.7702968961028,277.3940322591229,441.7902794230901,11.0,98.0,,,6.0,83.0,47.0,50.0,11.0,8.0,12.0,4.0,9.0,,1.0,11.0,16.0,3.0,,1.0,1.0,,,,,,,,,,,,,,,,18.68,12.18,8.4,15.12,40.58,19.59817813765182,7.0,0.3633603238866397,62.67130919220056,67.92022263450835,82.3529411764706,50.25607287449392,1.0,0.4554655870445344,0.0910931174089068,1.7307692307692308,0.5465587044534413,0.728744939271255,0.3294018218623482,0.3112378542510121,0.05960450951417,0.0910931174089068,0.728744939271255,20.13157894736842,16.57894736842105,7.742914979757085,6.7408906882591095,12.388663967611336,9.838056680161944,0.5465587044534413,1.1842105263157894,0.5465587044534413,0.9109311740890688,0.1821862348178137,37.71255060728745,2.7327935222672064,1.1842105263157894,8.289473684210526,95.01203596904676,2.1862348178137654,47.7118691504547,25.268687149110388,40.24405379360133,1.0020242914979758,8.927125506072874,0.5465587044534413,7.560728744939271,4.281376518218623,4.554655870445344,1.0020242914979758,0.728744939271255,1.0931174089068827,0.3643724696356275,0.819838056680162,0.0910931174089068,1.0020242914979758,1.45748987854251,0.2732793522267207,,,,,,1.7016194331983807,1.1095141700404858,0.7651821862348178,1.377327935222672,3.696558704453441,56.62650602409639,72.72727272727273,30.76923076923077,,,,,,,,,,,,,0.0910931174089068,0.1821862348178137,,,0.0910931174089068,,56.4749,43.5186,58.97,32.6942,13.5049,26.9164,24.0,20.0,12.0,8.0,4.0,8.0,15.0,1.0,5.0,14.0,0.0,0.8333,0.5,0.3333,0.1667,0.3333,0.625,0.0417,0.2083,0.5833,0.0,mid_central,Right,season_collapsed_average_positions_v13,56.4749,43.5186,0.0910931174089068,1.785259142093789,0.0330996246455441,5.708924926415032,6.187064814884363,0.0910931174089068,5.144474696356276,3.964244939271255,5.371761133603239,2.978216599190284,1.2302034412955465,2.4518987854251013,2.1862348178137654,1.8218623481781375,1.0931174089068827,0.728744939271255,0.3643724696356275,0.728744939271255,1.3663967611336032,0.0910931174089068,0.4554655870445344,1.2753036437246963,0.0,5.144474696356276,3.964244939271255,F,F,F,F,F,F,RW,AM-W,Right Wide Forward,V13 zone-distribution rescue selected winger from repeated wide/high-wide average positions.,"v6_scores={'W': 2.012, 'ST': 1.699, 'SS': 1.271, 'DM': 0.076, 'CM': 1.445, 'AM': 1.315, 'CB': 0.246, 'FB': 1.062, 'WB': 1.786}; wide_pct=0.83; high_wide_pct=0.21; right_pct=0.50; left_pct=0.33; spatial_n=24.0",0.82,True,arbitrated_role_group,AM-W,W,Inside Forward,Wide Forward,57.48,0.1496,0.567,343,,4,6,0,0,"shots_total_per90, xg_per90, goals_per90, dribbles_attempted_per90",,"composure, flair, vision, off the ball, pace",W,0.42516577176264564,0.3822434497630104,0.4748622924438414,0.3158334262640147,0.4010091226896747,0.34095896932434894,0.4748622924438414,0.3158334262640147,0.8902311428571429,1.0,0.49747558017135857,0.8285416399884747,Winger,W,Right,Inside Forward,Winger
1648756,Ayoub Oufkir,Ayoub Oufkir,2025-26,VriendenLoterij Eredivisie,Multiple,1,VriendenLoterij Eredivisie,2,"AZ Alkmaar, Sparta Rotterdam",33,918.0,2006-01-04,20.0,2026-05-25,Netherlands,170.0,Left,F,F,attack,F,WM,4,"F, WM, AM, CM",low,heuristic_base,1.0,2.0,30.0,13.0,13.0,4.1303,3.1981,1.67823934,3.0,6.0,1.0,2.0,248.0,190.0,66.0,52.0,182.0,138.0,8.0,15.0,9.0,37.0,3.0,509.0,43.0,50.0,90.0,940.884893615783,17.0,301.604302069533,217.198852112093,255.118586225588,10.0,180.0,,,4.0,114.0,50.0,79.0,,3.0,7.0,18.0,13.0,,,17.0,14.0,3.0,,,,,,,,,,,,,,,,,,,14.78,9.82,5.04,16.980000000000004,45.66,13.072984749455337,15.754901960784316,0.477124183006536,56.48630136986301,70.60416666666667,76.61290322580645,53.76579520697168,1.0,0.0980392156862745,0.196078431372549,2.9411764705882355,1.2745098039215683,1.2745098039215683,0.4049313725490196,0.3135392156862745,0.1645332686274509,0.2941176470588235,0.0980392156862745,24.31372549019608,18.62745098039216,6.470588235294118,5.098039215686274,17.84313725490196,13.529411764705882,0.7843137254901961,1.4705882352941178,0.8823529411764706,3.627450980392157,0.2941176470588235,49.90196078431372,4.215686274509804,4.901960784313726,8.823529411764707,92.2436170211552,1.6666666666666667,29.569049222503235,21.294005109028724,25.01162610054784,0.9803921568627452,17.647058823529413,0.392156862745098,11.176470588235292,4.901960784313726,7.745098039215686,,0.2941176470588235,0.6862745098039216,1.7647058823529411,1.2745098039215683,,1.6666666666666667,1.3725490196078431,0.2941176470588235,,,,,,1.4490196078431372,0.9627450980392156,0.4941176470588235,1.6647058823529417,4.476470588235295,43.85964912280702,,36.0,,,,,,,,,,,,,,0.5882352941176471,0.196078431372549,,,,62.4178,37.9997,63.1786,31.5546,8.3992,18.3192,24.0,15.0,13.0,2.0,9.0,15.0,9.0,0.0,9.0,6.0,0.0,0.625,0.5417,0.0833,0.375,0.625,0.375,0.0,0.375,0.25,0.0,high_central,Right,season_collapsed_average_positions_v13,62.4178,37.9997,0.0980392156862745,1.2816651715152292,0.0467768806869152,5.537872683319903,6.921977124183006,0.0980392156862745,6.1193921568627445,3.7254607843137255,6.193980392156863,3.093588235294118,0.8234509803921568,1.7959999999999998,2.3529411764705883,1.4705882352941178,1.2745098039215683,0.196078431372549,0.8823529411764706,1.4705882352941178,0.8823529411764706,0.0,0.8823529411764706,0.5882352941176471,0.0,6.1193921568627445,3.7254607843137255,F,F,F,F,F,F,RW,AM-W,Right Wide Forward,V13 zone-distribution rescue selected winger from repeated wide/high-wide average positions.,"v6_scores={'W': 3.573, 'ST': 2.163, 'SS': 2.153, 'DM': 0.028, 'CM': 1.516, 'AM': 2.082, 'CB': -0.657, 'FB': 1.624, 'WB': 2.401}; wide_pct=0.62; high_wide_pct=0.38; right_pct=0.54; left_pct=0.08; spatial_n=24.0",0.82,True,arbitrated_role_group,AM-W,W,Wide Forward,Inside Forward,81.69,0.6337,0.567,343,,4,6,0,1,"shots_total_per90, xg_per90, dribbles_attempted_per90, progressive_carries_per90",,"off the ball, pace, acceleration, agility, anticipation",W,0.32592263299630864,0.5384991274472541,0.28544358197474085,0.4149765452437578,0.5486673866234542,0.516128957259614,0.28544358197474085,0.4149765452437578,0.9139022142857143,1.0,0.4916605598070209,0.8264489025973157,Goal Threat Winger,W,Right,Wide Forward,Goal Threat Winger
1158921,Bill Antonio,Bill Antonio,2025-26,Pro League,KV Mechelen,1,Pro League,1,KV Mechelen,36,1130.0,2002-09-03,23.0,2026-05-25,Zimbabwe,177.0,Right,F,F,attack,F,DM,6,"F, DM, CM, W, M, ST",low,heuristic_base,1.0,1.0,15.0,4.0,6.0,1.1069,0.6071000000000001,1.74139542,1.0,1.0,,,292.0,189.0,83.0,63.0,209.0,126.0,13.0,13.0,2.0,48.0,5.0,664.0,53.0,65.0,152.0,1567.261187009865,35.0,700.4647591370464,351.10761732646347,852.2112719913074,20.0,282.0,,,8.0,163.0,68.0,108.0,13.0,11.0,31.0,26.0,6.0,,,12.0,16.0,2.0,,,,,,,,,,,,,,,,,,,15.2,9.42,7.02,23.48,39.3,11.832743362831858,38.0,0.5433628318584071,58.59934853420195,68.18452380952381,64.72602739726027,50.49646017699115,1.0,0.079646017699115,0.079646017699115,1.1946902654867255,0.3185840707964602,0.4778761061946903,0.0881601769911504,0.0483530973451327,0.1386952104424778,0.079646017699115,,23.256637168141594,15.053097345132745,6.610619469026549,5.017699115044247,16.646017699115045,10.035398230088497,1.0353982300884956,1.0353982300884956,0.1592920353982301,3.8230088495575214,0.3982300884955752,52.88495575221239,4.221238938053097,5.176991150442478,12.106194690265486,124.82611223972376,2.7876106194690267,55.78922860383555,27.964323503877623,67.87523405240502,1.592920353982301,22.460176991150444,0.6371681415929203,12.982300884955752,5.415929203539823,8.601769911504425,1.0353982300884956,0.8761061946902655,2.4690265486725664,2.070796460176992,0.4778761061946903,,0.9557522123893806,1.2743362831858407,0.1592920353982301,,,,,,1.2106194690265486,0.7502654867256636,0.5591150442477876,1.870088495575221,3.1300884955752206,41.71779141104295,84.61538461538461,40.0,,,,,,,,,,,,,,0.079646017699115,,,,,60.686,21.784,62.44,16.9364,13.7671,14.1751,31.0,29.0,28.0,1.0,2.0,16.0,13.0,2.0,15.0,13.0,1.0,0.9355,0.9032,0.0323,0.0645,0.5161,0.4194,0.0645,0.4839,0.4194,0.0323,mid_right,Right,season_collapsed_average_positions_v13,60.686,21.784,0.079646017699115,0.9424308873051922,0.0432766857232359,4.66720475051166,5.430625790139064,0.079646017699115,4.833398230088496,1.735008849557522,4.973097345132743,1.348916814159292,1.0964946902654866,1.1289902654867257,2.4690265486725664,2.309734513274336,2.230088495575221,0.079646017699115,0.1592920353982301,1.2743362831858407,1.0353982300884956,0.1592920353982301,1.1946902654867255,1.0353982300884956,0.079646017699115,4.833398230088496,1.735008849557522,F,F,F,F,F,F,RW,AM-W,Right Wide Forward,V13 zone-distribution rescue selected winger from repeated wide/high-wide average positions.,"v6_scores={'W': 4.28, 'ST': 0.389, 'SS': 1.933, 'DM': 0.109, 'CM': 1.631, 'AM': 1.809, 'CB': -0.049, 'FB': 1.814, 'WB': 3.08}; wide_pct=0.94; high_wide_pct=0.48; right_pct=0.90; left_pct=0.03; spatial_n=31.0",0.82,True,arbitrated_role_group,AM-W,W,Tracking Winger,Winger,69.1,0.382,0.117,343,,1,4,0,1,crosses_total_per90,,"marking, work rate, stamina",W,0.4717505109131171,0.2560913328886534,0.45819412775501017,0.5015745538609522,0.2617567161526845,0.24362748970778492,0.45819412775501017,0.5015745538609522,0.8587261428571429,1.0,0.48276411312284323,0.8232416718774117,1v1 Winger,W,Right,Tracking Winger,1v1 Winger
909966,Largie Ramazani,Largie Ramazani,2025-26,Multiple,Multiple,2,"La Liga, Premier League",2,"Leeds United, Valencia",31,1250.0,2001-02-27,25.0,2026-05-25,Belgium,167.0,Right,F,F,attack,ST,AM,5,"ST, AM, F, M, CM",low,heuristic_base,6.0,1.0,51.0,19.0,15.0,6.941199999999999,6.9391,2.16824244,4.0,4.0,2.0,1.0,315.0,234.0,100.0,88.0,215.0,146.0,16.0,17.0,9.0,29.0,7.0,636.0,38.0,55.0,170.0,1788.7106319689349,46.0,884.4004939469093,397.71574729205497,1013.3310966176784,34.0,213.0,,,17.0,144.0,59.0,106.0,,3.0,11.0,22.0,13.0,2.0,,17.0,20.0,4.0,,,1.0,,,,,,,,,,,,,,,,15.42,13.22,14.239999999999998,7.84,53.6,26.6136,17.0,0.2552,66.89968652037618,82.71278458844134,74.28571428571429,52.0216,1.0,0.432,0.072,3.672,1.368,1.08,0.4997664,0.4996152,0.1561134556799999,0.288,0.144,22.68,16.848,7.2,6.336,15.48,10.512,1.152,1.224,0.648,2.088,0.504,45.792,2.736,3.96,12.24,128.78716550176333,3.312,63.67683556417747,28.63553380502796,72.95983895647284,2.448,15.336,1.224,10.368,4.248,7.632,,0.216,0.792,1.584,0.936,,1.224,1.44,0.288,,,,,,1.11024,0.95184,1.02528,0.56448,3.859199999999999,40.97222222222222,,40.0,0.144,,,,,,,,,,,,0.072,0.288,0.072,,,,61.7774,47.4755,63.6846,47.6063,8.7737,20.1203,27.0,14.0,8.0,6.0,13.0,15.0,12.0,0.0,11.0,3.0,0.0,0.5185,0.2963,0.2222,0.4815,0.5556,0.4444,0.0,0.4074,0.1111,0.0,mid_central,Central/Mixed,season_collapsed_average_positions_v13,61.7774,47.4755,0.144,1.9161792,0.0183744,4.816777429467084,5.955320490367776,0.072,4.4479728000000005,3.4182360000000003,4.5852912,3.4276536,0.6317064,1.4486616,1.944,1.008,0.576,0.432,0.936,1.08,0.864,0.0,0.792,0.216,0.0,4.4479728000000005,3.4182360000000003,F,ST,ST,F,ST,ST,RW,AM-W,Right Wide Forward,V13 zone-distribution rescue selected winger from repeated wide/high-wide average positions.,"v6_scores={'W': 3.714, 'ST': 2.691, 'SS': 2.221, 'DM': 0.024, 'CM': 1.587, 'AM': 2.196, 'CB': -0.205, 'FB': 1.659, 'WB': 2.896}; wide_pct=0.52; high_wide_pct=0.41; right_pct=0.30; left_pct=0.22; spatial_n=27.0",0.82,True,arbitrated_role_group,AM-W,W,Inside Forward,Wide Forward,90.62,0.8123,0.567,343,,4,6,0,0,"shots_total_per90, xg_per90, goals_per90, dribbles_attempted_per90",,"composure, flair, vision, off the ball, pace",W,0.45607426921280425,0.2597671380757456,0.44224479697607944,0.4864991081335987,0.2682190336081483,0.24117296790445963,0.44224479697607944,0.4864991081335987,0.8912392142857143,1.0,0.4785962325242661,0.8217368061388726,Goal Threat Winger,W,Right,Inside Forward,Goal Threat Winger
1597265,Estêvão,Estêvão,2025-26,Premier League,Chelsea,1,Premier League,1,Chelsea,25,852.0,2007-04-24,19.0,2026-05-25,Brazil,176.0,Left,F,M,midfield,CM,AM,3,"CM, AM, M",low,heuristic_stats,2.0,2.0,28.0,8.0,9.0,2.9248,2.9058,2.1989491,4.0,2.0,6.0,2.0,270.0,218.0,69.0,58.0,201.0,160.0,16.0,9.0,5.0,16.0,5.0,492.0,23.0,70.0,94.0,1048.54657847,24.0,478.62012011,190.24030153,469.03172826,20.0,153.0,,,11.0,135.0,52.0,97.0,5.0,3.0,14.0,29.0,11.0,,,12.0,9.0,4.0,,1.0,,,1.33,1.88,0.48,0.31,0.11,,,,,,,,,,8.780000000000001,3.96,3.14,3.84,29.42,15.051643192488262,41.0,0.2265258215962441,67.20725388601036,65.39453717754174,80.74074074074075,42.25704225352113,1.0,0.2112676056338028,0.2112676056338028,2.9577464788732395,0.8450704225352113,0.9507042253521126,0.3089577464788732,0.3069507042253521,0.2322833556338028,0.4225352112676056,0.6338028169014085,28.52112676056338,23.028169014084508,7.288732394366197,6.126760563380282,21.232394366197184,16.901408450704224,1.6901408450704225,0.9507042253521126,0.528169014084507,1.6901408450704225,0.528169014084507,51.971830985915496,2.4295774647887325,7.394366197183099,9.929577464788732,110.76196251443662,2.535211267605634,50.55846339190141,20.09580649964789,49.545605097887325,2.112676056338028,16.161971830985916,1.1619718309859155,14.26056338028169,5.492957746478873,10.246478873239436,0.528169014084507,0.3169014084507042,1.4788732394366195,3.063380281690141,1.1619718309859155,,1.267605633802817,0.9507042253521126,0.4225352112676056,0.1404929577464788,0.1985915492957746,0.0507042253521126,0.0327464788732394,0.0116197183098591,0.9274647887323944,0.4183098591549296,0.3316901408450703,0.4056338028169014,3.10774647887324,38.51851851851852,60.0,41.42857142857143,,,,,,,,,,,,,,0.2112676056338028,0.2112676056338028,,0.1056338028169014,,64.3417,28.1016,64.8714,24.0356,9.4004,16.8616,22.0,19.0,18.0,1.0,3.0,15.0,7.0,0.0,12.0,7.0,0.0,0.8636,0.8182,0.0455,0.1364,0.6818,0.3182,0.0,0.5455,0.3182,0.0,high_right,Right,season_collapsed_average_positions_v13,64.3417,28.1016,0.1056338028169014,1.5899623090656616,0.0239287839714342,7.09935780486025,6.9078736455149725,0.1056338028169014,6.796658450704226,2.968478873239437,6.852612676056338,2.5389718309859157,0.993,1.781154929577465,2.323943661971831,2.007042253521127,1.9014084507042253,0.1056338028169014,0.3169014084507042,1.5845070422535212,0.7394366197183099,0.0,1.267605633802817,0.7394366197183099,0.0,6.796658450704226,2.968478873239437,F,CM,CM,F,CM,CM,RW,AM-W,Right Wide Forward,V13 zone-distribution rescue selected winger from repeated wide/high-wide average positions.,"v6_scores={'W': 3.567, 'ST': 2.044, 'SS': 3.039, 'DM': -0.001, 'CM': 1.865, 'AM': 2.91, 'CB': -0.081, 'FB': 1.568, 'WB': 2.498}; wide_pct=0.86; high_wide_pct=0.55; right_pct=0.82; left_pct=0.05; spatial_n=22.0",0.82,True,arbitrated_role_group,AM-W,W,Wide Forward,Inside Winger,84.34,0.6868,0.717,343,,4,6,1,1,"shots_total_per90, xg_per90, dribbles_attempted_per90, progressive_carries_per90",distance_sprinting_km_per90,"off the ball, pace, acceleration, agility, anticipation",W,0.3240768987950425,0.45913605711585315,0.3047207297891389,0.3666604706080303,0.43865441681399575,0.5041956657799392,0.3047207297891389,0.3666604706080303,0.9054739285714285,1.0,0.4666703963632479,0.8174226074600078,Playmaking Winger,W,Right,Wide Forward,Playmaking Winger
795066,Marcus Edwards,Marcus Edwards,2025-26,Premier League,Burnley,1,Premier League,1,Burnley,35,1073.0,1998-12-03,27.0,2026-05-25,England,167.0,Left,F,F,attack,ST,SS,4,"ST, SS, CM, F",low,heuristic_base,1.0,3.0,23.0,6.0,8.0,1.4907,0.9897,1.84693203,6.0,2.0,1.0,1.0,338.0,279.0,88.0,76.0,250.0,203.0,20.0,12.0,6.0,20.0,5.0,548.0,42.0,38.0,215.0,2165.108227113265,40.0,769.60353576,350.45948695,1008.9465469118036,28.0,170.0,,,9.0,118.0,45.0,82.0,2.0,2.0,8.0,14.0,17.0,,,7.0,18.0,,,,,,0.18,0.65,0.25,0.09,0.06,,,,,,,,,,12.92,6.0600000000000005,2.58,4.56,56.120000000000005,23.486486486486488,10.0,0.1808014911463187,67.52061855670104,79.09728183118742,82.54437869822485,56.315936626281456,1.0,0.0838769804287045,0.2516309412861137,1.929170549860205,0.5032618825722274,0.6710158434296365,0.1250354147250698,0.0830130475302889,0.1549150817334576,0.5032618825722274,0.0838769804287045,28.350419384902143,23.40167753960857,7.381174277726002,6.374650512581547,20.969245107176143,17.027027027027028,1.6775396085740912,1.0065237651444547,0.5032618825722274,1.6775396085740912,0.4193849021435228,45.9645852749301,3.522833178005592,3.187325256290773,18.03355079217148,181.60274039160657,3.3550792171481825,64.55202070680336,29.39548352795899,84.62738976893041,2.348555452003728,14.259086672879777,0.7548928238583411,9.89748369058714,3.7744641192917054,6.877912395153775,0.1677539608574091,0.1677539608574091,0.6710158434296365,1.174277726001864,1.4259086672879775,,0.587138863000932,1.5097856477166822,,0.0150978564771668,0.0545200372786579,0.0209692451071761,0.0075489282385834,0.0050326188257222,1.083690587138863,0.5082945013979497,0.2164026095060578,0.3824790307548928,4.7071761416589,38.13559322033898,100.0,36.8421052631579,,,,,,,,,,,,,,0.1677539608574091,0.0838769804287045,,,,63.7253,31.4287,62.2475,31.9231,9.829,11.5285,23.0,12.0,12.0,0.0,11.0,12.0,11.0,0.0,6.0,6.0,0.0,0.5217,0.5217,0.0,0.4783,0.5217,0.4783,0.0,0.2609,0.2609,0.0,high_right,Right,season_collapsed_average_positions_v13,63.7253,31.4287,0.0838769804287045,1.9699755673660613,0.0151650831343603,5.66342560121444,6.634441160118237,0.0838769804287045,5.345085740913327,2.636144454799627,5.221132339235788,2.6776132339235788,0.8244268406337372,0.9669757688723204,1.929170549860205,1.0065237651444547,1.0065237651444547,0.0,0.9226467847157502,1.0065237651444547,0.9226467847157502,0.0,0.5032618825722274,0.5032618825722274,0.0,5.345085740913327,2.636144454799627,F,ST,ST,F,ST,ST,RW,AM-W,Right Wide Forward,V13 zone-distribution rescue selected winger from repeated wide/high-wide average positions.,"v6_scores={'W': 3.319, 'ST': 1.021, 'SS': 2.604, 'DM': 0.018, 'CM': 1.854, 'AM': 2.563, 'CB': -0.397, 'FB': 1.563, 'WB': 2.759}; wide_pct=0.52; high_wide_pct=0.26; right_pct=0.52; left_pct=0.00; spatial_n=23.0",0.82,True,arbitrated_role_group,AM-W,W,Inside Winger,Playmaking Winger,57.04,0.1408,0.729,343,,6,7,0,0,"dribbles_attempted_per90, progressive_carries_per90, shots_total_per90, xg_per90, key_passes_per90, xa_per90",,"technique, composure, teamwork, acceleration, agility",W,0.47930306470290857,0.1641115660548781,0.5154912287160958,0.3996891038738968,0.12469524849188231,0.2508274646934688,0.5154912287160958,0.3996891038738968,0.8633490714285714,1.0,0.4604899406229386,0.8151819847578589,Ball-Carrying Winger,W,Right,Inside Winger,Ball-Carrying Winger
1799251,Brenner,Brenner,2025-26,Liga Portugal Betclic,Santa Clara,1,Liga Portugal Betclic,1,Santa Clara,31,1216.0,2002-01-02,24.0,2026-05-25,Brazil,171.0,Right,F,F,attack,W,ST,4,"W, ST, F, M",low,heuristic_stats,,1.0,25.0,7.0,14.0,2.2057,1.813,2.20740928,6.0,3.0,7.0,,206.0,158.0,67.0,56.0,139.0,102.0,23.0,9.0,3.0,50.0,11.0,488.0,42.0,46.0,114.0,1361.4535779314472,24.0,443.21575477453,286.38902631637313,500.2472620147163,19.0,181.0,,,6.0,131.0,60.0,81.0,2.0,7.0,15.0,17.0,5.0,,,16.0,32.0,2.0,,1.0,,,,,,,,,,,,,,,,,4.9,2.32,8.040000000000001,5.48,48.72,15.523848684210526,11.0,0.28125,64.57894736842105,71.27233429394812,76.69902912621359,53.0016447368421,1.0,,0.0740131578947368,1.850328947368421,0.5180921052631579,1.0361842105263157,0.1632508223684211,0.1341858552631578,0.1633773315789473,0.4440789473684211,0.5180921052631579,15.24671052631579,11.69407894736842,4.958881578947368,4.144736842105263,10.28782894736842,7.549342105263157,1.7023026315789471,0.6661184210526315,0.2220394736842105,3.700657894736842,0.8141447368421053,36.11842105263158,3.108552631578948,3.4046052631578947,8.4375,100.7654786297946,1.7763157894736843,32.803797639562255,21.196556224073667,37.02487958990499,1.40625,13.396381578947368,0.4440789473684211,9.695723684210526,4.440789473684211,5.995065789473684,0.1480263157894736,0.5180921052631579,1.1101973684210529,1.2582236842105263,0.3700657894736842,,1.1842105263157894,2.3684210526315788,0.1480263157894736,,,,,,0.3626644736842105,0.1717105263157894,0.5950657894736843,0.4055921052631579,3.605921052631579,45.80152671755725,350.0,36.95652173913044,,,,,,,,,,,,,,0.2220394736842105,,,0.0740131578947368,,67.0703,30.5895,66.7978,24.8402,9.208,19.8494,28.0,26.0,23.0,3.0,2.0,22.0,6.0,0.0,21.0,5.0,0.0,0.9286,0.8214,0.1071,0.0714,0.7857,0.2143,0.0,0.75,0.1786,0.0,high_right,Right,season_collapsed_average_positions_v13,67.0703,30.5895,0.0740131578947368,1.1489690637984764,0.0208162006578947,4.779691828254848,5.27509053162445,0.0740131578947368,4.964084703947369,2.264025493421053,4.943916118421052,1.838501644736842,0.6815131578947369,1.4691167763157893,2.0723684210526314,1.924342105263158,1.7023026315789471,0.2220394736842105,0.1480263157894736,1.6282894736842106,0.4440789473684211,0.0,1.5542763157894737,0.3700657894736842,0.0,4.964084703947369,2.264025493421053,F,W,W,F,W,W,RW,AM-W,Right Wide Forward,V13 zone-distribution rescue selected winger from repeated wide/high-wide average positions.,"v6_scores={'W': 3.228, 'ST': 0.914, 'SS': 2.301, 'DM': -0.072, 'CM': 1.158, 'AM': 2.394, 'CB': -0.495, 'FB': 1.516, 'WB': 2.475}; wide_pct=0.93; high_wide_pct=0.75; right_pct=0.82; left_pct=0.11; spatial_n=28.0",0.82,True,arbitrated_role_group,AM-W,W,Tracking Winger,Winger,66.76,0.3352,0.117,343,,1,4,0,1,crosses_total_per90,,"marking, work rate, stamina",W,0.356245448750951,0.380666174023523,0.3363670181291719,0.3999779961188649,0.3740720665288064,0.39517321051189946,0.3363670181291719,0.3999779961188649,0.8762915714285714,1.0,0.45828974263981637,0.8143835385189147,Winger,W,Right,Tracking Winger,Winger
786269,Witiness Quembo,Witiness Quembo,2025-26,Liga Portugal Betclic,CD Nacional,1,Liga Portugal Betclic,1,CD Nacional,30,948.0,1996-08-26,29.0,2026-05-25,Mozambique,178.0,Left,F,F,attack,F,W,3,"F, W, SS",low,heuristic_base,1.0,1.0,18.0,5.0,11.0,1.8481,1.3581,2.10451226,2.0,5.0,3.0,1.0,220.0,143.0,54.0,40.0,166.0,103.0,16.0,25.0,9.0,31.0,9.0,425.0,24.0,25.0,83.0,1005.1024128989482,11.0,262.79519769619105,197.879204029722,301.13590330357243,12.0,158.0,,,4.0,89.0,38.0,66.0,3.0,6.0,13.0,8.0,12.0,,,12.0,12.0,4.0,,,1.0,,,,,,,,,,,,,,,,14.68,9.92,6.1000000000000005,12.48,55.26,14.862869198312236,7.0,0.2964135021097046,70.1779359430605,66.5736568457539,65.0,56.232067510548525,1.0,0.0949367088607595,0.0949367088607595,1.7088607594936709,0.4746835443037974,1.0443037974683544,0.1754525316455696,0.1289335443037974,0.199795467721519,0.189873417721519,0.2848101265822785,20.88607594936709,13.575949367088608,5.1265822784810124,3.79746835443038,15.759493670886076,9.778481012658228,1.518987341772152,2.373417721518988,0.8544303797468354,2.9430379746835444,0.8544303797468354,40.348101265822784,2.278481012658228,2.373417721518988,7.879746835443038,95.42111514863431,1.0443037974683544,24.948911173689023,18.78600038256855,28.58885157945308,1.139240506329114,15.0,0.379746835443038,8.449367088607595,3.607594936708861,6.265822784810126,0.2848101265822785,0.569620253164557,1.2341772151898731,0.759493670886076,1.139240506329114,,1.139240506329114,1.139240506329114,0.379746835443038,,,,,,1.3936708860759497,0.941772151898734,0.5791139240506329,1.1848101265822786,5.24620253164557,42.69662921348315,200.0,32.0,,,,,,,,,,,,,0.0949367088607595,0.4746835443037974,0.0949367088607595,,,,61.7788,44.4884,61.8427,30.1395,8.7885,28.2264,26.0,22.0,14.0,8.0,4.0,13.0,13.0,0.0,13.0,9.0,0.0,0.8462,0.5385,0.3077,0.1538,0.5,0.5,0.0,0.5,0.3462,0.0,mid_central,Right,season_collapsed_average_positions_v13,61.7788,44.4884,0.0949367088607595,1.4110318859157185,0.0281405223521871,6.662462273075364,6.320283877761447,0.0949367088607595,5.865075949367088,4.223582278481012,5.871142405063291,2.861344936708861,0.8343512658227848,2.679721518987342,2.4683544303797467,2.088607594936709,1.3291139240506329,0.759493670886076,0.379746835443038,1.2341772151898731,1.2341772151898731,0.0,1.2341772151898731,0.8544303797468354,0.0,5.865075949367088,4.223582278481012,F,F,F,F,F,F,RW,AM-W,Right Wide Forward,V13 zone-distribution rescue selected winger from repeated wide/high-wide average positions.,"v6_scores={'W': 2.579, 'ST': 0.974, 'SS': 2.534, 'DM': 0.125, 'CM': 1.191, 'AM': 2.497, 'CB': -0.503, 'FB': 1.333, 'WB': 2.016}; wide_pct=0.85; high_wide_pct=0.50; right_pct=0.54; left_pct=0.31; spatial_n=26.0",0.82,True,arbitrated_role_group,AM-W,W,Playmaking Winger,Tracking Winger,56.27,0.1255,0.708,343,,5,6,0,0,"key_passes_per90, xa_per90, crosses_accurate_per90, dribbles_attempted_per90, passes_opposition_half_total_per90",,"vision, technique, decisions, composure, flair",W,0.273913290037893,0.48003257688651924,0.2958286061409735,0.2256995946111159,0.5068440585480225,0.4210473172312121,0.2958286061409735,0.2256995946111159,0.9419209285714286,1.0,0.44923795988623627,0.8110942235597565,Winger,W,Right,Playmaking Winger,Winger
1089108,Ilias Akhomach,Ilias Akhomach,2025-26,La Liga,Multiple,1,La Liga,2,"Rayo Vallecano, Villarreal",26,897.0,2004-04-16,22.0,2026-05-25,Morocco,175.0,Left,F,M,midfield,CM,AM,5,"CM, AM, F, ST, M",low,heuristic_base,,1.0,24.0,8.0,10.0,1.9444,1.2035,0.8940633099999999,3.0,4.0,1.0,,258.0,217.0,72.0,66.0,186.0,151.0,13.0,18.0,10.0,31.0,6.0,531.0,31.0,44.0,145.0,1289.108713978733,24.0,429.261584169985,213.7660216900295,760.2083195483499,27.0,167.0,,,8.0,148.0,75.0,83.0,,2.0,7.0,14.0,2.0,,,18.0,36.0,3.0,,,,,,,,,,,,,,,,,,,23.14,13.7,2.1,9.32,38.7,22.35340022296544,11.793756967670012,0.2775919732441471,60.00401606425703,73.76523297491039,84.10852713178295,48.05128205128205,1.0,,0.1003344481605351,2.408026755852843,0.802675585284281,1.0033444816053512,0.1950903010033444,0.120752508361204,0.0897053488294314,0.3010033444816054,0.1003344481605351,25.88628762541806,21.77257525083612,7.224080267558528,6.622073578595318,18.662207357859533,15.150501672240802,1.3043478260869563,1.806020066889632,1.0033444816053512,3.1103678929765888,0.6020066889632107,53.27759197324415,3.1103678929765888,4.414715719063545,14.548494983277592,129.34201143599327,2.408026755852843,43.06972416421254,21.44809582174209,76.27508222893144,2.709030100334448,16.755852842809364,0.802675585284281,14.849498327759198,7.525083612040134,8.327759197324415,,0.2006688963210702,0.7023411371237458,1.4046822742474916,0.2006688963210702,,1.806020066889632,3.612040133779264,0.3010033444816054,,,,,,2.3217391304347825,1.374581939799331,0.2107023411371237,0.9351170568561874,3.882943143812709,50.67567567567568,,31.818181818181817,,,,,,,,,,,,,,0.4013377926421405,,,,,58.3684,24.2699,60.0816,21.5534,8.1813,13.4212,20.0,19.0,18.0,1.0,1.0,8.0,12.0,0.0,8.0,11.0,0.0,0.95,0.9,0.05,0.05,0.4,0.6,0.0,0.4,0.55,0.0,mid_right,Right,season_collapsed_average_positions_v13,58.3684,24.2699,0.1003344481605351,2.24281607588282,0.0278520374492455,6.0204698392231135,7.401193943970941,0.1003344481605351,5.8563612040133775,2.4351070234113714,6.028254180602007,2.1625484949832776,0.820866220735786,1.346608695652174,2.0066889632107023,1.9063545150501675,1.806020066889632,0.1003344481605351,0.1003344481605351,0.802675585284281,1.2040133779264215,0.0,0.802675585284281,1.1036789297658862,0.0,5.8563612040133775,2.4351070234113714,F,CM,CM,F,CM,CM,RW,AM-W,Right Wide Forward,V13 zone-distribution rescue selected winger from repeated wide/high-wide average positions.,"v6_scores={'W': 3.841, 'ST': 1.302, 'SS': 2.08, 'DM': 0.083, 'CM': 1.74, 'AM': 2.077, 'CB': -0.37, 'FB': 1.773, 'WB': 2.805}; wide_pct=0.95; high_wide_pct=0.40; right_pct=0.90; left_pct=0.05; spatial_n=20.0",0.82,True,arbitrated_role_group,AM-W,W,Wide Forward,Inside Forward,64.66,0.2932,0.567,343,,4,6,0,1,"shots_total_per90, xg_per90, dribbles_attempted_per90, progressive_carries_per90",,"off the ball, pace, acceleration, agility, anticipation",W,0.35443953594166694,0.35632229291432627,0.3389640729102012,0.38848555461089146,0.34874304765574743,0.37299663248319964,0.3389640729102012,0.38848555461089146,0.8189914285714286,1.0,0.4444812269255575,0.8093627993445458,Ball-Carrying Winger,W,Right,Wide Forward,Ball-Carrying Winger
1398518,Álex Sancris,Álex Sancris,2025-26,La Liga,Getafe,1,La Liga,1,Getafe,33,710.0,1997-01-18,29.0,2026-05-25,Spain,181.0,Both,F,F,attack,W,WM,3,"W, WM, F",low,heuristic_base,,1.0,13.0,5.0,4.0,0.3866,0.4417,0.96887008,1.0,,8.0,,194.0,134.0,59.0,44.0,135.0,90.0,8.0,15.0,5.0,60.0,8.0,372.0,19.0,10.0,60.0,634.8897778808839,8.0,180.0349651477353,116.15366436540788,64.7413054821892,9.0,149.0,,,4.0,86.0,31.0,61.0,14.0,5.0,22.0,5.0,11.0,,,16.0,12.0,4.0,,,,,,,,,,,,,,,,,,,10.12,5.800000000000001,2.32,4.2,47.5,14.061971830985916,18.0,0.4802816901408451,54.22873900293255,73.15533980582525,69.0721649484536,55.99154929577465,1.0,,0.1267605633802817,1.647887323943662,0.6338028169014085,0.5070422535211268,0.0490056338028168,0.0559901408450704,0.1228145171830985,0.1267605633802817,1.0140845070422535,24.591549295774648,16.985915492957748,7.47887323943662,5.577464788732394,17.112676056338028,11.408450704225352,1.0140845070422535,1.9014084507042253,0.6338028169014085,7.605633802816901,1.0140845070422535,47.15492957746479,2.408450704225352,1.267605633802817,7.605633802816901,80.47898592856275,1.0140845070422535,22.821333610276305,14.723703933643254,8.206644356897224,1.1408450704225352,18.88732394366197,0.5070422535211268,10.901408450704226,3.929577464788733,7.732394366197183,1.7746478873239435,0.6338028169014085,2.788732394366197,0.6338028169014085,1.3943661971830985,,2.028169014084507,1.5211267605633805,0.5070422535211268,,,,,,1.2828169014084507,0.7352112676056339,0.2940845070422535,0.532394366197183,6.02112676056338,36.04651162790697,35.714285714285715,50.0,,,,,,,,,,,,,,,,,,,61.8257,46.0987,63.1236,44.3905,8.9712,27.8383,18.0,14.0,8.0,6.0,4.0,12.0,6.0,0.0,9.0,5.0,0.0,0.7778,0.4444,0.3333,0.2222,0.6667,0.3333,0.0,0.5,0.2778,0.0,mid_central,Central/Mixed,season_collapsed_average_positions_v13,61.8257,46.0987,0.1267605633802817,1.782503471533426,0.0608807776234874,6.8740655074139845,9.273212088062357,0.1267605633802817,7.837060563380282,5.843497183098592,8.001583098591551,5.626964788732395,1.137194366197183,3.528798591549296,2.2816901408450705,1.7746478873239435,1.0140845070422535,0.7605633802816901,0.5070422535211268,1.5211267605633805,0.7605633802816901,0.0,1.1408450704225352,0.6338028169014085,0.0,7.837060563380282,5.843497183098592,F,W,W,F,W,W,RW,AM-W,Right Wide Forward,V13 zone-distribution rescue selected winger from repeated wide/high-wide average positions.,"v6_scores={'W': 2.259, 'ST': 0.423, 'SS': 1.944, 'DM': 0.152, 'CM': 1.294, 'AM': 1.893, 'CB': -0.003, 'FB': 1.348, 'WB': 1.816}; wide_pct=0.78; high_wide_pct=0.50; right_pct=0.44; left_pct=0.33; spatial_n=18.0",0.82,True,arbitrated_role_group,AM-W,W,Tracking Winger,Winger,98.25,0.965,0.117,343,,1,4,0,1,crosses_total_per90,,"marking, work rate, stamina",W,0.17739390627670576,0.5936646035762418,0.18863447220435828,0.15266466123587022,0.6217515212631652,0.5318733846650103,0.18863447220435828,0.15266466123587022,0.9838896428571429,1.0,0.4342961728953337,0.8056487703173891,Winger,W,Right,Tracking Winger,Winger
294597,Federico Bernardeschi,Federico Bernardeschi,2025-26,Serie A,Bologna,1,Serie A,1,Bologna,31,1223.0,1994-02-15,32.0,2026-05-25,Italy,185.0,Left,F,M,midfield,AM,F,5,"AM, F, ST, W, CM",low,heuristic_stats,4.0,2.0,39.0,13.0,17.0,3.0182,3.6917,2.29255179,4.0,,2.0,,540.0,471.0,174.0,163.0,366.0,308.0,30.0,58.0,47.0,49.0,15.0,807.0,38.0,49.0,231.0,2493.856158837304,32.0,628.9456726415759,256.99159253082075,561.5908288171499,16.0,191.0,,,11.0,103.0,48.0,61.0,4.0,6.0,7.0,24.0,3.0,1.0,,13.0,11.0,3.0,,,1.0,,,,,,,,,,,,,,,,5.98,5.4,6.1000000000000005,6.779999999999999,46.29999999999999,22.7448896156991,10.0,0.2845461978740801,63.89942528735632,74.20724801812004,87.22222222222223,43.59443990188062,1.0,0.294358135731807,0.1471790678659035,2.8699918233851185,0.9566639411283728,1.25102207686018,0.222107931316435,0.2716704824202779,0.1687078177432542,0.294358135731807,0.1471790678659035,39.73834832379395,34.66067048242028,12.804578904333606,11.995094031071137,26.933769419460344,22.665576451349143,2.2076860179885527,4.268192968111202,3.4587080948487325,3.605887162714636,1.1038430089942763,59.38675388389207,2.7964022894521667,3.605887162714636,16.999182338511854,183.5217124246585,2.354865085854456,46.28381891884042,18.911891519030146,41.32720735367416,1.177432542927228,14.055600981193786,0.8094848732624693,7.579721995094031,3.5322976287816843,4.488961569910058,0.294358135731807,0.4415372035977105,0.5151267375306623,1.766148814390842,0.2207686017988552,,0.9566639411283728,0.8094848732624693,0.2207686017988552,,,,,,0.4400654129190514,0.3973834832379394,0.4488961569910057,0.4989370400654128,3.4071954210956656,46.601941747572816,150.0,48.97959183673469,0.0735895339329517,,,,,,,,,,,,0.0735895339329517,,,,,,59.4579,33.9116,62.2667,30.6947,10.9532,15.1953,29.0,19.0,18.0,1.0,10.0,16.0,12.0,1.0,11.0,7.0,0.0,0.6552,0.6207,0.0345,0.3448,0.5517,0.4138,0.0345,0.3793,0.2414,0.0,mid_central,Right,season_collapsed_average_positions_v13,59.4579,33.9116,0.0735895339329517,1.673785826175731,0.020939622083947,4.702328925480024,5.460876796100411,0.0735895339329517,4.375479149632053,2.4955388389206865,4.582177432542927,2.2588086672117744,0.8060408830744072,1.118215044971382,2.134096484055601,1.3982011447260834,1.3246116107931316,0.0735895339329517,0.7358953393295176,1.177432542927228,0.8830744071954211,0.0735895339329517,0.8094848732624693,0.5151267375306623,0.0,4.375479149632053,2.4955388389206865,F,AM,AM,F,AM,AM,RW,AM-W,Right Wide Forward,V13 zone-distribution rescue selected winger from repeated wide/high-wide average positions.,"v6_scores={'W': 3.635, 'ST': 1.528, 'SS': 3.11, 'DM': 0.459, 'CM': 2.195, 'AM': 2.847, 'CB': -0.214, 'FB': 1.8, 'WB': 2.825}; wide_pct=0.66; high_wide_pct=0.38; right_pct=0.62; left_pct=0.03; spatial_n=29.0",0.82,True,arbitrated_role_group,AM-W,W,Playmaking Winger,Inside Forward,75.79,0.5158,0.708,343,,5,6,0,0,"key_passes_per90, xa_per90, crosses_accurate_per90, dribbles_attempted_per90, passes_opposition_half_total_per90",,"vision, technique, decisions, composure, flair",W,0.3176272160769984,0.3593582261724569,0.32192550605544107,0.3081709781244244,0.3140900607139805,0.45894819018110505,0.32192550605544107,0.3081709781244244,0.8977965714285714,1.0,0.43330721515153114,0.80528765125197,Ball-Carrying Winger,W,Right,Playmaking Winger,Ball-Carrying Winger
809276,Jacob Bruun Larsen,Jacob Bruun Larsen,2025-26,Premier League,Burnley,1,Premier League,1,Burnley,32,1038.0,1998-09-19,27.0,2026-05-25,Denmark,183.0,Right,F,F,attack,F,M,3,"F, M, W",low,heuristic_base,,1.0,17.0,4.0,6.0,1.38,0.8774000000000001,1.17110896,2.0,2.0,4.0,1.0,292.0,238.0,75.0,67.0,217.0,171.0,12.0,10.0,3.0,42.0,9.0,504.0,20.0,35.0,92.0,851.013133089676,10.0,184.020099598586,194.287982766602,280.93079916193096,11.0,149.0,,,8.0,77.0,33.0,59.0,12.0,11.0,17.0,10.0,5.0,,,1.0,,,,,,,1.09,1.35,0.53,0.26,0.18,,,,,,,,,,14.919999999999998,5.12,7.56,15.42,35.4,14.434489402697496,7.0,0.3448940269749518,66.43296089385476,70.16911764705883,81.5068493150685,57.23410404624278,1.0,,0.0867052023121387,1.4739884393063585,0.3468208092485549,0.5202312138728323,0.1196531791907514,0.0760751445086705,0.1015412393063583,0.1734104046242774,0.3468208092485549,25.31791907514451,20.63583815028902,6.502890173410405,5.809248554913295,18.815028901734102,14.826589595375722,1.0404624277456649,0.8670520231213873,0.2601156069364161,3.6416184971098255,0.7803468208092486,43.69942196531792,1.7341040462427746,3.034682080924856,7.976878612716763,73.7872658748274,0.8670520231213873,15.955499965195315,16.84577885259555,24.358161777046035,0.953757225433526,12.919075144508671,0.6936416184971098,6.676300578034682,2.861271676300578,5.115606936416185,1.0404624277456649,0.953757225433526,1.4739884393063585,0.8670520231213873,0.4335260115606936,,0.0867052023121387,,,0.0945086705202312,0.1170520231213873,0.0459537572254335,0.022543352601156,0.0156069364161849,1.2936416184971096,0.4439306358381503,0.6554913294797688,1.3369942196531792,3.069364161849711,42.85714285714285,91.66666666666669,28.571428571428573,,,,,,,,,,,,,,0.1734104046242774,0.0867052023121387,,,,63.2682,49.6302,63.2012,50.1804,10.2538,24.8334,28.0,19.0,10.0,9.0,9.0,15.0,13.0,0.0,7.0,12.0,0.0,0.6786,0.3571,0.3214,0.3214,0.5357,0.4643,0.0,0.25,0.4286,0.0,high_central,Central/Mixed,season_collapsed_average_positions_v13,63.2682,49.6302,0.0867052023121387,1.2515453239333088,0.0299041063851114,5.760083314496077,6.0840275416525,0.0867052023121387,5.485682080924855,4.303196531791907,5.479872832369942,4.350901734104046,0.8890578034682081,2.1531849710982662,2.4277456647398843,1.6473988439306355,0.8670520231213873,0.7803468208092486,0.7803468208092486,1.300578034682081,1.1271676300578035,0.0,0.6069364161849711,1.0404624277456649,0.0,5.485682080924855,4.303196531791907,F,F,F,F,F,F,RW,AM-W,Right Wide Forward,V13 zone-distribution rescue selected winger from repeated wide/high-wide average positions.,"v6_scores={'W': 2.625, 'ST': 0.624, 'SS': 1.878, 'DM': 0.048, 'CM': 1.309, 'AM': 1.806, 'CB': 0.031, 'FB': 1.33, 'WB': 1.975}; wide_pct=0.68; high_wide_pct=0.25; right_pct=0.36; left_pct=0.32; spatial_n=28.0",0.82,True,arbitrated_role_group,AM-W,W,Tracking Winger,Winger,62.73,0.2545,0.199,343,,1,4,1,1,crosses_total_per90,distance_running_km_per90,"marking, work rate, stamina",W,0.21209630736058638,0.5450315892486475,0.2445217620859965,0.14076030696468414,0.5476138208277006,0.5393506797747306,0.2445217620859965,0.14076030696468414,0.9125672857142857,1.0,0.4317764419226016,0.8047285156210677,Winger,W,Right,Tracking Winger,Winger
954061,Arnaud Kalimuendo,Arnaud Kalimuendo,2025-26,Multiple,Multiple,2,"Bundesliga, Premier League",2,"Eintracht Frankfurt, Nottingham Forest",37,1526.0,2002-01-20,24.0,2026-05-25,France,175.0,Right,F,F,attack,ST,F,5,"ST, F, SS, AM, DM",low,heuristic_base,6.0,1.0,34.0,17.0,3.0,4.4821,6.274500000000001,1.19656149,3.0,8.0,7.0,,330.0,282.0,92.0,82.0,238.0,200.0,23.0,13.0,8.0,17.0,3.0,578.0,39.0,42.0,191.0,1934.3635190136824,51.0,884.505189769769,354.80989823193664,942.6904036488162,32.0,154.0,,,15.0,163.0,67.0,113.0,30.0,16.0,46.0,21.0,3.0,,,11.0,18.0,4.0,,,,,,,,,,,,,,,,,,,10.38,5.7,3.06,6.619999999999999,34.18,24.088466579292263,24.30537352555701,0.1068152031454783,69.0122699386503,75.09935205183585,85.45454545454545,44.26277850589777,1.0,0.3538663171690694,0.0589777195281782,2.0052424639580604,1.0026212319790302,0.1769331585845347,0.2643440366972477,0.3700557011795544,0.070570467955439,0.1769331585845347,0.4128440366972477,19.46264744429882,16.631716906946266,5.425950196592399,4.836173001310616,14.036697247706424,11.795543905635649,1.3564875491480997,0.7667103538663171,0.4718217562254259,1.0026212319790302,0.1769331585845347,34.08912188728703,2.300131061598952,2.477064220183486,11.264744429882043,114.08434908992882,3.0078636959370906,52.16609900345952,20.925878663744623,55.59773022830502,1.887287024901704,9.082568807339449,0.8846657929226737,9.613368283093054,3.9515072083879423,6.664482306684142,1.769331585845347,0.943643512450852,2.7129750982962,1.238532110091743,0.1769331585845347,,0.6487549148099607,1.0615989515072084,0.2359108781127129,,,,,,0.6121887287024902,0.336173001310616,0.1804718217562254,0.3904325032765399,2.015858453473132,41.104294478527606,53.333333333333336,50.0,,,,,,,,,,,,,,0.4718217562254259,,,,,66.4967,49.7933,64.7486,51.2517,7.751,18.4,27.0,12.0,6.0,6.0,15.0,18.0,9.0,0.0,12.0,0.0,0.0,0.4444,0.2222,0.2222,0.5556,0.6667,0.3333,0.0,0.4444,0.0,0.0,high_central,Central/Mixed,season_collapsed_average_positions_v13,66.4967,49.7933,0.1179554390563564,1.4206828257773942,0.0062997170924594,4.070186300444645,4.429188522061092,0.0589777195281782,3.9218237221494094,2.9366952817824377,3.8187247706422016,3.022708387942333,0.4571363040629096,1.0851900393184797,1.5923984272608125,0.7077326343381389,0.3538663171690694,0.3538663171690694,0.8846657929226737,1.0615989515072084,0.5307994757536042,0.0,0.7077326343381389,0.0,0.0,3.9218237221494094,2.9366952817824377,F,ST,ST,F,ST,ST,RW,AM-W,Right Wide Forward,V13 zone-distribution rescue selected winger from repeated wide/high-wide average positions.,"v6_scores={'W': 2.737, 'ST': 1.583, 'SS': 1.831, 'DM': -0.071, 'CM': 1.482, 'AM': 1.955, 'CB': 0.52, 'FB': 1.136, 'WB': 2.356}; wide_pct=0.44; high_wide_pct=0.44; right_pct=0.22; left_pct=0.22; spatial_n=27.0",0.82,True,arbitrated_role_group,AM-W,W,Inside Forward,Wide Forward,60.37,0.2073,0.567,343,,4,6,0,0,"shots_total_per90, xg_per90, goals_per90, dribbles_attempted_per90",,"composure, flair, vision, off the ball, pace",W,0.40485479763536375,0.19737867509851714,0.4115823259971856,0.39005423523935573,0.17934898781962308,0.23704398711208405,0.4115823259971856,0.39005423523935573,0.8823531428571428,1.0,0.4317671099086038,0.8047251063352486,Goal Threat Winger,W,Right,Inside Forward,Goal Threat Winger
855731,David Brooks,David Brooks,2025-26,Premier League,Bournemouth,1,Premier League,1,Bournemouth,33,1220.0,1997-07-08,28.0,2026-05-25,Wales,173.0,Left,M,M,midfield,AM,M,4,"AM, M, CM, WM",low,heuristic_base,1.0,3.0,48.0,13.0,18.0,5.834,2.8202000000000003,3.30067706,8.0,11.0,2.0,2.0,445.0,343.0,106.0,85.0,339.0,258.0,26.0,26.0,12.0,59.0,11.0,734.0,32.0,41.0,143.0,1380.841208509168,25.0,455.2249476593782,274.2899186220785,606.3292352788031,10.0,223.0,,,17.0,114.0,55.0,78.0,5.0,6.0,13.0,17.0,20.0,,,11.0,13.0,7.0,,,,,2.76,4.27,1.3,0.72,0.6,,,,,,,,,,18.94,13.5,3.5,14.48,54.96,14.76639344262295,7.0,0.2762295081967213,67.9020771513353,69.49490373725935,77.07865168539325,48.22704918032787,1.0,0.0737704918032786,0.221311475409836,3.540983606557377,0.9590163934426228,1.3278688524590163,0.4303770491803278,0.2080475409836065,0.24349257,0.5901639344262295,0.1475409836065573,32.82786885245902,25.30327868852459,7.819672131147541,6.270491803278689,25.008196721311474,19.0327868852459,1.9180327868852456,1.9180327868852456,0.8852459016393442,4.352459016393443,0.8114754098360656,54.14754098360656,2.360655737704918,3.0245901639344264,10.549180327868852,101.865335053955,1.8442622950819672,33.582168269954124,20.23450219343202,44.72920588122318,0.7377049180327869,16.450819672131146,1.2540983606557377,8.40983606557377,4.057377049180328,5.754098360655738,0.3688524590163934,0.4426229508196721,0.9590163934426228,1.2540983606557377,1.475409836065574,,0.8114754098360656,0.9590163934426228,0.5163934426229508,0.2036065573770491,0.3149999999999999,0.0959016393442623,0.0531147540983606,0.0442622950819672,1.3972131147540985,0.9959016393442623,0.2581967213114754,1.0681967213114754,4.054426229508197,48.24561403508772,120.0,41.46341463414634,,,,,,,,,,,,,,0.8114754098360656,0.1475409836065573,,,,61.7591,46.0839,62.7382,40.3853,10.3666,24.885,31.0,24.0,14.0,10.0,7.0,18.0,12.0,1.0,15.0,8.0,0.0,0.7742,0.4516,0.3226,0.2258,0.5806,0.3871,0.0323,0.4839,0.2581,0.0,mid_central,Right,season_collapsed_average_positions_v13,61.7591,46.0839,0.0737704918032786,1.0893241064230046,0.0203775866702499,5.009169625918179,5.126673226519133,0.0737704918032786,4.555999180327868,3.3996319672131152,4.628227868852459,2.979243442622951,0.7647491803278689,1.83577868852459,2.2868852459016398,1.7704918032786885,1.0327868852459017,0.7377049180327869,0.5163934426229508,1.3278688524590163,0.8852459016393442,0.0737704918032786,1.1065573770491803,0.5901639344262295,0.0,4.555999180327868,3.3996319672131152,M,AM,AM,M,AM,AM,RW,AM-W,Right Wide Forward,V13 zone-distribution rescue selected winger from repeated wide/high-wide average positions.,"v6_scores={'W': 3.153, 'ST': 2.435, 'SS': 3.328, 'DM': 0.111, 'CM': 1.943, 'AM': 3.151, 'CB': -0.05, 'FB': 1.738, 'WB': 2.507}; wide_pct=0.77; high_wide_pct=0.48; right_pct=0.45; left_pct=0.32; spatial_n=31.0",0.82,True,arbitrated_role_group,AM-W,W,Tracking Winger,Wide Forward,85.14,0.7028,0.199,343,,1,4,1,1,crosses_total_per90,distance_running_km_per90,"marking, work rate, stamina",W,0.2777264738712372,0.3807109577693466,0.28405050824450656,0.26381359825004475,0.3271494995958824,0.49854616575096783,0.28405050824450656,0.26381359825004475,0.974547,1.0,0.4255972360296462,0.8024693466201231,Playmaking Winger,W,Right,Tracking Winger,Playmaking Winger
818244,Ousmane Dembélé,Ousmane Dembélé,2025-26,Ligue 1,Paris Saint-Germain,1,Ligue 1,1,Paris Saint-Germain,24,1062.0,1997-05-15,29.0,2026-05-25,France,178.0,Both,F,F,attack,ST,SS,3,"ST, SS, W",medium,heuristic_stats,10.0,7.0,45.0,18.0,20.0,6.598700000000001,7.524100000000001,4.4976801,9.0,4.0,8.0,1.0,745.0,619.0,123.0,114.0,622.0,505.0,41.0,38.0,30.0,49.0,12.0,940.0,11.0,39.0,224.0,2140.707361189892,47.0,818.1934782594002,296.65430357938567,1083.809749588717,12.0,205.0,,,7.0,66.0,36.0,37.0,3.0,2.0,4.0,24.0,3.0,1.0,,3.0,4.0,,,,,,,,,,,,,,,,,,,,3.34,1.74,,2.08,15.94,18.60075329566855,10.0,0.2796610169491525,62.494949494949495,70.65037037037037,83.08724832214764,30.328625235404896,1.0,0.847457627118644,0.5932203389830508,3.8135593220338975,1.5254237288135593,1.694915254237288,0.5592118644067797,0.637635593220339,0.3811593305084746,0.7627118644067796,0.6779661016949152,63.13559322033898,52.45762711864407,10.423728813559322,9.66101694915254,52.71186440677966,42.79661016949152,3.4745762711864407,3.220338983050848,2.542372881355932,4.152542372881356,1.0169491525423728,79.66101694915254,0.9322033898305084,3.305084745762712,18.983050847457623,181.41587806694,3.983050847457627,69.33843036096613,25.140195218592005,91.8482838634506,1.0169491525423728,17.372881355932204,0.5932203389830508,5.593220338983051,3.0508474576271185,3.135593220338983,0.2542372881355932,0.1694915254237288,0.3389830508474576,2.0338983050847457,0.2542372881355932,,0.2542372881355932,0.3389830508474576,,,,,,,0.2830508474576271,0.147457627118644,,0.176271186440678,1.3508474576271186,54.54545454545455,66.66666666666667,61.53846153846154,0.0847457627118644,,,,,,,,,,,,,0.3389830508474576,0.0847457627118644,,,,68.8465,35.7972,69.3868,33.9408,8.1273,10.0969,22.0,9.0,9.0,0.0,13.0,18.0,4.0,0.0,8.0,1.0,0.0,0.4091,0.4091,0.0,0.5909,0.8182,0.1818,0.0,0.3636,0.0455,0.0,high_central,Central/Mixed,season_collapsed_average_positions_v13,68.8465,35.7972,0.0847457627118644,1.5763350250566568,0.0237000861821315,5.29618216058894,5.987319522912743,0.0847457627118644,5.834449152542374,3.033661016949152,5.880237288135593,2.876338983050848,0.6887542372881356,0.8556694915254237,1.8644067796610169,0.7627118644067796,0.7627118644067796,0.0,1.1016949152542372,1.5254237288135593,0.3389830508474576,0.0,0.6779661016949152,0.0847457627118644,0.0,5.834449152542374,3.033661016949152,F,ST,ST,F,ST,ST,RW,AM-W,Right Wide Forward,V13 zone-distribution rescue selected winger from repeated wide/high-wide average positions.,"v6_scores={'W': 3.925, 'ST': 2.5, 'SS': 3.5, 'DM': 0.314, 'CM': 2.5, 'AM': 3.196, 'CB': -0.513, 'FB': 1.8, 'WB': 3.2}; wide_pct=0.41; high_wide_pct=0.36; right_pct=0.41; left_pct=0.00; spatial_n=22.0",0.82,True,arbitrated_role_group,AM-W,W,Inside Forward,Playmaking Winger,90.27,0.8054,0.567,343,,4,6,0,0,"shots_total_per90, xg_per90, goals_per90, dribbles_attempted_per90",,"composure, flair, vision, off the ball, pace",W,0.26567699967684294,0.4440715800904725,0.25142068405421075,0.2970408940466337,0.40572514838689355,0.5284337298383461,0.25142068405421075,0.2970408940466337,0.8446403571428571,1.0,0.4245599547322967,0.8020897722976806,Playmaking Winger,W,Right,Inside Forward,Playmaking Winger
940054,Karim Adeyemi,Karim Adeyemi,2025-26,Bundesliga,Borussia Dortmund,1,Bundesliga,1,Borussia Dortmund,29,1215.0,2002-01-18,24.0,2026-05-25,Germany,177.0,Left,F,F,attack,ST,F,3,"ST, F, SS",low,heuristic_stats,7.0,4.0,31.0,14.0,12.0,4.8722,5.8855,3.15550788,6.0,5.0,5.0,1.0,293.0,210.0,59.0,47.0,234.0,163.0,16.0,10.0,4.0,12.0,3.0,602.0,61.0,74.0,97.0,967.53273387843,22.0,395.4824464759967,242.4242516802948,428.3769421535071,20.0,230.0,,,5.0,155.0,64.0,104.0,10.0,7.0,8.0,27.0,9.0,,,21.0,25.0,5.0,,1.0,,,,,,,,,,,,,,,,,5.16,2.94,7.0600000000000005,1.88,44.80000000000001,13.924279835390946,27.0,0.1382716049382716,74.36904761904762,71.97134670487107,71.67235494880546,46.49711934156379,1.0,0.5185185185185185,0.2962962962962963,2.2962962962962963,1.037037037037037,0.8888888888888888,0.3609037037037037,0.435962962962963,0.2337413244444444,0.4444444444444444,0.3703703703703703,21.703703703703702,15.555555555555555,4.37037037037037,3.4814814814814814,17.333333333333332,12.074074074074074,1.1851851851851851,0.7407407407407407,0.2962962962962963,0.8888888888888888,0.2222222222222222,44.5925925925926,4.518518518518518,5.481481481481482,7.185185185185185,71.66909139840222,1.6296296296296295,29.29499603525901,17.957351976318133,31.731625344704224,1.4814814814814814,17.037037037037038,0.3703703703703703,11.48148148148148,4.7407407407407405,7.703703703703703,0.7407407407407407,0.5185185185185185,0.5925925925925926,2.0,0.6666666666666666,,1.5555555555555556,1.851851851851852,0.3703703703703703,,,,,,0.3822222222222222,0.2177777777777778,0.5229629629629631,0.1392592592592592,3.31851851851852,41.29032258064516,70.0,36.48648648648648,,,,,,,,,,,,,,0.3703703703703703,0.074074074074074,,0.074074074074074,,63.7481,44.588,64.8833,42.21,8.5329,18.7141,27.0,14.0,10.0,4.0,13.0,17.0,10.0,0.0,9.0,5.0,0.0,0.5185,0.3704,0.1481,0.4815,0.6296,0.3704,0.0,0.3333,0.1852,0.0,high_central,Central/Mixed,season_collapsed_average_positions_v13,63.7481,44.588,0.074074074074074,1.031428135954885,0.0102423411065386,5.508818342151676,5.331210867027487,0.074074074074074,4.7220814814814815,3.302814814814815,4.806170370370371,3.126666666666667,0.6320666666666667,1.3862296296296297,2.0,1.037037037037037,0.7407407407407407,0.2962962962962963,0.9629629629629628,1.2592592592592593,0.7407407407407407,0.0,0.6666666666666666,0.3703703703703703,0.0,4.7220814814814815,3.302814814814815,F,ST,ST,F,ST,ST,RW,AM-W,Right Wide Forward,V13 zone-distribution rescue selected winger from repeated wide/high-wide average positions.,"v6_scores={'W': 2.67, 'ST': 2.033, 'SS': 2.669, 'DM': -0.104, 'CM': 1.438, 'AM': 2.59, 'CB': -0.179, 'FB': 1.003, 'WB': 1.681}; wide_pct=0.52; high_wide_pct=0.33; right_pct=0.37; left_pct=0.15; spatial_n=27.0",0.82,True,arbitrated_role_group,AM-W,W,Inside Forward,Wide Forward,83.64,0.6727,0.567,343,,4,6,0,0,"shots_total_per90, xg_per90, goals_per90, dribbles_attempted_per90",,"composure, flair, vision, off the ball, pace",W,0.28923265539907883,0.34764444270038813,0.2802274507063288,0.30904410572312885,0.3296065929138813,0.38732771223070334,0.2802274507063288,0.30904410572312885,0.9020787857142857,1.0,0.41493852936687614,0.7985643626267154,1v1 Winger,W,Right,Inside Forward,1v1 Winger
1464966,Rayan,Rayan,2025-26,Premier League,Bournemouth,1,Premier League,1,Bournemouth,15,1119.0,2006-08-03,19.0,2026-05-25,Brazil,185.0,Left,M,M,midfield,AM,CM,3,"AM, CM, DM",low,heuristic_stats,5.0,2.0,28.0,8.0,9.0,2.9095,3.3736,1.82024027,3.0,,1.0,3.0,318.0,249.0,82.0,75.0,236.0,174.0,14.0,16.0,10.0,24.0,4.0,538.0,27.0,34.0,172.0,2046.5174988946303,47.0,1011.7485134251062,379.2652379841991,1083.937428442337,10.0,151.0,,,11.0,128.0,55.0,80.0,50.0,25.0,32.0,13.0,9.0,,,9.0,6.0,1.0,,,1.0,,,,,,,,,,,,,,,,10.62,6.62,7.78,19.640000000000004,42.61999999999999,31.05630026809652,37.0,0.0402144772117962,67.4888888888889,81.87807606263982,78.30188679245283,48.105451295799824,1.0,0.4021447721179624,0.1608579088471849,2.25201072386059,0.6434316353887399,0.7238605898123325,0.2340080428954424,0.2713351206434317,0.1464000217158177,0.2412868632707774,0.0804289544235924,25.576407506702413,20.02680965147453,6.595174262734584,6.032171581769437,18.98123324396783,13.994638069705092,1.126005361930295,1.28686327077748,0.8042895442359249,1.93029490616622,0.3217158176943699,43.270777479892764,2.171581769436997,2.734584450402145,13.83378016085791,164.5992626456807,3.780160857908847,81.37387507440532,30.50390654028411,87.17995403021477,0.8042895442359249,12.144772117962466,0.8847184986595175,10.29490616621984,4.423592493297587,6.434316353887399,4.021447721179625,2.0107238605898123,2.57372654155496,1.0455764075067024,0.7238605898123325,,0.7238605898123325,0.4825737265415549,0.0804289544235924,,,,,,0.8541554959785522,0.5324396782841823,0.6257372654155496,1.5796246648793568,3.427882037533512,42.96875,50.0,38.23529411764706,,,,,,,,,,,,,0.0804289544235924,,0.2412868632707774,,,,60.7567,31.8423,61.0794,18.9962,5.3395,24.8032,15.0,15.0,12.0,3.0,0.0,6.0,9.0,0.0,6.0,9.0,0.0,1.0,0.8,0.2,0.0,0.4,0.6,0.0,0.4,0.6,0.0,mid_right,Right,season_collapsed_average_positions_v13,60.7567,31.8423,0.0804289544235924,2.4978257588281383,0.0032344083548361,5.428060768543343,6.585368047933497,0.0804289544235924,4.886597855227882,2.5610428954423594,4.912552278820376,1.527844504021448,0.4294504021447721,1.994895442359249,1.206434316353887,1.206434316353887,0.96514745308311,0.2412868632707774,0.0,0.4825737265415549,0.7238605898123325,0.0,0.4825737265415549,0.7238605898123325,0.0,4.886597855227882,2.5610428954423594,M,AM,AM,M,AM,AM,RW,AM-W,Right Wide Forward,V13 zone-distribution rescue selected winger from repeated wide/high-wide average positions.,"v6_scores={'W': 3.302, 'ST': 1.488, 'SS': 2.273, 'DM': 0.013, 'CM': 1.743, 'AM': 2.219, 'CB': 1.092, 'FB': 1.657, 'WB': 2.799}; wide_pct=1.00; high_wide_pct=0.40; right_pct=0.80; left_pct=0.20; spatial_n=15.0",0.82,True,arbitrated_role_group,AM-W,W,Inside Forward,Wide Forward,63.1,0.2619,0.567,343,,4,6,0,0,"shots_total_per90, xg_per90, goals_per90, dribbles_attempted_per90",,"composure, flair, vision, off the ball, pace",W,0.4075707469129135,0.1028123686638861,0.44037478611102276,0.33540186067707317,0.0840048670717561,0.1441888721665721,0.44037478611102276,0.33540186067707317,0.8393492142857143,1.0,0.40135601686669964,0.7935732434394491,Ball-Carrying Winger,W,Right,Inside Forward,Ball-Carrying Winger
1639250,William Gomes,William Gomes,2025-26,Liga Portugal Betclic,FC Porto,1,Liga Portugal Betclic,1,FC Porto,31,1168.0,2006-03-15,20.0,2026-05-25,Brazil,171.0,Left,F,F,attack,W,ST,3,"W, ST, F",low,heuristic_stats,8.0,1.0,42.0,18.0,12.0,5.1526,6.3732,2.5636422100000003,6.0,1.0,1.0,2.0,302.0,212.0,64.0,46.0,238.0,166.0,14.0,23.0,13.0,55.0,7.0,633.0,30.0,58.0,163.0,1661.9924626907891,35.0,701.4461452934928,396.331129264364,875.6016121490305,16.0,232.0,,,12.0,190.0,76.0,119.0,2.0,6.0,17.0,22.0,22.0,,,31.0,21.0,5.0,1.0,,,,,,,,,,,,,,,,,,22.14,15.04,4.88,6.059999999999999,40.21999999999999,16.62928082191781,7.0,0.4657534246575342,57.67279411764706,63.990990990990994,70.19867549668874,45.76712328767123,1.0,0.6164383561643836,0.0770547945205479,3.2363013698630136,1.3869863013698631,0.9246575342465754,0.3970325342465753,0.4910856164383561,0.1975409237157534,0.4623287671232877,0.0770547945205479,23.27054794520548,16.335616438356166,4.931506849315069,3.544520547945205,18.33904109589041,12.79109589041096,1.0787671232876712,1.7722602739726028,1.0017123287671232,4.238013698630137,0.5393835616438356,48.77568493150685,2.3116438356164384,4.469178082191781,12.559931506849315,128.0644877073382,2.6969178082191783,54.049788592820505,30.53921372756229,67.46930230600407,1.2328767123287672,17.876712328767123,0.9246575342465754,14.64041095890411,5.856164383561644,9.169520547945206,0.1541095890410959,0.4623287671232877,1.3099315068493151,1.6952054794520548,1.6952054794520548,,2.3886986301369864,1.6181506849315068,0.3852739726027397,,,,,,1.7059931506849315,1.158904109589041,0.3760273972602739,0.4669520547945204,3.099143835616437,40.0,300.0,37.93103448275862,,,,,,,,,,,,,,0.0770547945205479,0.1541095890410959,0.0770547945205479,,,67.9208,23.9464,69.0968,19.5146,5.7825,15.4718,28.0,28.0,26.0,2.0,0.0,23.0,5.0,0.0,23.0,5.0,0.0,1.0,0.9286,0.0714,0.0,0.8214,0.1786,0.0,0.8214,0.1786,0.0,high_right,Right,season_collapsed_average_positions_v13,67.9208,23.9464,0.0770547945205479,1.2813658167573654,0.0358885344342278,4.44396530016116,4.930812661977045,0.0770547945205479,5.233623287671233,1.8451849315068487,5.324239726027398,1.503693493150685,0.4455693493150685,1.1921763698630137,2.1575342465753424,2.1575342465753424,2.0034246575342465,0.1541095890410959,0.0,1.7722602739726028,0.3852739726027397,0.0,1.7722602739726028,0.3852739726027397,0.0,5.233623287671233,1.8451849315068487,F,W,W,F,W,W,RW,AM-W,Right Wide Forward,V13 zone-distribution rescue selected winger from repeated wide/high-wide average positions.,"v6_scores={'W': 4.081, 'ST': 2.218, 'SS': 2.474, 'DM': 0.015, 'CM': 1.679, 'AM': 2.401, 'CB': -0.134, 'FB': 1.767, 'WB': 3.03}; wide_pct=1.00; high_wide_pct=0.82; right_pct=0.93; left_pct=0.07; spatial_n=28.0",0.82,True,arbitrated_role_group,AM-W,W,Inside Forward,Wide Forward,91.21,0.8243,0.567,343,,4,6,0,0,"shots_total_per90, xg_per90, goals_per90, dribbles_attempted_per90",,"composure, flair, vision, off the ball, pace",W,0.41615008038193074,0.08467340801255936,0.4000295726646254,0.4516151973600025,0.0945133720207613,0.0630254871945151,0.4000295726646254,0.4516151973600025,0.8347582142857143,1.0,0.40025352563911365,0.7931673735408841,Goal Threat Winger,W,Right,Inside Forward,Goal Threat Winger
1201395,Gianluca Prestianni,Gianluca Prestianni,2025-26,Liga Portugal Betclic,Benfica,1,Liga Portugal Betclic,1,Benfica,31,1551.0,2006-01-31,20.0,2026-05-25,Argentina,165.0,Right,M,M,midfield,AM,F,5,"AM, F, CM, M, W",medium,heuristic_stats,3.0,5.0,45.0,15.0,19.0,3.3089,3.7545,4.18464268,5.0,3.0,3.0,1.0,575.0,453.0,94.0,78.0,481.0,375.0,45.0,23.0,10.0,72.0,21.0,1039.0,46.0,103.0,263.0,2655.14180077618,61.0,1075.256046020004,389.8681732049,1351.7321413359375,20.0,298.0,,,11.0,243.0,120.0,124.0,6.0,10.0,16.0,53.0,22.0,,,18.0,39.0,8.0,1.0,1.0,,,,,,,,,,,,,,,,,15.560000000000002,9.8,7.779999999999999,3.3,72.41999999999999,21.102514506769825,25.0,0.192134107027724,59.82214765100671,74.74720550300945,78.78260869565217,42.691811734364926,1.0,0.1740812379110251,0.2901353965183752,2.611218568665377,0.8704061895551257,1.102514506769826,0.1920058027079303,0.2178626692456479,0.2428225926499032,0.2901353965183752,0.1740812379110251,33.36557059961315,26.2862669245648,5.454545454545454,4.526112185686654,27.911025145067697,21.760154738878143,2.611218568665377,1.334622823984526,0.5802707930367504,4.177949709864604,1.218568665377176,60.29013539651837,2.6692456479690523,5.97678916827853,15.261121856866538,154.07012383614196,3.539651837524178,62.39396785415884,22.622911404539654,78.43706816262693,1.1605415860735009,17.292069632495163,0.6382978723404256,14.100580270793037,6.963249516441006,7.195357833655706,0.3481624758220503,0.5802707930367504,0.9284332688588008,3.0754352030947776,1.2765957446808511,,1.0444874274661509,2.263056092843327,0.4642166344294003,,,,,,0.9029013539651838,0.5686653771760155,0.4514506769825918,0.1914893617021276,4.202321083172147,49.38271604938272,166.66666666666666,51.45631067961165,,,,,,,,,,,,,,0.1740812379110251,0.058027079303675,0.058027079303675,0.058027079303675,,66.7226,36.2718,66.4081,26.558,6.1993,21.8314,29.0,25.0,20.0,5.0,4.0,23.0,6.0,0.0,20.0,5.0,0.0,0.8621,0.6897,0.1724,0.1379,0.7931,0.2069,0.0,0.6897,0.1724,0.0,high_central,Right,season_collapsed_average_positions_v13,66.7226,36.2718,0.058027079303675,1.2245172827912858,0.0111489810654385,3.471304505861124,4.337362021451225,0.058027079303675,3.8717176015473886,2.1047466150870404,3.853468085106383,1.5410831721470015,0.3597272727272727,1.2668123791102512,1.6827852998065764,1.4506769825918762,1.1605415860735009,0.2901353965183752,0.2321083172147001,1.334622823984526,0.3481624758220503,0.0,1.1605415860735009,0.2901353965183752,0.0,3.8717176015473886,2.1047466150870404,M,AM,AM,M,AM,AM,RW,AM-W,Right Wide Forward,V13 zone-distribution rescue selected winger from repeated wide/high-wide average positions.,"v6_scores={'W': 4.4, 'ST': 1.285, 'SS': 3.466, 'DM': -0.014, 'CM': 2.067, 'AM': 3.217, 'CB': -0.282, 'FB': 1.8, 'WB': 3.2}; wide_pct=0.86; high_wide_pct=0.69; right_pct=0.69; left_pct=0.17; spatial_n=29.0",0.82,True,arbitrated_role_group,AM-W,W,Playmaking Winger,Winger,89.54,0.7909,0.708,343,,5,6,0,0,"key_passes_per90, xa_per90, crosses_accurate_per90, dribbles_attempted_per90, passes_opposition_half_total_per90",,"vision, technique, decisions, composure, flair",W,0.3754087408478203,0.10795028741012035,0.376094637483403,0.3738997682495384,0.09034560110267557,0.1466805972864988,0.376094637483403,0.3738997682495384,0.9062439285714285,1.0,0.3921229613109973,0.7901707343998979,Playmaking Winger,W,Right,Playmaking Winger,Playmaking Winger
979232,Anthony Elanga,Anthony Elanga,2025-26,Premier League,Newcastle United,1,Premier League,1,Newcastle United,34,1338.0,2002-04-27,24.0,2026-05-25,Sweden,178.0,Right,F,F,attack,F,W,3,"F, W, ST",low,heuristic_base,,1.0,17.0,4.0,8.0,1.6743,0.7095,1.7572604200000002,2.0,1.0,2.0,,426.0,344.0,113.0,94.0,313.0,250.0,15.0,12.0,8.0,82.0,12.0,731.0,39.0,42.0,155.0,1716.664976343126,28.0,614.097515474744,300.803705804736,752.320848856029,18.0,250.0,,,5.0,129.0,65.0,88.0,13.0,13.0,22.0,13.0,12.0,,,8.0,25.0,,,,,,2.53,3.8,1.17,0.57,0.46,,,,,,,,,,13.54,10.06,3.3800000000000003,5.74,31.22,18.118834080717487,20.0,0.2556053811659193,67.23976608187135,69.69975490196079,80.75117370892019,47.64723467862481,1.0,,0.0672645739910313,1.1434977578475336,0.2690582959641255,0.5381165919282511,0.1126210762331838,0.0477242152466367,0.1182013735426009,0.1345291479820627,0.1345291479820627,28.654708520179373,23.1390134529148,7.6008968609865475,6.322869955156951,21.053811659192824,16.816143497757846,1.0089686098654709,0.8071748878923767,0.5381165919282511,5.515695067264574,0.8071748878923767,49.17040358744394,2.623318385650224,2.8251121076233185,10.426008968609866,115.47073831904436,1.883408071748879,41.307007767359465,20.233433125879102,50.6045414028719,1.210762331838565,16.816143497757846,0.336322869955157,8.67713004484305,4.37219730941704,5.9192825112107625,0.874439461883408,0.874439461883408,1.4798206278026906,0.874439461883408,0.8071748878923767,,0.5381165919282511,1.6816143497757847,,0.1701793721973094,0.2556053811659193,0.0786995515695067,0.0383408071748878,0.0309417040358744,0.9107623318385653,0.6766816143497758,0.2273542600896861,0.3860986547085202,2.1,50.3875968992248,100.0,30.95238095238096,,,,,,,,,,,,,,0.0672645739910313,,,,,63.7172,25.1669,65.0877,19.4485,8.8487,14.2584,32.0,28.0,27.0,1.0,4.0,21.0,11.0,0.0,18.0,10.0,0.0,0.875,0.8438,0.0312,0.125,0.6562,0.3438,0.0,0.5625,0.3125,0.0,high_right,Right,season_collapsed_average_positions_v13,63.7172,25.1669,0.0672645739910313,1.2187556556536427,0.0171931870739407,4.522854220753678,4.688324320759694,0.0672645739910313,4.285910313901345,1.6928408071748875,4.3780964125560535,1.308195067264574,0.5952040358744394,0.959085201793722,2.1524663677130045,1.883408071748879,1.8161434977578477,0.0672645739910313,0.2690582959641255,1.4125560538116593,0.7399103139013453,0.0,1.210762331838565,0.672645739910314,0.0,4.285910313901345,1.6928408071748875,F,F,F,F,F,F,RW,AM-W,Right Wide Forward,V13 zone-distribution rescue selected winger from repeated wide/high-wide average positions.,"v6_scores={'W': 3.201, 'ST': 0.433, 'SS': 1.953, 'DM': 0.122, 'CM': 1.762, 'AM': 1.773, 'CB': -0.315, 'FB': 1.848, 'WB': 2.581}; wide_pct=0.88; high_wide_pct=0.56; right_pct=0.84; left_pct=0.03; spatial_n=32.0",0.82,True,arbitrated_role_group,AM-W,W,Tracking Winger,Winger,87.97,0.7593,0.199,343,,1,4,1,1,crosses_total_per90,distance_running_km_per90,"marking, work rate, stamina",W,0.32103717803499854,0.20710235987895495,0.29180076901477586,0.3853572778794883,0.1616515422496655,0.3070941586633918,0.29180076901477586,0.3853572778794883,0.894156,1.0,0.39038225973365265,0.78952837793641,Winger,W,Right,Tracking Winger,Winger
