player_id,player_name,profile_name,season,league,team,leagues_played_count,leagues_played_list,teams_played_count,teams_played_list,matches,minutes_played,date_of_birth,age,age_as_of,nationality,height_cm,preferred_foot,player_position,base_position,role_family,primary_role_position,secondary_role_position,positions_played_count,positions_played_list,position_confidence,position_source,goals,assists,shots_total,shots_on_target,shots_off_target,xg,xgot,xa,big_chances_created,big_chance_missed,offsides,hit_woodwork,passes_total,passes_accurate,passes_own_half_total,passes_own_half_accurate,passes_opposition_half_total,passes_opposition_half_accurate,key_passes,long_balls_total,long_balls_accurate,crosses_total,crosses_accurate,touches,unsuccessful_touches,dribbles_attempted,carries,carry_distance,progressive_carries,progressive_carry_distance,best_carry_progression,total_progression,dispossessed,possession_lost,last_man_tackles,clearance_off_line,blocked_shots,duels_total,duels_won,duels_lost,aerial_duels_total,aerial_duels_won,aerial_duels_lost,dribbles_won,challenges_lost,errors_leading_to_shot,errors_leading_to_goal,fouls_committed,fouls_drawn,yellow_cards,red_cards,penalties_won,penalties_conceded,penalties_faced,distance_walking_km,distance_jogging_km,distance_running_km,distance_high_speed_running_km,distance_sprinting_km,gk_saves,gk_saves_inside_box,gk_xgot_faced,gk_goals_prevented,gk_goals_prevented_raw,gk_high_claims,gk_punches,gk_sweeper_total,gk_sweeper_accurate,P-Adj_tackles_total,P-Adj_tackles_won,P-Adj_interceptions,P-Adj_clearances,P-Adj_recoveries,MW,shirt_number,is_substitute,sub_on_minute,sub_off_minute,pass_accuracy_pct,oppo_poss_pct,poss_available,goals_per90,assists_per90,shots_total_per90,shots_on_target_per90,shots_off_target_per90,xg_per90,xgot_per90,xa_per90,big_chances_created_per90,offsides_per90,passes_total_per90,passes_accurate_per90,passes_own_half_total_per90,passes_own_half_accurate_per90,passes_opposition_half_total_per90,passes_opposition_half_accurate_per90,key_passes_per90,long_balls_total_per90,long_balls_accurate_per90,crosses_total_per90,crosses_accurate_per90,touches_per90,unsuccessful_touches_per90,dribbles_attempted_per90,carries_per90,carry_distance_per90,progressive_carries_per90,progressive_carry_distance_per90,best_carry_progression_per90,total_progression_per90,dispossessed_per90,possession_lost_per90,blocked_shots_per90,duels_total_per90,duels_won_per90,duels_lost_per90,aerial_duels_total_per90,aerial_duels_won_per90,aerial_duels_lost_per90,dribbles_won_per90,challenges_lost_per90,errors_leading_to_goal_per90,fouls_committed_per90,fouls_drawn_per90,yellow_cards_per90,distance_walking_km_per90,distance_jogging_km_per90,distance_running_km_per90,distance_high_speed_running_km_per90,distance_sprinting_km_per90,P-Adj_tackles_total_per90,P-Adj_tackles_won_per90,P-Adj_interceptions_per90,P-Adj_clearances_per90,P-Adj_recoveries_per90,duel_win_pct,aerial_win_pct,dribble_success_pct,errors_leading_to_shot_per90,penalties_faced_per90,gk_saves_per90,gk_saves_inside_box_per90,gk_xgot_faced_per90,gk_goals_prevented_per90,gk_goals_prevented_raw_per90,gk_high_claims_per90,gk_punches_per90,gk_sweeper_total_per90,gk_sweeper_accurate_per90,last_man_tackles_per90,penalties_conceded_per90,big_chance_missed_per90,hit_woodwork_per90,red_cards_per90,penalties_won_per90,clearance_off_line_per90,season_avg_x,season_avg_y,season_median_x,season_median_y,season_std_x,season_std_y,spatial_matches_used,spatial_wide_matches,spatial_right_matches,spatial_left_matches,spatial_central_matches,spatial_high_matches,spatial_mid_matches,spatial_deep_matches,spatial_high_wide_matches,spatial_mid_wide_matches,spatial_deep_central_matches,spatial_wide_pct,spatial_right_pct,spatial_left_pct,spatial_central_pct,spatial_high_pct,spatial_mid_pct,spatial_deep_pct,spatial_high_wide_pct,spatial_mid_wide_pct,spatial_deep_central_pct,season_position_zone,spatial_dominant_side,position_context_source,avg_x,avg_y,leagues_played_count_per90,MW_per90,is_substitute_per90,sub_on_minute_per90,sub_off_minute_per90,poss_available_per90,season_avg_x_per90,season_avg_y_per90,season_median_x_per90,season_median_y_per90,season_std_x_per90,season_std_y_per90,spatial_matches_used_per90,spatial_wide_matches_per90,spatial_right_matches_per90,spatial_left_matches_per90,spatial_central_matches_per90,spatial_high_matches_per90,spatial_mid_matches_per90,spatial_deep_matches_per90,spatial_high_wide_matches_per90,spatial_mid_wide_matches_per90,spatial_deep_central_matches_per90,avg_x_per90,avg_y_per90,profile_position_raw,match_position_mode,match_role_mode,profile_positions_played,match_positions_played,match_roles_played,arbitrated_position,arbitrated_role_group,arbitrated_lane,arbitration_reason,position_evidence,arbitrated_confidence,position_conflict_flag,role_source_column,role_source_value,role_model_family,primary_role,secondary_role,role_score,role_bvalue,confidence,cohort_size,warning,measured_metrics_available,measured_metrics_possible,partial_proxies_available,partial_proxies_possible,measured_inputs,partial_proxies,unmeasured_traits,_family,similarity_core,similarity_broad,similarity_z_core,similarity_percentile_core,similarity_z_broad,similarity_percentile_broad,similarity_z,similarity_percentile,similarity_spatial,similarity_role_bonus,similarity_raw,similarity,similarity_archetype,similarity_family,similarity_side,similarity_display_role,similarity_color_key
248331,Brandon Mechele,Brandon Mechele,2025-26,Pro League,Club Brugge KV,1,Pro League,1,Club Brugge KV,38,3255.0,1993-01-28,33.0,2026-05-25,Belgium,188.0,Both,D,D,defence,CB,D,3,"CB, D, FB",medium,heuristic_stats,5.0,2.0,32.0,14.0,12.0,3.256099999999999,5.5291,1.45396365,3.0,3.0,2.0,1.0,2696.0,2485.0,1645.0,1567.0,1051.0,918.0,21.0,210.0,123.0,4.0,,3166.0,21.0,6.0,584.0,4821.069149753094,24.0,567.16626036195,375.7138113716765,1762.509272795592,5.0,245.0,1.0,,34.0,344.0,221.0,125.0,182.0,121.0,72.0,5.0,16.0,2.0,,34.0,21.0,4.0,,,1.0,,,,,,,,,,,,,,,,58.13999999999999,31.68,34.94,115.42,117.0,12.711827956989248,44.0,0.0,,56.50476190476191,92.17359050445104,39.43993855606759,1.0,0.1382488479262673,0.0552995391705069,0.8847926267281107,0.3870967741935484,0.3317972350230415,0.0900304147465437,0.1528783410138249,0.0402017599078341,0.0829493087557603,0.0552995391705069,74.54377880184332,68.70967741935483,45.483870967741936,43.32718894009216,29.05990783410138,25.38248847926268,0.5806451612903226,5.806451612903226,3.400921658986176,0.1105990783410138,,87.53917050691244,0.5806451612903226,0.1658986175115207,16.147465437788018,133.30145114524686,0.663594470046083,15.682016415537786,10.388400314424237,48.73297528467075,0.1382488479262673,6.774193548387097,0.9400921658986175,9.511520737327189,6.110599078341014,3.456221198156682,5.032258064516129,3.345622119815668,1.9907834101382489,0.1382488479262673,0.4423963133640553,,0.9400921658986175,0.5806451612903226,0.1105990783410138,,,,,,1.6075576036866357,0.8759447004608294,0.9660829493087556,3.191336405529954,3.2350230414746544,64.24418604651163,66.48351648351648,83.33333333333333,0.0552995391705069,,,,,,,,,,,0.0276497695852534,0.0276497695852534,0.0829493087557603,0.0276497695852534,,,,37.0607,63.8531,35.9029,64.4645,4.4712,5.0064,37.0,12.0,0.0,12.0,25.0,0.0,24.0,13.0,0.0,8.0,9.0,0.3243,0.0,0.3243,0.6757,0.0,0.6486,0.3514,0.0,0.2162,0.2432,mid_central,Central/Mixed,season_collapsed_average_positions_v13,37.0607,63.8531,0.0276497695852534,0.3514791140181359,0.0,,1.562343647136274,0.0276497695852534,1.0247198156682027,1.7655235023041471,0.9927069124423964,1.7824285714285717,0.1236276497695852,0.1384258064516129,1.023041474654378,0.3317972350230415,0.0,0.3317972350230415,0.6912442396313364,0.0,0.663594470046083,0.3594470046082949,0.0,0.2211981566820276,0.2488479262672811,1.0247198156682027,1.7655235023041471,D,CB,CB,D,CB,CB,CB,CB,Central Defence,V12 used season-collapsed spatial evidence because it was coherent with role-score evidence.,"v6_scores={'W': 0.499, 'ST': 0.643, 'SS': 1.444, 'DM': 0.967, 'CM': 2.011, 'AM': 0.99, 'CB': 2.367, 'FB': 0.48, 'WB': 0.469}; spatial=CB; spatial_strength=0.82; source_family=DEF; spatial_is_coherent=True",0.87,True,arbitrated_role_group,CB,CB,Ball-Playing Centre-Back,Centre-Back,88.1,0.762,0.607,809,,5,7,0,0,"passes_total_per90, passes_accurate_per90, long_balls_accurate_per90, total_progression_per90, carries_per90",,"composure, decisions, vision, technique, first touch, positioning",CB,0.9156391351869994,0.6253495403880552,0.9335064251339287,0.876331097303755,0.5952421915899517,0.6915857077438832,0.9335064251339287,0.876331097303755,0.8961577142857143,1.0,0.8346472522680455,0.9454524169950186,CB,CB,Central,Ball-Playing Centre-Back,CB
136924,Willi Orban,Willi Orban,2025-26,Bundesliga,RB Leipzig,1,Bundesliga,1,RB Leipzig,33,2950.0,1992-11-03,33.0,2026-05-25,Hungary,186.0,Right,D,D,defence,CB,,1,CB,medium,heuristic_stats,2.0,0.0,20.0,9.0,7.0,2.378,2.9274,1.04581642,1.0,4.0,2.0,1.0,2293.0,2056.0,1289.0,1224.0,1004.0,832.0,11.0,200.0,81.0,8.0,1.0,2850.0,12.0,8.0,650.0,5117.466692925229,16.0,337.3438348221809,257.526174041878,2007.3226235517884,3.0,267.0,,1.0,31.0,316.0,212.0,104.0,171.0,138.0,61.0,6.0,17.0,2.0,1.0,21.0,23.0,4.0,,,,,,,,,,,,,,,,,,,42.54,28.04,39.82,229.52,89.39999999999999,17.183050847457626,4.0,0.0,,70.0,89.66419537723506,45.94237288135593,1.0,0.0610169491525423,0.0,0.6101694915254238,0.2745762711864407,0.2135593220338983,0.0725491525423728,0.0893105084745762,0.0319062636610169,0.0305084745762711,0.0610169491525423,69.95593220338984,62.72542372881356,39.32542372881356,37.342372881355935,30.63050847457627,25.38305084745763,0.335593220338983,6.101694915254237,2.471186440677966,0.2440677966101695,0.0305084745762711,86.94915254237289,0.3661016949152542,0.2440677966101695,19.83050847457627,156.12610249602395,0.488135593220339,10.291845808134337,7.856730733481024,61.24035122700371,0.0915254237288135,8.145762711864407,0.9457627118644067,9.640677966101697,6.467796610169492,3.172881355932204,5.216949152542373,4.210169491525424,1.8610169491525423,0.1830508474576271,0.5186440677966102,0.0305084745762711,0.6406779661016949,0.7016949152542373,0.1220338983050847,,,,,,1.2978305084745765,0.855457627118644,1.2148474576271189,7.002305084745762,2.727457627118644,67.0886075949367,80.70175438596492,75.0,0.0610169491525423,,,,,,,,,,,,,0.1220338983050847,0.0305084745762711,,,0.0305084745762711,36.9892,34.8235,36.0244,34.4982,5.3934,4.8883,33.0,14.0,14.0,0.0,19.0,0.0,21.0,12.0,0.0,10.0,8.0,0.4242,0.4242,0.0,0.5758,0.0,0.6364,0.3636,0.0,0.303,0.2424,mid_central,Central/Mixed,season_collapsed_average_positions_v13,36.9892,34.8235,0.0305084745762711,0.5242286699224361,0.0,,2.135593220338983,0.0305084745762711,1.12848406779661,1.0624118644067797,1.0990494915254236,1.0524874576271186,0.164544406779661,0.1491345762711864,1.006779661016949,0.4271186440677966,0.4271186440677966,0.0,0.5796610169491525,0.0,0.6406779661016949,0.3661016949152542,0.0,0.3050847457627119,0.2440677966101695,1.12848406779661,1.0624118644067797,D,CB,CB,D,CB,CB,CB,CB,Central Defence,V12 used season-collapsed spatial evidence because it was coherent with role-score evidence.,"v6_scores={'W': 0.457, 'ST': 0.461, 'SS': 1.232, 'DM': 1.008, 'CM': 1.955, 'AM': 0.726, 'CB': 2.294, 'FB': 0.543, 'WB': 0.405}; spatial=CB; spatial_strength=0.82; source_family=DEF; spatial_is_coherent=True",0.87,True,arbitrated_role_group,CB,CB,Centre-Back,No-Nonsense Centre-Back,89.91,0.7982,0.575,809,,3,6,1,1,"blocked_shots_per90, aerial_duels_won_per90, duels_won_per90",height_cm,"marking, anticipation, positioning, jumping, strength, bravery, concentration",CB,0.9104619594151558,0.5279210026660992,0.9124029263701436,0.9061918321141826,0.5074653919601315,0.5729233462192279,0.9124029263701436,0.9061918321141826,0.9708837142857143,1.0,0.8108988918893929,0.9374794029325186,CB,CB,Central,Centre-Back,CB
877994,Marc Guéhi,Marc Guéhi,2025-26,Premier League,Multiple,1,Premier League,2,"Crystal Palace, Manchester City",35,3150.0,2000-07-13,25.0,2026-05-25,England,182.0,Right,D,D,defence,CB,D,2,"CB, D",medium,heuristic_stats,3.0,3.0,32.0,9.0,15.0,4.1206000000000005,3.9647,2.31957448,5.0,6.0,,2.0,2309.0,2070.0,1193.0,1115.0,1116.0,955.0,18.0,188.0,77.0,17.0,3.0,2808.0,18.0,11.0,718.0,6039.53275667477,38.0,859.7088030267381,481.586819981879,2425.544756209773,18.0,300.0,2.0,1.0,27.0,296.0,194.0,112.0,130.0,103.0,55.0,7.0,11.0,,2.0,25.0,38.0,6.0,,1.0,,,3.0,4.78,1.47,0.4,0.16,,,,,,,,,,48.03999999999999,31.76,46.58,164.86,132.38,19.142857142857142,9.857142857142858,0.0,,,89.64919878735384,48.42857142857143,1.0,0.0857142857142857,0.0857142857142857,0.9142857142857144,0.2571428571428571,0.4285714285714285,0.1177314285714285,0.1132771428571428,0.0662735565714285,0.1428571428571428,,65.97142857142858,59.142857142857146,34.08571428571429,31.857142857142858,31.88571428571429,27.285714285714285,0.5142857142857142,5.371428571428571,2.2,0.4857142857142857,0.0857142857142857,80.22857142857143,0.5142857142857142,0.3142857142857143,20.51428571428572,172.55807876213626,1.0857142857142856,24.563108657906803,13.759623428053686,69.30127874885066,0.5142857142857142,8.571428571428571,0.7714285714285715,8.457142857142857,5.542857142857143,3.2,3.7142857142857135,2.942857142857143,1.5714285714285714,0.2,0.3142857142857143,0.0571428571428571,0.7142857142857143,1.0857142857142856,0.1714285714285714,0.0857142857142857,0.1365714285714286,0.042,0.0114285714285714,0.0045714285714285,1.3725714285714283,0.9074285714285716,1.3308571428571427,4.710285714285715,3.782285714285714,65.54054054054055,79.23076923076923,63.63636363636363,,,,,,,,,,,,0.0571428571428571,,0.1714285714285714,0.0571428571428571,,0.0285714285714285,0.0285714285714285,39.8042,69.122,40.0222,70.0194,4.5294,7.5593,35.0,25.0,0.0,25.0,10.0,0.0,30.0,5.0,0.0,22.0,2.0,0.7143,0.0,0.7143,0.2857,0.0,0.8571,0.1429,0.0,0.6286,0.0571,mid_left,Left,season_collapsed_average_positions_v13,39.8042,69.122,0.0285714285714285,0.5469387755102041,0.0,,,0.0285714285714285,1.1372628571428571,1.9749142857142856,1.1434914285714284,2.0005542857142857,0.1294114285714285,0.21598,1.0,0.7142857142857143,0.0,0.7142857142857143,0.2857142857142857,0.0,0.8571428571428571,0.1428571428571428,0.0,0.6285714285714286,0.0571428571428571,1.1372628571428571,1.9749142857142856,D,CB,CB,D,CB,CB,CB,CB,Central Defence,"V7 defender refinement selected CB; top role=CB, top score=1.99, next=0.86.","v6_scores={'W': 0.947, 'ST': 0.71, 'SS': 1.541, 'DM': 0.963, 'CM': 2.145, 'AM': 1.068, 'CB': 1.985, 'FB': 0.811, 'WB': 0.863}; cb_signal=2.19, wide_def_signal=1.53, wingback_signal=1.16; source_family=DEF",0.82,True,arbitrated_role_group,CB,CB,Ball-Playing Centre-Back,Wide Centre-Back,81.16,0.6232,0.607,809,,5,7,0,0,"passes_total_per90, passes_accurate_per90, long_balls_accurate_per90, total_progression_per90, carries_per90",,"composure, decisions, vision, technique, first touch, positioning",CB,0.8334706578135017,0.7092784477569632,0.8472298736417656,0.8032003829913215,0.7201929146089134,0.685266620682673,0.8472298736417656,0.8032003829913215,0.7933767857142857,1.0,0.8043404988161894,0.9352711239366043,CB,CB,Central,Ball-Playing Centre-Back,CB
1403348,Jacobo Ramón,Jacobo Ramón,2025-26,Serie A,Como,1,Serie A,1,Como,33,2743.0,2005-01-06,21.0,2026-05-25,Spain,196.0,Right,D,D,defence,CB,D,2,"CB, D",medium,heuristic_stats,2.0,0.0,39.0,9.0,20.0,4.567699999999999,3.5112,1.45814699,1.0,9.0,,2.0,2121.0,1938.0,1265.0,1202.0,856.0,736.0,11.0,136.0,69.0,10.0,2.0,2526.0,19.0,12.0,582.0,4380.798438628616,28.0,609.8034348376154,339.6870910515799,2316.167706165035,9.0,227.0,,,19.0,296.0,182.0,117.0,152.0,113.0,56.0,7.0,15.0,3.0,,33.0,12.0,11.0,1.0,,1.0,,,,,,,,,,,,,,,,39.0,22.28,29.5,92.26,88.8,19.35617936565804,14.0,0.0328107911046299,46.0,46.0,91.37199434229136,38.33795114837769,1.0,0.0656215822092599,0.0,1.2796208530805686,0.2952971199416697,0.6562158220925993,0.1498698505286183,0.1152052497265767,0.0478429562887349,0.0328107911046299,,69.59168793292017,63.58731316077288,41.50565074735691,39.43857090776522,28.086037185563253,24.14874225300765,0.3609187021509296,4.462267590229676,2.263944586219468,0.3281079110462996,0.0656215822092599,82.8800583302953,0.6234050309879694,0.3937294932555596,19.09588042289464,143.73746244133264,0.918702150929639,20.00813311534284,11.145402185432808,75.99529477027092,0.2952971199416697,7.448049580751003,0.6234050309879694,9.71199416697047,5.971563981042654,3.838862559241706,4.987240247903755,3.7076193948231855,1.837404301859278,0.2296755377324097,0.4921618665694495,,1.0827561064527889,0.3937294932555596,0.3609187021509296,,,,,,1.2796208530805686,0.7310244258111557,0.967918337586584,3.027123587313161,2.913598250091141,61.48648648648648,74.34210526315789,58.333333333333336,0.0984323733138899,,,,,,,,,,,,0.0328107911046299,0.2952971199416697,0.0656215822092599,0.0328107911046299,,,38.7302,33.7196,38.5058,32.2122,5.7872,8.0519,32.0,20.0,19.0,1.0,12.0,0.0,24.0,8.0,0.0,14.0,2.0,0.625,0.5938,0.0312,0.375,0.0,0.75,0.25,0.0,0.4375,0.0625,mid_central,Right,season_collapsed_average_positions_v13,38.7302,33.7196,0.0328107911046299,0.635091557750355,0.0010765480129116,1.5092963908129784,1.5092963908129784,0.0328107911046299,1.2707685016405397,1.1063667517316806,1.2634057601166606,1.0569077652205616,0.1898826102807145,0.26418920889537,1.049945315348159,0.6562158220925993,0.6234050309879694,0.0328107911046299,0.3937294932555596,0.0,0.7874589865111192,0.2624863288370397,0.0,0.4593510754648195,0.0656215822092599,1.2707685016405397,1.1063667517316806,D,CB,CB,D,CB,CB,CB,CB,Central Defence,V12 used season-collapsed spatial evidence because it was coherent with role-score evidence.,"v6_scores={'W': 0.792, 'ST': 0.979, 'SS': 1.443, 'DM': 0.908, 'CM': 2.092, 'AM': 1.038, 'CB': 1.967, 'FB': 0.575, 'WB': 0.715}; spatial=CB; spatial_strength=0.82; source_family=DEF; spatial_is_coherent=True",0.87,True,arbitrated_role_group,CB,CB,Ball-Playing Centre-Back,Wide Centre-Back,83.89,0.6778,0.607,809,,5,7,0,0,"passes_total_per90, passes_accurate_per90, long_balls_accurate_per90, total_progression_per90, carries_per90",,"composure, decisions, vision, technique, first touch, positioning",CB,0.8428517721715734,0.5739621832678294,0.8503124554371834,0.8264382689872312,0.5510865552721876,0.6242885648582415,0.8503124554371834,0.8264382689872312,0.9218165,1.0,0.7827986633793856,0.9279979090933005,CB,CB,Central,Ball-Playing Centre-Back,CB
386958,Shogo Taniguchi,Shogo Taniguchi,2025-26,Pro League,Sint-Truidense VV,1,Pro League,1,Sint-Truidense VV,38,2877.0,1991-07-15,34.0,2026-05-25,Japan,182.0,Right,D,D,defence,CB,D,2,"CB, D",medium,heuristic_stats,1.0,1.0,14.0,2.0,9.0,1.0737,0.543,1.3109487499999997,2.0,,1.0,,2031.0,1806.0,1204.0,1126.0,827.0,680.0,10.0,256.0,137.0,7.0,1.0,2496.0,13.0,2.0,515.0,4114.5789470706895,17.0,491.92211556359,344.99063328551506,1818.044796715326,2.0,251.0,3.0,1.0,34.0,231.0,143.0,107.0,112.0,74.0,62.0,2.0,19.0,2.0,3.0,25.0,25.0,4.0,,,1.0,,,,,,,,,,,,,,,,39.540000000000006,21.920000000000005,33.18,198.52,109.44,14.872436565867222,5.0,0.0330205074730622,73.42105263157895,82.0,88.92171344165436,45.33368091762252,1.0,0.0312825860271115,0.0312825860271115,0.437956204379562,0.0625651720542231,0.2815432742440041,0.0335881126173097,0.0169864442127215,0.0410098670490093,0.0625651720542231,0.0312825860271115,63.534932221063606,56.496350364963504,37.66423357664234,35.22419186652763,25.87069864442127,21.27215849843587,0.3128258602711157,8.008342022940564,4.285714285714286,0.218978102189781,0.0312825860271115,78.0813347236705,0.4066736183524504,0.0625651720542231,16.11053180396246,128.714669877081,0.5318039624608968,15.388595898756725,10.792199164301826,56.87314275438976,0.0625651720542231,7.851929092805006,1.0636079249217936,7.226277372262774,4.473409801876955,3.3472367049009386,3.5036496350364965,2.3149113660062564,1.9395203336809177,0.0625651720542231,0.59436913451512,0.0938477580813347,0.7820646506777894,0.7820646506777894,0.1251303441084463,,,,,,1.2369134515119915,0.6857142857142858,1.037956204379562,6.21021897810219,3.423566214807091,61.90476190476191,66.07142857142857,100.0,0.0625651720542231,,,,,,,,,,,0.0938477580813347,0.0312825860271115,,,,,0.0312825860271115,35.1606,42.3542,34.4765,35.9256,5.5984,14.188,37.0,12.0,12.0,0.0,25.0,0.0,18.0,19.0,0.0,8.0,15.0,0.3243,0.3243,0.0,0.6757,0.0,0.4865,0.5135,0.0,0.2162,0.4054,mid_central,Central/Mixed,season_collapsed_average_positions_v13,35.1606,42.3542,0.0312825860271115,0.4652482763045012,0.0010329668656849,2.296800395148455,2.565172054223149,0.0312825860271115,1.099914494264859,1.324948905109489,1.0785140771637125,1.1238456725755996,0.1751324296141814,0.443837330552659,1.1574556830031282,0.3753910323253389,0.3753910323253389,0.0,0.7820646506777894,0.0,0.5630865484880083,0.59436913451512,0.0,0.2502606882168926,0.4692387904066736,1.099914494264859,1.324948905109489,D,CB,CB,D,CB,CB,CB,CB,Central Defence,V12 used season-collapsed spatial evidence because it was coherent with role-score evidence.,"v6_scores={'W': 0.469, 'ST': 0.265, 'SS': 1.233, 'DM': 1.034, 'CM': 1.969, 'AM': 0.689, 'CB': 2.229, 'FB': 0.595, 'WB': 0.44}; spatial=CB; spatial_strength=0.82; source_family=DEF; spatial_is_coherent=True",0.87,True,arbitrated_role_group,CB,CB,Ball-Playing Centre-Back,No-Nonsense Centre-Back,87.38,0.7476,0.607,809,,5,7,0,0,"passes_total_per90, passes_accurate_per90, long_balls_accurate_per90, total_progression_per90, carries_per90",,"composure, decisions, vision, technique, first touch, positioning",CB,0.8377488443150349,0.5752984921565581,0.8379205610064885,0.8373710675938373,0.6341899148648701,0.4457373621982716,0.8379205610064885,0.8373710675938373,0.9154737142857143,1.0,0.7797900556448779,0.9269796648603167,CB,CB,Central,Ball-Playing Centre-Back,CB
1392905,Matte Smets,Matte Smets,2025-26,Pro League,KRC Genk,1,Pro League,1,KRC Genk,39,3509.0,2004-01-04,22.0,2026-05-25,Belgium,184.0,Right,D,D,defence,CB,,1,CB,medium,heuristic_stats,,1.0,15.0,,13.0,0.7485999999999999,,2.19862463,3.0,,,,2924.0,2673.0,1741.0,1684.0,1183.0,989.0,17.0,388.0,230.0,11.0,3.0,3499.0,12.0,8.0,764.0,6331.503312736278,29.0,670.148378934629,511.9435282741119,3025.9075131396094,2.0,285.0,,1.0,30.0,273.0,167.0,118.0,132.0,74.0,78.0,5.0,13.0,1.0,,22.0,18.0,4.0,,,1.0,,,,,,,,,,,,,,,,57.66,35.2,43.7,238.42,103.48,13.078084924479908,6.0,0.0,,90.0,91.4158686730506,41.59076660017099,1.0,,0.0256483328583642,0.3847249928754631,,0.3334283271587346,0.0192003419777714,,0.0563910563408378,0.0769449985750926,,74.99572527785693,68.55799373040752,44.65374750641208,43.19179253348533,30.341977771444856,25.3662011969222,0.4360216585921915,9.951553149045312,5.899116557423768,0.2821316614420062,0.0769449985750926,89.74351667141636,0.3077799943003704,0.2051866628669136,19.59532630379025,162.3925044588957,0.743801652892562,17.18818868740855,13.130498017859807,77.60948309562976,0.0512966657167284,7.309774864633799,0.7694499857509262,7.001994870333428,4.283271587346823,3.0265032772869764,3.385579937304075,1.8979766315189512,2.000569962952408,0.128241664291821,0.3334283271587346,,0.5642633228840125,0.4616699914505557,0.1025933314334568,,,,,,1.4788828726132803,0.9028213166144202,1.120832145910516,6.115075520091195,2.654089484183528,61.172161172161175,56.06060606060606,62.5,0.0256483328583642,,,,,,,,,,,,0.0256483328583642,,,,,0.0256483328583642,35.6786,58.1054,36.0196,60.0293,4.5179,8.6923,39.0,2.0,0.0,2.0,37.0,0.0,21.0,18.0,0.0,1.0,17.0,0.0513,0.0,0.0513,0.9487,0.0,0.5385,0.4615,0.0,0.0256,0.4359,mid_central,Central/Mixed,season_collapsed_average_positions_v13,35.6786,58.1054,0.0256483328583642,0.3354310752930156,0.0,,2.3083499572527786,0.0256483328583642,0.9150966087204332,1.4903066400683955,0.9238426902251352,1.5396514676546025,0.1158766030208036,0.2229430037047591,1.000284981476204,0.0512966657167284,0.0,0.0512966657167284,0.9489883157594756,0.0,0.5386149900256484,0.4616699914505557,0.0,0.0256483328583642,0.4360216585921915,0.9150966087204332,1.4903066400683955,D,CB,CB,D,CB,CB,CB,CB,Central Defence,V12 used season-collapsed spatial evidence because it was coherent with role-score evidence.,"v6_scores={'W': 0.628, 'ST': 0.19, 'SS': 1.359, 'DM': 1.042, 'CM': 2.037, 'AM': 0.8, 'CB': 1.786, 'FB': 0.723, 'WB': 0.577}; spatial=CB; spatial_strength=0.82; source_family=DEF; spatial_is_coherent=True",0.87,True,arbitrated_role_group,CB,CB,Ball-Playing Centre-Back,Wide Centre-Back,96.47,0.9295,0.607,809,,5,7,0,0,"passes_total_per90, passes_accurate_per90, long_balls_accurate_per90, total_progression_per90, carries_per90",,"composure, decisions, vision, technique, first touch, positioning",CB,0.8570698673405164,0.5646100952127107,0.8715623604225744,0.8251863825599888,0.5657609726050781,0.5620781649495024,0.8715623604225744,0.8251863825599888,0.8340694285714285,1.0,0.7789977321036297,0.9267114077837966,CB,CB,Central,Ball-Playing Centre-Back,CB
151545,Virgil van Dijk,Virgil van Dijk,2025-26,Premier League,Multiple,1,Premier League,2,"Liverpool, Liverpool FC",38,3420.0,1991-07-08,34.0,2026-05-25,Netherlands,195.0,Right,D,D,defence,CB,,1,CB,medium,heuristic_stats,6.0,0.0,30.0,14.0,12.0,3.7711,4.8691,1.3466558000000002,,8.0,1.0,1.0,2792.0,2485.0,1397.0,1336.0,1395.0,1149.0,12.0,298.0,137.0,1.0,,3261.0,12.0,2.0,570.0,4372.412502096163,25.0,507.809354100885,360.623341959118,1958.7219857181103,1.0,327.0,1.0,,29.0,292.0,216.0,78.0,209.0,174.0,60.0,2.0,2.0,2.0,2.0,19.0,18.0,4.0,,,1.0,,3.41,3.71,1.34,0.39,0.17,,,,,,,,,,16.6,9.28,22.74,221.04,70.44000000000001,19.5,4.0,0.0,,,89.00429799426934,40.78947368421053,1.0,0.1578947368421052,0.0,0.7894736842105263,0.3684210526315789,0.3157894736842105,0.0992394736842105,0.1281342105263158,0.0354383105263157,,0.0263157894736842,73.47368421052632,65.39473684210526,36.76315789473684,35.1578947368421,36.71052631578947,30.23684210526316,0.3157894736842105,7.842105263157895,3.6052631578947367,0.0263157894736842,,85.8157894736842,0.3157894736842105,0.0526315789473684,15.0,115.06348689726744,0.6578947368421053,13.363404055286448,9.490087946292578,51.54531541363448,0.0263157894736842,8.605263157894736,0.7631578947368421,7.684210526315789,5.684210526315789,2.0526315789473686,5.5,4.578947368421052,1.5789473684210529,0.0526315789473684,0.0526315789473684,0.0526315789473684,0.5,0.4736842105263157,0.1052631578947368,0.0897368421052631,0.0976315789473684,0.0352631578947368,0.0102631578947368,0.0044736842105263,0.436842105263158,0.2442105263157894,0.598421052631579,5.816842105263158,1.8536842105263165,73.97260273972603,83.2535885167464,100.0,0.0526315789473684,,,,,,,,,,,0.0263157894736842,0.0263157894736842,0.2105263157894736,0.0263157894736842,,,,38.193,63.3833,38.6335,63.379,4.7749,2.6682,38.0,4.0,0.0,4.0,34.0,0.0,29.0,9.0,0.0,1.0,6.0,0.1053,0.0,0.1053,0.8947,0.0,0.7632,0.2368,0.0,0.0263,0.1579,mid_central,Central/Mixed,season_collapsed_average_positions_v13,38.193,63.3833,0.0263157894736842,0.5131578947368421,0.0,,,0.0263157894736842,1.005078947368421,1.6679815789473684,1.016671052631579,1.6678684210526316,0.1256552631578947,0.0702157894736842,1.0,0.1052631578947368,0.0,0.1052631578947368,0.8947368421052632,0.0,0.7631578947368421,0.2368421052631578,0.0,0.0263157894736842,0.1578947368421052,1.005078947368421,1.6679815789473684,D,CB,CB,D,CB,CB,CB,CB,Central Defence,V12 used season-collapsed spatial evidence because it was coherent with role-score evidence.,"v6_scores={'W': 0.401, 'ST': 0.644, 'SS': 1.272, 'DM': 0.982, 'CM': 2.009, 'AM': 0.792, 'CB': 2.288, 'FB': 0.465, 'WB': 0.393}; spatial=CB; spatial_strength=0.82; source_family=DEF; spatial_is_coherent=True",0.87,True,arbitrated_role_group,CB,CB,Ball-Playing Centre-Back,Centre-Back,88.23,0.7646,0.607,809,,5,7,0,0,"passes_total_per90, passes_accurate_per90, long_balls_accurate_per90, total_progression_per90, carries_per90",,"composure, decisions, vision, technique, first touch, positioning",CB,0.8213052917969138,0.5811115143772161,0.8541514532816897,0.7490437365304063,0.572897434427271,0.599182490267095,0.8541514532816897,0.7490437365304063,0.8783637142857142,1.0,0.7688675961785877,0.923277952344866,CB,CB,Central,Ball-Playing Centre-Back,CB
286085,Jan Bednarek,Jan Bednarek,2025-26,Liga Portugal Betclic,FC Porto,1,Liga Portugal Betclic,1,FC Porto,32,2690.0,1996-04-12,30.0,2026-05-25,Poland,189.0,Right,D,D,defence,CB,D,2,"CB, D",medium,heuristic_stats,2.0,0.0,13.0,4.0,7.0,0.9531,1.452,1.19070262,,1.0,,,2399.0,2213.0,1443.0,1392.0,956.0,821.0,7.0,144.0,85.0,1.0,1.0,2765.0,12.0,1.0,641.0,5284.929232962082,31.0,673.414012786753,324.643991153635,2441.344968407022,5.0,209.0,2.0,,25.0,262.0,171.0,92.0,166.0,140.0,52.0,,4.0,1.0,,37.0,16.0,8.0,,,,,,,,,,,,,,,,,,,14.64,9.34,40.7,166.57999999999998,131.4,17.461710037174722,5.0,0.0044609665427509,88.0,63.68354430379747,92.24676948728636,45.47732342007435,1.0,0.0669144981412639,0.0,0.4349442379182156,0.1338289962825278,0.2342007434944238,0.0318881040892193,0.0485799256505576,0.039837634126394,,,80.2639405204461,74.04089219330855,48.278810408921935,46.572490706319705,31.985130111524164,27.46840148698885,0.2342007434944238,4.817843866171004,2.8438661710037176,0.0334572490706319,0.0334572490706319,92.5092936802974,0.4014869888475836,0.0334572490706319,21.44609665427509,176.81919366787636,1.037174721189591,22.53058035346013,10.861694871311208,81.68068667532788,0.1672862453531598,6.992565055762082,0.8364312267657993,8.765799256505575,5.721189591078067,3.0780669144981414,5.553903345724907,4.684014869888476,1.7397769516728625,,0.1338289962825278,,1.237918215613383,0.5353159851301115,0.2676579925650557,,,,,,0.4898141263940521,0.3124907063197026,1.3617100371747213,5.573308550185873,4.3962825278810405,65.26717557251908,84.33734939759036,,0.0334572490706319,,,,,,,,,,,0.0669144981412639,,0.0334572490706319,,,,,38.23,45.3275,38.0845,41.3736,5.1783,9.6831,32.0,1.0,1.0,0.0,31.0,0.0,25.0,7.0,0.0,1.0,7.0,0.0312,0.0312,0.0,0.9688,0.0,0.7812,0.2188,0.0,0.0312,0.2188,mid_central,Central/Mixed,season_collapsed_average_positions_v13,38.23,45.3275,0.0334572490706319,0.5842207819129089,0.0001492516687165,2.944237918215613,2.130676203472777,0.0334572490706319,1.27907063197026,1.5165334572490703,1.274202602230483,1.384246840148699,0.1732516728624535,0.3239698884758364,1.070631970260223,0.0334572490706319,0.0334572490706319,0.0,1.037174721189591,0.0,0.8364312267657993,0.2342007434944238,0.0,0.0334572490706319,0.2342007434944238,1.27907063197026,1.5165334572490703,D,CB,CB,D,CB,CB,CB,CB,Central Defence,V12 used season-collapsed spatial evidence because it was coherent with role-score evidence.,"v6_scores={'W': 0.632, 'ST': 0.277, 'SS': 1.187, 'DM': 1.035, 'CM': 2.13, 'AM': 0.64, 'CB': 2.347, 'FB': 0.714, 'WB': 0.625}; spatial=CB; spatial_strength=0.82; source_family=DEF; spatial_is_coherent=True",0.87,True,arbitrated_role_group,CB,CB,Ball-Playing Centre-Back,No-Nonsense Centre-Back,91.64,0.8328,0.607,809,,5,7,0,0,"passes_total_per90, passes_accurate_per90, long_balls_accurate_per90, total_progression_per90, carries_per90",,"composure, decisions, vision, technique, first touch, positioning",CB,0.8184996215858571,0.5352970444304848,0.8246553350164884,0.8049570520384682,0.5645672839223091,0.47090251754847134,0.8246553350164884,0.8049570520384682,0.8814723571428571,1.0,0.7542961686988495,0.9183270934177731,CB,CB,Central,Ball-Playing Centre-Back,CB
988672,David Affengruber,David Affengruber,2025-26,La Liga,Elche,1,La Liga,1,Elche,36,2953.0,2001-03-19,25.0,2026-05-25,Austria,185.0,Right,D,D,defence,CB,D,2,"CB, D",medium,heuristic_stats,1.0,1.0,14.0,4.0,9.0,0.8612,0.8001,1.63580116,2.0,2.0,2.0,,2073.0,1813.0,1219.0,1145.0,854.0,668.0,8.0,203.0,73.0,9.0,1.0,2598.0,11.0,18.0,483.0,4440.509630102128,28.0,722.88657222133,423.641763530284,1604.1515148572664,6.0,308.0,3.0,,26.0,274.0,185.0,106.0,82.0,65.0,41.0,12.0,19.0,2.0,2.0,34.0,35.0,7.0,1.0,1.0,1.0,,,,,,,,,,,,,,,,64.86,45.18000000000001,43.48,157.04000000000002,133.84,19.603454114459872,22.0,0.0304774805282763,55.5,72.33333333333333,87.45779064158225,42.98848628513376,1.0,0.0304774805282763,0.0304774805282763,0.4266847273958686,0.1219099221131053,0.274297324754487,0.0262472062309515,0.0243850321706738,0.0498550980020318,0.0609549610565526,0.0609549610565526,63.17981713511683,55.25567219776499,37.15204876396884,34.896715204876394,26.027768371147985,20.358956992888587,0.2438198442262106,6.186928547240095,2.224856078564172,0.274297324754487,0.0304774805282763,79.1804944124619,0.3352522858110396,0.548594649508974,14.720623095157467,135.3355457870611,0.8533694547917372,22.031761429028,12.911533598958874,48.89049655846732,0.182864883169658,9.38706400270911,0.7924144937351846,8.350829664747714,5.638333897731121,3.230612935997291,2.499153403318659,1.9810362343379613,1.2495767016593295,0.365729766339316,0.5790721300372502,0.0609549610565526,1.0362343379613952,1.0667118184896716,0.2133423636979343,,,,,,1.9767693870640024,1.3769725702675248,1.3251608533694548,4.786183542160516,4.079105993904504,67.51824817518248,79.26829268292683,66.66666666666667,0.0609549610565526,,,,,,,,,,,0.091432441584829,0.0304774805282763,0.0609549610565526,,0.0304774805282763,0.0304774805282763,,36.3489,36.5363,35.7429,36.3668,4.5007,7.291,36.0,10.0,10.0,0.0,26.0,0.0,22.0,14.0,0.0,8.0,12.0,0.2778,0.2778,0.0,0.7222,0.0,0.6111,0.3889,0.0,0.2222,0.3333,mid_central,Central/Mixed,season_collapsed_average_positions_v13,36.3489,36.5363,0.0304774805282763,0.5974638910604092,0.0009288768193514,1.6915001693193363,2.204537758211988,0.0304774805282763,1.1078228919742634,1.1135343718252624,1.089353538774128,1.1083684388757196,0.1371699966136132,0.2222113105316627,1.097189299017948,0.3047748052827633,0.3047748052827633,0.0,0.7924144937351846,0.0,0.6705045716220792,0.4266847273958686,0.0,0.2438198442262106,0.365729766339316,1.1078228919742634,1.1135343718252624,D,CB,CB,D,CB,CB,CB,CB,Central Defence,V12 used season-collapsed spatial evidence because it was coherent with role-score evidence.,"v6_scores={'W': 0.814, 'ST': 0.231, 'SS': 1.239, 'DM': 1.036, 'CM': 2.072, 'AM': 0.683, 'CB': 1.643, 'FB': 0.752, 'WB': 0.724}; spatial=CB; spatial_strength=0.82; source_family=DEF; spatial_is_coherent=True",0.87,True,arbitrated_role_group,CB,CB,Wide Centre-Back,Ball-Playing Centre-Back,75.55,0.5111,0.567,809,,4,6,0,1,"progressive_carries_per90, carry_distance_per90, crosses_total_per90, duels_won_per90",,"pace, stamina, agility, work rate, wide defending",CB,0.7689795785916289,0.5987051259587054,0.7534499162915511,0.8031448356518003,0.6310441737389725,0.5275592208421179,0.7534499162915511,0.8031448356518003,0.9385505000000001,1.0,0.7516746501417546,0.9174348683736089,CB,CB,Central,Wide Centre-Back,CB
830659,Marcos Senesi,Marcos Senesi,2025-26,Premier League,Bournemouth,1,Premier League,1,Bournemouth,37,3290.0,1997-05-10,29.0,2026-05-25,Argentina,184.0,Left,D,D,defence,CB,,1,CB,medium,heuristic_stats,,5.0,17.0,5.0,8.0,1.5218,0.5216,4.667276889999999,7.0,2.0,1.0,1.0,2319.0,1801.0,1153.0,1026.0,1166.0,775.0,24.0,477.0,182.0,26.0,8.0,2990.0,30.0,9.0,626.0,5081.752333174601,28.0,657.6484996006831,420.04792196358704,2567.87136643058,14.0,600.0,5.0,,49.0,374.0,196.0,178.0,179.0,92.0,100.0,6.0,29.0,2.0,,34.0,37.0,8.0,,1.0,,,2.79,4.85,1.41,0.44,0.18,,,,,,,,,,61.34,34.13999999999999,58.720000000000006,253.78,152.2,19.73434650455927,5.0,0.0,,70.91428571428571,77.66278568348426,49.86626139817629,1.0,,0.1367781155015197,0.4650455927051671,0.1367781155015197,0.2188449848024316,0.0416297872340425,0.0142686930091185,0.1276762675075987,0.1914893617021276,0.0273556231003039,63.43768996960486,49.26747720364742,31.54103343465045,28.06686930091185,31.896656534954406,21.200607902735563,0.6565349544072948,13.048632218844984,4.97872340425532,0.7112462006079028,0.2188449848024316,81.79331306990882,0.8206686930091185,0.2462006079027355,17.124620060790274,139.0145015154146,0.7659574468085106,17.99038448755668,11.490672637301772,70.24572127013745,0.3829787234042553,16.41337386018237,1.3404255319148937,10.231003039513675,5.361702127659575,4.869300911854103,4.896656534954407,2.5167173252279635,2.735562310030395,0.1641337386018237,0.7933130699088146,,0.9300911854103344,1.012158054711246,0.2188449848024316,0.076322188449848,0.1326747720364741,0.0385714285714285,0.0120364741641337,0.0049240121580547,1.6779939209726442,0.9339209726443768,1.606322188449848,6.942310030395136,4.163525835866261,52.406417112299465,51.39664804469274,66.66666666666667,0.0547112462006079,,,,,,,,,,,0.1367781155015197,,0.0547112462006079,0.0273556231003039,,0.0273556231003039,,36.0395,68.0214,35.825,68.4964,4.8031,2.7271,37.0,24.0,0.0,24.0,13.0,0.0,23.0,14.0,0.0,13.0,3.0,0.6486,0.0,0.6486,0.3514,0.0,0.6216,0.3784,0.0,0.3514,0.0811,mid_left,Left,season_collapsed_average_positions_v13,36.0395,68.0214,0.0273556231003039,0.5398453451095241,0.0,,1.9399044724272687,0.0273556231003039,0.9858829787234042,1.8607677811550156,0.9800151975683892,1.8737617021276596,0.1313917933130699,0.0746015197568389,1.012158054711246,0.6565349544072948,0.0,0.6565349544072948,0.3556231003039514,0.0,0.6291793313069909,0.3829787234042553,0.0,0.3556231003039514,0.0820668693009118,0.9858829787234042,1.8607677811550156,D,CB,CB,D,CB,CB,CB,CB,Central Defence,V13 zone-distribution rescue selected wide defender from repeated wide average positions. | Final CB hard gate override (insufficient genuine wide deployment evidence),"v6_scores={'W': 0.842, 'ST': 0.254, 'SS': 1.826, 'DM': 1.03, 'CM': 2.044, 'AM': 1.235, 'CB': 2.119, 'FB': 0.906, 'WB': 0.743}; wide_pct=0.65; mid_wide_pct=0.35; high_wide_pct=0.00; right_pct=0.00; left_pct=0.65; spatial_n=37.0",0.81,True,arbitrated_role_group,CB,CB,Ball-Playing Centre-Back,No-Nonsense Centre-Back,88.17,0.7633,0.607,809,,5,7,0,0,"passes_total_per90, passes_accurate_per90, long_balls_accurate_per90, total_progression_per90, carries_per90",,"composure, decisions, vision, technique, first touch, positioning",CB,0.8190444952010275,0.5377939737946881,0.8133912823863686,0.8314815633932772,0.5164905939107513,0.584661409539349,0.8133912823863686,0.8314815633932772,0.8368896428571428,1.0,0.7508613082097214,0.9171579552032216,CB,CB,Central,Ball-Playing Centre-Back,CB
799046,Waldemar Anton,Waldemar Anton,2025-26,Bundesliga,Borussia Dortmund,1,Bundesliga,1,Borussia Dortmund,32,2880.0,1996-07-20,29.0,2026-05-25,Germany,189.0,Right,D,D,defence,CB,D,2,"CB, D",medium,heuristic_stats,2.0,0.0,16.0,6.0,5.0,1.7439999999999998,2.4092,1.25689712,,,,,2365.0,2125.0,1336.0,1273.0,1029.0,852.0,8.0,206.0,85.0,12.0,4.0,2861.0,27.0,23.0,545.0,4082.659640128747,10.0,238.921488116758,235.144112697746,1533.7559990546397,6.0,298.0,5.0,,22.0,294.0,184.0,110.0,132.0,85.0,58.0,13.0,11.0,3.0,,27.0,16.0,3.0,,,,,,,,,,,,,,,,,,,68.54,40.06,27.7,157.0,135.66,17.6875,3.0,0.0,,,89.85200845665962,46.5625,1.0,0.0625,0.0,0.5,0.1875,0.15625,0.0544999999999999,0.0752875,0.0392780349999999,,,73.90625,66.40625,41.75,39.78125,32.15625,26.625,0.25,6.4375,2.65625,0.375,0.125,89.40625,0.84375,0.71875,17.03125,127.58311375402334,0.3125,7.466296503648687,7.348253521804562,47.92987497045748,0.1875,9.3125,0.6875,9.1875,5.75,3.4375,4.125,2.65625,1.8125,0.40625,0.34375,,0.84375,0.5,0.09375,,,,,,2.141875,1.2518749999999998,0.865625,4.90625,4.239375,62.58503401360544,64.39393939393939,56.52173913043478,0.09375,,,,,,,,,,,0.15625,,,,,,,39.8914,39.1007,39.4527,39.4345,4.6002,8.3437,32.0,11.0,11.0,0.0,21.0,0.0,28.0,4.0,0.0,10.0,3.0,0.3438,0.3438,0.0,0.6562,0.0,0.875,0.125,0.0,0.3125,0.0938,mid_central,Central/Mixed,season_collapsed_average_positions_v13,39.8914,39.1007,0.03125,0.552734375,0.0,,,0.03125,1.24660625,1.221896875,1.232896875,1.232328125,0.14375625,0.260740625,1.0,0.34375,0.34375,0.0,0.65625,0.0,0.875,0.125,0.0,0.3125,0.09375,1.24660625,1.221896875,D,CB,CB,D,CB,CB,CB,CB,Central Defence,V12 used season-collapsed spatial evidence because it was coherent with role-score evidence.,"v6_scores={'W': 0.555, 'ST': 0.344, 'SS': 1.204, 'DM': 1.025, 'CM': 1.899, 'AM': 0.67, 'CB': 1.931, 'FB': 0.562, 'WB': 0.436}; spatial=CB; spatial_strength=0.82; source_family=DEF; spatial_is_coherent=True",0.87,True,arbitrated_role_group,CB,CB,Ball-Playing Centre-Back,Centre-Back,83.79,0.6758,0.607,809,,5,7,0,0,"passes_total_per90, passes_accurate_per90, long_balls_accurate_per90, total_progression_per90, carries_per90",,"composure, decisions, vision, technique, first touch, positioning",CB,0.8298490014093746,0.4469423011403358,0.8038449606937695,0.8870578909837055,0.4256915963165475,0.49369385175266994,0.8038449606937695,0.8870578909837055,0.9525128571428572,1.0,0.7417776659769615,0.914062241308108,CB,CB,Central,Ball-Playing Centre-Back,CB
74915,Nicolás Otamendi,Nicolás Otamendi,2025-26,Liga Portugal Betclic,Benfica,1,Liga Portugal Betclic,1,Benfica,31,2605.0,1988-02-12,38.0,2026-05-25,Argentina,183.0,Right,D,D,defence,CB,D,2,"CB, D",medium,heuristic_stats,2.0,0.0,24.0,6.0,10.0,1.2453,2.1593,0.7381017799999998,,,,,1916.0,1735.0,1118.0,1071.0,798.0,664.0,9.0,207.0,126.0,6.0,,2329.0,18.0,11.0,552.0,4684.452195285507,15.0,337.3009620773849,249.495689952783,2115.283837809091,6.0,217.0,,,21.0,285.0,217.0,80.0,125.0,127.0,36.0,9.0,15.0,3.0,3.0,23.0,41.0,7.0,1.0,2.0,,,,,,,,,,,,,,,,,37.18000000000001,23.4,34.1,106.12,83.43999999999998,16.234165067178502,30.0,0.0,,64.125,90.55323590814196,42.03454894433781,1.0,0.0690978886756238,0.0,0.8291746641074856,0.2072936660268714,0.345489443378119,0.0430238003838771,0.0746015355086372,0.0255006373128598,,,66.1957773512476,59.94241842610365,38.6257197696737,37.00191938579655,27.57005758157389,22.940499040307103,0.3109404990403071,7.151631477927063,4.3531669865643,0.2072936660268714,,80.46449136276391,0.6218809980806143,0.3800383877159309,19.07101727447217,161.84287814805973,0.5182341650671785,11.653392163901977,8.619812704702676,73.08082357113942,0.2072936660268714,7.497120921305182,0.72552783109405,9.84644913627639,7.497120921305182,2.763915547024952,4.318618042226488,4.387715930902111,1.2437619961612283,0.3109404990403071,0.5182341650671785,0.1036468330134357,0.7946257197696737,1.416506717850288,0.2418426103646833,,,,,,1.2845297504798467,0.8084452975047984,1.178119001919386,3.6663339731285993,2.8827639155470246,76.14035087719299,101.6,81.81818181818181,0.1036468330134357,,,,,,,,,,,,,,,0.0345489443378119,0.0690978886756238,,38.2846,62.4532,37.0921,62.3188,4.8399,3.6395,30.0,4.0,0.0,4.0,26.0,0.0,23.0,7.0,0.0,2.0,5.0,0.1333,0.0,0.1333,0.8667,0.0,0.7667,0.2333,0.0,0.0667,0.1667,mid_central,Central/Mixed,season_collapsed_average_positions_v13,38.2846,62.4532,0.0345489443378119,0.5608732652768005,0.0,,2.215451055662188,0.0345489443378119,1.3226925143953934,2.1576921305182344,1.2814928982725529,2.1530487523992323,0.1672134357005758,0.1257408829174664,1.036468330134357,0.1381957773512476,0.0,0.1381957773512476,0.8982725527831094,0.0,0.7946257197696737,0.2418426103646833,0.0,0.0690978886756238,0.1727447216890595,1.3226925143953934,2.1576921305182344,D,CB,CB,D,CB,CB,CB,CB,Central Defence,V12 used season-collapsed spatial evidence because it was coherent with role-score evidence.,"v6_scores={'W': 0.505, 'ST': 0.454, 'SS': 1.229, 'DM': 0.976, 'CM': 1.965, 'AM': 0.763, 'CB': 2.108, 'FB': 0.48, 'WB': 0.441}; spatial=CB; spatial_strength=0.82; source_family=DEF; spatial_is_coherent=True",0.87,True,arbitrated_role_group,CB,CB,Ball-Playing Centre-Back,Centre-Back,92.14,0.8427,0.607,809,,5,7,0,0,"passes_total_per90, passes_accurate_per90, long_balls_accurate_per90, total_progression_per90, carries_per90",,"composure, decisions, vision, technique, first touch, positioning",CB,0.7693042851054119,0.5507014056998739,0.7653643376747008,0.7779721694529766,0.5232960546640997,0.6109931779785774,0.7653643376747008,0.7779721694529766,0.8844401428571429,1.0,0.7324384120469422,0.910873517532949,CB,CB,Central,Ball-Playing Centre-Back,CB
142259,Matthias Ginter,Matthias Ginter,2025-26,Bundesliga,SC Freiburg,1,Bundesliga,1,SC Freiburg,32,2836.0,1994-01-19,32.0,2026-05-25,Germany,189.0,Right,D,D,defence,CB,,1,CB,medium,heuristic_stats,3.0,4.0,19.0,7.0,6.0,2.2975,3.9243,2.92436355,5.0,1.0,2.0,2.0,1787.0,1563.0,1017.0,959.0,770.0,604.0,15.0,208.0,96.0,18.0,5.0,2204.0,12.0,7.0,494.0,4003.5037859148656,13.0,335.583471251692,260.453224288446,2129.0993075682136,3.0,262.0,2.0,1.0,26.0,243.0,152.0,96.0,162.0,108.0,67.0,3.0,8.0,2.0,,16.0,20.0,3.0,,,,,,,,,,,,,,,,,,,22.16,11.48,23.6,205.16,109.32,16.85049365303244,28.0,0.0,,75.72566371681415,87.46502518186905,51.32510578279267,1.0,0.0952045133991537,0.1269393511988716,0.6029619181946403,0.2221438645980253,0.1904090267983074,0.0729107898448519,0.1245370239774329,0.0928042029266572,0.1586741889985895,0.0634696755994358,56.71015514809591,49.601551480959095,32.27433004231312,30.43370944992948,24.4358251057828,19.16784203102962,0.4760225669957686,6.600846262341326,3.04654442877292,0.5712270803949224,0.1586741889985895,69.94358251057828,0.3808180535966149,0.2221438645980253,15.67700987306065,127.05054327656484,0.4125528913963329,10.649687028438745,8.265440827207383,67.56662118516897,0.0952045133991537,8.314527503526094,0.8251057827926658,7.711565585331453,4.823695345557122,3.04654442877292,5.141043723554302,3.4273624823695346,2.1262341325811,0.0952045133991537,0.2538787023977433,,0.5077574047954866,0.6346967559943583,0.0952045133991537,,,,,,0.7032440056417489,0.3643159379407616,0.7489421720733427,6.510719322990127,3.4692524682651618,62.55144032921811,66.66666666666667,42.85714285714285,0.0634696755994358,,,,,,,,,,,0.0634696755994358,,0.0317348377997179,0.0634696755994358,,,0.0317348377997179,37.5831,33.3776,36.9668,33.0572,4.8222,4.2226,32.0,16.0,16.0,0.0,16.0,0.0,22.0,10.0,0.0,10.0,4.0,0.5,0.5,0.0,0.5,0.0,0.6875,0.3125,0.0,0.3125,0.125,mid_central,Right,season_collapsed_average_positions_v13,37.5831,33.3776,0.0317348377997179,0.5347476829241606,0.0,,2.403141655329081,0.0317348377997179,1.1926935825105784,1.0592327221438649,1.173135401974612,1.049064880112835,0.1530317348377997,0.1340035260930888,1.0155148095909732,0.5077574047954866,0.5077574047954866,0.0,0.5077574047954866,0.0,0.6981664315937941,0.3173483779971791,0.0,0.3173483779971791,0.1269393511988716,1.1926935825105784,1.0592327221438649,D,CB,CB,D,CB,CB,CB,CB,Central Defence,V12 used season-collapsed spatial evidence because it was coherent with role-score evidence.,"v6_scores={'W': 0.571, 'ST': 0.427, 'SS': 1.575, 'DM': 1.01, 'CM': 1.915, 'AM': 1.033, 'CB': 2.049, 'FB': 0.664, 'WB': 0.489}; spatial=CB; spatial_strength=0.82; source_family=DEF; spatial_is_coherent=True",0.87,True,arbitrated_role_group,CB,CB,No-Nonsense Centre-Back,Ball-Playing Centre-Back,81.0,0.6201,0.234,809,,2,4,0,0,"blocked_shots_per90, aerial_duels_won_per90",,"marking, positioning, jumping, strength, bravery",CB,0.8094387618680687,0.4415940900589489,0.8159673195965516,0.7950759348654065,0.4239836840178507,0.48033698334936487,0.8159673195965516,0.7950759348654065,0.9635450714285715,1.0,0.7302654460885877,0.9101307345914165,CB,CB,Central,No-Nonsense Centre-Back,CB
362682,Joachim Andersen,Joachim Andersen,2025-26,Premier League,Fulham,1,Premier League,1,Fulham,34,2884.0,1996-05-31,29.0,2026-05-25,Denmark,190.0,Right,D,D,defence,CB,D,2,"CB, D",medium,heuristic_stats,,1.0,16.0,4.0,9.0,1.483,0.7944,1.82201574,3.0,2.0,,1.0,2275.0,1958.0,1404.0,1321.0,871.0,637.0,7.0,362.0,166.0,15.0,4.0,2749.0,15.0,7.0,614.0,5057.847706529588,19.0,507.182273175306,352.426578563363,2288.782946732418,3.0,352.0,1.0,,22.0,215.0,141.0,82.0,84.0,79.0,31.0,6.0,16.0,1.0,2.0,31.0,13.0,7.0,1.0,,,,3.03,4.75,1.52,0.49,0.09,,,,,,,,,,45.26,27.74,35.559999999999995,227.44,107.87999999999998,18.116504854368934,5.0,0.0,,42.0,86.06593406593407,48.72954230235784,1.0,,0.0312066574202496,0.4993065187239944,0.1248266296809986,0.2808599167822468,0.0462794729542302,0.0247905686546463,0.0568590210124826,0.0936199722607489,,70.99514563106796,61.10263522884882,43.81414701803051,41.22399445214979,27.18099861303745,19.87864077669903,0.2184466019417475,11.296809986130375,5.180305131761442,0.4680998613037448,0.1248266296809986,85.7871012482663,0.4680998613037448,0.2184466019417475,19.16088765603329,157.8385206614643,0.5929264909847434,15.82746344860525,10.99805550301757,71.42526532798809,0.0936199722607489,10.984743411927878,0.6865464632454924,6.709431345353676,4.400138696255201,2.558945908460472,2.621359223300971,2.465325936199722,0.9674063800277392,0.1872399445214979,0.4993065187239944,0.0624133148404993,0.9674063800277392,0.4056865464632455,0.2184466019417475,0.0945561719833564,0.1482316227461858,0.0474341192787794,0.0152912621359223,0.0028085991678224,1.4124133148404991,0.8656726768377253,1.1097087378640775,7.097642163661581,3.3665742024965324,65.5813953488372,94.04761904761904,85.71428571428571,0.0312066574202496,,,,,,,,,,,0.0312066574202496,,0.0624133148404993,0.0312066574202496,0.0312066574202496,,,34.3161,37.4424,35.4888,36.939,4.6877,4.5213,33.0,3.0,3.0,0.0,30.0,0.0,17.0,16.0,0.0,3.0,16.0,0.0909,0.0909,0.0,0.9091,0.0,0.5152,0.4848,0.0,0.0909,0.4848,deep_central,Central/Mixed,season_collapsed_average_positions_v13,34.3161,37.4424,0.0312066574202496,0.5653555606425812,0.0,,1.3106796116504855,0.0312066574202496,1.0708907766990292,1.1684521497919556,1.1074868238557558,1.152742718446602,0.1462874479889043,0.1410946601941747,1.0298196948682383,0.0936199722607489,0.0936199722607489,0.0,0.9361997226074896,0.0,0.5305131761442441,0.4993065187239944,0.0,0.0936199722607489,0.4993065187239944,1.0708907766990292,1.1684521497919556,D,CB,CB,D,CB,CB,CB,CB,Central Defence,V12 used season-collapsed spatial evidence because it was coherent with role-score evidence.,"v6_scores={'W': 0.646, 'ST': 0.307, 'SS': 1.273, 'DM': 1.025, 'CM': 1.989, 'AM': 0.722, 'CB': 1.765, 'FB': 0.717, 'WB': 0.575}; spatial=CB; spatial_strength=0.82; source_family=DEF; spatial_is_coherent=True",0.87,True,arbitrated_role_group,CB,CB,Ball-Playing Centre-Back,Wide Centre-Back,94.17,0.8833,0.607,809,,5,7,0,0,"passes_total_per90, passes_accurate_per90, long_balls_accurate_per90, total_progression_per90, carries_per90",,"composure, decisions, vision, technique, first touch, positioning",CB,0.699002370574473,0.6373616978833196,0.6975465659538818,0.7022051407397736,0.6599595621225443,0.5876463965570253,0.6975465659538818,0.7022051407397736,0.8646132142857142,1.0,0.7176514340390457,0.9058124308996206,CB,CB,Central,Ball-Playing Centre-Back,CB
581302,Robin Koch,Robin Koch,2025-26,Bundesliga,Eintracht Frankfurt,1,Bundesliga,1,Eintracht Frankfurt,32,2835.0,1996-07-17,29.0,2026-05-25,Germany,190.0,Right,D,D,defence,CB,,1,CB,medium,heuristic_stats,3.0,1.0,15.0,5.0,8.0,1.3845,1.5597,1.66874965,1.0,1.0,,1.0,2139.0,1963.0,1317.0,1271.0,822.0,692.0,10.0,187.0,92.0,2.0,,2596.0,22.0,3.0,382.0,2642.709338907003,4.0,94.842164350016,111.80587525411698,674.0122037485493,5.0,208.0,2.0,1.0,28.0,275.0,165.0,110.0,156.0,108.0,65.0,2.0,10.0,4.0,2.0,31.0,13.0,3.0,,1.0,1.0,,,,,,,,,,,,,,,,38.62,20.54,42.14,194.16,95.66,17.007407407407406,4.0,0.0,,62.0,91.77185600748012,45.34391534391534,1.0,0.0952380952380952,0.0317460317460317,0.4761904761904761,0.1587301587301587,0.2539682539682539,0.0439523809523809,0.0495142857142857,0.0529761793650793,0.0317460317460317,,67.9047619047619,62.31746031746032,41.80952380952381,40.34920634920635,26.09523809523809,21.96825396825397,0.3174603174603174,5.936507936507937,2.9206349206349205,0.0634920634920634,,82.41269841269842,0.6984126984126984,0.0952380952380952,12.126984126984128,83.89553456847628,0.1269841269841269,3.010862360317968,3.549392865210063,21.39721281741426,0.1587301587301587,6.603174603174603,0.8888888888888888,8.73015873015873,5.238095238095238,3.492063492063492,4.9523809523809526,3.4285714285714284,2.063492063492064,0.0634920634920634,0.3174603174603174,0.0634920634920634,0.984126984126984,0.4126984126984127,0.0952380952380952,,,,,,1.226031746031746,0.652063492063492,1.3377777777777775,6.163809523809524,3.036825396825397,60.0,69.23076923076923,66.66666666666667,0.1269841269841269,,,,,,,,,,,0.0634920634920634,0.0317460317460317,0.0317460317460317,0.0317460317460317,,0.0317460317460317,0.0317460317460317,35.2838,45.7932,35.8111,44.1485,5.1136,10.2612,32.0,4.0,2.0,2.0,28.0,0.0,18.0,14.0,0.0,2.0,12.0,0.125,0.0625,0.0625,0.875,0.0,0.5625,0.4375,0.0,0.0625,0.375,mid_central,Central/Mixed,season_collapsed_average_positions_v13,35.2838,45.7932,0.0317460317460317,0.539917695473251,0.0,,1.968253968253968,0.0317460317460317,1.120120634920635,1.453752380952381,1.1368603174603176,1.4015396825396824,0.1623365079365079,0.3257523809523809,1.0158730158730158,0.1269841269841269,0.0634920634920634,0.0634920634920634,0.8888888888888888,0.0,0.5714285714285714,0.4444444444444444,0.0,0.0634920634920634,0.3809523809523809,1.120120634920635,1.453752380952381,D,CB,CB,D,CB,CB,CB,CB,Central Defence,V12 used season-collapsed spatial evidence because it was coherent with role-score evidence.,"v6_scores={'W': 0.132, 'ST': 0.331, 'SS': 1.3, 'DM': 1.029, 'CM': 1.84, 'AM': 0.753, 'CB': 2.362, 'FB': 0.353, 'WB': 0.114}; spatial=CB; spatial_strength=0.82; source_family=DEF; spatial_is_coherent=True",0.87,True,arbitrated_role_group,CB,CB,No-Nonsense Centre-Back,Centre-Back,84.72,0.6944,0.234,809,,2,4,0,0,"blocked_shots_per90, aerial_duels_won_per90",,"marking, positioning, jumping, strength, bravery",CB,0.8946189131344348,0.24548113762431073,0.9010376409750294,0.8804977118851268,0.23893170771986338,0.25988988341409486,0.9010376409750294,0.8804977118851268,0.8664938571428571,1.0,0.7094999621358618,0.903015936616361,CB,CB,Central,No-Nonsense Centre-Back,CB
865167,Lloyd Kelly,Lloyd Kelly,2025-26,Serie A,Juventus,1,Serie A,1,Juventus,35,2998.0,1998-10-06,27.0,2026-05-25,England,191.0,Left,D,D,defence,CB,D,3,"CB, D, FB",medium,heuristic_stats,1.0,1.0,17.0,3.0,8.0,1.0886,0.4633,1.35479168,3.0,,4.0,1.0,2033.0,1808.0,1183.0,1122.0,850.0,686.0,11.0,234.0,127.0,12.0,,2449.0,29.0,23.0,601.0,5582.368848386897,34.0,866.555034331149,422.190152446448,3035.767620080929,9.0,285.0,,,22.0,278.0,173.0,114.0,124.0,90.0,53.0,18.0,7.0,2.0,,43.0,20.0,4.0,,,1.0,,,,,,,,,,,,,,,,42.84,30.14,11.760000000000002,102.86,139.16,19.66944629753169,6.0,0.019346230820547,52.94827586206897,80.00833333333334,88.93261190359075,42.9082721814543,1.0,0.0300200133422281,0.0300200133422281,0.5103402268178786,0.0900600400266844,0.2401601067378252,0.0326797865243495,0.0139082721814543,0.0406708643095396,0.0900600400266844,0.1200800533689126,61.03068712474983,54.2761841227485,35.5136757838559,33.682454969979986,25.51701134089393,20.59372915276852,0.3302201467645096,7.024683122081387,3.812541694462976,0.3602401601067378,,73.51901267511674,0.8705803869246164,0.6904603068712475,18.04202801867912,167.58278730981343,1.0206804536357572,26.013993692396067,12.674154009399707,91.1337844587337,0.2701801200800534,8.555703802535023,0.6604402935290193,8.345563709139427,5.19346230820547,3.422281521014009,3.72248165443629,2.7018012008005337,1.591060707138092,0.5403602401601068,0.210140093395597,,1.2908605737158103,0.600400266844563,0.1200800533689126,,,,,,1.2860573715810542,0.9048032021347564,0.3530353569046031,3.087858572381588,4.177585056704469,62.23021582733813,72.58064516129032,78.26086956521739,0.0600400266844563,,,,,,,,,,,,0.0300200133422281,,0.0300200133422281,,,,38.5879,68.4241,38.0423,70.1559,5.2688,9.9887,35.0,26.0,0.0,26.0,9.0,0.0,27.0,8.0,0.0,19.0,1.0,0.7429,0.0,0.7429,0.2571,0.0,0.7714,0.2286,0.0,0.5429,0.0286,mid_left,Left,season_collapsed_average_positions_v13,38.5879,68.4241,0.0300200133422281,0.5904770402861415,0.0005807741073546,1.589507947827287,2.4018512341561045,0.0300200133422281,1.1584092728485655,2.054092394929953,1.142030353569046,2.106081054036024,0.1581694462975316,0.2998609072715143,1.0507004669779854,0.7805203468979319,0.0,0.7805203468979319,0.2701801200800534,0.0,0.8105403602401601,0.2401601067378252,0.0,0.5703802535023349,0.0300200133422281,1.1584092728485655,2.054092394929953,D,CB,CB,D,CB,CB,CB,CB,Central Defence,"V7 defender refinement selected CB; top role=CB, top score=1.88, next=0.88.","v6_scores={'W': 0.993, 'ST': 0.277, 'SS': 1.253, 'DM': 1.023, 'CM': 2.125, 'AM': 0.723, 'CB': 1.881, 'FB': 0.836, 'WB': 0.879}; cb_signal=2.10, wide_def_signal=1.46, wingback_signal=1.10; source_family=DEF",0.82,True,arbitrated_role_group,CB,CB,Ball-Playing Centre-Back,Wide Centre-Back,88.67,0.7733,0.607,809,,5,7,0,0,"passes_total_per90, passes_accurate_per90, long_balls_accurate_per90, total_progression_per90, carries_per90",,"composure, decisions, vision, technique, first touch, positioning",CB,0.7633049634609823,0.5005343693640355,0.7824903516442707,0.7210971094577475,0.5316886183575735,0.4319950215782521,0.7824903516442707,0.7210971094577475,0.8036920714285715,1.0,0.7064819200820661,0.9019793652066673,CB,CB,Central,Ball-Playing Centre-Back,CB
940871,Nico Schlotterbeck,Nico Schlotterbeck,2025-26,Bundesliga,Borussia Dortmund,1,Bundesliga,1,Borussia Dortmund,28,2520.0,1999-12-01,26.0,2026-05-25,Germany,191.0,Left,D,D,defence,CB,,1,CB,medium,heuristic_stats,5.0,1.0,32.0,9.0,12.0,3.7185000000000006,4.3126,2.69330376,1.0,2.0,1.0,2.0,1985.0,1752.0,1010.0,942.0,975.0,810.0,12.0,303.0,187.0,32.0,6.0,2497.0,15.0,23.0,478.0,3790.609047839016,33.0,724.180411328907,328.626314889447,1799.532241941292,15.0,332.0,3.0,,16.0,255.0,158.0,97.0,83.0,66.0,39.0,15.0,8.0,1.0,,30.0,27.0,8.0,,1.0,1.0,,,,,,,,,,,,,,,,48.34,36.040000000000006,27.86,122.82,136.29999999999998,19.107142857142858,4.0,0.0,,,88.26196473551637,47.57142857142857,1.0,0.1785714285714285,0.0357142857142857,1.1428571428571428,0.3214285714285714,0.4285714285714285,0.1328035714285714,0.1540214285714285,0.0961894199999999,0.0357142857142857,0.0357142857142857,70.89285714285714,62.57142857142857,36.07142857142857,33.642857142857146,34.82142857142857,28.928571428571427,0.4285714285714285,10.821428571428571,6.678571428571429,1.1428571428571428,0.2142857142857142,89.17857142857143,0.5357142857142857,0.8214285714285714,17.071428571428573,135.37889456567913,1.1785714285714286,25.863586118889536,11.736654103194535,64.26900864076043,0.5357142857142857,11.857142857142858,0.5714285714285714,9.107142857142858,5.642857142857143,3.4642857142857144,2.9642857142857144,2.357142857142857,1.3928571428571428,0.5357142857142857,0.2857142857142857,,1.0714285714285714,0.9642857142857144,0.2857142857142857,,,,,,1.7264285714285716,1.2871428571428574,0.995,4.386428571428572,4.867857142857142,61.96078431372549,79.51807228915662,65.21739130434783,0.0357142857142857,,,,,,,,,,,0.1071428571428571,0.0357142857142857,0.0714285714285714,0.0714285714285714,,0.0357142857142857,,40.762,65.5132,41.9878,69.9814,5.4277,10.1372,28.0,16.0,0.0,16.0,12.0,0.0,24.0,4.0,0.0,14.0,2.0,0.5714,0.0,0.5714,0.4286,0.0,0.8571,0.1429,0.0,0.5,0.0714,mid_central,Left,season_collapsed_average_positions_v13,40.762,65.5132,0.0357142857142857,0.6823979591836734,0.0,,,0.0357142857142857,1.4557857142857142,2.339757142857143,1.4995642857142857,2.499335714285714,0.1938464285714285,0.3620428571428571,1.0,0.5714285714285714,0.0,0.5714285714285714,0.4285714285714285,0.0,0.8571428571428571,0.1428571428571428,0.0,0.5,0.0714285714285714,1.4557857142857142,2.339757142857143,D,CB,CB,D,CB,CB,CB,CB,Central Defence,V13 zone-distribution rescue selected wide defender from repeated wide average positions. | Final CB hard gate override (insufficient genuine wide deployment evidence),"v6_scores={'W': 1.42, 'ST': 0.786, 'SS': 1.684, 'DM': 0.929, 'CM': 2.175, 'AM': 1.22, 'CB': 1.241, 'FB': 1.086, 'WB': 1.212}; wide_pct=0.57; mid_wide_pct=0.50; high_wide_pct=0.00; right_pct=0.00; left_pct=0.57; spatial_n=28.0",0.81,True,arbitrated_role_group,CB,CB,Ball-Playing Centre-Back,Wide Centre-Back,93.48,0.8695,0.607,809,,5,7,0,0,"passes_total_per90, passes_accurate_per90, long_balls_accurate_per90, total_progression_per90, carries_per90",,"composure, decisions, vision, technique, first touch, positioning",CB,0.7383620874174757,0.5339397050417011,0.7215037334798442,0.7754504660802648,0.5278390269071975,0.5473611969376091,0.7215037334798442,0.7754504660802648,0.8346273571428571,1.0,0.7058079470359143,0.9017477959951624,CB,CB,Central,Ball-Playing Centre-Back,CB
942213,Tsuyoshi Watanabe,Tsuyoshi Watanabe,2025-26,VriendenLoterij Eredivisie,Feyenoord,1,VriendenLoterij Eredivisie,1,Feyenoord,30,2637.0,1997-02-05,29.0,2026-05-25,Japan,187.0,Right,D,D,defence,CB,D,2,"CB, D",medium,heuristic_stats,2.0,0.0,23.0,10.0,9.0,2.7425,3.3071,1.9170294,2.0,2.0,,1.0,1809.0,1611.0,917.0,869.0,892.0,742.0,13.0,151.0,76.0,4.0,1.0,2185.0,21.0,12.0,425.0,4099.505270986193,27.0,657.4538009340699,335.893168579408,1493.7462307262708,1.0,230.0,3.0,1.0,24.0,245.0,152.0,99.0,153.0,94.0,67.0,10.0,10.0,,1.0,22.0,15.0,1.0,,,,,,,,,,,,,,,,,,,32.02,18.76,25.98,140.64,111.28,16.641638225255974,4.0,0.0,,75.57239057239057,89.05472636815921,46.65908229048161,1.0,0.068259385665529,0.0,0.7849829351535836,0.3412969283276451,0.3071672354948805,0.0936006825938566,0.1128703071672354,0.0654276245733788,0.068259385665529,,61.74061433447099,54.98293515358362,31.29692832764505,29.65870307167236,30.44368600682594,25.324232081911266,0.4436860068259385,5.15358361774744,2.5938566552901023,0.136518771331058,0.0341296928327645,74.57337883959045,0.7167235494880546,0.409556313993174,14.505119453924914,139.9148556650578,0.9215017064846416,22.43869627761331,11.46393066823918,50.9811000247874,0.0341296928327645,7.849829351535837,0.8191126279863481,8.361774744027304,5.187713310580205,3.378839590443686,5.221843003412969,3.208191126279864,2.2866894197952217,0.3412969283276451,0.3412969283276451,0.0341296928327645,0.7508532423208191,0.5119453924914675,0.0341296928327645,,,,,,1.0928327645051197,0.6402730375426622,0.8866894197952218,4.8,3.7979522184300345,62.04081632653061,61.43790849673203,83.33333333333333,,,,,,,,,,,,0.1023890784982935,,0.068259385665529,0.0341296928327645,,,0.0341296928327645,39.6003,54.5771,39.5627,61.3552,5.1992,13.5741,30.0,6.0,3.0,3.0,24.0,0.0,24.0,6.0,0.0,4.0,4.0,0.2,0.1,0.1,0.8,0.0,0.8,0.2,0.0,0.1333,0.1333,mid_central,Central/Mixed,season_collapsed_average_positions_v13,39.6003,54.5771,0.0341296928327645,0.5679740008619787,0.0,,2.5792624768733985,0.0341296928327645,1.351546075085324,1.862699658703072,1.3502627986348124,2.094034129692833,0.1774470989761092,0.4632798634812286,1.023890784982935,0.204778156996587,0.1023890784982935,0.1023890784982935,0.8191126279863481,0.0,0.8191126279863481,0.204778156996587,0.0,0.136518771331058,0.136518771331058,1.351546075085324,1.862699658703072,D,CB,CB,D,CB,CB,CB,CB,Central Defence,V12 used season-collapsed spatial evidence because it was coherent with role-score evidence.,"v6_scores={'W': 0.743, 'ST': 0.612, 'SS': 1.479, 'DM': 0.982, 'CM': 2.093, 'AM': 0.98, 'CB': 2.21, 'FB': 0.621, 'WB': 0.683}; spatial=CB; spatial_strength=0.82; source_family=DEF; spatial_is_coherent=True",0.87,True,arbitrated_role_group,CB,CB,No-Nonsense Centre-Back,Ball-Playing Centre-Back,79.03,0.5805,0.234,809,,2,4,0,0,"blocked_shots_per90, aerial_duels_won_per90",,"marking, positioning, jumping, strength, bravery",CB,0.7886881259325836,0.40444534743764055,0.7902750422803962,0.7851969099673958,0.4129788734512857,0.3856715902076212,0.7902750422803962,0.7851969099673958,0.8989509285714286,1.0,0.7017310540732706,0.9003463401349631,CB,CB,Central,No-Nonsense Centre-Back,CB
826215,Ibrahima Konaté,Ibrahima Konaté,2025-26,Premier League,Multiple,1,Premier League,2,"Liverpool, Liverpool FC",37,3100.0,1999-05-25,27.0,2026-05-25,France,195.0,Right,D,D,defence,CB,D,2,"CB, D",medium,heuristic_stats,1.0,0.0,12.0,4.0,5.0,1.212,1.1835,0.97886471,2.0,2.0,,,2168.0,1943.0,1226.0,1145.0,942.0,798.0,8.0,144.0,66.0,3.0,1.0,2638.0,16.0,7.0,573.0,4447.76599912631,13.0,292.274179175211,275.768250847314,1830.5672680775708,5.0,260.0,2.0,1.0,25.0,308.0,220.0,99.0,140.0,124.0,50.0,5.0,10.0,3.0,,33.0,41.0,7.0,,,1.0,,3.18,4.49,1.42,0.56,0.19,,,,,,,,,,43.68,22.200000000000003,23.94,156.78,98.36,19.286451612903225,5.0,0.0,,77.67894736842105,89.62177121771218,41.19,1.0,0.0290322580645161,0.0,0.3483870967741935,0.1161290322580645,0.1451612903225806,0.0351870967741935,0.0343596774193548,0.0284186528709677,0.0580645161290322,,62.94193548387097,56.40967741935484,35.593548387096774,33.24193548387097,27.3483870967742,23.16774193548387,0.232258064516129,4.180645161290323,1.9161290322580644,0.0870967741935483,0.0290322580645161,76.58709677419355,0.4645161290322581,0.2032258064516129,16.635483870967743,129.12869029721546,0.3774193548387097,8.48537939540935,8.006175024599438,53.14550133128432,0.1451612903225806,7.548387096774194,0.7258064516129032,8.941935483870967,6.387096774193548,2.8741935483870966,4.064516129032258,3.6,1.4516129032258065,0.1451612903225806,0.2903225806451613,,0.9580645161290322,1.1903225806451614,0.2032258064516129,0.0923225806451612,0.1303548387096774,0.0412258064516129,0.016258064516129,0.005516129032258,1.2681290322580645,0.6445161290322582,0.6950322580645161,4.551677419354839,2.8556129032258064,71.42857142857143,88.57142857142857,71.42857142857143,0.0870967741935483,,,,,,,,,,,0.0580645161290322,0.0290322580645161,0.0580645161290322,,,,0.0290322580645161,36.4428,32.8535,35.9566,32.162,4.56,3.3677,36.0,20.0,20.0,0.0,16.0,0.0,23.0,13.0,0.0,12.0,5.0,0.5556,0.5556,0.0,0.4444,0.0,0.6389,0.3611,0.0,0.3333,0.1389,mid_right,Right,season_collapsed_average_positions_v13,36.4428,32.8535,0.0290322580645161,0.5599292403746098,0.0,,2.255195246179966,0.0290322580645161,1.0580167741935484,0.9538112903225804,1.0439012903225806,0.9337354838709676,0.1323870967741935,0.0977719354838709,1.0451612903225806,0.5806451612903226,0.5806451612903226,0.0,0.4645161290322581,0.0,0.667741935483871,0.3774193548387097,0.0,0.3483870967741935,0.1451612903225806,1.0580167741935484,0.9538112903225804,D,CB,CB,D,CB,CB,CB,CB,Central Defence,"V7 defender refinement selected CB; top role=CB, top score=2.20, next=0.50.","v6_scores={'W': 0.319, 'ST': 0.248, 'SS': 1.116, 'DM': 1.048, 'CM': 1.92, 'AM': 0.563, 'CB': 2.199, 'FB': 0.498, 'WB': 0.288}; cb_signal=2.16, wide_def_signal=0.82, wingback_signal=0.42; source_family=DEF",0.82,True,arbitrated_role_group,CB,CB,Centre-Back,No-Nonsense Centre-Back,83.04,0.6609,0.575,809,,3,6,1,1,"blocked_shots_per90, aerial_duels_won_per90, duels_won_per90",height_cm,"marking, anticipation, positioning, jumping, strength, bravery, concentration",CB,0.8029087524515212,0.36159212427452386,0.8147428306388343,0.776873780439432,0.3520220745144622,0.3826462337466596,0.8147428306388343,0.776873780439432,0.9433182857142858,1.0,0.7013717723960718,0.9002227786404292,CB,CB,Central,Centre-Back,CB
758168,Moussa Niakhaté,Moussa Niakhaté,2025-26,Ligue 1,Olympique Lyonnais,1,Ligue 1,1,Olympique Lyonnais,32,2758.0,1996-03-08,30.0,2026-05-25,Senegal,190.0,Left,D,D,defence,CB,,1,CB,medium,heuristic_stats,,2.0,4.0,,2.0,0.3041,,2.02540212,3.0,,,,2086.0,1875.0,1273.0,1210.0,813.0,665.0,14.0,190.0,86.0,7.0,3.0,2512.0,17.0,7.0,461.0,3918.107266031515,26.0,684.040960808379,334.054913112148,1812.3254112171248,2.0,247.0,3.0,,20.0,244.0,167.0,86.0,108.0,95.0,41.0,5.0,8.0,2.0,,38.0,32.0,3.0,,,1.0,,,,,,,,,,,,,,,,33.8,21.42,25.12,173.34000000000003,119.06,17.74075416968818,19.0,0.0210297316896301,52.94827586206897,,89.88494726749761,46.20667150108775,1.0,,0.0652646845540246,0.1305293691080493,,0.0652646845540246,0.0099234952864394,,0.0660936152284264,0.0978970268310369,,68.07106598984771,61.18564176939812,41.54097171863669,39.48513415518492,26.530094271211023,21.7005076142132,0.4568527918781725,6.200145032632342,2.8063814358230603,0.2284263959390862,0.0978970268310369,81.97244379985497,0.5547498187092096,0.2284263959390862,15.043509789702684,127.8570173831894,0.8484408992023206,22.3218587645954,10.900994263993226,59.14042313616434,0.0652646845540246,8.060188542422045,0.6526468455402465,7.962291515591008,5.449601160261059,2.8063814358230603,3.5242929659173314,3.100072516316171,1.3379260333575054,0.1631617113850616,0.2610587382160986,,1.2400290065264683,1.0442349528643944,0.0978970268310369,,,,,,1.1029731689630164,0.6989847715736042,0.8197244379985495,5.656490210297318,3.885206671501088,68.44262295081967,87.96296296296296,71.42857142857143,0.0652646845540246,,,,,,,,,,,0.0978970268310369,0.0326323422770123,,,,,,35.0479,65.2852,35.0263,65.1777,6.902,4.8246,32.0,9.0,0.0,9.0,23.0,0.0,16.0,16.0,0.0,3.0,10.0,0.2812,0.0,0.2812,0.7188,0.0,0.5,0.5,0.0,0.0938,0.3125,mid_central,Central/Mixed,season_collapsed_average_positions_v13,35.0479,65.2852,0.0326323422770123,0.5789223623175984,0.0006862494024897,1.7278262609087047,,0.0326323422770123,1.1436950688905003,2.130408992023205,1.1429902102973168,2.1269010152284267,0.2252284263959391,0.1574379985496736,1.0442349528643944,0.2936910804931109,0.0,0.2936910804931109,0.7505438723712835,0.0,0.5221174764321972,0.5221174764321972,0.0,0.0978970268310369,0.3263234227701233,1.1436950688905003,2.130408992023205,D,CB,CB,D,CB,CB,CB,CB,Central Defence,V12 used season-collapsed spatial evidence because it was coherent with role-score evidence.,"v6_scores={'W': 0.706, 'ST': 0.062, 'SS': 1.369, 'DM': 1.08, 'CM': 2.07, 'AM': 0.761, 'CB': 1.998, 'FB': 0.808, 'WB': 0.657}; spatial=CB; spatial_strength=0.82; source_family=DEF; spatial_is_coherent=True",0.87,True,arbitrated_role_group,CB,CB,Ball-Playing Centre-Back,Wide Centre-Back,84.51,0.6902,0.607,809,,5,7,0,0,"passes_total_per90, passes_accurate_per90, long_balls_accurate_per90, total_progression_per90, carries_per90",,"composure, decisions, vision, technique, first touch, positioning",CB,0.7591658877867671,0.46870614172390174,0.7671267672886407,0.7416519528826453,0.4800776197622141,0.4436888900396145,0.7671267672886407,0.7416519528826453,0.8551852142857144,1.0,0.7001060019825415,0.8997873914678516,CB,CB,Central,Ball-Playing Centre-Back,CB
1014286,Malick Thiaw,Malick Thiaw,2025-26,Premier League,Newcastle United,1,Premier League,1,Newcastle United,38,2964.0,2001-08-08,24.0,2026-05-25,Germany,194.0,Right,D,D,defence,CB,D,2,"CB, D",medium,heuristic_stats,4.0,0.0,28.0,14.0,6.0,4.721,5.044799999999999,0.97273648,1.0,6.0,2.0,,1695.0,1519.0,1011.0,952.0,684.0,567.0,6.0,148.0,85.0,8.0,1.0,2114.0,10.0,8.0,514.0,3998.560901428492,19.0,453.713991664735,293.606460553506,1587.8072645479506,3.0,199.0,7.0,,38.0,260.0,176.0,97.0,156.0,114.0,61.0,8.0,12.0,4.0,2.0,24.0,11.0,4.0,,,1.0,,,,,,,,,,,,,,,,41.4,29.8,30.540000000000003,180.6,109.94000000000004,21.30870445344129,12.0,0.0151821862348178,59.4,70.74418604651163,89.6165191740413,47.762145748987855,1.0,0.1214574898785425,0.0,0.8502024291497976,0.4251012145748988,0.1821862348178137,0.1433502024291497,0.1531821862348177,0.0295365327935222,0.0303643724696356,0.0607287449392712,51.46761133603239,46.12348178137652,30.69838056680162,28.90688259109312,20.76923076923077,17.2165991902834,0.1821862348178137,4.493927125506073,2.580971659919028,0.242914979757085,0.0303643724696356,64.19028340080972,0.3036437246963562,0.242914979757085,15.607287449392713,121.41379255349672,0.5769230769230769,13.776740637593168,8.915175927738037,48.212771190727246,0.0910931174089068,6.0425101214574894,1.1538461538461535,7.894736842105263,5.34412955465587,2.945344129554656,4.7368421052631575,3.4615384615384617,1.8522267206477727,0.242914979757085,0.3643724696356275,0.0607287449392712,0.728744939271255,0.3340080971659919,0.1214574898785425,,,,,,1.257085020242915,0.9048582995951416,0.9273279352226722,5.483805668016195,3.3382591093117417,67.6923076923077,73.07692307692308,100.0,0.1214574898785425,,,,,,,,,,,0.2125506072874494,0.0303643724696356,0.1821862348178137,,,,,37.0745,35.4583,37.1464,34.9816,4.9801,7.3059,35.0,13.0,13.0,0.0,22.0,0.0,24.0,11.0,0.0,10.0,8.0,0.3714,0.3714,0.0,0.6286,0.0,0.6857,0.3143,0.0,0.2857,0.2286,mid_central,Central/Mixed,season_collapsed_average_positions_v13,37.0745,35.4583,0.0303643724696356,0.6470254388696748,0.0004609975577373,1.8036437246963564,2.1481028151774786,0.0303643724696356,1.125743927125506,1.076669028340081,1.1279271255060728,1.0621943319838056,0.1512176113360324,0.2218390688259109,1.062753036437247,0.3947368421052631,0.3947368421052631,0.0,0.6680161943319838,0.0,0.728744939271255,0.3340080971659919,0.0,0.3036437246963562,0.242914979757085,1.125743927125506,1.076669028340081,D,CB,CB,D,CB,CB,CB,CB,Central Defence,V12 used season-collapsed spatial evidence because it was coherent with role-score evidence.,"v6_scores={'W': 0.526, 'ST': 0.794, 'SS': 1.052, 'DM': 0.972, 'CM': 1.794, 'AM': 0.631, 'CB': 2.338, 'FB': 0.514, 'WB': 0.474}; spatial=CB; spatial_strength=0.82; source_family=DEF; spatial_is_coherent=True",0.87,True,arbitrated_role_group,CB,CB,No-Nonsense Centre-Back,Centre-Back,93.63,0.8726,0.234,809,,2,4,0,0,"blocked_shots_per90, aerial_duels_won_per90",,"marking, positioning, jumping, strength, bravery",CB,0.6884592182799796,0.53102446198844,0.6301212930864638,0.8168026537057145,0.535121391719558,0.5220112165799806,0.6301212930864638,0.8168026537057145,0.9817705714285714,1.0,0.6926412684578076,0.8972174347805199,CB,CB,Central,No-Nonsense Centre-Back,CB
997153,Emin Bayram,Emin Bayram,2025-26,Pro League,KVC Westerlo,1,Pro League,1,KVC Westerlo,37,3232.0,2003-04-02,23.0,2026-05-25,Türkiye,193.0,Right,D,D,defence,CB,,1,CB,medium,heuristic_stats,4.0,2.0,41.0,13.0,20.0,4.386900000000001,4.368,2.96494333,5.0,4.0,,,2005.0,1696.0,1237.0,1156.0,768.0,540.0,20.0,320.0,156.0,13.0,4.0,2609.0,26.0,18.0,375.0,3097.9029116008137,18.0,465.3132634875584,330.17867914430184,1392.7109634106462,5.0,361.0,1.0,,35.0,255.0,167.0,100.0,109.0,91.0,46.0,13.0,21.0,3.0,1.0,25.0,21.0,3.0,2.0,,,,,,,,,,,,,,,,,,42.5,20.64,51.48,259.82,132.5,13.170173267326732,40.0,0.0,,,84.58852867830424,50.28032178217822,1.0,0.1113861386138613,0.0556930693069306,1.1417079207920793,0.3620049504950495,0.556930693069307,0.1221599628712871,0.1216336633663366,0.0825633971844059,0.1392326732673267,,55.83230198019802,47.227722772277225,34.446163366336634,32.19059405940594,21.386138613861387,15.037128712871286,0.556930693069307,8.910891089108912,4.344059405940594,0.3620049504950495,0.1113861386138613,72.65160891089108,0.724009900990099,0.5012376237623762,10.442450495049505,86.26586078096327,0.5012376237623762,12.957361916423343,9.194332030627216,38.78217410487567,0.1392326732673267,10.052599009900993,0.9746287128712872,7.100866336633663,4.650371287128713,2.7846534653465347,3.035272277227723,2.5340346534653464,1.280940594059406,0.3620049504950495,0.5847772277227723,0.0278465346534653,0.6961633663366337,0.5847772277227723,0.083539603960396,,,,,,1.1834777227722773,0.5747524752475248,1.433539603960396,7.235086633663366,3.689665841584159,65.49019607843137,83.4862385321101,72.22222222222223,0.083539603960396,,,,,,,,,,,0.0278465346534653,,0.1113861386138613,,0.0556930693069306,,,34.8651,32.7029,35.0258,32.7264,4.8268,4.2019,37.0,19.0,19.0,0.0,18.0,0.0,19.0,18.0,0.0,9.0,8.0,0.5135,0.5135,0.0,0.4865,0.0,0.5135,0.4865,0.0,0.2432,0.2162,deep_right,Right,season_collapsed_average_positions_v13,34.8651,32.7029,0.0278465346534653,0.3667436862807567,0.0,,,0.0278465346534653,0.9708722153465348,0.910662438118812,0.9753471534653464,0.9113168316831682,0.1344096534653465,0.117008353960396,1.0303217821782178,0.5290841584158416,0.5290841584158416,0.0,0.5012376237623762,0.0,0.5290841584158416,0.5012376237623762,0.0,0.2506188118811881,0.2227722772277227,0.9708722153465348,0.910662438118812,D,CB,CB,D,CB,CB,CB,CB,Central Defence,"V7 defender refinement selected CB; top role=CB, top score=2.07, next=0.52.","v6_scores={'W': 0.615, 'ST': 0.828, 'SS': 1.567, 'DM': 0.929, 'CM': 1.858, 'AM': 1.164, 'CB': 2.066, 'FB': 0.461, 'WB': 0.522}; cb_signal=2.18, wide_def_signal=1.07, wingback_signal=0.84; source_family=DEF",0.82,True,arbitrated_role_group,CB,CB,No-Nonsense Centre-Back,Centre-Back,80.64,0.6129,0.234,809,,2,4,0,0,"blocked_shots_per90, aerial_duels_won_per90",,"marking, positioning, jumping, strength, bravery",CB,0.7627788102772234,0.3893799764814673,0.7568574834066126,0.7758057293925669,0.33806474040602696,0.502273495847436,0.7568574834066126,0.7758057293925669,0.9328397857142857,1.0,0.686691660612019,0.8951662633348814,CB,CB,Central,No-Nonsense Centre-Back,CB
965265,Aiham Ousou,Aiham Ousou,2025-26,Pro League,RC Sporting Charleroi,1,Pro League,1,RC Sporting Charleroi,38,3305.0,2000-01-09,26.0,2026-05-25,Syria,186.0,Right,D,D,defence,CB,D,2,"CB, D",medium,heuristic_stats,2.0,1.0,33.0,9.0,14.0,3.0929,2.2521,1.57213529,3.0,4.0,2.0,,1733.0,1531.0,1049.0,993.0,684.0,538.0,11.0,243.0,140.0,,,2243.0,20.0,7.0,407.0,3261.0733399209767,22.0,486.019158083012,363.529447438353,1163.210572191523,10.0,241.0,1.0,,41.0,247.0,151.0,114.0,120.0,76.0,60.0,5.0,6.0,1.0,,39.0,20.0,11.0,1.0,,1.0,,,,,,,,,,,,,,,,49.12,32.26,42.53999999999999,224.14,146.06,13.197579425113464,4.0,0.0,,72.25954198473282,88.34391229082516,50.54977307110439,1.0,0.0544629349470499,0.0272314674735249,0.8986384266263238,0.2450832072617246,0.3812405446293495,0.0842242057488653,0.0613279878971255,0.0428115510136157,0.0816944024205748,0.0544629349470499,47.19213313161876,41.69137670196672,28.56580937972769,27.040847201210287,18.626323751891075,14.650529500756427,0.2995461422087745,6.617246596066566,3.812405446293495,,,61.08018154311649,0.5446293494704992,0.1906202723146747,11.08320726172466,88.80381258483749,0.5990922844175491,13.235014894847527,9.899440323586012,31.675930861493818,0.2723146747352496,6.562783661119516,1.1164901664145237,6.726172465960666,4.1119515885022695,3.104387291981846,3.2677760968229954,2.069591527987897,1.6338880484114977,0.1361573373676248,0.1633888048411497,,1.0620272314674737,0.5446293494704992,0.2995461422087745,,,,,,1.3376096822995462,0.8784871406959152,1.1584266263237517,6.103661119515885,3.977428139183056,61.1336032388664,63.333333333333336,71.42857142857143,0.0272314674735249,,,,,,,,,,,0.0272314674735249,0.0272314674735249,0.1089258698940998,,0.0272314674735249,,,35.3425,34.6331,35.004,34.5605,5.4647,3.1864,38.0,12.0,12.0,0.0,26.0,0.0,19.0,19.0,0.0,7.0,14.0,0.3158,0.3158,0.0,0.6842,0.0,0.5,0.5,0.0,0.1842,0.3684,mid_central,Central/Mixed,season_collapsed_average_positions_v13,35.3425,34.6331,0.0272314674735249,0.3593894548442395,0.0,,1.9677333672090636,0.0272314674735249,0.962428139183056,0.9431101361573372,0.9532102874432676,0.9411331316187592,0.1488118003025718,0.0867703479576399,1.0347957639939485,0.3267776096822995,0.3267776096822995,0.0,0.708018154311649,0.0,0.5173978819969742,0.5173978819969742,0.0,0.1906202723146747,0.3812405446293495,0.962428139183056,0.9431101361573372,D,CB,CB,D,CB,CB,CB,CB,Central Defence,V12 used season-collapsed spatial evidence because it was coherent with role-score evidence.,"v6_scores={'W': 0.407, 'ST': 0.64, 'SS': 1.115, 'DM': 0.965, 'CM': 1.656, 'AM': 0.737, 'CB': 2.163, 'FB': 0.373, 'WB': 0.386}; spatial=CB; spatial_strength=0.82; source_family=DEF; spatial_is_coherent=True",0.87,True,arbitrated_role_group,CB,CB,No-Nonsense Centre-Back,Centre-Back,76.94,0.5389,0.234,809,,2,4,0,0,"blocked_shots_per90, aerial_duels_won_per90",,"marking, positioning, jumping, strength, bravery",CB,0.7481804397066929,0.41216367492847905,0.7452170487195925,0.754699899878314,0.3646983306294532,0.5165874323863359,0.7452170487195925,0.754699899878314,0.9290669285714286,1.0,0.6850521695524078,0.8946005918083816,CB,CB,Central,No-Nonsense Centre-Back,CB
892979,Oumar Solet,Oumar Solet,2025-26,Serie A,Udinese,1,Serie A,1,Udinese,36,2961.0,2000-02-07,26.0,2026-05-25,France,192.0,Right,D,D,defence,CB,D,3,"CB, D, FB",medium,heuristic_stats,3.0,1.0,33.0,6.0,19.0,2.7937,2.0948,2.40845208,3.0,3.0,2.0,,2075.0,1852.0,1221.0,1142.0,854.0,710.0,23.0,254.0,151.0,20.0,2.0,2645.0,35.0,58.0,606.0,5455.925090313509,44.0,932.37443548747,456.647091410309,2224.75691592504,24.0,328.0,3.0,,27.0,314.0,193.0,131.0,80.0,50.0,42.0,41.0,22.0,2.0,1.0,30.0,29.0,1.0,,,,,,,,,,,,,,,,,,,81.36000000000001,56.6,53.1,131.98000000000002,177.96,18.696386355960826,28.0,0.0050658561296859,75.0,71.12820512820512,89.25301204819277,53.63525835866261,1.0,0.0911854103343465,0.0303951367781155,1.0030395136778116,0.182370820668693,0.5775075987841946,0.0849148936170212,0.0636717325227963,0.0732052303951367,0.0911854103343465,0.060790273556231,63.06990881458967,56.29179331306991,37.11246200607903,34.7112462006079,25.95744680851064,21.580547112462007,0.6990881458966566,7.720364741641338,4.589665653495441,0.60790273556231,0.060790273556231,80.3951367781155,1.0638297872340423,1.762917933130699,18.419452887538,165.83358937123128,1.337386018237082,28.33964849505988,13.879850802744954,67.62179075759998,0.729483282674772,9.969604863221884,0.8206686930091185,9.544072948328267,5.866261398176292,3.98176291793313,2.43161094224924,1.5197568389057752,1.2765957446808511,1.2462006079027357,0.668693009118541,0.0303951367781155,0.9118541033434652,0.8814589665653495,0.0303951367781155,,,,,,2.472948328267478,1.720364741641337,1.6139817629179327,4.011550151975684,5.409118541033435,61.46496815286624,62.5,70.6896551724138,0.060790273556231,,,,,,,,,,,0.0911854103343465,,0.0911854103343465,,,,,38.6412,63.7896,38.7935,67.8733,5.1241,13.0407,35.0,21.0,2.0,19.0,14.0,0.0,25.0,10.0,0.0,14.0,3.0,0.6,0.0571,0.5429,0.4,0.0,0.7143,0.2857,0.0,0.4,0.0857,mid_central,Left,season_collapsed_average_positions_v13,38.6412,63.7896,0.0303951367781155,0.5682792205459217,0.00015397738996,2.2796352583586628,2.1619515236536517,0.0303951367781155,1.1745045592705166,1.9388936170212767,1.1791337386018237,2.063018237082067,0.1557477203647416,0.3963738601823708,1.0638297872340423,0.6382978723404256,0.060790273556231,0.5775075987841946,0.425531914893617,0.0,0.7598784194528876,0.303951367781155,0.0,0.425531914893617,0.0911854103343465,1.1745045592705166,1.9388936170212767,D,CB,CB,D,CB,CB,CB,CB,Central Defence,V13 zone-distribution rescue selected wide defender from repeated wide average positions. | Final CB hard gate override (insufficient genuine wide deployment evidence),"v6_scores={'W': 1.533, 'ST': 0.623, 'SS': 1.683, 'DM': 0.95, 'CM': 2.226, 'AM': 1.228, 'CB': 1.054, 'FB': 0.944, 'WB': 1.273}; wide_pct=0.60; mid_wide_pct=0.40; high_wide_pct=0.00; right_pct=0.06; left_pct=0.54; spatial_n=35.0",0.81,True,arbitrated_role_group,CB,CB,Ball-Playing Centre-Back,Wide Centre-Back,89.93,0.7986,0.607,809,,5,7,0,0,"passes_total_per90, passes_accurate_per90, long_balls_accurate_per90, total_progression_per90, carries_per90",,"composure, decisions, vision, technique, first touch, positioning",CB,0.704276007317178,0.511094533498262,0.6859064657083781,0.7446889988565376,0.5068605403541482,0.5204093184153121,0.6859064657083781,0.7446889988565376,0.8636901428571429,1.0,0.6835877571861787,0.8940951645679359,CB,CB,Central,Ball-Playing Centre-Back,CB
958916,Nathan Collins,Nathan Collins,2025-26,Premier League,Brentford,1,Premier League,1,Brentford,38,2972.0,2001-04-30,25.0,2026-05-25,Ireland,193.0,Right,D,D,defence,CB,D,2,"CB, D",medium,heuristic_stats,1.0,2.0,20.0,6.0,10.0,2.2774,1.6987,1.6219368400000005,5.0,4.0,2.0,1.0,1753.0,1457.0,1130.0,1049.0,623.0,408.0,11.0,247.0,88.0,1.0,1.0,2245.0,17.0,10.0,472.0,4300.795615732424,30.0,814.9452118732569,527.094851229792,1928.4163303300247,10.0,333.0,1.0,1.0,44.0,249.0,144.0,114.0,143.0,89.0,73.0,7.0,9.0,3.0,1.0,20.0,17.0,7.0,,1.0,1.0,,3.19,4.37,1.34,0.35,0.08,,,,,,,,,,32.3,14.56,39.2,215.82,143.66,18.814266487214,22.0,0.0309555854643337,54.93478260869565,,83.11466058185967,51.921265141318976,1.0,0.0302826379542395,0.0605652759084791,0.6056527590847914,0.1816958277254374,0.3028263795423957,0.0689656796769851,0.0514411170928667,0.0491165261103634,0.1514131897711978,0.0605652759084791,53.08546433378197,44.12180349932705,34.219380888290715,31.76648721399731,18.86608344549125,12.355316285329744,0.3331090174966352,7.479811574697174,2.664872139973082,0.0302826379542395,0.0302826379542395,67.98452220726783,0.5148048452220727,0.3028263795423957,14.293405114401075,130.23943654640584,0.9084791386271872,24.67869080369889,15.961822547335558,58.3975335564274,0.3028263795423957,10.084118438761775,1.332436069986541,7.540376850605653,4.360699865410498,3.452220726783311,4.330417227456258,2.6951547779273217,2.2106325706594885,0.211978465679677,0.2725437415881561,0.0302826379542395,0.6056527590847914,0.5148048452220727,0.211978465679677,0.0966016150740242,0.1323351278600269,0.040578734858681,0.0105989232839838,0.0024226110363391,0.978129205921938,0.440915208613728,1.187079407806191,6.535598923283985,4.350403768506056,57.83132530120482,62.23776223776224,70.0,0.0908479138627187,,,,,,,,,,,0.0302826379542395,0.0302826379542395,0.1211305518169582,0.0302826379542395,,0.0302826379542395,0.0302826379542395,34.5363,52.7242,35.0817,55.6,4.8126,15.292,35.0,10.0,0.0,10.0,25.0,0.0,18.0,17.0,0.0,4.0,11.0,0.2857,0.0,0.2857,0.7143,0.0,0.5143,0.4857,0.0,0.1143,0.3143,deep_central,Central/Mixed,season_collapsed_average_positions_v13,34.5363,52.7242,0.0302826379542395,0.5697456204068841,0.0009374167872779,1.6635701328339865,,0.0302826379542395,1.045850269179004,1.596627860026918,1.0623664199192462,1.68371467025572,0.1457382234185733,0.4630820995962315,1.059892328398385,0.3028263795423957,0.0,0.3028263795423957,0.7570659488559892,0.0,0.5450874831763123,0.5148048452220727,0.0,0.1211305518169582,0.3331090174966352,1.045850269179004,1.596627860026918,D,CB,CB,D,CB,CB,CB,CB,Central Defence,V12 used season-collapsed spatial evidence because it was coherent with role-score evidence.,"v6_scores={'W': 0.689, 'ST': 0.469, 'SS': 1.116, 'DM': 1.009, 'CM': 1.879, 'AM': 0.669, 'CB': 2.425, 'FB': 0.593, 'WB': 0.651}; spatial=CB; spatial_strength=0.82; source_family=DEF; spatial_is_coherent=True",0.87,True,arbitrated_role_group,CB,CB,No-Nonsense Centre-Back,Centre-Back,89.37,0.7874,0.234,809,,2,4,0,0,"blocked_shots_per90, aerial_duels_won_per90",,"marking, positioning, jumping, strength, bravery",CB,0.6938809516417378,0.4900589217066154,0.7122463506149443,0.6534770739006834,0.5261372326246601,0.41068663768691716,0.7122463506149443,0.6534770739006834,0.8609007857142857,1.0,0.6715427795417992,0.8899321062051304,CB,CB,Central,No-Nonsense Centre-Back,CB
863271,Jeff Chabot,Jeff Chabot,2025-26,Bundesliga,VfB Stuttgart,1,Bundesliga,1,VfB Stuttgart,32,2296.0,1998-02-12,28.0,2026-05-25,Germany,194.0,Left,D,D,defence,CB,D,2,"CB, D",medium,heuristic_stats,,0.0,18.0,7.0,9.0,1.1273,1.5936,0.84651886,,2.0,,,1727.0,1534.0,937.0,874.0,790.0,660.0,7.0,162.0,83.0,1.0,,2163.0,13.0,7.0,412.0,3151.003815157264,11.0,268.47096986792,203.92372730446,863.3180622685709,3.0,221.0,,,15.0,290.0,204.0,101.0,149.0,128.0,55.0,4.0,6.0,1.0,1.0,35.0,40.0,3.0,,,1.0,,,,,,,,,,,,,,,,31.04,18.74,31.22,170.32000000000002,87.62,17.473867595818817,24.0,0.0065331010452961,75.0,72.1563981042654,88.82455124493342,42.697299651567945,1.0,,0.0,0.705574912891986,0.274390243902439,0.352787456445993,0.0441885888501742,0.0624668989547038,0.0331823594947735,,,67.69599303135888,60.13066202090592,36.72909407665505,34.2595818815331,30.96689895470384,25.871080139372825,0.274390243902439,6.350174216027875,3.2534843205574915,0.039198606271777,,84.78658536585365,0.509581881533101,0.274390243902439,16.149825783972126,123.5149579112168,0.431184668989547,10.523687843254704,7.993525896080749,33.84086481017917,0.117595818815331,8.662891986062718,0.587979094076655,11.367595818815332,7.996515679442509,3.959059233449477,5.840592334494773,5.017421602787456,2.155923344947736,0.156794425087108,0.235191637630662,0.039198606271777,1.3719512195121952,1.56794425087108,0.117595818815331,,,,,,1.216724738675958,0.7345818815331011,1.223780487804878,6.67630662020906,3.4345818815331013,70.34482758620689,85.90604026845638,57.142857142857146,0.039198606271777,,,,,,,,,,,,0.039198606271777,0.078397212543554,,,,,36.3223,60.0731,37.3398,60.509,5.0315,3.3015,27.0,1.0,0.0,1.0,26.0,0.0,18.0,9.0,0.0,1.0,9.0,0.037,0.0,0.037,0.963,0.0,0.6667,0.3333,0.0,0.037,0.3333,mid_central,Central/Mixed,season_collapsed_average_positions_v13,36.3223,60.0731,0.039198606271777,0.6849512559336645,0.0002560884556082,2.939895470383276,2.828430239278696,0.039198606271777,1.423783536585366,2.354781794425087,1.463668118466899,2.3718684668989547,0.197227787456446,0.1294141986062717,1.0583623693379791,0.039198606271777,0.0,0.039198606271777,1.019163763066202,0.0,0.705574912891986,0.352787456445993,0.0,0.039198606271777,0.352787456445993,1.423783536585366,2.354781794425087,D,CB,CB,D,CB,CB,CB,CB,Central Defence,V12 used season-collapsed spatial evidence because it was coherent with role-score evidence.,"v6_scores={'W': 0.36, 'ST': 0.426, 'SS': 1.225, 'DM': 0.994, 'CM': 1.937, 'AM': 0.731, 'CB': 2.097, 'FB': 0.402, 'WB': 0.325}; spatial=CB; spatial_strength=0.82; source_family=DEF; spatial_is_coherent=True",0.87,True,arbitrated_role_group,CB,CB,Ball-Playing Centre-Back,Centre-Back,80.39,0.6079,0.607,809,,5,7,0,0,"passes_total_per90, passes_accurate_per90, long_balls_accurate_per90, total_progression_per90, carries_per90",,"composure, decisions, vision, technique, first touch, positioning",CB,0.807271569109674,0.27154731100902685,0.7901744812089401,0.8448851624912888,0.25671148601902494,0.3041861259870311,0.7901744812089401,0.8448851624912888,0.862571,1.0,0.6693971656453728,0.8891894258931629,CB,CB,Central,Ball-Playing Centre-Back,CB
1001196,Gonçalo Inácio,Gonçalo Inácio,2025-26,Liga Portugal Betclic,Sporting CP,1,Liga Portugal Betclic,1,Sporting CP,31,2506.0,2001-08-25,24.0,2026-05-25,Portugal,186.0,Left,D,D,defence,CB,,1,CB,medium,heuristic_stats,2.0,3.0,11.0,3.0,3.0,1.2227,1.7364,2.1727910300000004,3.0,,,,2483.0,2238.0,1343.0,1256.0,1140.0,982.0,17.0,251.0,142.0,4.0,1.0,2780.0,10.0,9.0,576.0,4437.283884607451,9.0,211.58839231717803,172.406390670986,2270.491548172915,6.0,271.0,1.0,1.0,18.0,211.0,128.0,96.0,93.0,52.0,55.0,8.0,15.0,3.0,,21.0,23.0,4.0,1.0,1.0,1.0,,,,,,,,,,,,,,,,35.56,19.86,23.660000000000004,71.02,111.9,15.79369513168396,25.0,0.0,,69.67041198501873,90.1329037454692,39.31165203511572,1.0,0.071827613727055,0.1077414205905826,0.3950518754988029,0.1077414205905826,0.1077414205905826,0.0439118116520351,0.0623607342378292,0.078033197406225,0.1077414205905826,,89.17398244213886,80.37509976057463,48.23224261771748,45.107741420590585,40.94173982442139,35.267358339984035,0.6105347166799681,9.014365522745411,5.09976057462091,0.1436552274541101,0.0359138068635275,99.84038308060654,0.3591380686352753,0.3232242617717478,20.68635275339186,159.3597564304352,0.3232242617717478,7.598944656243425,6.191769816595666,81.54199494635368,0.2154828411811652,9.73264166001596,0.6464485235434956,7.577813248204309,4.596967278531524,3.4477254588986432,3.339984038308061,1.867517956903432,1.9752593774940144,0.2873104549082202,0.538707102952913,,0.7541899441340782,0.8260175578611333,0.1436552274541101,,,,,,1.277094972067039,0.7132482043096567,0.8497206703910617,2.5505985634477253,4.018754988028731,60.66350710900474,55.913978494623656,88.88888888888889,0.1077414205905826,,,,,,,,,,,0.0359138068635275,0.0359138068635275,,,0.0359138068635275,0.0359138068635275,0.0359138068635275,37.9824,67.4146,37.1107,68.4033,5.8295,6.6847,29.0,19.0,0.0,19.0,10.0,0.0,20.0,9.0,0.0,13.0,3.0,0.6552,0.0,0.6552,0.3448,0.0,0.6897,0.3103,0.0,0.4483,0.1034,mid_left,Left,season_collapsed_average_positions_v13,37.9824,67.4146,0.0359138068635275,0.5672117166207328,0.0,,2.502129720132357,0.0359138068635275,1.364092577813248,2.421114924181963,1.332786512370311,2.4566229050279333,0.2093595371109338,0.2400730247406225,1.0415003990422984,0.6823623304070231,0.0,0.6823623304070231,0.3591380686352753,0.0,0.7182761372705507,0.3232242617717478,0.0,0.4668794892258579,0.1077414205905826,1.364092577813248,2.421114924181963,D,CB,CB,D,CB,CB,CB,CB,Central Defence,"V7 defender refinement selected CB; top role=CB, top score=1.71, next=0.49.","v6_scores={'W': 0.349, 'ST': 0.29, 'SS': 1.552, 'DM': 1.041, 'CM': 1.903, 'AM': 0.986, 'CB': 1.708, 'FB': 0.489, 'WB': 0.298}; cb_signal=1.84, wide_def_signal=0.81, wingback_signal=0.62; source_family=DEF",0.82,True,arbitrated_role_group,CB,CB,Ball-Playing Centre-Back,Wide Centre-Back,98.16,0.9632,0.607,809,,5,7,0,0,"passes_total_per90, passes_accurate_per90, long_balls_accurate_per90, total_progression_per90, carries_per90",,"composure, decisions, vision, technique, first touch, positioning",CB,0.7180837498077591,0.4405211675633101,0.7350887798434456,0.6806726837292488,0.4419596615605531,0.4373564807693755,0.7350887798434456,0.6806726837292488,0.8397834285714285,1.0,0.6680923812089777,0.8887376259614195,CB,CB,Central,Ball-Playing Centre-Back,CB
1485300,Vitor Reis,Vitor Reis,2025-26,La Liga,Girona FC,1,La Liga,1,Girona FC,36,3138.0,2006-01-12,20.0,2026-05-25,Brazil,186.0,Right,D,D,defence,CB,D,3,"CB, D, FB",medium,heuristic_stats,1.0,1.0,19.0,4.0,11.0,1.58,0.9655,0.4484155,2.0,4.0,1.0,,1924.0,1750.0,1319.0,1248.0,605.0,502.0,9.0,153.0,77.0,,,2446.0,28.0,11.0,514.0,4402.676440859774,22.0,552.399655127481,412.406905174293,1928.875745198305,6.0,215.0,3.0,1.0,42.0,286.0,169.0,127.0,136.0,87.0,69.0,8.0,11.0,7.0,,40.0,24.0,8.0,1.0,,,,,,,,,,,,,,,,,,47.63999999999999,29.28,34.62,211.44,119.52,20.18865519439133,12.0,0.0101975780752071,58.0,,90.95634095634097,48.38814531548757,1.0,0.02868068833652,0.02868068833652,0.5449330783938815,0.1147227533460803,0.3154875717017208,0.0453154875717017,0.0276912045889101,0.0128608652007648,0.0573613766730401,0.02868068833652,55.18164435946463,50.19120458891013,37.829827915869984,35.79349904397706,17.351816443594647,14.397705544933078,0.2581261950286806,4.388145315487572,2.208413001912046,,,70.1529636711281,0.8030592734225621,0.3154875717017208,14.74187380497132,126.27179084683864,0.6309751434034416,15.843202345912456,11.828113915132686,55.321484087905496,0.1720841300191204,6.166347992351817,1.2045889101338432,8.202676864244742,4.8470363288718925,3.64244741873805,3.9005736137667295,2.4952198852772467,1.9789674952198848,0.2294455066921606,0.3154875717017208,,1.147227533460803,0.6883365200764818,0.2294455066921606,,,,,,1.3663479923518165,0.839770554493308,0.992925430210325,6.064244741873805,3.4279158699808794,59.09090909090909,63.97058823529412,72.72727272727273,0.2007648183556405,,,,,,,,,,,0.0860420650095602,,0.1147227533460803,,0.02868068833652,,0.02868068833652,33.0384,41.6134,34.1213,37.097,5.6501,12.1703,36.0,10.0,8.0,2.0,26.0,0.0,12.0,24.0,0.0,2.0,16.0,0.2778,0.2222,0.0556,0.7222,0.0,0.3333,0.6667,0.0,0.0556,0.4444,deep_central,Central/Mixed,season_collapsed_average_positions_v13,33.0384,41.6134,0.02868068833652,0.5790245275638048,0.0002924735585623,1.6634799235181643,,0.02868068833652,0.9475640535372848,1.1935009560229444,0.9786223709369024,1.0639674952198852,0.1620487571701721,0.3490525812619502,1.032504780114723,0.2868068833652007,0.2294455066921606,0.0573613766730401,0.745697896749522,0.0,0.3441682600382409,0.6883365200764818,0.0,0.0573613766730401,0.4588910133843212,0.9475640535372848,1.1935009560229444,D,CB,CB,D,CB,CB,CB,CB,Central Defence,V12 used season-collapsed spatial evidence because it was coherent with role-score evidence.,"v6_scores={'W': 0.483, 'ST': 0.369, 'SS': 0.845, 'DM': 1.018, 'CM': 1.787, 'AM': 0.431, 'CB': 2.42, 'FB': 0.454, 'WB': 0.448}; spatial=CB; spatial_strength=0.82; source_family=DEF; spatial_is_coherent=True",0.87,True,arbitrated_role_group,CB,CB,No-Nonsense Centre-Back,Centre-Back,85.72,0.7144,0.234,809,,2,4,0,0,"blocked_shots_per90, aerial_duels_won_per90",,"marking, positioning, jumping, strength, bravery",CB,0.7337337755166624,0.4036688191101537,0.735605902440824,0.7296150962835068,0.3972448710186739,0.417801504911409,0.735605902440824,0.7296150962835068,0.8618412857142856,1.0,0.6680266625500821,0.8887148666818034,CB,CB,Central,No-Nonsense Centre-Back,CB
1470622,Yuto Tsunashima,Yuto Tsunashima,2025-26,Pro League,Royal Antwerp FC,1,Pro League,1,Royal Antwerp FC,33,2650.0,2000-08-15,25.0,2026-05-25,Japan,188.0,Right,D,D,defence,CB,D,2,"CB, D",medium,heuristic_stats,1.0,0.0,12.0,4.0,5.0,2.1497,1.4584,0.46860714,,1.0,2.0,,1488.0,1283.0,925.0,865.0,563.0,418.0,7.0,191.0,88.0,8.0,1.0,1958.0,18.0,12.0,433.0,4038.122384704705,24.0,613.6267736101013,386.7098458072275,1750.0875698919851,5.0,254.0,2.0,1.0,27.0,286.0,159.0,132.0,125.0,78.0,58.0,6.0,22.0,1.0,,46.0,24.0,5.0,,,,,,,,,,,,,,,,,,,48.96,30.74,33.98,181.96,86.82,13.86,4.0,0.0256603773584905,47.11764705882353,62.16350710900474,86.22311827956989,48.7366037735849,1.0,0.0339622641509433,0.0,0.4075471698113208,0.1358490566037735,0.1698113207547169,0.073008679245283,0.0495305660377358,0.0159149594716981,,0.0679245283018867,50.53584905660377,43.573584905660375,31.41509433962264,29.37735849056604,19.12075471698113,14.19622641509434,0.2377358490566037,6.486792452830189,2.988679245283018,0.2716981132075471,0.0339622641509433,66.49811320754716,0.6113207547169811,0.4075471698113208,14.705660377358493,137.14377910317867,0.8150943396226416,20.840154575437403,13.13354193307565,59.43693633595421,0.1698113207547169,8.626415094339622,0.9169811320754716,9.71320754716981,5.4,4.483018867924528,4.245283018867925,2.6490566037735848,1.969811320754717,0.2037735849056604,0.7471698113207547,,1.5622641509433963,0.8150943396226416,0.1698113207547169,,,,,,1.6627924528301885,1.044,1.1540377358490566,6.17977358490566,2.9486037735849053,55.59440559440559,62.4,50.0,0.0339622641509433,,,,,,,,,,,0.0679245283018867,,0.0339622641509433,,,,0.0339622641509433,35.4766,48.1428,35.7436,49.3985,4.7124,16.2435,33.0,13.0,9.0,4.0,20.0,0.0,18.0,15.0,0.0,7.0,9.0,0.3939,0.2727,0.1212,0.6061,0.0,0.5455,0.4545,0.0,0.2121,0.2727,mid_central,Central/Mixed,season_collapsed_average_positions_v13,35.4766,48.1428,0.0339622641509433,0.4707169811320754,0.0008714845140619,1.600221975582686,2.1112134489850667,0.0339622641509433,1.2048656603773584,1.6350384905660378,1.2139335849056605,1.677684905660377,0.1600437735849056,0.5516660377358491,1.120754716981132,0.4415094339622641,0.3056603773584905,0.1358490566037735,0.6792452830188679,0.0,0.6113207547169811,0.5094339622641509,0.0,0.2377358490566037,0.3056603773584905,1.2048656603773584,1.6350384905660378,D,CB,CB,D,CB,CB,CB,CB,Central Defence,V12 used season-collapsed spatial evidence because it was coherent with role-score evidence.,"v6_scores={'W': 0.747, 'ST': 0.379, 'SS': 0.881, 'DM': 1.039, 'CM': 1.805, 'AM': 0.419, 'CB': 2.225, 'FB': 0.723, 'WB': 0.673}; spatial=CB; spatial_strength=0.82; source_family=DEF; spatial_is_coherent=True",0.87,True,arbitrated_role_group,CB,CB,No-Nonsense Centre-Back,Centre-Back,79.66,0.5931,0.234,809,,2,4,0,0,"blocked_shots_per90, aerial_duels_won_per90",,"marking, positioning, jumping, strength, bravery",CB,0.7239787029271764,0.3986697833038666,0.7173896613913275,0.738474594306044,0.4174588433347248,0.3573338512359784,0.7173896613913275,0.738474594306044,0.9237650714285714,1.0,0.6674769913587053,0.8885244956615064,CB,CB,Central,No-Nonsense Centre-Back,CB
134231,Visar Musliu,Visar Musliu,2025-26,Pro League,Sint-Truidense VV,1,Pro League,1,Sint-Truidense VV,31,2339.0,1994-11-13,31.0,2026-05-25,North Macedonia,186.0,Right,D,D,defence,CB,D,2,"CB, D",medium,heuristic_stats,,0.0,16.0,3.0,9.0,1.0945,0.6216999999999999,0.55458093,,1.0,,1.0,1588.0,1394.0,926.0,846.0,662.0,548.0,4.0,192.0,115.0,3.0,,1979.0,17.0,6.0,395.0,3516.3260190575406,21.0,559.521037631475,354.72743711691,1131.601745315315,7.0,227.0,1.0,1.0,24.0,255.0,159.0,96.0,140.0,93.0,55.0,4.0,14.0,1.0,,20.0,26.0,4.0,,,,,,,,,,,,,,,,,,,33.76,17.76,39.57999999999999,140.82,112.22,9.93373236425823,26.0,0.0354852501068832,38.373493975903614,6.0,87.78337531486146,46.88926891834117,1.0,,0.0,0.6156477126977341,0.1154339461308251,0.3463018383924754,0.0421141513467293,0.0239217614365113,0.0213391550662676,,,61.1030354852501,53.63830696879008,35.63061137238136,32.55237280889269,25.472424112868747,21.08593415989739,0.1539119281744335,7.387772552372809,4.424967935014964,0.1154339461308251,,76.14792646430098,0.6541256947413424,0.2308678922616502,15.19880290722531,135.301129420769,0.808037622915776,21.529240439005022,13.649195955759682,43.54175163675859,0.2693458743052586,8.734501923899103,0.9234715690466012,9.811885421120136,6.117999144933733,3.693886276186405,5.386917486105173,3.57845233005558,2.116289012398461,0.1539119281744335,0.5386917486105173,,0.7695596408721675,1.000427533133818,0.1539119281744335,,,,,,1.2990166737922186,0.6833689610944849,1.5229585292860195,5.418469431380932,4.317999144933732,62.35294117647059,66.42857142857143,66.66666666666667,0.0384779820436083,,,,,,,,,,,0.0384779820436083,,0.0384779820436083,0.0384779820436083,,,0.0384779820436083,34.3797,58.3511,34.5314,64.3152,5.179,13.6281,28.0,10.0,2.0,8.0,18.0,0.0,13.0,15.0,0.0,4.0,9.0,0.3571,0.0714,0.2857,0.6429,0.0,0.4643,0.5357,0.0,0.1429,0.3214,deep_central,Central/Mixed,season_collapsed_average_positions_v13,34.3797,58.3511,0.0384779820436083,0.3822299755379396,0.0013654008164256,1.4765346121553335,0.2308678922616502,0.0384779820436083,1.322861479264643,2.245232578024797,1.3286985891406584,2.474719110731082,0.1992774690038478,0.5243817870884994,1.0773834972210343,0.3847798204360838,0.0769559640872167,0.307823856348867,0.6926036767849508,0.0,0.500213766566909,0.5771697306541257,0.0,0.1539119281744335,0.3463018383924754,1.322861479264643,2.245232578024797,D,CB,CB,D,CB,CB,CB,CB,Central Defence,V12 used season-collapsed spatial evidence because it was coherent with role-score evidence.,"v6_scores={'W': 0.635, 'ST': 0.375, 'SS': 1.091, 'DM': 1.008, 'CM': 2.057, 'AM': 0.585, 'CB': 2.339, 'FB': 0.612, 'WB': 0.597}; spatial=CB; spatial_strength=0.82; source_family=DEF; spatial_is_coherent=True",0.87,True,arbitrated_role_group,CB,CB,Centre-Back,No-Nonsense Centre-Back,87.16,0.7431,0.575,809,,3,6,1,1,"blocked_shots_per90, aerial_duels_won_per90, duels_won_per90",height_cm,"marking, anticipation, positioning, jumping, strength, bravery, concentration",CB,0.7936802123582785,0.28506739424562405,0.7879918406387123,0.8061946301413241,0.2898447467835157,0.2745572186622625,0.7879918406387123,0.8061946301413241,0.8679127857142857,1.0,0.6665127169204695,0.8881904794653491,CB,CB,Central,Centre-Back,CB
