player_id,player_name,profile_name,season,league,team,leagues_played_count,leagues_played_list,teams_played_count,teams_played_list,matches,minutes_played,date_of_birth,age,age_as_of,nationality,height_cm,preferred_foot,player_position,base_position,role_family,primary_role_position,secondary_role_position,positions_played_count,positions_played_list,position_confidence,position_source,goals,assists,shots_total,shots_on_target,shots_off_target,xg,xgot,xa,big_chances_created,big_chance_missed,offsides,hit_woodwork,passes_total,passes_accurate,passes_own_half_total,passes_own_half_accurate,passes_opposition_half_total,passes_opposition_half_accurate,key_passes,long_balls_total,long_balls_accurate,crosses_total,crosses_accurate,touches,unsuccessful_touches,dribbles_attempted,carries,carry_distance,progressive_carries,progressive_carry_distance,best_carry_progression,total_progression,dispossessed,possession_lost,last_man_tackles,clearance_off_line,blocked_shots,duels_total,duels_won,duels_lost,aerial_duels_total,aerial_duels_won,aerial_duels_lost,dribbles_won,challenges_lost,errors_leading_to_shot,errors_leading_to_goal,fouls_committed,fouls_drawn,yellow_cards,red_cards,penalties_won,penalties_conceded,penalties_faced,distance_walking_km,distance_jogging_km,distance_running_km,distance_high_speed_running_km,distance_sprinting_km,gk_saves,gk_saves_inside_box,gk_xgot_faced,gk_goals_prevented,gk_goals_prevented_raw,gk_high_claims,gk_punches,gk_sweeper_total,gk_sweeper_accurate,P-Adj_tackles_total,P-Adj_tackles_won,P-Adj_interceptions,P-Adj_clearances,P-Adj_recoveries,MW,shirt_number,is_substitute,sub_on_minute,sub_off_minute,pass_accuracy_pct,oppo_poss_pct,poss_available,goals_per90,assists_per90,shots_total_per90,shots_on_target_per90,shots_off_target_per90,xg_per90,xgot_per90,xa_per90,big_chances_created_per90,offsides_per90,passes_total_per90,passes_accurate_per90,passes_own_half_total_per90,passes_own_half_accurate_per90,passes_opposition_half_total_per90,passes_opposition_half_accurate_per90,key_passes_per90,long_balls_total_per90,long_balls_accurate_per90,crosses_total_per90,crosses_accurate_per90,touches_per90,unsuccessful_touches_per90,dribbles_attempted_per90,carries_per90,carry_distance_per90,progressive_carries_per90,progressive_carry_distance_per90,best_carry_progression_per90,total_progression_per90,dispossessed_per90,possession_lost_per90,blocked_shots_per90,duels_total_per90,duels_won_per90,duels_lost_per90,aerial_duels_total_per90,aerial_duels_won_per90,aerial_duels_lost_per90,dribbles_won_per90,challenges_lost_per90,errors_leading_to_goal_per90,fouls_committed_per90,fouls_drawn_per90,yellow_cards_per90,distance_walking_km_per90,distance_jogging_km_per90,distance_running_km_per90,distance_high_speed_running_km_per90,distance_sprinting_km_per90,P-Adj_tackles_total_per90,P-Adj_tackles_won_per90,P-Adj_interceptions_per90,P-Adj_clearances_per90,P-Adj_recoveries_per90,duel_win_pct,aerial_win_pct,dribble_success_pct,errors_leading_to_shot_per90,penalties_faced_per90,gk_saves_per90,gk_saves_inside_box_per90,gk_xgot_faced_per90,gk_goals_prevented_per90,gk_goals_prevented_raw_per90,gk_high_claims_per90,gk_punches_per90,gk_sweeper_total_per90,gk_sweeper_accurate_per90,last_man_tackles_per90,penalties_conceded_per90,big_chance_missed_per90,hit_woodwork_per90,red_cards_per90,penalties_won_per90,clearance_off_line_per90,season_avg_x,season_avg_y,season_median_x,season_median_y,season_std_x,season_std_y,spatial_matches_used,spatial_wide_matches,spatial_right_matches,spatial_left_matches,spatial_central_matches,spatial_high_matches,spatial_mid_matches,spatial_deep_matches,spatial_high_wide_matches,spatial_mid_wide_matches,spatial_deep_central_matches,spatial_wide_pct,spatial_right_pct,spatial_left_pct,spatial_central_pct,spatial_high_pct,spatial_mid_pct,spatial_deep_pct,spatial_high_wide_pct,spatial_mid_wide_pct,spatial_deep_central_pct,season_position_zone,spatial_dominant_side,position_context_source,avg_x,avg_y,leagues_played_count_per90,MW_per90,is_substitute_per90,sub_on_minute_per90,sub_off_minute_per90,poss_available_per90,season_avg_x_per90,season_avg_y_per90,season_median_x_per90,season_median_y_per90,season_std_x_per90,season_std_y_per90,spatial_matches_used_per90,spatial_wide_matches_per90,spatial_right_matches_per90,spatial_left_matches_per90,spatial_central_matches_per90,spatial_high_matches_per90,spatial_mid_matches_per90,spatial_deep_matches_per90,spatial_high_wide_matches_per90,spatial_mid_wide_matches_per90,spatial_deep_central_matches_per90,avg_x_per90,avg_y_per90,profile_position_raw,match_position_mode,match_role_mode,profile_positions_played,match_positions_played,match_roles_played,arbitrated_position,arbitrated_role_group,arbitrated_lane,arbitration_reason,position_evidence,arbitrated_confidence,position_conflict_flag,role_source_column,role_source_value,role_model_family,primary_role,secondary_role,role_score,role_bvalue,confidence,cohort_size,warning,measured_metrics_available,measured_metrics_possible,partial_proxies_available,partial_proxies_possible,measured_inputs,partial_proxies,unmeasured_traits,_family,similarity_core,similarity_broad,similarity_z_core,similarity_percentile_core,similarity_z_broad,similarity_percentile_broad,similarity_z,similarity_percentile,similarity_spatial,similarity_role_bonus,similarity_raw,similarity,similarity_archetype,similarity_family,similarity_side,similarity_display_role,similarity_color_key
978838,Michael Olise,Michael Olise,2025-26,Bundesliga,FC Bayern München,1,Bundesliga,1,FC Bayern München,33,2317.0,2001-12-12,24.0,2026-05-25,France,184.0,Left,M,M,midfield,AM,CM,2,"AM, CM",medium,heuristic_stats,15.0,19.0,101.0,50.0,21.0,11.4636,11.1494,17.233848300000002,27.0,15.0,7.0,6.0,1557.0,1310.0,264.0,234.0,1293.0,1076.0,81.0,46.0,28.0,147.0,31.0,2335.0,79.0,138.0,610.0,5986.05603287756,106.0,1822.905764678012,499.374901527116,2393.64171636503,31.0,573.0,,,30.0,318.0,155.0,175.0,8.0,8.0,13.0,65.0,28.0,1.0,,32.0,58.0,8.0,,2.0,,,,,,,,,,,,,,,,,15.86,7.26,8.600000000000001,6.180000000000001,68.11999999999999,16.10012947777298,17.0,0.1450151057401812,51.85119047619048,81.96671289875174,84.13615928066795,32.43677168752698,1.0,0.5826499784203711,0.7380233059991368,3.923176521363832,1.9421665947345703,0.8157099697885196,0.4452844195079845,0.4330798446266724,0.6694200893396635,1.048769961156668,0.2719033232628399,60.479067760034525,50.88476478204575,10.254639620198532,9.08933966335779,50.22442813983599,41.79542511868796,3.1463098834700043,1.7867932671558049,1.0876132930513596,5.709969788519637,1.2041432887354335,90.69917997410444,3.0686232196806214,5.360379801467415,23.69443245576176,232.5183612252829,4.11739318083729,70.80773363013425,19.39738503989661,92.97701962574564,1.2041432887354335,22.25722917565818,1.1652999568407425,12.35217954251187,6.020716443677169,6.7975830815709966,0.3107466551575313,0.3107466551575313,0.5049633146309883,2.5248165731549417,1.0876132930513596,,1.2429866206301252,2.252913249892102,0.3107466551575313,,,,,,0.6160552438498058,0.2820025895554596,0.3340526542943461,0.2400517911091929,2.6460077686663785,48.74213836477988,100.0,47.10144927536232,0.0388433318946914,,,,,,,,,,,,,0.5826499784203711,0.2330599913681484,,0.0776866637893828,,68.8071,20.8073,68.5046,19.9354,4.4158,4.1347,32.0,32.0,32.0,0.0,0.0,29.0,3.0,0.0,29.0,3.0,0.0,1.0,1.0,0.0,0.0,0.9062,0.0938,0.0,0.9062,0.0938,0.0,high_right,Right,season_collapsed_average_positions_v13,68.8071,20.8073,0.0388433318946914,0.6253826728526406,0.0056328698820096,2.0140730008015293,3.183860233443097,0.0388433318946914,2.6726970220112216,0.8082248597324126,2.6609469141130773,0.7743573586534312,0.1715243849805783,0.1606055243849805,1.2429866206301252,1.2429866206301252,1.2429866206301252,0.0,0.0,1.126456624946051,0.1165299956840742,0.0,1.126456624946051,0.1165299956840742,0.0,2.6726970220112216,0.8082248597324126,M,AM,AM,M,AM,AM,RW,AM-W,Right Wide Forward,V13 zone-distribution rescue selected winger from repeated wide/high-wide average positions.,"v6_scores={'W': 4.4, 'ST': 2.484, 'SS': 3.5, 'DM': 0.166, 'CM': 2.5, 'AM': 3.197, 'CB': -0.117, 'FB': 1.8, 'WB': 3.2}; wide_pct=1.00; high_wide_pct=0.91; right_pct=1.00; left_pct=0.00; spatial_n=32.0",0.82,True,arbitrated_role_group,AM-W,W,Inside Forward,Inside Winger,96.07,0.9214,0.567,343,,4,6,0,0,"shots_total_per90, xg_per90, goals_per90, dribbles_attempted_per90",,"composure, flair, vision, off the ball, pace",W,0.8564882459635633,0.5447463623513374,0.8162321887689495,0.9450515717917136,0.5118632645221287,0.617089177575597,0.8162321887689495,0.9450515717917136,0.9775746428571429,1.0,0.7872396198684511,0.929499824330621,Playmaking Winger,W,Right,Inside Forward,Playmaking Winger
1402912,Lamine Yamal,Lamine Yamal,2025-26,La Liga,FC Barcelona,1,La Liga,1,FC Barcelona,28,2268.0,2007-07-13,18.0,2026-05-25,Spain,180.0,Left,M,M,midfield,AM,ST,4,"AM, ST, CM, DM",medium,heuristic_stats,16.0,11.0,117.0,37.0,48.0,12.8145,11.3482,10.08872376,26.0,7.0,14.0,4.0,1349.0,1094.0,240.0,215.0,1109.0,879.0,73.0,68.0,32.0,82.0,23.0,2138.0,75.0,243.0,608.0,5406.094720211488,112.0,1742.0420865967458,457.197277608428,2555.061250207162,40.0,569.0,,,32.0,414.0,220.0,194.0,,,5.0,133.0,11.0,,,28.0,52.0,1.0,,2.0,,,,,,,,,,,,,,,,,22.22,14.159999999999998,6.260000000000001,2.06,65.46,17.726190476190474,10.0,0.0242504409171075,61.763636363636365,79.8137128072445,81.09710896960712,31.535714285714285,1.0,0.6349206349206349,0.4365079365079365,4.642857142857143,1.468253968253968,1.9047619047619049,0.5085119047619048,0.4503253968253968,0.4003461809523809,1.031746031746032,0.5555555555555556,53.53174603174603,43.41269841269841,9.523809523809524,8.531746031746032,44.007936507936506,34.88095238095238,2.8968253968253967,2.6984126984126986,1.2698412698412698,3.253968253968254,0.9126984126984128,84.84126984126983,2.9761904761904763,9.642857142857142,24.126984126984127,214.5275682623606,4.444444444444445,69.1286542300296,18.14274911144556,101.39131945266516,1.5873015873015872,22.57936507936508,1.2698412698412698,16.428571428571427,8.73015873015873,7.698412698412699,,,0.1984126984126984,5.277777777777778,0.4365079365079365,,1.1111111111111112,2.063492063492064,0.0396825396825396,,,,,,0.8817460317460318,0.5619047619047618,0.2484126984126984,0.0817460317460317,2.597619047619048,53.14009661835749,,54.732510288065846,,,,,,,,,,,,,,0.2777777777777778,0.1587301587301587,,0.0793650793650793,,66.5985,19.6248,67.4898,19.0768,6.8952,4.038,28.0,28.0,28.0,0.0,0.0,22.0,6.0,0.0,22.0,6.0,0.0,1.0,1.0,0.0,0.0,0.7857,0.2143,0.0,0.7857,0.2143,0.0,high_right,Right,season_collapsed_average_positions_v13,66.5985,19.6248,0.0396825396825396,0.7034202569916854,0.0009623190840122,2.450937950937951,3.1672108256843057,0.0396825396825396,2.642797619047619,0.7787619047619048,2.678166666666667,0.7570158730158729,0.2736190476190476,0.1602380952380952,1.1111111111111112,1.1111111111111112,1.1111111111111112,0.0,0.0,0.873015873015873,0.238095238095238,0.0,0.873015873015873,0.238095238095238,0.0,2.642797619047619,0.7787619047619048,M,AM,AM,M,AM,AM,RW,AM-W,Right Wide Forward,V13 zone-distribution rescue selected winger from repeated wide/high-wide average positions.,"v6_scores={'W': 4.4, 'ST': 2.575, 'SS': 3.5, 'DM': 0.237, 'CM': 2.471, 'AM': 3.205, 'CB': -0.3, 'FB': 1.8, 'WB': 3.2}; wide_pct=1.00; high_wide_pct=0.79; right_pct=1.00; left_pct=0.00; spatial_n=28.0",0.82,True,arbitrated_role_group,AM-W,W,Inside Forward,Wide Forward,99.17,0.9834,0.567,343,,4,6,0,0,"shots_total_per90, xg_per90, goals_per90, dribbles_attempted_per90",,"composure, flair, vision, off the ball, pace",W,0.8034684106699259,0.5245374198982489,0.7640969886441781,0.8900855391265711,0.5055072222071745,0.5664038548186123,0.7640969886441781,0.8900855391265711,0.9682925,1.0,0.7516980532498656,0.9174428356095251,Playmaking Winger,W,Right,Inside Forward,Playmaking Winger
148824,Florian Thauvin,Florian Thauvin,2025-26,Ligue 1,RC Lens,1,Ligue 1,1,RC Lens,33,2460.0,1993-01-26,33.0,2026-05-25,France,179.0,Left,F,F,attack,ST,W,3,"ST, W, F",medium,heuristic_stats,11.0,6.0,73.0,27.0,29.0,10.9013,9.64,8.98036174,16.0,10.0,8.0,1.0,1133.0,895.0,341.0,310.0,792.0,585.0,80.0,78.0,42.0,199.0,57.0,1848.0,90.0,116.0,429.0,4234.674490968008,82.0,1489.74669197251,434.2342544309167,1672.1170282378189,56.0,604.0,,,18.0,293.0,120.0,177.0,11.0,11.0,19.0,50.0,20.0,2.0,,19.0,34.0,6.0,,,,,,,,,,,,,,,,,,,24.22,15.2,10.46,7.819999999999999,111.56,16.422764227642276,10.0,0.0483739837398373,58.42857142857143,79.15435868961688,78.99382171226831,50.050813008130085,1.0,0.4024390243902439,0.2195121951219512,2.6707317073170733,0.9878048780487804,1.0609756097560976,0.3988280487804878,0.3526829268292683,0.3285498197560975,0.5853658536585366,0.2926829268292683,41.45121951219512,32.74390243902439,12.475609756097562,11.341463414634148,28.97560975609756,21.402439024390244,2.926829268292683,2.8536585365853657,1.5365853658536586,7.280487804878049,2.0853658536585367,67.60975609756098,3.292682926829268,4.243902439024391,15.695121951219512,154.9271155232198,3.0,54.50292775509183,15.886619064545732,61.17501322821288,2.048780487804878,22.09756097560976,0.6585365853658537,10.71951219512195,4.390243902439025,6.475609756097561,0.4024390243902439,0.4024390243902439,0.6951219512195121,1.829268292682927,0.7317073170731707,,0.6951219512195121,1.2439024390243902,0.2195121951219512,,,,,,0.8860975609756097,0.5560975609756098,0.3826829268292683,0.2860975609756097,4.081463414634146,40.95563139931741,100.0,43.10344827586207,0.073170731707317,,,,,,,,,,,,,0.3658536585365853,0.0365853658536585,,,,63.4503,32.046,63.0433,30.4405,6.7588,7.2575,33.0,23.0,23.0,0.0,10.0,21.0,12.0,0.0,14.0,9.0,0.0,0.697,0.697,0.0,0.303,0.6364,0.3636,0.0,0.4242,0.2727,0.0,high_right,Right,season_collapsed_average_positions_v13,63.4503,32.046,0.0365853658536585,0.6008328375966686,0.0017697798929208,2.137630662020906,2.8958911715713493,0.0365853658536585,2.3213524390243903,1.1724146341463415,2.3064621951219517,1.1136768292682926,0.2472731707317073,0.2655182926829268,1.2073170731707317,0.8414634146341463,0.8414634146341463,0.0,0.3658536585365853,0.7682926829268293,0.4390243902439024,0.0,0.5121951219512195,0.3292682926829268,0.0,2.3213524390243903,1.1724146341463415,F,ST,ST,F,ST,ST,RW,AM-W,Right Wide Forward,V13 zone-distribution rescue selected winger from repeated wide/high-wide average positions.,"v6_scores={'W': 4.124, 'ST': 1.998, 'SS': 3.5, 'DM': 0.335, 'CM': 2.229, 'AM': 3.175, 'CB': -0.336, 'FB': 1.8, 'WB': 3.136}; wide_pct=0.70; high_wide_pct=0.42; right_pct=0.70; left_pct=0.00; spatial_n=33.0",0.82,True,arbitrated_role_group,AM-W,W,Tracking Winger,Playmaking Winger,97.38,0.9476,0.117,343,,1,4,0,1,crosses_total_per90,,"marking, work rate, stamina",W,0.7456061606392496,0.5983737666139278,0.7518771162083192,0.7318100583872961,0.5718663937563426,0.6566899869006153,0.7518771162083192,0.7318100583872961,0.8559887142857143,1.0,0.7306612237038937,0.9102660471938041,Playmaking Winger,W,Right,Tracking Winger,Playmaking Winger
934235,Bukayo Saka,Bukayo Saka,2025-26,Premier League,Arsenal,1,Premier League,1,Arsenal,32,2225.0,2001-09-05,24.0,2026-05-25,England,178.0,Left,F,F,attack,ST,AM,6,"ST, AM, W, DM, F, SS",medium,heuristic_stats,7.0,5.0,71.0,27.0,20.0,7.5652,5.3816,7.160702659999999,12.0,8.0,14.0,1.0,773.0,593.0,147.0,117.0,626.0,476.0,63.0,39.0,14.0,122.0,40.0,1382.0,53.0,101.0,341.0,3403.508503372136,62.0,1045.140486215271,366.8975475645691,1016.3698654633612,32.0,407.0,,,25.0,301.0,167.0,160.0,27.0,22.0,30.0,50.0,16.0,1.0,,33.0,54.0,2.0,,,,,3.13,4.73,1.54,0.65,0.4,,,,,,,,,,35.2,18.32,14.62,8.780000000000001,96.82,18.28494382022472,7.0,0.0714606741573033,59.0566037735849,74.14525139664805,76.71410090556274,42.65483146067416,1.0,0.2831460674157303,0.2022471910112359,2.8719101123595507,1.0921348314606742,0.8089887640449438,0.3060080898876404,0.2176826966292134,0.289646399730337,0.4853932584269663,0.5662921348314607,31.26741573033708,23.986516853932585,5.9460674157303375,4.7325842696629215,25.32134831460674,19.253932584269663,2.548314606741573,1.5775280898876405,0.5662921348314607,4.9348314606741575,1.6179775280898876,55.90112359550562,2.143820224719101,4.085393258426966,13.793258426966291,137.67000687797406,2.507865168539326,42.27534550983118,14.840799676769088,41.11159006368651,1.29438202247191,16.462921348314605,1.0112359550561798,12.175280898876403,6.755056179775281,6.47191011235955,1.0921348314606742,0.8898876404494382,1.2134831460674158,2.02247191011236,0.647191011235955,,1.3348314606741574,2.1842696629213485,0.0808988764044943,0.1266067415730337,0.1913258426966292,0.0622921348314606,0.0262921348314606,0.0161797752808988,1.4238202247191014,0.7410337078651685,0.591370786516854,0.3551460674157303,3.9163146067415737,55.48172757475083,81.48148148148148,49.50495049504951,0.0404494382022471,,,,,,,,,,,,,0.3235955056179775,0.0404494382022471,,,,67.0895,20.5425,67.68,19.7205,5.6614,3.5546,31.0,31.0,31.0,0.0,0.0,26.0,5.0,0.0,26.0,5.0,0.0,1.0,1.0,0.0,0.0,0.8387,0.1613,0.0,0.8387,0.1613,0.0,high_right,Right,season_collapsed_average_positions_v13,67.0895,20.5425,0.0404494382022471,0.7396157050877414,0.0028905441232167,2.3888064447742203,2.9991337643587976,0.0404494382022471,2.713732584269663,0.830932584269663,2.73761797752809,0.7976831460674157,0.2290004494382022,0.1437815730337079,1.253932584269663,1.253932584269663,1.253932584269663,0.0,0.0,1.051685393258427,0.2022471910112359,0.0,1.051685393258427,0.2022471910112359,0.0,2.713732584269663,0.830932584269663,F,ST,ST,F,ST,ST,RW,AM-W,Right Wide Forward,V13 zone-distribution rescue selected winger from repeated wide/high-wide average positions.,"v6_scores={'W': 3.773, 'ST': 1.769, 'SS': 3.5, 'DM': 0.024, 'CM': 2.025, 'AM': 3.241, 'CB': 0.255, 'FB': 1.8, 'WB': 2.829}; wide_pct=1.00; high_wide_pct=0.84; right_pct=1.00; left_pct=0.00; spatial_n=31.0",0.82,True,arbitrated_role_group,AM-W,W,Playmaking Winger,Winger,87.81,0.7562,0.708,343,,5,6,0,0,"key_passes_per90, xa_per90, crosses_accurate_per90, dribbles_attempted_per90, passes_opposition_half_total_per90",,"vision, technique, decisions, composure, flair",W,0.8659757069933035,0.3157924846518533,0.8594861441927966,0.8802527451544189,0.28754443144563396,0.3779382017055359,0.8594861441927966,0.8802527451544189,0.9842061428571428,1.0,0.7262635969305442,0.9087619312872272,Playmaking Winger,W,Right,Playmaking Winger,Playmaking Winger
1394147,Sami Ouaissa,Sami Ouaissa,2025-26,VriendenLoterij Eredivisie,NEC Nijmegen,1,VriendenLoterij Eredivisie,1,NEC Nijmegen,33,2644.0,2004-10-02,21.0,2026-05-25,Netherlands,180.0,Left,M,M,midfield,AM,M,6,"AM, M, DM, WM, CM, W",medium,heuristic_stats,6.0,6.0,62.0,22.0,24.0,5.302,6.922700000000001,8.601823,13.0,3.0,4.0,2.0,820.0,660.0,189.0,160.0,631.0,500.0,56.0,47.0,29.0,101.0,20.0,1496.0,93.0,103.0,323.0,3300.1541159934054,54.0,921.538233104258,357.56971958295503,936.2187399084336,45.0,443.0,,,17.0,341.0,159.0,182.0,35.0,26.0,30.0,54.0,23.0,1.0,,41.0,46.0,5.0,1.0,1.0,,,,,,,,,,,,,,,,,28.48,21.66,11.78,26.38,115.58,17.302950075642965,25.0,0.0,,70.5021582733813,80.48780487804878,43.53177004538578,1.0,0.2042360060514372,0.2042360060514372,2.1104387291981848,0.7488653555219364,0.8169440242057489,0.1804765506807866,0.2356440998487141,0.2928003290468986,0.4425113464447806,0.1361573373676248,27.912254160363087,22.46596066565809,6.4334341906202726,5.446293494704992,21.47881996974281,17.019667170953102,1.9062027231467475,1.5998487140695916,0.98714069591528,3.4379727685325263,0.680786686838124,50.92284417549168,3.1656580937972767,3.506051437216339,10.994704992435704,112.33504933411744,1.838124054462935,31.36854802548533,12.171435235425852,31.86826270490129,1.5317700453857792,15.079425113464447,0.5786686838124054,11.607413010590015,5.412254160363086,6.195158850226929,1.1913767019667172,0.8850226928895613,1.021180030257186,1.838124054462935,0.7829046898638427,,1.3956127080181544,1.5658093797276853,0.170196671709531,,,,,,0.9694402420574886,0.7372919818456883,0.4009833585476551,0.8979576399394855,3.93426626323752,46.62756598240469,74.28571428571429,52.42718446601942,0.0340393343419062,,,,,,,,,,,,,0.1021180030257186,0.0680786686838124,0.0340393343419062,0.0340393343419062,,63.4235,21.3354,64.2686,21.2747,5.8759,3.5638,32.0,32.0,32.0,0.0,0.0,19.0,13.0,0.0,19.0,13.0,0.0,1.0,1.0,0.0,0.0,0.5938,0.4062,0.0,0.5938,0.4062,0.0,high_right,Right,season_collapsed_average_positions_v13,63.4235,21.3354,0.0340393343419062,0.5889809027261221,0.0,,2.399846537293614,0.0340393343419062,2.158893721633888,0.7262428139183056,2.187660363086233,0.7241766263237519,0.2000117246596066,0.1213093797276853,1.0892586989409985,1.0892586989409985,1.0892586989409985,0.0,0.0,0.6467473524962178,0.4425113464447806,0.0,0.6467473524962178,0.4425113464447806,0.0,2.158893721633888,0.7262428139183056,M,AM,AM,M,AM,AM,RW,AM-W,Right Wide Forward,V13 zone-distribution rescue selected winger from repeated wide/high-wide average positions.,"v6_scores={'W': 3.26, 'ST': 1.102, 'SS': 3.224, 'DM': 0.04, 'CM': 1.745, 'AM': 3.114, 'CB': -0.069, 'FB': 1.735, 'WB': 2.479}; wide_pct=1.00; high_wide_pct=0.59; right_pct=1.00; left_pct=0.00; spatial_n=32.0",0.82,True,arbitrated_role_group,AM-W,W,Playmaking Winger,Winger,73.44,0.4687,0.708,343,,5,6,0,0,"key_passes_per90, xa_per90, crosses_accurate_per90, dribbles_attempted_per90, passes_opposition_half_total_per90",,"vision, technique, decisions, composure, flair",W,0.7022124229372539,0.5232426105091867,0.6709789359083601,0.7709260944008203,0.5037656641972543,0.5660918923954384,0.6709789359083601,0.7709260944008203,0.9128072857142857,1.0,0.6909248857276203,0.8966259584530414,Playmaking Winger,W,Right,Playmaking Winger,Playmaking Winger
611880,Murilo,Murilo,2025-26,Liga Portugal Betclic,Gil Vicente,1,Liga Portugal Betclic,1,Gil Vicente,32,2589.0,1994-10-31,31.0,2026-05-25,Brazil,176.0,Left,M,M,midfield,AM,WM,6,"AM, WM, DM, CM, M, ST",medium,heuristic_stats,11.0,4.0,74.0,32.0,26.0,11.2914,10.9779,4.634213,4.0,8.0,8.0,3.0,751.0,592.0,239.0,199.0,512.0,393.0,40.0,53.0,30.0,172.0,45.0,1357.0,60.0,73.0,376.0,3957.686153352224,59.0,1291.680245518815,555.255535122066,1577.3274918093034,44.0,440.0,,,16.0,214.0,103.0,128.0,17.0,13.0,22.0,34.0,13.0,,,12.0,25.0,3.0,,,1.0,,,,,,,,,,,,,,,,31.440000000000005,18.880000000000003,8.7,11.3,128.56,19.496330629586712,77.0,0.0235612205484743,53.34426229508197,81.72306629834254,78.82822902796272,49.755117806102746,1.0,0.3823870220162225,0.1390498261877172,2.5724217844727693,1.1123986095017382,0.9038238702201622,0.3925168018539977,0.3816187717265353,0.1610966280417149,0.1390498261877172,0.2780996523754345,26.10660486674392,20.57937427578216,8.308227114716107,6.917728852838934,17.79837775202781,13.661645422943222,1.3904982618771726,1.8424101969872533,1.0428736964078795,5.9791425260718425,1.5643105446118193,47.17265353418309,2.085747392815759,2.53765932792584,13.070683661645424,137.57889293229053,2.0509849362688297,44.90197840737479,19.3020464121228,54.83177839429792,1.52954808806489,15.2954808806489,0.5561993047508691,7.439165701042874,3.5805330243337194,4.449594438006953,0.5909617612977984,0.4519119351100811,0.764774044032445,1.1819235225955969,0.4519119351100811,,0.4171494785631518,0.8690614136732329,0.1042873696407879,,,,,,1.0929316338354578,0.6563151796060256,0.302433371958285,0.3928157589803013,4.4690614136732325,48.13084112149533,76.47058823529412,46.57534246575342,,,,,,,,,,,,,0.0347624565469293,0.2780996523754345,0.1042873696407879,,,,64.6361,22.9694,63.6438,22.1345,5.5633,5.4602,32.0,30.0,30.0,0.0,2.0,19.0,13.0,0.0,17.0,13.0,0.0,0.9375,0.9375,0.0,0.0625,0.5938,0.4062,0.0,0.5312,0.4062,0.0,high_right,Right,season_collapsed_average_positions_v13,64.6361,22.9694,0.0347624565469293,0.6777403463355751,0.0008190459055089,1.8543776000607868,2.840894541077956,0.0347624565469293,2.2469096176129777,0.7984727694090383,2.21241483198146,0.769449594438007,0.1933939745075318,0.1898099652375434,1.1123986095017382,1.0428736964078795,1.0428736964078795,0.0,0.0695249130938586,0.660486674391657,0.4519119351100811,0.0,0.5909617612977984,0.4519119351100811,0.0,2.2469096176129777,0.7984727694090383,M,AM,AM,M,AM,AM,RW,AM-W,Right Wide Forward,V13 zone-distribution rescue selected winger from repeated wide/high-wide average positions.,"v6_scores={'W': 3.218, 'ST': 1.937, 'SS': 2.438, 'DM': 0.117, 'CM': 1.673, 'AM': 2.382, 'CB': -0.368, 'FB': 1.756, 'WB': 2.63}; wide_pct=0.94; high_wide_pct=0.53; right_pct=0.94; left_pct=0.00; spatial_n=32.0",0.82,True,arbitrated_role_group,AM-W,W,Tracking Winger,Inside Forward,90.38,0.8076,0.117,343,,1,4,0,1,crosses_total_per90,,"marking, work rate, stamina",W,0.6769927609845434,0.514013149943802,0.6513737960347059,0.733354483874186,0.48650528483385735,0.5745304531856802,0.6513737960347059,0.733354483874186,0.9090138571428571,1.0,0.6741929666478554,0.8908489784862385,Goal Threat Winger,W,Right,Tracking Winger,Goal Threat Winger
1069486,Carlos Forbs,Carlos Forbs,2025-26,Pro League,Club Brugge KV,1,Pro League,1,Club Brugge KV,36,2664.0,2004-03-19,22.0,2026-05-25,Portugal,169.0,Left,M,M,midfield,AM,CM,6,"AM, CM, M, W, DM, F",medium,heuristic_stats,7.0,8.0,52.0,19.0,12.0,5.418800000000001,5.6228,8.170955349999998,9.0,3.0,9.0,1.0,999.0,807.0,152.0,119.0,847.0,688.0,56.0,31.0,11.0,94.0,31.0,1601.0,89.0,114.0,471.0,5394.829640554377,108.0,2154.343541878893,611.0042470120109,2614.316722739804,31.0,452.0,,,22.0,258.0,118.0,146.0,6.0,3.0,21.0,50.0,9.0,,,25.0,27.0,4.0,,1.0,,,,,,,,,,,,,,,,,32.28,22.22,16.48,23.660000000000004,74.78,14.09009009009009,9.0,0.045045045045045,49.5,79.27145708582835,80.78078078078079,39.3734984984985,1.0,0.2364864864864864,0.2702702702702703,1.7567567567567568,0.6418918918918919,0.4054054054054054,0.1830675675675676,0.1899594594594594,0.2760457888513513,0.304054054054054,0.304054054054054,33.75,27.263513513513512,5.135135135135135,4.02027027027027,28.614864864864863,23.24324324324324,1.891891891891892,1.0472972972972974,0.3716216216216216,3.175675675675676,1.0472972972972974,54.08783783783784,3.006756756756757,3.8513513513513513,15.91216216216216,182.25775812683705,3.6486486486486487,72.78187641482748,20.6420353720274,88.32151090337175,1.0472972972972974,15.27027027027027,0.7432432432432432,8.716216216216216,3.9864864864864864,4.9324324324324325,0.2027027027027027,0.1013513513513513,0.7094594594594594,1.6891891891891893,0.304054054054054,,0.8445945945945946,0.9121621621621622,0.1351351351351351,,,,,,1.0905405405405406,0.7506756756756756,0.5567567567567567,0.7993243243243245,2.526351351351351,45.736434108527135,50.0,43.85964912280702,,,,,,,,,,,,,,0.1013513513513513,0.0337837837837837,,0.0337837837837837,,67.0507,22.5035,68.6553,18.8482,7.3245,12.9267,35.0,33.0,32.0,1.0,2.0,27.0,8.0,0.0,26.0,7.0,0.0,0.9429,0.9143,0.0286,0.0571,0.7714,0.2286,0.0,0.7429,0.2,0.0,high_right,Right,season_collapsed_average_positions_v13,67.0507,22.5035,0.0337837837837837,0.4760165570976382,0.0015217920623326,1.6722972972972974,2.67808976641312,0.0337837837837837,2.2652263513513518,0.7602533783783784,2.319435810810811,0.6367635135135135,0.2474493243243243,0.4367128378378378,1.1824324324324325,1.114864864864865,1.0810810810810811,0.0337837837837837,0.0675675675675675,0.9121621621621622,0.2702702702702703,0.0,0.8783783783783784,0.2364864864864864,0.0,2.2652263513513518,0.7602533783783784,M,AM,AM,M,AM,AM,RW,AM-W,Right Wide Forward,V13 zone-distribution rescue selected winger from repeated wide/high-wide average positions.,"v6_scores={'W': 4.078, 'ST': 0.995, 'SS': 3.265, 'DM': -0.015, 'CM': 2.075, 'AM': 3.104, 'CB': -0.43, 'FB': 1.8, 'WB': 3.2}; wide_pct=0.94; high_wide_pct=0.74; right_pct=0.91; left_pct=0.03; spatial_n=35.0",0.82,True,arbitrated_role_group,AM-W,W,Playmaking Winger,Winger,81.6,0.632,0.708,343,,5,6,0,0,"key_passes_per90, xa_per90, crosses_accurate_per90, dribbles_attempted_per90, passes_opposition_half_total_per90",,"vision, technique, decisions, composure, flair",W,0.6711736858248715,0.4613259456939686,0.6641983526424506,0.6865194188261973,0.44940392153751696,0.48755439883816226,0.6641983526424506,0.6865194188261973,0.956773,1.0,0.6604497806492127,0.8860887795442207,Playmaking Winger,W,Right,Playmaking Winger,Playmaking Winger
827662,Mitchell Van Bergen,Mitchell Van Bergen,2025-26,VriendenLoterij Eredivisie,Multiple,1,VriendenLoterij Eredivisie,2,"FC Twente, Sparta Rotterdam",30,2400.0,1999-08-27,26.0,2026-05-25,Netherlands,170.0,Right,M,M,midfield,AM,CM,5,"AM, CM, ST, WM, W",medium,heuristic_stats,3.0,4.0,65.0,21.0,21.0,5.5334,6.359500000000001,5.676893970000001,11.0,6.0,7.0,1.0,648.0,513.0,204.0,178.0,444.0,335.0,40.0,23.0,13.0,190.0,38.0,1207.0,52.0,89.0,303.0,3471.2225089611084,72.0,1544.3466485461652,403.673511731112,1294.7319128862944,22.0,427.0,,,25.0,150.0,64.0,101.0,,2.0,6.0,36.0,14.0,,,6.0,12.0,1.0,,,,,,,,,,,,,,,,,,,14.0,6.0600000000000005,6.359999999999999,21.78,81.68,16.81375,7.0,0.0,,75.61333333333333,79.16666666666667,51.692083333333336,1.0,0.1125,0.15,2.4375,0.7875,0.7875,0.2075025,0.23848125,0.212883523875,0.4125,0.2625,24.3,19.2375,7.65,6.675,16.65,12.5625,1.5,0.8625,0.4875,7.125,1.425,45.2625,1.95,3.3375,11.3625,130.17084408604157,2.7,57.91299932048119,15.1377566899167,48.55244673323604,0.825,16.0125,0.9375,5.625,2.4,3.7875,,0.075,0.225,1.35,0.525,,0.225,0.45,0.0375,,,,,,0.525,0.22725,0.2385,0.81675,3.063,42.66666666666666,,40.4494382022472,,,,,,,,,,,,,,0.225,0.0375,,,,64.4538,29.4321,65.926,27.5289,6.4234,9.5229,30.0,19.0,19.0,0.0,11.0,20.0,10.0,0.0,14.0,5.0,0.0,0.6333,0.6333,0.0,0.3667,0.6667,0.3333,0.0,0.4667,0.1667,0.0,high_right,Right,season_collapsed_average_positions_v13,64.4538,29.4321,0.0375,0.630515625,0.0,,2.8355,0.0375,2.4170175,1.1037037499999998,2.472225,1.03233375,0.2408775,0.35710875,1.125,0.7125,0.7125,0.0,0.4125,0.75,0.375,0.0,0.525,0.1875,0.0,2.4170175,1.1037037499999998,M,AM,AM,M,AM,AM,RW,AM-W,Right Wide Forward,V13 zone-distribution rescue selected winger from repeated wide/high-wide average positions.,"v6_scores={'W': 3.81, 'ST': 1.267, 'SS': 2.705, 'DM': 0.0, 'CM': 1.652, 'AM': 2.633, 'CB': -0.317, 'FB': 1.733, 'WB': 3.076}; wide_pct=0.63; high_wide_pct=0.47; right_pct=0.63; left_pct=0.00; spatial_n=30.0",0.82,True,arbitrated_role_group,AM-W,W,Tracking Winger,Winger,96.5,0.93,0.117,343,,1,4,0,1,crosses_total_per90,,"marking, work rate, stamina",W,0.6833451597120641,0.40386627233936256,0.6768413819318181,0.6976534708286054,0.39359960624280255,0.4264529377517947,0.6768413819318181,0.6976534708286054,0.8584797142857143,1.0,0.6404542623715868,0.8791382680886479,Ball-Carrying Winger,W,Right,Tracking Winger,Ball-Carrying Winger
979222,Francisco Conceição,Francisco Conceição,2025-26,Serie A,Juventus,1,Serie A,1,Juventus,33,2098.0,2002-12-14,23.0,2026-05-25,Portugal,170.0,Left,F,F,attack,ST,AM,5,"ST, AM, W, SS, F",medium,heuristic_stats,3.0,5.0,73.0,23.0,22.0,7.7668,5.4906,5.21441853,6.0,11.0,3.0,3.0,849.0,741.0,238.0,219.0,611.0,522.0,42.0,33.0,18.0,92.0,23.0,1371.0,51.0,102.0,463.0,4630.512209398366,105.0,1841.908766256642,525.989232934191,2228.349890545504,27.0,314.0,,,29.0,249.0,130.0,134.0,3.0,2.0,14.0,54.0,16.0,,,32.0,40.0,3.0,,,,,,,,,,,,,,,,,,,28.62,20.96,5.96,3.0,81.06,21.081506196377504,7.0,0.0452812202097235,58.92631578947368,74.72024136039495,87.27915194346289,42.622497616777885,1.0,0.1286939942802669,0.2144899904671115,3.131553860819829,0.9866539561487132,0.9437559580552908,0.3331801715919923,0.2355357483317445,0.2236881161582459,0.2573879885605338,0.1286939942802669,36.42040038131554,31.78741658722593,10.209723546234509,9.394661582459484,26.21067683508103,22.392755004766443,1.801715919923737,1.415633937082936,0.7721639656816015,3.946615824594853,0.9866539561487132,58.81315538608198,2.1877979027645376,4.375595805529075,19.86177311725453,198.63970393033983,4.504289799809342,79.01419874313525,22.563885111571587,95.59174935609884,1.1582459485224024,13.469971401334604,1.244041944709247,10.681601525262154,5.5767397521449,5.748331744518589,0.1286939942802669,0.0857959961868446,0.6005719733079123,2.3164918970448047,0.6863679694947569,,1.3727359389895135,1.7159199237368925,0.1286939942802669,,,,,,1.2277407054337464,0.8991420400381316,0.2556720686367969,0.1286939942802669,3.4773117254528123,52.20883534136546,66.66666666666667,52.94117647058823,,,,,,,,,,,,,,0.4718779790276454,0.1286939942802669,,,,65.7161,23.9595,64.9741,23.1604,7.6033,4.6955,31.0,30.0,30.0,0.0,1.0,20.0,11.0,0.0,20.0,10.0,0.0,0.9677,0.9677,0.0,0.0323,0.6452,0.3548,0.0,0.6452,0.3226,0.0,high_right,Right,season_collapsed_average_positions_v13,65.7161,23.9595,0.0428979980934223,0.9043544126186728,0.0019424736982245,2.527820982389243,3.205348771418277,0.0428979980934223,2.8190891325071497,1.027814585319352,2.7872588179218307,0.993534795042898,0.3261663489037178,0.2014275500476644,1.3298379408960914,1.286939942802669,1.286939942802669,0.0,0.0428979980934223,0.8579599618684461,0.4718779790276454,0.0,0.8579599618684461,0.428979980934223,0.0,2.8190891325071497,1.027814585319352,F,ST,ST,F,ST,ST,RW,AM-W,Right Wide Forward,V13 zone-distribution rescue selected winger from repeated wide/high-wide average positions.,"v6_scores={'W': 4.225, 'ST': 1.969, 'SS': 3.175, 'DM': 0.127, 'CM': 2.128, 'AM': 2.984, 'CB': -0.243, 'FB': 1.8, 'WB': 3.2}; wide_pct=0.97; high_wide_pct=0.65; right_pct=0.97; left_pct=0.00; spatial_n=31.0",0.82,True,arbitrated_role_group,AM-W,W,Wide Forward,Inside Winger,87.23,0.7446,0.567,343,,4,6,0,1,"shots_total_per90, xg_per90, dribbles_attempted_per90, progressive_carries_per90",,"off the ball, pace, acceleration, agility, anticipation",W,0.7304266043351095,0.2829505208868388,0.6819989033770681,0.8369675464428007,0.26033319635277735,0.33270863486177404,0.6819989033770681,0.8369675464428007,0.9356671428571428,1.0,0.6384083602258932,0.8784254378708604,Playmaking Winger,W,Right,Wide Forward,Playmaking Winger
942116,Mason Greenwood,Mason Greenwood,2025-26,Ligue 1,Olympique de Marseille,1,Ligue 1,1,Olympique de Marseille,33,2469.0,2001-10-01,24.0,2026-05-25,England,181.0,Both,M,M,midfield,AM,ST,6,"AM, ST, W, DM, CM, M",medium,heuristic_stats,16.0,7.0,115.0,48.0,38.0,14.3932,13.737099999999998,5.81456658,13.0,4.0,1.0,3.0,1251.0,1022.0,319.0,277.0,932.0,745.0,61.0,118.0,77.0,110.0,28.0,1802.0,60.0,105.0,427.0,4287.983882022984,69.0,1310.2764533658465,476.792726734574,1844.225616582217,27.0,465.0,,,29.0,210.0,105.0,124.0,2.0,2.0,7.0,54.0,18.0,,,22.0,34.0,4.0,,1.0,,,,,,,,,,,,,,,,,12.54,11.420000000000002,3.96,3.32,71.78,17.15228837586067,10.0,0.0368570271364925,59.48351648351648,77.86673773987206,81.69464428457235,42.67395706763872,1.0,0.583232077764277,0.2551640340218712,4.191980558930741,1.7496962332928312,1.385176184690158,0.5246609963547995,0.5007448359659781,0.2119526092345079,0.4738760631834751,0.0364520048602673,45.60145808019441,37.2539489671932,11.628189550425274,10.097205346294048,33.973268529769136,27.15674362089915,2.223572296476306,4.301336573511543,2.806804374240583,4.0097205346294045,1.0206561360874848,65.6865127582017,2.187120291616039,3.827460510328068,15.565006075334145,156.30560930824973,2.5151883353584448,47.76220364638566,17.380050792268797,67.22572113908446,0.9842041312272176,16.950182260024302,1.057108140947752,7.654921020656136,3.827460510328068,4.520048602673147,0.0729040097205346,0.0729040097205346,0.2551640340218712,1.968408262454435,0.6561360874848117,,0.8019441069258809,1.2393681652490889,0.1458080194410692,,,,,,0.4571081409477521,0.4162818955042528,0.1443499392466585,0.1210206561360874,2.616524908869988,50.0,100.0,51.42857142857143,,,,,,,,,,,,,,0.1458080194410692,0.1093560145808019,,0.0364520048602673,,63.1188,32.7399,63.491,32.4542,5.8983,9.2333,32.0,17.0,17.0,0.0,15.0,18.0,14.0,0.0,10.0,7.0,0.0,0.5312,0.5312,0.0,0.4688,0.5625,0.4375,0.0,0.3125,0.2188,0.0,high_right,Right,season_collapsed_average_positions_v13,63.1188,32.7399,0.0364520048602673,0.6252352992415797,0.0013435125323144,2.1682934319629337,2.838398702546977,0.0364520048602673,2.3008068043742407,1.1934349939246658,2.314374240583232,1.1830206561360876,0.2150048602673147,0.3365722964763061,1.166464155528554,0.6196840826245443,0.6196840826245443,0.0,0.5467800729040098,0.6561360874848117,0.5103280680437424,0.0,0.3645200486026732,0.2551640340218712,0.0,2.3008068043742407,1.1934349939246658,M,AM,AM,M,AM,AM,RW,AM-W,Right Wide Forward,V13 zone-distribution rescue selected winger from repeated wide/high-wide average positions.,"v6_scores={'W': 3.767, 'ST': 2.5, 'SS': 3.317, 'DM': 0.426, 'CM': 2.312, 'AM': 3.032, 'CB': -0.257, 'FB': 1.8, 'WB': 2.896}; wide_pct=0.53; high_wide_pct=0.31; right_pct=0.53; left_pct=0.00; spatial_n=32.0",0.82,True,arbitrated_role_group,AM-W,W,Inside Forward,Wide Forward,92.52,0.8505,0.567,343,,4,6,0,0,"shots_total_per90, xg_per90, goals_per90, dribbles_attempted_per90",,"composure, flair, vision, off the ball, pace",W,0.6217006326041594,0.48303872997631003,0.5593363898284663,0.7589019667106842,0.44348557543239975,0.5700556699729127,0.5593363898284663,0.7589019667106842,0.8042453571428572,1.0,0.6247320079512958,0.8736523138051782,Goal Threat Winger,W,Right,Inside Forward,Goal Threat Winger
593526,Nicolas Pépé,Nicolas Pépé,2025-26,La Liga,Villarreal,1,La Liga,1,Villarreal,38,2396.0,1995-05-29,30.0,2026-05-25,Côte d'Ivoire,183.0,Left,F,M,midfield,AM,ST,7,"AM, ST, W, F, CM, DM, SS",medium,heuristic_stats,8.0,8.0,63.0,25.0,18.0,8.2624,7.5281,6.37820103,13.0,7.0,14.0,3.0,881.0,726.0,263.0,229.0,618.0,497.0,57.0,35.0,18.0,72.0,24.0,1480.0,76.0,123.0,326.0,3499.4374148241072,66.0,1292.4390452313862,552.880493002561,1751.0829251425528,43.0,396.0,,,21.0,323.0,150.0,175.0,24.0,18.0,25.0,59.0,22.0,,,23.0,43.0,4.0,,3.0,,,,,,,,,,,,,,,,,34.34,23.58,17.48,27.52,122.96,19.65484140233723,19.0,0.1035058430717863,63.24596774193548,76.4120654396728,82.40635641316686,54.798831385642735,1.0,0.3005008347245409,0.3005008347245409,2.36644407345576,0.9390651085141904,0.676126878130217,0.3103572621035058,0.282775041736227,0.2395818416944908,0.4883138564273789,0.5258764607679466,33.09265442404007,27.27045075125209,9.878964941569285,8.601836393989982,23.213689482470784,18.668614357262104,2.141068447412354,1.3146911519198663,0.676126878130217,2.704507512520868,0.9015025041736228,55.59265442404007,2.8547579298831387,4.620200333889817,12.24540901502504,131.44798302761671,2.4791318864774623,48.54737649032753,20.76763120627316,65.77523508465349,1.615191986644407,14.874791318864776,0.7888146911519198,12.13272120200334,5.634390651085142,6.573455759599332,0.9015025041736228,0.676126878130217,0.9390651085141904,2.216193656093489,0.8263772954924875,,0.8639398998330551,1.615191986644407,0.1502504173622704,,,,,,1.2898998330550917,0.8857262103505844,0.6565943238731219,1.0337228714524207,4.6186978297161945,46.43962848297214,75.0,47.96747967479675,,,,,,,,,,,,,,0.2629382303839733,0.1126878130217028,,0.1126878130217028,,60.5077,26.2397,61.881,24.5268,7.3952,6.8654,36.0,30.0,30.0,0.0,6.0,18.0,18.0,0.0,15.0,15.0,0.0,0.8333,0.8333,0.0,0.1667,0.5,0.5,0.0,0.4167,0.4167,0.0,mid_right,Right,season_collapsed_average_positions_v13,60.5077,26.2397,0.0375626043405676,0.7382870309726004,0.0038879490302423,2.375683262426625,2.87023618095599,0.0375626043405676,2.272826794657763,0.985631469115192,2.3244115191986645,0.9212904841402338,0.2777829716193656,0.2578823038397329,1.352253756260434,1.1268781302170283,1.1268781302170283,0.0,0.2253756260434056,0.676126878130217,0.676126878130217,0.0,0.5634390651085142,0.5634390651085142,0.0,2.272826794657763,0.985631469115192,F,AM,AM,F,AM,AM,RW,AM-W,Right Wide Forward,V13 zone-distribution rescue selected winger from repeated wide/high-wide average positions.,"v6_scores={'W': 3.858, 'ST': 1.711, 'SS': 3.363, 'DM': 0.108, 'CM': 2.012, 'AM': 3.124, 'CB': -0.036, 'FB': 1.8, 'WB': 2.794}; wide_pct=0.83; high_wide_pct=0.42; right_pct=0.83; left_pct=0.00; spatial_n=36.0",0.82,True,arbitrated_role_group,AM-W,W,Playmaking Winger,Inside Winger,81.76,0.6352,0.708,343,,5,6,0,0,"key_passes_per90, xa_per90, crosses_accurate_per90, dribbles_attempted_per90, passes_opposition_half_total_per90",,"vision, technique, decisions, composure, flair",W,0.7177586411644965,0.22249870966379218,0.6966800373879583,0.7641315694728807,0.21377262238638414,0.24169610167408984,0.6966800373879583,0.7641315694728807,0.8567597142857143,1.0,0.6060240257112796,0.8671002820100787,Playmaking Winger,W,Right,Playmaking Winger,Playmaking Winger
1048430,Daan Rots,Daan Rots,2025-26,VriendenLoterij Eredivisie,FC Twente,1,VriendenLoterij Eredivisie,1,FC Twente,33,2368.0,2001-07-25,24.0,2026-05-25,Netherlands,179.0,Left,M,M,midfield,AM,W,5,"AM, W, CM, DM, ST",medium,heuristic_stats,9.0,4.0,66.0,30.0,18.0,6.803100000000001,7.1246,7.5413863,11.0,5.0,5.0,,867.0,636.0,171.0,137.0,696.0,499.0,52.0,64.0,30.0,100.0,21.0,1478.0,71.0,78.0,308.0,3075.834032125291,48.0,938.347136245842,497.07425816650704,1034.853437041834,49.0,485.0,,1.0,19.0,377.0,156.0,225.0,59.0,35.0,56.0,27.0,41.0,,,28.0,47.0,5.0,,,1.0,,,,,,,,,,,,,,,,44.620000000000005,24.9,10.56,22.3,92.08,18.408783783783782,11.0,0.0599662162162162,58.809859154929576,74.82111692844677,73.35640138408304,46.04307432432432,1.0,0.3420608108108108,0.152027027027027,2.508445945945946,1.1402027027027026,0.6841216216216216,0.2585637668918918,0.2707829391891892,0.2866236347128378,0.4180743243243243,0.1900337837837837,32.951858108108105,24.1722972972973,6.499155405405405,5.206925675675675,26.4527027027027,18.96537162162162,1.9763513513513515,2.4324324324324325,1.1402027027027026,3.800675675675676,0.7981418918918919,56.17398648648648,2.69847972972973,2.964527027027027,11.70608108108108,116.90247588314028,1.8243243243243243,35.66353136069501,18.892180420179745,39.33142286054268,1.8623310810810807,18.433277027027028,0.7221283783783784,14.328547297297296,5.929054054054054,8.55152027027027,2.2423986486486487,1.3302364864864864,2.1283783783783785,1.0261824324324325,1.558277027027027,,1.0641891891891893,1.7863175675675675,0.1900337837837837,,,,,,1.6958614864864865,0.9463682432432432,0.4013513513513513,0.8475506756756755,3.499662162162162,41.37931034482759,59.32203389830509,34.61538461538461,,,,,,,,,,,,,0.0380067567567567,0.1900337837837837,,,,0.0380067567567567,63.4619,20.3494,63.2829,19.1,5.8974,4.9119,33.0,32.0,32.0,0.0,1.0,21.0,12.0,0.0,21.0,11.0,0.0,0.9697,0.9697,0.0,0.0303,0.6364,0.3636,0.0,0.6364,0.3333,0.0,high_right,Right,season_collapsed_average_positions_v13,63.4619,20.3494,0.0380067567567567,0.6996581674579985,0.0022791213933528,2.235172011800533,2.843707991368332,0.0380067567567567,2.411980996621621,0.7734146959459459,2.4051777871621622,0.7259290540540542,0.2241410472972972,0.1866853885135135,1.254222972972973,1.2162162162162162,1.2162162162162162,0.0,0.0380067567567567,0.7981418918918919,0.4560810810810811,0.0,0.7981418918918919,0.4180743243243243,0.0,2.411980996621621,0.7734146959459459,M,AM,AM,M,AM,AM,RW,AM-W,Right Wide Forward,V13 zone-distribution rescue selected winger from repeated wide/high-wide average positions.,"v6_scores={'W': 3.154, 'ST': 1.485, 'SS': 3.388, 'DM': 0.125, 'CM': 1.94, 'AM': 3.222, 'CB': 0.399, 'FB': 1.73, 'WB': 2.518}; wide_pct=0.97; high_wide_pct=0.64; right_pct=0.97; left_pct=0.00; spatial_n=33.0",0.82,True,arbitrated_role_group,AM-W,W,Playmaking Winger,Tracking Winger,76.05,0.521,0.708,343,,5,6,0,0,"key_passes_per90, xa_per90, crosses_accurate_per90, dribbles_attempted_per90, passes_opposition_half_total_per90",,"vision, technique, decisions, composure, flair",W,0.5802253470675034,0.4324155150063759,0.5527270106430231,0.64072168720136,0.41701577446246435,0.46629494420298123,0.5527270106430231,0.64072168720136,0.9330825714285714,1.0,0.6003848453479476,0.8651200602273311,Playmaking Winger,W,Right,Playmaking Winger,Playmaking Winger
159665,Mohamed Salah,Mohamed Salah,2025-26,Premier League,Multiple,1,Premier League,2,"Liverpool, Liverpool FC",29,2148.0,1992-06-15,33.0,2026-05-25,Egypt,175.0,Left,M,M,midfield,AM,CM,5,"AM, CM, ST, M, DM",medium,heuristic_stats,7.0,7.0,68.0,19.0,26.0,8.1597,6.561400000000001,5.3087332,11.0,11.0,14.0,1.0,793.0,610.0,138.0,117.0,655.0,493.0,49.0,40.0,20.0,119.0,20.0,1323.0,75.0,72.0,236.0,2355.1567338114032,59.0,1027.174995307895,351.392010674661,1362.730468894606,50.0,471.0,,,23.0,188.0,60.0,141.0,16.0,8.0,19.0,19.0,9.0,,,10.0,16.0,1.0,,,,,3.33,4.0,1.43,0.58,0.31,,,,,,,,,,15.3,10.92,3.58,5.359999999999999,66.84,17.00418994413408,11.0,0.0702979515828677,43.58940397350993,81.12567324955117,76.92307692307692,40.97160148975792,1.0,0.2932960893854748,0.2932960893854748,2.8491620111731844,0.7960893854748603,1.089385474860335,0.3418868715083799,0.2749189944134078,0.2224329553072625,0.4608938547486033,0.5865921787709497,33.226256983240226,25.558659217877096,5.782122905027933,4.902234636871508,27.44413407821229,20.656424581005588,2.053072625698324,1.675977653631285,0.8379888268156425,4.9860335195530725,0.8379888268156425,55.43296089385475,3.142458100558659,3.016759776536313,9.888268156424582,98.67975141667893,2.472067039106145,43.0380584626213,14.723128938882445,57.097645344746056,2.094972067039106,19.73463687150838,0.9636871508379888,7.877094972067039,2.5139664804469275,5.907821229050279,0.6703910614525139,0.3351955307262569,0.7960893854748603,0.7960893854748603,0.3770949720670391,,0.4189944134078212,0.6703910614525139,0.0418994413407821,0.1395251396648044,0.1675977653631284,0.0599162011173184,0.0243016759776536,0.0129888268156424,0.6410614525139665,0.4575418994413407,0.15,0.2245810055865921,2.8005586592178773,31.91489361702128,50.0,26.38888888888889,,,,,,,,,,,,,,0.4608938547486033,0.0418994413407821,,,,70.1416,20.0076,69.4562,19.9877,5.4467,4.0095,27.0,27.0,27.0,0.0,0.0,23.0,4.0,0.0,23.0,4.0,0.0,1.0,1.0,0.0,0.0,0.8519,0.1481,0.0,0.8519,0.1481,0.0,high_right,Right,season_collapsed_average_positions_v13,70.1416,20.0076,0.0418994413407821,0.7124660591117631,0.0029454448987235,1.8263716748677343,3.3991203875510267,0.0418994413407821,2.938893854748603,0.8383072625698323,2.910175977653631,0.8374734636871508,0.2282136871508379,0.1679958100558659,1.1312849162011174,1.1312849162011174,1.1312849162011174,0.0,0.0,0.9636871508379888,0.1675977653631284,0.0,0.9636871508379888,0.1675977653631284,0.0,2.938893854748603,0.8383072625698323,M,AM,AM,M,AM,AM,RW,AM-W,Right Wide Forward,V13 zone-distribution rescue selected winger from repeated wide/high-wide average positions.,"v6_scores={'W': 3.471, 'ST': 1.879, 'SS': 3.294, 'DM': 0.029, 'CM': 2.065, 'AM': 3.132, 'CB': -0.081, 'FB': 1.8, 'WB': 2.826}; wide_pct=1.00; high_wide_pct=0.85; right_pct=1.00; left_pct=0.00; spatial_n=27.0",0.82,True,arbitrated_role_group,AM-W,W,Tracking Winger,Playmaking Winger,81.24,0.6247,0.199,343,,1,4,1,1,crosses_total_per90,distance_running_km_per90,"marking, work rate, stamina",W,0.5312748017053124,0.42490068924749397,0.5101683673409914,0.5777089573068186,0.38993691997650615,0.5018209816436673,0.5101683673409914,0.5777089573068186,0.9856848571428571,1.0,0.5769383710018489,0.8568603981685448,Playmaking Winger,W,Right,Tracking Winger,Playmaking Winger
552884,Jarrod Bowen,Jarrod Bowen,2025-26,Premier League,West Ham United,1,Premier League,1,West Ham United,38,3405.0,1996-12-20,29.0,2026-05-25,England,174.0,Left,M,M,midfield,AM,W,7,"AM, W, ST, DM, WM, CM, M",medium,heuristic_stats,9.0,11.0,79.0,28.0,22.0,7.2609,6.1006,5.24244357,16.0,5.0,17.0,2.0,793.0,585.0,196.0,157.0,597.0,428.0,45.0,45.0,16.0,148.0,27.0,1616.0,89.0,118.0,343.0,3919.943309032314,70.0,1569.428893780683,620.7678803963205,1850.2664683263124,77.0,573.0,,1.0,32.0,427.0,185.0,242.0,59.0,33.0,57.0,53.0,26.0,1.0,,19.0,49.0,5.0,,,,,3.4,4.5,0.79,0.33,0.17,,,,,,,,,,57.3,33.78,30.7,47.02,182.08,19.46813509544787,20.0,0.0,,88.27619047619048,73.77049180327869,57.43876651982379,1.0,0.237885462555066,0.2907488986784141,2.0881057268722465,0.7400881057268722,0.5814977973568282,0.1919180616740088,0.1612493392070484,0.1385667903964757,0.4229074889867841,0.4493392070484581,20.96035242290749,15.462555066079297,5.180616740088106,4.149779735682819,15.779735682819384,11.312775330396477,1.1894273127753303,1.1894273127753303,0.4229074889867841,3.9118942731277535,0.7136563876651982,42.7136563876652,2.352422907488987,3.118942731277533,9.066079295154186,103.6108363620876,1.8502202643171808,41.48270203825594,16.407961596378517,48.905721629770376,2.0352422907488985,15.145374449339206,0.8458149779735683,11.286343612334802,4.889867841409692,6.39647577092511,1.5594713656387664,0.8722466960352423,1.5066079295154184,1.4008810572687225,0.6872246696035242,,0.5022026431718062,1.2951541850220265,0.13215859030837,0.0898678414096916,0.118942731277533,0.0208810572687224,0.0087224669603524,0.0044933920704845,1.5145374449339206,0.8928634361233481,0.8114537444933919,1.2428193832599117,4.812687224669602,43.32552693208431,55.932203389830505,44.91525423728814,0.026431718061674,,,,,,,,,,,,,0.13215859030837,0.052863436123348,,,0.026431718061674,61.2727,24.9354,62.0186,24.3457,7.1892,4.929,38.0,36.0,36.0,0.0,2.0,19.0,19.0,0.0,18.0,18.0,0.0,0.9474,0.9474,0.0,0.0526,0.5,0.5,0.0,0.4737,0.4737,0.0,mid_right,Right,season_collapsed_average_positions_v13,61.2727,24.9354,0.026431718061674,0.5145762580294592,0.0,,2.333291378225299,0.026431718061674,1.619542731277533,0.6590854625550662,1.6392581497797356,0.643498678414097,0.1900229074889868,0.1302819383259912,1.0044052863436124,0.9515418502202644,0.9515418502202644,0.0,0.052863436123348,0.5022026431718062,0.5022026431718062,0.0,0.4757709251101321,0.4757709251101321,0.0,1.619542731277533,0.6590854625550662,M,AM,AM,M,AM,AM,RW,AM-W,Right Wide Forward,V13 zone-distribution rescue selected winger from repeated wide/high-wide average positions.,"v6_scores={'W': 3.274, 'ST': 1.084, 'SS': 2.144, 'DM': -0.036, 'CM': 1.45, 'AM': 2.172, 'CB': 0.194, 'FB': 1.656, 'WB': 2.601}; wide_pct=0.95; high_wide_pct=0.47; right_pct=0.95; left_pct=0.00; spatial_n=38.0",0.82,True,arbitrated_role_group,AM-W,W,Tracking Winger,Inside Forward,54.81,0.0962,0.199,343,,1,4,1,1,crosses_total_per90,distance_running_km_per90,"marking, work rate, stamina",W,0.6060108885665674,0.29733751151542337,0.5787849543512769,0.6659079438402067,0.28241039596283096,0.33017716573112665,0.5787849543512769,0.6659079438402067,0.8842180714285715,1.0,0.5700678126417461,0.8544319301121187,Winger,W,Right,Tracking Winger,Winger
960441,Charles De Ketelaere,Charles De Ketelaere,2025-26,Serie A,Atalanta,1,Serie A,1,Atalanta,31,2188.0,2001-03-10,25.0,2026-05-25,Belgium,192.0,Left,F,F,attack,ST,SS,4,"ST, SS, W, F",medium,heuristic_stats,3.0,5.0,46.0,16.0,14.0,3.633200000000001,2.7552,8.752699100000001,18.0,3.0,3.0,,1018.0,800.0,188.0,149.0,830.0,651.0,63.0,60.0,35.0,47.0,16.0,1504.0,55.0,99.0,375.0,3808.772554842186,55.0,1040.172799270272,507.749096740534,1587.7257491907471,56.0,421.0,,,17.0,331.0,151.0,193.0,73.0,42.0,47.0,49.0,19.0,,,23.0,36.0,4.0,,,,,,,,,,,,,,,,,,,22.42,14.8,4.380000000000001,14.940000000000005,114.72,19.01782449725777,17.0,0.0589579524680073,59.22480620155039,73.99482312338223,78.58546168958743,45.25822669104205,1.0,0.1234003656307129,0.2056672760511883,1.8921389396709325,0.6581352833638026,0.5758683729433273,0.1494460694698355,0.1133308957952468,0.3600287563985375,0.7404021937842779,0.1234003656307129,41.87385740402194,32.90676416819013,7.73308957952468,6.128884826325411,34.14076782449726,26.77787934186472,2.5914076782449724,2.4680073126142594,1.439670932358318,1.93327239488117,0.6581352833638026,61.86471663619744,2.262340036563072,4.072212065813528,15.425045703839125,156.6679752905835,2.262340036563072,42.785901249691264,20.88547472881538,65.30864599047862,2.303473491773309,17.317184643510053,0.6992687385740403,13.615173674588666,6.211151736745887,7.9387568555758685,3.002742230347349,1.7276051188299817,1.93327239488117,2.0155393053016453,0.7815356489945156,,0.946069469835466,1.4808043875685557,0.1645338208409506,,,,,,0.9222120658135282,0.6087751371115173,0.1801645338208409,0.6145338208409508,4.718829981718464,45.61933534743203,57.53424657534247,49.494949494949495,,,,,,,,,,,,,,0.1234003656307129,,,,,62.5259,28.9059,64.0446,27.7171,6.956,7.352,31.0,25.0,25.0,0.0,6.0,18.0,13.0,0.0,17.0,8.0,0.0,0.8065,0.8065,0.0,0.1935,0.5806,0.4194,0.0,0.5484,0.2581,0.0,high_right,Right,season_collapsed_average_positions_v13,62.5259,28.9059,0.0411334552102376,0.782268832154113,0.00242514429713,2.4361209132264787,3.043662742735101,0.0411334552102376,2.571906307129799,1.1889995429616087,2.634375685557587,1.1401000914076782,0.2861243144424132,0.3024131627056673,1.2751371115173675,1.0283363802559415,1.0283363802559415,0.0,0.2468007312614259,0.7404021937842779,0.5347349177330896,0.0,0.6992687385740403,0.3290676416819013,0.0,2.571906307129799,1.1889995429616087,F,ST,ST,F,ST,ST,RW,AM-W,Right Wide Forward,V13 zone-distribution rescue selected winger from repeated wide/high-wide average positions.,"v6_scores={'W': 3.231, 'ST': 1.062, 'SS': 3.444, 'DM': 0.18, 'CM': 2.237, 'AM': 3.185, 'CB': 0.67, 'FB': 1.679, 'WB': 2.398}; wide_pct=0.81; high_wide_pct=0.55; right_pct=0.81; left_pct=0.00; spatial_n=31.0",0.82,True,arbitrated_role_group,AM-W,W,Playmaking Winger,Inside Winger,84.29,0.6857,0.708,343,,5,6,0,0,"key_passes_per90, xa_per90, crosses_accurate_per90, dribbles_attempted_per90, passes_opposition_half_total_per90",,"vision, technique, decisions, composure, flair",W,0.560203956572424,0.29765541063509304,0.5349534585283433,0.6157550522694015,0.28191119199275877,0.3322926916482285,0.5349534585283433,0.6157550522694015,0.8827701428571428,1.0,0.5452036521976793,0.8456121700145607,Playmaking Winger,W,Right,Playmaking Winger,Playmaking Winger
879349,Pedro Neto,Pedro Neto,2025-26,Premier League,Chelsea,1,Premier League,1,Chelsea,34,2643.0,2000-03-09,26.0,2026-05-25,Portugal,172.0,Left,M,M,midfield,AM,CM,4,"AM, CM, W, WM",medium,heuristic_stats,5.0,6.0,46.0,13.0,11.0,4.615,3.5719000000000003,6.829930900000001,12.0,3.0,6.0,2.0,931.0,813.0,237.0,213.0,694.0,600.0,55.0,45.0,30.0,187.0,38.0,1510.0,64.0,104.0,397.0,4255.582692281355,77.0,1511.179784641712,538.0319346802551,1519.2247096254373,25.0,420.0,,,22.0,244.0,100.0,148.0,13.0,9.0,24.0,47.0,26.0,,,16.0,25.0,4.0,,,,,3.76,3.36,1.07,0.49,0.45,,,,,,,,,,17.04,9.32,5.48,12.72,72.58000000000001,18.040484298146048,7.0,0.0681044267877412,41.48888888888889,78.91395592864637,87.32545649838883,43.43927355278093,1.0,0.170261066969353,0.2043132803632236,1.5664018161180475,0.4426787741203178,0.3745743473325766,0.1571509648127128,0.1216311010215664,0.2325742644721907,0.4086265607264472,0.2043132803632236,31.70261066969353,27.6844494892168,8.070374574347333,7.2531214528944385,23.6322360953462,20.431328036322363,1.872871736662883,1.532349602724177,1.021566401816118,6.367763904653803,1.293984108967083,51.41884222474461,2.1793416572077184,3.5414301929625425,13.51872871736663,144.91200995282705,2.6220204313280364,51.45901650312299,18.32117825244909,51.732964005406494,0.8513053348467651,14.301929625425652,0.7491486946651532,8.308740068104427,3.4052213393870603,5.039727582292849,0.4426787741203178,0.3064699205448354,0.8172531214528944,1.6004540295119185,0.8853575482406356,,0.5448354143019296,0.8513053348467651,0.1362088535754824,0.1280363223609534,0.1144154370034052,0.0364358683314415,0.0166855845629965,0.0153234960272417,0.580249716231555,0.317366628830874,0.1866061293984108,0.433144154370034,2.4715096481271286,40.98360655737705,69.23076923076923,45.19230769230769,,,,,,,,,,,,,,0.1021566401816118,0.0681044267877412,,,,64.3368,35.4115,66.4358,24.5215,9.3514,20.7947,34.0,20.0,19.0,1.0,14.0,26.0,7.0,1.0,14.0,5.0,0.0,0.5882,0.5588,0.0294,0.4118,0.7647,0.2059,0.0294,0.4118,0.1471,0.0,high_central,Right,season_collapsed_average_positions_v13,64.3368,35.4115,0.0340522133938706,0.6143184210492412,0.0023191064740434,1.4127884979190315,2.6871948670367662,0.0340522133938706,2.190810442678774,1.2058399545970488,2.2622860385925083,0.835011350737798,0.3184358683314415,0.708105561861521,1.1577752553916003,0.681044267877412,0.6469920544835415,0.0340522133938706,0.4767309875141884,0.8853575482406356,0.2383654937570942,0.0340522133938706,0.4767309875141884,0.170261066969353,0.0,2.190810442678774,1.2058399545970488,M,AM,AM,M,AM,AM,RW,AM-W,Right Wide Forward,V13 zone-distribution rescue selected winger from repeated wide/high-wide average positions.,"v6_scores={'W': 3.766, 'ST': 0.75, 'SS': 3.094, 'DM': 0.144, 'CM': 1.996, 'AM': 2.901, 'CB': -0.299, 'FB': 1.8, 'WB': 2.974}; wide_pct=0.59; high_wide_pct=0.41; right_pct=0.56; left_pct=0.03; spatial_n=34.0",0.82,True,arbitrated_role_group,AM-W,W,Winger,Playmaking Winger,79.24,0.5848,0.879,343,,6,7,1,1,"crosses_total_per90, crosses_accurate_per90, dribbles_attempted_per90, key_passes_per90, xa_per90, progressive_carries_per90",distance_sprinting_km_per90,"pace, acceleration, agility, flair, off the ball",W,0.532298439282167,0.3153087303714231,0.5282666138330836,0.5411684552701508,0.28220411583922045,0.3881388823422689,0.5282666138330836,0.5411684552701508,0.8415967142857144,1.0,0.5311197057314102,0.8405943134094243,Playmaking Winger,W,Right,Winger,Playmaking Winger
235672,Matteo Politano,Matteo Politano,2025-26,Serie A,Multiple,1,Serie A,2,"Napoli, SSC Napoli",34,2213.0,1993-08-03,32.0,2026-05-25,Italy,171.0,Left,M,M,midfield,AM,W,7,"AM, W, DM, CM, WM, ST, F",medium,heuristic_stats,2.0,5.0,49.0,13.0,22.0,2.4482,2.0722,4.894709839999999,11.0,3.0,,4.0,940.0,771.0,315.0,275.0,625.0,496.0,37.0,64.0,26.0,173.0,38.0,1503.0,39.0,69.0,331.0,3484.4049748537163,73.0,1341.1496041410612,430.467902863417,1613.571210815438,19.0,413.0,,,16.0,170.0,84.0,98.0,6.0,9.0,15.0,33.0,11.0,,,19.0,28.0,4.0,,,,,,,,,,,,,,,,,,,13.56,8.7,4.34,11.78,66.63999999999999,19.082241301400813,21.0,0.0786262991414369,65.66666666666667,77.1881686595343,82.02127659574468,40.404428377767736,1.0,0.0813375508359692,0.2033438770899232,1.9927699954812472,0.5286940804338003,0.894713059195662,0.0995652959783099,0.0842738364211477,0.1990618552191594,0.447356529597831,,38.22864889290556,31.35562584726616,12.81066425666516,11.183913239945776,25.4179846362404,20.17171260732038,1.5047446904654316,2.602801626751017,1.0573881608676006,7.035698147311342,1.5454134658834162,61.12516945323091,1.5860822413014009,2.80614550384094,13.461364663352915,141.7064833876342,2.9688206055128785,54.542912052731815,17.506602466203134,65.62196519357859,0.7727067329417081,16.796204247627657,0.6507004066877542,6.913691821057388,3.416177135110709,3.9855399909624944,0.2440126525079078,0.3660189787618617,0.6100316312697696,1.342069588793493,0.447356529597831,,0.7727067329417081,1.1387257117035698,0.1626751016719385,,,,,,0.5514685946678716,0.3538183461364663,0.1765024853140533,0.479078174423859,2.710167193854496,49.41176470588236,150.0,47.82608695652174,,,,,,,,,,,,,,0.1220063262539539,0.1626751016719385,,,,60.2825,14.9464,59.5644,13.9889,7.3796,4.4318,34.0,34.0,34.0,0.0,0.0,15.0,19.0,0.0,15.0,19.0,0.0,1.0,1.0,0.0,0.0,0.4412,0.5588,0.0,0.4412,0.5588,0.0,mid_right,Right,season_collapsed_average_positions_v13,60.2825,14.9464,0.0406687754179846,0.7760513859584606,0.0031976353017303,2.6705829191143247,3.139148296140121,0.0406687754179846,2.451615454134659,0.6078517849073657,2.4224112065070043,0.5689114324446453,0.3001192950745594,0.1802358788974243,1.3827383642114777,1.3827383642114777,1.3827383642114777,0.0,0.0,0.6100316312697696,0.7727067329417081,0.0,0.6100316312697696,0.7727067329417081,0.0,2.451615454134659,0.6078517849073657,M,AM,AM,M,AM,AM,RW,AM-W,Right Wide Forward,V13 zone-distribution rescue selected winger from repeated wide/high-wide average positions.,"v6_scores={'W': 3.712, 'ST': 0.729, 'SS': 2.87, 'DM': 0.32, 'CM': 2.165, 'AM': 2.693, 'CB': -0.382, 'FB': 1.8, 'WB': 3.094}; wide_pct=1.00; high_wide_pct=0.44; right_pct=1.00; left_pct=0.00; spatial_n=34.0",0.82,True,arbitrated_role_group,AM-W,W,Tracking Winger,Winger,95.92,0.9184,0.117,343,,1,4,0,1,crosses_total_per90,,"marking, work rate, stamina",W,0.5215340349397874,0.2838634768992171,0.5131083564175104,0.5400705276887968,0.2702590658615757,0.31379318118202804,0.5131083564175104,0.5400705276887968,0.8618079285714286,1.0,0.518138575878466,0.8359550450205958,Ball-Carrying Winger,W,Right,Tracking Winger,Ball-Carrying Winger
958380,Antony,Antony,2025-26,La Liga,Real Betis,1,La Liga,1,Real Betis,32,2459.0,2000-02-24,26.0,2026-05-25,Brazil,172.0,Left,M,M,midfield,AM,ST,7,"AM, ST, M, CM, F, SS, W",medium,heuristic_stats,8.0,6.0,90.0,34.0,33.0,8.784600000000001,5.9075,6.07829905,10.0,13.0,2.0,2.0,1196.0,980.0,333.0,287.0,863.0,693.0,56.0,37.0,20.0,66.0,17.0,1698.0,46.0,58.0,380.0,3766.473653529643,75.0,1442.169434894743,586.684550601405,1997.3199807371448,23.0,374.0,,,24.0,221.0,118.0,109.0,9.0,7.0,14.0,27.0,24.0,1.0,,20.0,44.0,6.0,1.0,,,,,,,,,,,,,,,,,,40.38,23.26,26.059999999999995,17.979999999999997,124.24,20.548596990646605,7.0,0.0211468076453843,63.65384615384615,74.74280732345248,81.93979933110369,49.1464009760065,1.0,0.2928019520130134,0.21960146400976,3.294021960146401,1.2444082960553071,1.2078080520536802,0.3215185034566897,0.2162159414396095,0.2224672283448556,0.3660024400162667,0.0732004880032533,43.77389182594551,35.868239121594144,12.187881252541684,10.504270028466856,31.586010573403826,25.363969093127288,2.049613664091094,1.354209028060187,0.7320048800325335,2.4156161041073605,0.6222041480276536,62.147214314762095,1.683611224074827,2.122814152094348,13.908092720618138,137.85385474488322,2.745018300122001,52.783753208835655,21.47279770399612,73.10239864430379,0.8418056120374136,13.688491256608378,0.8784058560390403,8.088653924359496,4.318828792191948,3.989426596177308,0.3294021960146401,0.2562017080113867,0.5124034160227735,0.9882065880439204,0.8784058560390403,,0.7320048800325335,1.6104107360715738,0.21960146400976,,,,,,1.477917852785685,0.8513216754778365,0.953802358682391,0.6580723871492475,4.5472143147620985,53.39366515837104,77.77777777777777,46.55172413793103,0.0366002440016266,,,,,,,,,,,,,0.4758031720211468,0.0732004880032533,0.0366002440016266,,,60.3068,19.3891,59.654,18.9234,6.0625,3.7053,32.0,32.0,32.0,0.0,0.0,14.0,18.0,0.0,14.0,18.0,0.0,1.0,1.0,0.0,0.0,0.4375,0.5625,0.0,0.4375,0.5625,0.0,mid_right,Right,season_collapsed_average_positions_v13,60.3068,19.3891,0.0366002440016266,0.7520836637487575,0.0007739783196765,2.329746300872775,2.73560498540493,0.0366002440016266,2.2072435949573,0.7096457909719398,2.183350955673038,0.6926010573403822,0.2218889792598617,0.1356148840992273,1.1712078080520536,1.1712078080520536,1.1712078080520536,0.0,0.0,0.5124034160227735,0.6588043920292802,0.0,0.5124034160227735,0.6588043920292802,0.0,2.2072435949573,0.7096457909719398,M,AM,AM,M,AM,AM,RW,AM-W,Right Wide Forward,V13 zone-distribution rescue selected winger from repeated wide/high-wide average positions.,"v6_scores={'W': 3.172, 'ST': 2.148, 'SS': 3.293, 'DM': 0.177, 'CM': 2.275, 'AM': 3.068, 'CB': -0.235, 'FB': 1.8, 'WB': 2.69}; wide_pct=1.00; high_wide_pct=0.44; right_pct=1.00; left_pct=0.00; spatial_n=32.0",0.82,True,arbitrated_role_group,AM-W,W,Inside Forward,Wide Forward,72.56,0.4512,0.567,343,,4,6,0,0,"shots_total_per90, xg_per90, goals_per90, dribbles_attempted_per90",,"composure, flair, vision, off the ball, pace",W,0.48504107548106273,0.26464496011349564,0.44940866877222324,0.5634323702405096,0.2221059413745613,0.35823080133915125,0.44940866877222324,0.5634323702405096,0.8645015,1.0,0.4930355125853451,0.8269439845648049,Playmaking Winger,W,Right,Inside Forward,Playmaking Winger
1201395,Gianluca Prestianni,Gianluca Prestianni,2025-26,Liga Portugal Betclic,Benfica,1,Liga Portugal Betclic,1,Benfica,31,1551.0,2006-01-31,20.0,2026-05-25,Argentina,165.0,Right,M,M,midfield,AM,F,5,"AM, F, CM, M, W",medium,heuristic_stats,3.0,5.0,45.0,15.0,19.0,3.3089,3.7545,4.18464268,5.0,3.0,3.0,1.0,575.0,453.0,94.0,78.0,481.0,375.0,45.0,23.0,10.0,72.0,21.0,1039.0,46.0,103.0,263.0,2655.14180077618,61.0,1075.256046020004,389.8681732049,1351.7321413359375,20.0,298.0,,,11.0,243.0,120.0,124.0,6.0,10.0,16.0,53.0,22.0,,,18.0,39.0,8.0,1.0,1.0,,,,,,,,,,,,,,,,,15.560000000000002,9.8,7.779999999999999,3.3,72.41999999999999,21.102514506769825,25.0,0.192134107027724,59.82214765100671,74.74720550300945,78.78260869565217,42.691811734364926,1.0,0.1740812379110251,0.2901353965183752,2.611218568665377,0.8704061895551257,1.102514506769826,0.1920058027079303,0.2178626692456479,0.2428225926499032,0.2901353965183752,0.1740812379110251,33.36557059961315,26.2862669245648,5.454545454545454,4.526112185686654,27.911025145067697,21.760154738878143,2.611218568665377,1.334622823984526,0.5802707930367504,4.177949709864604,1.218568665377176,60.29013539651837,2.6692456479690523,5.97678916827853,15.261121856866538,154.07012383614196,3.539651837524178,62.39396785415884,22.622911404539654,78.43706816262693,1.1605415860735009,17.292069632495163,0.6382978723404256,14.100580270793037,6.963249516441006,7.195357833655706,0.3481624758220503,0.5802707930367504,0.9284332688588008,3.0754352030947776,1.2765957446808511,,1.0444874274661509,2.263056092843327,0.4642166344294003,,,,,,0.9029013539651838,0.5686653771760155,0.4514506769825918,0.1914893617021276,4.202321083172147,49.38271604938272,166.66666666666666,51.45631067961165,,,,,,,,,,,,,,0.1740812379110251,0.058027079303675,0.058027079303675,0.058027079303675,,66.7226,36.2718,66.4081,26.558,6.1993,21.8314,29.0,25.0,20.0,5.0,4.0,23.0,6.0,0.0,20.0,5.0,0.0,0.8621,0.6897,0.1724,0.1379,0.7931,0.2069,0.0,0.6897,0.1724,0.0,high_central,Right,season_collapsed_average_positions_v13,66.7226,36.2718,0.058027079303675,1.2245172827912858,0.0111489810654385,3.471304505861124,4.337362021451225,0.058027079303675,3.8717176015473886,2.1047466150870404,3.853468085106383,1.5410831721470015,0.3597272727272727,1.2668123791102512,1.6827852998065764,1.4506769825918762,1.1605415860735009,0.2901353965183752,0.2321083172147001,1.334622823984526,0.3481624758220503,0.0,1.1605415860735009,0.2901353965183752,0.0,3.8717176015473886,2.1047466150870404,M,AM,AM,M,AM,AM,RW,AM-W,Right Wide Forward,V13 zone-distribution rescue selected winger from repeated wide/high-wide average positions.,"v6_scores={'W': 4.4, 'ST': 1.285, 'SS': 3.466, 'DM': -0.014, 'CM': 2.067, 'AM': 3.217, 'CB': -0.282, 'FB': 1.8, 'WB': 3.2}; wide_pct=0.86; high_wide_pct=0.69; right_pct=0.69; left_pct=0.17; spatial_n=29.0",0.82,True,arbitrated_role_group,AM-W,W,Playmaking Winger,Winger,89.54,0.7909,0.708,343,,5,6,0,0,"key_passes_per90, xa_per90, crosses_accurate_per90, dribbles_attempted_per90, passes_opposition_half_total_per90",,"vision, technique, decisions, composure, flair",W,0.5506571090789476,0.059355179790186695,0.5245938623878235,0.6079962517994205,0.04779332623794682,0.08479125760511441,0.5245938623878235,0.6079962517994205,0.9045616428571429,1.0,0.47270735914228196,0.8196080208984724,Playmaking Winger,W,Right,Playmaking Winger,Playmaking Winger
830431,Francisco Trincão,Francisco Trincão,2025-26,Liga Portugal Betclic,Sporting CP,1,Liga Portugal Betclic,1,Sporting CP,34,2851.0,1999-12-29,26.0,2026-05-25,Portugal,184.0,Left,M,M,midfield,AM,M,4,"AM, M, CM, DM",medium,heuristic_stats,7.0,11.0,74.0,24.0,23.0,7.166600000000001,7.1188,7.5068463,14.0,8.0,2.0,,1351.0,1166.0,314.0,279.0,1037.0,887.0,86.0,61.0,37.0,130.0,26.0,1941.0,57.0,111.0,404.0,3640.715791484568,39.0,818.0525884250369,432.6239318058705,1306.9729100285103,32.0,459.0,,,27.0,242.0,112.0,134.0,4.0,9.0,5.0,46.0,13.0,1.0,,22.0,21.0,1.0,,3.0,,,,,,,,,,,,,,,,,26.040000000000003,15.000000000000002,7.56,11.9,91.2,17.303753069098562,17.0,0.0206944931602946,60.08474576271186,84.04233870967742,86.30643967431533,37.99333567169414,1.0,0.2209750964573833,0.3472465801473167,2.336022448263768,0.7576289021396001,0.7260610312171168,0.2262343037530691,0.2247253595229744,0.2369751550333216,0.4419501929147667,0.0631357418449666,42.648193616275,36.808137495615576,9.912311469659768,8.807435987372852,32.735882146615225,28.00070150824272,2.714836899333567,1.925640126271484,1.1680112241318836,4.103823219922834,0.8207646439845668,61.27323746054016,1.7993686425815505,3.5040336723956504,12.753419852683267,114.9296461710316,1.23114696597685,25.82417851920496,13.657016437224954,41.25835212296244,1.0101718695194668,14.489652753419852,0.8523325149070502,7.639424763240968,3.535601543318134,4.230094703612767,0.1262714836899333,0.28411083830235,0.1578393546124167,1.4521220624342337,0.4103823219922834,,0.6944931602946335,0.6629252893721501,0.0315678709224833,,,,,,0.8220273588214663,0.4735180638372501,0.238653104173974,0.3756576639775517,2.87898982813048,46.28099173553719,225.0,41.44144144144144,0.0315678709224833,,,,,,,,,,,,,0.2525429673798667,,,0.09470361276745,,62.3046,35.2266,63.4327,34.2755,5.7496,7.2045,34.0,13.0,13.0,0.0,21.0,20.0,14.0,0.0,5.0,8.0,0.0,0.3824,0.3824,0.0,0.6176,0.5882,0.4118,0.0,0.1471,0.2353,0.0,high_central,Central/Mixed,season_collapsed_average_positions_v13,62.3046,35.2266,0.0315678709224833,0.5462426433598283,0.0006532810888903,1.896747498647516,2.6530377004107217,0.0315678709224833,1.9668235706769557,1.1120287618379514,2.0024352858646086,1.0820045598035777,0.1815026306559102,0.2274307260610312,1.0733076113644335,0.4103823219922834,0.4103823219922834,0.0,0.6629252893721501,0.6313574184496668,0.4419501929147667,0.0,0.1578393546124167,0.2525429673798667,0.0,1.9668235706769557,1.1120287618379514,M,AM,AM,M,AM,AM,RW,AM-W,Right Wide Forward,V13 zone-distribution rescue selected winger from repeated wide/high-wide average positions.,"v6_scores={'W': 2.993, 'ST': 1.289, 'SS': 3.437, 'DM': 0.17, 'CM': 1.945, 'AM': 3.149, 'CB': -0.274, 'FB': 1.492, 'WB': 2.212}; wide_pct=0.38; high_wide_pct=0.15; right_pct=0.38; left_pct=0.00; spatial_n=34.0",0.82,True,arbitrated_role_group,AM-W,W,Playmaking Winger,Tracking Winger,82.43,0.6487,0.708,343,,5,6,0,0,"key_passes_per90, xa_per90, crosses_accurate_per90, dribbles_attempted_per90, passes_opposition_half_total_per90",,"vision, technique, decisions, composure, flair",W,0.41451502331100715,0.34343259911408436,0.38442432250276715,0.480714565089135,0.29011104834253876,0.4607400108114847,0.38442432250276715,0.480714565089135,0.7622357857142857,1.0,0.4675870576064986,0.8177546462749077,Playmaking Winger,W,Right,Playmaking Winger,Playmaking Winger
1400106,Yankuba Minteh,Yankuba Minteh,2025-26,Premier League,Brighton & Hove Albion,1,Premier League,1,Brighton & Hove Albion,36,2398.0,2004-07-22,21.0,2026-05-25,Gambia,180.0,Left,M,M,midfield,AM,WM,7,"AM, WM, CM, DM, M, W, F",medium,heuristic_stats,3.0,4.0,41.0,11.0,15.0,3.8031,2.9533,5.121924010000001,11.0,4.0,10.0,,630.0,428.0,142.0,108.0,488.0,320.0,46.0,31.0,15.0,159.0,37.0,1304.0,76.0,121.0,286.0,2822.0868103023827,51.0,839.521530241565,347.043675534776,1103.884145089182,34.0,514.0,,,15.0,334.0,162.0,174.0,20.0,19.0,32.0,65.0,21.0,1.0,,32.0,22.0,3.0,,1.0,,,2.44,3.16,0.94,0.43,0.35,,,,,,,,,,53.78,36.42,15.14,14.779999999999998,90.94,17.730608840700583,11.0,0.0942452043369474,54.8716814159292,79.96446700507614,67.93650793650794,45.70308590492077,1.0,0.1125938281901584,0.1501251042535446,1.5387823185988323,0.4128440366972477,0.5629691409507923,0.1427351959966638,0.1108411175979983,0.1922323439949958,0.4128440366972477,0.3753127606338615,23.64470391993328,16.063386155129276,5.329441201000834,4.053377814845705,18.315262718932445,12.01000834028357,1.7264386989157632,1.1634695579649708,0.5629691409507923,5.967472894078399,1.3886572143452878,48.940783986655546,2.852376980817348,4.541284403669724,10.73394495412844,105.9165191522996,1.9140950792326936,31.50831431265256,13.024991992547893,41.43018059133711,1.2760633861551294,19.291075896580484,0.5629691409507923,12.535446205170976,6.080066722268557,6.530442035029191,0.7506255212677231,0.713094245204337,1.201000834028357,2.4395329441201,0.7881567973311092,,1.201000834028357,0.8256880733944955,0.1125938281901584,0.0915763135946622,0.1185988323603002,0.0352793994995829,0.016138448707256,0.0131359466221851,2.018432026688908,1.3668890742285236,0.5682235195996664,0.5547122602168473,3.4130942452043374,48.50299401197605,95.0,53.71900826446281,0.0375312760633861,,,,,,,,,,,,,0.1501251042535446,,,0.0375312760633861,,65.9984,38.6096,66.5865,25.7056,6.1746,25.2168,34.0,28.0,20.0,8.0,6.0,27.0,7.0,0.0,22.0,6.0,0.0,0.8235,0.5882,0.2353,0.1765,0.7941,0.2059,0.0,0.6471,0.1765,0.0,high_central,Right,season_collapsed_average_positions_v13,65.9984,38.6096,0.0375312760633861,0.6654523751722488,0.0035371427816202,2.0594042232834147,3.001168486429046,0.0375312760633861,2.477004170141785,1.4490675562969142,2.4990763135946623,0.9647639699749792,0.2317406171809841,0.946418682235196,1.2760633861551294,1.0508757297748124,0.7506255212677231,0.3002502085070892,0.2251876563803169,1.0133444537114262,0.2627189324437031,0.0,0.8256880733944955,0.2251876563803169,0.0,2.477004170141785,1.4490675562969142,M,AM,AM,M,AM,AM,RW,AM-W,Right Wide Forward,V13 zone-distribution rescue selected winger from repeated wide/high-wide average positions.,"v6_scores={'W': 3.577, 'ST': 0.691, 'SS': 2.652, 'DM': 0.035, 'CM': 1.595, 'AM': 2.57, 'CB': -0.223, 'FB': 1.732, 'WB': 2.506}; wide_pct=0.82; high_wide_pct=0.65; right_pct=0.59; left_pct=0.24; spatial_n=34.0",0.82,True,arbitrated_role_group,AM-W,W,Winger,Tracking Winger,77.13,0.5426,0.879,343,,6,7,1,1,"crosses_total_per90, crosses_accurate_per90, dribbles_attempted_per90, key_passes_per90, xa_per90, progressive_carries_per90",distance_sprinting_km_per90,"pace, acceleration, agility, flair, off the ball",W,0.47022828263864186,0.1845111758735632,0.46975713080249165,0.4712648166781723,0.1902810889497065,0.17181736710604784,0.46975713080249165,0.4712648166781723,0.879524,1.0,0.46314181272572025,0.8161437831045378,Winger,W,Right,Winger,Winger
1046142,Derensili Sanches Fernandes,Derensili Sanches Fernandes,2025-26,VriendenLoterij Eredivisie,Excelsior,1,VriendenLoterij Eredivisie,1,Excelsior,34,2501.0,2001-05-28,24.0,2026-05-25,Netherlands,176.0,Both,M,M,midfield,M,ST,7,"M, ST, AM, CM, W, DM, F",medium,heuristic_stats,6.0,3.0,60.0,20.0,17.0,5.7681,4.1565,5.19094936,7.0,4.0,4.0,1.0,856.0,715.0,290.0,257.0,566.0,458.0,33.0,59.0,43.0,70.0,15.0,1436.0,86.0,126.0,359.0,3951.047098027752,80.0,1683.064031645582,568.753983250795,2125.926380801926,51.0,404.0,,,23.0,341.0,129.0,212.0,13.0,10.0,40.0,66.0,20.0,,,42.0,30.0,,,,,,,,,,,,,,,,,,,,23.18,13.88,11.6,19.08,145.00000000000003,18.09156337465014,30.0,0.041983206717313,53.523809523809526,77.33293556085918,83.52803738317758,51.834866053578565,1.0,0.2159136345461815,0.1079568172730907,2.159136345461816,0.7197121151539384,0.6117552978808477,0.2075685725709715,0.1495741703318672,0.1867994571771291,0.2518992403038784,0.1439424230307877,30.803678528588563,25.729708116753297,10.435825669732107,9.248300679728109,20.36785285885646,16.48140743702519,1.1875249900039984,2.1231507397041183,1.5473810475809675,2.5189924030387845,0.5397840863654538,51.67532986805278,3.094762095161935,4.534186325469812,12.918832467013194,142.1808231997192,2.8788484606157536,60.566078707757846,20.46695661438287,76.50274860942557,1.835265893642543,14.538184726109556,0.8276689324270292,12.27109156337465,4.642143142742903,7.6289484206317475,0.4678128748500599,0.3598560575769692,1.4394242303078768,2.3750499800079967,0.7197121151539384,,1.511395441823271,1.0795681727309077,,,,,,,0.8341463414634146,0.4994802079168333,0.4174330267892844,0.6866053578568572,5.217912834866055,37.82991202346041,76.92307692307692,52.38095238095238,,,,,,,,,,,,,,0.1439424230307877,0.0359856057576969,,,,59.5544,24.1096,60.9449,23.018,5.4037,4.7586,33.0,31.0,31.0,0.0,2.0,10.0,23.0,0.0,10.0,21.0,0.0,0.9394,0.9394,0.0,0.0606,0.303,0.697,0.0,0.303,0.6364,0.0,mid_right,Right,season_collapsed_average_positions_v13,59.5544,24.1096,0.0359856057576969,0.6510358671405488,0.0015107911253731,1.9260867081738733,2.7828725311784592,0.0359856057576969,2.1431011595361853,0.8675985605757697,2.193139144342263,0.8283166733306677,0.1944554178328668,0.1712411035585765,1.1875249900039984,1.1155537784886045,1.1155537784886045,0.0,0.0719712115153938,0.3598560575769692,0.8276689324270292,0.0,0.3598560575769692,0.7556977209116353,0.0,2.1431011595361853,0.8675985605757697,M,M,M,M,M,M,RM,WM,Right Wide Midfield,V12 used season-collapsed spatial evidence because it was coherent with role-score evidence.,"v6_scores={'W': 4.021, 'ST': 1.304, 'SS': 2.535, 'DM': 0.205, 'CM': 1.886, 'AM': 2.403, 'CB': -0.209, 'FB': 1.8, 'WB': 2.999}; spatial=RM; spatial_strength=0.72; source_family=None; spatial_is_coherent=True",0.85,True,arbitrated_role_group,WM,W,Wide Forward,Inside Winger,65.11,0.3023,0.567,343,,4,6,0,1,"shots_total_per90, xg_per90, dribbles_attempted_per90, progressive_carries_per90",,"off the ball, pace, acceleration, agility, anticipation",W,0.42224908655684956,0.30610226450414574,0.4005390622178628,0.4700111401026204,0.2801511805911577,0.3631946491127195,0.4005390622178628,0.4700111401026204,0.8313062142857143,0.8500000000000001,0.4577953704605741,0.8142040741181021,Ball-Carrying Winger,W,Right,Wide Forward,Ball-Carrying Winger
2087085,Yan Diomande,Yan Diomande,2025-26,Bundesliga,RB Leipzig,1,Bundesliga,1,RB Leipzig,33,2476.0,2006-11-14,19.0,2026-05-25,Côte d'Ivoire,180.0,Right,F,F,attack,ST,SS,4,"ST, SS, AM, W",medium,heuristic_stats,12.0,8.0,53.0,26.0,15.0,7.143300000000001,10.7916,10.11996324,17.0,6.0,7.0,,1067.0,896.0,300.0,271.0,767.0,625.0,56.0,38.0,28.0,43.0,7.0,1758.0,84.0,197.0,495.0,4962.996657308473,91.0,1695.884123271086,529.4394400820049,2148.798927117468,62.0,451.0,1.0,,13.0,392.0,186.0,206.0,15.0,5.0,29.0,118.0,18.0,1.0,,19.0,34.0,2.0,,,,,,,,,,,,,,,,,,,25.52,16.5,14.52,8.76,133.82000000000002,19.26211631663974,49.0,0.0521001615508885,63.83720930232558,82.18496683861459,83.97375820056233,45.42164781906301,1.0,0.4361873990306946,0.2907915993537964,1.9264943457189008,0.9450726978998384,0.5452342487883683,0.2596514539579967,0.3922633279483037,0.3678500369951535,0.6179321486268174,0.2544426494345719,38.7843295638126,32.5686591276252,10.904684975767369,9.850565428109856,27.879644588045235,22.718093699515347,2.035541195476575,1.381260096930533,1.0177705977382876,1.563004846526656,0.2544426494345719,63.90145395799677,3.0533117932148626,7.160743134087237,17.992730210016155,180.3997169457845,3.3077544426494345,61.64360706558875,19.244567692803088,78.1065845882763,2.2536348949919223,16.393376413570273,0.4725363489499192,14.248788368336026,6.760904684975768,7.487883683360258,0.5452342487883683,0.1817447495961227,1.054119547657512,4.289176090468498,0.654281098546042,,0.6906300484652665,1.235864297253635,0.0726978998384491,,,,,,0.9276252019386108,0.5997576736672051,0.5277867528271405,0.3184168012924071,4.86421647819063,47.44897959183673,33.333333333333336,59.8984771573604,0.0363489499192245,,,,,,,,,,,0.0363489499192245,,0.2180936995153473,,,,,61.1056,42.839,61.127,37.9467,5.7882,22.079,33.0,23.0,15.0,8.0,10.0,13.0,20.0,0.0,8.0,15.0,0.0,0.697,0.4545,0.2424,0.303,0.3939,0.6061,0.0,0.2424,0.4545,0.0,mid_central,Right,season_collapsed_average_positions_v13,61.1056,42.839,0.0363489499192245,0.7001577013318161,0.0018937861629967,2.3204155239132884,2.9873372437299324,0.0363489499192245,2.221124394184168,1.5571526655896606,2.2219022617124398,1.3793226978998383,0.2103949919224555,0.802548465266559,1.1995153473344102,0.8360258481421647,0.5452342487883683,0.2907915993537964,0.3634894991922455,0.4725363489499192,0.7269789983844911,0.0,0.2907915993537964,0.5452342487883683,0.0,2.221124394184168,1.5571526655896606,F,ST,ST,F,ST,ST,RW,AM-W,Right Wide Forward,V13 zone-distribution rescue selected winger from repeated wide/high-wide average positions.,"v6_scores={'W': 3.777, 'ST': 1.48, 'SS': 3.368, 'DM': 0.154, 'CM': 2.176, 'AM': 3.165, 'CB': -0.56, 'FB': 1.51, 'WB': 2.721}; wide_pct=0.70; high_wide_pct=0.24; right_pct=0.45; left_pct=0.24; spatial_n=33.0",0.82,True,arbitrated_role_group,AM-W,W,Inside Winger,Playmaking Winger,82.24,0.6448,0.729,343,,6,7,0,0,"dribbles_attempted_per90, progressive_carries_per90, shots_total_per90, xg_per90, key_passes_per90, xa_per90",,"technique, composure, teamwork, acceleration, agility",W,0.40724444478217414,0.3110259018130873,0.41424810324364425,0.3918363961669398,0.31366226790654705,0.3052258964074757,0.41424810324364425,0.3918363961669398,0.7414611428571429,1.0,0.4521194099048757,0.8121420878814023,Playmaking Winger,W,Right,Inside Winger,Playmaking Winger
1001140,Geny Catamo,Geny Catamo,2025-26,Liga Portugal Betclic,Sporting CP,1,Liga Portugal Betclic,1,Sporting CP,29,1963.0,2001-01-26,25.0,2026-05-25,Mozambique,172.0,Left,M,M,midfield,AM,CM,3,"AM, CM, M",low,heuristic_stats,6.0,2.0,49.0,22.0,16.0,3.3721,3.4738,3.98336322,6.0,2.0,9.0,5.0,829.0,698.0,209.0,187.0,620.0,511.0,29.0,35.0,20.0,47.0,9.0,1305.0,55.0,110.0,382.0,3890.09436993896,79.0,1558.02288534586,492.11251852685,2182.146068656114,26.0,322.0,,1.0,11.0,239.0,115.0,131.0,5.0,5.0,10.0,44.0,15.0,2.0,,18.0,45.0,1.0,,1.0,,,,,,,,,,,,,,,,,15.62,9.42,7.579999999999999,9.4,68.25999999999999,19.299541518084563,10.0,0.0585838003056546,65.02608695652174,76.17271505376344,84.1978287092883,37.69026999490576,1.0,0.2750891492613347,0.0916963830871115,2.246561385634233,1.0086602139582272,0.7335710646968925,0.1546046867040244,0.159267447784004,0.1826299998981151,0.2750891492613347,0.412633723892002,38.00815078960774,32.00203769740194,9.58227203260316,8.573611818644931,28.425878757004583,23.428425878757004,1.3295975547631176,1.6046867040244523,0.9169638308711155,2.1548650025471217,0.412633723892002,59.8318899643403,2.521650534895568,5.043301069791136,17.51400916963831,178.35379179546936,3.6220071319409066,71.43253167658044,22.56246901040066,100.04745093176274,1.1920529801324504,14.763117677024962,0.5043301069791136,10.957717778909831,5.272542027508915,6.006113092205808,0.2292409577177789,0.2292409577177789,0.4584819154355578,2.0173204279164545,0.6877228731533367,,0.8252674477840041,2.06316861946001,0.0458481915435557,,,,,,0.7161487519103414,0.4318899643402954,0.3475292919001528,0.4309730005094243,3.1295975547631176,48.11715481171548,100.0,40.0,0.0916963830871115,,,,,,,,,,,,,0.0916963830871115,0.2292409577177789,,0.0458481915435557,0.0458481915435557,63.4195,17.5759,63.1365,18.0291,7.0029,2.8201,29.0,29.0,29.0,0.0,0.0,17.0,12.0,0.0,17.0,12.0,0.0,1.0,1.0,0.0,0.0,0.5862,0.4138,0.0,0.5862,0.4138,0.0,high_right,Right,season_collapsed_average_positions_v13,63.4195,17.5759,0.0458481915435557,0.8848490762239484,0.002685961297763,2.981328490110523,3.492381230177641,0.0458481915435557,2.907669383596536,0.8058232297503821,2.8946943453897096,0.8266016301579215,0.3210703005603668,0.1292964849719816,1.3295975547631176,1.3295975547631176,1.3295975547631176,0.0,0.0,0.7794192562404483,0.5501782985226694,0.0,0.7794192562404483,0.5501782985226694,0.0,2.907669383596536,0.8058232297503821,M,AM,AM,M,AM,AM,RW,AM-W,Right Wide Forward,V13 zone-distribution rescue selected winger from repeated wide/high-wide average positions.,"v6_scores={'W': 4.034, 'ST': 1.198, 'SS': 2.741, 'DM': 0.129, 'CM': 2.16, 'AM': 2.566, 'CB': -0.561, 'FB': 1.779, 'WB': 2.918}; wide_pct=1.00; high_wide_pct=0.59; right_pct=1.00; left_pct=0.00; spatial_n=29.0",0.82,True,arbitrated_role_group,AM-W,W,Inside Winger,Wide Forward,69.25,0.3849,0.729,343,,6,7,0,0,"dribbles_attempted_per90, progressive_carries_per90, shots_total_per90, xg_per90, key_passes_per90, xa_per90",,"technique, composure, teamwork, acceleration, agility",W,0.4040519202988808,0.2444532551748084,0.36378346461847016,0.4926425227957842,0.22086732411046558,0.29634230351636254,0.36378346461847016,0.4926425227957842,0.9066114285714286,1.0,0.44748813244502234,0.8104575277488899,1v1 Winger,W,Right,Inside Winger,1v1 Winger
826210,Rafik Guitane,Rafik Guitane,2025-26,Liga Portugal Betclic,Estoril Praia,1,Liga Portugal Betclic,1,Estoril Praia,30,1836.0,1999-05-26,26.0,2026-05-25,Algeria,170.0,Left,F,F,attack,ST,AM,6,"ST, AM, CM, F, M, DM",medium,heuristic_stats,3.0,5.0,27.0,11.0,11.0,1.6541,3.5403,3.83604957,8.0,2.0,1.0,2.0,754.0,629.0,209.0,186.0,545.0,443.0,40.0,13.0,10.0,25.0,2.0,1256.0,57.0,171.0,379.0,3617.046785979185,73.0,1334.8680762256215,418.5518609426478,1838.0766942576888,50.0,369.0,,,5.0,314.0,145.0,170.0,,2.0,7.0,79.0,13.0,,,9.0,46.0,3.0,,,1.0,,,,,,,,,,,,,,,,15.4,8.46,3.06,7.08,72.56000000000002,18.37200435729848,99.0,0.125272331154684,60.61739130434783,71.7713567839196,83.42175066312997,46.21023965141613,1.0,0.1470588235294117,0.2450980392156862,1.3235294117647058,0.5392156862745098,0.5392156862745098,0.0810833333333333,0.1735441176470588,0.1880416455882352,0.392156862745098,0.0490196078431372,36.96078431372549,30.83333333333333,10.245098039215684,9.117647058823527,26.715686274509803,21.715686274509803,1.96078431372549,0.6372549019607843,0.4901960784313725,1.2254901960784317,0.0980392156862745,61.5686274509804,2.794117647058824,8.382352941176471,18.57843137254902,177.30621499897967,3.57843137254902,65.43470961890301,20.517248085423912,90.101798738122,2.450980392156863,18.08823529411765,0.2450980392156862,15.392156862745098,7.107843137254902,8.333333333333334,,0.0980392156862745,0.3431372549019608,3.872549019607843,0.6372549019607843,,0.4411764705882353,2.2549019607843137,0.1470588235294117,,,,,,0.7549019607843136,0.4147058823529412,0.15,0.3470588235294118,3.55686274509804,46.17834394904459,,46.19883040935672,,,,,,,,,,,,,0.0490196078431372,0.0980392156862745,0.0980392156862745,,,,63.734,25.2124,63.2185,24.3202,4.491,5.4966,30.0,28.0,28.0,0.0,2.0,19.0,11.0,0.0,19.0,9.0,0.0,0.9333,0.9333,0.0,0.0667,0.6333,0.3667,0.0,0.6333,0.3,0.0,high_right,Right,season_collapsed_average_positions_v13,63.734,25.2124,0.0490196078431372,0.9005884488871804,0.0061408005467982,2.9714407502131284,3.518203763917628,0.0490196078431372,3.12421568627451,1.2359019607843138,3.0989460784313727,1.1921666666666668,0.2201470588235294,0.2694411764705882,1.4705882352941178,1.3725490196078431,1.3725490196078431,0.0,0.0980392156862745,0.931372549019608,0.5392156862745098,0.0,0.931372549019608,0.4411764705882353,0.0,3.12421568627451,1.2359019607843138,F,ST,ST,F,ST,ST,RW,AM-W,Right Wide Forward,V13 zone-distribution rescue selected winger from repeated wide/high-wide average positions.,"v6_scores={'W': 3.631, 'ST': 0.677, 'SS': 2.924, 'DM': 0.152, 'CM': 2.139, 'AM': 2.691, 'CB': -0.733, 'FB': 1.404, 'WB': 2.608}; wide_pct=0.93; high_wide_pct=0.63; right_pct=0.93; left_pct=0.00; spatial_n=30.0",0.82,True,arbitrated_role_group,AM-W,W,Playmaking Winger,Inside Winger,66.95,0.339,0.708,343,,5,6,0,0,"key_passes_per90, xa_per90, crosses_accurate_per90, dribbles_attempted_per90, passes_opposition_half_total_per90",,"vision, technique, decisions, composure, flair",W,0.36936055721528643,0.18813787067967352,0.3733695864401736,0.36054069292053464,0.1757839659679913,0.21531646104537444,0.3733695864401736,0.36054069292053464,0.9259471428571429,1.0,0.4142052283922325,0.7982953285039796,1v1 Winger,W,Right,Playmaking Winger,1v1 Winger
1082406,Matías Soulé,Matías Soulé,2025-26,Serie A,Multiple,1,Serie A,2,"AS Roma, Roma",33,2167.0,2003-04-15,23.0,2026-05-25,Argentina,182.0,Left,F,F,attack,ST,W,4,"ST, W, F, SS",medium,heuristic_stats,6.0,5.0,52.0,18.0,19.0,3.9758,5.4912,4.20850935,5.0,2.0,6.0,1.0,989.0,835.0,239.0,217.0,750.0,618.0,46.0,56.0,35.0,70.0,21.0,1516.0,65.0,94.0,379.0,3490.8367145305624,41.0,892.936482200496,423.7631475318536,1018.1753459622596,54.0,395.0,,,15.0,242.0,104.0,157.0,12.0,9.0,25.0,35.0,14.0,1.0,,7.0,41.0,1.0,,,,,,,,,,,,,,,,,,,16.439999999999998,12.88,7.540000000000001,10.84,113.66,17.22242731887402,18.0,0.0604522381172127,57.847328244274806,73.67163412127441,84.42871587462083,42.65989847715736,1.0,0.2491924319335486,0.2076603599446239,2.1596677434240887,0.747577295800646,0.7891093677895709,0.1651232118135671,0.2280609137055837,0.174788113290263,0.2076603599446239,0.2491924319335486,41.07521919704661,34.679280110752195,9.926165205353024,9.012459621596678,31.149053991693584,25.66682048915552,1.91047531149054,2.325796031379788,1.453622519612367,2.9072450392247347,0.8721735117674204,62.962621135209965,2.6995846792801106,3.904014766958929,15.740655283802491,144.98168172946498,1.702814951545916,37.08550226028825,17.599761549546297,42.28693176585296,2.242731887401938,16.40516843562529,0.6229810798338717,10.050761421319796,4.3193354868481775,6.520535302261191,0.4983848638670973,0.373788647900323,1.0383017997231194,1.453622519612367,0.5814490078449469,,0.2907245039224734,1.702814951545916,0.0415320719889247,,,,,,0.6827872634979234,0.5349330872173511,0.3131518227964929,0.4502076603599446,4.72053530226119,42.97520661157025,75.0,37.234042553191486,0.0415320719889247,,,,,,,,,,,,,0.0830641439778495,0.0415320719889247,,,,62.3162,29.1759,61.6789,23.3708,4.6696,13.2541,33.0,26.0,26.0,0.0,7.0,15.0,18.0,0.0,13.0,13.0,0.0,0.7879,0.7879,0.0,0.2121,0.4545,0.5455,0.0,0.3939,0.3939,0.0,high_right,Right,season_collapsed_average_positions_v13,62.3162,29.1759,0.0415320719889247,0.7152830912315005,0.0025107067053757,2.402519401008183,3.059735611866496,0.0415320719889247,2.5881209044762348,1.2117355791416704,2.5616525149976925,0.9706377480387632,0.1939381633594831,0.5504702353484079,1.3705583756345177,1.0798338717120444,1.0798338717120444,0.0,0.2907245039224734,0.6229810798338717,0.747577295800646,0.0,0.5399169358560222,0.5399169358560222,0.0,2.5881209044762348,1.2117355791416704,F,ST,ST,F,ST,ST,RW,AM-W,Right Wide Forward,V13 zone-distribution rescue selected winger from repeated wide/high-wide average positions.,"v6_scores={'W': 3.353, 'ST': 1.124, 'SS': 2.987, 'DM': 0.211, 'CM': 2.063, 'AM': 2.851, 'CB': -0.362, 'FB': 1.681, 'WB': 2.469}; wide_pct=0.79; high_wide_pct=0.39; right_pct=0.79; left_pct=0.00; spatial_n=33.0",0.82,True,arbitrated_role_group,AM-W,W,Playmaking Winger,Winger,74.41,0.4883,0.708,343,,5,6,0,0,"key_passes_per90, xa_per90, crosses_accurate_per90, dribbles_attempted_per90, passes_opposition_half_total_per90",,"vision, technique, decisions, composure, flair",W,0.3297716475071211,0.2855071517565933,0.2658800878531343,0.4703330787458922,0.2626959906348548,0.33569170622441785,0.2658800878531343,0.4703330787458922,0.8361827142857143,1.0,0.41218416642393507,0.7975535866132945,Winger,W,Right,Playmaking Winger,Winger
966575,Rodrigo Zalazar,Rodrigo Zalazar,2025-26,Liga Portugal Betclic,Sporting Braga,1,Liga Portugal Betclic,1,Sporting Braga,29,1944.0,1999-08-12,26.0,2026-05-25,Uruguay,174.0,Right,F,F,attack,ST,W,6,"ST, W, M, F, CM, SS",medium,heuristic_stats,16.0,5.0,68.0,27.0,23.0,11.8936,13.1321,4.68899235,8.0,3.0,8.0,1.0,994.0,813.0,216.0,193.0,778.0,620.0,37.0,42.0,23.0,70.0,16.0,1568.0,63.0,107.0,314.0,2942.6269756743764,42.0,746.104345372212,287.89445868460894,776.5674859971336,49.0,414.0,,,18.0,329.0,154.0,175.0,58.0,36.0,39.0,50.0,16.0,,,18.0,49.0,6.0,,,,,,,,,,,,,,,,,,,14.64,9.92,4.22,8.88,64.2,16.065329218106996,10.0,0.0982510288065843,54.72774869109948,71.18424962852897,81.7907444668008,38.2309670781893,1.0,0.7407407407407407,0.2314814814814814,3.1481481481481484,1.25,1.0648148148148149,0.5506296296296297,0.6079675925925926,0.2170829791666667,0.3703703703703703,0.3703703703703703,46.01851851851852,37.638888888888886,10.0,8.935185185185185,36.01851851851852,28.703703703703702,1.712962962962963,1.9444444444444444,1.0648148148148149,3.240740740740741,0.7407407407407407,72.5925925925926,2.9166666666666665,4.953703703703703,14.537037037037036,136.2327303552952,1.9444444444444444,34.541867841306114,13.328447161324489,35.95219842579323,2.2685185185185186,19.166666666666668,0.8333333333333334,15.23148148148148,7.12962962962963,8.101851851851851,2.685185185185185,1.6666666666666667,1.805555555555556,2.314814814814815,0.7407407407407407,,0.8333333333333334,2.2685185185185186,0.2777777777777778,,,,,,0.6777777777777777,0.4592592592592592,0.1953703703703703,0.4111111111111111,2.9722222222222223,46.80851063829788,62.06896551724138,46.728971962616825,,,,,,,,,,,,,,0.1388888888888889,0.0462962962962962,,,,64.8704,40.2802,64.3194,33.7926,5.151,17.643,28.0,14.0,12.0,2.0,14.0,19.0,9.0,0.0,11.0,3.0,0.0,0.5,0.4286,0.0714,0.5,0.6786,0.3214,0.0,0.3929,0.1071,0.0,high_central,Central/Mixed,season_collapsed_average_positions_v13,64.8704,40.2802,0.0462962962962962,0.7437652415790276,0.0045486587410455,2.533692069032383,3.295567112431897,0.0462962962962962,3.0032592592592597,1.864824074074074,2.97775,1.564472222222222,0.2384722222222222,0.8168055555555556,1.2962962962962965,0.6481481481481481,0.5555555555555556,0.0925925925925925,0.6481481481481481,0.8796296296296297,0.4166666666666667,0.0,0.5092592592592593,0.1388888888888889,0.0,3.0032592592592597,1.864824074074074,F,ST,ST,F,ST,ST,RW,AM-W,Right Wide Forward,V13 zone-distribution rescue selected winger from repeated wide/high-wide average positions.,"v6_scores={'W': 3.738, 'ST': 2.435, 'SS': 3.098, 'DM': 0.174, 'CM': 2.239, 'AM': 2.91, 'CB': 0.703, 'FB': 1.778, 'WB': 2.551}; wide_pct=0.50; high_wide_pct=0.39; right_pct=0.43; left_pct=0.07; spatial_n=28.0",0.82,True,arbitrated_role_group,AM-W,W,Inside Forward,Wide Forward,94.94,0.8987,0.567,343,,4,6,0,0,"shots_total_per90, xg_per90, goals_per90, dribbles_attempted_per90",,"composure, flair, vision, off the ball, pace",W,0.33371291140471493,0.21522673135028064,0.28446341915271917,0.4420617943591055,0.2192002572591825,0.20648497435069652,0.28446341915271917,0.4420617943591055,0.8040772857142857,1.0,0.3906100188928143,0.7896124419816686,Goal Threat Winger,W,Right,Inside Forward,Goal Threat Winger
942836,Haissem Hassan,Haissem Hassan,2025-26,La Liga,Real Oviedo,1,La Liga,1,Real Oviedo,38,1943.0,2002-02-08,24.0,2026-05-25,Egypt,175.0,Left,F,M,midfield,DM,CM,8,"DM, CM, F, W, AM, SS, WM, M",low,heuristic_stats,,3.0,34.0,8.0,16.0,1.5940999999999996,1.1679,3.2225273300000006,2.0,2.0,3.0,1.0,497.0,400.0,198.0,177.0,299.0,223.0,20.0,62.0,45.0,113.0,27.0,1009.0,57.0,124.0,324.0,4447.032519751528,94.0,2163.423626503006,599.504495328479,2059.791249461841,16.0,337.0,1.0,,10.0,250.0,127.0,130.0,,2.0,6.0,61.0,33.0,,1.0,12.0,25.0,1.0,,,,,,,,,,,,,,,,,,,41.49999999999999,27.24,7.62,11.66,78.17999999999999,18.18579516212043,10.0,0.258363355635615,56.37848605577689,70.98889837745517,80.48289738430583,54.33556356150283,1.0,,0.1389603705609881,1.574884199691199,0.3705609881626351,0.7411219763252702,0.073838908903757,0.0540972722593926,0.1492678639732373,0.0926402470406587,0.1389603705609881,23.021101389603707,18.52804940813176,9.17138445702522,8.198661863098302,13.849716932578486,10.329387545033454,0.9264024704065876,2.871847658260422,2.0844055584148222,5.23417395779722,1.2506433350488937,46.73700463201235,2.640247040658775,5.743695316520844,15.00772002058672,205.9870956138124,4.354091610910962,100.21004960641818,27.76912227460788,95.40978510116608,0.7411219763252702,15.609881626351005,0.4632012352032938,11.580030880082347,5.882655687081832,6.02161605764282,,0.0926402470406587,0.2779207411219763,2.8255275347400928,1.52856407617087,0.0463201235203293,0.5558414822439527,1.1580030880082346,0.0463201235203293,,,,,,1.9222851260936689,1.2617601646937726,0.3529593412249099,0.5400926402470407,3.621307256819351,50.8,,49.193548387096776,,,,,,,,,,,,0.0463201235203293,,0.0926402470406587,0.0463201235203293,,,,60.769,20.7622,60.9321,18.978,6.96,5.7305,37.0,35.0,35.0,0.0,2.0,15.0,22.0,0.0,13.0,22.0,0.0,0.9459,0.9459,0.0,0.0541,0.4054,0.5946,0.0,0.3514,0.5946,0.0,mid_right,Right,season_collapsed_average_positions_v13,60.769,20.7622,0.0463201235203293,0.842368278224827,0.0119674225461684,2.611458437992753,3.288214541415834,0.0463201235203293,2.8148275862068965,0.9617076685537828,2.8223823983530623,0.8790633041688112,0.3223880597014925,0.2654374678332475,1.7138445702521874,1.6212043232115283,1.6212043232115283,0.0,0.0926402470406587,0.6948018528049408,1.0190427174472465,0.0,0.602161605764282,1.0190427174472465,0.0,2.8148275862068965,0.9617076685537828,F,DM,DM,F,DM,DM,RW,AM-W,Right Wide Forward,V13 zone-distribution rescue selected winger from repeated wide/high-wide average positions.,"v6_scores={'W': 4.4, 'ST': 0.476, 'SS': 1.909, 'DM': 0.308, 'CM': 1.548, 'AM': 1.843, 'CB': -0.689, 'FB': 1.677, 'WB': 3.2}; wide_pct=0.95; high_wide_pct=0.35; right_pct=0.95; left_pct=0.00; spatial_n=37.0",0.82,True,arbitrated_role_group,AM-W,W,Tracking Winger,Winger,85.71,0.7142,0.117,343,,1,4,0,1,crosses_total_per90,,"marking, work rate, stamina",W,0.33695712095110103,0.14709848881070398,0.34802121522425883,0.31261611355015384,0.17110725959346226,0.09427919308863575,0.34802121522425883,0.31261611355015384,0.8542745,1.0,0.3775162830849683,0.7847717925497623,1v1 Winger,W,Right,Tracking Winger,1v1 Winger
812145,Dennis Man,Dennis Man,2025-26,VriendenLoterij Eredivisie,PSV Eindhoven,1,VriendenLoterij Eredivisie,1,PSV Eindhoven,32,1496.0,1998-08-26,27.0,2026-05-25,Romania,182.0,Left,F,M,midfield,AM,F,4,"AM, F, M, ST",low,heuristic_base,7.0,7.0,42.0,15.0,14.0,4.7552,4.4362,4.95214172,6.0,5.0,4.0,3.0,634.0,530.0,150.0,133.0,484.0,397.0,30.0,17.0,10.0,19.0,8.0,957.0,39.0,85.0,213.0,2385.850374607634,52.0,998.195547171374,375.958675373314,843.9652588157771,16.0,227.0,,,14.0,175.0,81.0,115.0,21.0,15.0,19.0,38.0,16.0,,,17.0,19.0,2.0,,,,,,,,,,,,,,,,,,,8.280000000000001,6.6000000000000005,4.24,10.32,62.72,18.101604278074863,27.0,0.0762032085561497,66.12280701754386,70.27703826955074,83.59621451104101,39.092245989304814,1.0,0.4211229946524064,0.4211229946524064,2.5267379679144386,0.9024064171122996,0.8422459893048129,0.2860748663101604,0.2668836898395722,0.2979229644385027,0.3609625668449198,0.2406417112299465,38.14171122994652,31.88502673796792,9.024064171122994,8.001336898395722,29.11764705882353,23.88368983957219,1.804812834224599,1.0227272727272727,0.6016042780748663,1.143048128342246,0.481283422459893,57.5735294117647,2.3462566844919786,5.113636363636363,12.814171122994653,143.5337792210475,3.128342245989305,60.051871153358064,22.61783474839456,50.77331102501333,0.962566844919786,13.656417112299463,0.8422459893048129,10.52807486631016,4.872994652406417,6.918449197860962,1.2633689839572193,0.9024064171122996,1.143048128342246,2.286096256684492,0.962566844919786,,1.0227272727272727,1.143048128342246,0.1203208556149732,,,,,,0.4981283422459893,0.3970588235294117,0.2550802139037433,0.620855614973262,3.7732620320855617,46.285714285714285,71.42857142857143,44.70588235294117,,,,,,,,,,,,,,0.3008021390374331,0.1804812834224599,,,,62.1542,19.0726,62.8,18.5437,5.5568,2.698,25.0,25.0,25.0,0.0,0.0,14.0,11.0,0.0,14.0,11.0,0.0,1.0,1.0,0.0,0.0,0.56,0.44,0.0,0.56,0.44,0.0,high_right,Right,season_collapsed_average_positions_v13,62.1542,19.0726,0.0601604278074866,1.089000257370814,0.004584417627041,3.977976358007318,4.227896687339283,0.0601604278074866,3.7392232620320858,1.1474157754010696,3.77807486631016,1.11559692513369,0.3342994652406417,0.1623128342245989,1.5040106951871657,1.5040106951871657,1.5040106951871657,0.0,0.0,0.8422459893048129,0.6617647058823529,0.0,0.8422459893048129,0.6617647058823529,0.0,3.7392232620320858,1.1474157754010696,F,AM,AM,F,AM,AM,RW,AM-W,Right Wide Forward,V13 zone-distribution rescue selected winger from repeated wide/high-wide average positions.,"v6_scores={'W': 3.595, 'ST': 1.85, 'SS': 3.302, 'DM': 0.055, 'CM': 2.163, 'AM': 3.102, 'CB': 0.327, 'FB': 1.32, 'WB': 2.581}; wide_pct=1.00; high_wide_pct=0.56; right_pct=1.00; left_pct=0.00; spatial_n=25.0",0.82,True,arbitrated_role_group,AM-W,W,Inside Winger,Inside Forward,81.9,0.638,0.729,343,,6,7,0,0,"dribbles_attempted_per90, progressive_carries_per90, shots_total_per90, xg_per90, key_passes_per90, xa_per90",,"technique, composure, teamwork, acceleration, agility",W,0.36427313158475083,0.02548851944481833,0.3161565830396162,0.4701295383840471,0.032075683607782665,0.010996758286296789,0.3161565830396162,0.4701295383840471,0.9002367142857143,1.0,0.36143910254171674,0.7788061024427884,Playmaking Winger,W,Right,Inside Winger,Playmaking Winger
783278,Junya Ito,Junya Ito,2025-26,Pro League,KRC Genk,1,Pro League,1,KRC Genk,27,1713.0,1993-03-09,33.0,2026-05-25,Japan,176.0,Right,M,M,midfield,AM,W,3,"AM, W, M",medium,heuristic_stats,5.0,5.0,34.0,15.0,10.0,3.8503,3.4001,5.538163889999999,10.0,6.0,11.0,,719.0,552.0,178.0,157.0,541.0,395.0,48.0,51.0,26.0,141.0,44.0,1148.0,40.0,50.0,236.0,2429.692276041789,46.0,997.571030181016,470.4057418543177,1357.450084094643,25.0,359.0,,,10.0,179.0,85.0,97.0,17.0,13.0,17.0,25.0,16.0,,,15.0,13.0,4.0,,,,,,,,,,,,,,,,,,,31.82,16.62,14.22,11.96,69.68,13.200817279626389,10.0,0.0694687682428488,68.19327731092437,76.34794908062234,76.77329624478442,44.16345592527729,1.0,0.2626970227670753,0.2626970227670753,1.7863397548161122,0.7880910683012259,0.5253940455341506,0.202292469352014,0.1786392294220665,0.2909718330998248,0.5253940455341506,0.5779334500875657,37.77583187390543,29.001751313485112,9.35201401050788,8.248686514886165,28.42381786339755,20.75306479859895,2.5218914185639227,2.679509632224168,1.3660245183887916,7.408056042031523,2.3117338003502628,60.31523642732049,2.1015761821366024,2.626970227670753,12.399299474605954,127.65458543126738,2.416812609457093,52.41178792544742,24.714837575533327,71.31961912931575,1.3134851138353765,18.86164623467601,0.5253940455341506,9.404553415061295,4.46584938704028,5.096322241681261,0.8931698774080561,0.6830122591943958,0.8931698774080561,1.3134851138353765,0.840630472854641,,0.7880910683012259,0.6830122591943958,0.2101576182136602,,,,,,1.6718038528896673,0.8732049036777584,0.7471103327495622,0.6283712784588441,3.660945709281962,47.48603351955308,76.47058823529412,50.0,,,,,,,,,,,,,,0.3152364273204903,,,,,62.8441,44.4342,63.6194,33.9656,7.4799,24.2312,27.0,22.0,13.0,9.0,5.0,16.0,11.0,0.0,13.0,9.0,0.0,0.8148,0.4815,0.3333,0.1852,0.5926,0.4074,0.0,0.4815,0.3333,0.0,high_central,Right,season_collapsed_average_positions_v13,62.8441,44.4342,0.052539404553415,0.6935630794900028,0.0036498477185384,3.582834184461876,4.01127578357035,0.052539404553415,3.3017915936952718,2.334546409807355,3.342525394045534,1.7845323992994746,0.3929894921190893,1.273092819614711,1.418563922942207,1.1558669001751314,0.6830122591943958,0.4728546409807355,0.2626970227670753,0.840630472854641,0.5779334500875657,0.0,0.6830122591943958,0.4728546409807355,0.0,3.3017915936952718,2.334546409807355,M,AM,AM,M,AM,AM,RW,AM-W,Right Wide Forward,V13 zone-distribution rescue selected winger from repeated wide/high-wide average positions.,"v6_scores={'W': 3.453, 'ST': 0.989, 'SS': 3.425, 'DM': 0.262, 'CM': 2.156, 'AM': 3.132, 'CB': -0.245, 'FB': 1.8, 'WB': 2.855}; wide_pct=0.81; high_wide_pct=0.48; right_pct=0.48; left_pct=0.33; spatial_n=27.0",0.82,True,arbitrated_role_group,AM-W,W,Tracking Winger,Playmaking Winger,97.67,0.9534,0.117,343,,1,4,0,1,crosses_total_per90,,"marking, work rate, stamina",W,0.22022186348003056,0.06305095594792416,0.22654828255938073,0.20630374150546016,0.06969935961457463,0.048424467881293155,0.22654828255938073,0.20630374150546016,0.8052035714285715,1.0,0.28486372867935156,0.7500454793838692,Playmaking Winger,W,Right,Tracking Winger,Playmaking Winger
