player_id,player_name,event_id,endpoint,category,action_type,match_date,home_team,away_team,team,minutes_played_matchlog,minute,x,y,end_x,end_y,outcome,_endpoint,endpoint_available,playerCoordinates_x,playerCoordinates_y,passEndCoordinates_x,passEndCoordinates_y,eventActionType,isHome,keypass,isLongBall,isAssist
1153957,Aleksandar Stanković,15858607,rating-breakdown,passes,passes,,,,Club Brugge KV,75.0,,68.9,16.2,34.7,33.1,True,rating-breakdown,True,68.9,16.2,34.7,33.1,pass,True,False,True,
1153957,Aleksandar Stanković,15858607,rating-breakdown,passes,passes,,,,Club Brugge KV,75.0,,44.5,24.9,42.6,70.2,True,rating-breakdown,True,44.5,24.9,42.6,70.2,pass,True,False,,
1153957,Aleksandar Stanković,15858607,rating-breakdown,passes,passes,,,,Club Brugge KV,75.0,,70.3,5.5,76.8,5.2,True,rating-breakdown,True,70.3,5.5,76.8,5.2,pass,True,False,,
1153957,Aleksandar Stanković,15858607,rating-breakdown,passes,passes,,,,Club Brugge KV,75.0,,47,31,75.9,84.1,,rating-breakdown,True,47,31,75.9,84.1,pass,True,False,True,
1153957,Aleksandar Stanković,15858607,rating-breakdown,passes,passes,,,,Club Brugge KV,75.0,,52,32.7,43.7,65.8,True,rating-breakdown,True,52,32.7,43.7,65.8,pass,True,False,,
1153957,Aleksandar Stanković,15858607,rating-breakdown,passes,passes,,,,Club Brugge KV,75.0,,25.3,48.9,35.3,78.6,True,rating-breakdown,True,25.3,48.9,35.3,78.6,pass,True,False,,
1153957,Aleksandar Stanković,15858607,rating-breakdown,passes,passes,,,,Club Brugge KV,75.0,,46.5,32.1,41.2,67,True,rating-breakdown,True,46.5,32.1,41.2,67,pass,True,False,,
1153957,Aleksandar Stanković,15858607,rating-breakdown,passes,passes,,,,Club Brugge KV,75.0,,67.4,56.5,80.8,9.6,True,rating-breakdown,True,67.4,56.5,80.8,9.6,pass,True,False,True,
1153957,Aleksandar Stanković,15858607,rating-breakdown,passes,passes,,,,Club Brugge KV,75.0,,26.6,16,15.7,33.6,True,rating-breakdown,True,26.6,16,15.7,33.6,pass,True,False,,
1153957,Aleksandar Stanković,15858607,rating-breakdown,passes,passes,,,,Club Brugge KV,75.0,,71.1,51.7,90.7,100,,rating-breakdown,True,71.1,51.7,90.7,100,pass,True,False,True,
1153957,Aleksandar Stanković,15858607,rating-breakdown,passes,passes,,,,Club Brugge KV,75.0,,39.5,42.7,39.3,43.2,,rating-breakdown,True,39.5,42.7,39.3,43.2,pass,True,False,,
1153957,Aleksandar Stanković,15858607,rating-breakdown,passes,passes,,,,Club Brugge KV,75.0,,45.7,34.3,29.3,45,True,rating-breakdown,True,45.7,34.3,29.3,45,pass,True,False,,
1153957,Aleksandar Stanković,15858607,rating-breakdown,passes,passes,,,,Club Brugge KV,75.0,,46.4,31.9,42.1,12.4,True,rating-breakdown,True,46.4,31.9,42.1,12.4,pass,True,False,,
1153957,Aleksandar Stanković,15858607,rating-breakdown,passes,passes,,,,Club Brugge KV,75.0,,96.4,35.8,90.6,47.7,True,rating-breakdown,True,96.4,35.8,90.6,47.7,pass,True,False,,
1153957,Aleksandar Stanković,15858607,rating-breakdown,passes,passes,,,,Club Brugge KV,75.0,,57.7,50.7,73.2,46.2,True,rating-breakdown,True,57.7,50.7,73.2,46.2,pass,True,False,,
1153957,Aleksandar Stanković,15858607,rating-breakdown,passes,passes,,,,Club Brugge KV,75.0,,79.3,30.1,77.7,40.8,True,rating-breakdown,True,79.3,30.1,77.7,40.8,pass,True,False,,
1153957,Aleksandar Stanković,15858607,rating-breakdown,passes,passes,,,,Club Brugge KV,75.0,,23,8.2,55.7,17.2,,rating-breakdown,True,23,8.2,55.7,17.2,pass,True,False,True,
1153957,Aleksandar Stanković,15858607,rating-breakdown,passes,passes,,,,Club Brugge KV,75.0,,55.2,6.6,62.9,5.4,True,rating-breakdown,True,55.2,6.6,62.9,5.4,pass,True,False,,
1153957,Aleksandar Stanković,15858607,rating-breakdown,passes,passes,,,,Club Brugge KV,75.0,,43,53.2,53.1,90,True,rating-breakdown,True,43,53.2,53.1,90,pass,True,False,,
1153957,Aleksandar Stanković,15858607,rating-breakdown,passes,passes,,,,Club Brugge KV,75.0,,31.3,31.9,52,17.7,True,rating-breakdown,True,31.3,31.9,52,17.7,pass,True,False,,
1153957,Aleksandar Stanković,15858607,rating-breakdown,passes,passes,,,,Club Brugge KV,75.0,,27,50.1,23.8,23.1,True,rating-breakdown,True,27,50.1,23.8,23.1,pass,True,False,,
1153957,Aleksandar Stanković,15858607,rating-breakdown,passes,passes,,,,Club Brugge KV,75.0,,41.6,28.6,59.2,81,True,rating-breakdown,True,41.6,28.6,59.2,81,pass,True,False,True,
1153957,Aleksandar Stanković,15858607,rating-breakdown,passes,passes,,,,Club Brugge KV,75.0,,77.2,56.1,79.6,47.1,True,rating-breakdown,True,77.2,56.1,79.6,47.1,pass,True,True,,
1153957,Aleksandar Stanković,15858607,rating-breakdown,passes,passes,,,,Club Brugge KV,75.0,,81.6,16.8,86.5,32.2,,rating-breakdown,True,81.6,16.8,86.5,32.2,cross,True,False,,
1153957,Aleksandar Stanković,15858607,rating-breakdown,passes,passes,,,,Club Brugge KV,75.0,,72.6,3.7,79.6,3.4,True,rating-breakdown,True,72.6,3.7,79.6,3.4,pass,True,False,,
1153957,Aleksandar Stanković,15858607,rating-breakdown,passes,passes,,,,Club Brugge KV,75.0,,32.8,67.2,22.3,62.5,True,rating-breakdown,True,32.8,67.2,22.3,62.5,pass,True,False,,
1153957,Aleksandar Stanković,15858607,rating-breakdown,passes,passes,,,,Club Brugge KV,75.0,,60.3,90.1,60.8,95.5,True,rating-breakdown,True,60.3,90.1,60.8,95.5,pass,True,False,,
1153957,Aleksandar Stanković,15858607,rating-breakdown,passes,passes,,,,Club Brugge KV,75.0,,47.6,6.7,62.3,7.6,True,rating-breakdown,True,47.6,6.7,62.3,7.6,pass,True,False,,
1153957,Aleksandar Stanković,15858607,rating-breakdown,passes,passes,,,,Club Brugge KV,75.0,,43.3,34.5,45.3,34.2,,rating-breakdown,True,43.3,34.5,45.3,34.2,pass,True,False,,
1153957,Aleksandar Stanković,15858607,rating-breakdown,passes,passes,,,,Club Brugge KV,75.0,,56.7,41.1,78.1,21.6,,rating-breakdown,True,56.7,41.1,78.1,21.6,pass,True,False,,
1153957,Aleksandar Stanković,15858607,rating-breakdown,passes,passes,,,,Club Brugge KV,75.0,,37.1,70.8,79.4,28.2,,rating-breakdown,True,37.1,70.8,79.4,28.2,pass,True,False,True,
1153957,Aleksandar Stanković,15858607,rating-breakdown,ball-carries,ball-carries,,,,Club Brugge KV,75.0,,75,16.5,70.3,5.5,,rating-breakdown,True,75,16.5,70.3,5.5,ball-carry,True,,,
1153957,Aleksandar Stanković,15858607,rating-breakdown,ball-carries,ball-carries,,,,Club Brugge KV,75.0,,43.1,31.5,47,31,,rating-breakdown,True,43.1,31.5,47,31,ball-carry,True,,,
1153957,Aleksandar Stanković,15858607,rating-breakdown,ball-carries,ball-carries,,,,Club Brugge KV,75.0,,55.1,27.6,52,32.7,,rating-breakdown,True,55.1,27.6,52,32.7,ball-carry,True,,,
1153957,Aleksandar Stanković,15858607,rating-breakdown,ball-carries,ball-carries,,,,Club Brugge KV,75.0,,52,30.9,46.5,32.1,,rating-breakdown,True,52,30.9,46.5,32.1,ball-carry,True,,,
1153957,Aleksandar Stanković,15858607,rating-breakdown,ball-carries,ball-carries,,,,Club Brugge KV,75.0,,66.7,60.9,67.4,56.5,,rating-breakdown,True,66.7,60.9,67.4,56.5,ball-carry,True,,,
1153957,Aleksandar Stanković,15858607,rating-breakdown,ball-carries,ball-carries,,,,Club Brugge KV,75.0,,37.7,42,46.4,31.9,,rating-breakdown,True,37.7,42,46.4,31.9,ball-carry,True,,,
1153957,Aleksandar Stanković,15858607,rating-breakdown,ball-carries,ball-carries,,,,Club Brugge KV,75.0,,48.3,60.9,53.1,54.1,,rating-breakdown,True,48.3,60.9,53.1,54.1,ball-carry,True,,,
1153957,Aleksandar Stanković,15858607,rating-breakdown,ball-carries,ball-carries,,,,Club Brugge KV,75.0,,24,41.4,31.3,31.9,,rating-breakdown,True,24,41.4,31.3,31.9,ball-carry,True,,,
1153957,Aleksandar Stanković,15858607,rating-breakdown,ball-carries,ball-carries,,,,Club Brugge KV,75.0,,30.8,65.1,27,50.1,,rating-breakdown,True,30.8,65.1,27,50.1,ball-carry,True,,,
1153957,Aleksandar Stanković,15858607,rating-breakdown,ball-carries,ball-carries,,,,Club Brugge KV,75.0,,38.2,29.1,41.6,28.6,,rating-breakdown,True,38.2,29.1,41.6,28.6,ball-carry,True,,,
1153957,Aleksandar Stanković,15858607,rating-breakdown,ball-carries,ball-carries,,,,Club Brugge KV,75.0,,85.1,17.4,81.6,16.8,,rating-breakdown,True,85.1,17.4,81.6,16.8,ball-carry,True,,,
1153957,Aleksandar Stanković,15858607,rating-breakdown,ball-carries,ball-carries,,,,Club Brugge KV,75.0,,52.6,42.7,56.7,41.1,,rating-breakdown,True,52.6,42.7,56.7,41.1,ball-carry,True,,,
1153957,Aleksandar Stanković,15858607,rating-breakdown,defensive,defensive,,,,Club Brugge KV,75.0,,8.3,13.9,,,True,rating-breakdown,True,8.3,13.9,,,interception,True,False,,
1153957,Aleksandar Stanković,15858607,rating-breakdown,defensive,defensive,,,,Club Brugge KV,75.0,,26.1,13.6,,,True,rating-breakdown,True,26.1,13.6,,,ball-recovery,True,False,,
1153957,Aleksandar Stanković,15858607,rating-breakdown,defensive,defensive,,,,Club Brugge KV,75.0,,45.7,34.3,,,True,rating-breakdown,True,45.7,34.3,,,ball-recovery,True,False,,
1153957,Aleksandar Stanković,15858607,rating-breakdown,defensive,defensive,,,,Club Brugge KV,75.0,,57.7,50.7,,,True,rating-breakdown,True,57.7,50.7,,,ball-recovery,True,False,,
1153957,Aleksandar Stanković,15858607,rating-breakdown,defensive,defensive,,,,Club Brugge KV,75.0,,69.2,13.5,,,True,rating-breakdown,True,69.2,13.5,,,ball-recovery,True,False,,
1153957,Aleksandar Stanković,15858607,rating-breakdown,defensive,defensive,,,,Club Brugge KV,75.0,,54.2,10.5,,,True,rating-breakdown,True,54.2,10.5,,,ball-recovery,True,False,,
1153957,Aleksandar Stanković,15858607,rating-breakdown,defensive,defensive,,,,Club Brugge KV,75.0,,43,53.2,,,True,rating-breakdown,True,43,53.2,,,ball-recovery,True,False,,
1153957,Aleksandar Stanković,15858607,rating-breakdown,defensive,defensive,,,,Club Brugge KV,75.0,,67.5,5.7,,,True,rating-breakdown,True,67.5,5.7,,,interception,True,False,,
1153957,Aleksandar Stanković,14035839,rating-breakdown,passes,passes,,,,Club Brugge KV,11.0,,52.9,79.3,54.7,91.1,True,rating-breakdown,True,52.9,79.3,54.7,91.1,pass,False,False,,
1153957,Aleksandar Stanković,14035839,rating-breakdown,passes,passes,,,,Club Brugge KV,11.0,,61.2,78.1,68.3,97.2,True,rating-breakdown,True,61.2,78.1,68.3,97.2,pass,False,False,,
1153957,Aleksandar Stanković,14035839,rating-breakdown,passes,passes,,,,Club Brugge KV,11.0,,68.5,92.1,81.1,90,True,rating-breakdown,True,68.5,92.1,81.1,90,pass,False,False,,
1153957,Aleksandar Stanković,14035839,rating-breakdown,passes,passes,,,,Club Brugge KV,11.0,,83.3,95.6,88,73.2,,rating-breakdown,True,83.3,95.6,88,73.2,cross,False,False,,
1153957,Aleksandar Stanković,14035839,rating-breakdown,passes,passes,,,,Club Brugge KV,11.0,,48.4,42.1,61.5,19.5,True,rating-breakdown,True,48.4,42.1,61.5,19.5,pass,False,False,,
1153957,Aleksandar Stanković,14035839,rating-breakdown,passes,passes,,,,Club Brugge KV,11.0,,46.9,43.4,80,95,True,rating-breakdown,True,46.9,43.4,80,95,pass,False,False,True,
1153957,Aleksandar Stanković,14035839,rating-breakdown,passes,passes,,,,Club Brugge KV,11.0,,50.9,44.3,45.6,28.9,True,rating-breakdown,True,50.9,44.3,45.6,28.9,pass,False,False,,
1153957,Aleksandar Stanković,14035839,rating-breakdown,passes,passes,,,,Club Brugge KV,11.0,,60.8,32.4,62.8,12.2,True,rating-breakdown,True,60.8,32.4,62.8,12.2,pass,False,False,,
1153957,Aleksandar Stanković,14035839,rating-breakdown,passes,passes,,,,Club Brugge KV,11.0,,46.9,27.7,52.1,74.1,True,rating-breakdown,True,46.9,27.7,52.1,74.1,pass,False,False,True,
1153957,Aleksandar Stanković,14035839,rating-breakdown,passes,passes,,,,Club Brugge KV,11.0,,37.8,38.6,81.8,46.9,,rating-breakdown,True,37.8,38.6,81.8,46.9,pass,False,False,True,
1153957,Aleksandar Stanković,14035839,rating-breakdown,passes,passes,,,,Club Brugge KV,11.0,,71.9,34.8,93.6,29.4,,rating-breakdown,True,71.9,34.8,93.6,29.4,pass,False,False,,
1153957,Aleksandar Stanković,14035839,rating-breakdown,passes,passes,,,,Club Brugge KV,11.0,,39.1,35.1,69.8,32.4,,rating-breakdown,True,39.1,35.1,69.8,32.4,pass,False,False,True,
1153957,Aleksandar Stanković,14035839,rating-breakdown,defensive,defensive,,,,Club Brugge KV,11.0,,68.5,92.1,,,True,rating-breakdown,True,68.5,92.1,,,ball-recovery,False,False,,
1153957,Aleksandar Stanković,14035839,rating-breakdown,defensive,defensive,,,,Club Brugge KV,11.0,,42.2,73.7,,,,rating-breakdown,True,42.2,73.7,,,tackle,False,False,,
1153957,Aleksandar Stanković,14035839,rating-breakdown,defensive,defensive,,,,Club Brugge KV,11.0,,42.8,31.4,,,True,rating-breakdown,True,42.8,31.4,,,ball-recovery,False,False,,
1153957,Aleksandar Stanković,15858609,rating-breakdown,passes,passes,,,,Club Brugge KV,90.0,,24.1,50.9,28.3,57.7,True,rating-breakdown,True,24.1,50.9,28.3,57.7,pass,False,False,,
1153957,Aleksandar Stanković,15858609,rating-breakdown,passes,passes,,,,Club Brugge KV,90.0,,38,18,65.1,0,,rating-breakdown,True,38,18,65.1,0,pass,False,False,,
1153957,Aleksandar Stanković,15858609,rating-breakdown,passes,passes,,,,Club Brugge KV,90.0,,68.4,22.3,75.8,14.8,,rating-breakdown,True,68.4,22.3,75.8,14.8,pass,False,False,,
1153957,Aleksandar Stanković,15858609,rating-breakdown,passes,passes,,,,Club Brugge KV,90.0,,46.2,50.3,41.5,37.1,True,rating-breakdown,True,46.2,50.3,41.5,37.1,pass,False,False,,
1153957,Aleksandar Stanković,15858609,rating-breakdown,passes,passes,,,,Club Brugge KV,90.0,,45.1,43.5,38.1,34.8,True,rating-breakdown,True,45.1,43.5,38.1,34.8,pass,False,False,,
1153957,Aleksandar Stanković,15858609,rating-breakdown,passes,passes,,,,Club Brugge KV,90.0,,81.4,14.5,81.8,16.5,,rating-breakdown,True,81.4,14.5,81.8,16.5,cross,False,False,,
1153957,Aleksandar Stanković,15858609,rating-breakdown,passes,passes,,,,Club Brugge KV,90.0,,86.7,8.8,84.4,3.2,True,rating-breakdown,True,86.7,8.8,84.4,3.2,pass,False,False,,
1153957,Aleksandar Stanković,15858609,rating-breakdown,passes,passes,,,,Club Brugge KV,90.0,,20.2,56.2,4,44.5,True,rating-breakdown,True,20.2,56.2,4,44.5,pass,False,False,,
1153957,Aleksandar Stanković,15858609,rating-breakdown,passes,passes,,,,Club Brugge KV,90.0,,78.1,23.6,71.2,7.7,True,rating-breakdown,True,78.1,23.6,71.2,7.7,pass,False,False,,
1153957,Aleksandar Stanković,15858609,rating-breakdown,passes,passes,,,,Club Brugge KV,90.0,,65.6,72.7,80.7,93.7,True,rating-breakdown,True,65.6,72.7,80.7,93.7,pass,False,True,,
1153957,Aleksandar Stanković,15858609,rating-breakdown,passes,passes,,,,Club Brugge KV,90.0,,56.3,45,61.8,59.7,,rating-breakdown,True,56.3,45,61.8,59.7,pass,False,False,,
1153957,Aleksandar Stanković,15858609,rating-breakdown,passes,passes,,,,Club Brugge KV,90.0,,46.6,41.5,44,66.2,True,rating-breakdown,True,46.6,41.5,44,66.2,pass,False,False,,
1153957,Aleksandar Stanković,15858609,rating-breakdown,passes,passes,,,,Club Brugge KV,90.0,,73.5,59.3,78.9,48.7,True,rating-breakdown,True,73.5,59.3,78.9,48.7,pass,False,False,,
1153957,Aleksandar Stanković,15858609,rating-breakdown,passes,passes,,,,Club Brugge KV,90.0,,54.8,41.5,46.7,51.2,True,rating-breakdown,True,54.8,41.5,46.7,51.2,pass,False,False,,
1153957,Aleksandar Stanković,15858609,rating-breakdown,passes,passes,,,,Club Brugge KV,90.0,,64.9,32.3,75.4,87.9,True,rating-breakdown,True,64.9,32.3,75.4,87.9,pass,False,False,True,
1153957,Aleksandar Stanković,15858609,rating-breakdown,passes,passes,,,,Club Brugge KV,90.0,,60.4,45.6,55.6,12.7,True,rating-breakdown,True,60.4,45.6,55.6,12.7,pass,False,False,,
1153957,Aleksandar Stanković,15858609,rating-breakdown,passes,passes,,,,Club Brugge KV,90.0,,37.3,29.1,37.5,42.7,True,rating-breakdown,True,37.3,29.1,37.5,42.7,pass,False,False,,
1153957,Aleksandar Stanković,15858609,rating-breakdown,passes,passes,,,,Club Brugge KV,90.0,,30.5,44.5,22.3,33.9,True,rating-breakdown,True,30.5,44.5,22.3,33.9,pass,False,False,,
1153957,Aleksandar Stanković,15858609,rating-breakdown,passes,passes,,,,Club Brugge KV,90.0,,39.5,18.8,45.1,29.2,True,rating-breakdown,True,39.5,18.8,45.1,29.2,pass,False,False,,
1153957,Aleksandar Stanković,15858609,rating-breakdown,passes,passes,,,,Club Brugge KV,90.0,,46,20.3,22.9,37.9,True,rating-breakdown,True,46,20.3,22.9,37.9,pass,False,False,,
1153957,Aleksandar Stanković,15858609,rating-breakdown,passes,passes,,,,Club Brugge KV,90.0,,28.4,39.8,34.6,32.6,True,rating-breakdown,True,28.4,39.8,34.6,32.6,pass,False,False,,
1153957,Aleksandar Stanković,15858609,rating-breakdown,passes,passes,,,,Club Brugge KV,90.0,,24,27.1,3.3,36.2,True,rating-breakdown,True,24,27.1,3.3,36.2,pass,False,False,,
1153957,Aleksandar Stanković,15858609,rating-breakdown,passes,passes,,,,Club Brugge KV,90.0,,26.4,47.3,17.9,29.1,True,rating-breakdown,True,26.4,47.3,17.9,29.1,pass,False,False,,
1153957,Aleksandar Stanković,15858609,rating-breakdown,passes,passes,,,,Club Brugge KV,90.0,,52,58.5,57.6,75.8,True,rating-breakdown,True,52,58.5,57.6,75.8,pass,False,False,,
1153957,Aleksandar Stanković,15858609,rating-breakdown,passes,passes,,,,Club Brugge KV,90.0,,52.4,80.3,53.7,60.8,True,rating-breakdown,True,52.4,80.3,53.7,60.8,pass,False,False,,
1153957,Aleksandar Stanković,15858609,rating-breakdown,passes,passes,,,,Club Brugge KV,90.0,,52.4,70,43.3,63,True,rating-breakdown,True,52.4,70,43.3,63,pass,False,False,,
1153957,Aleksandar Stanković,15858609,rating-breakdown,passes,passes,,,,Club Brugge KV,90.0,,26.4,37.9,23.6,49.7,True,rating-breakdown,True,26.4,37.9,23.6,49.7,pass,False,False,,
1153957,Aleksandar Stanković,15858609,rating-breakdown,passes,passes,,,,Club Brugge KV,90.0,,39.2,64.9,33.9,75.2,True,rating-breakdown,True,39.2,64.9,33.9,75.2,pass,False,False,,
1153957,Aleksandar Stanković,15858609,rating-breakdown,passes,passes,,,,Club Brugge KV,90.0,,32.2,57.7,34.5,42.3,True,rating-breakdown,True,32.2,57.7,34.5,42.3,pass,False,False,,
1153957,Aleksandar Stanković,15858609,rating-breakdown,passes,passes,,,,Club Brugge KV,90.0,,38.5,61.8,43.5,77,True,rating-breakdown,True,38.5,61.8,43.5,77,pass,False,False,,
1153957,Aleksandar Stanković,15858609,rating-breakdown,passes,passes,,,,Club Brugge KV,90.0,,39.5,64.3,46,46.7,True,rating-breakdown,True,39.5,64.3,46,46.7,pass,False,False,,
1153957,Aleksandar Stanković,15858609,rating-breakdown,passes,passes,,,,Club Brugge KV,90.0,,30,87.4,32.4,81.7,,rating-breakdown,True,30,87.4,32.4,81.7,pass,False,False,,
1153957,Aleksandar Stanković,15858609,rating-breakdown,passes,passes,,,,Club Brugge KV,90.0,,24,13.5,33.8,21.2,,rating-breakdown,True,24,13.5,33.8,21.2,pass,False,False,,
1153957,Aleksandar Stanković,15858609,rating-breakdown,passes,passes,,,,Club Brugge KV,90.0,,22,14.5,26.9,16.5,True,rating-breakdown,True,22,14.5,26.9,16.5,pass,False,False,,
1153957,Aleksandar Stanković,15858609,rating-breakdown,passes,passes,,,,Club Brugge KV,90.0,,29.6,40.4,34.9,45.9,True,rating-breakdown,True,29.6,40.4,34.9,45.9,pass,False,False,,
1153957,Aleksandar Stanković,15858609,rating-breakdown,passes,passes,,,,Club Brugge KV,90.0,,30,42.4,71.1,84.4,,rating-breakdown,True,30,42.4,71.1,84.4,pass,False,False,True,
1153957,Aleksandar Stanković,15858609,rating-breakdown,passes,passes,,,,Club Brugge KV,90.0,,25.8,41.4,28.3,64.1,True,rating-breakdown,True,25.8,41.4,28.3,64.1,pass,False,False,,
1153957,Aleksandar Stanković,15858609,rating-breakdown,passes,passes,,,,Club Brugge KV,90.0,,28.5,56.8,26.2,42.3,True,rating-breakdown,True,28.5,56.8,26.2,42.3,pass,False,False,,
1153957,Aleksandar Stanković,15858609,rating-breakdown,passes,passes,,,,Club Brugge KV,90.0,,36.8,44.5,36.1,24.2,True,rating-breakdown,True,36.8,44.5,36.1,24.2,pass,False,False,,
1153957,Aleksandar Stanković,15858609,rating-breakdown,passes,passes,,,,Club Brugge KV,90.0,,85.4,43.3,79.4,30.9,True,rating-breakdown,True,85.4,43.3,79.4,30.9,pass,False,False,,
1153957,Aleksandar Stanković,15858609,rating-breakdown,passes,passes,,,,Club Brugge KV,90.0,,43.3,95.8,18.5,64.6,True,rating-breakdown,True,43.3,95.8,18.5,64.6,pass,False,False,True,
1153957,Aleksandar Stanković,15858609,rating-breakdown,passes,passes,,,,Club Brugge KV,90.0,,18.2,10.4,43.5,16,,rating-breakdown,True,18.2,10.4,43.5,16,pass,False,False,True,
1153957,Aleksandar Stanković,15858609,rating-breakdown,ball-carries,ball-carries,,,,Club Brugge KV,90.0,,25,44.4,24.1,50.9,,rating-breakdown,True,25,44.4,24.1,50.9,ball-carry,False,,,
1153957,Aleksandar Stanković,15858609,rating-breakdown,ball-carries,ball-carries,,,,Club Brugge KV,90.0,,73.3,14.7,81.4,14.5,,rating-breakdown,True,73.3,14.7,81.4,14.5,ball-carry,False,,,
1153957,Aleksandar Stanković,15858609,rating-breakdown,ball-carries,ball-carries,,,,Club Brugge KV,90.0,,46.1,72.1,65.6,72.7,,rating-breakdown,True,46.1,72.1,65.6,72.7,ball-carry,False,,,
1153957,Aleksandar Stanković,15858609,rating-breakdown,ball-carries,ball-carries,,,,Club Brugge KV,90.0,,72,53,71.5,48.5,,rating-breakdown,True,72,53,71.5,48.5,ball-carry,False,,,
1153957,Aleksandar Stanković,15858609,rating-breakdown,ball-carries,ball-carries,,,,Club Brugge KV,90.0,,45.8,36.4,46.6,41.5,,rating-breakdown,True,45.8,36.4,46.6,41.5,ball-carry,False,,,
1153957,Aleksandar Stanković,15858609,rating-breakdown,ball-carries,ball-carries,,,,Club Brugge KV,90.0,,61.6,51.1,60.4,45.6,,rating-breakdown,True,61.6,51.1,60.4,45.6,ball-carry,False,,,
1153957,Aleksandar Stanković,15858609,rating-breakdown,ball-carries,ball-carries,,,,Club Brugge KV,90.0,,36.3,43,30.5,44.5,,rating-breakdown,True,36.3,43,30.5,44.5,ball-carry,False,,,
1153957,Aleksandar Stanković,15858609,rating-breakdown,ball-carries,ball-carries,,,,Club Brugge KV,90.0,,53.7,85.5,52.4,80.3,,rating-breakdown,True,53.7,85.5,52.4,80.3,ball-carry,False,,,
1153957,Aleksandar Stanković,15858609,rating-breakdown,ball-carries,ball-carries,,,,Club Brugge KV,90.0,,31.9,54.5,28.5,56.8,,rating-breakdown,True,31.9,54.5,28.5,56.8,ball-carry,False,,,
1153957,Aleksandar Stanković,15858609,rating-breakdown,ball-carries,ball-carries,,,,Club Brugge KV,90.0,,33.5,54.9,36.8,44.5,,rating-breakdown,True,33.5,54.9,36.8,44.5,ball-carry,False,,,
1153957,Aleksandar Stanković,15858609,rating-breakdown,defensive,defensive,,,,Club Brugge KV,90.0,,56.3,45,,,True,rating-breakdown,True,56.3,45,,,ball-recovery,False,False,,
1153957,Aleksandar Stanković,15858609,rating-breakdown,defensive,defensive,,,,Club Brugge KV,90.0,,73.1,59.7,,,True,rating-breakdown,True,73.1,59.7,,,ball-recovery,False,False,,
1153957,Aleksandar Stanković,15858609,rating-breakdown,defensive,defensive,,,,Club Brugge KV,90.0,,8.2,17.4,33,47.4,True,rating-breakdown,True,8.2,17.4,33,47.4,clearance,False,False,,
1153957,Aleksandar Stanković,15858609,rating-breakdown,defensive,defensive,,,,Club Brugge KV,90.0,,10,39.8,10.8,35.4,True,rating-breakdown,True,10,39.8,10.8,35.4,clearance,False,False,,
1153957,Aleksandar Stanković,15858609,rating-breakdown,defensive,defensive,,,,Club Brugge KV,90.0,,46,20.3,,,True,rating-breakdown,True,46,20.3,,,ball-recovery,False,False,,
1153957,Aleksandar Stanković,15858609,rating-breakdown,defensive,defensive,,,,Club Brugge KV,90.0,,24,27.1,,,True,rating-breakdown,True,24,27.1,,,ball-recovery,False,False,,
1153957,Aleksandar Stanković,15858609,rating-breakdown,defensive,defensive,,,,Club Brugge KV,90.0,,45.2,14.7,54.1,0,True,rating-breakdown,True,45.2,14.7,54.1,0,clearance,False,False,,
1153957,Aleksandar Stanković,15858609,rating-breakdown,defensive,defensive,,,,Club Brugge KV,90.0,,28,87.8,,,True,rating-breakdown,True,28,87.8,,,tackle,False,False,,
1153957,Aleksandar Stanković,15858609,rating-breakdown,defensive,defensive,,,,Club Brugge KV,90.0,,71,5.6,,,True,rating-breakdown,True,71,5.6,,,interception,False,False,,
1153957,Aleksandar Stanković,14035843,rating-breakdown,passes,passes,,,,Club Brugge KV,72.0,,34.8,19.6,25.3,16.9,True,rating-breakdown,True,34.8,19.6,25.3,16.9,pass,True,False,,
1153957,Aleksandar Stanković,14035843,rating-breakdown,passes,passes,,,,Club Brugge KV,72.0,,30.3,9.2,21.9,40.5,True,rating-breakdown,True,30.3,9.2,21.9,40.5,pass,True,False,,
1153957,Aleksandar Stanković,14035843,rating-breakdown,passes,passes,,,,Club Brugge KV,72.0,,46.5,29.4,80.4,96.3,True,rating-breakdown,True,46.5,29.4,80.4,96.3,pass,True,False,True,
1153957,Aleksandar Stanković,14035843,rating-breakdown,passes,passes,,,,Club Brugge KV,72.0,,35.5,44.9,36.5,14.6,True,rating-breakdown,True,35.5,44.9,36.5,14.6,pass,True,False,,
1153957,Aleksandar Stanković,14035843,rating-breakdown,passes,passes,,,,Club Brugge KV,72.0,,41,43.8,45.8,83.7,True,rating-breakdown,True,41,43.8,45.8,83.7,pass,True,False,,
1153957,Aleksandar Stanković,14035843,rating-breakdown,passes,passes,,,,Club Brugge KV,72.0,,44.2,69.2,48.1,34.1,True,rating-breakdown,True,44.2,69.2,48.1,34.1,pass,True,False,,
1153957,Aleksandar Stanković,14035843,rating-breakdown,passes,passes,,,,Club Brugge KV,72.0,,53.9,55.7,64.9,89,True,rating-breakdown,True,53.9,55.7,64.9,89,pass,True,False,,
1153957,Aleksandar Stanković,14035843,rating-breakdown,passes,passes,,,,Club Brugge KV,72.0,,14.4,58.3,9.8,74.4,True,rating-breakdown,True,14.4,58.3,9.8,74.4,pass,True,False,,
1153957,Aleksandar Stanković,14035843,rating-breakdown,passes,passes,,,,Club Brugge KV,72.0,,36.8,67.9,39.7,91.8,True,rating-breakdown,True,36.8,67.9,39.7,91.8,pass,True,False,,
1153957,Aleksandar Stanković,14035843,rating-breakdown,passes,passes,,,,Club Brugge KV,72.0,,32.8,64.1,35.1,78,True,rating-breakdown,True,32.8,64.1,35.1,78,pass,True,False,,
1153957,Aleksandar Stanković,14035843,rating-breakdown,passes,passes,,,,Club Brugge KV,72.0,,36.2,45,36.2,30.3,True,rating-breakdown,True,36.2,45,36.2,30.3,pass,True,False,,
1153957,Aleksandar Stanković,14035843,rating-breakdown,passes,passes,,,,Club Brugge KV,72.0,,32.9,51.1,32.3,93.2,True,rating-breakdown,True,32.9,51.1,32.3,93.2,pass,True,False,,
1153957,Aleksandar Stanković,14035843,rating-breakdown,passes,passes,,,,Club Brugge KV,72.0,,31.3,41.1,34.9,28.2,True,rating-breakdown,True,31.3,41.1,34.9,28.2,pass,True,False,,
1153957,Aleksandar Stanković,14035843,rating-breakdown,passes,passes,,,,Club Brugge KV,72.0,,68.6,9.6,77.4,39.9,,rating-breakdown,True,68.6,9.6,77.4,39.9,pass,True,False,True,
1153957,Aleksandar Stanković,14035843,rating-breakdown,passes,passes,,,,Club Brugge KV,72.0,,26.6,64.1,23.4,76.8,True,rating-breakdown,True,26.6,64.1,23.4,76.8,pass,True,False,,
1153957,Aleksandar Stanković,14035843,rating-breakdown,passes,passes,,,,Club Brugge KV,72.0,,54.2,44.1,53,47.7,True,rating-breakdown,True,54.2,44.1,53,47.7,pass,True,False,,
1153957,Aleksandar Stanković,14035843,rating-breakdown,passes,passes,,,,Club Brugge KV,72.0,,30.3,9.4,67.8,29.9,,rating-breakdown,True,30.3,9.4,67.8,29.9,pass,True,False,True,
1153957,Aleksandar Stanković,14035843,rating-breakdown,passes,passes,,,,Club Brugge KV,72.0,,62.1,8.4,70.5,39.5,True,rating-breakdown,True,62.1,8.4,70.5,39.5,pass,True,False,,
1153957,Aleksandar Stanković,14035843,rating-breakdown,passes,passes,,,,Club Brugge KV,72.0,,69.2,12.5,79.2,3.7,True,rating-breakdown,True,69.2,12.5,79.2,3.7,pass,True,False,,
1153957,Aleksandar Stanković,14035843,rating-breakdown,passes,passes,,,,Club Brugge KV,72.0,,44.9,44.9,57.2,73.9,True,rating-breakdown,True,44.9,44.9,57.2,73.9,pass,True,False,,
1153957,Aleksandar Stanković,14035843,rating-breakdown,passes,passes,,,,Club Brugge KV,72.0,,49.4,74.8,71.4,96.1,True,rating-breakdown,True,49.4,74.8,71.4,96.1,pass,True,False,,
1153957,Aleksandar Stanković,14035843,rating-breakdown,passes,passes,,,,Club Brugge KV,72.0,,54.2,61.6,62.8,32,True,rating-breakdown,True,54.2,61.6,62.8,32,pass,True,False,,
1153957,Aleksandar Stanković,14035843,rating-breakdown,passes,passes,,,,Club Brugge KV,72.0,,35.3,31.9,40.4,81.9,True,rating-breakdown,True,35.3,31.9,40.4,81.9,pass,True,False,True,
1153957,Aleksandar Stanković,14035843,rating-breakdown,passes,passes,,,,Club Brugge KV,72.0,,61,33.1,68.9,84.3,True,rating-breakdown,True,61,33.1,68.9,84.3,pass,True,False,True,
1153957,Aleksandar Stanković,14035843,rating-breakdown,passes,passes,,,,Club Brugge KV,72.0,,43.4,61,27.3,59.2,True,rating-breakdown,True,43.4,61,27.3,59.2,pass,True,False,,
1153957,Aleksandar Stanković,14035843,rating-breakdown,passes,passes,,,,Club Brugge KV,72.0,,55,70.6,60.5,92.6,True,rating-breakdown,True,55,70.6,60.5,92.6,pass,True,False,,
1153957,Aleksandar Stanković,14035843,rating-breakdown,passes,passes,,,,Club Brugge KV,72.0,,31.8,53.6,24.6,49.5,True,rating-breakdown,True,31.8,53.6,24.6,49.5,pass,True,False,,
1153957,Aleksandar Stanković,14035843,rating-breakdown,passes,passes,,,,Club Brugge KV,72.0,,55.6,30.1,71.2,63.2,True,rating-breakdown,True,55.6,30.1,71.2,63.2,pass,True,False,,
1153957,Aleksandar Stanković,14035843,rating-breakdown,passes,passes,,,,Club Brugge KV,72.0,,71.1,70,83.2,89.3,True,rating-breakdown,True,71.1,70,83.2,89.3,pass,True,False,,
1153957,Aleksandar Stanković,14035843,rating-breakdown,passes,passes,,,,Club Brugge KV,72.0,,71,84,66.9,59.8,True,rating-breakdown,True,71,84,66.9,59.8,pass,True,False,,
1153957,Aleksandar Stanković,14035843,rating-breakdown,passes,passes,,,,Club Brugge KV,72.0,,41.1,71.8,45.7,37.8,True,rating-breakdown,True,41.1,71.8,45.7,37.8,pass,True,False,,
1153957,Aleksandar Stanković,14035843,rating-breakdown,passes,passes,,,,Club Brugge KV,72.0,,34.9,48,39.5,22.9,True,rating-breakdown,True,34.9,48,39.5,22.9,pass,True,False,,
1153957,Aleksandar Stanković,14035843,rating-breakdown,passes,passes,,,,Club Brugge KV,72.0,,60.1,19.2,92.2,89.9,True,rating-breakdown,True,60.1,19.2,92.2,89.9,pass,True,False,True,
1153957,Aleksandar Stanković,14035843,rating-breakdown,passes,passes,,,,Club Brugge KV,72.0,,40.3,78.9,58.5,80.1,,rating-breakdown,True,40.3,78.9,58.5,80.1,pass,True,False,,
1153957,Aleksandar Stanković,14035843,rating-breakdown,passes,passes,,,,Club Brugge KV,72.0,,61.5,72.6,71.1,95,True,rating-breakdown,True,61.5,72.6,71.1,95,pass,True,False,,
1153957,Aleksandar Stanković,14035843,rating-breakdown,passes,passes,,,,Club Brugge KV,72.0,,36.4,43.6,39.5,72.2,True,rating-breakdown,True,36.4,43.6,39.5,72.2,pass,True,False,,
1153957,Aleksandar Stanković,14035843,rating-breakdown,passes,passes,,,,Club Brugge KV,72.0,,40.9,35,41.7,24.8,,rating-breakdown,True,40.9,35,41.7,24.8,pass,True,False,,
1153957,Aleksandar Stanković,14035843,rating-breakdown,passes,passes,,,,Club Brugge KV,72.0,,32.5,52.8,7.8,51.8,True,rating-breakdown,True,32.5,52.8,7.8,51.8,pass,True,False,,
1153957,Aleksandar Stanković,14035843,rating-breakdown,passes,passes,,,,Club Brugge KV,72.0,,37.9,83.9,88.1,85.7,,rating-breakdown,True,37.9,83.9,88.1,85.7,pass,True,False,True,
1153957,Aleksandar Stanković,14035843,rating-breakdown,defensive,defensive,,,,Club Brugge KV,72.0,,7.4,41.3,4.9,0,True,rating-breakdown,True,7.4,41.3,4.9,0,clearance,True,False,,
1153957,Aleksandar Stanković,14035843,rating-breakdown,defensive,defensive,,,,Club Brugge KV,72.0,,70.4,52,,,True,rating-breakdown,True,70.4,52,,,tackle,True,False,,
1153957,Aleksandar Stanković,14035843,rating-breakdown,defensive,defensive,,,,Club Brugge KV,72.0,,57.2,71.8,,,,rating-breakdown,True,57.2,71.8,,,tackle,True,False,,
1153957,Aleksandar Stanković,14035843,rating-breakdown,defensive,defensive,,,,Club Brugge KV,72.0,,24.1,67.4,31.4,68,True,rating-breakdown,True,24.1,67.4,31.4,68,clearance,True,False,,
1153957,Aleksandar Stanković,14035843,rating-breakdown,defensive,defensive,,,,Club Brugge KV,72.0,,28.2,60.9,,,True,rating-breakdown,True,28.2,60.9,,,ball-recovery,True,False,,
1153957,Aleksandar Stanković,14035843,rating-breakdown,defensive,defensive,,,,Club Brugge KV,72.0,,35.1,66.5,,,True,rating-breakdown,True,35.1,66.5,,,ball-recovery,True,False,,
1153957,Aleksandar Stanković,14035843,rating-breakdown,defensive,defensive,,,,Club Brugge KV,72.0,,32.3,52.5,,,True,rating-breakdown,True,32.3,52.5,,,ball-recovery,True,False,,
1153957,Aleksandar Stanković,15858580,rating-breakdown,passes,passes,,,,Club Brugge KV,90.0,,37.2,68.2,62.6,42.1,,rating-breakdown,True,37.2,68.2,62.6,42.1,pass,False,False,True,
1153957,Aleksandar Stanković,15858580,rating-breakdown,passes,passes,,,,Club Brugge KV,90.0,,46.8,17.6,30.4,34.2,True,rating-breakdown,True,46.8,17.6,30.4,34.2,pass,False,False,,
1153957,Aleksandar Stanković,15858580,rating-breakdown,passes,passes,,,,Club Brugge KV,90.0,,22.5,41.8,34.3,49.9,True,rating-breakdown,True,22.5,41.8,34.3,49.9,pass,False,False,,
1153957,Aleksandar Stanković,15858580,rating-breakdown,passes,passes,,,,Club Brugge KV,90.0,,57.6,31.1,62.5,31.9,,rating-breakdown,True,57.6,31.1,62.5,31.9,pass,False,False,,
1153957,Aleksandar Stanković,15858580,rating-breakdown,passes,passes,,,,Club Brugge KV,90.0,,55,72.2,33.3,69.5,True,rating-breakdown,True,55,72.2,33.3,69.5,pass,False,False,,
1153957,Aleksandar Stanković,15858580,rating-breakdown,passes,passes,,,,Club Brugge KV,90.0,,69.9,17.4,61.1,6.4,True,rating-breakdown,True,69.9,17.4,61.1,6.4,pass,False,False,,
1153957,Aleksandar Stanković,15858580,rating-breakdown,passes,passes,,,,Club Brugge KV,90.0,,4.2,10.4,34.5,23.7,True,rating-breakdown,True,4.2,10.4,34.5,23.7,pass,False,False,True,
1153957,Aleksandar Stanković,15858580,rating-breakdown,passes,passes,,,,Club Brugge KV,90.0,,22.8,17.6,31.6,25.6,True,rating-breakdown,True,22.8,17.6,31.6,25.6,pass,False,False,,
1153957,Aleksandar Stanković,15858580,rating-breakdown,passes,passes,,,,Club Brugge KV,90.0,,22.1,65.1,31.4,84.7,True,rating-breakdown,True,22.1,65.1,31.4,84.7,pass,False,False,,
1153957,Aleksandar Stanković,15858580,rating-breakdown,passes,passes,,,,Club Brugge KV,90.0,,26,65.8,36.5,62.9,True,rating-breakdown,True,26,65.8,36.5,62.9,pass,False,False,,
1153957,Aleksandar Stanković,15858580,rating-breakdown,passes,passes,,,,Club Brugge KV,90.0,,29.6,65.8,38.3,89.4,True,rating-breakdown,True,29.6,65.8,38.3,89.4,pass,False,False,,
1153957,Aleksandar Stanković,15858580,rating-breakdown,passes,passes,,,,Club Brugge KV,90.0,,26.3,69.4,13.8,42.5,True,rating-breakdown,True,26.3,69.4,13.8,42.5,pass,False,False,,
1153957,Aleksandar Stanković,15858580,rating-breakdown,passes,passes,,,,Club Brugge KV,90.0,,34.6,63.9,31.2,77.5,True,rating-breakdown,True,34.6,63.9,31.2,77.5,pass,False,False,,
1153957,Aleksandar Stanković,15858580,rating-breakdown,passes,passes,,,,Club Brugge KV,90.0,,29.4,46.4,36.9,48.5,,rating-breakdown,True,29.4,46.4,36.9,48.5,pass,False,False,,
1153957,Aleksandar Stanković,15858580,rating-breakdown,passes,passes,,,,Club Brugge KV,90.0,,46,25.3,54,31.6,,rating-breakdown,True,46,25.3,54,31.6,pass,False,False,,
1153957,Aleksandar Stanković,15858580,rating-breakdown,passes,passes,,,,Club Brugge KV,90.0,,53.9,29.8,66.8,71.4,,rating-breakdown,True,53.9,29.8,66.8,71.4,pass,False,False,,
1153957,Aleksandar Stanković,15858580,rating-breakdown,passes,passes,,,,Club Brugge KV,90.0,,53.2,89.1,37.8,66.4,True,rating-breakdown,True,53.2,89.1,37.8,66.4,pass,False,False,,
1153957,Aleksandar Stanković,15858580,rating-breakdown,passes,passes,,,,Club Brugge KV,90.0,,32.5,34.9,27.5,27.1,True,rating-breakdown,True,32.5,34.9,27.5,27.1,pass,False,False,,
1153957,Aleksandar Stanković,15858580,rating-breakdown,passes,passes,,,,Club Brugge KV,90.0,,62.8,67.2,77.7,4.4,True,rating-breakdown,True,62.8,67.2,77.7,4.4,pass,False,False,True,
1153957,Aleksandar Stanković,15858580,rating-breakdown,passes,passes,,,,Club Brugge KV,90.0,,24.7,25,19.8,14.6,True,rating-breakdown,True,24.7,25,19.8,14.6,pass,False,False,,
1153957,Aleksandar Stanković,15858580,rating-breakdown,passes,passes,,,,Club Brugge KV,90.0,,52.3,42.1,53.8,54.8,True,rating-breakdown,True,52.3,42.1,53.8,54.8,pass,False,False,,
1153957,Aleksandar Stanković,15858580,rating-breakdown,passes,passes,,,,Club Brugge KV,90.0,,28.6,23.9,31.6,17.9,True,rating-breakdown,True,28.6,23.9,31.6,17.9,pass,False,False,,
1153957,Aleksandar Stanković,15858580,rating-breakdown,passes,passes,,,,Club Brugge KV,90.0,,61.2,26.1,51,50.6,True,rating-breakdown,True,61.2,26.1,51,50.6,pass,False,False,,
1153957,Aleksandar Stanković,15858580,rating-breakdown,passes,passes,,,,Club Brugge KV,90.0,,64.2,72.1,57.5,31.9,True,rating-breakdown,True,64.2,72.1,57.5,31.9,pass,False,False,,
1153957,Aleksandar Stanković,15858580,rating-breakdown,passes,passes,,,,Club Brugge KV,90.0,,74.6,10.7,73.2,6.4,True,rating-breakdown,True,74.6,10.7,73.2,6.4,pass,False,False,,
1153957,Aleksandar Stanković,15858580,rating-breakdown,passes,passes,,,,Club Brugge KV,90.0,,73.6,41.2,84.8,24.7,True,rating-breakdown,True,73.6,41.2,84.8,24.7,pass,False,False,,
1153957,Aleksandar Stanković,15858580,rating-breakdown,passes,passes,,,,Club Brugge KV,90.0,,82.8,20.6,77.6,33.1,True,rating-breakdown,True,82.8,20.6,77.6,33.1,pass,False,False,,
1153957,Aleksandar Stanković,15858580,rating-breakdown,passes,passes,,,,Club Brugge KV,90.0,,29.3,56.8,44.9,25.6,,rating-breakdown,True,29.3,56.8,44.9,25.6,pass,False,False,,
1153957,Aleksandar Stanković,15858580,rating-breakdown,passes,passes,,,,Club Brugge KV,90.0,,28.1,45.4,39.9,35.7,True,rating-breakdown,True,28.1,45.4,39.9,35.7,pass,False,False,,
1153957,Aleksandar Stanković,15858580,rating-breakdown,passes,passes,,,,Club Brugge KV,90.0,,48.7,27,45.4,35.1,True,rating-breakdown,True,48.7,27,45.4,35.1,pass,False,False,,
1153957,Aleksandar Stanković,15858580,rating-breakdown,passes,passes,,,,Club Brugge KV,90.0,,26.1,43.7,37.2,44.2,True,rating-breakdown,True,26.1,43.7,37.2,44.2,pass,False,False,,
1153957,Aleksandar Stanković,15858580,rating-breakdown,passes,passes,,,,Club Brugge KV,90.0,,24.5,67,14.8,50.6,True,rating-breakdown,True,24.5,67,14.8,50.6,pass,False,False,,
1153957,Aleksandar Stanković,15858580,rating-breakdown,passes,passes,,,,Club Brugge KV,90.0,,55.4,12.2,85.3,21.5,,rating-breakdown,True,55.4,12.2,85.3,21.5,pass,False,False,True,
1153957,Aleksandar Stanković,15858580,rating-breakdown,passes,passes,,,,Club Brugge KV,90.0,,39.9,43,43.9,30,True,rating-breakdown,True,39.9,43,43.9,30,pass,False,False,,
1153957,Aleksandar Stanković,15858580,rating-breakdown,passes,passes,,,,Club Brugge KV,90.0,,67,52.4,74.9,73.5,,rating-breakdown,True,67,52.4,74.9,73.5,pass,False,False,,
1153957,Aleksandar Stanković,15858580,rating-breakdown,passes,passes,,,,Club Brugge KV,90.0,,78.5,56.7,85.2,64.9,,rating-breakdown,True,78.5,56.7,85.2,64.9,pass,False,False,,
1153957,Aleksandar Stanković,15858580,rating-breakdown,passes,passes,,,,Club Brugge KV,90.0,,66,10.6,74.5,6.2,True,rating-breakdown,True,66,10.6,74.5,6.2,pass,False,False,,
1153957,Aleksandar Stanković,15858580,rating-breakdown,passes,passes,,,,Club Brugge KV,90.0,,74.4,13.5,70.1,9.4,True,rating-breakdown,True,74.4,13.5,70.1,9.4,pass,False,False,,
1153957,Aleksandar Stanković,15858580,rating-breakdown,passes,passes,,,,Club Brugge KV,90.0,,54.9,42.4,44.9,37.3,True,rating-breakdown,True,54.9,42.4,44.9,37.3,pass,False,False,,
1153957,Aleksandar Stanković,15858580,rating-breakdown,ball-carries,ball-carries,,,,Club Brugge KV,90.0,,26,15.3,30.4,7.4,,rating-breakdown,True,26,15.3,30.4,7.4,ball-carry,False,,,
1153957,Aleksandar Stanković,15858580,rating-breakdown,ball-carries,ball-carries,,,,Club Brugge KV,90.0,,68.9,10.1,72.2,11.3,,rating-breakdown,True,68.9,10.1,72.2,11.3,ball-carry,False,,,
1153957,Aleksandar Stanković,15858580,rating-breakdown,ball-carries,ball-carries,,,,Club Brugge KV,90.0,,25.1,50.1,22.1,65.1,,rating-breakdown,True,25.1,50.1,22.1,65.1,ball-carry,False,,,
1153957,Aleksandar Stanković,15858580,rating-breakdown,ball-carries,ball-carries,,,,Club Brugge KV,90.0,,27.2,55.2,34.6,63.9,,rating-breakdown,True,27.2,55.2,34.6,63.9,ball-carry,False,,,
1153957,Aleksandar Stanković,15858580,rating-breakdown,ball-carries,ball-carries,,,,Club Brugge KV,90.0,,31.5,48.4,32.5,34.9,,rating-breakdown,True,31.5,48.4,32.5,34.9,ball-carry,False,,,
1153957,Aleksandar Stanković,15858580,rating-breakdown,ball-carries,ball-carries,,,,Club Brugge KV,90.0,,55,54,54.1,43.8,,rating-breakdown,True,55,54,54.1,43.8,ball-carry,False,,,
1153957,Aleksandar Stanković,15858580,rating-breakdown,ball-carries,ball-carries,,,,Club Brugge KV,90.0,,67,22.1,61.2,26.1,,rating-breakdown,True,67,22.1,61.2,26.1,ball-carry,False,,,
1153957,Aleksandar Stanković,15858580,rating-breakdown,ball-carries,ball-carries,,,,Club Brugge KV,90.0,,51.9,12.9,55.4,12.2,,rating-breakdown,True,51.9,12.9,55.4,12.2,ball-carry,False,,,
1153957,Aleksandar Stanković,15858580,rating-breakdown,ball-carries,ball-carries,,,,Club Brugge KV,90.0,,38.9,52.7,39.9,43,,rating-breakdown,True,38.9,52.7,39.9,43,ball-carry,False,,,
1153957,Aleksandar Stanković,15858580,rating-breakdown,dribbles,dribbles,,,,Club Brugge KV,90.0,,30.1,4.9,,,,rating-breakdown,True,30.1,4.9,,,dribble,False,False,,
1153957,Aleksandar Stanković,15858580,rating-breakdown,defensive,defensive,,,,Club Brugge KV,90.0,,29.7,8.2,,,True,rating-breakdown,True,29.7,8.2,,,tackle,False,False,,
1153957,Aleksandar Stanković,15858580,rating-breakdown,defensive,defensive,,,,Club Brugge KV,90.0,,4.2,10.4,,,True,rating-breakdown,True,4.2,10.4,,,ball-recovery,False,False,,
1153957,Aleksandar Stanković,15858580,rating-breakdown,defensive,defensive,,,,Club Brugge KV,90.0,,54.1,43.8,,,True,rating-breakdown,True,54.1,43.8,,,ball-recovery,False,False,,
1153957,Aleksandar Stanković,15858580,rating-breakdown,defensive,defensive,,,,Club Brugge KV,90.0,,12.9,40.1,,,True,rating-breakdown,True,12.9,40.1,,,block,False,False,,
1153957,Aleksandar Stanković,15858580,rating-breakdown,defensive,defensive,,,,Club Brugge KV,90.0,,7.1,54.3,0,75.3,True,rating-breakdown,True,7.1,54.3,0,75.3,clearance,False,False,,
1153957,Aleksandar Stanković,15858580,rating-breakdown,defensive,defensive,,,,Club Brugge KV,90.0,,26.1,43.7,,,True,rating-breakdown,True,26.1,43.7,,,ball-recovery,False,False,,
1153957,Aleksandar Stanković,14035852,rating-breakdown,passes,passes,,,,Club Brugge KV,90.0,,68.9,56,58.8,30.7,True,rating-breakdown,True,68.9,56,58.8,30.7,pass,False,False,,
1153957,Aleksandar Stanković,14035852,rating-breakdown,passes,passes,,,,Club Brugge KV,90.0,,61.5,33.9,44.8,49.9,True,rating-breakdown,True,61.5,33.9,44.8,49.9,pass,False,False,,
1153957,Aleksandar Stanković,14035852,rating-breakdown,passes,passes,,,,Club Brugge KV,90.0,,68.3,34.2,84.7,84.5,True,rating-breakdown,True,68.3,34.2,84.7,84.5,pass,False,False,True,
1153957,Aleksandar Stanković,14035852,rating-breakdown,passes,passes,,,,Club Brugge KV,90.0,,54.1,45.7,53.9,72.1,True,rating-breakdown,True,54.1,45.7,53.9,72.1,pass,False,False,,
1153957,Aleksandar Stanković,14035852,rating-breakdown,passes,passes,,,,Club Brugge KV,90.0,,77.1,26.7,92.2,27.9,,rating-breakdown,True,77.1,26.7,92.2,27.9,pass,False,False,,
1153957,Aleksandar Stanković,14035852,rating-breakdown,passes,passes,,,,Club Brugge KV,90.0,,29.3,68.5,39.1,62.7,,rating-breakdown,True,29.3,68.5,39.1,62.7,pass,False,False,True,
1153957,Aleksandar Stanković,14035852,rating-breakdown,passes,passes,,,,Club Brugge KV,90.0,,33.7,68.1,48.4,92,True,rating-breakdown,True,33.7,68.1,48.4,92,pass,False,False,,
1153957,Aleksandar Stanković,14035852,rating-breakdown,passes,passes,,,,Club Brugge KV,90.0,,95.2,67.3,100,59.3,,rating-breakdown,True,95.2,67.3,100,59.3,pass,False,False,,
1153957,Aleksandar Stanković,14035852,rating-breakdown,passes,passes,,,,Club Brugge KV,90.0,,49.3,65.7,89.6,84.7,True,rating-breakdown,True,49.3,65.7,89.6,84.7,pass,False,False,True,
1153957,Aleksandar Stanković,14035852,rating-breakdown,passes,passes,,,,Club Brugge KV,90.0,,46.3,61.2,43.7,31.6,True,rating-breakdown,True,46.3,61.2,43.7,31.6,pass,False,False,,
1153957,Aleksandar Stanković,14035852,rating-breakdown,passes,passes,,,,Club Brugge KV,90.0,,32.1,73.9,25.4,89.9,True,rating-breakdown,True,32.1,73.9,25.4,89.9,pass,False,False,,
1153957,Aleksandar Stanković,14035852,rating-breakdown,passes,passes,,,,Club Brugge KV,90.0,,31.4,48.2,41.8,14.3,True,rating-breakdown,True,31.4,48.2,41.8,14.3,pass,False,False,,
1153957,Aleksandar Stanković,14035852,rating-breakdown,passes,passes,,,,Club Brugge KV,90.0,,58.4,38.2,68,56.1,,rating-breakdown,True,58.4,38.2,68,56.1,pass,False,False,,
1153957,Aleksandar Stanković,14035852,rating-breakdown,passes,passes,,,,Club Brugge KV,90.0,,42.6,26.5,46.2,38.2,True,rating-breakdown,True,42.6,26.5,46.2,38.2,pass,False,False,,
1153957,Aleksandar Stanković,14035852,rating-breakdown,passes,passes,,,,Club Brugge KV,90.0,,39.6,23.6,44.9,10.6,True,rating-breakdown,True,39.6,23.6,44.9,10.6,pass,False,False,,
1153957,Aleksandar Stanković,14035852,rating-breakdown,passes,passes,,,,Club Brugge KV,90.0,,44,63.4,69,6.5,True,rating-breakdown,True,44,63.4,69,6.5,pass,False,False,True,
1153957,Aleksandar Stanković,14035852,rating-breakdown,passes,passes,,,,Club Brugge KV,90.0,,61,23.3,71.4,28,True,rating-breakdown,True,61,23.3,71.4,28,pass,False,False,,
1153957,Aleksandar Stanković,14035852,rating-breakdown,passes,passes,,,,Club Brugge KV,90.0,,58,61.5,61.1,30.4,True,rating-breakdown,True,58,61.5,61.1,30.4,pass,False,False,,
1153957,Aleksandar Stanković,14035852,rating-breakdown,passes,passes,,,,Club Brugge KV,90.0,,57.8,34.5,65.1,35.5,True,rating-breakdown,True,57.8,34.5,65.1,35.5,pass,False,False,,
1153957,Aleksandar Stanković,14035852,rating-breakdown,passes,passes,,,,Club Brugge KV,90.0,,47.5,26.8,40,54.2,True,rating-breakdown,True,47.5,26.8,40,54.2,pass,False,False,,
1153957,Aleksandar Stanković,14035852,rating-breakdown,passes,passes,,,,Club Brugge KV,90.0,,56,20.4,45.4,42.8,True,rating-breakdown,True,56,20.4,45.4,42.8,pass,False,False,,
1153957,Aleksandar Stanković,14035852,rating-breakdown,passes,passes,,,,Club Brugge KV,90.0,,63.2,22.4,71.5,1.7,True,rating-breakdown,True,63.2,22.4,71.5,1.7,pass,False,False,,
1153957,Aleksandar Stanković,14035852,rating-breakdown,passes,passes,,,,Club Brugge KV,90.0,,56.6,23.9,44.6,18,True,rating-breakdown,True,56.6,23.9,44.6,18,pass,False,False,,
1153957,Aleksandar Stanković,14035852,rating-breakdown,passes,passes,,,,Club Brugge KV,90.0,,37.3,41.9,29.7,26.5,True,rating-breakdown,True,37.3,41.9,29.7,26.5,pass,False,False,,
1153957,Aleksandar Stanković,14035852,rating-breakdown,passes,passes,,,,Club Brugge KV,90.0,,58.9,3.8,82.7,12,True,rating-breakdown,True,58.9,3.8,82.7,12,pass,False,False,,
1153957,Aleksandar Stanković,14035852,rating-breakdown,passes,passes,,,,Club Brugge KV,90.0,,41,24.4,59.1,14.1,,rating-breakdown,True,41,24.4,59.1,14.1,pass,False,False,,
1153957,Aleksandar Stanković,14035852,rating-breakdown,passes,passes,,,,Club Brugge KV,90.0,,41,19.8,34.1,11.1,True,rating-breakdown,True,41,19.8,34.1,11.1,pass,False,False,,
1153957,Aleksandar Stanković,14035852,rating-breakdown,passes,passes,,,,Club Brugge KV,90.0,,23.7,50.1,27.6,4.1,True,rating-breakdown,True,23.7,50.1,27.6,4.1,pass,False,False,,
1153957,Aleksandar Stanković,14035852,rating-breakdown,passes,passes,,,,Club Brugge KV,90.0,,48.8,35.8,42.8,71.8,True,rating-breakdown,True,48.8,35.8,42.8,71.8,pass,False,False,,
1153957,Aleksandar Stanković,14035852,rating-breakdown,passes,passes,,,,Club Brugge KV,90.0,,48,71.7,43.9,80.2,True,rating-breakdown,True,48,71.7,43.9,80.2,pass,False,False,,
1153957,Aleksandar Stanković,14035852,rating-breakdown,passes,passes,,,,Club Brugge KV,90.0,,35.1,70.6,64.7,82.6,,rating-breakdown,True,35.1,70.6,64.7,82.6,pass,False,False,True,
1153957,Aleksandar Stanković,14035852,rating-breakdown,passes,passes,,,,Club Brugge KV,90.0,,29.1,57.3,56.6,36.6,,rating-breakdown,True,29.1,57.3,56.6,36.6,pass,False,False,True,
1153957,Aleksandar Stanković,14035852,rating-breakdown,passes,passes,,,,Club Brugge KV,90.0,,33.9,23.3,18.5,18.2,True,rating-breakdown,True,33.9,23.3,18.5,18.2,pass,False,False,,
1153957,Aleksandar Stanković,14035852,rating-breakdown,passes,passes,,,,Club Brugge KV,90.0,,68.1,49.6,72.4,21.3,True,rating-breakdown,True,68.1,49.6,72.4,21.3,pass,False,False,,
1153957,Aleksandar Stanković,14035852,rating-breakdown,passes,passes,,,,Club Brugge KV,90.0,,58.4,57.7,40.2,63,True,rating-breakdown,True,58.4,57.7,40.2,63,pass,False,False,,
1153957,Aleksandar Stanković,14035852,rating-breakdown,passes,passes,,,,Club Brugge KV,90.0,,29.8,53.1,37.8,25.6,True,rating-breakdown,True,29.8,53.1,37.8,25.6,pass,False,False,,
1153957,Aleksandar Stanković,14035852,rating-breakdown,passes,passes,,,,Club Brugge KV,90.0,,44.7,55.7,41.9,81.2,True,rating-breakdown,True,44.7,55.7,41.9,81.2,pass,False,False,,
1153957,Aleksandar Stanković,14035852,rating-breakdown,passes,passes,,,,Club Brugge KV,90.0,,35.9,53.6,51.1,20,True,rating-breakdown,True,35.9,53.6,51.1,20,pass,False,False,,
1153957,Aleksandar Stanković,14035852,rating-breakdown,passes,passes,,,,Club Brugge KV,90.0,,72.5,52.8,65.2,23.9,True,rating-breakdown,True,72.5,52.8,65.2,23.9,pass,False,False,,
1153957,Aleksandar Stanković,14035852,rating-breakdown,passes,passes,,,,Club Brugge KV,90.0,,58.4,68.1,55.6,84.1,True,rating-breakdown,True,58.4,68.1,55.6,84.1,pass,False,False,,
1153957,Aleksandar Stanković,14035852,rating-breakdown,passes,passes,,,,Club Brugge KV,90.0,,51.8,70,59.1,76.3,True,rating-breakdown,True,51.8,70,59.1,76.3,pass,False,False,,
1153957,Aleksandar Stanković,14035852,rating-breakdown,passes,passes,,,,Club Brugge KV,90.0,,69.7,24.4,75.6,81,True,rating-breakdown,True,69.7,24.4,75.6,81,pass,False,False,True,
1153957,Aleksandar Stanković,14035852,rating-breakdown,passes,passes,,,,Club Brugge KV,90.0,,20.9,71.1,9.5,54.5,True,rating-breakdown,True,20.9,71.1,9.5,54.5,pass,False,False,,
1153957,Aleksandar Stanković,14035852,rating-breakdown,passes,passes,,,,Club Brugge KV,90.0,,20.5,76.1,36.2,93.6,True,rating-breakdown,True,20.5,76.1,36.2,93.6,pass,False,False,,
1153957,Aleksandar Stanković,14035852,rating-breakdown,passes,passes,,,,Club Brugge KV,90.0,,38.1,46.9,30.2,56.4,True,rating-breakdown,True,38.1,46.9,30.2,56.4,pass,False,False,,
1153957,Aleksandar Stanković,14035852,rating-breakdown,passes,passes,,,,Club Brugge KV,90.0,,76.1,15.9,86.1,41,,rating-breakdown,True,76.1,15.9,86.1,41,cross,False,False,,
1153957,Aleksandar Stanković,14035852,rating-breakdown,passes,passes,,,,Club Brugge KV,90.0,,79.2,14.6,100,64.9,,rating-breakdown,True,79.2,14.6,100,64.9,cross,False,False,True,
1153957,Aleksandar Stanković,14035852,rating-breakdown,passes,passes,,,,Club Brugge KV,90.0,,36.8,42.3,34.9,73.8,True,rating-breakdown,True,36.8,42.3,34.9,73.8,pass,False,False,,
1153957,Aleksandar Stanković,14035852,rating-breakdown,passes,passes,,,,Club Brugge KV,90.0,,52.1,13.1,60.3,5.4,True,rating-breakdown,True,52.1,13.1,60.3,5.4,pass,False,False,,
1153957,Aleksandar Stanković,14035852,rating-breakdown,passes,passes,,,,Club Brugge KV,90.0,,44.8,26.8,40.6,66.6,True,rating-breakdown,True,44.8,26.8,40.6,66.6,pass,False,False,,
1153957,Aleksandar Stanković,14035852,rating-breakdown,passes,passes,,,,Club Brugge KV,90.0,,65.1,43.5,49,53.6,True,rating-breakdown,True,65.1,43.5,49,53.6,pass,False,False,,
1153957,Aleksandar Stanković,14035852,rating-breakdown,passes,passes,,,,Club Brugge KV,90.0,,74.6,39.3,69.6,67.3,True,rating-breakdown,True,74.6,39.3,69.6,67.3,pass,False,False,,
1153957,Aleksandar Stanković,14035852,rating-breakdown,passes,passes,,,,Club Brugge KV,90.0,,54.2,62.7,60.9,47.9,True,rating-breakdown,True,54.2,62.7,60.9,47.9,pass,False,False,,
1153957,Aleksandar Stanković,14035852,rating-breakdown,passes,passes,,,,Club Brugge KV,90.0,,57.8,17.6,70.8,8.8,True,rating-breakdown,True,57.8,17.6,70.8,8.8,pass,False,False,,
1153957,Aleksandar Stanković,14035852,rating-breakdown,passes,passes,,,,Club Brugge KV,90.0,,33.5,25.6,62,12.9,True,rating-breakdown,True,33.5,25.6,62,12.9,pass,False,False,,
1153957,Aleksandar Stanković,14035852,rating-breakdown,passes,passes,,,,Club Brugge KV,90.0,,44.1,21.5,57.2,4.1,True,rating-breakdown,True,44.1,21.5,57.2,4.1,pass,False,False,,
1153957,Aleksandar Stanković,14035852,rating-breakdown,passes,passes,,,,Club Brugge KV,90.0,,69,17.4,69.9,26.5,True,rating-breakdown,True,69,17.4,69.9,26.5,pass,False,False,,
1153957,Aleksandar Stanković,14035852,rating-breakdown,passes,passes,,,,Club Brugge KV,90.0,,78.2,10.7,92.2,65.2,,rating-breakdown,True,78.2,10.7,92.2,65.2,cross,False,False,True,
1153957,Aleksandar Stanković,14035852,rating-breakdown,passes,passes,,,,Club Brugge KV,90.0,,75.3,20.1,81.6,5.5,True,rating-breakdown,True,75.3,20.1,81.6,5.5,pass,False,False,,
1153957,Aleksandar Stanković,14035852,rating-breakdown,passes,passes,,,,Club Brugge KV,90.0,,52.1,10.1,56.9,2.5,True,rating-breakdown,True,52.1,10.1,56.9,2.5,pass,False,False,,
1153957,Aleksandar Stanković,14035852,rating-breakdown,passes,passes,,,,Club Brugge KV,90.0,,58.5,8.2,51.9,36.6,True,rating-breakdown,True,58.5,8.2,51.9,36.6,pass,False,False,,
1153957,Aleksandar Stanković,14035852,rating-breakdown,passes,passes,,,,Club Brugge KV,90.0,,55.6,11.3,66,3.2,True,rating-breakdown,True,55.6,11.3,66,3.2,pass,False,False,,
1153957,Aleksandar Stanković,14035852,rating-breakdown,passes,passes,,,,Club Brugge KV,90.0,,54.8,16,44.7,36.6,True,rating-breakdown,True,54.8,16,44.7,36.6,pass,False,False,,
1153957,Aleksandar Stanković,14035852,rating-breakdown,passes,passes,,,,Club Brugge KV,90.0,,57.8,9.5,69.6,5.6,True,rating-breakdown,True,57.8,9.5,69.6,5.6,pass,False,False,,
1153957,Aleksandar Stanković,14035852,rating-breakdown,passes,passes,,,,Club Brugge KV,90.0,,54.1,18.8,62.6,3.8,True,rating-breakdown,True,54.1,18.8,62.6,3.8,pass,False,False,,
1153957,Aleksandar Stanković,14035852,rating-breakdown,passes,passes,,,,Club Brugge KV,90.0,,38.3,21.3,41,22.5,,rating-breakdown,True,38.3,21.3,41,22.5,pass,False,False,,
1153957,Aleksandar Stanković,14035852,rating-breakdown,passes,passes,,,,Club Brugge KV,90.0,,58.6,4.7,70,26.1,True,rating-breakdown,True,58.6,4.7,70,26.1,pass,False,False,,
1153957,Aleksandar Stanković,14035852,rating-breakdown,passes,passes,,,,Club Brugge KV,90.0,,47,11.4,76.1,13.1,True,rating-breakdown,True,47,11.4,76.1,13.1,pass,False,False,,
1153957,Aleksandar Stanković,14035852,rating-breakdown,passes,passes,,,,Club Brugge KV,90.0,,33.2,37.8,50.9,50.4,True,rating-breakdown,True,33.2,37.8,50.9,50.4,pass,False,False,,
1153957,Aleksandar Stanković,14035852,rating-breakdown,defensive,defensive,,,,Club Brugge KV,90.0,,58.4,38.2,,,True,rating-breakdown,True,58.4,38.2,,,ball-recovery,False,False,,
1153957,Aleksandar Stanković,14035852,rating-breakdown,defensive,defensive,,,,Club Brugge KV,90.0,,13.6,33.7,51.8,65.5,True,rating-breakdown,True,13.6,33.7,51.8,65.5,clearance,False,False,,
1153957,Aleksandar Stanković,14035852,rating-breakdown,defensive,defensive,,,,Club Brugge KV,90.0,,41,19.8,,,True,rating-breakdown,True,41,19.8,,,ball-recovery,False,False,,
1153957,Aleksandar Stanković,14035852,rating-breakdown,defensive,defensive,,,,Club Brugge KV,90.0,,37.6,8.6,35.3,0,True,rating-breakdown,True,37.6,8.6,35.3,0,clearance,False,False,,
1153957,Aleksandar Stanković,14035852,rating-breakdown,defensive,defensive,,,,Club Brugge KV,90.0,,20.7,78.1,,,True,rating-breakdown,True,20.7,78.1,,,ball-recovery,False,False,,
1153957,Aleksandar Stanković,14035852,rating-breakdown,defensive,defensive,,,,Club Brugge KV,90.0,,46.6,30.4,,,True,rating-breakdown,True,46.6,30.4,,,ball-recovery,False,False,,
1153957,Aleksandar Stanković,14035852,rating-breakdown,defensive,defensive,,,,Club Brugge KV,90.0,,37.8,12.8,,,True,rating-breakdown,True,37.8,12.8,,,tackle,False,False,,
1153957,Aleksandar Stanković,15858560,rating-breakdown,passes,passes,,,,Club Brugge KV,71.0,,29.1,70.9,39.7,85.9,True,rating-breakdown,True,29.1,70.9,39.7,85.9,pass,True,False,,
1153957,Aleksandar Stanković,15858560,rating-breakdown,passes,passes,,,,Club Brugge KV,71.0,,41.7,69.9,62.3,28.2,True,rating-breakdown,True,41.7,69.9,62.3,28.2,pass,True,False,True,
1153957,Aleksandar Stanković,15858560,rating-breakdown,passes,passes,,,,Club Brugge KV,71.0,,34.4,41.5,30.2,74.2,True,rating-breakdown,True,34.4,41.5,30.2,74.2,pass,True,False,,
1153957,Aleksandar Stanković,15858560,rating-breakdown,passes,passes,,,,Club Brugge KV,71.0,,28.5,59.1,31.6,76.3,True,rating-breakdown,True,28.5,59.1,31.6,76.3,pass,True,False,,
1153957,Aleksandar Stanković,15858560,rating-breakdown,passes,passes,,,,Club Brugge KV,71.0,,18,34.8,30.4,21.9,True,rating-breakdown,True,18,34.8,30.4,21.9,pass,True,False,,
1153957,Aleksandar Stanković,15858560,rating-breakdown,passes,passes,,,,Club Brugge KV,71.0,,32.8,45.7,36.4,68.1,True,rating-breakdown,True,32.8,45.7,36.4,68.1,pass,True,False,,
1153957,Aleksandar Stanković,15858560,rating-breakdown,passes,passes,,,,Club Brugge KV,71.0,,35.1,36.7,32.9,63.7,True,rating-breakdown,True,35.1,36.7,32.9,63.7,pass,True,False,,
1153957,Aleksandar Stanković,15858560,rating-breakdown,passes,passes,,,,Club Brugge KV,71.0,,70.5,53.5,71.6,31.2,True,rating-breakdown,True,70.5,53.5,71.6,31.2,pass,True,False,,
1153957,Aleksandar Stanković,15858560,rating-breakdown,passes,passes,,,,Club Brugge KV,71.0,,35,76,41.9,64.8,True,rating-breakdown,True,35,76,41.9,64.8,pass,True,False,,
1153957,Aleksandar Stanković,15858560,rating-breakdown,passes,passes,,,,Club Brugge KV,71.0,,57.5,68.8,93.6,81.1,,rating-breakdown,True,57.5,68.8,93.6,81.1,pass,True,False,True,
1153957,Aleksandar Stanković,15858560,rating-breakdown,passes,passes,,,,Club Brugge KV,71.0,,70.1,75.7,79.7,82.9,True,rating-breakdown,True,70.1,75.7,79.7,82.9,pass,True,False,,
1153957,Aleksandar Stanković,15858560,rating-breakdown,passes,passes,,,,Club Brugge KV,71.0,,59.5,52.6,56.9,32.4,True,rating-breakdown,True,59.5,52.6,56.9,32.4,pass,True,False,,
1153957,Aleksandar Stanković,15858560,rating-breakdown,passes,passes,,,,Club Brugge KV,71.0,,59.3,66.3,55.3,33.6,True,rating-breakdown,True,59.3,66.3,55.3,33.6,pass,True,False,,
1153957,Aleksandar Stanković,15858560,rating-breakdown,passes,passes,,,,Club Brugge KV,71.0,,69.4,56.7,71.6,35.1,True,rating-breakdown,True,69.4,56.7,71.6,35.1,pass,True,False,,
1153957,Aleksandar Stanković,15858560,rating-breakdown,passes,passes,,,,Club Brugge KV,71.0,,61,36.4,60.5,58.8,True,rating-breakdown,True,61,36.4,60.5,58.8,pass,True,False,,
1153957,Aleksandar Stanković,15858560,rating-breakdown,passes,passes,,,,Club Brugge KV,71.0,,33.7,14.2,25.1,24.9,True,rating-breakdown,True,33.7,14.2,25.1,24.9,pass,True,False,,
1153957,Aleksandar Stanković,15858560,rating-breakdown,passes,passes,,,,Club Brugge KV,71.0,,45.2,68.9,55,84.8,True,rating-breakdown,True,45.2,68.9,55,84.8,pass,True,False,,
1153957,Aleksandar Stanković,15858560,rating-breakdown,passes,passes,,,,Club Brugge KV,71.0,,37.6,61.9,35.7,41.8,True,rating-breakdown,True,37.6,61.9,35.7,41.8,pass,True,False,,
1153957,Aleksandar Stanković,15858560,rating-breakdown,passes,passes,,,,Club Brugge KV,71.0,,73,14.5,70,3.3,True,rating-breakdown,True,73,14.5,70,3.3,pass,True,False,,
1153957,Aleksandar Stanković,15858560,rating-breakdown,passes,passes,,,,Club Brugge KV,71.0,,60.1,58.9,48.2,50.4,True,rating-breakdown,True,60.1,58.9,48.2,50.4,pass,True,False,,
1153957,Aleksandar Stanković,15858560,rating-breakdown,passes,passes,,,,Club Brugge KV,71.0,,57,47.5,41.5,22.6,True,rating-breakdown,True,57,47.5,41.5,22.6,pass,True,False,,
1153957,Aleksandar Stanković,15858560,rating-breakdown,passes,passes,,,,Club Brugge KV,71.0,,32.5,38.8,18.8,27.1,True,rating-breakdown,True,32.5,38.8,18.8,27.1,pass,True,False,,
1153957,Aleksandar Stanković,15858560,rating-breakdown,passes,passes,,,,Club Brugge KV,71.0,,30,6.7,81.1,18.9,,rating-breakdown,True,30,6.7,81.1,18.9,pass,True,False,True,
1153957,Aleksandar Stanković,15858560,rating-breakdown,passes,passes,,,,Club Brugge KV,71.0,,30.6,53.5,34.4,79.8,True,rating-breakdown,True,30.6,53.5,34.4,79.8,pass,True,False,,
1153957,Aleksandar Stanković,15858560,rating-breakdown,passes,passes,,,,Club Brugge KV,71.0,,35.1,58.6,36.6,21.9,True,rating-breakdown,True,35.1,58.6,36.6,21.9,pass,True,False,,
1153957,Aleksandar Stanković,15858560,rating-breakdown,passes,passes,,,,Club Brugge KV,71.0,,67,91.3,65.3,95.5,True,rating-breakdown,True,67,91.3,65.3,95.5,pass,True,False,,
1153957,Aleksandar Stanković,15858560,rating-breakdown,passes,passes,,,,Club Brugge KV,71.0,,63.9,90.3,42.5,66.1,True,rating-breakdown,True,63.9,90.3,42.5,66.1,pass,True,False,,
1153957,Aleksandar Stanković,15858560,rating-breakdown,passes,passes,,,,Club Brugge KV,71.0,,69.2,64.6,70.3,78.9,True,rating-breakdown,True,69.2,64.6,70.3,78.9,pass,True,False,,
1153957,Aleksandar Stanković,15858560,rating-breakdown,ball-carries,ball-carries,,,,Club Brugge KV,71.0,,10.4,39,18,34.8,,rating-breakdown,True,10.4,39,18,34.8,ball-carry,True,,,
1153957,Aleksandar Stanković,15858560,rating-breakdown,ball-carries,ball-carries,,,,Club Brugge KV,71.0,,71.1,62.2,70.5,53.5,,rating-breakdown,True,71.1,62.2,70.5,53.5,ball-carry,True,,,
1153957,Aleksandar Stanković,15858560,rating-breakdown,ball-carries,ball-carries,,,,Club Brugge KV,71.0,,65.7,60.9,68.3,55.8,,rating-breakdown,True,65.7,60.9,68.3,55.8,ball-carry,True,,,
1153957,Aleksandar Stanković,15858560,rating-breakdown,ball-carries,ball-carries,,,,Club Brugge KV,71.0,,19.4,58.2,27.4,72,,rating-breakdown,True,19.4,58.2,27.4,72,ball-carry,True,,,
1153957,Aleksandar Stanković,15858560,rating-breakdown,ball-carries,ball-carries,,,,Club Brugge KV,71.0,,27.4,72,35,76,,rating-breakdown,True,27.4,72,35,76,ball-carry,True,,,
1153957,Aleksandar Stanković,15858560,rating-breakdown,ball-carries,ball-carries,,,,Club Brugge KV,71.0,,47.3,71.8,57.5,68.8,,rating-breakdown,True,47.3,71.8,57.5,68.8,ball-carry,True,,,
1153957,Aleksandar Stanković,15858560,rating-breakdown,ball-carries,ball-carries,,,,Club Brugge KV,71.0,,62.3,66.1,59.3,66.3,,rating-breakdown,True,62.3,66.1,59.3,66.3,ball-carry,True,,,
1153957,Aleksandar Stanković,15858560,rating-breakdown,ball-carries,ball-carries,,,,Club Brugge KV,71.0,,66.2,61.8,69.4,56.7,,rating-breakdown,True,66.2,61.8,69.4,56.7,ball-carry,True,,,
1153957,Aleksandar Stanković,15858560,rating-breakdown,ball-carries,ball-carries,,,,Club Brugge KV,71.0,,38.5,14.2,33.7,14.2,,rating-breakdown,True,38.5,14.2,33.7,14.2,ball-carry,True,,,
1153957,Aleksandar Stanković,15858560,rating-breakdown,ball-carries,ball-carries,,,,Club Brugge KV,71.0,,76,3.4,73,14.5,,rating-breakdown,True,76,3.4,73,14.5,ball-carry,True,,,
1153957,Aleksandar Stanković,15858560,rating-breakdown,ball-carries,ball-carries,,,,Club Brugge KV,71.0,,36.1,15.9,30,6.7,,rating-breakdown,True,36.1,15.9,30,6.7,ball-carry,True,,,
1153957,Aleksandar Stanković,15858560,rating-breakdown,ball-carries,ball-carries,,,,Club Brugge KV,71.0,,25.6,26.4,30.6,53.5,,rating-breakdown,True,25.6,26.4,30.6,53.5,ball-carry,True,,,
1153957,Aleksandar Stanković,15858560,rating-breakdown,ball-carries,ball-carries,,,,Club Brugge KV,71.0,,23.1,28.5,61.8,92.4,,rating-breakdown,True,23.1,28.5,61.8,92.4,ball-carry,True,,,
1153957,Aleksandar Stanković,15858560,rating-breakdown,dribbles,dribbles,,,,Club Brugge KV,71.0,,82.5,43.1,,,True,rating-breakdown,True,82.5,43.1,,,dribble,True,False,,
1153957,Aleksandar Stanković,15858560,rating-breakdown,defensive,defensive,,,,Club Brugge KV,71.0,,25,55.9,,,True,rating-breakdown,True,25,55.9,,,interception,True,False,,
1153957,Aleksandar Stanković,15858560,rating-breakdown,defensive,defensive,,,,Club Brugge KV,71.0,,4.3,54.9,21.6,81.7,True,rating-breakdown,True,4.3,54.9,21.6,81.7,clearance,True,False,,
1153957,Aleksandar Stanković,15858560,rating-breakdown,defensive,defensive,,,,Club Brugge KV,71.0,,4.8,59.3,31.8,78.1,True,rating-breakdown,True,4.8,59.3,31.8,78.1,clearance,True,False,,
1153957,Aleksandar Stanković,15858560,rating-breakdown,defensive,defensive,,,,Club Brugge KV,71.0,,27.4,72,,,True,rating-breakdown,True,27.4,72,,,ball-recovery,True,False,,
1153957,Aleksandar Stanković,15858560,rating-breakdown,defensive,defensive,,,,Club Brugge KV,71.0,,60.1,34.2,,,True,rating-breakdown,True,60.1,34.2,,,ball-recovery,True,False,,
1153957,Aleksandar Stanković,15858560,rating-breakdown,defensive,defensive,,,,Club Brugge KV,71.0,,76,3.4,,,True,rating-breakdown,True,76,3.4,,,ball-recovery,True,False,,
1153957,Aleksandar Stanković,15858560,rating-breakdown,defensive,defensive,,,,Club Brugge KV,71.0,,10.3,56.2,3,73.6,True,rating-breakdown,True,10.3,56.2,3,73.6,clearance,True,False,,
1153957,Aleksandar Stanković,15858560,rating-breakdown,defensive,defensive,,,,Club Brugge KV,71.0,,23.1,28.5,,,True,rating-breakdown,True,23.1,28.5,,,ball-recovery,True,False,,
1153957,Aleksandar Stanković,14607841,rating-breakdown,passes,passes,,,,Club Brugge KV,74.0,,26.4,36.1,24.1,18.8,True,rating-breakdown,True,26.4,36.1,24.1,18.8,pass,True,False,,
1153957,Aleksandar Stanković,14607841,rating-breakdown,passes,passes,,,,Club Brugge KV,74.0,,33.2,27.6,29.3,27.2,True,rating-breakdown,True,33.2,27.6,29.3,27.2,pass,True,False,,
1153957,Aleksandar Stanković,14607841,rating-breakdown,passes,passes,,,,Club Brugge KV,74.0,,44.9,68.1,73.2,91.4,True,rating-breakdown,True,44.9,68.1,73.2,91.4,pass,True,False,True,
1153957,Aleksandar Stanković,14607841,rating-breakdown,passes,passes,,,,Club Brugge KV,74.0,,70.5,90.6,54.8,80.6,True,rating-breakdown,True,70.5,90.6,54.8,80.6,pass,True,False,,
1153957,Aleksandar Stanković,14607841,rating-breakdown,passes,passes,,,,Club Brugge KV,74.0,,60.8,95.3,65,85.2,True,rating-breakdown,True,60.8,95.3,65,85.2,pass,True,False,,
1153957,Aleksandar Stanković,14607841,rating-breakdown,passes,passes,,,,Club Brugge KV,74.0,,63.2,95.7,60.1,76.5,True,rating-breakdown,True,63.2,95.7,60.1,76.5,pass,True,False,,
1153957,Aleksandar Stanković,14607841,rating-breakdown,passes,passes,,,,Club Brugge KV,74.0,,67.6,17.4,41.4,22,True,rating-breakdown,True,67.6,17.4,41.4,22,pass,True,False,,
1153957,Aleksandar Stanković,14607841,rating-breakdown,passes,passes,,,,Club Brugge KV,74.0,,31,45.8,35.3,67.4,True,rating-breakdown,True,31,45.8,35.3,67.4,pass,True,False,,
1153957,Aleksandar Stanković,14607841,rating-breakdown,passes,passes,,,,Club Brugge KV,74.0,,48.4,30.5,80.3,74.4,,rating-breakdown,True,48.4,30.5,80.3,74.4,pass,True,False,True,
1153957,Aleksandar Stanković,14607841,rating-breakdown,passes,passes,,,,Club Brugge KV,74.0,,38.7,50.6,42,27.6,True,rating-breakdown,True,38.7,50.6,42,27.6,pass,True,False,,
1153957,Aleksandar Stanković,14607841,rating-breakdown,passes,passes,,,,Club Brugge KV,74.0,,66.1,60.2,74.7,27.3,True,rating-breakdown,True,66.1,60.2,74.7,27.3,pass,True,False,,
1153957,Aleksandar Stanković,14607841,rating-breakdown,passes,passes,,,,Club Brugge KV,74.0,,72.4,65,76.1,69.1,True,rating-breakdown,True,72.4,65,76.1,69.1,pass,True,False,,
1153957,Aleksandar Stanković,14607841,rating-breakdown,passes,passes,,,,Club Brugge KV,74.0,,36.2,54.2,37.9,28.3,True,rating-breakdown,True,36.2,54.2,37.9,28.3,pass,True,False,,
1153957,Aleksandar Stanković,14607841,rating-breakdown,passes,passes,,,,Club Brugge KV,74.0,,16.2,43.5,3.9,44.1,True,rating-breakdown,True,16.2,43.5,3.9,44.1,pass,True,False,,
1153957,Aleksandar Stanković,14607841,rating-breakdown,passes,passes,,,,Club Brugge KV,74.0,,44.1,39.7,64.7,12.9,True,rating-breakdown,True,44.1,39.7,64.7,12.9,pass,True,False,,
1153957,Aleksandar Stanković,14607841,rating-breakdown,passes,passes,,,,Club Brugge KV,74.0,,45.5,24.1,42.1,55.3,True,rating-breakdown,True,45.5,24.1,42.1,55.3,pass,True,False,,
1153957,Aleksandar Stanković,14607841,rating-breakdown,passes,passes,,,,Club Brugge KV,74.0,,59.7,63.5,71.5,94.1,True,rating-breakdown,True,59.7,63.5,71.5,94.1,pass,True,False,,
1153957,Aleksandar Stanković,14607841,rating-breakdown,passes,passes,,,,Club Brugge KV,74.0,,67.4,70.3,76.1,11.7,True,rating-breakdown,True,67.4,70.3,76.1,11.7,pass,True,False,True,
1153957,Aleksandar Stanković,14607841,rating-breakdown,passes,passes,,,,Club Brugge KV,74.0,,57.2,83.7,67.3,87.4,True,rating-breakdown,True,57.2,83.7,67.3,87.4,pass,True,False,,
1153957,Aleksandar Stanković,14607841,rating-breakdown,passes,passes,,,,Club Brugge KV,74.0,,64.2,74.4,68.7,82.9,True,rating-breakdown,True,64.2,74.4,68.7,82.9,pass,True,False,,
1153957,Aleksandar Stanković,14607841,rating-breakdown,passes,passes,,,,Club Brugge KV,74.0,,32.7,12.4,39.6,28.9,True,rating-breakdown,True,32.7,12.4,39.6,28.9,pass,True,False,,
1153957,Aleksandar Stanković,14607841,rating-breakdown,passes,passes,,,,Club Brugge KV,74.0,,55.3,37.8,76.5,76.5,,rating-breakdown,True,55.3,37.8,76.5,76.5,pass,True,False,True,
1153957,Aleksandar Stanković,14607841,rating-breakdown,passes,passes,,,,Club Brugge KV,74.0,,68.3,67.3,73.2,68.6,True,rating-breakdown,True,68.3,67.3,73.2,68.6,pass,True,False,,
1153957,Aleksandar Stanković,14607841,rating-breakdown,passes,passes,,,,Club Brugge KV,74.0,,48.5,53.3,48.7,27.9,True,rating-breakdown,True,48.5,53.3,48.7,27.9,pass,True,False,,
1153957,Aleksandar Stanković,14607841,rating-breakdown,passes,passes,,,,Club Brugge KV,74.0,,46.8,45.9,67.3,72.6,True,rating-breakdown,True,46.8,45.9,67.3,72.6,pass,True,False,,
1153957,Aleksandar Stanković,14607841,rating-breakdown,passes,passes,,,,Club Brugge KV,74.0,,54.7,38.3,55.1,60.3,True,rating-breakdown,True,54.7,38.3,55.1,60.3,pass,True,False,,
1153957,Aleksandar Stanković,14607841,rating-breakdown,passes,passes,,,,Club Brugge KV,74.0,,54.2,41.1,93.1,32,,rating-breakdown,True,54.2,41.1,93.1,32,pass,True,False,True,
1153957,Aleksandar Stanković,14607841,rating-breakdown,passes,passes,,,,Club Brugge KV,74.0,,37.9,39.7,71.8,26.6,,rating-breakdown,True,37.9,39.7,71.8,26.6,pass,True,False,True,
1153957,Aleksandar Stanković,14607841,rating-breakdown,passes,passes,,,,Club Brugge KV,74.0,,67,44.7,100,31.7,,rating-breakdown,True,67,44.7,100,31.7,pass,True,False,True,
1153957,Aleksandar Stanković,14607841,rating-breakdown,passes,passes,,,,Club Brugge KV,74.0,,11.2,32.5,32.9,32.7,,rating-breakdown,True,11.2,32.5,32.9,32.7,pass,True,False,True,
1153957,Aleksandar Stanković,14607841,rating-breakdown,passes,passes,,,,Club Brugge KV,74.0,,38.9,45.8,41.7,68.6,True,rating-breakdown,True,38.9,45.8,41.7,68.6,pass,True,False,,
1153957,Aleksandar Stanković,14607841,rating-breakdown,passes,passes,,,,Club Brugge KV,74.0,,38.8,47.6,41.9,28.9,True,rating-breakdown,True,38.8,47.6,41.9,28.9,pass,True,False,,
1153957,Aleksandar Stanković,14607841,rating-breakdown,passes,passes,,,,Club Brugge KV,74.0,,40.8,44.5,21.2,53.6,True,rating-breakdown,True,40.8,44.5,21.2,53.6,pass,True,False,,
1153957,Aleksandar Stanković,14607841,rating-breakdown,passes,passes,,,,Club Brugge KV,74.0,,49.9,50.2,27,46.8,True,rating-breakdown,True,49.9,50.2,27,46.8,pass,True,False,,
1153957,Aleksandar Stanković,14607841,rating-breakdown,passes,passes,,,,Club Brugge KV,74.0,,32,47.6,35,28.8,True,rating-breakdown,True,32,47.6,35,28.8,pass,True,False,,
1153957,Aleksandar Stanković,14607841,rating-breakdown,passes,passes,,,,Club Brugge KV,74.0,,39,86.9,50.3,95.9,True,rating-breakdown,True,39,86.9,50.3,95.9,pass,True,False,,
1153957,Aleksandar Stanković,14607841,rating-breakdown,passes,passes,,,,Club Brugge KV,74.0,,44,67.3,62.5,35.6,True,rating-breakdown,True,44,67.3,62.5,35.6,pass,True,False,,
1153957,Aleksandar Stanković,14607841,rating-breakdown,passes,passes,,,,Club Brugge KV,74.0,,46.7,66.9,52.7,78.1,True,rating-breakdown,True,46.7,66.9,52.7,78.1,pass,True,False,,
1153957,Aleksandar Stanković,14607841,rating-breakdown,passes,passes,,,,Club Brugge KV,74.0,,31.6,44.2,33.5,23.9,True,rating-breakdown,True,31.6,44.2,33.5,23.9,pass,True,False,,
1153957,Aleksandar Stanković,14607841,rating-breakdown,passes,passes,,,,Club Brugge KV,74.0,,25.9,55.3,25.3,31.2,True,rating-breakdown,True,25.9,55.3,25.3,31.2,pass,True,False,,
1153957,Aleksandar Stanković,14607841,rating-breakdown,passes,passes,,,,Club Brugge KV,74.0,,32.8,43.5,33.5,70.5,True,rating-breakdown,True,32.8,43.5,33.5,70.5,pass,True,False,,
1153957,Aleksandar Stanković,14607841,rating-breakdown,passes,passes,,,,Club Brugge KV,74.0,,46.6,64.4,52.4,85.2,True,rating-breakdown,True,46.6,64.4,52.4,85.2,pass,True,False,,
1153957,Aleksandar Stanković,14607841,rating-breakdown,passes,passes,,,,Club Brugge KV,74.0,,57.4,86.7,47.6,85.2,True,rating-breakdown,True,57.4,86.7,47.6,85.2,pass,True,False,,
1153957,Aleksandar Stanković,14607841,rating-breakdown,passes,passes,,,,Club Brugge KV,74.0,,47.7,47.6,51.3,73.8,True,rating-breakdown,True,47.7,47.6,51.3,73.8,pass,True,False,,
1153957,Aleksandar Stanković,14607841,rating-breakdown,passes,passes,,,,Club Brugge KV,74.0,,42.2,26.2,71.4,64.2,,rating-breakdown,True,42.2,26.2,71.4,64.2,pass,True,False,True,
1153957,Aleksandar Stanković,14607841,rating-breakdown,passes,passes,,,,Club Brugge KV,74.0,,37,46.8,39.6,53.9,True,rating-breakdown,True,37,46.8,39.6,53.9,pass,True,False,,
1153957,Aleksandar Stanković,14607841,rating-breakdown,passes,passes,,,,Club Brugge KV,74.0,,36.5,46.8,30.2,37.8,True,rating-breakdown,True,36.5,46.8,30.2,37.8,pass,True,False,,
1153957,Aleksandar Stanković,14607841,rating-breakdown,passes,passes,,,,Club Brugge KV,74.0,,32,39.1,27.3,26.8,True,rating-breakdown,True,32,39.1,27.3,26.8,pass,True,False,,
1153957,Aleksandar Stanković,14607841,rating-breakdown,passes,passes,,,,Club Brugge KV,74.0,,64.8,26.4,72.1,4.7,True,rating-breakdown,True,64.8,26.4,72.1,4.7,pass,True,False,,
1153957,Aleksandar Stanković,14607841,rating-breakdown,passes,passes,,,,Club Brugge KV,74.0,,64.1,19,65.7,27.8,True,rating-breakdown,True,64.1,19,65.7,27.8,pass,True,False,,
1153957,Aleksandar Stanković,14607841,rating-breakdown,passes,passes,,,,Club Brugge KV,74.0,,53.7,31.9,50.3,42.5,True,rating-breakdown,True,53.7,31.9,50.3,42.5,pass,True,False,,
1153957,Aleksandar Stanković,14607841,rating-breakdown,passes,passes,,,,Club Brugge KV,74.0,,11.9,14.1,9.4,16.7,True,rating-breakdown,True,11.9,14.1,9.4,16.7,pass,True,False,,
1153957,Aleksandar Stanković,14607841,rating-breakdown,passes,passes,,,,Club Brugge KV,74.0,,48.6,47.9,43.9,64.2,True,rating-breakdown,True,48.6,47.9,43.9,64.2,pass,True,False,,
1153957,Aleksandar Stanković,14607841,rating-breakdown,passes,passes,,,,Club Brugge KV,74.0,,28.8,83.6,24.8,71.1,True,rating-breakdown,True,28.8,83.6,24.8,71.1,pass,True,False,,
1153957,Aleksandar Stanković,14607841,rating-breakdown,passes,passes,,,,Club Brugge KV,74.0,,73.6,68.5,74.2,77.7,True,rating-breakdown,True,73.6,68.5,74.2,77.7,pass,True,False,,
1153957,Aleksandar Stanković,14607841,rating-breakdown,passes,passes,,,,Club Brugge KV,74.0,,68.4,59.3,82.6,59.9,,rating-breakdown,True,68.4,59.3,82.6,59.9,pass,True,False,True,
1153957,Aleksandar Stanković,14607841,rating-breakdown,dribbles,dribbles,,,,Club Brugge KV,74.0,,64.8,76.8,,,True,rating-breakdown,True,64.8,76.8,,,dribble,True,False,,
1153957,Aleksandar Stanković,14607841,rating-breakdown,dribbles,dribbles,,,,Club Brugge KV,74.0,,84.7,49.1,,,True,rating-breakdown,True,84.7,49.1,,,dribble,True,False,,
1153957,Aleksandar Stanković,14607841,rating-breakdown,dribbles,dribbles,,,,Club Brugge KV,74.0,,85.4,52.8,,,True,rating-breakdown,True,85.4,52.8,,,dribble,True,False,,
1153957,Aleksandar Stanković,14607841,rating-breakdown,defensive,defensive,,,,Club Brugge KV,74.0,,63.3,80,,,True,rating-breakdown,True,63.3,80,,,tackle,True,False,,
1153957,Aleksandar Stanković,14607841,rating-breakdown,defensive,defensive,,,,Club Brugge KV,74.0,,63.3,69.3,,,True,rating-breakdown,True,63.3,69.3,,,ball-recovery,True,False,,
1153957,Aleksandar Stanković,14607841,rating-breakdown,defensive,defensive,,,,Club Brugge KV,74.0,,16.3,41.7,,,True,rating-breakdown,True,16.3,41.7,,,interception,True,False,,
1153957,Aleksandar Stanković,14607841,rating-breakdown,defensive,defensive,,,,Club Brugge KV,74.0,,16.2,43.5,,,True,rating-breakdown,True,16.2,43.5,,,ball-recovery,True,False,,
1153957,Aleksandar Stanković,14607841,rating-breakdown,defensive,defensive,,,,Club Brugge KV,74.0,,32.2,55.3,,,True,rating-breakdown,True,32.2,55.3,,,ball-recovery,True,False,,
1153957,Aleksandar Stanković,14607841,rating-breakdown,defensive,defensive,,,,Club Brugge KV,74.0,,37.8,40.1,,,True,rating-breakdown,True,37.8,40.1,,,ball-recovery,True,False,,
1153957,Aleksandar Stanković,14607841,rating-breakdown,defensive,defensive,,,,Club Brugge KV,74.0,,11.6,32,,,True,rating-breakdown,True,11.6,32,,,ball-recovery,True,False,,
1153957,Aleksandar Stanković,14607841,rating-breakdown,defensive,defensive,,,,Club Brugge KV,74.0,,36.5,19.2,,,True,rating-breakdown,True,36.5,19.2,,,interception,True,False,,
1153957,Aleksandar Stanković,14607841,rating-breakdown,defensive,defensive,,,,Club Brugge KV,74.0,,17.5,59.6,19.9,42.9,True,rating-breakdown,True,17.5,59.6,19.9,42.9,clearance,True,False,,
1153957,Aleksandar Stanković,14607841,rating-breakdown,defensive,defensive,,,,Club Brugge KV,74.0,,24.3,34.1,,,True,rating-breakdown,True,24.3,34.1,,,ball-recovery,True,False,,
1153957,Aleksandar Stanković,14607841,rating-breakdown,defensive,defensive,,,,Club Brugge KV,74.0,,11.9,14.1,,,True,rating-breakdown,True,11.9,14.1,,,ball-recovery,True,False,,
1153957,Aleksandar Stanković,14607841,rating-breakdown,defensive,defensive,,,,Club Brugge KV,74.0,,26.7,87.7,,,True,rating-breakdown,True,26.7,87.7,,,ball-recovery,True,False,,
1153957,Aleksandar Stanković,15858619,rating-breakdown,passes,passes,,,,Club Brugge KV,90.0,,71.3,44.1,75.4,62.4,True,rating-breakdown,True,71.3,44.1,75.4,62.4,pass,False,False,,
1153957,Aleksandar Stanković,15858619,rating-breakdown,passes,passes,,,,Club Brugge KV,90.0,,46.9,92.4,71.6,89,True,rating-breakdown,True,46.9,92.4,71.6,89,pass,False,False,True,
1153957,Aleksandar Stanković,15858619,rating-breakdown,passes,passes,,,,Club Brugge KV,90.0,,55.7,49.7,48.3,38.5,True,rating-breakdown,True,55.7,49.7,48.3,38.5,pass,False,False,,
1153957,Aleksandar Stanković,15858619,rating-breakdown,passes,passes,,,,Club Brugge KV,90.0,,34.9,52.6,17.8,45.6,True,rating-breakdown,True,34.9,52.6,17.8,45.6,pass,False,False,,
1153957,Aleksandar Stanković,15858619,rating-breakdown,passes,passes,,,,Club Brugge KV,90.0,,24.4,25.3,17.9,52.1,True,rating-breakdown,True,24.4,25.3,17.9,52.1,pass,False,False,,
1153957,Aleksandar Stanković,15858619,rating-breakdown,passes,passes,,,,Club Brugge KV,90.0,,56,19.1,59.4,4.1,True,rating-breakdown,True,56,19.1,59.4,4.1,pass,False,False,,
1153957,Aleksandar Stanković,15858619,rating-breakdown,passes,passes,,,,Club Brugge KV,90.0,,82.4,6.8,89.5,28,,rating-breakdown,True,82.4,6.8,89.5,28,cross,False,False,,
1153957,Aleksandar Stanković,15858619,rating-breakdown,passes,passes,,,,Club Brugge KV,90.0,,72.4,5.1,47.4,21.3,True,rating-breakdown,True,72.4,5.1,47.4,21.3,pass,False,False,,
1153957,Aleksandar Stanković,15858619,rating-breakdown,passes,passes,,,,Club Brugge KV,90.0,,47.4,58,67.4,66.1,True,rating-breakdown,True,47.4,58,67.4,66.1,pass,False,False,True,
1153957,Aleksandar Stanković,15858619,rating-breakdown,passes,passes,,,,Club Brugge KV,90.0,,53,83.5,76.8,89.7,True,rating-breakdown,True,53,83.5,76.8,89.7,pass,False,False,,
1153957,Aleksandar Stanković,15858619,rating-breakdown,passes,passes,,,,Club Brugge KV,90.0,,32.9,58.5,8.8,48.9,True,rating-breakdown,True,32.9,58.5,8.8,48.9,pass,False,False,,
1153957,Aleksandar Stanković,15858619,rating-breakdown,passes,passes,,,,Club Brugge KV,90.0,,45.7,12.4,47.9,26,True,rating-breakdown,True,45.7,12.4,47.9,26,pass,False,False,,
1153957,Aleksandar Stanković,15858619,rating-breakdown,passes,passes,,,,Club Brugge KV,90.0,,41.3,12.4,52.6,2.7,True,rating-breakdown,True,41.3,12.4,52.6,2.7,pass,False,False,,
1153957,Aleksandar Stanković,15858619,rating-breakdown,passes,passes,,,,Club Brugge KV,90.0,,43.5,9.8,45.1,18.8,True,rating-breakdown,True,43.5,9.8,45.1,18.8,pass,False,False,,
1153957,Aleksandar Stanković,15858619,rating-breakdown,passes,passes,,,,Club Brugge KV,90.0,,41.1,9.8,38.1,40.4,True,rating-breakdown,True,41.1,9.8,38.1,40.4,pass,False,False,,
1153957,Aleksandar Stanković,15858619,rating-breakdown,passes,passes,,,,Club Brugge KV,90.0,,18.5,79.7,25.8,73.2,True,rating-breakdown,True,18.5,79.7,25.8,73.2,pass,False,False,,
1153957,Aleksandar Stanković,15858619,rating-breakdown,passes,passes,,,,Club Brugge KV,90.0,,64,74,53.2,63.6,True,rating-breakdown,True,64,74,53.2,63.6,pass,False,False,,
1153957,Aleksandar Stanković,15858619,rating-breakdown,passes,passes,,,,Club Brugge KV,90.0,,62.1,57.6,55.8,17.6,True,rating-breakdown,True,62.1,57.6,55.8,17.6,pass,False,False,,
1153957,Aleksandar Stanković,15858619,rating-breakdown,passes,passes,,,,Club Brugge KV,90.0,,72.2,65.8,74.4,75.8,True,rating-breakdown,True,72.2,65.8,74.4,75.8,pass,False,False,,
1153957,Aleksandar Stanković,15858619,rating-breakdown,passes,passes,,,,Club Brugge KV,90.0,,13.9,42.9,23.9,36.7,True,rating-breakdown,True,13.9,42.9,23.9,36.7,pass,False,False,,
1153957,Aleksandar Stanković,15858619,rating-breakdown,passes,passes,,,,Club Brugge KV,90.0,,36.6,48.9,43.5,73.3,True,rating-breakdown,True,36.6,48.9,43.5,73.3,pass,False,False,,
1153957,Aleksandar Stanković,15858619,rating-breakdown,passes,passes,,,,Club Brugge KV,90.0,,77.3,39.1,74.9,22.9,True,rating-breakdown,True,77.3,39.1,74.9,22.9,pass,False,False,,
1153957,Aleksandar Stanković,15858619,rating-breakdown,passes,passes,,,,Club Brugge KV,90.0,,54.1,59.7,68,60.5,,rating-breakdown,True,54.1,59.7,68,60.5,pass,False,False,,
1153957,Aleksandar Stanković,15858619,rating-breakdown,passes,passes,,,,Club Brugge KV,90.0,,34.8,3.6,12.9,18,True,rating-breakdown,True,34.8,3.6,12.9,18,pass,False,False,,
1153957,Aleksandar Stanković,15858619,rating-breakdown,passes,passes,,,,Club Brugge KV,90.0,,67.4,75.9,84.4,96.2,True,rating-breakdown,True,67.4,75.9,84.4,96.2,pass,False,False,,
1153957,Aleksandar Stanković,15858619,rating-breakdown,passes,passes,,,,Club Brugge KV,90.0,,55.1,30,61.7,33.6,True,rating-breakdown,True,55.1,30,61.7,33.6,pass,False,False,,
1153957,Aleksandar Stanković,15858619,rating-breakdown,passes,passes,,,,Club Brugge KV,90.0,,55.9,31.2,62.4,33.3,True,rating-breakdown,True,55.9,31.2,62.4,33.3,pass,False,False,,
1153957,Aleksandar Stanković,15858619,rating-breakdown,passes,passes,,,,Club Brugge KV,90.0,,55.3,30.6,36.1,50.3,True,rating-breakdown,True,55.3,30.6,36.1,50.3,pass,False,False,,
1153957,Aleksandar Stanković,15858619,rating-breakdown,passes,passes,,,,Club Brugge KV,90.0,,38.7,17.6,63.3,89.4,,rating-breakdown,True,38.7,17.6,63.3,89.4,pass,False,False,True,
1153957,Aleksandar Stanković,15858619,rating-breakdown,passes,passes,,,,Club Brugge KV,90.0,,33.3,62.1,47.9,93.4,True,rating-breakdown,True,33.3,62.1,47.9,93.4,pass,False,False,,
1153957,Aleksandar Stanković,15858619,rating-breakdown,passes,passes,,,,Club Brugge KV,90.0,,68.4,82.6,70.9,88.7,True,rating-breakdown,True,68.4,82.6,70.9,88.7,pass,False,False,,
1153957,Aleksandar Stanković,15858619,rating-breakdown,passes,passes,,,,Club Brugge KV,90.0,,52.9,70.5,44.2,69.1,True,rating-breakdown,True,52.9,70.5,44.2,69.1,pass,False,False,,
1153957,Aleksandar Stanković,15858619,rating-breakdown,passes,passes,,,,Club Brugge KV,90.0,,60.4,79.7,52.3,65,True,rating-breakdown,True,60.4,79.7,52.3,65,pass,False,False,,
1153957,Aleksandar Stanković,15858619,rating-breakdown,passes,passes,,,,Club Brugge KV,90.0,,37.6,35.3,54.7,37.9,True,rating-breakdown,True,37.6,35.3,54.7,37.9,pass,False,False,,
1153957,Aleksandar Stanković,15858619,rating-breakdown,passes,passes,,,,Club Brugge KV,90.0,,39.8,79.1,45,91.1,True,rating-breakdown,True,39.8,79.1,45,91.1,pass,False,False,,
1153957,Aleksandar Stanković,15858619,rating-breakdown,passes,passes,,,,Club Brugge KV,90.0,,30.3,34.1,31.1,76.2,True,rating-breakdown,True,30.3,34.1,31.1,76.2,pass,False,False,,
1153957,Aleksandar Stanković,15858619,rating-breakdown,passes,passes,,,,Club Brugge KV,90.0,,35.5,84.9,47.5,79,True,rating-breakdown,True,35.5,84.9,47.5,79,pass,False,False,,
1153957,Aleksandar Stanković,15858619,rating-breakdown,passes,passes,,,,Club Brugge KV,90.0,,53.1,43,44.9,20.7,True,rating-breakdown,True,53.1,43,44.9,20.7,pass,False,False,,
1153957,Aleksandar Stanković,15858619,rating-breakdown,passes,passes,,,,Club Brugge KV,90.0,,13.1,94.1,11.3,97.8,True,rating-breakdown,True,13.1,94.1,11.3,97.8,pass,False,False,,
1153957,Aleksandar Stanković,15858619,rating-breakdown,passes,passes,,,,Club Brugge KV,90.0,,74.4,28,76.4,45.9,True,rating-breakdown,True,74.4,28,76.4,45.9,pass,False,False,,
1153957,Aleksandar Stanković,15858619,rating-breakdown,passes,passes,,,,Club Brugge KV,90.0,,87.9,40.3,90,49.8,,rating-breakdown,True,87.9,40.3,90,49.8,pass,False,False,,
1153957,Aleksandar Stanković,15858619,rating-breakdown,passes,passes,,,,Club Brugge KV,90.0,,36.2,42.4,36.9,77.6,True,rating-breakdown,True,36.2,42.4,36.9,77.6,pass,False,False,,
1153957,Aleksandar Stanković,15858619,rating-breakdown,passes,passes,,,,Club Brugge KV,90.0,,61,50.3,51.6,52.7,True,rating-breakdown,True,61,50.3,51.6,52.7,pass,False,False,,
1153957,Aleksandar Stanković,15858619,rating-breakdown,passes,passes,,,,Club Brugge KV,90.0,,58.8,10.9,68.6,0,,rating-breakdown,True,58.8,10.9,68.6,0,pass,False,False,,
1153957,Aleksandar Stanković,15858619,rating-breakdown,passes,passes,,,,Club Brugge KV,90.0,,8.1,6.6,30.6,6,,rating-breakdown,True,8.1,6.6,30.6,6,pass,False,False,True,
1153957,Aleksandar Stanković,15858619,rating-breakdown,passes,passes,,,,Club Brugge KV,90.0,,56,86.2,51.5,95.5,True,rating-breakdown,True,56,86.2,51.5,95.5,pass,False,False,,
1153957,Aleksandar Stanković,15858619,rating-breakdown,passes,passes,,,,Club Brugge KV,90.0,,41.9,90,17.6,53.5,True,rating-breakdown,True,41.9,90,17.6,53.5,pass,False,False,True,
1153957,Aleksandar Stanković,15858619,rating-breakdown,passes,passes,,,,Club Brugge KV,90.0,,37.8,34.7,33.3,63.8,True,rating-breakdown,True,37.8,34.7,33.3,63.8,pass,False,False,,
1153957,Aleksandar Stanković,15858619,rating-breakdown,passes,passes,,,,Club Brugge KV,90.0,,28.5,37.6,41.5,36.1,,rating-breakdown,True,28.5,37.6,41.5,36.1,pass,False,False,,
1153957,Aleksandar Stanković,15858619,rating-breakdown,passes,passes,,,,Club Brugge KV,90.0,,64.2,91.7,70.2,86.2,True,rating-breakdown,True,64.2,91.7,70.2,86.2,pass,False,False,,
1153957,Aleksandar Stanković,15858619,rating-breakdown,passes,passes,,,,Club Brugge KV,90.0,,86,73.5,98,26.5,True,rating-breakdown,True,86,73.5,98,26.5,pass,False,False,True,
1153957,Aleksandar Stanković,15858619,rating-breakdown,passes,passes,,,,Club Brugge KV,90.0,,74.6,42.9,61.6,11.5,True,rating-breakdown,True,74.6,42.9,61.6,11.5,pass,False,False,,
1153957,Aleksandar Stanković,15858619,rating-breakdown,passes,passes,,,,Club Brugge KV,90.0,,65.1,29.4,71.5,32.9,True,rating-breakdown,True,65.1,29.4,71.5,32.9,pass,False,False,,
1153957,Aleksandar Stanković,15858619,rating-breakdown,passes,passes,,,,Club Brugge KV,90.0,,64.4,29.4,68.6,37,True,rating-breakdown,True,64.4,29.4,68.6,37,pass,False,False,,
1153957,Aleksandar Stanković,15858619,rating-breakdown,ball-carries,ball-carries,,,,Club Brugge KV,90.0,,64.8,51.8,55.7,49.7,,rating-breakdown,True,64.8,51.8,55.7,49.7,ball-carry,False,,,
1153957,Aleksandar Stanković,15858619,rating-breakdown,ball-carries,ball-carries,,,,Club Brugge KV,90.0,,20.9,31.8,24.4,25.3,,rating-breakdown,True,20.9,31.8,24.4,25.3,ball-carry,False,,,
1153957,Aleksandar Stanković,15858619,rating-breakdown,ball-carries,ball-carries,,,,Club Brugge KV,90.0,,68.7,10,82.4,6.8,,rating-breakdown,True,68.7,10,82.4,6.8,ball-carry,False,,,
1153957,Aleksandar Stanković,15858619,rating-breakdown,ball-carries,ball-carries,,,,Club Brugge KV,90.0,,42.1,5.3,43.5,9.8,,rating-breakdown,True,42.1,5.3,43.5,9.8,ball-carry,False,,,
1153957,Aleksandar Stanković,15858619,rating-breakdown,ball-carries,ball-carries,,,,Club Brugge KV,90.0,,64.3,79.9,64,74,,rating-breakdown,True,64.3,79.9,64,74,ball-carry,False,,,
1153957,Aleksandar Stanković,15858619,rating-breakdown,ball-carries,ball-carries,,,,Club Brugge KV,90.0,,38.8,38.8,36.6,48.9,,rating-breakdown,True,38.8,38.8,36.6,48.9,ball-carry,False,,,
1153957,Aleksandar Stanković,15858619,rating-breakdown,ball-carries,ball-carries,,,,Club Brugge KV,90.0,,39.7,5.9,34.8,3.6,,rating-breakdown,True,39.7,5.9,34.8,3.6,ball-carry,False,,,
1153957,Aleksandar Stanković,15858619,rating-breakdown,ball-carries,ball-carries,,,,Club Brugge KV,90.0,,42,76.5,67.4,75.9,,rating-breakdown,True,42,76.5,67.4,75.9,ball-carry,False,,,
1153957,Aleksandar Stanković,15858619,rating-breakdown,ball-carries,ball-carries,,,,Club Brugge KV,90.0,,58.3,66.1,68.4,82.6,,rating-breakdown,True,58.3,66.1,68.4,82.6,ball-carry,False,,,
1153957,Aleksandar Stanković,15858619,rating-breakdown,ball-carries,ball-carries,,,,Club Brugge KV,90.0,,41,84.7,39.8,79.1,,rating-breakdown,True,41,84.7,39.8,79.1,ball-carry,False,,,
1153957,Aleksandar Stanković,15858619,rating-breakdown,ball-carries,ball-carries,,,,Club Brugge KV,90.0,,46.9,57.4,53.1,43,,rating-breakdown,True,46.9,57.4,53.1,43,ball-carry,False,,,
1153957,Aleksandar Stanković,15858619,rating-breakdown,ball-carries,ball-carries,,,,Club Brugge KV,90.0,,78.1,22.1,74.4,28,,rating-breakdown,True,78.1,22.1,74.4,28,ball-carry,False,,,
1153957,Aleksandar Stanković,15858619,rating-breakdown,ball-carries,ball-carries,,,,Club Brugge KV,90.0,,60.8,44.1,61,50.3,,rating-breakdown,True,60.8,44.1,61,50.3,ball-carry,False,,,
1153957,Aleksandar Stanković,15858619,rating-breakdown,ball-carries,ball-carries,,,,Club Brugge KV,90.0,,46.7,90.5,41.9,90,,rating-breakdown,True,46.7,90.5,41.9,90,ball-carry,False,,,
1153957,Aleksandar Stanković,15858619,rating-breakdown,ball-carries,ball-carries,,,,Club Brugge KV,90.0,,38.4,77.7,64.2,91.7,,rating-breakdown,True,38.4,77.7,64.2,91.7,ball-carry,False,,,
1153957,Aleksandar Stanković,15858619,rating-breakdown,defensive,defensive,,,,Club Brugge KV,90.0,,9.1,38.9,14.3,13.2,True,rating-breakdown,True,9.1,38.9,14.3,13.2,clearance,False,False,,
1153957,Aleksandar Stanković,15858619,rating-breakdown,defensive,defensive,,,,Club Brugge KV,90.0,,13.9,42.9,,,True,rating-breakdown,True,13.9,42.9,,,ball-recovery,False,False,,
1153957,Aleksandar Stanković,15858619,rating-breakdown,defensive,defensive,,,,Club Brugge KV,90.0,,11,52.9,30.9,58.5,True,rating-breakdown,True,11,52.9,30.9,58.5,clearance,False,False,,
1153957,Aleksandar Stanković,15858619,rating-breakdown,defensive,defensive,,,,Club Brugge KV,90.0,,34.9,56.8,,,True,rating-breakdown,True,34.9,56.8,,,interception,False,False,,
1153957,Aleksandar Stanković,15858619,rating-breakdown,defensive,defensive,,,,Club Brugge KV,90.0,,38.4,77.7,,,True,rating-breakdown,True,38.4,77.7,,,ball-recovery,False,False,,
1153957,Aleksandar Stanković,14035871,rating-breakdown,passes,passes,,,,Club Brugge KV,90.0,,49.8,49.7,32.9,62.1,True,rating-breakdown,True,49.8,49.7,32.9,62.1,pass,False,False,,
1153957,Aleksandar Stanković,14035871,rating-breakdown,passes,passes,,,,Club Brugge KV,90.0,,33.8,40.3,29.1,80.8,True,rating-breakdown,True,33.8,40.3,29.1,80.8,pass,False,False,,
1153957,Aleksandar Stanković,14035871,rating-breakdown,passes,passes,,,,Club Brugge KV,90.0,,26.4,47,31.8,18.3,True,rating-breakdown,True,26.4,47,31.8,18.3,pass,False,False,,
1153957,Aleksandar Stanković,14035871,rating-breakdown,passes,passes,,,,Club Brugge KV,90.0,,61.4,33.4,54.6,71.8,True,rating-breakdown,True,61.4,33.4,54.6,71.8,pass,False,False,,
1153957,Aleksandar Stanković,14035871,rating-breakdown,passes,passes,,,,Club Brugge KV,90.0,,59.5,29.8,60.9,62.4,True,rating-breakdown,True,59.5,29.8,60.9,62.4,pass,False,False,,
1153957,Aleksandar Stanković,14035871,rating-breakdown,passes,passes,,,,Club Brugge KV,90.0,,41.2,7.2,17.5,41.7,True,rating-breakdown,True,41.2,7.2,17.5,41.7,pass,False,False,True,
1153957,Aleksandar Stanković,14035871,rating-breakdown,passes,passes,,,,Club Brugge KV,90.0,,23.8,10.4,12.6,39.1,True,rating-breakdown,True,23.8,10.4,12.6,39.1,pass,False,False,,
1153957,Aleksandar Stanković,14035871,rating-breakdown,passes,passes,,,,Club Brugge KV,90.0,,28.8,78.5,33.2,79.3,True,rating-breakdown,True,28.8,78.5,33.2,79.3,pass,False,False,,
1153957,Aleksandar Stanković,14035871,rating-breakdown,passes,passes,,,,Club Brugge KV,90.0,,39.2,59.1,30.3,71.8,True,rating-breakdown,True,39.2,59.1,30.3,71.8,pass,False,False,,
1153957,Aleksandar Stanković,14035871,rating-breakdown,passes,passes,,,,Club Brugge KV,90.0,,41,33.1,52.1,42.2,True,rating-breakdown,True,41,33.1,52.1,42.2,pass,False,False,,
1153957,Aleksandar Stanković,14035871,rating-breakdown,passes,passes,,,,Club Brugge KV,90.0,,38.4,28.8,40.5,15.3,True,rating-breakdown,True,38.4,28.8,40.5,15.3,pass,False,False,,
1153957,Aleksandar Stanković,14035871,rating-breakdown,passes,passes,,,,Club Brugge KV,90.0,,25.9,46.1,25.5,73.9,True,rating-breakdown,True,25.9,46.1,25.5,73.9,pass,False,False,,
1153957,Aleksandar Stanković,14035871,rating-breakdown,passes,passes,,,,Club Brugge KV,90.0,,44.7,47.5,51.9,11.7,True,rating-breakdown,True,44.7,47.5,51.9,11.7,pass,False,False,,
1153957,Aleksandar Stanković,14035871,rating-breakdown,passes,passes,,,,Club Brugge KV,90.0,,33.9,34,21.1,57.3,True,rating-breakdown,True,33.9,34,21.1,57.3,pass,False,False,,
1153957,Aleksandar Stanković,14035871,rating-breakdown,passes,passes,,,,Club Brugge KV,90.0,,55.3,73.5,61.1,89,True,rating-breakdown,True,55.3,73.5,61.1,89,pass,False,False,,
1153957,Aleksandar Stanković,14035871,rating-breakdown,passes,passes,,,,Club Brugge KV,90.0,,53.7,75.3,40.4,39.5,True,rating-breakdown,True,53.7,75.3,40.4,39.5,pass,False,False,,
1153957,Aleksandar Stanković,14035871,rating-breakdown,passes,passes,,,,Club Brugge KV,90.0,,39.5,70.3,57.4,76.1,True,rating-breakdown,True,39.5,70.3,57.4,76.1,pass,False,False,,
1153957,Aleksandar Stanković,14035871,rating-breakdown,passes,passes,,,,Club Brugge KV,90.0,,52.9,94.8,35.3,87.5,True,rating-breakdown,True,52.9,94.8,35.3,87.5,pass,False,False,,
1153957,Aleksandar Stanković,14035871,rating-breakdown,passes,passes,,,,Club Brugge KV,90.0,,34.3,60.6,38.3,92.3,True,rating-breakdown,True,34.3,60.6,38.3,92.3,pass,False,False,,
1153957,Aleksandar Stanković,14035871,rating-breakdown,passes,passes,,,,Club Brugge KV,90.0,,45.9,62,58.5,97.2,True,rating-breakdown,True,45.9,62,58.5,97.2,pass,False,False,,
1153957,Aleksandar Stanković,14035871,rating-breakdown,passes,passes,,,,Club Brugge KV,90.0,,58,71.8,57.8,31.5,True,rating-breakdown,True,58,71.8,57.8,31.5,pass,False,False,,
1153957,Aleksandar Stanković,14035871,rating-breakdown,passes,passes,,,,Club Brugge KV,90.0,,36.5,29.1,43.8,14.7,,rating-breakdown,True,36.5,29.1,43.8,14.7,pass,False,False,,
1153957,Aleksandar Stanković,14035871,rating-breakdown,passes,passes,,,,Club Brugge KV,90.0,,55.9,35.8,91.7,58.1,True,rating-breakdown,True,55.9,35.8,91.7,58.1,pass,False,False,True,
1153957,Aleksandar Stanković,14035871,rating-breakdown,passes,passes,,,,Club Brugge KV,90.0,,55,67,58.4,34.9,True,rating-breakdown,True,55,67,58.4,34.9,pass,False,False,,
1153957,Aleksandar Stanković,14035871,rating-breakdown,passes,passes,,,,Club Brugge KV,90.0,,18.4,45.8,28.1,72.7,True,rating-breakdown,True,18.4,45.8,28.1,72.7,pass,False,False,,
1153957,Aleksandar Stanković,14035871,rating-breakdown,passes,passes,,,,Club Brugge KV,90.0,,54.8,63,52.8,22.9,True,rating-breakdown,True,54.8,63,52.8,22.9,pass,False,False,,
1153957,Aleksandar Stanković,14035871,rating-breakdown,passes,passes,,,,Club Brugge KV,90.0,,61.2,20,77.5,8.8,True,rating-breakdown,True,61.2,20,77.5,8.8,pass,False,False,,
1153957,Aleksandar Stanković,14035871,rating-breakdown,passes,passes,,,,Club Brugge KV,90.0,,51.9,94.4,57.7,80.3,True,rating-breakdown,True,51.9,94.4,57.7,80.3,pass,False,False,,
1153957,Aleksandar Stanković,14035871,rating-breakdown,passes,passes,,,,Club Brugge KV,90.0,,57.7,67.9,86.6,89.4,True,rating-breakdown,True,57.7,67.9,86.6,89.4,pass,False,False,True,
1153957,Aleksandar Stanković,14035871,rating-breakdown,passes,passes,,,,Club Brugge KV,90.0,,65.6,84.5,77.8,94.1,True,rating-breakdown,True,65.6,84.5,77.8,94.1,pass,False,False,,
1153957,Aleksandar Stanković,14035871,rating-breakdown,passes,passes,,,,Club Brugge KV,90.0,,68.1,63.2,81,92.4,True,rating-breakdown,True,68.1,63.2,81,92.4,pass,False,False,,
1153957,Aleksandar Stanković,14035871,rating-breakdown,passes,passes,,,,Club Brugge KV,90.0,,79.1,45.2,73.8,38.5,True,rating-breakdown,True,79.1,45.2,73.8,38.5,pass,False,False,,
1153957,Aleksandar Stanković,14035871,rating-breakdown,passes,passes,,,,Club Brugge KV,90.0,,57.7,97.4,65.2,86.6,True,rating-breakdown,True,57.7,97.4,65.2,86.6,pass,False,False,,
1153957,Aleksandar Stanković,14035871,rating-breakdown,passes,passes,,,,Club Brugge KV,90.0,,62.5,83.2,71.4,88.7,True,rating-breakdown,True,62.5,83.2,71.4,88.7,pass,False,False,,
1153957,Aleksandar Stanković,14035871,rating-breakdown,passes,passes,,,,Club Brugge KV,90.0,,23.8,68.7,7.6,57.2,True,rating-breakdown,True,23.8,68.7,7.6,57.2,pass,False,False,,
1153957,Aleksandar Stanković,14035871,rating-breakdown,passes,passes,,,,Club Brugge KV,90.0,,37.6,70.2,42.4,67.6,True,rating-breakdown,True,37.6,70.2,42.4,67.6,pass,False,False,,
1153957,Aleksandar Stanković,14035871,rating-breakdown,passes,passes,,,,Club Brugge KV,90.0,,41.4,70.8,31.4,68.4,True,rating-breakdown,True,41.4,70.8,31.4,68.4,pass,False,False,,
1153957,Aleksandar Stanković,14035871,rating-breakdown,passes,passes,,,,Club Brugge KV,90.0,,44.2,67.3,48.2,83.2,True,rating-breakdown,True,44.2,67.3,48.2,83.2,pass,False,False,,
1153957,Aleksandar Stanković,14035871,rating-breakdown,passes,passes,,,,Club Brugge KV,90.0,,47.8,58.7,52.1,15.5,True,rating-breakdown,True,47.8,58.7,52.1,15.5,pass,False,False,,
1153957,Aleksandar Stanković,14035871,rating-breakdown,passes,passes,,,,Club Brugge KV,90.0,,59.7,82.4,45.7,75.4,True,rating-breakdown,True,59.7,82.4,45.7,75.4,pass,False,False,,
1153957,Aleksandar Stanković,14035871,rating-breakdown,passes,passes,,,,Club Brugge KV,90.0,,74.9,48.7,79.3,63.6,True,rating-breakdown,True,74.9,48.7,79.3,63.6,pass,False,False,,
1153957,Aleksandar Stanković,14035871,rating-breakdown,passes,passes,,,,Club Brugge KV,90.0,,59.4,91.1,65.1,70.3,True,rating-breakdown,True,59.4,91.1,65.1,70.3,pass,False,False,,
1153957,Aleksandar Stanković,14035871,rating-breakdown,passes,passes,,,,Club Brugge KV,90.0,,57.9,78.5,52.7,39.5,True,rating-breakdown,True,57.9,78.5,52.7,39.5,pass,False,False,,
1153957,Aleksandar Stanković,14035871,rating-breakdown,passes,passes,,,,Club Brugge KV,90.0,,40,94.6,26.5,80.5,True,rating-breakdown,True,40,94.6,26.5,80.5,pass,False,False,,
1153957,Aleksandar Stanković,14035871,rating-breakdown,passes,passes,,,,Club Brugge KV,90.0,,32.9,91.2,21.3,70,True,rating-breakdown,True,32.9,91.2,21.3,70,pass,False,False,,
1153957,Aleksandar Stanković,14035871,rating-breakdown,passes,passes,,,,Club Brugge KV,90.0,,29.6,81.7,59.5,22.5,,rating-breakdown,True,29.6,81.7,59.5,22.5,pass,False,False,True,
1153957,Aleksandar Stanković,14035871,rating-breakdown,passes,passes,,,,Club Brugge KV,90.0,,63,67.1,76.2,39.7,,rating-breakdown,True,63,67.1,76.2,39.7,pass,False,False,,
1153957,Aleksandar Stanković,14035871,rating-breakdown,passes,passes,,,,Club Brugge KV,90.0,,84.6,54,87.3,40.3,True,rating-breakdown,True,84.6,54,87.3,40.3,pass,False,True,,
1153957,Aleksandar Stanković,14035871,rating-breakdown,passes,passes,,,,Club Brugge KV,90.0,,31.7,37,28.1,23.1,True,rating-breakdown,True,31.7,37,28.1,23.1,pass,False,False,,
1153957,Aleksandar Stanković,14035871,rating-breakdown,passes,passes,,,,Club Brugge KV,90.0,,56.4,56.4,61.6,74.2,True,rating-breakdown,True,56.4,56.4,61.6,74.2,pass,False,False,,
1153957,Aleksandar Stanković,14035871,rating-breakdown,passes,passes,,,,Club Brugge KV,90.0,,70.1,87.8,59.2,61.7,True,rating-breakdown,True,70.1,87.8,59.2,61.7,pass,False,False,,
1153957,Aleksandar Stanković,14035871,rating-breakdown,passes,passes,,,,Club Brugge KV,90.0,,40.7,12.6,54.4,5.2,True,rating-breakdown,True,40.7,12.6,54.4,5.2,pass,False,False,,
1153957,Aleksandar Stanković,14035871,rating-breakdown,passes,passes,,,,Club Brugge KV,90.0,,41.2,9.7,27.4,23.4,True,rating-breakdown,True,41.2,9.7,27.4,23.4,pass,False,False,,
1153957,Aleksandar Stanković,14035871,rating-breakdown,passes,passes,,,,Club Brugge KV,90.0,,71.4,7.7,95.3,32.1,True,rating-breakdown,True,71.4,7.7,95.3,32.1,pass,False,False,,
1153957,Aleksandar Stanković,14035871,rating-breakdown,passes,passes,,,,Club Brugge KV,90.0,,53.4,2.5,75.1,40.1,True,rating-breakdown,True,53.4,2.5,75.1,40.1,pass,False,True,True,
1153957,Aleksandar Stanković,14035871,rating-breakdown,passes,passes,,,,Club Brugge KV,90.0,,34,34.8,36.9,61.1,True,rating-breakdown,True,34,34.8,36.9,61.1,pass,False,False,,
1153957,Aleksandar Stanković,14035871,rating-breakdown,passes,passes,,,,Club Brugge KV,90.0,,30.8,39.4,38.8,63,True,rating-breakdown,True,30.8,39.4,38.8,63,pass,False,False,,
1153957,Aleksandar Stanković,14035871,rating-breakdown,passes,passes,,,,Club Brugge KV,90.0,,56.6,80.8,35.2,75.4,True,rating-breakdown,True,56.6,80.8,35.2,75.4,pass,False,False,,
1153957,Aleksandar Stanković,14035871,rating-breakdown,passes,passes,,,,Club Brugge KV,90.0,,68.6,8.8,87.7,7.1,True,rating-breakdown,True,68.6,8.8,87.7,7.1,pass,False,False,,
1153957,Aleksandar Stanković,14035871,rating-breakdown,passes,passes,,,,Club Brugge KV,90.0,,51,78.2,16.2,64,True,rating-breakdown,True,51,78.2,16.2,64,pass,False,False,True,
1153957,Aleksandar Stanković,14035871,rating-breakdown,passes,passes,,,,Club Brugge KV,90.0,,27.6,95.6,54.2,90.6,,rating-breakdown,True,27.6,95.6,54.2,90.6,pass,False,False,True,
1153957,Aleksandar Stanković,14035871,rating-breakdown,passes,passes,,,,Club Brugge KV,90.0,,60,77.1,67.8,49.7,,rating-breakdown,True,60,77.1,67.8,49.7,pass,False,False,,
1153957,Aleksandar Stanković,14035871,rating-breakdown,defensive,defensive,,,,Club Brugge KV,90.0,,55.9,35.8,,,True,rating-breakdown,True,55.9,35.8,,,ball-recovery,False,False,,
1153957,Aleksandar Stanković,14035871,rating-breakdown,defensive,defensive,,,,Club Brugge KV,90.0,,17.3,49.1,,,True,rating-breakdown,True,17.3,49.1,,,ball-recovery,False,False,,
1153957,Aleksandar Stanković,14035871,rating-breakdown,defensive,defensive,,,,Club Brugge KV,90.0,,80.2,62.7,,,True,rating-breakdown,True,80.2,62.7,,,interception,False,True,,
1153957,Aleksandar Stanković,14035871,rating-breakdown,defensive,defensive,,,,Club Brugge KV,90.0,,17,46.8,,,True,rating-breakdown,True,17,46.8,,,block,False,False,,
1153957,Aleksandar Stanković,14035871,rating-breakdown,defensive,defensive,,,,Club Brugge KV,90.0,,24.2,72.3,,,True,rating-breakdown,True,24.2,72.3,,,interception,False,False,,
1153957,Aleksandar Stanković,14035871,rating-breakdown,defensive,defensive,,,,Club Brugge KV,90.0,,12.1,53.6,30.6,44.3,True,rating-breakdown,True,12.1,53.6,30.6,44.3,clearance,False,False,,
1153957,Aleksandar Stanković,14035871,rating-breakdown,defensive,defensive,,,,Club Brugge KV,90.0,,17.7,81.7,,,True,rating-breakdown,True,17.7,81.7,,,interception,False,False,,
1153957,Aleksandar Stanković,14035871,rating-breakdown,defensive,defensive,,,,Club Brugge KV,90.0,,51,78.2,,,True,rating-breakdown,True,51,78.2,,,ball-recovery,False,False,,
1153957,Aleksandar Stanković,15858575,rating-breakdown,passes,passes,,,,Club Brugge KV,79.0,,37.3,36.7,28.6,46.7,True,rating-breakdown,True,37.3,36.7,28.6,46.7,pass,False,False,,
1153957,Aleksandar Stanković,15858575,rating-breakdown,passes,passes,,,,Club Brugge KV,79.0,,80.5,51.2,84.2,64.1,True,rating-breakdown,True,80.5,51.2,84.2,64.1,pass,False,True,,
1153957,Aleksandar Stanković,15858575,rating-breakdown,passes,passes,,,,Club Brugge KV,79.0,,35.2,15.3,26.1,27.8,True,rating-breakdown,True,35.2,15.3,26.1,27.8,pass,False,False,,
1153957,Aleksandar Stanković,15858575,rating-breakdown,passes,passes,,,,Club Brugge KV,79.0,,19.6,84.4,24.4,73.4,True,rating-breakdown,True,19.6,84.4,24.4,73.4,pass,False,False,,
1153957,Aleksandar Stanković,15858575,rating-breakdown,passes,passes,,,,Club Brugge KV,79.0,,64,37,67.2,87.1,True,rating-breakdown,True,64,37,67.2,87.1,pass,False,False,True,
1153957,Aleksandar Stanković,15858575,rating-breakdown,passes,passes,,,,Club Brugge KV,79.0,,27.3,29.7,68,71.4,True,rating-breakdown,True,27.3,29.7,68,71.4,pass,False,True,True,
1153957,Aleksandar Stanković,15858575,rating-breakdown,passes,passes,,,,Club Brugge KV,79.0,,77.2,63.4,76.3,81.4,True,rating-breakdown,True,77.2,63.4,76.3,81.4,pass,False,False,,
1153957,Aleksandar Stanković,15858575,rating-breakdown,passes,passes,,,,Club Brugge KV,79.0,,58.9,10.1,51.9,29.2,True,rating-breakdown,True,58.9,10.1,51.9,29.2,pass,False,False,,
1153957,Aleksandar Stanković,15858575,rating-breakdown,passes,passes,,,,Club Brugge KV,79.0,,48.3,67,54.6,87.1,True,rating-breakdown,True,48.3,67,54.6,87.1,pass,False,False,,
1153957,Aleksandar Stanković,15858575,rating-breakdown,passes,passes,,,,Club Brugge KV,79.0,,49.2,73.2,39.4,39.6,True,rating-breakdown,True,49.2,73.2,39.4,39.6,pass,False,False,,
1153957,Aleksandar Stanković,15858575,rating-breakdown,passes,passes,,,,Club Brugge KV,79.0,,38.6,39.6,40.8,16.7,True,rating-breakdown,True,38.6,39.6,40.8,16.7,pass,False,False,,
1153957,Aleksandar Stanković,15858575,rating-breakdown,passes,passes,,,,Club Brugge KV,79.0,,28.1,11.3,70.8,19.7,,rating-breakdown,True,28.1,11.3,70.8,19.7,pass,False,False,True,
1153957,Aleksandar Stanković,15858575,rating-breakdown,passes,passes,,,,Club Brugge KV,79.0,,64,25,68.2,5.2,True,rating-breakdown,True,64,25,68.2,5.2,pass,False,False,,
1153957,Aleksandar Stanković,15858575,rating-breakdown,passes,passes,,,,Club Brugge KV,79.0,,65.4,40.8,69.7,34.6,True,rating-breakdown,True,65.4,40.8,69.7,34.6,pass,False,False,,
1153957,Aleksandar Stanković,15858575,rating-breakdown,passes,passes,,,,Club Brugge KV,79.0,,53.4,74.9,53.5,54.2,True,rating-breakdown,True,53.4,74.9,53.5,54.2,pass,False,False,,
1153957,Aleksandar Stanković,15858575,rating-breakdown,passes,passes,,,,Club Brugge KV,79.0,,28.9,67.9,36.7,88.7,True,rating-breakdown,True,28.9,67.9,36.7,88.7,pass,False,False,,
1153957,Aleksandar Stanković,15858575,rating-breakdown,passes,passes,,,,Club Brugge KV,79.0,,54.5,35.5,51,24.2,True,rating-breakdown,True,54.5,35.5,51,24.2,pass,False,False,,
1153957,Aleksandar Stanković,15858575,rating-breakdown,passes,passes,,,,Club Brugge KV,79.0,,28.7,67.8,29.5,84.8,True,rating-breakdown,True,28.7,67.8,29.5,84.8,pass,False,False,,
1153957,Aleksandar Stanković,15858575,rating-breakdown,passes,passes,,,,Club Brugge KV,79.0,,24.3,73.8,14.1,59.3,True,rating-breakdown,True,24.3,73.8,14.1,59.3,pass,False,False,,
1153957,Aleksandar Stanković,15858575,rating-breakdown,passes,passes,,,,Club Brugge KV,79.0,,40.7,67.7,34.2,45.4,True,rating-breakdown,True,40.7,67.7,34.2,45.4,pass,False,False,,
1153957,Aleksandar Stanković,15858575,rating-breakdown,passes,passes,,,,Club Brugge KV,79.0,,43.3,53.9,48.1,29.7,True,rating-breakdown,True,43.3,53.9,48.1,29.7,pass,False,False,,
1153957,Aleksandar Stanković,15858575,rating-breakdown,passes,passes,,,,Club Brugge KV,79.0,,66.1,73.1,66.5,64.6,True,rating-breakdown,True,66.1,73.1,66.5,64.6,pass,False,False,,
1153957,Aleksandar Stanković,15858575,rating-breakdown,passes,passes,,,,Club Brugge KV,79.0,,76.4,63.3,86.9,69,True,rating-breakdown,True,76.4,63.3,86.9,69,pass,False,False,,
1153957,Aleksandar Stanković,15858575,rating-breakdown,passes,passes,,,,Club Brugge KV,79.0,,22.3,26.8,16.3,17.4,True,rating-breakdown,True,22.3,26.8,16.3,17.4,pass,False,False,,
1153957,Aleksandar Stanković,15858575,rating-breakdown,passes,passes,,,,Club Brugge KV,79.0,,63.6,15,71.6,7.6,True,rating-breakdown,True,63.6,15,71.6,7.6,pass,False,False,,
1153957,Aleksandar Stanković,15858575,rating-breakdown,passes,passes,,,,Club Brugge KV,79.0,,78.6,27.7,88.6,35.5,True,rating-breakdown,True,78.6,27.7,88.6,35.5,pass,False,False,,
1153957,Aleksandar Stanković,15858575,rating-breakdown,passes,passes,,,,Club Brugge KV,79.0,,87.5,42.9,84.8,60.9,True,rating-breakdown,True,87.5,42.9,84.8,60.9,pass,False,False,,
1153957,Aleksandar Stanković,15858575,rating-breakdown,passes,passes,,,,Club Brugge KV,79.0,,58.3,27.4,66.8,7.9,True,rating-breakdown,True,58.3,27.4,66.8,7.9,pass,False,False,,
1153957,Aleksandar Stanković,15858575,rating-breakdown,passes,passes,,,,Club Brugge KV,79.0,,31.3,31.2,40,47.6,True,rating-breakdown,True,31.3,31.2,40,47.6,pass,False,False,,
1153957,Aleksandar Stanković,15858575,rating-breakdown,passes,passes,,,,Club Brugge KV,79.0,,76.6,65.1,76.4,46.5,True,rating-breakdown,True,76.6,65.1,76.4,46.5,pass,False,False,,
1153957,Aleksandar Stanković,15858575,rating-breakdown,ball-carries,ball-carries,,,,Club Brugge KV,79.0,,57.7,32.4,64,37,,rating-breakdown,True,57.7,32.4,64,37,ball-carry,False,,,
1153957,Aleksandar Stanković,15858575,rating-breakdown,ball-carries,ball-carries,,,,Club Brugge KV,79.0,,50.6,59,48.3,67,,rating-breakdown,True,50.6,59,48.3,67,ball-carry,False,,,
1153957,Aleksandar Stanković,15858575,rating-breakdown,ball-carries,ball-carries,,,,Club Brugge KV,79.0,,40.3,57.8,38.6,39.6,,rating-breakdown,True,40.3,57.8,38.6,39.6,ball-carry,False,,,
1153957,Aleksandar Stanković,15858575,rating-breakdown,ball-carries,ball-carries,,,,Club Brugge KV,79.0,,49.1,50.9,64,25,,rating-breakdown,True,49.1,50.9,64,25,ball-carry,False,,,
1153957,Aleksandar Stanković,15858575,rating-breakdown,ball-carries,ball-carries,,,,Club Brugge KV,79.0,,69.5,37.5,71.6,34,,rating-breakdown,True,69.5,37.5,71.6,34,ball-carry,False,,,
1153957,Aleksandar Stanković,15858575,rating-breakdown,ball-carries,ball-carries,,,,Club Brugge KV,79.0,,75.2,14.7,78.6,27.7,,rating-breakdown,True,75.2,14.7,78.6,27.7,ball-carry,False,,,
1153957,Aleksandar Stanković,15858575,rating-breakdown,ball-carries,ball-carries,,,,Club Brugge KV,79.0,,87.1,36.4,87.5,42.9,,rating-breakdown,True,87.1,36.4,87.5,42.9,ball-carry,False,,,
1153957,Aleksandar Stanković,15858575,rating-breakdown,defensive,defensive,,,,Club Brugge KV,79.0,,27.3,29.7,,,True,rating-breakdown,True,27.3,29.7,,,ball-recovery,False,False,,
1153957,Aleksandar Stanković,15858575,rating-breakdown,defensive,defensive,,,,Club Brugge KV,79.0,,28.5,47.4,,,True,rating-breakdown,True,28.5,47.4,,,interception,False,False,,
1153957,Aleksandar Stanković,15858575,rating-breakdown,defensive,defensive,,,,Club Brugge KV,79.0,,4.1,53.7,12.1,73.2,True,rating-breakdown,True,4.1,53.7,12.1,73.2,clearance,False,False,,
1153957,Aleksandar Stanković,15858575,rating-breakdown,defensive,defensive,,,,Club Brugge KV,79.0,,20.8,26.2,24.2,25,True,rating-breakdown,True,20.8,26.2,24.2,25,clearance,False,False,,
1153957,Aleksandar Stanković,15858575,rating-breakdown,defensive,defensive,,,,Club Brugge KV,79.0,,8.7,17,12.7,0,True,rating-breakdown,True,8.7,17,12.7,0,clearance,False,False,,
1153957,Aleksandar Stanković,15858575,rating-breakdown,defensive,defensive,,,,Club Brugge KV,79.0,,8.8,34.6,,,True,rating-breakdown,True,8.8,34.6,,,tackle,False,False,,
1153957,Aleksandar Stanković,15858575,rating-breakdown,defensive,defensive,,,,Club Brugge KV,79.0,,4.4,59.8,0,88.3,True,rating-breakdown,True,4.4,59.8,0,88.3,clearance,False,False,,
1153957,Aleksandar Stanković,15858575,rating-breakdown,defensive,defensive,,,,Club Brugge KV,79.0,,24.3,28,,,True,rating-breakdown,True,24.3,28,,,ball-recovery,False,False,,
1153957,Aleksandar Stanković,15858575,rating-breakdown,defensive,defensive,,,,Club Brugge KV,79.0,,2.7,53.8,11.1,71.6,True,rating-breakdown,True,2.7,53.8,11.1,71.6,clearance,False,False,,
1153957,Aleksandar Stanković,15858575,rating-breakdown,defensive,defensive,,,,Club Brugge KV,79.0,,18.6,49.2,50.3,69.4,True,rating-breakdown,True,18.6,49.2,50.3,69.4,clearance,False,False,,
1153957,Aleksandar Stanković,15858575,rating-breakdown,defensive,defensive,,,,Club Brugge KV,79.0,,76.6,65.1,,,True,rating-breakdown,True,76.6,65.1,,,ball-recovery,False,False,,
1153957,Aleksandar Stanković,14035878,rating-breakdown,passes,passes,,,,Club Brugge KV,90.0,,36.5,61.6,76.9,0,,rating-breakdown,True,36.5,61.6,76.9,0,pass,False,False,True,
1153957,Aleksandar Stanković,14035878,rating-breakdown,passes,passes,,,,Club Brugge KV,90.0,,59.5,7.2,71.4,5.2,True,rating-breakdown,True,59.5,7.2,71.4,5.2,pass,False,False,,
1153957,Aleksandar Stanković,14035878,rating-breakdown,passes,passes,,,,Club Brugge KV,90.0,,70.9,45.5,86.7,11.8,True,rating-breakdown,True,70.9,45.5,86.7,11.8,pass,False,False,,
1153957,Aleksandar Stanković,14035878,rating-breakdown,passes,passes,,,,Club Brugge KV,90.0,,72,27.6,87,29.6,,rating-breakdown,True,72,27.6,87,29.6,pass,False,False,,
1153957,Aleksandar Stanković,14035878,rating-breakdown,passes,passes,,,,Club Brugge KV,90.0,,35,33.9,30.4,50.3,True,rating-breakdown,True,35,33.9,30.4,50.3,pass,False,False,,
1153957,Aleksandar Stanković,14035878,rating-breakdown,passes,passes,,,,Club Brugge KV,90.0,,43.2,20.2,65,3.7,True,rating-breakdown,True,43.2,20.2,65,3.7,pass,False,False,,
1153957,Aleksandar Stanković,14035878,rating-breakdown,passes,passes,,,,Club Brugge KV,90.0,,43.3,14.7,38.2,42.2,True,rating-breakdown,True,43.3,14.7,38.2,42.2,pass,False,False,,
1153957,Aleksandar Stanković,14035878,rating-breakdown,passes,passes,,,,Club Brugge KV,90.0,,16.1,13.8,20.4,4.6,True,rating-breakdown,True,16.1,13.8,20.4,4.6,pass,False,False,,
1153957,Aleksandar Stanković,14035878,rating-breakdown,passes,passes,,,,Club Brugge KV,90.0,,78.8,39.5,74.7,66.4,True,rating-breakdown,True,78.8,39.5,74.7,66.4,pass,False,False,,
1153957,Aleksandar Stanković,14035878,rating-breakdown,passes,passes,,,,Club Brugge KV,90.0,,64.8,15.7,87.2,17.2,True,rating-breakdown,True,64.8,15.7,87.2,17.2,pass,False,False,,
1153957,Aleksandar Stanković,14035878,rating-breakdown,passes,passes,,,,Club Brugge KV,90.0,,99.5,0.5,90.8,46.8,True,rating-breakdown,True,99.5,0.5,90.8,46.8,cross,False,True,True,
1153957,Aleksandar Stanković,14035878,rating-breakdown,passes,passes,,,,Club Brugge KV,90.0,,92.2,9.7,86.7,60.2,,rating-breakdown,True,92.2,9.7,86.7,60.2,cross,False,False,True,
1153957,Aleksandar Stanković,14035878,rating-breakdown,passes,passes,,,,Club Brugge KV,90.0,,62.2,84.7,72.5,97.2,True,rating-breakdown,True,62.2,84.7,72.5,97.2,pass,False,False,,
1153957,Aleksandar Stanković,14035878,rating-breakdown,passes,passes,,,,Club Brugge KV,90.0,,18.3,47.6,25.3,55.9,True,rating-breakdown,True,18.3,47.6,25.3,55.9,pass,False,False,,
1153957,Aleksandar Stanković,14035878,rating-breakdown,passes,passes,,,,Club Brugge KV,90.0,,63.4,9,61.6,22.9,True,rating-breakdown,True,63.4,9,61.6,22.9,pass,False,False,,
1153957,Aleksandar Stanković,14035878,rating-breakdown,passes,passes,,,,Club Brugge KV,90.0,,22.2,29.3,27.9,12.1,True,rating-breakdown,True,22.2,29.3,27.9,12.1,pass,False,False,,
1153957,Aleksandar Stanković,14035878,rating-breakdown,passes,passes,,,,Club Brugge KV,90.0,,99.5,0.5,95.3,42.8,,rating-breakdown,True,99.5,0.5,95.3,42.8,cross,False,False,,
1153957,Aleksandar Stanković,14035878,rating-breakdown,passes,passes,,,,Club Brugge KV,90.0,,99.5,0.5,91.2,46.8,,rating-breakdown,True,99.5,0.5,91.2,46.8,cross,False,False,True,
1153957,Aleksandar Stanković,14035878,rating-breakdown,passes,passes,,,,Club Brugge KV,90.0,,48,16.6,40.6,22.6,True,rating-breakdown,True,48,16.6,40.6,22.6,pass,False,False,,
1153957,Aleksandar Stanković,14035878,rating-breakdown,passes,passes,,,,Club Brugge KV,90.0,,74.2,22.9,87.3,14.1,True,rating-breakdown,True,74.2,22.9,87.3,14.1,pass,False,False,,
1153957,Aleksandar Stanković,14035878,rating-breakdown,passes,passes,,,,Club Brugge KV,90.0,,79.5,4.8,92.6,86.1,True,rating-breakdown,True,79.5,4.8,92.6,86.1,cross,False,False,True,
1153957,Aleksandar Stanković,14035878,rating-breakdown,passes,passes,,,,Club Brugge KV,90.0,,78.4,27,72.5,34.5,True,rating-breakdown,True,78.4,27,72.5,34.5,pass,False,False,,
1153957,Aleksandar Stanković,14035878,rating-breakdown,passes,passes,,,,Club Brugge KV,90.0,,64.5,33.2,65.7,61.9,True,rating-breakdown,True,64.5,33.2,65.7,61.9,pass,False,False,,
1153957,Aleksandar Stanković,14035878,rating-breakdown,passes,passes,,,,Club Brugge KV,90.0,,56.8,73,63,90.4,True,rating-breakdown,True,56.8,73,63,90.4,pass,False,False,,
1153957,Aleksandar Stanković,14035878,rating-breakdown,passes,passes,,,,Club Brugge KV,90.0,,60.2,78.9,67.8,87.6,True,rating-breakdown,True,60.2,78.9,67.8,87.6,pass,False,False,,
1153957,Aleksandar Stanković,14035878,rating-breakdown,passes,passes,,,,Club Brugge KV,90.0,,64.7,79.6,76.6,73.6,True,rating-breakdown,True,64.7,79.6,76.6,73.6,pass,False,False,,
1153957,Aleksandar Stanković,14035878,rating-breakdown,passes,passes,,,,Club Brugge KV,90.0,,47,56.3,41.5,66.8,True,rating-breakdown,True,47,56.3,41.5,66.8,pass,False,False,,
1153957,Aleksandar Stanković,14035878,rating-breakdown,passes,passes,,,,Club Brugge KV,90.0,,45.4,41.1,71.9,22.9,,rating-breakdown,True,45.4,41.1,71.9,22.9,pass,False,False,,
1153957,Aleksandar Stanković,14035878,rating-breakdown,passes,passes,,,,Club Brugge KV,90.0,,34.3,11.1,63.8,27.2,,rating-breakdown,True,34.3,11.1,63.8,27.2,pass,False,False,True,
1153957,Aleksandar Stanković,14035878,rating-breakdown,passes,passes,,,,Club Brugge KV,90.0,,18.1,55.7,20.6,56.6,True,rating-breakdown,True,18.1,55.7,20.6,56.6,pass,False,False,,
1153957,Aleksandar Stanković,14035878,rating-breakdown,passes,passes,,,,Club Brugge KV,90.0,,61.5,36.8,65.5,25,True,rating-breakdown,True,61.5,36.8,65.5,25,pass,False,False,,
1153957,Aleksandar Stanković,14035878,rating-breakdown,passes,passes,,,,Club Brugge KV,90.0,,48.2,7.9,52.3,45.2,True,rating-breakdown,True,48.2,7.9,52.3,45.2,pass,False,False,,
1153957,Aleksandar Stanković,14035878,rating-breakdown,passes,passes,,,,Club Brugge KV,90.0,,36.8,46.7,65.7,97.5,True,rating-breakdown,True,36.8,46.7,65.7,97.5,pass,False,False,True,
1153957,Aleksandar Stanković,14035878,rating-breakdown,passes,passes,,,,Club Brugge KV,90.0,,57.4,52.6,48.4,39.1,True,rating-breakdown,True,57.4,52.6,48.4,39.1,pass,False,False,,
1153957,Aleksandar Stanković,14035878,rating-breakdown,passes,passes,,,,Club Brugge KV,90.0,,63.5,33.5,56.8,53.3,True,rating-breakdown,True,63.5,33.5,56.8,53.3,pass,False,False,,
1153957,Aleksandar Stanković,14035878,rating-breakdown,passes,passes,,,,Club Brugge KV,90.0,,71.9,51.5,81.1,76.9,,rating-breakdown,True,71.9,51.5,81.1,76.9,pass,False,False,,
1153957,Aleksandar Stanković,14035878,rating-breakdown,passes,passes,,,,Club Brugge KV,90.0,,74.4,22.5,93,5.4,True,rating-breakdown,True,74.4,22.5,93,5.4,pass,False,False,,
1153957,Aleksandar Stanković,14035878,rating-breakdown,passes,passes,,,,Club Brugge KV,90.0,,74.4,67.7,72.8,83.8,True,rating-breakdown,True,74.4,67.7,72.8,83.8,pass,False,False,,
1153957,Aleksandar Stanković,14035878,rating-breakdown,passes,passes,,,,Club Brugge KV,90.0,,66,20.2,78.9,4.2,True,rating-breakdown,True,66,20.2,78.9,4.2,pass,False,False,,
1153957,Aleksandar Stanković,14035878,rating-breakdown,passes,passes,,,,Club Brugge KV,90.0,,76.8,30,80.2,34.8,True,rating-breakdown,True,76.8,30,80.2,34.8,pass,False,False,,
1153957,Aleksandar Stanković,14035878,rating-breakdown,passes,passes,,,,Club Brugge KV,90.0,,36.8,60.8,40.8,68.5,,rating-breakdown,True,36.8,60.8,40.8,68.5,pass,False,False,,
1153957,Aleksandar Stanković,14035878,rating-breakdown,dribbles,dribbles,,,,Club Brugge KV,90.0,,86.4,16,,,,rating-breakdown,True,86.4,16,,,dribble,False,False,,
1153957,Aleksandar Stanković,14035878,rating-breakdown,defensive,defensive,,,,Club Brugge KV,90.0,,10.6,63.5,28.5,65.9,True,rating-breakdown,True,10.6,63.5,28.5,65.9,clearance,False,False,,
1153957,Aleksandar Stanković,14035878,rating-breakdown,defensive,defensive,,,,Club Brugge KV,90.0,,7,63.4,19.5,81,True,rating-breakdown,True,7,63.4,19.5,81,clearance,False,False,,
1153957,Aleksandar Stanković,14035878,rating-breakdown,defensive,defensive,,,,Club Brugge KV,90.0,,79.1,34.9,,,True,rating-breakdown,True,79.1,34.9,,,interception,False,False,,
1153957,Aleksandar Stanković,14035878,rating-breakdown,defensive,defensive,,,,Club Brugge KV,90.0,,45.1,43.8,,,True,rating-breakdown,True,45.1,43.8,,,ball-recovery,False,False,,
1153957,Aleksandar Stanković,14035878,rating-breakdown,defensive,defensive,,,,Club Brugge KV,90.0,,22.8,48.7,,,True,rating-breakdown,True,22.8,48.7,,,block,False,False,,
1153957,Aleksandar Stanković,14035878,rating-breakdown,defensive,defensive,,,,Club Brugge KV,90.0,,10.6,30.9,23.6,27,True,rating-breakdown,True,10.6,30.9,23.6,27,clearance,False,False,,
1153957,Aleksandar Stanković,15858563,rating-breakdown,passes,passes,,,,Club Brugge KV,81.0,,22.2,26.5,7.5,38.5,True,rating-breakdown,True,22.2,26.5,7.5,38.5,pass,True,False,,
1153957,Aleksandar Stanković,15858563,rating-breakdown,passes,passes,,,,Club Brugge KV,81.0,,18.3,29.4,29.3,5.7,True,rating-breakdown,True,18.3,29.4,29.3,5.7,pass,True,False,,
1153957,Aleksandar Stanković,15858563,rating-breakdown,passes,passes,,,,Club Brugge KV,81.0,,12.7,98.1,2.8,67,True,rating-breakdown,True,12.7,98.1,2.8,67,pass,True,False,,
1153957,Aleksandar Stanković,15858563,rating-breakdown,passes,passes,,,,Club Brugge KV,81.0,,44.4,63.4,35.3,41.4,True,rating-breakdown,True,44.4,63.4,35.3,41.4,pass,True,False,,
1153957,Aleksandar Stanković,15858563,rating-breakdown,passes,passes,,,,Club Brugge KV,81.0,,31.4,60.6,20,37.9,True,rating-breakdown,True,31.4,60.6,20,37.9,pass,True,False,,
1153957,Aleksandar Stanković,15858563,rating-breakdown,passes,passes,,,,Club Brugge KV,81.0,,22.4,75,8.1,51.6,True,rating-breakdown,True,22.4,75,8.1,51.6,pass,True,False,,
1153957,Aleksandar Stanković,15858563,rating-breakdown,passes,passes,,,,Club Brugge KV,81.0,,13,95.5,11.3,99,True,rating-breakdown,True,13,95.5,11.3,99,pass,True,False,,
1153957,Aleksandar Stanković,15858563,rating-breakdown,passes,passes,,,,Club Brugge KV,81.0,,73.6,50.8,74.8,66.6,True,rating-breakdown,True,73.6,50.8,74.8,66.6,pass,True,True,,
1153957,Aleksandar Stanković,15858563,rating-breakdown,passes,passes,,,,Club Brugge KV,81.0,,38.6,51.7,34.9,30.4,True,rating-breakdown,True,38.6,51.7,34.9,30.4,pass,True,False,,
1153957,Aleksandar Stanković,15858563,rating-breakdown,passes,passes,,,,Club Brugge KV,81.0,,55.5,32.5,68.6,29.5,True,rating-breakdown,True,55.5,32.5,68.6,29.5,pass,True,False,,
1153957,Aleksandar Stanković,15858563,rating-breakdown,passes,passes,,,,Club Brugge KV,81.0,,46.2,56.1,35.3,42.1,True,rating-breakdown,True,46.2,56.1,35.3,42.1,pass,True,False,,
1153957,Aleksandar Stanković,15858563,rating-breakdown,passes,passes,,,,Club Brugge KV,81.0,,38.6,55,43.8,72.9,True,rating-breakdown,True,38.6,55,43.8,72.9,pass,True,False,,
1153957,Aleksandar Stanković,15858563,rating-breakdown,passes,passes,,,,Club Brugge KV,81.0,,35.1,61.9,35.9,34.5,True,rating-breakdown,True,35.1,61.9,35.9,34.5,pass,True,False,,
1153957,Aleksandar Stanković,15858563,rating-breakdown,passes,passes,,,,Club Brugge KV,81.0,,40.6,31.9,36.1,16.2,True,rating-breakdown,True,40.6,31.9,36.1,16.2,pass,True,False,,
1153957,Aleksandar Stanković,15858563,rating-breakdown,passes,passes,,,,Club Brugge KV,81.0,,54.8,83.4,53.1,92.4,True,rating-breakdown,True,54.8,83.4,53.1,92.4,pass,True,False,,
1153957,Aleksandar Stanković,15858563,rating-breakdown,passes,passes,,,,Club Brugge KV,81.0,,53,54.3,59.4,95.7,True,rating-breakdown,True,53,54.3,59.4,95.7,pass,True,False,,
1153957,Aleksandar Stanković,15858563,rating-breakdown,passes,passes,,,,Club Brugge KV,81.0,,32.5,66.7,33.8,73.8,,rating-breakdown,True,32.5,66.7,33.8,73.8,pass,True,False,True,
1153957,Aleksandar Stanković,15858563,rating-breakdown,passes,passes,,,,Club Brugge KV,81.0,,67.2,69.7,66,54.6,True,rating-breakdown,True,67.2,69.7,66,54.6,pass,True,False,,
1153957,Aleksandar Stanković,15858563,rating-breakdown,passes,passes,,,,Club Brugge KV,81.0,,75.7,33.9,73.1,57.1,True,rating-breakdown,True,75.7,33.9,73.1,57.1,pass,True,False,,
1153957,Aleksandar Stanković,15858563,rating-breakdown,passes,passes,,,,Club Brugge KV,81.0,,65.2,64.6,68.4,39.9,True,rating-breakdown,True,65.2,64.6,68.4,39.9,pass,True,False,,
1153957,Aleksandar Stanković,15858563,rating-breakdown,passes,passes,,,,Club Brugge KV,81.0,,68,48.7,91.9,0,,rating-breakdown,True,68,48.7,91.9,0,pass,True,False,True,
1153957,Aleksandar Stanković,15858563,rating-breakdown,passes,passes,,,,Club Brugge KV,81.0,,42.7,33.6,34.8,71.4,True,rating-breakdown,True,42.7,33.6,34.8,71.4,pass,True,False,,
1153957,Aleksandar Stanković,15858563,rating-breakdown,passes,passes,,,,Club Brugge KV,81.0,,20.9,72.9,29.9,88.8,,rating-breakdown,True,20.9,72.9,29.9,88.8,pass,True,False,,
1153957,Aleksandar Stanković,15858563,rating-breakdown,passes,passes,,,,Club Brugge KV,81.0,,54.3,69.4,69.2,74.5,True,rating-breakdown,True,54.3,69.4,69.2,74.5,pass,True,False,,
1153957,Aleksandar Stanković,15858563,rating-breakdown,passes,passes,,,,Club Brugge KV,81.0,,35.1,80.2,27.1,78.3,True,rating-breakdown,True,35.1,80.2,27.1,78.3,pass,True,False,,
1153957,Aleksandar Stanković,15858563,rating-breakdown,passes,passes,,,,Club Brugge KV,81.0,,39,73.5,27.7,39.6,True,rating-breakdown,True,39,73.5,27.7,39.6,pass,True,False,,
1153957,Aleksandar Stanković,15858563,rating-breakdown,passes,passes,,,,Club Brugge KV,81.0,,23.9,12.3,19.8,41.8,True,rating-breakdown,True,23.9,12.3,19.8,41.8,pass,True,False,,
1153957,Aleksandar Stanković,15858563,rating-breakdown,passes,passes,,,,Club Brugge KV,81.0,,90.5,97,90.7,80.5,True,rating-breakdown,True,90.5,97,90.7,80.5,pass,True,False,,
1153957,Aleksandar Stanković,15858563,rating-breakdown,passes,passes,,,,Club Brugge KV,81.0,,61.7,72.3,67.8,87.1,True,rating-breakdown,True,61.7,72.3,67.8,87.1,pass,True,False,,
1153957,Aleksandar Stanković,15858563,rating-breakdown,passes,passes,,,,Club Brugge KV,81.0,,31.5,84.6,32.5,39.5,True,rating-breakdown,True,31.5,84.6,32.5,39.5,pass,True,False,,
1153957,Aleksandar Stanković,15858563,rating-breakdown,passes,passes,,,,Club Brugge KV,81.0,,37.3,66.1,42,89.7,True,rating-breakdown,True,37.3,66.1,42,89.7,pass,True,False,,
1153957,Aleksandar Stanković,15858563,rating-breakdown,passes,passes,,,,Club Brugge KV,81.0,,38.5,66.2,28.3,40.8,True,rating-breakdown,True,38.5,66.2,28.3,40.8,pass,True,False,,
1153957,Aleksandar Stanković,15858563,rating-breakdown,passes,passes,,,,Club Brugge KV,81.0,,34.4,65,30.3,30,True,rating-breakdown,True,34.4,65,30.3,30,pass,True,False,,
1153957,Aleksandar Stanković,15858563,rating-breakdown,passes,passes,,,,Club Brugge KV,81.0,,37.9,66.4,31.1,82,True,rating-breakdown,True,37.9,66.4,31.1,82,pass,True,False,,
1153957,Aleksandar Stanković,15858563,rating-breakdown,passes,passes,,,,Club Brugge KV,81.0,,35,55.9,33.4,60.6,True,rating-breakdown,True,35,55.9,33.4,60.6,pass,True,False,,
1153957,Aleksandar Stanković,15858563,rating-breakdown,passes,passes,,,,Club Brugge KV,81.0,,64.3,91.7,86.1,94.4,True,rating-breakdown,True,64.3,91.7,86.1,94.4,pass,True,False,,
1153957,Aleksandar Stanković,15858563,rating-breakdown,passes,passes,,,,Club Brugge KV,81.0,,46.9,53,55.2,88.8,True,rating-breakdown,True,46.9,53,55.2,88.8,pass,True,False,,
1153957,Aleksandar Stanković,15858563,rating-breakdown,passes,passes,,,,Club Brugge KV,81.0,,66.2,51.7,60.4,66.3,True,rating-breakdown,True,66.2,51.7,60.4,66.3,pass,True,False,,
1153957,Aleksandar Stanković,15858563,rating-breakdown,passes,passes,,,,Club Brugge KV,81.0,,97.7,4.6,76.2,95.4,True,rating-breakdown,True,97.7,4.6,76.2,95.4,cross,True,False,True,
1153957,Aleksandar Stanković,15858563,rating-breakdown,passes,passes,,,,Club Brugge KV,81.0,,63,66.7,50.5,42.9,True,rating-breakdown,True,63,66.7,50.5,42.9,pass,True,False,,
1153957,Aleksandar Stanković,15858563,rating-breakdown,passes,passes,,,,Club Brugge KV,81.0,,69.6,58.2,71.8,58.5,,rating-breakdown,True,69.6,58.2,71.8,58.5,pass,True,False,,
1153957,Aleksandar Stanković,15858563,rating-breakdown,passes,passes,,,,Club Brugge KV,81.0,,80.8,25.3,79.4,24.9,,rating-breakdown,True,80.8,25.3,79.4,24.9,pass,True,False,,
1153957,Aleksandar Stanković,15858563,rating-breakdown,passes,passes,,,,Club Brugge KV,81.0,,71.4,42.9,86.8,85.5,True,rating-breakdown,True,71.4,42.9,86.8,85.5,pass,True,False,True,
1153957,Aleksandar Stanković,15858563,rating-breakdown,passes,passes,,,,Club Brugge KV,81.0,,75.5,27.7,79.8,11.4,True,rating-breakdown,True,75.5,27.7,79.8,11.4,pass,True,False,,
1153957,Aleksandar Stanković,15858563,rating-breakdown,passes,passes,,,,Club Brugge KV,81.0,,87,62.1,96.8,71.4,True,rating-breakdown,True,87,62.1,96.8,71.4,pass,True,False,,
1153957,Aleksandar Stanković,15858563,rating-breakdown,passes,passes,,,,Club Brugge KV,81.0,,35,52.5,35.1,66.7,True,rating-breakdown,True,35,52.5,35.1,66.7,pass,True,False,,
1153957,Aleksandar Stanković,15858563,rating-breakdown,passes,passes,,,,Club Brugge KV,81.0,,31.6,45.1,31.1,25.8,True,rating-breakdown,True,31.6,45.1,31.1,25.8,pass,True,False,,
1153957,Aleksandar Stanković,15858563,rating-breakdown,passes,passes,,,,Club Brugge KV,81.0,,29.7,41.5,28.3,16,True,rating-breakdown,True,29.7,41.5,28.3,16,pass,True,False,,
1153957,Aleksandar Stanković,15858563,rating-breakdown,passes,passes,,,,Club Brugge KV,81.0,,61.6,60.7,53.4,64.9,True,rating-breakdown,True,61.6,60.7,53.4,64.9,pass,True,False,,
1153957,Aleksandar Stanković,15858563,rating-breakdown,passes,passes,,,,Club Brugge KV,81.0,,59.8,66.4,46.8,66.7,True,rating-breakdown,True,59.8,66.4,46.8,66.7,pass,True,False,,
1153957,Aleksandar Stanković,15858563,rating-breakdown,passes,passes,,,,Club Brugge KV,81.0,,61.7,40.3,73.5,94.6,True,rating-breakdown,True,61.7,40.3,73.5,94.6,pass,True,False,True,
1153957,Aleksandar Stanković,15858563,rating-breakdown,passes,passes,,,,Club Brugge KV,81.0,,75.9,74.5,73,62.8,True,rating-breakdown,True,75.9,74.5,73,62.8,pass,True,False,,
1153957,Aleksandar Stanković,15858563,rating-breakdown,passes,passes,,,,Club Brugge KV,81.0,,41,64.8,36.9,35.1,True,rating-breakdown,True,41,64.8,36.9,35.1,pass,True,False,,
1153957,Aleksandar Stanković,15858563,rating-breakdown,passes,passes,,,,Club Brugge KV,81.0,,42.7,50.4,49.7,49.2,True,rating-breakdown,True,42.7,50.4,49.7,49.2,pass,True,False,,
1153957,Aleksandar Stanković,15858563,rating-breakdown,passes,passes,,,,Club Brugge KV,81.0,,37.5,51.4,43.2,76.2,True,rating-breakdown,True,37.5,51.4,43.2,76.2,pass,True,False,,
1153957,Aleksandar Stanković,15858563,rating-breakdown,passes,passes,,,,Club Brugge KV,81.0,,39.8,60.9,28.1,56.7,True,rating-breakdown,True,39.8,60.9,28.1,56.7,pass,True,False,,
1153957,Aleksandar Stanković,15858563,rating-breakdown,passes,passes,,,,Club Brugge KV,81.0,,63,80.4,58.1,61,True,rating-breakdown,True,63,80.4,58.1,61,pass,True,False,,
1153957,Aleksandar Stanković,15858563,rating-breakdown,passes,passes,,,,Club Brugge KV,81.0,,57,68.8,57.6,89.4,True,rating-breakdown,True,57,68.8,57.6,89.4,pass,True,False,,
1153957,Aleksandar Stanković,15858563,rating-breakdown,passes,passes,,,,Club Brugge KV,81.0,,76.2,93.7,76.8,67.8,True,rating-breakdown,True,76.2,93.7,76.8,67.8,pass,True,False,,
1153957,Aleksandar Stanković,15858563,rating-breakdown,passes,passes,,,,Club Brugge KV,81.0,,61.8,67.2,60.1,77.5,True,rating-breakdown,True,61.8,67.2,60.1,77.5,pass,True,False,,
1153957,Aleksandar Stanković,15858563,rating-breakdown,passes,passes,,,,Club Brugge KV,81.0,,63.2,65.4,58.4,80.4,True,rating-breakdown,True,63.2,65.4,58.4,80.4,pass,True,False,,
1153957,Aleksandar Stanković,15858563,rating-breakdown,passes,passes,,,,Club Brugge KV,81.0,,86.7,66.6,96.9,67.2,True,rating-breakdown,True,86.7,66.6,96.9,67.2,pass,True,False,,
1153957,Aleksandar Stanković,15858563,rating-breakdown,ball-carries,ball-carries,,,,Club Brugge KV,81.0,,29,35.7,22.2,26.5,,rating-breakdown,True,29,35.7,22.2,26.5,ball-carry,True,,,
1153957,Aleksandar Stanković,15858563,rating-breakdown,ball-carries,ball-carries,,,,Club Brugge KV,81.0,,39.9,93.3,12.7,98.1,,rating-breakdown,True,39.9,93.3,12.7,98.1,ball-carry,True,,,
1153957,Aleksandar Stanković,15858563,rating-breakdown,ball-carries,ball-carries,,,,Club Brugge KV,81.0,,74.1,46.2,73.6,50.8,,rating-breakdown,True,74.1,46.2,73.6,50.8,ball-carry,True,,,
1153957,Aleksandar Stanković,15858563,rating-breakdown,ball-carries,ball-carries,,,,Club Brugge KV,81.0,,44.1,57,38.6,51.7,,rating-breakdown,True,44.1,57,38.6,51.7,ball-carry,True,,,
1153957,Aleksandar Stanković,15858563,rating-breakdown,ball-carries,ball-carries,,,,Club Brugge KV,81.0,,69.5,76.6,67.2,69.7,,rating-breakdown,True,69.5,76.6,67.2,69.7,ball-carry,True,,,
1153957,Aleksandar Stanković,15858563,rating-breakdown,ball-carries,ball-carries,,,,Club Brugge KV,81.0,,69,64.2,65.2,64.6,,rating-breakdown,True,69,64.2,65.2,64.6,ball-carry,True,,,
1153957,Aleksandar Stanković,15858563,rating-breakdown,ball-carries,ball-carries,,,,Club Brugge KV,81.0,,41.4,78.3,39,73.5,,rating-breakdown,True,41.4,78.3,39,73.5,ball-carry,True,,,
1153957,Aleksandar Stanković,15858563,rating-breakdown,ball-carries,ball-carries,,,,Club Brugge KV,81.0,,29,10.9,23.9,12.3,,rating-breakdown,True,29,10.9,23.9,12.3,ball-carry,True,,,
1153957,Aleksandar Stanković,15858563,rating-breakdown,ball-carries,ball-carries,,,,Club Brugge KV,81.0,,58.7,71.5,61.7,72.3,,rating-breakdown,True,58.7,71.5,61.7,72.3,ball-carry,True,,,
1153957,Aleksandar Stanković,15858563,rating-breakdown,ball-carries,ball-carries,,,,Club Brugge KV,81.0,,41.8,96.5,31.5,84.6,,rating-breakdown,True,41.8,96.5,31.5,84.6,ball-carry,True,,,
1153957,Aleksandar Stanković,15858563,rating-breakdown,ball-carries,ball-carries,,,,Club Brugge KV,81.0,,54.6,96.2,64.3,91.7,,rating-breakdown,True,54.6,96.2,64.3,91.7,ball-carry,True,,,
1153957,Aleksandar Stanković,15858563,rating-breakdown,ball-carries,ball-carries,,,,Club Brugge KV,81.0,,63.7,34.8,66.2,51.7,,rating-breakdown,True,63.7,34.8,66.2,51.7,ball-carry,True,,,
1153957,Aleksandar Stanković,15858563,rating-breakdown,ball-carries,ball-carries,,,,Club Brugge KV,81.0,,69,85.9,63,66.7,,rating-breakdown,True,69,85.9,63,66.7,ball-carry,True,,,
1153957,Aleksandar Stanković,15858563,rating-breakdown,ball-carries,ball-carries,,,,Club Brugge KV,81.0,,71.3,58.8,75.5,27.7,,rating-breakdown,True,71.3,58.8,75.5,27.7,ball-carry,True,,,
1153957,Aleksandar Stanković,15858563,rating-breakdown,ball-carries,ball-carries,,,,Club Brugge KV,81.0,,33.2,51.1,31.6,45.1,,rating-breakdown,True,33.2,51.1,31.6,45.1,ball-carry,True,,,
1153957,Aleksandar Stanković,15858563,rating-breakdown,ball-carries,ball-carries,,,,Club Brugge KV,81.0,,30.4,48.9,29.7,41.5,,rating-breakdown,True,30.4,48.9,29.7,41.5,ball-carry,True,,,
1153957,Aleksandar Stanković,15858563,rating-breakdown,ball-carries,ball-carries,,,,Club Brugge KV,81.0,,60.2,61.5,59.8,66.4,,rating-breakdown,True,60.2,61.5,59.8,66.4,ball-carry,True,,,
1153957,Aleksandar Stanković,15858563,rating-breakdown,ball-carries,ball-carries,,,,Club Brugge KV,81.0,,55.4,46.3,61.7,40.3,,rating-breakdown,True,55.4,46.3,61.7,40.3,ball-carry,True,,,
1153957,Aleksandar Stanković,15858563,rating-breakdown,ball-carries,ball-carries,,,,Club Brugge KV,81.0,,40.2,43,42.7,50.4,,rating-breakdown,True,40.2,43,42.7,50.4,ball-carry,True,,,
1153957,Aleksandar Stanković,15858563,rating-breakdown,ball-carries,ball-carries,,,,Club Brugge KV,81.0,,69.3,95.1,76.2,93.7,,rating-breakdown,True,69.3,95.1,76.2,93.7,ball-carry,True,,,
1153957,Aleksandar Stanković,15858563,rating-breakdown,defensive,defensive,,,,Club Brugge KV,81.0,,29,35.7,,,True,rating-breakdown,True,29,35.7,,,ball-recovery,True,False,,
1153957,Aleksandar Stanković,15858563,rating-breakdown,defensive,defensive,,,,Club Brugge KV,81.0,,31.4,60.6,,,True,rating-breakdown,True,31.4,60.6,,,ball-recovery,True,False,,
1153957,Aleksandar Stanković,15858563,rating-breakdown,defensive,defensive,,,,Club Brugge KV,81.0,,46.2,56.1,,,True,rating-breakdown,True,46.2,56.1,,,ball-recovery,True,False,,
1153957,Aleksandar Stanković,15858563,rating-breakdown,defensive,defensive,,,,Club Brugge KV,81.0,,89.2,98.1,,,True,rating-breakdown,True,89.2,98.1,,,ball-recovery,True,False,,
1153957,Aleksandar Stanković,15858563,rating-breakdown,defensive,defensive,,,,Club Brugge KV,81.0,,41.8,96.5,,,True,rating-breakdown,True,41.8,96.5,,,ball-recovery,True,False,,
1153957,Aleksandar Stanković,15858563,rating-breakdown,defensive,defensive,,,,Club Brugge KV,81.0,,39,50.7,,,True,rating-breakdown,True,39,50.7,,,tackle,True,False,,
1153957,Aleksandar Stanković,15858563,rating-breakdown,defensive,defensive,,,,Club Brugge KV,81.0,,71.2,58.5,,,True,rating-breakdown,True,71.2,58.5,,,interception,True,False,,
1153957,Aleksandar Stanković,15858563,rating-breakdown,defensive,defensive,,,,Club Brugge KV,81.0,,75.9,74.5,,,True,rating-breakdown,True,75.9,74.5,,,ball-recovery,True,False,,
1153957,Aleksandar Stanković,15858563,rating-breakdown,defensive,defensive,,,,Club Brugge KV,81.0,,55.5,66.4,,,True,rating-breakdown,True,55.5,66.4,,,ball-recovery,True,False,,
1153957,Aleksandar Stanković,14035887,rating-breakdown,passes,passes,,,,Club Brugge KV,83.0,,50,50,29.3,51.5,True,rating-breakdown,True,50,50,29.3,51.5,pass,True,False,,
1153957,Aleksandar Stanković,14035887,rating-breakdown,passes,passes,,,,Club Brugge KV,83.0,,53.7,67.3,56.8,61.7,,rating-breakdown,True,53.7,67.3,56.8,61.7,pass,True,False,,
1153957,Aleksandar Stanković,14035887,rating-breakdown,passes,passes,,,,Club Brugge KV,83.0,,54.8,36.2,56.8,78.4,True,rating-breakdown,True,54.8,36.2,56.8,78.4,pass,True,False,,
1153957,Aleksandar Stanković,14035887,rating-breakdown,passes,passes,,,,Club Brugge KV,83.0,,40.2,37.1,14.2,40.4,True,rating-breakdown,True,40.2,37.1,14.2,40.4,pass,True,False,,
1153957,Aleksandar Stanković,14035887,rating-breakdown,passes,passes,,,,Club Brugge KV,83.0,,33.1,18.5,56.5,7.9,True,rating-breakdown,True,33.1,18.5,56.5,7.9,pass,True,False,,
1153957,Aleksandar Stanković,14035887,rating-breakdown,passes,passes,,,,Club Brugge KV,83.0,,30.9,49.7,46.9,91.2,True,rating-breakdown,True,30.9,49.7,46.9,91.2,pass,True,False,True,
1153957,Aleksandar Stanković,14035887,rating-breakdown,passes,passes,,,,Club Brugge KV,83.0,,41.9,15.3,50.6,20.8,True,rating-breakdown,True,41.9,15.3,50.6,20.8,pass,True,False,,
1153957,Aleksandar Stanković,14035887,rating-breakdown,passes,passes,,,,Club Brugge KV,83.0,,52.4,14.7,62.5,2.3,True,rating-breakdown,True,52.4,14.7,62.5,2.3,pass,True,False,,
1153957,Aleksandar Stanković,14035887,rating-breakdown,passes,passes,,,,Club Brugge KV,83.0,,44.3,6.2,38.1,77.5,True,rating-breakdown,True,44.3,6.2,38.1,77.5,pass,True,False,True,
1153957,Aleksandar Stanković,14035887,rating-breakdown,passes,passes,,,,Club Brugge KV,83.0,,25.2,36.8,29.2,49.4,True,rating-breakdown,True,25.2,36.8,29.2,49.4,pass,True,False,,
1153957,Aleksandar Stanković,14035887,rating-breakdown,passes,passes,,,,Club Brugge KV,83.0,,29.7,57.8,33.4,74.8,True,rating-breakdown,True,29.7,57.8,33.4,74.8,pass,True,False,,
1153957,Aleksandar Stanković,14035887,rating-breakdown,passes,passes,,,,Club Brugge KV,83.0,,30.8,55,39.5,94.5,True,rating-breakdown,True,30.8,55,39.5,94.5,pass,True,False,,
1153957,Aleksandar Stanković,14035887,rating-breakdown,passes,passes,,,,Club Brugge KV,83.0,,69.5,77.1,46.3,90.3,True,rating-breakdown,True,69.5,77.1,46.3,90.3,pass,True,False,,
1153957,Aleksandar Stanković,14035887,rating-breakdown,passes,passes,,,,Club Brugge KV,83.0,,57.9,94.1,46.7,78.3,True,rating-breakdown,True,57.9,94.1,46.7,78.3,pass,True,False,,
1153957,Aleksandar Stanković,14035887,rating-breakdown,passes,passes,,,,Club Brugge KV,83.0,,5.1,4.5,31,11.7,True,rating-breakdown,True,5.1,4.5,31,11.7,pass,True,False,True,
1153957,Aleksandar Stanković,14035887,rating-breakdown,passes,passes,,,,Club Brugge KV,83.0,,29.6,45,31.2,22.2,True,rating-breakdown,True,29.6,45,31.2,22.2,pass,True,False,,
1153957,Aleksandar Stanković,14035887,rating-breakdown,passes,passes,,,,Club Brugge KV,83.0,,44.5,73.7,51.6,86.9,True,rating-breakdown,True,44.5,73.7,51.6,86.9,pass,True,False,,
1153957,Aleksandar Stanković,14035887,rating-breakdown,passes,passes,,,,Club Brugge KV,83.0,,38,64.4,31.2,85.1,True,rating-breakdown,True,38,64.4,31.2,85.1,pass,True,False,,
1153957,Aleksandar Stanković,14035887,rating-breakdown,passes,passes,,,,Club Brugge KV,83.0,,42.4,85.7,36.9,59.6,True,rating-breakdown,True,42.4,85.7,36.9,59.6,pass,True,False,,
1153957,Aleksandar Stanković,14035887,rating-breakdown,passes,passes,,,,Club Brugge KV,83.0,,50.1,96.1,100,87.4,,rating-breakdown,True,50.1,96.1,100,87.4,pass,True,False,True,
1153957,Aleksandar Stanković,14035887,rating-breakdown,passes,passes,,,,Club Brugge KV,83.0,,88.9,40.9,94.6,28.7,True,rating-breakdown,True,88.9,40.9,94.6,28.7,pass,True,False,,
1153957,Aleksandar Stanković,14035887,rating-breakdown,passes,passes,,,,Club Brugge KV,83.0,,29,49.5,21.2,79.3,True,rating-breakdown,True,29,49.5,21.2,79.3,pass,True,False,,
1153957,Aleksandar Stanković,14035887,rating-breakdown,passes,passes,,,,Club Brugge KV,83.0,,76,73.6,82.7,88.8,True,rating-breakdown,True,76,73.6,82.7,88.8,pass,True,False,,
1153957,Aleksandar Stanković,14035887,rating-breakdown,passes,passes,,,,Club Brugge KV,83.0,,47.8,65.5,46.8,36.3,True,rating-breakdown,True,47.8,65.5,46.8,36.3,pass,True,False,,
1153957,Aleksandar Stanković,14035887,rating-breakdown,passes,passes,,,,Club Brugge KV,83.0,,45.2,28.6,37.6,7.4,True,rating-breakdown,True,45.2,28.6,37.6,7.4,pass,True,False,,
1153957,Aleksandar Stanković,14035887,rating-breakdown,passes,passes,,,,Club Brugge KV,83.0,,54.2,20.2,54.8,5.1,True,rating-breakdown,True,54.2,20.2,54.8,5.1,pass,True,False,,
1153957,Aleksandar Stanković,14035887,rating-breakdown,passes,passes,,,,Club Brugge KV,83.0,,43.5,28.1,32.5,63.7,True,rating-breakdown,True,43.5,28.1,32.5,63.7,pass,True,False,,
1153957,Aleksandar Stanković,14035887,rating-breakdown,passes,passes,,,,Club Brugge KV,83.0,,43.6,58.8,49.6,79.5,True,rating-breakdown,True,43.6,58.8,49.6,79.5,pass,True,False,,
1153957,Aleksandar Stanković,14035887,rating-breakdown,passes,passes,,,,Club Brugge KV,83.0,,90.1,65.5,90.3,57.9,,rating-breakdown,True,90.1,65.5,90.3,57.9,pass,True,False,,
1153957,Aleksandar Stanković,14035887,rating-breakdown,passes,passes,,,,Club Brugge KV,83.0,,42.7,73.3,47.7,93.9,True,rating-breakdown,True,42.7,73.3,47.7,93.9,pass,True,False,,
1153957,Aleksandar Stanković,14035887,rating-breakdown,passes,passes,,,,Club Brugge KV,83.0,,43.3,47.7,27.8,65.7,True,rating-breakdown,True,43.3,47.7,27.8,65.7,pass,True,False,,
1153957,Aleksandar Stanković,14035887,rating-breakdown,passes,passes,,,,Club Brugge KV,83.0,,43.2,17.8,37.2,37.5,True,rating-breakdown,True,43.2,17.8,37.2,37.5,pass,True,False,,
1153957,Aleksandar Stanković,14035887,rating-breakdown,passes,passes,,,,Club Brugge KV,83.0,,29.7,22.8,44.3,49.2,,rating-breakdown,True,29.7,22.8,44.3,49.2,pass,True,False,,
1153957,Aleksandar Stanković,14035887,rating-breakdown,passes,passes,,,,Club Brugge KV,83.0,,59.8,32.2,83.2,89.4,True,rating-breakdown,True,59.8,32.2,83.2,89.4,pass,True,True,True,
1153957,Aleksandar Stanković,14035887,rating-breakdown,passes,passes,,,,Club Brugge KV,83.0,,71.2,28.7,81,84.5,True,rating-breakdown,True,71.2,28.7,81,84.5,pass,True,False,True,
1153957,Aleksandar Stanković,14035887,rating-breakdown,passes,passes,,,,Club Brugge KV,83.0,,58.5,62.8,52.7,76.3,True,rating-breakdown,True,58.5,62.8,52.7,76.3,pass,True,False,,
1153957,Aleksandar Stanković,14035887,rating-breakdown,passes,passes,,,,Club Brugge KV,83.0,,58.9,20,74,58.5,,rating-breakdown,True,58.9,20,74,58.5,pass,True,False,,
1153957,Aleksandar Stanković,14035887,rating-breakdown,passes,passes,,,,Club Brugge KV,83.0,,54.1,57.3,47.1,71.6,True,rating-breakdown,True,54.1,57.3,47.1,71.6,pass,True,False,,
1153957,Aleksandar Stanković,14035887,rating-breakdown,passes,passes,,,,Club Brugge KV,83.0,,54,57.1,57.9,48.8,True,rating-breakdown,True,54,57.1,57.9,48.8,pass,True,False,,
1153957,Aleksandar Stanković,14035887,rating-breakdown,passes,passes,,,,Club Brugge KV,83.0,,37.1,66.7,41.3,58.4,True,rating-breakdown,True,37.1,66.7,41.3,58.4,pass,True,False,,
1153957,Aleksandar Stanković,14035887,rating-breakdown,passes,passes,,,,Club Brugge KV,83.0,,28.6,38.6,11.9,37.4,True,rating-breakdown,True,28.6,38.6,11.9,37.4,pass,True,False,,
1153957,Aleksandar Stanković,14035887,rating-breakdown,passes,passes,,,,Club Brugge KV,83.0,,62.1,50.8,98.3,66.3,True,rating-breakdown,True,62.1,50.8,98.3,66.3,pass,True,False,True,
1153957,Aleksandar Stanković,14035887,rating-breakdown,passes,passes,,,,Club Brugge KV,83.0,,49.2,60.9,55,51.8,True,rating-breakdown,True,49.2,60.9,55,51.8,pass,True,False,,
1153957,Aleksandar Stanković,14035887,rating-breakdown,passes,passes,,,,Club Brugge KV,83.0,,53.5,47.9,52,11.5,True,rating-breakdown,True,53.5,47.9,52,11.5,pass,True,False,,
1153957,Aleksandar Stanković,14035887,rating-breakdown,passes,passes,,,,Club Brugge KV,83.0,,47.1,64.9,53.2,75.8,True,rating-breakdown,True,47.1,64.9,53.2,75.8,pass,True,False,,
1153957,Aleksandar Stanković,14035887,rating-breakdown,dribbles,dribbles,,,,Club Brugge KV,83.0,,79.3,57.4,,,,rating-breakdown,True,79.3,57.4,,,dribble,True,False,,
1153957,Aleksandar Stanković,14035887,rating-breakdown,defensive,defensive,,,,Club Brugge KV,83.0,,35.6,59,,,True,rating-breakdown,True,35.6,59,,,ball-recovery,True,False,,
1153957,Aleksandar Stanković,14035887,rating-breakdown,defensive,defensive,,,,Club Brugge KV,83.0,,32.2,58.2,48,55.6,True,rating-breakdown,True,32.2,58.2,48,55.6,clearance,True,False,,
1153957,Aleksandar Stanković,14035887,rating-breakdown,defensive,defensive,,,,Club Brugge KV,83.0,,14.6,35.3,,,,rating-breakdown,True,14.6,35.3,,,tackle,True,False,,
1153957,Aleksandar Stanković,14035887,rating-breakdown,defensive,defensive,,,,Club Brugge KV,83.0,,10.8,37.5,31.9,11.7,True,rating-breakdown,True,10.8,37.5,31.9,11.7,clearance,True,False,,
1153957,Aleksandar Stanković,14035887,rating-breakdown,defensive,defensive,,,,Club Brugge KV,83.0,,44.6,43,,,True,rating-breakdown,True,44.6,43,,,ball-recovery,True,False,,
1153957,Aleksandar Stanković,14035887,rating-breakdown,defensive,defensive,,,,Club Brugge KV,83.0,,58.5,62.8,,,True,rating-breakdown,True,58.5,62.8,,,ball-recovery,True,False,,
1153957,Aleksandar Stanković,14035887,rating-breakdown,defensive,defensive,,,,Club Brugge KV,83.0,,76.3,73.1,,,True,rating-breakdown,True,76.3,73.1,,,interception,True,False,,
1153957,Aleksandar Stanković,14035887,rating-breakdown,defensive,defensive,,,,Club Brugge KV,83.0,,80.4,65.8,,,True,rating-breakdown,True,80.4,65.8,,,ball-recovery,True,False,,
1153957,Aleksandar Stanković,14035887,rating-breakdown,defensive,defensive,,,,Club Brugge KV,83.0,,28.6,38.6,,,True,rating-breakdown,True,28.6,38.6,,,ball-recovery,True,False,,
1153957,Aleksandar Stanković,14035887,rating-breakdown,defensive,defensive,,,,Club Brugge KV,83.0,,9,65.7,8.8,75.4,True,rating-breakdown,True,9,65.7,8.8,75.4,clearance,True,False,,
1153957,Aleksandar Stanković,14035887,rating-breakdown,defensive,defensive,,,,Club Brugge KV,83.0,,47.1,64.9,,,True,rating-breakdown,True,47.1,64.9,,,ball-recovery,True,False,,
1153957,Aleksandar Stanković,15858567,rating-breakdown,passes,passes,,,,Club Brugge KV,75.0,,19.2,50,6.9,38.9,True,rating-breakdown,True,19.2,50,6.9,38.9,pass,True,False,,
1153957,Aleksandar Stanković,15858567,rating-breakdown,passes,passes,,,,Club Brugge KV,75.0,,27.7,30.4,61.6,85.6,,rating-breakdown,True,27.7,30.4,61.6,85.6,pass,True,False,True,
1153957,Aleksandar Stanković,15858567,rating-breakdown,passes,passes,,,,Club Brugge KV,75.0,,31.3,64.6,43.1,63.7,True,rating-breakdown,True,31.3,64.6,43.1,63.7,pass,True,False,True,
1153957,Aleksandar Stanković,15858567,rating-breakdown,passes,passes,,,,Club Brugge KV,75.0,,58.9,28,70,36.6,True,rating-breakdown,True,58.9,28,70,36.6,pass,True,False,,
1153957,Aleksandar Stanković,15858567,rating-breakdown,passes,passes,,,,Club Brugge KV,75.0,,38.8,36.4,27,28,True,rating-breakdown,True,38.8,36.4,27,28,pass,True,False,,
1153957,Aleksandar Stanković,15858567,rating-breakdown,passes,passes,,,,Club Brugge KV,75.0,,30.8,42.7,26,44.2,True,rating-breakdown,True,30.8,42.7,26,44.2,pass,True,False,,
1153957,Aleksandar Stanković,15858567,rating-breakdown,passes,passes,,,,Club Brugge KV,75.0,,46,51.2,31.2,46.3,True,rating-breakdown,True,46,51.2,31.2,46.3,pass,True,False,,
1153957,Aleksandar Stanković,15858567,rating-breakdown,passes,passes,,,,Club Brugge KV,75.0,,36.7,50,44.3,13.4,True,rating-breakdown,True,36.7,50,44.3,13.4,pass,True,False,,
1153957,Aleksandar Stanković,15858567,rating-breakdown,passes,passes,,,,Club Brugge KV,75.0,,34.6,31.2,27.7,22.5,True,rating-breakdown,True,34.6,31.2,27.7,22.5,pass,True,False,,
1153957,Aleksandar Stanković,15858567,rating-breakdown,passes,passes,,,,Club Brugge KV,75.0,,18.1,38.2,28.5,72,True,rating-breakdown,True,18.1,38.2,28.5,72,pass,True,False,,
1153957,Aleksandar Stanković,15858567,rating-breakdown,passes,passes,,,,Club Brugge KV,75.0,,34.4,69,45.1,89.9,True,rating-breakdown,True,34.4,69,45.1,89.9,pass,True,False,,
1153957,Aleksandar Stanković,15858567,rating-breakdown,passes,passes,,,,Club Brugge KV,75.0,,36.5,65.5,36.3,35.4,True,rating-breakdown,True,36.5,65.5,36.3,35.4,pass,True,False,,
1153957,Aleksandar Stanković,15858567,rating-breakdown,passes,passes,,,,Club Brugge KV,75.0,,34.1,25.5,36,46.1,True,rating-breakdown,True,34.1,25.5,36,46.1,pass,True,False,,
1153957,Aleksandar Stanković,15858567,rating-breakdown,passes,passes,,,,Club Brugge KV,75.0,,43.3,75.7,56.8,77.3,True,rating-breakdown,True,43.3,75.7,56.8,77.3,pass,True,False,,
1153957,Aleksandar Stanković,15858567,rating-breakdown,passes,passes,,,,Club Brugge KV,75.0,,76,33,72.4,58.8,True,rating-breakdown,True,76,33,72.4,58.8,pass,True,False,,
1153957,Aleksandar Stanković,15858567,rating-breakdown,passes,passes,,,,Club Brugge KV,75.0,,34.8,56.6,48.1,41.7,True,rating-breakdown,True,34.8,56.6,48.1,41.7,pass,True,False,,
1153957,Aleksandar Stanković,15858567,rating-breakdown,passes,passes,,,,Club Brugge KV,75.0,,29.3,62.9,36,81.4,True,rating-breakdown,True,29.3,62.9,36,81.4,pass,True,False,,
1153957,Aleksandar Stanković,15858567,rating-breakdown,passes,passes,,,,Club Brugge KV,75.0,,30.6,59.9,28,32.8,True,rating-breakdown,True,30.6,59.9,28,32.8,pass,True,False,,
1153957,Aleksandar Stanković,15858567,rating-breakdown,passes,passes,,,,Club Brugge KV,75.0,,33.2,56,45.1,92.3,True,rating-breakdown,True,33.2,56,45.1,92.3,pass,True,False,,
1153957,Aleksandar Stanković,15858567,rating-breakdown,passes,passes,,,,Club Brugge KV,75.0,,52.2,84.4,58.5,69.6,True,rating-breakdown,True,52.2,84.4,58.5,69.6,pass,True,False,,
1153957,Aleksandar Stanković,15858567,rating-breakdown,passes,passes,,,,Club Brugge KV,75.0,,31.2,61.2,31.3,36,True,rating-breakdown,True,31.2,61.2,31.3,36,pass,True,False,,
1153957,Aleksandar Stanković,15858567,rating-breakdown,passes,passes,,,,Club Brugge KV,75.0,,32.9,38.3,49.2,100,,rating-breakdown,True,32.9,38.3,49.2,100,pass,True,False,True,
1153957,Aleksandar Stanković,15858567,rating-breakdown,passes,passes,,,,Club Brugge KV,75.0,,52.6,16.2,65.7,8.4,,rating-breakdown,True,52.6,16.2,65.7,8.4,pass,True,False,,
1153957,Aleksandar Stanković,15858567,rating-breakdown,passes,passes,,,,Club Brugge KV,75.0,,59.3,15.4,66.2,24.2,True,rating-breakdown,True,59.3,15.4,66.2,24.2,pass,True,False,,
1153957,Aleksandar Stanković,15858567,rating-breakdown,passes,passes,,,,Club Brugge KV,75.0,,56.3,20.9,55,34.4,True,rating-breakdown,True,56.3,20.9,55,34.4,pass,True,False,,
1153957,Aleksandar Stanković,15858567,rating-breakdown,passes,passes,,,,Club Brugge KV,75.0,,45,27.9,54.7,39.4,True,rating-breakdown,True,45,27.9,54.7,39.4,pass,True,False,,
1153957,Aleksandar Stanković,15858567,rating-breakdown,passes,passes,,,,Club Brugge KV,75.0,,61.7,58.2,70.4,14.6,True,rating-breakdown,True,61.7,58.2,70.4,14.6,pass,True,False,,
1153957,Aleksandar Stanković,15858567,rating-breakdown,passes,passes,,,,Club Brugge KV,75.0,,30.3,91.1,38.5,96.2,True,rating-breakdown,True,30.3,91.1,38.5,96.2,pass,True,False,,
1153957,Aleksandar Stanković,15858567,rating-breakdown,passes,passes,,,,Club Brugge KV,75.0,,32.3,90.5,39.1,79.3,True,rating-breakdown,True,32.3,90.5,39.1,79.3,pass,True,False,,
1153957,Aleksandar Stanković,15858567,rating-breakdown,passes,passes,,,,Club Brugge KV,75.0,,53.8,52.8,52.8,77.6,True,rating-breakdown,True,53.8,52.8,52.8,77.6,pass,True,False,,
1153957,Aleksandar Stanković,15858567,rating-breakdown,passes,passes,,,,Club Brugge KV,75.0,,33.8,86.2,51,75.4,,rating-breakdown,True,33.8,86.2,51,75.4,pass,True,False,,
1153957,Aleksandar Stanković,15858567,rating-breakdown,passes,passes,,,,Club Brugge KV,75.0,,49.1,10.9,56.2,16.7,True,rating-breakdown,True,49.1,10.9,56.2,16.7,pass,True,False,,
1153957,Aleksandar Stanković,15858567,rating-breakdown,passes,passes,,,,Club Brugge KV,75.0,,39.4,66.1,57.2,69.1,True,rating-breakdown,True,39.4,66.1,57.2,69.1,pass,True,False,,
1153957,Aleksandar Stanković,15858567,rating-breakdown,passes,passes,,,,Club Brugge KV,75.0,,55.4,20.4,68,23.3,,rating-breakdown,True,55.4,20.4,68,23.3,pass,True,False,,
1153957,Aleksandar Stanković,15858567,rating-breakdown,ball-carries,ball-carries,,,,Club Brugge KV,75.0,,37.5,60.8,36.7,50,,rating-breakdown,True,37.5,60.8,36.7,50,ball-carry,True,,,
1153957,Aleksandar Stanković,15858567,rating-breakdown,ball-carries,ball-carries,,,,Club Brugge KV,75.0,,38.1,41.8,34.6,31.2,,rating-breakdown,True,38.1,41.8,34.6,31.2,ball-carry,True,,,
1153957,Aleksandar Stanković,15858567,rating-breakdown,ball-carries,ball-carries,,,,Club Brugge KV,75.0,,38.2,70.8,36.5,65.5,,rating-breakdown,True,38.2,70.8,36.5,65.5,ball-carry,True,,,
1153957,Aleksandar Stanković,15858567,rating-breakdown,ball-carries,ball-carries,,,,Club Brugge KV,75.0,,29.4,25,29.3,62.9,,rating-breakdown,True,29.4,25,29.3,62.9,ball-carry,True,,,
1153957,Aleksandar Stanković,15858567,rating-breakdown,ball-carries,ball-carries,,,,Club Brugge KV,75.0,,31.6,67.8,30.6,59.9,,rating-breakdown,True,31.6,67.8,30.6,59.9,ball-carry,True,,,
1153957,Aleksandar Stanković,15858567,rating-breakdown,ball-carries,ball-carries,,,,Club Brugge KV,75.0,,66.4,12,38.8,86.5,,rating-breakdown,True,66.4,12,38.8,86.5,ball-carry,True,,,
1153957,Aleksandar Stanković,15858567,rating-breakdown,ball-carries,ball-carries,,,,Club Brugge KV,75.0,,65.8,19.5,63,18.3,,rating-breakdown,True,65.8,19.5,63,18.3,ball-carry,True,,,
1153957,Aleksandar Stanković,15858567,rating-breakdown,defensive,defensive,,,,Club Brugge KV,75.0,,17.9,43.8,46.4,54.6,True,rating-breakdown,True,17.9,43.8,46.4,54.6,clearance,True,False,,
1153957,Aleksandar Stanković,15858567,rating-breakdown,defensive,defensive,,,,Club Brugge KV,75.0,,21.6,38,,,True,rating-breakdown,True,21.6,38,,,block,True,False,,
1153957,Aleksandar Stanković,15858567,rating-breakdown,defensive,defensive,,,,Club Brugge KV,75.0,,46,51.2,,,True,rating-breakdown,True,46,51.2,,,ball-recovery,True,False,,
1153957,Aleksandar Stanković,15858567,rating-breakdown,defensive,defensive,,,,Club Brugge KV,75.0,,7.2,58.1,,,True,rating-breakdown,True,7.2,58.1,,,block,True,False,,
1153957,Aleksandar Stanković,15858567,rating-breakdown,defensive,defensive,,,,Club Brugge KV,75.0,,32.9,38.3,,,True,rating-breakdown,True,32.9,38.3,,,ball-recovery,True,False,,
1153957,Aleksandar Stanković,15858567,rating-breakdown,defensive,defensive,,,,Club Brugge KV,75.0,,28.4,81.4,32.3,72.4,True,rating-breakdown,True,28.4,81.4,32.3,72.4,clearance,True,False,,
1153957,Aleksandar Stanković,15858567,rating-breakdown,defensive,defensive,,,,Club Brugge KV,75.0,,66.4,12,,,True,rating-breakdown,True,66.4,12,,,ball-recovery,True,False,,
1153957,Aleksandar Stanković,15858567,rating-breakdown,defensive,defensive,,,,Club Brugge KV,75.0,,30.2,90.8,,,True,rating-breakdown,True,30.2,90.8,,,ball-recovery,True,False,,
1153957,Aleksandar Stanković,15858567,rating-breakdown,defensive,defensive,,,,Club Brugge KV,75.0,,18.3,48.5,33.5,13.8,True,rating-breakdown,True,18.3,48.5,33.5,13.8,clearance,True,False,,
1153957,Aleksandar Stanković,15858567,rating-breakdown,defensive,defensive,,,,Club Brugge KV,75.0,,59.9,32.1,,,True,rating-breakdown,True,59.9,32.1,,,interception,True,False,,
1153957,Aleksandar Stanković,15858567,rating-breakdown,defensive,defensive,,,,Club Brugge KV,75.0,,17.7,35.2,,,True,rating-breakdown,True,17.7,35.2,,,interception,True,False,,
1153957,Aleksandar Stanković,15858567,rating-breakdown,defensive,defensive,,,,Club Brugge KV,75.0,,42.9,63.9,,,True,rating-breakdown,True,42.9,63.9,,,interception,True,False,,
1153957,Aleksandar Stanković,15858567,rating-breakdown,defensive,defensive,,,,Club Brugge KV,75.0,,47.1,11.1,,,True,rating-breakdown,True,47.1,11.1,,,ball-recovery,True,False,,
1153957,Aleksandar Stanković,15858567,rating-breakdown,defensive,defensive,,,,Club Brugge KV,75.0,,39.4,66.1,,,True,rating-breakdown,True,39.4,66.1,,,ball-recovery,True,False,,
1153957,Aleksandar Stanković,15858567,rating-breakdown,defensive,defensive,,,,Club Brugge KV,75.0,,5.1,41.7,0,32.5,True,rating-breakdown,True,5.1,41.7,0,32.5,clearance,True,False,,
1153957,Aleksandar Stanković,15858567,rating-breakdown,defensive,defensive,,,,Club Brugge KV,75.0,,52,36.8,,,True,rating-breakdown,True,52,36.8,,,interception,True,False,,
1153957,Aleksandar Stanković,14035895,rating-breakdown,passes,passes,,,,Club Brugge KV,90.0,,44.2,38.9,45.9,95.9,True,rating-breakdown,True,44.2,38.9,45.9,95.9,pass,False,False,True,
1153957,Aleksandar Stanković,14035895,rating-breakdown,passes,passes,,,,Club Brugge KV,90.0,,39.8,82.8,34.3,48.1,True,rating-breakdown,True,39.8,82.8,34.3,48.1,pass,False,False,,
1153957,Aleksandar Stanković,14035895,rating-breakdown,passes,passes,,,,Club Brugge KV,90.0,,54.9,44.1,39.9,52,True,rating-breakdown,True,54.9,44.1,39.9,52,pass,False,False,,
1153957,Aleksandar Stanković,14035895,rating-breakdown,passes,passes,,,,Club Brugge KV,90.0,,12.7,4.6,4.2,4,True,rating-breakdown,True,12.7,4.6,4.2,4,pass,False,False,,
1153957,Aleksandar Stanković,14035895,rating-breakdown,passes,passes,,,,Club Brugge KV,90.0,,10.3,75.7,19.7,89.4,True,rating-breakdown,True,10.3,75.7,19.7,89.4,pass,False,False,,
1153957,Aleksandar Stanković,14035895,rating-breakdown,passes,passes,,,,Club Brugge KV,90.0,,12,88.6,41,84.9,True,rating-breakdown,True,12,88.6,41,84.9,pass,False,False,,
1153957,Aleksandar Stanković,14035895,rating-breakdown,passes,passes,,,,Club Brugge KV,90.0,,33.3,43.6,28.8,36.1,True,rating-breakdown,True,33.3,43.6,28.8,36.1,pass,False,False,,
1153957,Aleksandar Stanković,14035895,rating-breakdown,passes,passes,,,,Club Brugge KV,90.0,,41.8,43.6,33.4,35.2,True,rating-breakdown,True,41.8,43.6,33.4,35.2,pass,False,False,,
1153957,Aleksandar Stanković,14035895,rating-breakdown,passes,passes,,,,Club Brugge KV,90.0,,67.6,35.7,68.8,13.8,True,rating-breakdown,True,67.6,35.7,68.8,13.8,pass,False,False,,
1153957,Aleksandar Stanković,14035895,rating-breakdown,passes,passes,,,,Club Brugge KV,90.0,,4.2,19.5,11.3,1,True,rating-breakdown,True,4.2,19.5,11.3,1,pass,False,False,,
1153957,Aleksandar Stanković,14035895,rating-breakdown,passes,passes,,,,Club Brugge KV,90.0,,22.3,17.8,72.9,0,,rating-breakdown,True,22.3,17.8,72.9,0,pass,False,False,True,
1153957,Aleksandar Stanković,14035895,rating-breakdown,passes,passes,,,,Club Brugge KV,90.0,,62.1,66.4,60.6,59.4,True,rating-breakdown,True,62.1,66.4,60.6,59.4,pass,False,False,,
1153957,Aleksandar Stanković,14035895,rating-breakdown,passes,passes,,,,Club Brugge KV,90.0,,67.6,26.5,82,3.9,True,rating-breakdown,True,67.6,26.5,82,3.9,pass,False,False,,
1153957,Aleksandar Stanković,14035895,rating-breakdown,passes,passes,,,,Club Brugge KV,90.0,,59.2,32.7,55.2,21.1,True,rating-breakdown,True,59.2,32.7,55.2,21.1,pass,False,False,,
1153957,Aleksandar Stanković,14035895,rating-breakdown,passes,passes,,,,Club Brugge KV,90.0,,70.2,53.4,62.7,70,True,rating-breakdown,True,70.2,53.4,62.7,70,pass,False,False,,
1153957,Aleksandar Stanković,14035895,rating-breakdown,passes,passes,,,,Club Brugge KV,90.0,,45,33.4,52.5,67.2,True,rating-breakdown,True,45,33.4,52.5,67.2,pass,False,False,,
1153957,Aleksandar Stanković,14035895,rating-breakdown,passes,passes,,,,Club Brugge KV,90.0,,63.9,37.9,82.9,5.2,True,rating-breakdown,True,63.9,37.9,82.9,5.2,pass,False,False,,
1153957,Aleksandar Stanković,14035895,rating-breakdown,passes,passes,,,,Club Brugge KV,90.0,,17.1,36.4,1.9,54.7,True,rating-breakdown,True,17.1,36.4,1.9,54.7,pass,False,False,,
1153957,Aleksandar Stanković,14035895,rating-breakdown,passes,passes,,,,Club Brugge KV,90.0,,25.8,50.1,63.5,65.2,True,rating-breakdown,True,25.8,50.1,63.5,65.2,pass,False,False,True,
1153957,Aleksandar Stanković,14035895,rating-breakdown,passes,passes,,,,Club Brugge KV,90.0,,33.8,55.8,29.9,39,True,rating-breakdown,True,33.8,55.8,29.9,39,pass,False,False,,
1153957,Aleksandar Stanković,14035895,rating-breakdown,passes,passes,,,,Club Brugge KV,90.0,,62.3,55.8,64.9,81.1,True,rating-breakdown,True,62.3,55.8,64.9,81.1,pass,False,False,,
1153957,Aleksandar Stanković,14035895,rating-breakdown,passes,passes,,,,Club Brugge KV,90.0,,51.2,68.7,37.4,44.1,True,rating-breakdown,True,51.2,68.7,37.4,44.1,pass,False,False,,
1153957,Aleksandar Stanković,14035895,rating-breakdown,passes,passes,,,,Club Brugge KV,90.0,,58.6,43.8,55.4,56.2,True,rating-breakdown,True,58.6,43.8,55.4,56.2,pass,False,False,,
1153957,Aleksandar Stanković,14035895,rating-breakdown,passes,passes,,,,Club Brugge KV,90.0,,26.6,68.7,51.7,89.2,True,rating-breakdown,True,26.6,68.7,51.7,89.2,pass,False,False,True,
1153957,Aleksandar Stanković,14035895,rating-breakdown,passes,passes,,,,Club Brugge KV,90.0,,47.9,57.3,35.9,57.6,True,rating-breakdown,True,47.9,57.3,35.9,57.6,pass,False,False,,
1153957,Aleksandar Stanković,14035895,rating-breakdown,passes,passes,,,,Club Brugge KV,90.0,,37.2,32.8,31.3,60.7,True,rating-breakdown,True,37.2,32.8,31.3,60.7,pass,False,False,,
1153957,Aleksandar Stanković,14035895,rating-breakdown,passes,passes,,,,Club Brugge KV,90.0,,52.7,71.2,68.6,84.9,True,rating-breakdown,True,52.7,71.2,68.6,84.9,pass,False,False,,
1153957,Aleksandar Stanković,14035895,rating-breakdown,passes,passes,,,,Club Brugge KV,90.0,,33,60,20.2,65.2,True,rating-breakdown,True,33,60,20.2,65.2,pass,False,False,,
1153957,Aleksandar Stanković,14035895,rating-breakdown,passes,passes,,,,Club Brugge KV,90.0,,66.4,32.8,88.6,21.4,True,rating-breakdown,True,66.4,32.8,88.6,21.4,pass,False,False,,
1153957,Aleksandar Stanković,14035895,rating-breakdown,passes,passes,,,,Club Brugge KV,90.0,,38.3,43,40,54.3,,rating-breakdown,True,38.3,43,40,54.3,pass,False,False,,
1153957,Aleksandar Stanković,14035895,rating-breakdown,passes,passes,,,,Club Brugge KV,90.0,,68.8,30.6,76.5,2.5,True,rating-breakdown,True,68.8,30.6,76.5,2.5,pass,False,False,,
1153957,Aleksandar Stanković,14035895,rating-breakdown,passes,passes,,,,Club Brugge KV,90.0,,36,69.3,71.5,80.4,,rating-breakdown,True,36,69.3,71.5,80.4,pass,False,False,True,
1153957,Aleksandar Stanković,14035895,rating-breakdown,passes,passes,,,,Club Brugge KV,90.0,,43.7,10.6,27.1,27.7,True,rating-breakdown,True,43.7,10.6,27.1,27.7,pass,False,False,,
1153957,Aleksandar Stanković,14035895,rating-breakdown,passes,passes,,,,Club Brugge KV,90.0,,59.1,73.9,53.5,85.2,True,rating-breakdown,True,59.1,73.9,53.5,85.2,pass,False,False,,
1153957,Aleksandar Stanković,14035895,rating-breakdown,passes,passes,,,,Club Brugge KV,90.0,,66.5,76.9,83.1,97.2,True,rating-breakdown,True,66.5,76.9,83.1,97.2,pass,False,False,,
1153957,Aleksandar Stanković,14035895,rating-breakdown,passes,passes,,,,Club Brugge KV,90.0,,61.5,70.8,64,37.3,True,rating-breakdown,True,61.5,70.8,64,37.3,pass,False,False,,
1153957,Aleksandar Stanković,14035895,rating-breakdown,passes,passes,,,,Club Brugge KV,90.0,,37.1,34.2,14.9,26.2,True,rating-breakdown,True,37.1,34.2,14.9,26.2,pass,False,False,,
1153957,Aleksandar Stanković,14035895,rating-breakdown,passes,passes,,,,Club Brugge KV,90.0,,69.5,47.2,71.8,62.7,True,rating-breakdown,True,69.5,47.2,71.8,62.7,pass,False,False,,
1153957,Aleksandar Stanković,14035895,rating-breakdown,passes,passes,,,,Club Brugge KV,90.0,,70.3,40.8,71.3,60.3,True,rating-breakdown,True,70.3,40.8,71.3,60.3,pass,False,False,,
1153957,Aleksandar Stanković,14035895,rating-breakdown,passes,passes,,,,Club Brugge KV,90.0,,67.4,45.6,82.6,2.2,True,rating-breakdown,True,67.4,45.6,82.6,2.2,pass,False,False,True,
1153957,Aleksandar Stanković,14035895,rating-breakdown,passes,passes,,,,Club Brugge KV,90.0,,70.7,60.6,91.3,39.6,,rating-breakdown,True,70.7,60.6,91.3,39.6,pass,False,False,,
1153957,Aleksandar Stanković,14035895,rating-breakdown,passes,passes,,,,Club Brugge KV,90.0,,41.5,53.8,37.1,57.6,True,rating-breakdown,True,41.5,53.8,37.1,57.6,pass,False,False,,
1153957,Aleksandar Stanković,14035895,rating-breakdown,passes,passes,,,,Club Brugge KV,90.0,,35.1,51.6,34.7,25.6,True,rating-breakdown,True,35.1,51.6,34.7,25.6,pass,False,False,,
1153957,Aleksandar Stanković,14035895,rating-breakdown,passes,passes,,,,Club Brugge KV,90.0,,72,48.3,71.1,65.1,True,rating-breakdown,True,72,48.3,71.1,65.1,pass,False,False,,
1153957,Aleksandar Stanković,14035895,rating-breakdown,passes,passes,,,,Club Brugge KV,90.0,,78.7,52.8,78.3,41.5,True,rating-breakdown,True,78.7,52.8,78.3,41.5,pass,False,False,,
1153957,Aleksandar Stanković,14035895,rating-breakdown,passes,passes,,,,Club Brugge KV,90.0,,75.3,51.9,72.9,62.1,True,rating-breakdown,True,75.3,51.9,72.9,62.1,pass,False,False,,
1153957,Aleksandar Stanković,14035895,rating-breakdown,passes,passes,,,,Club Brugge KV,90.0,,38.8,71.1,41,87.6,True,rating-breakdown,True,38.8,71.1,41,87.6,pass,False,False,,
1153957,Aleksandar Stanković,14035895,rating-breakdown,passes,passes,,,,Club Brugge KV,90.0,,70,83.8,82.7,95.4,True,rating-breakdown,True,70,83.8,82.7,95.4,pass,False,False,,
1153957,Aleksandar Stanković,14035895,rating-breakdown,passes,passes,,,,Club Brugge KV,90.0,,47.2,73,100,92.4,,rating-breakdown,True,47.2,73,100,92.4,pass,False,False,True,
1153957,Aleksandar Stanković,14035895,rating-breakdown,defensive,defensive,,,,Club Brugge KV,90.0,,10.3,68.6,,,True,rating-breakdown,True,10.3,68.6,,,tackle,False,False,,
1153957,Aleksandar Stanković,14035895,rating-breakdown,defensive,defensive,,,,Club Brugge KV,90.0,,10.3,76,,,True,rating-breakdown,True,10.3,76,,,ball-recovery,False,False,,
1153957,Aleksandar Stanković,14035895,rating-breakdown,defensive,defensive,,,,Club Brugge KV,90.0,,6.7,51.6,13.3,64.3,True,rating-breakdown,True,6.7,51.6,13.3,64.3,clearance,False,False,,
1153957,Aleksandar Stanković,14035895,rating-breakdown,defensive,defensive,,,,Club Brugge KV,90.0,,10.4,56.1,35.1,67.8,True,rating-breakdown,True,10.4,56.1,35.1,67.8,clearance,False,False,,
1153957,Aleksandar Stanković,14035895,rating-breakdown,defensive,defensive,,,,Club Brugge KV,90.0,,6.2,61.3,23.7,41.4,True,rating-breakdown,True,6.2,61.3,23.7,41.4,clearance,False,False,,
1153957,Aleksandar Stanković,14035895,rating-breakdown,defensive,defensive,,,,Club Brugge KV,90.0,,14.8,50.8,26.9,48.3,True,rating-breakdown,True,14.8,50.8,26.9,48.3,clearance,False,False,,
1153957,Aleksandar Stanković,14035895,rating-breakdown,defensive,defensive,,,,Club Brugge KV,90.0,,27.2,67.8,30,100,True,rating-breakdown,True,27.2,67.8,30,100,clearance,False,False,,
1153957,Aleksandar Stanković,14035895,rating-breakdown,defensive,defensive,,,,Club Brugge KV,90.0,,8.7,70.9,2,87.4,True,rating-breakdown,True,8.7,70.9,2,87.4,clearance,False,False,,
1153957,Aleksandar Stanković,14035895,rating-breakdown,defensive,defensive,,,,Club Brugge KV,90.0,,16,42.8,,,True,rating-breakdown,True,16,42.8,,,block,False,False,,
1153957,Aleksandar Stanković,14035895,rating-breakdown,defensive,defensive,,,,Club Brugge KV,90.0,,5.5,38.7,5.1,26.7,True,rating-breakdown,True,5.5,38.7,5.1,26.7,clearance,False,False,,
1153957,Aleksandar Stanković,14035895,rating-breakdown,defensive,defensive,,,,Club Brugge KV,90.0,,3.7,66.1,,,True,rating-breakdown,True,3.7,66.1,,,interception,False,False,,
1153957,Aleksandar Stanković,14035895,rating-breakdown,defensive,defensive,,,,Club Brugge KV,90.0,,4.9,41.9,,,True,rating-breakdown,True,4.9,41.9,,,block,False,False,,
1153957,Aleksandar Stanković,14035895,rating-breakdown,defensive,defensive,,,,Club Brugge KV,90.0,,10.7,46.8,32.5,27.6,True,rating-breakdown,True,10.7,46.8,32.5,27.6,clearance,False,False,,
1153957,Aleksandar Stanković,14035895,rating-breakdown,defensive,defensive,,,,Club Brugge KV,90.0,,47.4,24.4,,,True,rating-breakdown,True,47.4,24.4,,,ball-recovery,False,False,,
1153957,Aleksandar Stanković,14035895,rating-breakdown,defensive,defensive,,,,Club Brugge KV,90.0,,35.1,51.6,,,True,rating-breakdown,True,35.1,51.6,,,ball-recovery,False,False,,
1153957,Aleksandar Stanković,14035895,rating-breakdown,defensive,defensive,,,,Club Brugge KV,90.0,,27.1,51.7,79,56.2,True,rating-breakdown,True,27.1,51.7,79,56.2,clearance,False,False,,
1153957,Aleksandar Stanković,14035895,rating-breakdown,defensive,defensive,,,,Club Brugge KV,90.0,,29.3,52.4,45.1,52,True,rating-breakdown,True,29.3,52.4,45.1,52,clearance,False,False,,
1153957,Aleksandar Stanković,14035895,rating-breakdown,defensive,defensive,,,,Club Brugge KV,90.0,,11.8,45.6,28.1,63.1,True,rating-breakdown,True,11.8,45.6,28.1,63.1,clearance,False,False,,
1153957,Aleksandar Stanković,14035901,rating-breakdown,passes,passes,,,,Club Brugge KV,90.0,,58.3,31.2,65.9,94,True,rating-breakdown,True,58.3,31.2,65.9,94,pass,True,False,True,
1153957,Aleksandar Stanković,14035901,rating-breakdown,passes,passes,,,,Club Brugge KV,90.0,,53.6,49.7,45.7,27,True,rating-breakdown,True,53.6,49.7,45.7,27,pass,True,False,,
1153957,Aleksandar Stanković,14035901,rating-breakdown,passes,passes,,,,Club Brugge KV,90.0,,42.9,25.3,57.9,87,True,rating-breakdown,True,42.9,25.3,57.9,87,pass,True,False,True,
1153957,Aleksandar Stanković,14035901,rating-breakdown,passes,passes,,,,Club Brugge KV,90.0,,33.1,60.3,20.7,70.5,True,rating-breakdown,True,33.1,60.3,20.7,70.5,pass,True,False,,
1153957,Aleksandar Stanković,14035901,rating-breakdown,passes,passes,,,,Club Brugge KV,90.0,,29.4,83.7,28.3,91.6,True,rating-breakdown,True,29.4,83.7,28.3,91.6,pass,True,False,,
1153957,Aleksandar Stanković,14035901,rating-breakdown,passes,passes,,,,Club Brugge KV,90.0,,2.5,28.5,52.1,33,,rating-breakdown,True,2.5,28.5,52.1,33,pass,True,False,True,
1153957,Aleksandar Stanković,14035901,rating-breakdown,passes,passes,,,,Club Brugge KV,90.0,,69.8,22.5,80.8,13.9,True,rating-breakdown,True,69.8,22.5,80.8,13.9,pass,True,False,,
1153957,Aleksandar Stanković,14035901,rating-breakdown,passes,passes,,,,Club Brugge KV,90.0,,57.8,29.2,54.3,22.6,True,rating-breakdown,True,57.8,29.2,54.3,22.6,pass,True,False,,
1153957,Aleksandar Stanković,14035901,rating-breakdown,passes,passes,,,,Club Brugge KV,90.0,,60.4,66.4,51.6,59.1,True,rating-breakdown,True,60.4,66.4,51.6,59.1,pass,True,False,,
1153957,Aleksandar Stanković,14035901,rating-breakdown,passes,passes,,,,Club Brugge KV,90.0,,29.3,46.6,13,47.7,True,rating-breakdown,True,29.3,46.6,13,47.7,pass,True,False,,
1153957,Aleksandar Stanković,14035901,rating-breakdown,passes,passes,,,,Club Brugge KV,90.0,,23.3,41.1,19.6,76,True,rating-breakdown,True,23.3,41.1,19.6,76,pass,True,False,,
1153957,Aleksandar Stanković,14035901,rating-breakdown,passes,passes,,,,Club Brugge KV,90.0,,49.9,55.5,46.8,70.5,True,rating-breakdown,True,49.9,55.5,46.8,70.5,pass,True,False,,
1153957,Aleksandar Stanković,14035901,rating-breakdown,passes,passes,,,,Club Brugge KV,90.0,,93.9,15.4,89.6,3,True,rating-breakdown,True,93.9,15.4,89.6,3,pass,True,False,,
1153957,Aleksandar Stanković,14035901,rating-breakdown,passes,passes,,,,Club Brugge KV,90.0,,20.7,3.7,11.6,30.6,True,rating-breakdown,True,20.7,3.7,11.6,30.6,pass,True,False,,
1153957,Aleksandar Stanković,14035901,rating-breakdown,passes,passes,,,,Club Brugge KV,90.0,,31.4,57.9,34.2,69,True,rating-breakdown,True,31.4,57.9,34.2,69,pass,True,False,,
1153957,Aleksandar Stanković,14035901,rating-breakdown,passes,passes,,,,Club Brugge KV,90.0,,33.7,55.6,36.8,27.1,True,rating-breakdown,True,33.7,55.6,36.8,27.1,pass,True,False,,
1153957,Aleksandar Stanković,14035901,rating-breakdown,passes,passes,,,,Club Brugge KV,90.0,,41,43,47.2,14.8,True,rating-breakdown,True,41,43,47.2,14.8,pass,True,False,,
1153957,Aleksandar Stanković,14035901,rating-breakdown,passes,passes,,,,Club Brugge KV,90.0,,46.4,34.9,54.2,49.2,True,rating-breakdown,True,46.4,34.9,54.2,49.2,pass,True,False,,
1153957,Aleksandar Stanković,14035901,rating-breakdown,passes,passes,,,,Club Brugge KV,90.0,,46.7,36.9,49.6,18.4,True,rating-breakdown,True,46.7,36.9,49.6,18.4,pass,True,False,,
1153957,Aleksandar Stanković,14035901,rating-breakdown,passes,passes,,,,Club Brugge KV,90.0,,58,38.1,56.1,62.5,True,rating-breakdown,True,58,38.1,56.1,62.5,pass,True,False,,
1153957,Aleksandar Stanković,14035901,rating-breakdown,passes,passes,,,,Club Brugge KV,90.0,,54.3,44.2,57.5,11.4,True,rating-breakdown,True,54.3,44.2,57.5,11.4,pass,True,False,,
1153957,Aleksandar Stanković,14035901,rating-breakdown,passes,passes,,,,Club Brugge KV,90.0,,47.4,48.7,40.4,80.7,True,rating-breakdown,True,47.4,48.7,40.4,80.7,pass,True,False,,
1153957,Aleksandar Stanković,14035901,rating-breakdown,passes,passes,,,,Club Brugge KV,90.0,,28.5,54.6,29.5,50.2,True,rating-breakdown,True,28.5,54.6,29.5,50.2,pass,True,False,,
1153957,Aleksandar Stanković,14035901,rating-breakdown,passes,passes,,,,Club Brugge KV,90.0,,36.6,19,26.5,21,True,rating-breakdown,True,36.6,19,26.5,21,pass,True,False,,
1153957,Aleksandar Stanković,14035901,rating-breakdown,passes,passes,,,,Club Brugge KV,90.0,,73.7,30.4,78,25.8,True,rating-breakdown,True,73.7,30.4,78,25.8,pass,True,False,,
1153957,Aleksandar Stanković,14035901,rating-breakdown,passes,passes,,,,Club Brugge KV,90.0,,53.4,67.8,56.2,34,True,rating-breakdown,True,53.4,67.8,56.2,34,pass,True,False,,
1153957,Aleksandar Stanković,14035901,rating-breakdown,passes,passes,,,,Club Brugge KV,90.0,,70.2,23.2,67.8,43.6,True,rating-breakdown,True,70.2,23.2,67.8,43.6,pass,True,False,,
1153957,Aleksandar Stanković,14035901,rating-breakdown,passes,passes,,,,Club Brugge KV,90.0,,76.3,60,75.1,44.7,True,rating-breakdown,True,76.3,60,75.1,44.7,pass,True,False,,
1153957,Aleksandar Stanković,14035901,rating-breakdown,passes,passes,,,,Club Brugge KV,90.0,,81.7,70.5,92.7,77.5,True,rating-breakdown,True,81.7,70.5,92.7,77.5,pass,True,False,,
1153957,Aleksandar Stanković,14035901,rating-breakdown,passes,passes,,,,Club Brugge KV,90.0,,39.8,67.8,26.7,49.6,True,rating-breakdown,True,39.8,67.8,26.7,49.6,pass,True,False,,
1153957,Aleksandar Stanković,14035901,rating-breakdown,passes,passes,,,,Club Brugge KV,90.0,,70.7,59.5,74.4,54.6,True,rating-breakdown,True,70.7,59.5,74.4,54.6,pass,True,False,,
1153957,Aleksandar Stanković,14035901,rating-breakdown,passes,passes,,,,Club Brugge KV,90.0,,65.8,60.9,72.8,52.8,True,rating-breakdown,True,65.8,60.9,72.8,52.8,pass,True,False,,
1153957,Aleksandar Stanković,14035901,rating-breakdown,passes,passes,,,,Club Brugge KV,90.0,,59.4,86.4,69.5,96,True,rating-breakdown,True,59.4,86.4,69.5,96,pass,True,False,,
1153957,Aleksandar Stanković,14035901,rating-breakdown,passes,passes,,,,Club Brugge KV,90.0,,56.7,88.5,40.6,82.5,True,rating-breakdown,True,56.7,88.5,40.6,82.5,pass,True,False,,
1153957,Aleksandar Stanković,14035901,rating-breakdown,passes,passes,,,,Club Brugge KV,90.0,,46.2,66.6,36.5,70.6,True,rating-breakdown,True,46.2,66.6,36.5,70.6,pass,True,False,,
1153957,Aleksandar Stanković,14035901,rating-breakdown,passes,passes,,,,Club Brugge KV,90.0,,46.7,36.9,39.4,51.9,True,rating-breakdown,True,46.7,36.9,39.4,51.9,pass,True,False,,
1153957,Aleksandar Stanković,14035901,rating-breakdown,passes,passes,,,,Club Brugge KV,90.0,,73,81.6,84.6,91.9,True,rating-breakdown,True,73,81.6,84.6,91.9,pass,True,False,,
1153957,Aleksandar Stanković,14035901,rating-breakdown,passes,passes,,,,Club Brugge KV,90.0,,46.6,36.7,35.5,49,True,rating-breakdown,True,46.6,36.7,35.5,49,pass,True,False,,
1153957,Aleksandar Stanković,14035901,rating-breakdown,passes,passes,,,,Club Brugge KV,90.0,,64.4,68.7,66.6,32.7,True,rating-breakdown,True,64.4,68.7,66.6,32.7,pass,True,False,,
1153957,Aleksandar Stanković,14035901,rating-breakdown,passes,passes,,,,Club Brugge KV,90.0,,57.6,18.4,55.3,31.8,True,rating-breakdown,True,57.6,18.4,55.3,31.8,pass,True,False,,
1153957,Aleksandar Stanković,14035901,rating-breakdown,passes,passes,,,,Club Brugge KV,90.0,,53.4,50.1,56.8,28.3,True,rating-breakdown,True,53.4,50.1,56.8,28.3,pass,True,False,,
1153957,Aleksandar Stanković,14035901,rating-breakdown,passes,passes,,,,Club Brugge KV,90.0,,73.9,60,72.9,44.8,True,rating-breakdown,True,73.9,60,72.9,44.8,pass,True,False,,
1153957,Aleksandar Stanković,14035901,rating-breakdown,passes,passes,,,,Club Brugge KV,90.0,,64.2,56.1,64.9,35.7,True,rating-breakdown,True,64.2,56.1,64.9,35.7,pass,True,False,,
1153957,Aleksandar Stanković,14035901,rating-breakdown,passes,passes,,,,Club Brugge KV,90.0,,36.3,77.1,45.4,74,True,rating-breakdown,True,36.3,77.1,45.4,74,pass,True,False,,
1153957,Aleksandar Stanković,14035901,rating-breakdown,passes,passes,,,,Club Brugge KV,90.0,,31,85.5,30.2,91.8,True,rating-breakdown,True,31,85.5,30.2,91.8,pass,True,False,,
1153957,Aleksandar Stanković,14035901,rating-breakdown,passes,passes,,,,Club Brugge KV,90.0,,26.7,59.7,27.7,70.3,True,rating-breakdown,True,26.7,59.7,27.7,70.3,pass,True,False,,
1153957,Aleksandar Stanković,14035901,rating-breakdown,passes,passes,,,,Club Brugge KV,90.0,,55.3,76.8,57.6,90.7,,rating-breakdown,True,55.3,76.8,57.6,90.7,pass,True,False,True,
1153957,Aleksandar Stanković,14035901,rating-breakdown,defensive,defensive,,,,Club Brugge KV,90.0,,2.5,28.5,,,True,rating-breakdown,True,2.5,28.5,,,ball-recovery,True,False,,
1153957,Aleksandar Stanković,14035901,rating-breakdown,defensive,defensive,,,,Club Brugge KV,90.0,,22.7,35.7,,,True,rating-breakdown,True,22.7,35.7,,,ball-recovery,True,False,,
1153957,Aleksandar Stanković,14035901,rating-breakdown,defensive,defensive,,,,Club Brugge KV,90.0,,52.3,58.5,,,True,rating-breakdown,True,52.3,58.5,,,ball-recovery,True,False,,
1153957,Aleksandar Stanković,14035901,rating-breakdown,defensive,defensive,,,,Club Brugge KV,90.0,,70.3,71.5,,,True,rating-breakdown,True,70.3,71.5,,,interception,True,False,,
1153957,Aleksandar Stanković,14035901,rating-breakdown,defensive,defensive,,,,Club Brugge KV,90.0,,72.5,81.3,,,True,rating-breakdown,True,72.5,81.3,,,ball-recovery,True,False,,
1153957,Aleksandar Stanković,14035901,rating-breakdown,defensive,defensive,,,,Club Brugge KV,90.0,,26.7,59.7,,,True,rating-breakdown,True,26.7,59.7,,,ball-recovery,True,False,,
1153957,Aleksandar Stanković,14035901,rating-breakdown,defensive,defensive,,,,Club Brugge KV,90.0,,10.4,63.9,23,55.6,True,rating-breakdown,True,10.4,63.9,23,55.6,clearance,True,False,,
1153957,Aleksandar Stanković,14035901,rating-breakdown,defensive,defensive,,,,Club Brugge KV,90.0,,20.4,70.3,30.5,89.7,True,rating-breakdown,True,20.4,70.3,30.5,89.7,clearance,True,False,,
1153957,Aleksandar Stanković,14035901,rating-breakdown,defensive,defensive,,,,Club Brugge KV,90.0,,7.8,57.3,15.2,59.1,True,rating-breakdown,True,7.8,57.3,15.2,59.1,clearance,True,False,,
1153957,Aleksandar Stanković,14035913,rating-breakdown,passes,passes,,,,Club Brugge KV,90.0,,28.6,56.6,35.1,36.3,True,rating-breakdown,True,28.6,56.6,35.1,36.3,pass,False,False,,
1153957,Aleksandar Stanković,14035913,rating-breakdown,passes,passes,,,,Club Brugge KV,90.0,,36.8,38.6,37.7,80.3,True,rating-breakdown,True,36.8,38.6,37.7,80.3,pass,False,False,,
1153957,Aleksandar Stanković,14035913,rating-breakdown,passes,passes,,,,Club Brugge KV,90.0,,55,70,69.6,21.3,,rating-breakdown,True,55,70,69.6,21.3,pass,False,False,True,
1153957,Aleksandar Stanković,14035913,rating-breakdown,passes,passes,,,,Club Brugge KV,90.0,,53.5,50.3,57.2,76.6,True,rating-breakdown,True,53.5,50.3,57.2,76.6,pass,False,False,,
1153957,Aleksandar Stanković,14035913,rating-breakdown,passes,passes,,,,Club Brugge KV,90.0,,59.5,62.9,76.4,9.8,True,rating-breakdown,True,59.5,62.9,76.4,9.8,pass,False,False,True,
1153957,Aleksandar Stanković,14035913,rating-breakdown,passes,passes,,,,Club Brugge KV,90.0,,68.3,25.3,75,3.5,True,rating-breakdown,True,68.3,25.3,75,3.5,pass,False,False,,
1153957,Aleksandar Stanković,14035913,rating-breakdown,passes,passes,,,,Club Brugge KV,90.0,,38.3,37,47.9,25.6,True,rating-breakdown,True,38.3,37,47.9,25.6,pass,False,False,,
1153957,Aleksandar Stanković,14035913,rating-breakdown,passes,passes,,,,Club Brugge KV,90.0,,43.2,29.4,78.4,88.7,True,rating-breakdown,True,43.2,29.4,78.4,88.7,pass,False,True,True,
1153957,Aleksandar Stanković,14035913,rating-breakdown,passes,passes,,,,Club Brugge KV,90.0,,63.2,62.4,63.6,80.6,True,rating-breakdown,True,63.2,62.4,63.6,80.6,pass,False,False,,
1153957,Aleksandar Stanković,14035913,rating-breakdown,passes,passes,,,,Club Brugge KV,90.0,,62.9,52.7,67.1,44.9,True,rating-breakdown,True,62.9,52.7,67.1,44.9,pass,False,False,,
1153957,Aleksandar Stanković,14035913,rating-breakdown,passes,passes,,,,Club Brugge KV,90.0,,58.8,38.6,53.3,28.8,True,rating-breakdown,True,58.8,38.6,53.3,28.8,pass,False,False,,
1153957,Aleksandar Stanković,14035913,rating-breakdown,passes,passes,,,,Club Brugge KV,90.0,,58.1,76,40.8,90,True,rating-breakdown,True,58.1,76,40.8,90,pass,False,False,,
1153957,Aleksandar Stanković,14035913,rating-breakdown,passes,passes,,,,Club Brugge KV,90.0,,67.4,55.1,72,32.8,True,rating-breakdown,True,67.4,55.1,72,32.8,pass,False,False,,
1153957,Aleksandar Stanković,14035913,rating-breakdown,passes,passes,,,,Club Brugge KV,90.0,,30.8,25.3,74,29.1,,rating-breakdown,True,30.8,25.3,74,29.1,pass,False,False,True,
1153957,Aleksandar Stanković,14035913,rating-breakdown,passes,passes,,,,Club Brugge KV,90.0,,42.1,63.7,40,82.7,True,rating-breakdown,True,42.1,63.7,40,82.7,pass,False,False,,
1153957,Aleksandar Stanković,14035913,rating-breakdown,passes,passes,,,,Club Brugge KV,90.0,,31.9,88.9,35.6,97.1,True,rating-breakdown,True,31.9,88.9,35.6,97.1,pass,False,False,,
1153957,Aleksandar Stanković,14035913,rating-breakdown,passes,passes,,,,Club Brugge KV,90.0,,34,77.3,27.9,67.5,True,rating-breakdown,True,34,77.3,27.9,67.5,pass,False,False,,
1153957,Aleksandar Stanković,14035913,rating-breakdown,passes,passes,,,,Club Brugge KV,90.0,,57.2,94.4,79.2,74.4,,rating-breakdown,True,57.2,94.4,79.2,74.4,pass,False,False,,
1153957,Aleksandar Stanković,14035913,rating-breakdown,passes,passes,,,,Club Brugge KV,90.0,,63.6,70.8,68.9,41.5,True,rating-breakdown,True,63.6,70.8,68.9,41.5,pass,False,False,,
1153957,Aleksandar Stanković,14035913,rating-breakdown,passes,passes,,,,Club Brugge KV,90.0,,74.4,37.9,90.8,10.7,True,rating-breakdown,True,74.4,37.9,90.8,10.7,pass,False,False,,
1153957,Aleksandar Stanković,14035913,rating-breakdown,passes,passes,,,,Club Brugge KV,90.0,,72.5,41.5,73.5,21.8,True,rating-breakdown,True,72.5,41.5,73.5,21.8,pass,False,False,,
1153957,Aleksandar Stanković,14035913,rating-breakdown,passes,passes,,,,Club Brugge KV,90.0,,70.4,46.9,73.4,34.9,True,rating-breakdown,True,70.4,46.9,73.4,34.9,pass,False,False,,
1153957,Aleksandar Stanković,14035913,rating-breakdown,passes,passes,,,,Club Brugge KV,90.0,,45.1,44.9,61.1,67.3,True,rating-breakdown,True,45.1,44.9,61.1,67.3,pass,False,True,,
1153957,Aleksandar Stanković,14035913,rating-breakdown,passes,passes,,,,Club Brugge KV,90.0,,48.7,47.3,73.5,52.5,True,rating-breakdown,True,48.7,47.3,73.5,52.5,pass,False,False,True,
1153957,Aleksandar Stanković,14035913,rating-breakdown,passes,passes,,,,Club Brugge KV,90.0,,52.1,60.2,59.8,50.7,True,rating-breakdown,True,52.1,60.2,59.8,50.7,pass,False,False,,
1153957,Aleksandar Stanković,14035913,rating-breakdown,passes,passes,,,,Club Brugge KV,90.0,,58.4,76.9,63.1,63.9,True,rating-breakdown,True,58.4,76.9,63.1,63.9,pass,False,False,,
1153957,Aleksandar Stanković,14035913,rating-breakdown,passes,passes,,,,Club Brugge KV,90.0,,59.4,76.7,80.8,8.6,True,rating-breakdown,True,59.4,76.7,80.8,8.6,pass,False,False,True,
1153957,Aleksandar Stanković,14035913,rating-breakdown,passes,passes,,,,Club Brugge KV,90.0,,22.3,60.6,29.5,75.7,True,rating-breakdown,True,22.3,60.6,29.5,75.7,pass,False,False,,
1153957,Aleksandar Stanković,14035913,rating-breakdown,passes,passes,,,,Club Brugge KV,90.0,,34.7,58.1,40.7,28.6,True,rating-breakdown,True,34.7,58.1,40.7,28.6,pass,False,False,,
1153957,Aleksandar Stanković,14035913,rating-breakdown,passes,passes,,,,Club Brugge KV,90.0,,53.6,48.5,39.6,38,True,rating-breakdown,True,53.6,48.5,39.6,38,pass,False,False,,
1153957,Aleksandar Stanković,14035913,rating-breakdown,passes,passes,,,,Club Brugge KV,90.0,,36.8,40.9,39,83.6,True,rating-breakdown,True,36.8,40.9,39,83.6,pass,False,False,,
1153957,Aleksandar Stanković,14035913,rating-breakdown,passes,passes,,,,Club Brugge KV,90.0,,53.1,92.6,56.4,98,True,rating-breakdown,True,53.1,92.6,56.4,98,pass,False,False,,
1153957,Aleksandar Stanković,14035913,rating-breakdown,passes,passes,,,,Club Brugge KV,90.0,,31.9,54.3,36.6,68.7,,rating-breakdown,True,31.9,54.3,36.6,68.7,pass,False,False,,
1153957,Aleksandar Stanković,14035913,rating-breakdown,passes,passes,,,,Club Brugge KV,90.0,,36.7,79.9,18.9,50.9,True,rating-breakdown,True,36.7,79.9,18.9,50.9,pass,False,False,,
1153957,Aleksandar Stanković,14035913,rating-breakdown,passes,passes,,,,Club Brugge KV,90.0,,43.1,92.3,100,10.3,,rating-breakdown,True,43.1,92.3,100,10.3,pass,False,False,True,
1153957,Aleksandar Stanković,14035913,rating-breakdown,passes,passes,,,,Club Brugge KV,90.0,,28.9,68.2,39.5,12.2,True,rating-breakdown,True,28.9,68.2,39.5,12.2,pass,False,False,True,
1153957,Aleksandar Stanković,14035913,rating-breakdown,passes,passes,,,,Club Brugge KV,90.0,,32,9.2,27.2,21.8,True,rating-breakdown,True,32,9.2,27.2,21.8,pass,False,False,,
1153957,Aleksandar Stanković,14035913,rating-breakdown,passes,passes,,,,Club Brugge KV,90.0,,56.3,49.4,51.7,67,True,rating-breakdown,True,56.3,49.4,51.7,67,pass,False,False,,
1153957,Aleksandar Stanković,14035913,rating-breakdown,passes,passes,,,,Club Brugge KV,90.0,,75.2,66.7,90.9,88.4,True,rating-breakdown,True,75.2,66.7,90.9,88.4,pass,False,False,,
1153957,Aleksandar Stanković,14035913,rating-breakdown,passes,passes,,,,Club Brugge KV,90.0,,34.2,45.7,32.7,31.8,True,rating-breakdown,True,34.2,45.7,32.7,31.8,pass,False,False,,
1153957,Aleksandar Stanković,14035913,rating-breakdown,passes,passes,,,,Club Brugge KV,90.0,,45.6,15,26.4,12.6,True,rating-breakdown,True,45.6,15,26.4,12.6,pass,False,False,,
1153957,Aleksandar Stanković,14035913,rating-breakdown,passes,passes,,,,Club Brugge KV,90.0,,45,27.7,38.2,17.4,True,rating-breakdown,True,45,27.7,38.2,17.4,pass,False,False,,
1153957,Aleksandar Stanković,14035913,rating-breakdown,passes,passes,,,,Club Brugge KV,90.0,,76.4,23.1,91.8,50,,rating-breakdown,True,76.4,23.1,91.8,50,cross,False,False,,
1153957,Aleksandar Stanković,14035913,rating-breakdown,passes,passes,,,,Club Brugge KV,90.0,,56.4,47.8,44.1,59.3,True,rating-breakdown,True,56.4,47.8,44.1,59.3,pass,False,False,,
1153957,Aleksandar Stanković,14035913,rating-breakdown,passes,passes,,,,Club Brugge KV,90.0,,48.2,64,55.6,60.6,True,rating-breakdown,True,48.2,64,55.6,60.6,pass,False,False,,
1153957,Aleksandar Stanković,14035913,rating-breakdown,passes,passes,,,,Club Brugge KV,90.0,,73.8,93.6,74.1,73.9,True,rating-breakdown,True,73.8,93.6,74.1,73.9,pass,False,False,,
1153957,Aleksandar Stanković,14035913,rating-breakdown,passes,passes,,,,Club Brugge KV,90.0,,45.6,47.3,41.8,27.4,True,rating-breakdown,True,45.6,47.3,41.8,27.4,pass,False,False,,
1153957,Aleksandar Stanković,14035913,rating-breakdown,passes,passes,,,,Club Brugge KV,90.0,,51,31.8,44.1,47.5,True,rating-breakdown,True,51,31.8,44.1,47.5,pass,False,False,,
1153957,Aleksandar Stanković,14035913,rating-breakdown,passes,passes,,,,Club Brugge KV,90.0,,53.3,23.4,61.6,3.7,True,rating-breakdown,True,53.3,23.4,61.6,3.7,pass,False,False,,
1153957,Aleksandar Stanković,14035913,rating-breakdown,passes,passes,,,,Club Brugge KV,90.0,,55.2,16.7,47,46.6,True,rating-breakdown,True,55.2,16.7,47,46.6,pass,False,False,,
1153957,Aleksandar Stanković,14035913,rating-breakdown,passes,passes,,,,Club Brugge KV,90.0,,57.2,18.3,57.6,29.5,True,rating-breakdown,True,57.2,18.3,57.6,29.5,pass,False,False,,
1153957,Aleksandar Stanković,14035913,rating-breakdown,passes,passes,,,,Club Brugge KV,90.0,,45.3,84.1,47,58.7,True,rating-breakdown,True,45.3,84.1,47,58.7,pass,False,False,,
1153957,Aleksandar Stanković,14035913,rating-breakdown,passes,passes,,,,Club Brugge KV,90.0,,59.5,63,71.3,49.3,True,rating-breakdown,True,59.5,63,71.3,49.3,pass,False,False,,
1153957,Aleksandar Stanković,14035913,rating-breakdown,passes,passes,,,,Club Brugge KV,90.0,,73.4,24.3,78.2,83.8,True,rating-breakdown,True,73.4,24.3,78.2,83.8,pass,False,False,True,
1153957,Aleksandar Stanković,14035913,rating-breakdown,passes,passes,,,,Club Brugge KV,90.0,,90.2,82.9,90,72.9,,rating-breakdown,True,90.2,82.9,90,72.9,pass,False,False,,
1153957,Aleksandar Stanković,14035913,rating-breakdown,passes,passes,,,,Club Brugge KV,90.0,,39.7,81.4,37,34.8,True,rating-breakdown,True,39.7,81.4,37,34.8,pass,False,False,,
1153957,Aleksandar Stanković,14035913,rating-breakdown,passes,passes,,,,Club Brugge KV,90.0,,63,36.1,54.9,28.8,True,rating-breakdown,True,63,36.1,54.9,28.8,pass,False,False,,
1153957,Aleksandar Stanković,14035913,rating-breakdown,passes,passes,,,,Club Brugge KV,90.0,,31.4,71.7,21.9,75.1,True,rating-breakdown,True,31.4,71.7,21.9,75.1,pass,False,False,,
1153957,Aleksandar Stanković,14035913,rating-breakdown,passes,passes,,,,Club Brugge KV,90.0,,55,46.1,74.4,66.3,True,rating-breakdown,True,55,46.1,74.4,66.3,pass,False,False,,
1153957,Aleksandar Stanković,14035913,rating-breakdown,passes,passes,,,,Club Brugge KV,90.0,,59.2,15.3,85.4,12.9,True,rating-breakdown,True,59.2,15.3,85.4,12.9,pass,False,False,,
1153957,Aleksandar Stanković,14035913,rating-breakdown,passes,passes,,,,Club Brugge KV,90.0,,62.5,38.8,56.5,31,True,rating-breakdown,True,62.5,38.8,56.5,31,pass,False,False,,
1153957,Aleksandar Stanković,14035913,rating-breakdown,passes,passes,,,,Club Brugge KV,90.0,,42.3,77,20.6,57.2,True,rating-breakdown,True,42.3,77,20.6,57.2,pass,False,False,,
1153957,Aleksandar Stanković,14035913,rating-breakdown,passes,passes,,,,Club Brugge KV,90.0,,63,56.7,65.8,43.1,True,rating-breakdown,True,63,56.7,65.8,43.1,pass,False,False,,
1153957,Aleksandar Stanković,14035913,rating-breakdown,passes,passes,,,,Club Brugge KV,90.0,,62.8,42.7,65.9,10,True,rating-breakdown,True,62.8,42.7,65.9,10,pass,False,False,,
1153957,Aleksandar Stanković,14035913,rating-breakdown,passes,passes,,,,Club Brugge KV,90.0,,68.6,15.2,80.1,8.8,True,rating-breakdown,True,68.6,15.2,80.1,8.8,pass,False,False,,
1153957,Aleksandar Stanković,14035913,rating-breakdown,defensive,defensive,,,,Club Brugge KV,90.0,,9.5,66.3,22.9,76.1,True,rating-breakdown,True,9.5,66.3,22.9,76.1,clearance,False,False,,
1153957,Aleksandar Stanković,14035913,rating-breakdown,defensive,defensive,,,,Club Brugge KV,90.0,,8.2,41.8,20.1,32.1,True,rating-breakdown,True,8.2,41.8,20.1,32.1,clearance,False,False,,
1153957,Aleksandar Stanković,14035913,rating-breakdown,defensive,defensive,,,,Club Brugge KV,90.0,,48.7,47.3,,,True,rating-breakdown,True,48.7,47.3,,,ball-recovery,False,False,,
1153957,Aleksandar Stanković,14035913,rating-breakdown,defensive,defensive,,,,Club Brugge KV,90.0,,8.1,70.5,15.8,75.7,True,rating-breakdown,True,8.1,70.5,15.8,75.7,clearance,False,False,,
1153957,Aleksandar Stanković,14035913,rating-breakdown,defensive,defensive,,,,Club Brugge KV,90.0,,8.4,43.6,1.2,11,True,rating-breakdown,True,8.4,43.6,1.2,11,clearance,False,False,,
1153957,Aleksandar Stanković,14035913,rating-breakdown,defensive,defensive,,,,Club Brugge KV,90.0,,4.2,8.5,,,True,rating-breakdown,True,4.2,8.5,,,ball-recovery,False,False,,
1153957,Aleksandar Stanković,14035913,rating-breakdown,defensive,defensive,,,,Club Brugge KV,90.0,,63.1,10.6,,,True,rating-breakdown,True,63.1,10.6,,,ball-recovery,False,False,,
1153957,Aleksandar Stanković,14035913,rating-breakdown,defensive,defensive,,,,Club Brugge KV,90.0,,13,42.8,36.4,54,True,rating-breakdown,True,13,42.8,36.4,54,clearance,False,False,,
1153957,Aleksandar Stanković,14035913,rating-breakdown,defensive,defensive,,,,Club Brugge KV,90.0,,65.7,90,,,True,rating-breakdown,True,65.7,90,,,tackle,False,False,,
1153957,Aleksandar Stanković,14035919,rating-breakdown,passes,passes,,,,Club Brugge KV,90.0,,37.7,32.8,13.3,34.3,True,rating-breakdown,True,37.7,32.8,13.3,34.3,pass,False,False,,
1153957,Aleksandar Stanković,14035919,rating-breakdown,passes,passes,,,,Club Brugge KV,90.0,,26.5,32.5,8.5,44.9,True,rating-breakdown,True,26.5,32.5,8.5,44.9,pass,False,False,,
1153957,Aleksandar Stanković,14035919,rating-breakdown,passes,passes,,,,Club Brugge KV,90.0,,35.2,25.2,88.8,80.8,True,rating-breakdown,True,35.2,25.2,88.8,80.8,pass,False,True,True,
1153957,Aleksandar Stanković,14035919,rating-breakdown,passes,passes,,,,Club Brugge KV,90.0,,28.4,66.4,9.2,60.3,True,rating-breakdown,True,28.4,66.4,9.2,60.3,pass,False,False,,
1153957,Aleksandar Stanković,14035919,rating-breakdown,passes,passes,,,,Club Brugge KV,90.0,,17.9,45.1,22.4,14.1,True,rating-breakdown,True,17.9,45.1,22.4,14.1,pass,False,False,,
1153957,Aleksandar Stanković,14035919,rating-breakdown,passes,passes,,,,Club Brugge KV,90.0,,28.6,31.2,47.4,46.9,,rating-breakdown,True,28.6,31.2,47.4,46.9,pass,False,False,,
1153957,Aleksandar Stanković,14035919,rating-breakdown,passes,passes,,,,Club Brugge KV,90.0,,32.6,44.3,40.2,73,True,rating-breakdown,True,32.6,44.3,40.2,73,pass,False,False,,
1153957,Aleksandar Stanković,14035919,rating-breakdown,passes,passes,,,,Club Brugge KV,90.0,,32.5,47.2,30.8,27.7,True,rating-breakdown,True,32.5,47.2,30.8,27.7,pass,False,False,,
1153957,Aleksandar Stanković,14035919,rating-breakdown,passes,passes,,,,Club Brugge KV,90.0,,64.2,58.4,70.6,41.5,True,rating-breakdown,True,64.2,58.4,70.6,41.5,pass,False,False,,
1153957,Aleksandar Stanković,14035919,rating-breakdown,passes,passes,,,,Club Brugge KV,90.0,,61.5,62.3,70.3,59.9,,rating-breakdown,True,61.5,62.3,70.3,59.9,pass,False,False,,
1153957,Aleksandar Stanković,14035919,rating-breakdown,passes,passes,,,,Club Brugge KV,90.0,,59.3,65.7,61.2,83.3,True,rating-breakdown,True,59.3,65.7,61.2,83.3,pass,False,False,,
1153957,Aleksandar Stanković,14035919,rating-breakdown,passes,passes,,,,Club Brugge KV,90.0,,19.3,45.4,10.3,25.9,True,rating-breakdown,True,19.3,45.4,10.3,25.9,pass,False,False,,
1153957,Aleksandar Stanković,14035919,rating-breakdown,passes,passes,,,,Club Brugge KV,90.0,,47.4,50.7,55.9,33.7,,rating-breakdown,True,47.4,50.7,55.9,33.7,pass,False,False,,
1153957,Aleksandar Stanković,14035919,rating-breakdown,passes,passes,,,,Club Brugge KV,90.0,,24.6,19.2,35.7,6.5,True,rating-breakdown,True,24.6,19.2,35.7,6.5,pass,False,False,,
1153957,Aleksandar Stanković,14035919,rating-breakdown,passes,passes,,,,Club Brugge KV,90.0,,26.1,37.6,31.5,75.9,True,rating-breakdown,True,26.1,37.6,31.5,75.9,pass,False,False,,
1153957,Aleksandar Stanković,14035919,rating-breakdown,passes,passes,,,,Club Brugge KV,90.0,,33.6,54.8,27.2,38.3,True,rating-breakdown,True,33.6,54.8,27.2,38.3,pass,False,False,,
1153957,Aleksandar Stanković,14035919,rating-breakdown,passes,passes,,,,Club Brugge KV,90.0,,29.9,53.6,35.4,42.1,True,rating-breakdown,True,29.9,53.6,35.4,42.1,pass,False,False,,
1153957,Aleksandar Stanković,14035919,rating-breakdown,passes,passes,,,,Club Brugge KV,90.0,,31.1,24.6,20.8,38.5,True,rating-breakdown,True,31.1,24.6,20.8,38.5,pass,False,False,,
1153957,Aleksandar Stanković,14035919,rating-breakdown,passes,passes,,,,Club Brugge KV,90.0,,20.4,47.6,20,18.2,True,rating-breakdown,True,20.4,47.6,20,18.2,pass,False,False,,
1153957,Aleksandar Stanković,14035919,rating-breakdown,passes,passes,,,,Club Brugge KV,90.0,,33.9,39.1,50.7,90,,rating-breakdown,True,33.9,39.1,50.7,90,pass,False,False,True,
1153957,Aleksandar Stanković,14035919,rating-breakdown,passes,passes,,,,Club Brugge KV,90.0,,33.9,54,65.4,18.6,,rating-breakdown,True,33.9,54,65.4,18.6,pass,False,False,True,
1153957,Aleksandar Stanković,14035919,rating-breakdown,passes,passes,,,,Club Brugge KV,90.0,,46.3,51.2,49.3,15.8,True,rating-breakdown,True,46.3,51.2,49.3,15.8,pass,False,False,,
1153957,Aleksandar Stanković,14035919,rating-breakdown,passes,passes,,,,Club Brugge KV,90.0,,49.3,49.1,70.6,32.2,,rating-breakdown,True,49.3,49.1,70.6,32.2,pass,False,False,,
1153957,Aleksandar Stanković,14035919,rating-breakdown,passes,passes,,,,Club Brugge KV,90.0,,32.8,72.1,8,54.5,True,rating-breakdown,True,32.8,72.1,8,54.5,pass,False,False,,
1153957,Aleksandar Stanković,14035919,rating-breakdown,passes,passes,,,,Club Brugge KV,90.0,,44.4,66.1,40.9,76.4,True,rating-breakdown,True,44.4,66.1,40.9,76.4,pass,False,False,,
1153957,Aleksandar Stanković,14035919,rating-breakdown,passes,passes,,,,Club Brugge KV,90.0,,26.5,50.6,31.2,38.5,True,rating-breakdown,True,26.5,50.6,31.2,38.5,pass,False,False,,
1153957,Aleksandar Stanković,14035919,rating-breakdown,passes,passes,,,,Club Brugge KV,90.0,,74.1,21.9,84.6,14.9,True,rating-breakdown,True,74.1,21.9,84.6,14.9,pass,False,False,,
1153957,Aleksandar Stanković,14035919,rating-breakdown,passes,passes,,,,Club Brugge KV,90.0,,67.9,64.8,68.8,83.6,True,rating-breakdown,True,67.9,64.8,68.8,83.6,pass,False,False,,
1153957,Aleksandar Stanković,14035919,rating-breakdown,passes,passes,,,,Club Brugge KV,90.0,,31.7,38.3,41.9,8.8,True,rating-breakdown,True,31.7,38.3,41.9,8.8,pass,False,False,,
1153957,Aleksandar Stanković,14035919,rating-breakdown,passes,passes,,,,Club Brugge KV,90.0,,27,56.7,33.4,34.2,True,rating-breakdown,True,27,56.7,33.4,34.2,pass,False,False,,
1153957,Aleksandar Stanković,14035919,rating-breakdown,passes,passes,,,,Club Brugge KV,90.0,,34.9,42.5,41.1,70.9,True,rating-breakdown,True,34.9,42.5,41.1,70.9,pass,False,False,,
1153957,Aleksandar Stanković,14035919,rating-breakdown,passes,passes,,,,Club Brugge KV,90.0,,72.2,64.5,76.1,83.9,True,rating-breakdown,True,72.2,64.5,76.1,83.9,pass,False,False,,
1153957,Aleksandar Stanković,14035919,rating-breakdown,passes,passes,,,,Club Brugge KV,90.0,,21.4,37.9,19.1,12.5,True,rating-breakdown,True,21.4,37.9,19.1,12.5,pass,False,False,,
1153957,Aleksandar Stanković,14035919,rating-breakdown,passes,passes,,,,Club Brugge KV,90.0,,65.7,47.6,62.6,26.2,True,rating-breakdown,True,65.7,47.6,62.6,26.2,pass,False,False,,
1153957,Aleksandar Stanković,14035919,rating-breakdown,passes,passes,,,,Club Brugge KV,90.0,,67.3,37,58.3,31.3,True,rating-breakdown,True,67.3,37,58.3,31.3,pass,False,False,,
1153957,Aleksandar Stanković,14035919,rating-breakdown,passes,passes,,,,Club Brugge KV,90.0,,58,45.1,55.1,33.4,True,rating-breakdown,True,58,45.1,55.1,33.4,pass,False,False,,
1153957,Aleksandar Stanković,14035919,rating-breakdown,passes,passes,,,,Club Brugge KV,90.0,,47.8,17,37.2,47.8,True,rating-breakdown,True,47.8,17,37.2,47.8,pass,False,False,,
1153957,Aleksandar Stanković,14035919,rating-breakdown,passes,passes,,,,Club Brugge KV,90.0,,38.3,38.9,9.7,43.7,True,rating-breakdown,True,38.3,38.9,9.7,43.7,pass,False,False,,
1153957,Aleksandar Stanković,14035919,rating-breakdown,passes,passes,,,,Club Brugge KV,90.0,,29.7,63.6,40.2,84.4,True,rating-breakdown,True,29.7,63.6,40.2,84.4,pass,False,False,,
1153957,Aleksandar Stanković,14035919,rating-breakdown,passes,passes,,,,Club Brugge KV,90.0,,36,36.1,48,2.2,True,rating-breakdown,True,36,36.1,48,2.2,pass,False,False,,
1153957,Aleksandar Stanković,14035919,rating-breakdown,passes,passes,,,,Club Brugge KV,90.0,,22.1,18.9,26.4,66.6,True,rating-breakdown,True,22.1,18.9,26.4,66.6,pass,False,False,True,
1153957,Aleksandar Stanković,14035919,rating-breakdown,passes,passes,,,,Club Brugge KV,90.0,,79.4,86.8,87.3,91.1,True,rating-breakdown,True,79.4,86.8,87.3,91.1,pass,False,False,,
1153957,Aleksandar Stanković,14035919,rating-breakdown,passes,passes,,,,Club Brugge KV,90.0,,77.3,94.7,64.6,78.5,True,rating-breakdown,True,77.3,94.7,64.6,78.5,pass,False,False,,
1153957,Aleksandar Stanković,14035919,rating-breakdown,passes,passes,,,,Club Brugge KV,90.0,,51.4,46.3,61.4,47.2,,rating-breakdown,True,51.4,46.3,61.4,47.2,pass,False,False,,
1153957,Aleksandar Stanković,14035919,rating-breakdown,passes,passes,,,,Club Brugge KV,90.0,,54.9,81.7,43,77.3,True,rating-breakdown,True,54.9,81.7,43,77.3,pass,False,False,,
1153957,Aleksandar Stanković,14035919,rating-breakdown,passes,passes,,,,Club Brugge KV,90.0,,48.7,79.9,39.7,70.3,True,rating-breakdown,True,48.7,79.9,39.7,70.3,pass,False,False,,
1153957,Aleksandar Stanković,14035919,rating-breakdown,passes,passes,,,,Club Brugge KV,90.0,,40.2,45.8,60.1,19.7,,rating-breakdown,True,40.2,45.8,60.1,19.7,pass,False,False,,
1153957,Aleksandar Stanković,14035919,rating-breakdown,passes,passes,,,,Club Brugge KV,90.0,,25.2,33.3,42,55.2,,rating-breakdown,True,25.2,33.3,42,55.2,pass,False,False,,
1153957,Aleksandar Stanković,14035919,rating-breakdown,passes,passes,,,,Club Brugge KV,90.0,,38.3,81.4,65.6,82.3,,rating-breakdown,True,38.3,81.4,65.6,82.3,pass,False,False,,
1153957,Aleksandar Stanković,14035919,rating-breakdown,passes,passes,,,,Club Brugge KV,90.0,,66.5,58.8,91.7,68.1,True,rating-breakdown,True,66.5,58.8,91.7,68.1,pass,False,True,,
1153957,Aleksandar Stanković,14035919,rating-breakdown,passes,passes,,,,Club Brugge KV,90.0,,59.6,94.4,37.5,55.8,True,rating-breakdown,True,59.6,94.4,37.5,55.8,pass,False,False,True,
1153957,Aleksandar Stanković,14035919,rating-breakdown,passes,passes,,,,Club Brugge KV,90.0,,6.2,87.1,27.4,96,True,rating-breakdown,True,6.2,87.1,27.4,96,pass,False,False,True,
1153957,Aleksandar Stanković,14035919,rating-breakdown,passes,passes,,,,Club Brugge KV,90.0,,66.1,64.9,93.7,92,True,rating-breakdown,True,66.1,64.9,93.7,92,pass,False,False,True,
1153957,Aleksandar Stanković,14035919,rating-breakdown,passes,passes,,,,Club Brugge KV,90.0,,52.7,51.6,60.5,43,True,rating-breakdown,True,52.7,51.6,60.5,43,pass,False,False,,
1153957,Aleksandar Stanković,14035919,rating-breakdown,passes,passes,,,,Club Brugge KV,90.0,,37.1,57.5,63.1,11.3,True,rating-breakdown,True,37.1,57.5,63.1,11.3,pass,False,False,True,
1153957,Aleksandar Stanković,14035919,rating-breakdown,passes,passes,,,,Club Brugge KV,90.0,,33,62.9,65.1,53.9,,rating-breakdown,True,33,62.9,65.1,53.9,pass,False,False,True,
1153957,Aleksandar Stanković,14035919,rating-breakdown,defensive,defensive,,,,Club Brugge KV,90.0,,19.2,34.3,30,46.3,True,rating-breakdown,True,19.2,34.3,30,46.3,clearance,False,False,,
1153957,Aleksandar Stanković,14035919,rating-breakdown,defensive,defensive,,,,Club Brugge KV,90.0,,21.9,11.7,24.6,0,True,rating-breakdown,True,21.9,11.7,24.6,0,clearance,False,False,,
1153957,Aleksandar Stanković,14035919,rating-breakdown,defensive,defensive,,,,Club Brugge KV,90.0,,6.6,38,19.5,33.6,True,rating-breakdown,True,6.6,38,19.5,33.6,clearance,False,False,,
1153957,Aleksandar Stanković,14035919,rating-breakdown,defensive,defensive,,,,Club Brugge KV,90.0,,8.4,44.6,,,True,rating-breakdown,True,8.4,44.6,,,block,False,False,,
1153957,Aleksandar Stanković,14035919,rating-breakdown,defensive,defensive,,,,Club Brugge KV,90.0,,32.8,72.1,,,True,rating-breakdown,True,32.8,72.1,,,ball-recovery,False,False,,
1153957,Aleksandar Stanković,14035919,rating-breakdown,defensive,defensive,,,,Club Brugge KV,90.0,,67.6,16.6,,,True,rating-breakdown,True,67.6,16.6,,,tackle,False,False,,
1153957,Aleksandar Stanković,14035919,rating-breakdown,defensive,defensive,,,,Club Brugge KV,90.0,,74.1,21.9,,,True,rating-breakdown,True,74.1,21.9,,,ball-recovery,False,False,,
1153957,Aleksandar Stanković,14035919,rating-breakdown,defensive,defensive,,,,Club Brugge KV,90.0,,34.9,42.5,,,True,rating-breakdown,True,34.9,42.5,,,ball-recovery,False,False,,
1153957,Aleksandar Stanković,14035919,rating-breakdown,defensive,defensive,,,,Club Brugge KV,90.0,,3.6,40.3,11.4,28.6,True,rating-breakdown,True,3.6,40.3,11.4,28.6,clearance,False,False,,
1153957,Aleksandar Stanković,14035919,rating-breakdown,defensive,defensive,,,,Club Brugge KV,90.0,,60.6,24.3,,,True,rating-breakdown,True,60.6,24.3,,,tackle,False,False,,
1153957,Aleksandar Stanković,14035919,rating-breakdown,defensive,defensive,,,,Club Brugge KV,90.0,,47.8,17,,,True,rating-breakdown,True,47.8,17,,,ball-recovery,False,False,,
1153957,Aleksandar Stanković,14035919,rating-breakdown,defensive,defensive,,,,Club Brugge KV,90.0,,38.3,38.9,,,True,rating-breakdown,True,38.3,38.9,,,ball-recovery,False,False,,
1153957,Aleksandar Stanković,14035919,rating-breakdown,defensive,defensive,,,,Club Brugge KV,90.0,,32,89.6,44.4,74.4,True,rating-breakdown,True,32,89.6,44.4,74.4,clearance,False,False,,
1153957,Aleksandar Stanković,14035919,rating-breakdown,defensive,defensive,,,,Club Brugge KV,90.0,,11.7,56.9,20,53.3,True,rating-breakdown,True,11.7,56.9,20,53.3,clearance,False,False,,
1153957,Aleksandar Stanković,14035919,rating-breakdown,defensive,defensive,,,,Club Brugge KV,90.0,,7,87.5,,,True,rating-breakdown,True,7,87.5,,,ball-recovery,False,False,,
1153957,Aleksandar Stanković,14035919,rating-breakdown,defensive,defensive,,,,Club Brugge KV,90.0,,10.1,43.4,33,36.4,True,rating-breakdown,True,10.1,43.4,33,36.4,clearance,False,False,,
1153957,Aleksandar Stanković,14035930,rating-breakdown,passes,passes,,,,Club Brugge KV,90.0,,24.1,80.9,30.2,87.9,True,rating-breakdown,True,24.1,80.9,30.2,87.9,pass,True,False,,
1153957,Aleksandar Stanković,14035930,rating-breakdown,passes,passes,,,,Club Brugge KV,90.0,,66.3,15.1,63.2,16.9,True,rating-breakdown,True,66.3,15.1,63.2,16.9,pass,True,False,,
1153957,Aleksandar Stanković,14035930,rating-breakdown,passes,passes,,,,Club Brugge KV,90.0,,54.1,26.9,58.1,16.3,True,rating-breakdown,True,54.1,26.9,58.1,16.3,pass,True,False,,
1153957,Aleksandar Stanković,14035930,rating-breakdown,passes,passes,,,,Club Brugge KV,90.0,,57.9,24.4,44.1,40.1,True,rating-breakdown,True,57.9,24.4,44.1,40.1,pass,True,False,,
1153957,Aleksandar Stanković,14035930,rating-breakdown,passes,passes,,,,Club Brugge KV,90.0,,35.4,62.6,25.4,70.7,True,rating-breakdown,True,35.4,62.6,25.4,70.7,pass,True,False,,
1153957,Aleksandar Stanković,14035930,rating-breakdown,passes,passes,,,,Club Brugge KV,90.0,,30.1,10.4,32.6,9.4,True,rating-breakdown,True,30.1,10.4,32.6,9.4,pass,True,False,,
1153957,Aleksandar Stanković,14035930,rating-breakdown,passes,passes,,,,Club Brugge KV,90.0,,62.6,5.9,64.7,5.8,True,rating-breakdown,True,62.6,5.9,64.7,5.8,pass,True,False,,
1153957,Aleksandar Stanković,14035930,rating-breakdown,passes,passes,,,,Club Brugge KV,90.0,,63.4,4.1,62.1,4.4,,rating-breakdown,True,63.4,4.1,62.1,4.4,pass,True,False,,
1153957,Aleksandar Stanković,14035930,rating-breakdown,passes,passes,,,,Club Brugge KV,90.0,,34.8,45.8,40.3,18.4,True,rating-breakdown,True,34.8,45.8,40.3,18.4,pass,True,False,,
1153957,Aleksandar Stanković,14035930,rating-breakdown,passes,passes,,,,Club Brugge KV,90.0,,71.6,25,100,10.3,,rating-breakdown,True,71.6,25,100,10.3,pass,True,False,True,
1153957,Aleksandar Stanković,14035930,rating-breakdown,passes,passes,,,,Club Brugge KV,90.0,,63.3,36.5,58.8,21.8,True,rating-breakdown,True,63.3,36.5,58.8,21.8,pass,True,False,,
1153957,Aleksandar Stanković,14035930,rating-breakdown,passes,passes,,,,Club Brugge KV,90.0,,62.9,40.7,41.7,5.2,True,rating-breakdown,True,62.9,40.7,41.7,5.2,pass,True,False,True,
1153957,Aleksandar Stanković,14035930,rating-breakdown,passes,passes,,,,Club Brugge KV,90.0,,46.9,55.7,37.9,38.8,True,rating-breakdown,True,46.9,55.7,37.9,38.8,pass,True,False,,
1153957,Aleksandar Stanković,14035930,rating-breakdown,passes,passes,,,,Club Brugge KV,90.0,,54.9,45.7,57.4,20.9,True,rating-breakdown,True,54.9,45.7,57.4,20.9,pass,True,False,,
1153957,Aleksandar Stanković,14035930,rating-breakdown,passes,passes,,,,Club Brugge KV,90.0,,38.9,37,48.6,44.9,True,rating-breakdown,True,38.9,37,48.6,44.9,pass,True,False,,
1153957,Aleksandar Stanković,14035930,rating-breakdown,passes,passes,,,,Club Brugge KV,90.0,,52.6,34.6,57.7,35.6,True,rating-breakdown,True,52.6,34.6,57.7,35.6,pass,True,False,,
1153957,Aleksandar Stanković,14035930,rating-breakdown,passes,passes,,,,Club Brugge KV,90.0,,70.9,47.3,72.3,73.4,True,rating-breakdown,True,70.9,47.3,72.3,73.4,pass,True,False,,
1153957,Aleksandar Stanković,14035930,rating-breakdown,passes,passes,,,,Club Brugge KV,90.0,,73.2,47.5,73.3,58.8,True,rating-breakdown,True,73.2,47.5,73.3,58.8,pass,True,False,,
1153957,Aleksandar Stanković,14035930,rating-breakdown,passes,passes,,,,Club Brugge KV,90.0,,65.2,39.7,75,8.9,True,rating-breakdown,True,65.2,39.7,75,8.9,pass,True,False,,
1153957,Aleksandar Stanković,14035930,rating-breakdown,passes,passes,,,,Club Brugge KV,90.0,,60.8,69.9,62.6,34,True,rating-breakdown,True,60.8,69.9,62.6,34,pass,True,False,,
1153957,Aleksandar Stanković,14035930,rating-breakdown,passes,passes,,,,Club Brugge KV,90.0,,74.6,25.9,90.4,29.9,True,rating-breakdown,True,74.6,25.9,90.4,29.9,pass,True,False,,
1153957,Aleksandar Stanković,14035930,rating-breakdown,passes,passes,,,,Club Brugge KV,90.0,,31.3,42.2,34.2,64.4,True,rating-breakdown,True,31.3,42.2,34.2,64.4,pass,True,False,,
1153957,Aleksandar Stanković,14035930,rating-breakdown,passes,passes,,,,Club Brugge KV,90.0,,71.3,66,67.6,90,True,rating-breakdown,True,71.3,66,67.6,90,pass,True,False,,
1153957,Aleksandar Stanković,14035930,rating-breakdown,passes,passes,,,,Club Brugge KV,90.0,,65.6,57.3,69.8,84.9,True,rating-breakdown,True,65.6,57.3,69.8,84.9,pass,True,False,,
1153957,Aleksandar Stanković,14035930,rating-breakdown,passes,passes,,,,Club Brugge KV,90.0,,22.8,13.3,12.9,30.8,True,rating-breakdown,True,22.8,13.3,12.9,30.8,pass,True,False,,
1153957,Aleksandar Stanković,14035930,rating-breakdown,passes,passes,,,,Club Brugge KV,90.0,,65.6,73.8,65.4,61.1,True,rating-breakdown,True,65.6,73.8,65.4,61.1,pass,True,False,,
1153957,Aleksandar Stanković,14035930,rating-breakdown,passes,passes,,,,Club Brugge KV,90.0,,70.9,40.4,67.7,27.4,True,rating-breakdown,True,70.9,40.4,67.7,27.4,pass,True,False,,
1153957,Aleksandar Stanković,14035930,rating-breakdown,passes,passes,,,,Club Brugge KV,90.0,,77.4,38.6,79.1,38.2,,rating-breakdown,True,77.4,38.6,79.1,38.2,pass,True,False,,
1153957,Aleksandar Stanković,14035930,rating-breakdown,passes,passes,,,,Club Brugge KV,90.0,,44.1,46.3,51.3,22,True,rating-breakdown,True,44.1,46.3,51.3,22,pass,True,False,,
1153957,Aleksandar Stanković,14035930,rating-breakdown,passes,passes,,,,Club Brugge KV,90.0,,75.2,27.8,87.6,52.1,True,rating-breakdown,True,75.2,27.8,87.6,52.1,pass,True,True,,
1153957,Aleksandar Stanković,14035930,rating-breakdown,passes,passes,,,,Club Brugge KV,90.0,,41.3,37,41.9,26.5,True,rating-breakdown,True,41.3,37,41.9,26.5,pass,True,False,,
1153957,Aleksandar Stanković,14035930,rating-breakdown,passes,passes,,,,Club Brugge KV,90.0,,28.6,36.1,33.1,40.1,True,rating-breakdown,True,28.6,36.1,33.1,40.1,pass,True,False,,
1153957,Aleksandar Stanković,14035930,rating-breakdown,passes,passes,,,,Club Brugge KV,90.0,,29.6,14.2,23.7,29.2,True,rating-breakdown,True,29.6,14.2,23.7,29.2,pass,True,False,,
1153957,Aleksandar Stanković,14035930,rating-breakdown,passes,passes,,,,Club Brugge KV,90.0,,59.3,27.7,52.8,43.6,True,rating-breakdown,True,59.3,27.7,52.8,43.6,pass,True,False,,
1153957,Aleksandar Stanković,14035930,rating-breakdown,passes,passes,,,,Club Brugge KV,90.0,,81.3,49.4,79.3,61.7,True,rating-breakdown,True,81.3,49.4,79.3,61.7,pass,True,False,,
1153957,Aleksandar Stanković,14035930,rating-breakdown,passes,passes,,,,Club Brugge KV,90.0,,71.4,29.3,70.9,45.1,True,rating-breakdown,True,71.4,29.3,70.9,45.1,pass,True,False,,
1153957,Aleksandar Stanković,14035930,rating-breakdown,passes,passes,,,,Club Brugge KV,90.0,,53.8,42.4,79.4,11.8,,rating-breakdown,True,53.8,42.4,79.4,11.8,pass,True,False,True,
1153957,Aleksandar Stanković,14035930,rating-breakdown,passes,passes,,,,Club Brugge KV,90.0,,37.8,12.4,44.9,28.9,True,rating-breakdown,True,37.8,12.4,44.9,28.9,pass,True,False,,
1153957,Aleksandar Stanković,14035930,rating-breakdown,passes,passes,,,,Club Brugge KV,90.0,,47.2,39.5,61.8,34.7,True,rating-breakdown,True,47.2,39.5,61.8,34.7,pass,True,False,,
1153957,Aleksandar Stanković,14035930,rating-breakdown,passes,passes,,,,Club Brugge KV,90.0,,67.5,29.6,69.2,65.9,True,rating-breakdown,True,67.5,29.6,69.2,65.9,pass,True,False,,
1153957,Aleksandar Stanković,14035930,rating-breakdown,passes,passes,,,,Club Brugge KV,90.0,,67.8,55.8,76.2,6.1,True,rating-breakdown,True,67.8,55.8,76.2,6.1,pass,True,False,True,
1153957,Aleksandar Stanković,14035930,rating-breakdown,passes,passes,,,,Club Brugge KV,90.0,,56.7,29.3,67.1,6.7,True,rating-breakdown,True,56.7,29.3,67.1,6.7,pass,True,False,,
1153957,Aleksandar Stanković,14035930,rating-breakdown,passes,passes,,,,Club Brugge KV,90.0,,42.4,11.9,35.9,39.7,True,rating-breakdown,True,42.4,11.9,35.9,39.7,pass,True,False,,
1153957,Aleksandar Stanković,14035930,rating-breakdown,passes,passes,,,,Club Brugge KV,90.0,,37,41.9,46.8,58.8,True,rating-breakdown,True,37,41.9,46.8,58.8,pass,True,False,,
1153957,Aleksandar Stanković,14035930,rating-breakdown,passes,passes,,,,Club Brugge KV,90.0,,67.1,69.2,60.6,91.1,True,rating-breakdown,True,67.1,69.2,60.6,91.1,pass,True,False,,
1153957,Aleksandar Stanković,14035930,rating-breakdown,passes,passes,,,,Club Brugge KV,90.0,,59.3,71.1,75.2,60.2,,rating-breakdown,True,59.3,71.1,75.2,60.2,pass,True,False,,
1153957,Aleksandar Stanković,14035930,rating-breakdown,passes,passes,,,,Club Brugge KV,90.0,,35.8,64.7,35,84.6,True,rating-breakdown,True,35.8,64.7,35,84.6,pass,True,False,,
1153957,Aleksandar Stanković,14035930,rating-breakdown,passes,passes,,,,Club Brugge KV,90.0,,42.2,65.3,54.9,75.3,True,rating-breakdown,True,42.2,65.3,54.9,75.3,pass,True,False,,
1153957,Aleksandar Stanković,14035930,rating-breakdown,passes,passes,,,,Club Brugge KV,90.0,,57.9,71.1,64.8,71,True,rating-breakdown,True,57.9,71.1,64.8,71,pass,True,False,,
1153957,Aleksandar Stanković,14035930,rating-breakdown,passes,passes,,,,Club Brugge KV,90.0,,55.1,72.2,65.3,7.4,True,rating-breakdown,True,55.1,72.2,65.3,7.4,pass,True,False,True,
1153957,Aleksandar Stanković,14035930,rating-breakdown,passes,passes,,,,Club Brugge KV,90.0,,61.4,64.1,67,66.6,True,rating-breakdown,True,61.4,64.1,67,66.6,pass,True,False,,
1153957,Aleksandar Stanković,14035930,rating-breakdown,passes,passes,,,,Club Brugge KV,90.0,,30.2,12.1,18.8,26.8,True,rating-breakdown,True,30.2,12.1,18.8,26.8,pass,True,False,,
1153957,Aleksandar Stanković,14035930,rating-breakdown,passes,passes,,,,Club Brugge KV,90.0,,73.7,49.7,76.9,39.7,True,rating-breakdown,True,73.7,49.7,76.9,39.7,pass,True,False,,
1153957,Aleksandar Stanković,14035930,rating-breakdown,passes,passes,,,,Club Brugge KV,90.0,,52.8,7.9,54.5,29.5,True,rating-breakdown,True,52.8,7.9,54.5,29.5,pass,True,False,,
1153957,Aleksandar Stanković,14035930,rating-breakdown,passes,passes,,,,Club Brugge KV,90.0,,43.5,28,37.1,43.4,True,rating-breakdown,True,43.5,28,37.1,43.4,pass,True,False,,
1153957,Aleksandar Stanković,14035930,rating-breakdown,passes,passes,,,,Club Brugge KV,90.0,,43.3,69,58.3,79.1,True,rating-breakdown,True,43.3,69,58.3,79.1,pass,True,False,,
1153957,Aleksandar Stanković,14035930,rating-breakdown,passes,passes,,,,Club Brugge KV,90.0,,38.6,86,34.7,55.7,True,rating-breakdown,True,38.6,86,34.7,55.7,pass,True,False,,
1153957,Aleksandar Stanković,14035930,rating-breakdown,passes,passes,,,,Club Brugge KV,90.0,,36.5,73.1,53.7,77.1,True,rating-breakdown,True,36.5,73.1,53.7,77.1,pass,True,False,True,
1153957,Aleksandar Stanković,14035930,rating-breakdown,passes,passes,,,,Club Brugge KV,90.0,,43.9,69.3,32.2,35,True,rating-breakdown,True,43.9,69.3,32.2,35,pass,True,False,,
1153957,Aleksandar Stanković,14035930,rating-breakdown,passes,passes,,,,Club Brugge KV,90.0,,54.8,72.5,62.3,93.2,True,rating-breakdown,True,54.8,72.5,62.3,93.2,pass,True,False,,
1153957,Aleksandar Stanković,14035930,rating-breakdown,passes,passes,,,,Club Brugge KV,90.0,,86.1,60.6,,,True,rating-breakdown,True,86.1,60.6,,,ball-touch,True,True,,
1153957,Aleksandar Stanković,14035930,rating-breakdown,passes,passes,,,,Club Brugge KV,90.0,,64.2,25.9,73.5,3.7,True,rating-breakdown,True,64.2,25.9,73.5,3.7,pass,True,False,,
1153957,Aleksandar Stanković,14035930,rating-breakdown,passes,passes,,,,Club Brugge KV,90.0,,54.1,59.4,69.3,38.6,,rating-breakdown,True,54.1,59.4,69.3,38.6,pass,True,False,,
1153957,Aleksandar Stanković,14035930,rating-breakdown,passes,passes,,,,Club Brugge KV,90.0,,25.5,89,14.3,81.9,True,rating-breakdown,True,25.5,89,14.3,81.9,pass,True,False,,
1153957,Aleksandar Stanković,14035930,rating-breakdown,passes,passes,,,,Club Brugge KV,90.0,,35.4,17,33.6,7.6,True,rating-breakdown,True,35.4,17,33.6,7.6,pass,True,False,,
1153957,Aleksandar Stanković,14035930,rating-breakdown,passes,passes,,,,Club Brugge KV,90.0,,53.9,28.7,74.9,29.8,,rating-breakdown,True,53.9,28.7,74.9,29.8,pass,True,False,,
1153957,Aleksandar Stanković,14035930,rating-breakdown,passes,passes,,,,Club Brugge KV,90.0,,71.1,29.5,74.7,42.8,True,rating-breakdown,True,71.1,29.5,74.7,42.8,pass,True,False,,
1153957,Aleksandar Stanković,14035930,rating-breakdown,passes,passes,,,,Club Brugge KV,90.0,,70.9,68.3,67.2,45.1,True,rating-breakdown,True,70.9,68.3,67.2,45.1,pass,True,False,,
1153957,Aleksandar Stanković,14035930,rating-breakdown,passes,passes,,,,Club Brugge KV,90.0,,99.5,0.5,94.5,40.3,,rating-breakdown,True,99.5,0.5,94.5,40.3,cross,True,False,,
1153957,Aleksandar Stanković,14035930,rating-breakdown,passes,passes,,,,Club Brugge KV,90.0,,70.5,21.2,63.3,38.9,True,rating-breakdown,True,70.5,21.2,63.3,38.9,pass,True,False,,
1153957,Aleksandar Stanković,14035930,rating-breakdown,defensive,defensive,,,,Club Brugge KV,90.0,,66.3,15.1,,,True,rating-breakdown,True,66.3,15.1,,,ball-recovery,True,False,,
1153957,Aleksandar Stanković,14035930,rating-breakdown,defensive,defensive,,,,Club Brugge KV,90.0,,14.4,35.8,29.5,23.6,True,rating-breakdown,True,14.4,35.8,29.5,23.6,clearance,True,False,,
1153957,Aleksandar Stanković,14035930,rating-breakdown,defensive,defensive,,,,Club Brugge KV,90.0,,50.8,37.3,,,True,rating-breakdown,True,50.8,37.3,,,tackle,True,False,,
1153957,Aleksandar Stanković,14035930,rating-breakdown,defensive,defensive,,,,Club Brugge KV,90.0,,31.7,17.5,,,True,rating-breakdown,True,31.7,17.5,,,ball-recovery,True,False,,
1153957,Aleksandar Stanković,14035930,rating-breakdown,defensive,defensive,,,,Club Brugge KV,90.0,,28.6,36.1,,,True,rating-breakdown,True,28.6,36.1,,,ball-recovery,True,False,,
1153957,Aleksandar Stanković,14035930,rating-breakdown,defensive,defensive,,,,Club Brugge KV,90.0,,39.2,4.6,,,True,rating-breakdown,True,39.2,4.6,,,ball-recovery,True,False,,
1153957,Aleksandar Stanković,14035930,rating-breakdown,defensive,defensive,,,,Club Brugge KV,90.0,,42.2,64,,,True,rating-breakdown,True,42.2,64,,,tackle,True,False,,
1153957,Aleksandar Stanković,14035930,rating-breakdown,defensive,defensive,,,,Club Brugge KV,90.0,,13.3,63.6,21.1,100,True,rating-breakdown,True,13.3,63.6,21.1,100,clearance,True,False,,
1153957,Aleksandar Stanković,14035930,rating-breakdown,defensive,defensive,,,,Club Brugge KV,90.0,,32,10.6,,,True,rating-breakdown,True,32,10.6,,,tackle,True,False,,
1153957,Aleksandar Stanković,14035930,rating-breakdown,defensive,defensive,,,,Club Brugge KV,90.0,,30.9,11.8,,,True,rating-breakdown,True,30.9,11.8,,,ball-recovery,True,False,,
1153957,Aleksandar Stanković,14035930,rating-breakdown,defensive,defensive,,,,Club Brugge KV,90.0,,20.8,53.4,,,True,rating-breakdown,True,20.8,53.4,,,block,True,False,,
1153957,Aleksandar Stanković,14035930,rating-breakdown,defensive,defensive,,,,Club Brugge KV,90.0,,76.2,91.2,,,,rating-breakdown,True,76.2,91.2,,,tackle,True,False,,
1153957,Aleksandar Stanković,14035942,rating-breakdown,passes,passes,,,,Club Brugge KV,88.0,,25.6,52.4,47.4,56.4,True,rating-breakdown,True,25.6,52.4,47.4,56.4,pass,False,False,,
1153957,Aleksandar Stanković,14035942,rating-breakdown,passes,passes,,,,Club Brugge KV,88.0,,42,39.5,33.9,24.9,True,rating-breakdown,True,42,39.5,33.9,24.9,pass,False,False,,
1153957,Aleksandar Stanković,14035942,rating-breakdown,passes,passes,,,,Club Brugge KV,88.0,,36,38,36.4,24.7,True,rating-breakdown,True,36,38,36.4,24.7,pass,False,False,,
1153957,Aleksandar Stanković,14035942,rating-breakdown,passes,passes,,,,Club Brugge KV,88.0,,33,33.7,39,41.2,True,rating-breakdown,True,33,33.7,39,41.2,pass,False,False,,
1153957,Aleksandar Stanković,14035942,rating-breakdown,passes,passes,,,,Club Brugge KV,88.0,,79.3,77.1,88.6,64.4,True,rating-breakdown,True,79.3,77.1,88.6,64.4,pass,False,False,,
1153957,Aleksandar Stanković,14035942,rating-breakdown,passes,passes,,,,Club Brugge KV,88.0,,61.9,39.1,67,11.6,True,rating-breakdown,True,61.9,39.1,67,11.6,pass,False,False,,
1153957,Aleksandar Stanković,14035942,rating-breakdown,passes,passes,,,,Club Brugge KV,88.0,,39.2,68.4,28.8,75.4,True,rating-breakdown,True,39.2,68.4,28.8,75.4,pass,False,False,,
1153957,Aleksandar Stanković,14035942,rating-breakdown,passes,passes,,,,Club Brugge KV,88.0,,26.1,30.9,36,32.9,True,rating-breakdown,True,26.1,30.9,36,32.9,pass,False,False,,
1153957,Aleksandar Stanković,14035942,rating-breakdown,passes,passes,,,,Club Brugge KV,88.0,,46.1,65.4,60.2,92.7,True,rating-breakdown,True,46.1,65.4,60.2,92.7,pass,False,False,,
1153957,Aleksandar Stanković,14035942,rating-breakdown,passes,passes,,,,Club Brugge KV,88.0,,44.4,68.4,43.7,19.5,True,rating-breakdown,True,44.4,68.4,43.7,19.5,pass,False,False,True,
1153957,Aleksandar Stanković,14035942,rating-breakdown,passes,passes,,,,Club Brugge KV,88.0,,47.4,36.7,54.9,30.7,True,rating-breakdown,True,47.4,36.7,54.9,30.7,pass,False,False,,
1153957,Aleksandar Stanković,14035942,rating-breakdown,passes,passes,,,,Club Brugge KV,88.0,,53.4,33.7,56.5,6.4,True,rating-breakdown,True,53.4,33.7,56.5,6.4,pass,False,False,,
1153957,Aleksandar Stanković,14035942,rating-breakdown,passes,passes,,,,Club Brugge KV,88.0,,40.2,62.1,44.9,90.2,True,rating-breakdown,True,40.2,62.1,44.9,90.2,pass,False,False,,
1153957,Aleksandar Stanković,14035942,rating-breakdown,passes,passes,,,,Club Brugge KV,88.0,,33.4,77.6,15.8,42.1,True,rating-breakdown,True,33.4,77.6,15.8,42.1,pass,False,False,,
1153957,Aleksandar Stanković,14035942,rating-breakdown,passes,passes,,,,Club Brugge KV,88.0,,90.8,94.8,89.3,87.5,,rating-breakdown,True,90.8,94.8,89.3,87.5,pass,False,False,,
1153957,Aleksandar Stanković,14035942,rating-breakdown,passes,passes,,,,Club Brugge KV,88.0,,73.1,64.5,75.5,78.8,True,rating-breakdown,True,73.1,64.5,75.5,78.8,pass,False,False,,
1153957,Aleksandar Stanković,14035942,rating-breakdown,passes,passes,,,,Club Brugge KV,88.0,,76.8,69.4,72.5,63.6,True,rating-breakdown,True,76.8,69.4,72.5,63.6,pass,False,False,,
1153957,Aleksandar Stanković,14035942,rating-breakdown,passes,passes,,,,Club Brugge KV,88.0,,62.7,62.6,47.7,47.8,True,rating-breakdown,True,62.7,62.6,47.7,47.8,pass,False,False,,
1153957,Aleksandar Stanković,14035942,rating-breakdown,passes,passes,,,,Club Brugge KV,88.0,,52.9,67.6,54.9,94.8,True,rating-breakdown,True,52.9,67.6,54.9,94.8,pass,False,False,,
1153957,Aleksandar Stanković,14035942,rating-breakdown,passes,passes,,,,Club Brugge KV,88.0,,68.7,47.9,78.2,10,True,rating-breakdown,True,68.7,47.9,78.2,10,pass,False,False,,
1153957,Aleksandar Stanković,14035942,rating-breakdown,passes,passes,,,,Club Brugge KV,88.0,,24.6,25,23.6,66.3,True,rating-breakdown,True,24.6,25,23.6,66.3,pass,False,False,,
1153957,Aleksandar Stanković,14035942,rating-breakdown,passes,passes,,,,Club Brugge KV,88.0,,26,46.7,31.8,18.8,True,rating-breakdown,True,26,46.7,31.8,18.8,pass,False,False,,
1153957,Aleksandar Stanković,14035942,rating-breakdown,passes,passes,,,,Club Brugge KV,88.0,,29.2,37.6,43.5,40.6,True,rating-breakdown,True,29.2,37.6,43.5,40.6,pass,False,False,,
1153957,Aleksandar Stanković,14035942,rating-breakdown,passes,passes,,,,Club Brugge KV,88.0,,65.5,52.2,84.3,70.8,True,rating-breakdown,True,65.5,52.2,84.3,70.8,pass,False,True,,
1153957,Aleksandar Stanković,14035942,rating-breakdown,passes,passes,,,,Club Brugge KV,88.0,,55,60.2,56,87.2,True,rating-breakdown,True,55,60.2,56,87.2,pass,False,False,,
1153957,Aleksandar Stanković,14035942,rating-breakdown,passes,passes,,,,Club Brugge KV,88.0,,56.2,78.5,51.4,34.2,True,rating-breakdown,True,56.2,78.5,51.4,34.2,pass,False,False,,
1153957,Aleksandar Stanković,14035942,rating-breakdown,passes,passes,,,,Club Brugge KV,88.0,,53.5,31.2,70,7.6,True,rating-breakdown,True,53.5,31.2,70,7.6,pass,False,False,,
1153957,Aleksandar Stanković,14035942,rating-breakdown,passes,passes,,,,Club Brugge KV,88.0,,64.9,27.3,62.9,14.7,True,rating-breakdown,True,64.9,27.3,62.9,14.7,pass,False,False,,
1153957,Aleksandar Stanković,14035942,rating-breakdown,passes,passes,,,,Club Brugge KV,88.0,,17.4,18.5,24,16.1,,rating-breakdown,True,17.4,18.5,24,16.1,pass,False,False,,
1153957,Aleksandar Stanković,14035942,rating-breakdown,passes,passes,,,,Club Brugge KV,88.0,,32.3,37.1,33.7,38,,rating-breakdown,True,32.3,37.1,33.7,38,pass,False,False,,
1153957,Aleksandar Stanković,14035942,rating-breakdown,passes,passes,,,,Club Brugge KV,88.0,,64.7,38.3,82.6,71.4,True,rating-breakdown,True,64.7,38.3,82.6,71.4,pass,False,False,,
1153957,Aleksandar Stanković,14035942,rating-breakdown,passes,passes,,,,Club Brugge KV,88.0,,32.9,39.7,51.2,56,True,rating-breakdown,True,32.9,39.7,51.2,56,pass,False,False,,
1153957,Aleksandar Stanković,14035942,rating-breakdown,passes,passes,,,,Club Brugge KV,88.0,,95.8,12.9,82,94.8,True,rating-breakdown,True,95.8,12.9,82,94.8,cross,False,False,True,
1153957,Aleksandar Stanković,14035942,rating-breakdown,passes,passes,,,,Club Brugge KV,88.0,,78.7,43,75.4,25.8,True,rating-breakdown,True,78.7,43,75.4,25.8,pass,False,False,,
1153957,Aleksandar Stanković,14035942,rating-breakdown,passes,passes,,,,Club Brugge KV,88.0,,21.9,54.2,19.9,88,True,rating-breakdown,True,21.9,54.2,19.9,88,pass,False,False,,
1153957,Aleksandar Stanković,14035942,rating-breakdown,passes,passes,,,,Club Brugge KV,88.0,,60.8,69.7,58.1,84.2,True,rating-breakdown,True,60.8,69.7,58.1,84.2,pass,False,False,,
1153957,Aleksandar Stanković,14035942,rating-breakdown,passes,passes,,,,Club Brugge KV,88.0,,70.4,70.3,65,80.2,True,rating-breakdown,True,70.4,70.3,65,80.2,pass,False,False,,
1153957,Aleksandar Stanković,14035942,rating-breakdown,passes,passes,,,,Club Brugge KV,88.0,,61.2,29.4,96.5,28.9,True,rating-breakdown,True,61.2,29.4,96.5,28.9,pass,False,False,True,
1153957,Aleksandar Stanković,14035942,rating-breakdown,passes,passes,,,,Club Brugge KV,88.0,,75.5,63.9,82.4,56.9,,rating-breakdown,True,75.5,63.9,82.4,56.9,pass,False,False,,
1153957,Aleksandar Stanković,14035942,rating-breakdown,passes,passes,,,,Club Brugge KV,88.0,,65.7,34.3,73.5,6.4,True,rating-breakdown,True,65.7,34.3,73.5,6.4,pass,False,False,,
1153957,Aleksandar Stanković,14035942,rating-breakdown,dribbles,dribbles,,,,Club Brugge KV,88.0,,78.6,73.8,,,True,rating-breakdown,True,78.6,73.8,,,dribble,False,False,,
1153957,Aleksandar Stanković,14035942,rating-breakdown,defensive,defensive,,,,Club Brugge KV,88.0,,24.6,36.6,,,True,rating-breakdown,True,24.6,36.6,,,ball-recovery,False,False,,
1153957,Aleksandar Stanković,14035942,rating-breakdown,defensive,defensive,,,,Club Brugge KV,88.0,,9.2,51,12.8,83.3,True,rating-breakdown,True,9.2,51,12.8,83.3,clearance,False,False,,
1153957,Aleksandar Stanković,14035942,rating-breakdown,defensive,defensive,,,,Club Brugge KV,88.0,,47,14.2,,,,rating-breakdown,True,47,14.2,,,tackle,False,False,,
1153957,Aleksandar Stanković,14035942,rating-breakdown,defensive,defensive,,,,Club Brugge KV,88.0,,64.9,27.3,,,True,rating-breakdown,True,64.9,27.3,,,ball-recovery,False,False,,
1153957,Aleksandar Stanković,14035942,rating-breakdown,defensive,defensive,,,,Club Brugge KV,88.0,,14.2,36.7,36.5,58.4,True,rating-breakdown,True,14.2,36.7,36.5,58.4,clearance,False,False,,
1153957,Aleksandar Stanković,14035942,rating-breakdown,defensive,defensive,,,,Club Brugge KV,88.0,,70.4,70.3,,,True,rating-breakdown,True,70.4,70.3,,,ball-recovery,False,False,,
1153957,Aleksandar Stanković,14035953,rating-breakdown,passes,passes,,,,Club Brugge KV,8.0,,77.2,60.2,79.4,35.7,True,rating-breakdown,True,77.2,60.2,79.4,35.7,pass,True,False,,
1153957,Aleksandar Stanković,14035953,rating-breakdown,passes,passes,,,,Club Brugge KV,8.0,,77.9,53.8,78.1,39.3,True,rating-breakdown,True,77.9,53.8,78.1,39.3,pass,True,False,,
1153957,Aleksandar Stanković,14035953,rating-breakdown,passes,passes,,,,Club Brugge KV,8.0,,30,60.3,37.4,48.9,,rating-breakdown,True,30,60.3,37.4,48.9,pass,True,False,,
1153957,Aleksandar Stanković,14035953,rating-breakdown,passes,passes,,,,Club Brugge KV,8.0,,69.7,59.1,77.1,41.4,,rating-breakdown,True,69.7,59.1,77.1,41.4,pass,True,False,,
1153957,Aleksandar Stanković,14035953,rating-breakdown,passes,passes,,,,Club Brugge KV,8.0,,55.4,37.4,66,10.9,True,rating-breakdown,True,55.4,37.4,66,10.9,pass,True,False,,
1153957,Aleksandar Stanković,14035953,rating-breakdown,passes,passes,,,,Club Brugge KV,8.0,,92.3,40.5,90.3,48.3,,rating-breakdown,True,92.3,40.5,90.3,48.3,pass,True,False,,
1153957,Aleksandar Stanković,14032422,rating-breakdown,passes,passes,,,,Club Brugge KV,45.0,,33,24.4,21.8,18.3,True,rating-breakdown,True,33,24.4,21.8,18.3,pass,False,False,,
1153957,Aleksandar Stanković,14032422,rating-breakdown,passes,passes,,,,Club Brugge KV,45.0,,35.8,12.2,39.7,5.2,True,rating-breakdown,True,35.8,12.2,39.7,5.2,pass,False,False,,
1153957,Aleksandar Stanković,14032422,rating-breakdown,passes,passes,,,,Club Brugge KV,45.0,,40.4,22.8,30.6,46.3,True,rating-breakdown,True,40.4,22.8,30.6,46.3,pass,False,False,,
1153957,Aleksandar Stanković,14032422,rating-breakdown,passes,passes,,,,Club Brugge KV,45.0,,61.8,48.5,69.2,34.2,,rating-breakdown,True,61.8,48.5,69.2,34.2,pass,False,False,,
1153957,Aleksandar Stanković,14032422,rating-breakdown,passes,passes,,,,Club Brugge KV,45.0,,46.4,47.9,78.4,63.9,True,rating-breakdown,True,46.4,47.9,78.4,63.9,pass,False,True,True,
1153957,Aleksandar Stanković,14032422,rating-breakdown,passes,passes,,,,Club Brugge KV,45.0,,62,33.1,69.9,29.5,True,rating-breakdown,True,62,33.1,69.9,29.5,pass,False,False,,
1153957,Aleksandar Stanković,14032422,rating-breakdown,passes,passes,,,,Club Brugge KV,45.0,,68.8,44.5,100,68.2,,rating-breakdown,True,68.8,44.5,100,68.2,pass,False,False,True,
1153957,Aleksandar Stanković,14032422,rating-breakdown,passes,passes,,,,Club Brugge KV,45.0,,46.9,47.4,57.7,57.6,True,rating-breakdown,True,46.9,47.4,57.7,57.6,pass,False,False,,
1153957,Aleksandar Stanković,14032422,rating-breakdown,passes,passes,,,,Club Brugge KV,45.0,,40.2,40.6,37.8,63.6,True,rating-breakdown,True,40.2,40.6,37.8,63.6,pass,False,False,,
1153957,Aleksandar Stanković,14032422,rating-breakdown,passes,passes,,,,Club Brugge KV,45.0,,69.1,11.3,63.7,22.8,True,rating-breakdown,True,69.1,11.3,63.7,22.8,pass,False,False,,
1153957,Aleksandar Stanković,14032422,rating-breakdown,passes,passes,,,,Club Brugge KV,45.0,,70.9,53.3,82.7,87.4,True,rating-breakdown,True,70.9,53.3,82.7,87.4,pass,False,False,,
1153957,Aleksandar Stanković,14032422,rating-breakdown,passes,passes,,,,Club Brugge KV,45.0,,12.1,9.4,27.9,11.3,True,rating-breakdown,True,12.1,9.4,27.9,11.3,pass,False,False,True,
1153957,Aleksandar Stanković,14032422,rating-breakdown,passes,passes,,,,Club Brugge KV,45.0,,42.1,23,22.3,41.2,True,rating-breakdown,True,42.1,23,22.3,41.2,pass,False,False,,
1153957,Aleksandar Stanković,14032422,rating-breakdown,passes,passes,,,,Club Brugge KV,45.0,,36,46.1,29.2,59.3,True,rating-breakdown,True,36,46.1,29.2,59.3,pass,False,False,,
1153957,Aleksandar Stanković,14032422,rating-breakdown,passes,passes,,,,Club Brugge KV,45.0,,20.9,64.8,34.5,61.5,,rating-breakdown,True,20.9,64.8,34.5,61.5,pass,False,False,,
1153957,Aleksandar Stanković,14032422,rating-breakdown,passes,passes,,,,Club Brugge KV,45.0,,47.1,62.3,46.2,77,True,rating-breakdown,True,47.1,62.3,46.2,77,pass,False,False,,
1153957,Aleksandar Stanković,14032422,rating-breakdown,passes,passes,,,,Club Brugge KV,45.0,,17.5,36.7,20.8,45.5,,rating-breakdown,True,17.5,36.7,20.8,45.5,pass,False,False,,
1153957,Aleksandar Stanković,14032422,rating-breakdown,passes,passes,,,,Club Brugge KV,45.0,,44.5,83.3,44.3,67.8,True,rating-breakdown,True,44.5,83.3,44.3,67.8,pass,False,False,,
1153957,Aleksandar Stanković,14032422,rating-breakdown,passes,passes,,,,Club Brugge KV,45.0,,53.7,38,54.9,39.7,,rating-breakdown,True,53.7,38,54.9,39.7,pass,False,False,,
1153957,Aleksandar Stanković,14032422,rating-breakdown,passes,passes,,,,Club Brugge KV,45.0,,57.4,72,60.3,17,True,rating-breakdown,True,57.4,72,60.3,17,pass,False,False,True,
1153957,Aleksandar Stanković,14032422,rating-breakdown,passes,passes,,,,Club Brugge KV,45.0,,48.4,50,34.4,60.9,True,rating-breakdown,True,48.4,50,34.4,60.9,pass,False,False,,
1153957,Aleksandar Stanković,14032422,rating-breakdown,passes,passes,,,,Club Brugge KV,45.0,,63.2,51.9,66.6,45.7,True,rating-breakdown,True,63.2,51.9,66.6,45.7,pass,False,False,,
1153957,Aleksandar Stanković,14032422,rating-breakdown,passes,passes,,,,Club Brugge KV,45.0,,67.8,36.1,65.9,22.2,True,rating-breakdown,True,67.8,36.1,65.9,22.2,pass,False,False,,
1153957,Aleksandar Stanković,14032422,rating-breakdown,passes,passes,,,,Club Brugge KV,45.0,,65.9,21.5,54.5,50.3,True,rating-breakdown,True,65.9,21.5,54.5,50.3,pass,False,False,,
1153957,Aleksandar Stanković,14032422,rating-breakdown,passes,passes,,,,Club Brugge KV,45.0,,46.8,46.3,40.4,30.6,True,rating-breakdown,True,46.8,46.3,40.4,30.6,pass,False,False,,
1153957,Aleksandar Stanković,14032422,rating-breakdown,passes,passes,,,,Club Brugge KV,45.0,,26.4,50.4,34.5,36.9,True,rating-breakdown,True,26.4,50.4,34.5,36.9,pass,False,False,,
1153957,Aleksandar Stanković,14032422,rating-breakdown,passes,passes,,,,Club Brugge KV,45.0,,29.2,59.1,37.6,79,True,rating-breakdown,True,29.2,59.1,37.6,79,pass,False,False,,
1153957,Aleksandar Stanković,14032422,rating-breakdown,passes,passes,,,,Club Brugge KV,45.0,,44.7,53.9,43,30,True,rating-breakdown,True,44.7,53.9,43,30,pass,False,False,,
1153957,Aleksandar Stanković,14032422,rating-breakdown,passes,passes,,,,Club Brugge KV,45.0,,58.9,35.1,65.5,34.2,True,rating-breakdown,True,58.9,35.1,65.5,34.2,pass,False,False,,
1153957,Aleksandar Stanković,14032422,rating-breakdown,passes,passes,,,,Club Brugge KV,45.0,,67.9,12.8,89.1,86.3,True,rating-breakdown,True,67.9,12.8,89.1,86.3,pass,False,False,True,
1153957,Aleksandar Stanković,14032422,rating-breakdown,passes,passes,,,,Club Brugge KV,45.0,,52.9,26.8,60.3,21.9,,rating-breakdown,True,52.9,26.8,60.3,21.9,pass,False,False,,
1153957,Aleksandar Stanković,14032422,rating-breakdown,defensive,defensive,,,,Club Brugge KV,45.0,,72.5,41.2,,,True,rating-breakdown,True,72.5,41.2,,,ball-recovery,False,False,,
1153957,Aleksandar Stanković,14032422,rating-breakdown,defensive,defensive,,,,Club Brugge KV,45.0,,71.3,24.9,,,True,rating-breakdown,True,71.3,24.9,,,ball-recovery,False,False,,
1153957,Aleksandar Stanković,14032422,rating-breakdown,defensive,defensive,,,,Club Brugge KV,45.0,,75.5,30.4,,,True,rating-breakdown,True,75.5,30.4,,,interception,False,False,,
1153957,Aleksandar Stanković,14032422,rating-breakdown,defensive,defensive,,,,Club Brugge KV,45.0,,17.5,36.7,,,True,rating-breakdown,True,17.5,36.7,,,ball-recovery,False,False,,
1153957,Aleksandar Stanković,14032422,rating-breakdown,defensive,defensive,,,,Club Brugge KV,45.0,,63.2,52.2,,,True,rating-breakdown,True,63.2,52.2,,,ball-recovery,False,False,,
1153957,Aleksandar Stanković,14032422,rating-breakdown,defensive,defensive,,,,Club Brugge KV,45.0,,72.4,28.4,,,True,rating-breakdown,True,72.4,28.4,,,tackle,False,False,,
1153957,Aleksandar Stanković,14035963,rating-breakdown,passes,passes,,,,Club Brugge KV,90.0,,44.5,28.9,56.5,9.8,True,rating-breakdown,True,44.5,28.9,56.5,9.8,pass,False,False,,
1153957,Aleksandar Stanković,14035963,rating-breakdown,passes,passes,,,,Club Brugge KV,90.0,,42.4,24.6,35.7,50.4,True,rating-breakdown,True,42.4,24.6,35.7,50.4,pass,False,False,,
1153957,Aleksandar Stanković,14035963,rating-breakdown,passes,passes,,,,Club Brugge KV,90.0,,40.1,38.6,15.1,55.8,True,rating-breakdown,True,40.1,38.6,15.1,55.8,pass,False,False,,
1153957,Aleksandar Stanković,14035963,rating-breakdown,passes,passes,,,,Club Brugge KV,90.0,,40.6,28.2,58.7,14,True,rating-breakdown,True,40.6,28.2,58.7,14,pass,False,False,,
1153957,Aleksandar Stanković,14035963,rating-breakdown,passes,passes,,,,Club Brugge KV,90.0,,63.4,18.6,68,29.5,True,rating-breakdown,True,63.4,18.6,68,29.5,pass,False,False,,
1153957,Aleksandar Stanković,14035963,rating-breakdown,passes,passes,,,,Club Brugge KV,90.0,,42.2,19.7,23.3,27,True,rating-breakdown,True,42.2,19.7,23.3,27,pass,False,False,,
1153957,Aleksandar Stanković,14035963,rating-breakdown,passes,passes,,,,Club Brugge KV,90.0,,57.7,30.6,65.4,16.8,True,rating-breakdown,True,57.7,30.6,65.4,16.8,pass,False,False,,
1153957,Aleksandar Stanković,14035963,rating-breakdown,passes,passes,,,,Club Brugge KV,90.0,,55.3,20.6,46.4,51.3,True,rating-breakdown,True,55.3,20.6,46.4,51.3,pass,False,False,,
1153957,Aleksandar Stanković,14035963,rating-breakdown,passes,passes,,,,Club Brugge KV,90.0,,45.3,28.3,55,10.4,True,rating-breakdown,True,45.3,28.3,55,10.4,pass,False,False,,
1153957,Aleksandar Stanković,14035963,rating-breakdown,passes,passes,,,,Club Brugge KV,90.0,,51.7,37.1,86.6,40,,rating-breakdown,True,51.7,37.1,86.6,40,pass,False,False,True,
1153957,Aleksandar Stanković,14035963,rating-breakdown,passes,passes,,,,Club Brugge KV,90.0,,27.1,20,23.5,35.4,True,rating-breakdown,True,27.1,20,23.5,35.4,pass,False,False,,
1153957,Aleksandar Stanković,14035963,rating-breakdown,passes,passes,,,,Club Brugge KV,90.0,,58.7,66.7,67.9,94.5,True,rating-breakdown,True,58.7,66.7,67.9,94.5,pass,False,False,,
1153957,Aleksandar Stanković,14035963,rating-breakdown,passes,passes,,,,Club Brugge KV,90.0,,43.2,71.2,51.5,71.1,True,rating-breakdown,True,43.2,71.2,51.5,71.1,pass,False,False,,
1153957,Aleksandar Stanković,14035963,rating-breakdown,passes,passes,,,,Club Brugge KV,90.0,,31.3,72.9,32.5,54.3,True,rating-breakdown,True,31.3,72.9,32.5,54.3,pass,False,False,,
1153957,Aleksandar Stanković,14035963,rating-breakdown,passes,passes,,,,Club Brugge KV,90.0,,68.2,9.7,72.3,15,True,rating-breakdown,True,68.2,9.7,72.3,15,pass,False,False,,
1153957,Aleksandar Stanković,14035963,rating-breakdown,passes,passes,,,,Club Brugge KV,90.0,,68.2,11.6,73.4,25.9,True,rating-breakdown,True,68.2,11.6,73.4,25.9,pass,False,False,,
1153957,Aleksandar Stanković,14035963,rating-breakdown,passes,passes,,,,Club Brugge KV,90.0,,64,48.4,70.4,93.5,True,rating-breakdown,True,64,48.4,70.4,93.5,pass,False,False,,
1153957,Aleksandar Stanković,14035963,rating-breakdown,passes,passes,,,,Club Brugge KV,90.0,,55.4,69.6,68.2,53.4,True,rating-breakdown,True,55.4,69.6,68.2,53.4,pass,False,False,,
1153957,Aleksandar Stanković,14035963,rating-breakdown,passes,passes,,,,Club Brugge KV,90.0,,57.4,67.6,69.1,70.5,True,rating-breakdown,True,57.4,67.6,69.1,70.5,pass,False,False,,
1153957,Aleksandar Stanković,14035963,rating-breakdown,passes,passes,,,,Club Brugge KV,90.0,,39.1,12.3,31.8,29.4,True,rating-breakdown,True,39.1,12.3,31.8,29.4,pass,False,False,,
1153957,Aleksandar Stanković,14035963,rating-breakdown,passes,passes,,,,Club Brugge KV,90.0,,34.2,37.1,44.1,39.7,,rating-breakdown,True,34.2,37.1,44.1,39.7,pass,False,False,,
1153957,Aleksandar Stanković,14035963,rating-breakdown,passes,passes,,,,Club Brugge KV,90.0,,88.2,32.1,90.8,50.3,True,rating-breakdown,True,88.2,32.1,90.8,50.3,pass,False,True,,
1153957,Aleksandar Stanković,14035963,rating-breakdown,passes,passes,,,,Club Brugge KV,90.0,,12,38.2,24.6,62.3,True,rating-breakdown,True,12,38.2,24.6,62.3,pass,False,False,,
1153957,Aleksandar Stanković,14035963,rating-breakdown,passes,passes,,,,Club Brugge KV,90.0,,75.6,33.1,74.1,73,True,rating-breakdown,True,75.6,33.1,74.1,73,pass,False,False,,
1153957,Aleksandar Stanković,14035963,rating-breakdown,passes,passes,,,,Club Brugge KV,90.0,,27.3,16.7,26.5,35.8,True,rating-breakdown,True,27.3,16.7,26.5,35.8,pass,False,False,,
1153957,Aleksandar Stanković,14035963,rating-breakdown,passes,passes,,,,Club Brugge KV,90.0,,22.8,16.1,30.3,4.7,True,rating-breakdown,True,22.8,16.1,30.3,4.7,pass,False,False,,
1153957,Aleksandar Stanković,14035963,rating-breakdown,passes,passes,,,,Club Brugge KV,90.0,,16.4,11.6,3.8,41.2,True,rating-breakdown,True,16.4,11.6,3.8,41.2,pass,False,False,,
1153957,Aleksandar Stanković,14035963,rating-breakdown,passes,passes,,,,Club Brugge KV,90.0,,70.9,25.8,84.7,7.4,True,rating-breakdown,True,70.9,25.8,84.7,7.4,pass,False,False,,
1153957,Aleksandar Stanković,14035963,rating-breakdown,passes,passes,,,,Club Brugge KV,90.0,,74.1,15,73.9,34,True,rating-breakdown,True,74.1,15,73.9,34,pass,False,False,,
1153957,Aleksandar Stanković,14035963,rating-breakdown,passes,passes,,,,Club Brugge KV,90.0,,37,33.3,55,10.1,True,rating-breakdown,True,37,33.3,55,10.1,pass,False,False,,
1153957,Aleksandar Stanković,14035963,rating-breakdown,passes,passes,,,,Club Brugge KV,90.0,,32.4,20.9,36.7,41.6,True,rating-breakdown,True,32.4,20.9,36.7,41.6,pass,False,False,,
1153957,Aleksandar Stanković,14035963,rating-breakdown,passes,passes,,,,Club Brugge KV,90.0,,65.5,37.7,73,58.4,True,rating-breakdown,True,65.5,37.7,73,58.4,pass,False,False,,
1153957,Aleksandar Stanković,14035963,rating-breakdown,passes,passes,,,,Club Brugge KV,90.0,,54.2,8.8,84.9,18.8,True,rating-breakdown,True,54.2,8.8,84.9,18.8,pass,False,False,True,
1153957,Aleksandar Stanković,14035963,rating-breakdown,passes,passes,,,,Club Brugge KV,90.0,,53.3,24,50.8,48.4,True,rating-breakdown,True,53.3,24,50.8,48.4,pass,False,False,,
1153957,Aleksandar Stanković,14035963,rating-breakdown,passes,passes,,,,Club Brugge KV,90.0,,34.6,59,56.4,73.6,,rating-breakdown,True,34.6,59,56.4,73.6,pass,False,False,,
1153957,Aleksandar Stanković,14035963,rating-breakdown,passes,passes,,,,Club Brugge KV,90.0,,59.4,72.3,49.1,65.7,True,rating-breakdown,True,59.4,72.3,49.1,65.7,pass,False,False,,
1153957,Aleksandar Stanković,14035963,rating-breakdown,passes,passes,,,,Club Brugge KV,90.0,,67.7,13.7,92.6,21,True,rating-breakdown,True,67.7,13.7,92.6,21,pass,False,False,,
1153957,Aleksandar Stanković,14035963,rating-breakdown,passes,passes,,,,Club Brugge KV,90.0,,69.7,60.5,68.3,48.2,True,rating-breakdown,True,69.7,60.5,68.3,48.2,pass,False,False,,
1153957,Aleksandar Stanković,14035963,rating-breakdown,passes,passes,,,,Club Brugge KV,90.0,,32.7,38.9,40.8,39.2,,rating-breakdown,True,32.7,38.9,40.8,39.2,pass,False,False,True,
1153957,Aleksandar Stanković,14035963,rating-breakdown,passes,passes,,,,Club Brugge KV,90.0,,40.7,63.4,63.4,8.3,True,rating-breakdown,True,40.7,63.4,63.4,8.3,pass,False,False,True,
1153957,Aleksandar Stanković,14035963,rating-breakdown,passes,passes,,,,Club Brugge KV,90.0,,56,31.2,46.2,38.2,True,rating-breakdown,True,56,31.2,46.2,38.2,pass,False,False,,
1153957,Aleksandar Stanković,14035963,rating-breakdown,passes,passes,,,,Club Brugge KV,90.0,,86.9,12.3,87.9,34.9,,rating-breakdown,True,86.9,12.3,87.9,34.9,cross,False,False,,
1153957,Aleksandar Stanković,14035963,rating-breakdown,passes,passes,,,,Club Brugge KV,90.0,,75.4,18.6,79.8,27.1,True,rating-breakdown,True,75.4,18.6,79.8,27.1,pass,False,False,,
1153957,Aleksandar Stanković,14035963,rating-breakdown,passes,passes,,,,Club Brugge KV,90.0,,76.7,6.8,79.5,26.4,True,rating-breakdown,True,76.7,6.8,79.5,26.4,pass,False,True,,
1153957,Aleksandar Stanković,14035963,rating-breakdown,passes,passes,,,,Club Brugge KV,90.0,,70.1,32.1,78.2,31.9,True,rating-breakdown,True,70.1,32.1,78.2,31.9,pass,False,False,,
1153957,Aleksandar Stanković,14035963,rating-breakdown,passes,passes,,,,Club Brugge KV,90.0,,35.8,15.6,43.9,13.4,,rating-breakdown,True,35.8,15.6,43.9,13.4,pass,False,False,,
1153957,Aleksandar Stanković,14035963,rating-breakdown,passes,passes,,,,Club Brugge KV,90.0,,39.4,20,43.9,36.9,True,rating-breakdown,True,39.4,20,43.9,36.9,pass,False,False,,
1153957,Aleksandar Stanković,14035963,rating-breakdown,passes,passes,,,,Club Brugge KV,90.0,,53.1,69.4,54.7,87.2,True,rating-breakdown,True,53.1,69.4,54.7,87.2,pass,False,False,,
1153957,Aleksandar Stanković,14035963,rating-breakdown,passes,passes,,,,Club Brugge KV,90.0,,45.3,57.5,43.2,90.5,True,rating-breakdown,True,45.3,57.5,43.2,90.5,pass,False,False,,
1153957,Aleksandar Stanković,14035963,rating-breakdown,passes,passes,,,,Club Brugge KV,90.0,,44.2,64.5,41.3,35.1,True,rating-breakdown,True,44.2,64.5,41.3,35.1,pass,False,False,,
1153957,Aleksandar Stanković,14035963,rating-breakdown,passes,passes,,,,Club Brugge KV,90.0,,55.3,25.5,62.3,27.3,True,rating-breakdown,True,55.3,25.5,62.3,27.3,pass,False,False,,
1153957,Aleksandar Stanković,14035963,rating-breakdown,passes,passes,,,,Club Brugge KV,90.0,,74,80.8,72.1,65.8,True,rating-breakdown,True,74,80.8,72.1,65.8,pass,False,False,,
1153957,Aleksandar Stanković,14035963,rating-breakdown,passes,passes,,,,Club Brugge KV,90.0,,73.9,80.8,84.3,96.3,True,rating-breakdown,True,73.9,80.8,84.3,96.3,pass,False,False,,
1153957,Aleksandar Stanković,14035963,rating-breakdown,passes,passes,,,,Club Brugge KV,90.0,,70.1,92.4,47,75.7,True,rating-breakdown,True,70.1,92.4,47,75.7,pass,False,False,,
1153957,Aleksandar Stanković,14035963,rating-breakdown,passes,passes,,,,Club Brugge KV,90.0,,96.3,70.3,96,50.9,True,rating-breakdown,True,96.3,70.3,96,50.9,pass,False,True,,True
1153957,Aleksandar Stanković,14035963,rating-breakdown,passes,passes,,,,Club Brugge KV,90.0,,38.7,40.9,24.5,53.1,True,rating-breakdown,True,38.7,40.9,24.5,53.1,pass,False,False,,
1153957,Aleksandar Stanković,14035963,rating-breakdown,passes,passes,,,,Club Brugge KV,90.0,,53.1,49.6,54.5,15.5,True,rating-breakdown,True,53.1,49.6,54.5,15.5,pass,False,False,True,
1153957,Aleksandar Stanković,14035963,rating-breakdown,passes,passes,,,,Club Brugge KV,90.0,,39.4,7.9,62,10.3,True,rating-breakdown,True,39.4,7.9,62,10.3,pass,False,False,True,
1153957,Aleksandar Stanković,14035963,rating-breakdown,passes,passes,,,,Club Brugge KV,90.0,,60,14.6,68.7,2.8,True,rating-breakdown,True,60,14.6,68.7,2.8,pass,False,False,,
1153957,Aleksandar Stanković,14035963,rating-breakdown,passes,passes,,,,Club Brugge KV,90.0,,64.6,27.7,74.8,50.6,True,rating-breakdown,True,64.6,27.7,74.8,50.6,pass,False,False,,
1153957,Aleksandar Stanković,14035963,rating-breakdown,passes,passes,,,,Club Brugge KV,90.0,,63.9,44.6,72.9,23.7,,rating-breakdown,True,63.9,44.6,72.9,23.7,pass,False,False,,
1153957,Aleksandar Stanković,14035963,rating-breakdown,passes,passes,,,,Club Brugge KV,90.0,,74.5,53.3,81.3,52.8,True,rating-breakdown,True,74.5,53.3,81.3,52.8,pass,False,False,,
1153957,Aleksandar Stanković,14035963,rating-breakdown,passes,passes,,,,Club Brugge KV,90.0,,56.7,23.4,67.7,48.1,True,rating-breakdown,True,56.7,23.4,67.7,48.1,pass,False,False,,
1153957,Aleksandar Stanković,14035963,rating-breakdown,passes,passes,,,,Club Brugge KV,90.0,,37.3,74.1,45.4,92.7,True,rating-breakdown,True,37.3,74.1,45.4,92.7,pass,False,False,,
1153957,Aleksandar Stanković,14035963,rating-breakdown,passes,passes,,,,Club Brugge KV,90.0,,49.2,72.9,87.2,3.5,True,rating-breakdown,True,49.2,72.9,87.2,3.5,pass,False,False,True,
1153957,Aleksandar Stanković,14035963,rating-breakdown,passes,passes,,,,Club Brugge KV,90.0,,10.5,89.3,15.8,88.1,,rating-breakdown,True,10.5,89.3,15.8,88.1,pass,False,False,,
1153957,Aleksandar Stanković,14035963,rating-breakdown,passes,passes,,,,Club Brugge KV,90.0,,1.8,71.1,3.4,71.1,,rating-breakdown,True,1.8,71.1,3.4,71.1,pass,False,False,True,
1153957,Aleksandar Stanković,14035963,rating-breakdown,passes,passes,,,,Club Brugge KV,90.0,,40,12.6,40.4,2.6,True,rating-breakdown,True,40,12.6,40.4,2.6,pass,False,False,,
1153957,Aleksandar Stanković,14035963,rating-breakdown,passes,passes,,,,Club Brugge KV,90.0,,42,31.3,59.3,30.4,,rating-breakdown,True,42,31.3,59.3,30.4,pass,False,False,,
1153957,Aleksandar Stanković,14035963,rating-breakdown,dribbles,dribbles,,,,Club Brugge KV,90.0,,91.4,37,,,,rating-breakdown,True,91.4,37,,,dribble,False,False,,
1153957,Aleksandar Stanković,14035963,rating-breakdown,defensive,defensive,,,,Club Brugge KV,90.0,,25.4,28.8,,,True,rating-breakdown,True,25.4,28.8,,,interception,False,False,,
1153957,Aleksandar Stanković,14035963,rating-breakdown,defensive,defensive,,,,Club Brugge KV,90.0,,23.1,20.3,,,True,rating-breakdown,True,23.1,20.3,,,ball-recovery,False,False,,
1153957,Aleksandar Stanković,14035963,rating-breakdown,defensive,defensive,,,,Club Brugge KV,90.0,,31.3,72.9,,,True,rating-breakdown,True,31.3,72.9,,,ball-recovery,False,False,,
1153957,Aleksandar Stanković,14035963,rating-breakdown,defensive,defensive,,,,Club Brugge KV,90.0,,12,38.2,,,True,rating-breakdown,True,12,38.2,,,ball-recovery,False,False,,
1153957,Aleksandar Stanković,14035963,rating-breakdown,defensive,defensive,,,,Club Brugge KV,90.0,,23.6,86,,,True,rating-breakdown,True,23.6,86,,,tackle,False,False,,
1153957,Aleksandar Stanković,14035963,rating-breakdown,defensive,defensive,,,,Club Brugge KV,90.0,,26.4,7.7,25.3,0,True,rating-breakdown,True,26.4,7.7,25.3,0,clearance,False,False,,
1153957,Aleksandar Stanković,14035963,rating-breakdown,defensive,defensive,,,,Club Brugge KV,90.0,,7,50.4,14.9,46.9,True,rating-breakdown,True,7,50.4,14.9,46.9,clearance,False,False,,
1153957,Aleksandar Stanković,14035963,rating-breakdown,defensive,defensive,,,,Club Brugge KV,90.0,,18.7,47.8,54.6,64.3,True,rating-breakdown,True,18.7,47.8,54.6,64.3,clearance,False,False,,
1153957,Aleksandar Stanković,14035963,rating-breakdown,defensive,defensive,,,,Club Brugge KV,90.0,,55.7,11.2,,,,rating-breakdown,True,55.7,11.2,,,tackle,False,False,,
1153957,Aleksandar Stanković,14035963,rating-breakdown,defensive,defensive,,,,Club Brugge KV,90.0,,40.4,39.4,,,True,rating-breakdown,True,40.4,39.4,,,ball-recovery,False,False,,
1153957,Aleksandar Stanković,14035963,rating-breakdown,defensive,defensive,,,,Club Brugge KV,90.0,,59.6,17.3,,,True,rating-breakdown,True,59.6,17.3,,,ball-recovery,False,False,,
1153957,Aleksandar Stanković,14035963,rating-breakdown,defensive,defensive,,,,Club Brugge KV,90.0,,11.1,71.5,,,True,rating-breakdown,True,11.1,71.5,,,interception,False,False,,
1153957,Aleksandar Stanković,14035963,rating-breakdown,defensive,defensive,,,,Club Brugge KV,90.0,,17.9,69.6,29.9,66.4,True,rating-breakdown,True,17.9,69.6,29.9,66.4,clearance,False,False,,
1153957,Aleksandar Stanković,14035963,rating-breakdown,defensive,defensive,,,,Club Brugge KV,90.0,,33.7,75.1,,,True,rating-breakdown,True,33.7,75.1,,,interception,False,False,,
1153957,Aleksandar Stanković,14035963,rating-breakdown,defensive,defensive,,,,Club Brugge KV,90.0,,56.7,23.4,,,True,rating-breakdown,True,56.7,23.4,,,ball-recovery,False,False,,
1153957,Aleksandar Stanković,14035963,rating-breakdown,defensive,defensive,,,,Club Brugge KV,90.0,,9.4,81.1,,,True,rating-breakdown,True,9.4,81.1,,,interception,False,False,,
1153957,Aleksandar Stanković,14035963,rating-breakdown,defensive,defensive,,,,Club Brugge KV,90.0,,11.8,85,,,True,rating-breakdown,True,11.8,85,,,ball-recovery,False,False,,
1153957,Aleksandar Stanković,14035963,rating-breakdown,defensive,defensive,,,,Club Brugge KV,90.0,,1.8,71.1,,,True,rating-breakdown,True,1.8,71.1,,,ball-recovery,False,False,,
1153957,Aleksandar Stanković,14035964,rating-breakdown,passes,passes,,,,Club Brugge KV,90.0,,44.6,35.2,31.8,23.2,True,rating-breakdown,True,44.6,35.2,31.8,23.2,pass,True,False,,
1153957,Aleksandar Stanković,14035964,rating-breakdown,passes,passes,,,,Club Brugge KV,90.0,,51.6,38.4,60.5,35.6,True,rating-breakdown,True,51.6,38.4,60.5,35.6,pass,True,False,,
1153957,Aleksandar Stanković,14035964,rating-breakdown,passes,passes,,,,Club Brugge KV,90.0,,55.7,32.2,67.4,23.2,True,rating-breakdown,True,55.7,32.2,67.4,23.2,pass,True,False,,
1153957,Aleksandar Stanković,14035964,rating-breakdown,passes,passes,,,,Club Brugge KV,90.0,,23.3,10.4,37.3,4.4,True,rating-breakdown,True,23.3,10.4,37.3,4.4,pass,True,False,,
1153957,Aleksandar Stanković,14035964,rating-breakdown,passes,passes,,,,Club Brugge KV,90.0,,36,21.9,33.8,50.3,True,rating-breakdown,True,36,21.9,33.8,50.3,pass,True,False,,
1153957,Aleksandar Stanković,14035964,rating-breakdown,passes,passes,,,,Club Brugge KV,90.0,,37.9,25.4,44.8,11.2,True,rating-breakdown,True,37.9,25.4,44.8,11.2,pass,True,False,,
1153957,Aleksandar Stanković,14035964,rating-breakdown,passes,passes,,,,Club Brugge KV,90.0,,28.1,51.6,32,74.2,True,rating-breakdown,True,28.1,51.6,32,74.2,pass,True,False,,
1153957,Aleksandar Stanković,14035964,rating-breakdown,passes,passes,,,,Club Brugge KV,90.0,,33.6,43.7,37.7,20.6,True,rating-breakdown,True,33.6,43.7,37.7,20.6,pass,True,False,,
1153957,Aleksandar Stanković,14035964,rating-breakdown,passes,passes,,,,Club Brugge KV,90.0,,35.5,47,55.4,95.4,True,rating-breakdown,True,35.5,47,55.4,95.4,pass,True,False,True,
1153957,Aleksandar Stanković,14035964,rating-breakdown,passes,passes,,,,Club Brugge KV,90.0,,59.1,74.6,59.1,37,True,rating-breakdown,True,59.1,74.6,59.1,37,pass,True,False,,
1153957,Aleksandar Stanković,14035964,rating-breakdown,passes,passes,,,,Club Brugge KV,90.0,,57.9,22.6,44,26.9,True,rating-breakdown,True,57.9,22.6,44,26.9,pass,True,False,,
1153957,Aleksandar Stanković,14035964,rating-breakdown,passes,passes,,,,Club Brugge KV,90.0,,55.4,9.1,74.1,26.1,,rating-breakdown,True,55.4,9.1,74.1,26.1,pass,True,False,,
1153957,Aleksandar Stanković,14035964,rating-breakdown,passes,passes,,,,Club Brugge KV,90.0,,42.6,30.4,53.2,15,True,rating-breakdown,True,42.6,30.4,53.2,15,pass,True,False,,
1153957,Aleksandar Stanković,14035964,rating-breakdown,passes,passes,,,,Club Brugge KV,90.0,,71.8,65.7,72.9,46.5,True,rating-breakdown,True,71.8,65.7,72.9,46.5,pass,True,False,,
1153957,Aleksandar Stanković,14035964,rating-breakdown,passes,passes,,,,Club Brugge KV,90.0,,59.9,44.4,62.7,57.1,True,rating-breakdown,True,59.9,44.4,62.7,57.1,pass,True,False,,
1153957,Aleksandar Stanković,14035964,rating-breakdown,passes,passes,,,,Club Brugge KV,90.0,,40.2,97.5,15.5,73.9,True,rating-breakdown,True,40.2,97.5,15.5,73.9,pass,True,False,,
1153957,Aleksandar Stanković,14035964,rating-breakdown,passes,passes,,,,Club Brugge KV,90.0,,35.6,55.6,29.7,57.2,True,rating-breakdown,True,35.6,55.6,29.7,57.2,pass,True,False,,
1153957,Aleksandar Stanković,14035964,rating-breakdown,passes,passes,,,,Club Brugge KV,90.0,,24.9,45.2,28.7,18.7,True,rating-breakdown,True,24.9,45.2,28.7,18.7,pass,True,False,,
1153957,Aleksandar Stanković,14035964,rating-breakdown,passes,passes,,,,Club Brugge KV,90.0,,48.9,32.3,85.8,25.1,,rating-breakdown,True,48.9,32.3,85.8,25.1,pass,True,False,True,
1153957,Aleksandar Stanković,14035964,rating-breakdown,passes,passes,,,,Club Brugge KV,90.0,,40,39.1,42.9,23.5,True,rating-breakdown,True,40,39.1,42.9,23.5,pass,True,False,,
1153957,Aleksandar Stanković,14035964,rating-breakdown,passes,passes,,,,Club Brugge KV,90.0,,46.9,34.8,47.3,69.6,True,rating-breakdown,True,46.9,34.8,47.3,69.6,pass,True,False,,
1153957,Aleksandar Stanković,14035964,rating-breakdown,passes,passes,,,,Club Brugge KV,90.0,,53.2,47.3,63.8,49,True,rating-breakdown,True,53.2,47.3,63.8,49,pass,True,False,,
1153957,Aleksandar Stanković,14035964,rating-breakdown,passes,passes,,,,Club Brugge KV,90.0,,53.3,45.7,56.2,26.9,True,rating-breakdown,True,53.3,45.7,56.2,26.9,pass,True,False,,
1153957,Aleksandar Stanković,14035964,rating-breakdown,passes,passes,,,,Club Brugge KV,90.0,,29,75.8,29.6,39.6,True,rating-breakdown,True,29,75.8,29.6,39.6,pass,True,False,,
1153957,Aleksandar Stanković,14035964,rating-breakdown,passes,passes,,,,Club Brugge KV,90.0,,31,51.3,43.2,86.3,True,rating-breakdown,True,31,51.3,43.2,86.3,pass,True,False,,
1153957,Aleksandar Stanković,14035964,rating-breakdown,passes,passes,,,,Club Brugge KV,90.0,,38,33.3,42.1,5.5,True,rating-breakdown,True,38,33.3,42.1,5.5,pass,True,False,,
1153957,Aleksandar Stanković,14035964,rating-breakdown,passes,passes,,,,Club Brugge KV,90.0,,31,32.7,40.2,29.1,True,rating-breakdown,True,31,32.7,40.2,29.1,pass,True,False,,
1153957,Aleksandar Stanković,14035964,rating-breakdown,passes,passes,,,,Club Brugge KV,90.0,,39.5,73,60.6,82.6,True,rating-breakdown,True,39.5,73,60.6,82.6,pass,True,False,,
1153957,Aleksandar Stanković,14035964,rating-breakdown,passes,passes,,,,Club Brugge KV,90.0,,67.2,33,76,37.8,True,rating-breakdown,True,67.2,33,76,37.8,pass,True,False,,
1153957,Aleksandar Stanković,14035964,rating-breakdown,passes,passes,,,,Club Brugge KV,90.0,,66,49.5,70.8,22.7,True,rating-breakdown,True,66,49.5,70.8,22.7,pass,True,False,,
1153957,Aleksandar Stanković,14035964,rating-breakdown,passes,passes,,,,Club Brugge KV,90.0,,35.2,43.4,37.3,24.6,True,rating-breakdown,True,35.2,43.4,37.3,24.6,pass,True,False,,
1153957,Aleksandar Stanković,14035964,rating-breakdown,passes,passes,,,,Club Brugge KV,90.0,,24.2,24,36.8,7.6,,rating-breakdown,True,24.2,24,36.8,7.6,pass,True,False,,
1153957,Aleksandar Stanković,14035964,rating-breakdown,passes,passes,,,,Club Brugge KV,90.0,,48.6,38.4,55.4,69.6,True,rating-breakdown,True,48.6,38.4,55.4,69.6,pass,True,False,,
1153957,Aleksandar Stanković,14035964,rating-breakdown,passes,passes,,,,Club Brugge KV,90.0,,60.1,43.7,57.8,35.2,True,rating-breakdown,True,60.1,43.7,57.8,35.2,pass,True,False,,
1153957,Aleksandar Stanković,14035964,rating-breakdown,passes,passes,,,,Club Brugge KV,90.0,,98.6,21.9,96.3,34.8,,rating-breakdown,True,98.6,21.9,96.3,34.8,cross,True,False,,
1153957,Aleksandar Stanković,14035964,rating-breakdown,passes,passes,,,,Club Brugge KV,90.0,,60.9,77,45.1,59.5,True,rating-breakdown,True,60.9,77,45.1,59.5,pass,True,False,,
1153957,Aleksandar Stanković,14035964,rating-breakdown,passes,passes,,,,Club Brugge KV,90.0,,42.7,20.1,52,3.6,True,rating-breakdown,True,42.7,20.1,52,3.6,pass,True,False,,
1153957,Aleksandar Stanković,14035964,rating-breakdown,passes,passes,,,,Club Brugge KV,90.0,,29.9,14.5,24.2,31.4,True,rating-breakdown,True,29.9,14.5,24.2,31.4,pass,True,False,,
1153957,Aleksandar Stanković,14035964,rating-breakdown,passes,passes,,,,Club Brugge KV,90.0,,36.1,21.1,29.8,32.8,True,rating-breakdown,True,36.1,21.1,29.8,32.8,pass,True,False,,
1153957,Aleksandar Stanković,14035964,rating-breakdown,passes,passes,,,,Club Brugge KV,90.0,,36.6,20.1,77.3,86.8,True,rating-breakdown,True,36.6,20.1,77.3,86.8,pass,True,False,True,
1153957,Aleksandar Stanković,14035964,rating-breakdown,passes,passes,,,,Club Brugge KV,90.0,,41.2,31.3,58.1,32.1,True,rating-breakdown,True,41.2,31.3,58.1,32.1,pass,True,False,,
1153957,Aleksandar Stanković,14035964,rating-breakdown,passes,passes,,,,Club Brugge KV,90.0,,34.2,71.7,40.3,56.3,True,rating-breakdown,True,34.2,71.7,40.3,56.3,pass,True,False,,
1153957,Aleksandar Stanković,14035964,rating-breakdown,passes,passes,,,,Club Brugge KV,90.0,,34.4,50,33,65.7,True,rating-breakdown,True,34.4,50,33,65.7,pass,True,False,,
1153957,Aleksandar Stanković,14035964,rating-breakdown,passes,passes,,,,Club Brugge KV,90.0,,32.7,26.6,4,44.4,True,rating-breakdown,True,32.7,26.6,4,44.4,pass,True,False,True,
1153957,Aleksandar Stanković,14035964,rating-breakdown,passes,passes,,,,Club Brugge KV,90.0,,42.1,47,56.1,76.3,True,rating-breakdown,True,42.1,47,56.1,76.3,pass,True,False,,
1153957,Aleksandar Stanković,14035964,rating-breakdown,passes,passes,,,,Club Brugge KV,90.0,,56.4,85.6,56.8,37.6,True,rating-breakdown,True,56.4,85.6,56.8,37.6,pass,True,False,True,
1153957,Aleksandar Stanković,14035964,rating-breakdown,passes,passes,,,,Club Brugge KV,90.0,,65.6,29.9,83.9,90,True,rating-breakdown,True,65.6,29.9,83.9,90,pass,True,False,True,
1153957,Aleksandar Stanković,14035964,rating-breakdown,passes,passes,,,,Club Brugge KV,90.0,,58,36.8,67,92.4,True,rating-breakdown,True,58,36.8,67,92.4,pass,True,False,True,
1153957,Aleksandar Stanković,14035964,rating-breakdown,passes,passes,,,,Club Brugge KV,90.0,,66.6,57.1,75.4,53,True,rating-breakdown,True,66.6,57.1,75.4,53,pass,True,False,,
1153957,Aleksandar Stanković,14035964,rating-breakdown,passes,passes,,,,Club Brugge KV,90.0,,43,3.8,20.5,6,True,rating-breakdown,True,43,3.8,20.5,6,pass,True,False,,
1153957,Aleksandar Stanković,14035964,rating-breakdown,passes,passes,,,,Club Brugge KV,90.0,,57.7,29.9,70.1,28.8,,rating-breakdown,True,57.7,29.9,70.1,28.8,pass,True,False,,
1153957,Aleksandar Stanković,14035964,rating-breakdown,passes,passes,,,,Club Brugge KV,90.0,,31.7,77.1,5.5,56.1,True,rating-breakdown,True,31.7,77.1,5.5,56.1,pass,True,False,,
1153957,Aleksandar Stanković,14035964,rating-breakdown,passes,passes,,,,Club Brugge KV,90.0,,9.9,81.1,3.5,58.2,True,rating-breakdown,True,9.9,81.1,3.5,58.2,pass,True,False,,
1153957,Aleksandar Stanković,14035964,rating-breakdown,passes,passes,,,,Club Brugge KV,90.0,,49.2,42.3,56.3,12,True,rating-breakdown,True,49.2,42.3,56.3,12,pass,True,False,,
1153957,Aleksandar Stanković,14035964,rating-breakdown,passes,passes,,,,Club Brugge KV,90.0,,64,25.3,74.7,3.9,True,rating-breakdown,True,64,25.3,74.7,3.9,pass,True,False,,
1153957,Aleksandar Stanković,14035964,rating-breakdown,passes,passes,,,,Club Brugge KV,90.0,,69.9,32,83.3,38.9,,rating-breakdown,True,69.9,32,83.3,38.9,pass,True,False,,
1153957,Aleksandar Stanković,14035964,rating-breakdown,passes,passes,,,,Club Brugge KV,90.0,,67.5,33.8,61.5,28.4,True,rating-breakdown,True,67.5,33.8,61.5,28.4,pass,True,False,,
1153957,Aleksandar Stanković,14035964,rating-breakdown,passes,passes,,,,Club Brugge KV,90.0,,75.1,73.8,84.8,85.5,True,rating-breakdown,True,75.1,73.8,84.8,85.5,pass,True,False,,
1153957,Aleksandar Stanković,14035964,rating-breakdown,passes,passes,,,,Club Brugge KV,90.0,,68.2,81.5,67.5,42.8,True,rating-breakdown,True,68.2,81.5,67.5,42.8,pass,True,False,,
1153957,Aleksandar Stanković,14035964,rating-breakdown,passes,passes,,,,Club Brugge KV,90.0,,73.6,53.5,77.7,80,True,rating-breakdown,True,73.6,53.5,77.7,80,pass,True,False,,
1153957,Aleksandar Stanković,14035964,rating-breakdown,passes,passes,,,,Club Brugge KV,90.0,,77.4,53.5,84.8,50.8,,rating-breakdown,True,77.4,53.5,84.8,50.8,pass,True,False,,
1153957,Aleksandar Stanković,14035964,rating-breakdown,passes,passes,,,,Club Brugge KV,90.0,,34.9,35.9,30.8,59.3,True,rating-breakdown,True,34.9,35.9,30.8,59.3,pass,True,False,,
1153957,Aleksandar Stanković,14035964,rating-breakdown,passes,passes,,,,Club Brugge KV,90.0,,78.9,74.7,85.5,74.4,True,rating-breakdown,True,78.9,74.7,85.5,74.4,pass,True,False,,
1153957,Aleksandar Stanković,14035964,rating-breakdown,passes,passes,,,,Club Brugge KV,90.0,,88.1,86,100,29.5,,rating-breakdown,True,88.1,86,100,29.5,cross,True,False,True,
1153957,Aleksandar Stanković,14035964,rating-breakdown,passes,passes,,,,Club Brugge KV,90.0,,27.1,45.7,29.9,8.9,True,rating-breakdown,True,27.1,45.7,29.9,8.9,pass,True,False,,
1153957,Aleksandar Stanković,14035964,rating-breakdown,passes,passes,,,,Club Brugge KV,90.0,,60.7,30.7,74,3.9,True,rating-breakdown,True,60.7,30.7,74,3.9,pass,True,False,,
1153957,Aleksandar Stanković,14035964,rating-breakdown,passes,passes,,,,Club Brugge KV,90.0,,31.7,44.7,31.4,65.1,True,rating-breakdown,True,31.7,44.7,31.4,65.1,pass,True,False,,
1153957,Aleksandar Stanković,14035964,rating-breakdown,passes,passes,,,,Club Brugge KV,90.0,,33.7,51.1,37.9,25.4,True,rating-breakdown,True,33.7,51.1,37.9,25.4,pass,True,False,,
1153957,Aleksandar Stanković,14035964,rating-breakdown,passes,passes,,,,Club Brugge KV,90.0,,67.9,32.8,85,22.7,True,rating-breakdown,True,67.9,32.8,85,22.7,pass,True,True,,
1153957,Aleksandar Stanković,14035964,rating-breakdown,ball-carries,ball-carries,,,,Club Brugge KV,90.0,,37.485,8.772,37.8,14.892,,rating-breakdown,True,37.485,8.772,37.8,14.892,ball-carry,True,,,
1153957,Aleksandar Stanković,14035964,rating-breakdown,ball-carries,ball-carries,,,,Club Brugge KV,90.0,,31.185,34.68,35.28,29.716,,rating-breakdown,True,31.185,34.68,35.28,29.716,ball-carry,True,,,
1153957,Aleksandar Stanković,14035964,rating-breakdown,ball-carries,ball-carries,,,,Club Brugge KV,90.0,,63.945,17.544,60.795,15.368,,rating-breakdown,True,63.945,17.544,60.795,15.368,ball-carry,True,,,
1153957,Aleksandar Stanković,14035964,rating-breakdown,ball-carries,ball-carries,,,,Club Brugge KV,90.0,,97.3,26.2,98.6,21.9,,rating-breakdown,True,97.3,26.2,98.6,21.9,ball-carry,True,,,
1153957,Aleksandar Stanković,14035964,rating-breakdown,ball-carries,ball-carries,,,,Club Brugge KV,90.0,,33.705,13.056,37.905,14.348,,rating-breakdown,True,33.705,13.056,37.905,14.348,ball-carry,True,,,
1153957,Aleksandar Stanković,14035964,rating-breakdown,ball-carries,ball-carries,,,,Club Brugge KV,90.0,,41.055,24.072,36.33,22.644,,rating-breakdown,True,41.055,24.072,36.33,22.644,ball-carry,True,,,
1153957,Aleksandar Stanković,14035964,rating-breakdown,ball-carries,ball-carries,,,,Club Brugge KV,90.0,,47.25,5.644,45.15,2.584,,rating-breakdown,True,47.25,5.644,45.15,2.584,ball-carry,True,,,
1153957,Aleksandar Stanković,14035964,rating-breakdown,ball-carries,ball-carries,,,,Club Brugge KV,90.0,,61.215,21.964,67.2,17.204,,rating-breakdown,True,61.215,21.964,67.2,17.204,ball-carry,True,,,
1153957,Aleksandar Stanković,14035964,rating-breakdown,ball-carries,ball-carries,,,,Club Brugge KV,90.0,,74,45.5,73.5,33.6,,rating-breakdown,True,74,45.5,73.5,33.6,ball-carry,True,,,
1153957,Aleksandar Stanković,14035964,rating-breakdown,ball-carries,ball-carries,,,,Club Brugge KV,90.0,,27.72,14.892,36.645,24.412,,rating-breakdown,True,27.72,14.892,36.645,24.412,ball-carry,True,,,
1153957,Aleksandar Stanković,14035964,rating-breakdown,ball-carries,ball-carries,,,,Club Brugge KV,90.0,,56.175,26.656,63.735,20.876,,rating-breakdown,True,56.175,26.656,63.735,20.876,ball-carry,True,,,
1153957,Aleksandar Stanković,14035964,rating-breakdown,dribbles,dribbles,,,,Club Brugge KV,90.0,,24.1,22.8,,,True,rating-breakdown,True,24.1,22.8,,,dribble,True,False,,
1153957,Aleksandar Stanković,14035964,rating-breakdown,defensive,defensive,,,,Club Brugge KV,90.0,,44.8,35.6,,,True,rating-breakdown,True,44.8,35.6,,,ball-recovery,True,False,,
1153957,Aleksandar Stanković,14035964,rating-breakdown,defensive,defensive,,,,Club Brugge KV,90.0,,3.4,60,28.6,88.4,True,rating-breakdown,True,3.4,60,28.6,88.4,clearance,True,False,,
1153957,Aleksandar Stanković,14035964,rating-breakdown,defensive,defensive,,,,Club Brugge KV,90.0,,30,76.6,,,True,rating-breakdown,True,30,76.6,,,ball-recovery,True,False,,
1153957,Aleksandar Stanković,14035964,rating-breakdown,defensive,defensive,,,,Club Brugge KV,90.0,,12,22.4,,,,rating-breakdown,True,12,22.4,,,tackle,True,False,,
1153957,Aleksandar Stanković,14035964,rating-breakdown,defensive,defensive,,,,Club Brugge KV,90.0,,43.8,27.6,46,0,True,rating-breakdown,True,43.8,27.6,46,0,clearance,True,False,,
1153957,Aleksandar Stanković,14035964,rating-breakdown,defensive,defensive,,,,Club Brugge KV,90.0,,14.8,54,37.2,53.9,True,rating-breakdown,True,14.8,54,37.2,53.9,clearance,True,False,,
1153957,Aleksandar Stanković,14035964,rating-breakdown,defensive,defensive,,,,Club Brugge KV,90.0,,23.6,24.5,,,True,rating-breakdown,True,23.6,24.5,,,ball-recovery,True,False,,
1153957,Aleksandar Stanković,14035964,rating-breakdown,defensive,defensive,,,,Club Brugge KV,90.0,,32.8,26.6,,,True,rating-breakdown,True,32.8,26.6,,,ball-recovery,True,False,,
1153957,Aleksandar Stanković,14035964,rating-breakdown,defensive,defensive,,,,Club Brugge KV,90.0,,41.6,13.4,,,True,rating-breakdown,True,41.6,13.4,,,interception,True,False,,
1153957,Aleksandar Stanković,14035964,rating-breakdown,defensive,defensive,,,,Club Brugge KV,90.0,,45,8.3,,,True,rating-breakdown,True,45,8.3,,,ball-recovery,True,False,,
1153957,Aleksandar Stanković,14035964,rating-breakdown,defensive,defensive,,,,Club Brugge KV,90.0,,31.7,77.1,,,True,rating-breakdown,True,31.7,77.1,,,ball-recovery,True,False,,
1153957,Aleksandar Stanković,14035964,rating-breakdown,defensive,defensive,,,,Club Brugge KV,90.0,,30.2,51.6,,,True,rating-breakdown,True,30.2,51.6,,,tackle,True,False,,
1153957,Aleksandar Stanković,14035973,rating-breakdown,passes,passes,,,,Club Brugge KV,90.0,,46.9,94.1,44.9,94.9,True,rating-breakdown,True,46.9,94.1,44.9,94.9,pass,False,False,,
1153957,Aleksandar Stanković,14035973,rating-breakdown,passes,passes,,,,Club Brugge KV,90.0,,32.7,62.6,40.5,32.6,True,rating-breakdown,True,32.7,62.6,40.5,32.6,pass,False,False,,
1153957,Aleksandar Stanković,14035973,rating-breakdown,passes,passes,,,,Club Brugge KV,90.0,,23.1,64.2,14.2,54.3,True,rating-breakdown,True,23.1,64.2,14.2,54.3,pass,False,False,,
1153957,Aleksandar Stanković,14035973,rating-breakdown,passes,passes,,,,Club Brugge KV,90.0,,42.1,27.2,34.6,26.6,True,rating-breakdown,True,42.1,27.2,34.6,26.6,pass,False,False,,
1153957,Aleksandar Stanković,14035973,rating-breakdown,passes,passes,,,,Club Brugge KV,90.0,,42,30.7,45.6,28.3,,rating-breakdown,True,42,30.7,45.6,28.3,pass,False,False,,
1153957,Aleksandar Stanković,14035973,rating-breakdown,passes,passes,,,,Club Brugge KV,90.0,,31.8,37.2,32.5,64.6,True,rating-breakdown,True,31.8,37.2,32.5,64.6,pass,False,False,,
1153957,Aleksandar Stanković,14035973,rating-breakdown,passes,passes,,,,Club Brugge KV,90.0,,33.6,53.6,37.5,30.1,True,rating-breakdown,True,33.6,53.6,37.5,30.1,pass,False,False,,
1153957,Aleksandar Stanković,14035973,rating-breakdown,passes,passes,,,,Club Brugge KV,90.0,,44.8,68.8,48,41.5,True,rating-breakdown,True,44.8,68.8,48,41.5,pass,False,False,,
1153957,Aleksandar Stanković,14035973,rating-breakdown,passes,passes,,,,Club Brugge KV,90.0,,45.1,45.7,47.7,30.6,True,rating-breakdown,True,45.1,45.7,47.7,30.6,pass,False,False,,
1153957,Aleksandar Stanković,14035973,rating-breakdown,passes,passes,,,,Club Brugge KV,90.0,,11.7,27,54.2,42.7,,rating-breakdown,True,11.7,27,54.2,42.7,pass,False,False,True,
1153957,Aleksandar Stanković,14035973,rating-breakdown,passes,passes,,,,Club Brugge KV,90.0,,66.9,33.6,79.9,37.7,True,rating-breakdown,True,66.9,33.6,79.9,37.7,pass,False,False,,
1153957,Aleksandar Stanković,14035973,rating-breakdown,passes,passes,,,,Club Brugge KV,90.0,,33,29.9,6.1,40.7,True,rating-breakdown,True,33,29.9,6.1,40.7,pass,False,False,,
1153957,Aleksandar Stanković,14035973,rating-breakdown,passes,passes,,,,Club Brugge KV,90.0,,21.4,67.6,14.3,77.3,True,rating-breakdown,True,21.4,67.6,14.3,77.3,pass,False,False,,
1153957,Aleksandar Stanković,14035973,rating-breakdown,passes,passes,,,,Club Brugge KV,90.0,,34.1,52.6,26.7,69.6,True,rating-breakdown,True,34.1,52.6,26.7,69.6,pass,False,False,,
1153957,Aleksandar Stanković,14035973,rating-breakdown,passes,passes,,,,Club Brugge KV,90.0,,45.4,31.1,44.1,36.7,True,rating-breakdown,True,45.4,31.1,44.1,36.7,pass,False,False,,
1153957,Aleksandar Stanković,14035973,rating-breakdown,passes,passes,,,,Club Brugge KV,90.0,,70.7,55.6,86.1,26,True,rating-breakdown,True,70.7,55.6,86.1,26,pass,False,False,,
1153957,Aleksandar Stanković,14035973,rating-breakdown,passes,passes,,,,Club Brugge KV,90.0,,65.1,21.2,71.1,24.9,True,rating-breakdown,True,65.1,21.2,71.1,24.9,pass,False,False,,
1153957,Aleksandar Stanković,14035973,rating-breakdown,passes,passes,,,,Club Brugge KV,90.0,,55.1,52,42.4,36.5,True,rating-breakdown,True,55.1,52,42.4,36.5,pass,False,False,,
1153957,Aleksandar Stanković,14035973,rating-breakdown,passes,passes,,,,Club Brugge KV,90.0,,46,42.2,77.7,88.9,True,rating-breakdown,True,46,42.2,77.7,88.9,pass,False,False,True,
1153957,Aleksandar Stanković,14035973,rating-breakdown,passes,passes,,,,Club Brugge KV,90.0,,67.8,81.2,70.2,91.8,True,rating-breakdown,True,67.8,81.2,70.2,91.8,pass,False,False,,
1153957,Aleksandar Stanković,14035973,rating-breakdown,passes,passes,,,,Club Brugge KV,90.0,,22,48.8,21.2,46.9,True,rating-breakdown,True,22,48.8,21.2,46.9,pass,False,False,,
1153957,Aleksandar Stanković,14035973,rating-breakdown,passes,passes,,,,Club Brugge KV,90.0,,69.5,4.5,75.6,13.9,True,rating-breakdown,True,69.5,4.5,75.6,13.9,pass,False,False,,
1153957,Aleksandar Stanković,14035973,rating-breakdown,passes,passes,,,,Club Brugge KV,90.0,,58.5,62.8,64.2,84.6,True,rating-breakdown,True,58.5,62.8,64.2,84.6,pass,False,False,,
1153957,Aleksandar Stanković,14035973,rating-breakdown,passes,passes,,,,Club Brugge KV,90.0,,30,66.5,35.8,87.7,True,rating-breakdown,True,30,66.5,35.8,87.7,pass,False,False,,
1153957,Aleksandar Stanković,14035973,rating-breakdown,passes,passes,,,,Club Brugge KV,90.0,,31.8,71.8,31.6,31.4,True,rating-breakdown,True,31.8,71.8,31.6,31.4,pass,False,False,,
1153957,Aleksandar Stanković,14035973,rating-breakdown,passes,passes,,,,Club Brugge KV,90.0,,33.3,33.3,33.7,66,True,rating-breakdown,True,33.3,33.3,33.7,66,pass,False,False,,
1153957,Aleksandar Stanković,14035973,rating-breakdown,passes,passes,,,,Club Brugge KV,90.0,,27.9,48.1,23.2,24.1,True,rating-breakdown,True,27.9,48.1,23.2,24.1,pass,False,False,,
1153957,Aleksandar Stanković,14035973,rating-breakdown,passes,passes,,,,Club Brugge KV,90.0,,63.8,64.8,71.2,65.2,,rating-breakdown,True,63.8,64.8,71.2,65.2,pass,False,False,,
1153957,Aleksandar Stanković,14035973,rating-breakdown,passes,passes,,,,Club Brugge KV,90.0,,60.9,22,56.2,31.4,True,rating-breakdown,True,60.9,22,56.2,31.4,pass,False,False,,
1153957,Aleksandar Stanković,14035973,rating-breakdown,passes,passes,,,,Club Brugge KV,90.0,,29.5,75.1,3.4,76.9,True,rating-breakdown,True,29.5,75.1,3.4,76.9,pass,False,False,,
1153957,Aleksandar Stanković,14035973,rating-breakdown,passes,passes,,,,Club Brugge KV,90.0,,24.2,66.4,18.8,69.3,True,rating-breakdown,True,24.2,66.4,18.8,69.3,pass,False,False,,
1153957,Aleksandar Stanković,14035973,rating-breakdown,passes,passes,,,,Club Brugge KV,90.0,,35.7,68.6,42.9,56.9,True,rating-breakdown,True,35.7,68.6,42.9,56.9,pass,False,False,,
1153957,Aleksandar Stanković,14035973,rating-breakdown,passes,passes,,,,Club Brugge KV,90.0,,30.1,45.1,34.8,63.7,,rating-breakdown,True,30.1,45.1,34.8,63.7,pass,False,False,,
1153957,Aleksandar Stanković,14035973,rating-breakdown,passes,passes,,,,Club Brugge KV,90.0,,29.5,64,39.6,90.1,True,rating-breakdown,True,29.5,64,39.6,90.1,pass,False,False,,
1153957,Aleksandar Stanković,14035973,rating-breakdown,passes,passes,,,,Club Brugge KV,90.0,,41.3,63.7,34.3,36.8,True,rating-breakdown,True,41.3,63.7,34.3,36.8,pass,False,False,,
1153957,Aleksandar Stanković,14035973,rating-breakdown,passes,passes,,,,Club Brugge KV,90.0,,62.8,34.4,63.7,76.3,True,rating-breakdown,True,62.8,34.4,63.7,76.3,pass,False,False,,
1153957,Aleksandar Stanković,14035973,rating-breakdown,dribbles,dribbles,,,,Club Brugge KV,90.0,,9.8,91.2,,,,rating-breakdown,True,9.8,91.2,,,dribble,False,False,,
1153957,Aleksandar Stanković,14035973,rating-breakdown,defensive,defensive,,,,Club Brugge KV,90.0,,44,11,,,True,rating-breakdown,True,44,11,,,interception,False,False,,
1153957,Aleksandar Stanković,14035973,rating-breakdown,defensive,defensive,,,,Club Brugge KV,90.0,,43,24.3,,,True,rating-breakdown,True,43,24.3,,,tackle,False,False,,
1153957,Aleksandar Stanković,14035973,rating-breakdown,defensive,defensive,,,,Club Brugge KV,90.0,,43.9,24.4,,,True,rating-breakdown,True,43.9,24.4,,,interception,False,False,,
1153957,Aleksandar Stanković,14035973,rating-breakdown,defensive,defensive,,,,Club Brugge KV,90.0,,22,48.8,,,True,rating-breakdown,True,22,48.8,,,ball-recovery,False,False,,
1153957,Aleksandar Stanković,14035973,rating-breakdown,defensive,defensive,,,,Club Brugge KV,90.0,,10.6,57.4,,,True,rating-breakdown,True,10.6,57.4,,,block,False,False,,
1153957,Aleksandar Stanković,14035973,rating-breakdown,defensive,defensive,,,,Club Brugge KV,90.0,,22,92.6,,,True,rating-breakdown,True,22,92.6,,,interception,False,False,,
1153957,Aleksandar Stanković,14035973,rating-breakdown,defensive,defensive,,,,Club Brugge KV,90.0,,13.8,90.6,,,True,rating-breakdown,True,13.8,90.6,,,ball-recovery,False,False,,
1153957,Aleksandar Stanković,14035973,rating-breakdown,defensive,defensive,,,,Club Brugge KV,90.0,,7,57,14.1,69.7,True,rating-breakdown,True,7,57,14.1,69.7,clearance,False,False,,
1153957,Aleksandar Stanković,14035973,rating-breakdown,defensive,defensive,,,,Club Brugge KV,90.0,,4.1,43,7.3,50.3,True,rating-breakdown,True,4.1,43,7.3,50.3,clearance,False,False,,
1153957,Aleksandar Stanković,14035973,rating-breakdown,defensive,defensive,,,,Club Brugge KV,90.0,,6.9,47.8,18.7,50.3,True,rating-breakdown,True,6.9,47.8,18.7,50.3,clearance,False,False,,
1153957,Aleksandar Stanković,14035973,rating-breakdown,defensive,defensive,,,,Club Brugge KV,90.0,,52,43.8,,,,rating-breakdown,True,52,43.8,,,tackle,False,False,,
1153957,Aleksandar Stanković,14035973,rating-breakdown,defensive,defensive,,,,Club Brugge KV,90.0,,29.8,74.9,,,True,rating-breakdown,True,29.8,74.9,,,ball-recovery,False,False,,
1153957,Aleksandar Stanković,14035973,rating-breakdown,defensive,defensive,,,,Club Brugge KV,90.0,,8,46.6,17,55.5,True,rating-breakdown,True,8,46.6,17,55.5,clearance,False,False,,
1153957,Aleksandar Stanković,14035973,rating-breakdown,defensive,defensive,,,,Club Brugge KV,90.0,,30.1,45.1,,,True,rating-breakdown,True,30.1,45.1,,,ball-recovery,False,False,,
1153957,Aleksandar Stanković,14035973,rating-breakdown,defensive,defensive,,,,Club Brugge KV,90.0,,11.9,52.5,36.6,51.6,True,rating-breakdown,True,11.9,52.5,36.6,51.6,clearance,False,False,,
1153957,Aleksandar Stanković,14035973,rating-breakdown,defensive,defensive,,,,Club Brugge KV,90.0,,13.5,16.8,27.8,18.4,True,rating-breakdown,True,13.5,16.8,27.8,18.4,clearance,False,False,,
1153957,Aleksandar Stanković,14035973,rating-breakdown,defensive,defensive,,,,Club Brugge KV,90.0,,35.3,44.5,,,True,rating-breakdown,True,35.3,44.5,,,interception,False,False,,
1153957,Aleksandar Stanković,14035973,rating-breakdown,defensive,defensive,,,,Club Brugge KV,90.0,,46.4,36,,,True,rating-breakdown,True,46.4,36,,,ball-recovery,False,False,,
1153957,Aleksandar Stanković,14032380,rating-breakdown,passes,passes,,,,Club Brugge KV,90.0,,37.3,51.3,45.6,73,True,rating-breakdown,True,37.3,51.3,45.6,73,pass,True,False,,
1153957,Aleksandar Stanković,14032380,rating-breakdown,passes,passes,,,,Club Brugge KV,90.0,,45.3,80.8,55.7,86.3,True,rating-breakdown,True,45.3,80.8,55.7,86.3,pass,True,False,,
1153957,Aleksandar Stanković,14032380,rating-breakdown,passes,passes,,,,Club Brugge KV,90.0,,45.1,49.4,50.8,77.5,True,rating-breakdown,True,45.1,49.4,50.8,77.5,pass,True,False,,
1153957,Aleksandar Stanković,14032380,rating-breakdown,passes,passes,,,,Club Brugge KV,90.0,,44.6,36.7,41.9,68.8,True,rating-breakdown,True,44.6,36.7,41.9,68.8,pass,True,False,,
1153957,Aleksandar Stanković,14032380,rating-breakdown,passes,passes,,,,Club Brugge KV,90.0,,58,73.8,55.9,88.7,True,rating-breakdown,True,58,73.8,55.9,88.7,pass,True,False,,
1153957,Aleksandar Stanković,14032380,rating-breakdown,passes,passes,,,,Club Brugge KV,90.0,,64.3,76.7,56.7,82.6,True,rating-breakdown,True,64.3,76.7,56.7,82.6,pass,True,False,,
1153957,Aleksandar Stanković,14032380,rating-breakdown,passes,passes,,,,Club Brugge KV,90.0,,64.9,72.1,70.2,64.2,True,rating-breakdown,True,64.9,72.1,70.2,64.2,pass,True,False,,
1153957,Aleksandar Stanković,14032380,rating-breakdown,passes,passes,,,,Club Brugge KV,90.0,,70.2,65.1,71.7,40.7,True,rating-breakdown,True,70.2,65.1,71.7,40.7,pass,True,False,,
1153957,Aleksandar Stanković,14032380,rating-breakdown,passes,passes,,,,Club Brugge KV,90.0,,75.7,22.2,73.8,19.1,True,rating-breakdown,True,75.7,22.2,73.8,19.1,pass,True,False,,
1153957,Aleksandar Stanković,14032380,rating-breakdown,passes,passes,,,,Club Brugge KV,90.0,,27.8,8.6,26.8,2.8,True,rating-breakdown,True,27.8,8.6,26.8,2.8,pass,True,False,,
1153957,Aleksandar Stanković,14032380,rating-breakdown,passes,passes,,,,Club Brugge KV,90.0,,65.5,67.3,78.9,94.1,True,rating-breakdown,True,65.5,67.3,78.9,94.1,pass,True,False,,
1153957,Aleksandar Stanković,14032380,rating-breakdown,passes,passes,,,,Club Brugge KV,90.0,,72.6,80.6,94.9,48.5,,rating-breakdown,True,72.6,80.6,94.9,48.5,pass,True,False,True,
1153957,Aleksandar Stanković,14032380,rating-breakdown,passes,passes,,,,Club Brugge KV,90.0,,55.2,81.6,42.3,91.6,True,rating-breakdown,True,55.2,81.6,42.3,91.6,pass,True,False,,
1153957,Aleksandar Stanković,14032380,rating-breakdown,passes,passes,,,,Club Brugge KV,90.0,,40.5,72.6,32.2,66.4,True,rating-breakdown,True,40.5,72.6,32.2,66.4,pass,True,False,,
1153957,Aleksandar Stanković,14032380,rating-breakdown,passes,passes,,,,Club Brugge KV,90.0,,35.8,52.2,41.3,18.1,True,rating-breakdown,True,35.8,52.2,41.3,18.1,pass,True,False,,
1153957,Aleksandar Stanković,14032380,rating-breakdown,passes,passes,,,,Club Brugge KV,90.0,,26.5,75,35.2,59.9,True,rating-breakdown,True,26.5,75,35.2,59.9,pass,True,False,,
1153957,Aleksandar Stanković,14032380,rating-breakdown,passes,passes,,,,Club Brugge KV,90.0,,39.8,55.6,40.6,14.1,True,rating-breakdown,True,39.8,55.6,40.6,14.1,pass,True,False,,
1153957,Aleksandar Stanković,14032380,rating-breakdown,passes,passes,,,,Club Brugge KV,90.0,,71.7,51.9,72.7,70.2,True,rating-breakdown,True,71.7,51.9,72.7,70.2,pass,True,False,,
1153957,Aleksandar Stanković,14032380,rating-breakdown,passes,passes,,,,Club Brugge KV,90.0,,60,68.2,57.9,83.8,True,rating-breakdown,True,60,68.2,57.9,83.8,pass,True,False,,
1153957,Aleksandar Stanković,14032380,rating-breakdown,passes,passes,,,,Club Brugge KV,90.0,,52.7,49.8,82.7,36.6,True,rating-breakdown,True,52.7,49.8,82.7,36.6,pass,True,True,True,
1153957,Aleksandar Stanković,14032380,rating-breakdown,passes,passes,,,,Club Brugge KV,90.0,,56.7,21,49.9,58.2,True,rating-breakdown,True,56.7,21,49.9,58.2,pass,True,False,,
1153957,Aleksandar Stanković,14032380,rating-breakdown,passes,passes,,,,Club Brugge KV,90.0,,62.8,79.3,61,67.7,True,rating-breakdown,True,62.8,79.3,61,67.7,pass,True,False,,
1153957,Aleksandar Stanković,14032380,rating-breakdown,passes,passes,,,,Club Brugge KV,90.0,,60.6,71.8,60.4,49.8,True,rating-breakdown,True,60.6,71.8,60.4,49.8,pass,True,False,,
1153957,Aleksandar Stanković,14032380,rating-breakdown,passes,passes,,,,Club Brugge KV,90.0,,77.8,59.1,86,69.3,True,rating-breakdown,True,77.8,59.1,86,69.3,pass,True,False,,
1153957,Aleksandar Stanković,14032380,rating-breakdown,passes,passes,,,,Club Brugge KV,90.0,,54.8,56.8,43,64.6,True,rating-breakdown,True,54.8,56.8,43,64.6,pass,True,False,,
1153957,Aleksandar Stanković,14032380,rating-breakdown,passes,passes,,,,Club Brugge KV,90.0,,47.1,51.4,59.8,43.3,True,rating-breakdown,True,47.1,51.4,59.8,43.3,pass,True,False,,
1153957,Aleksandar Stanković,14032380,rating-breakdown,passes,passes,,,,Club Brugge KV,90.0,,41.6,12.3,43,4.2,True,rating-breakdown,True,41.6,12.3,43,4.2,pass,True,False,,
1153957,Aleksandar Stanković,14032380,rating-breakdown,passes,passes,,,,Club Brugge KV,90.0,,69.6,43.8,87.3,21.3,True,rating-breakdown,True,69.6,43.8,87.3,21.3,pass,True,False,,
1153957,Aleksandar Stanković,14032380,rating-breakdown,passes,passes,,,,Club Brugge KV,90.0,,39.1,33.7,45.4,47.1,True,rating-breakdown,True,39.1,33.7,45.4,47.1,pass,True,False,,
1153957,Aleksandar Stanković,14032380,rating-breakdown,passes,passes,,,,Club Brugge KV,90.0,,13.1,16.8,3.6,43,True,rating-breakdown,True,13.1,16.8,3.6,43,pass,True,False,,
1153957,Aleksandar Stanković,14032380,rating-breakdown,passes,passes,,,,Club Brugge KV,90.0,,19.8,20.9,22.1,59.9,True,rating-breakdown,True,19.8,20.9,22.1,59.9,pass,True,False,,
1153957,Aleksandar Stanković,14032380,rating-breakdown,passes,passes,,,,Club Brugge KV,90.0,,5,24.7,8.1,7.9,True,rating-breakdown,True,5,24.7,8.1,7.9,pass,True,False,,
1153957,Aleksandar Stanković,14032380,rating-breakdown,passes,passes,,,,Club Brugge KV,90.0,,27.3,48.5,63.5,48.9,,rating-breakdown,True,27.3,48.5,63.5,48.9,pass,True,False,True,
1153957,Aleksandar Stanković,14032380,rating-breakdown,passes,passes,,,,Club Brugge KV,90.0,,11.9,31.6,23.9,48.6,True,rating-breakdown,True,11.9,31.6,23.9,48.6,pass,True,False,,
1153957,Aleksandar Stanković,14032380,rating-breakdown,passes,passes,,,,Club Brugge KV,90.0,,40.4,29.2,54.1,5.5,True,rating-breakdown,True,40.4,29.2,54.1,5.5,pass,True,False,,
1153957,Aleksandar Stanković,14032380,rating-breakdown,passes,passes,,,,Club Brugge KV,90.0,,45.2,35.7,37.1,49.8,True,rating-breakdown,True,45.2,35.7,37.1,49.8,pass,True,False,,
1153957,Aleksandar Stanković,14032380,rating-breakdown,passes,passes,,,,Club Brugge KV,90.0,,42.3,25.9,53.3,33.1,,rating-breakdown,True,42.3,25.9,53.3,33.1,pass,True,False,,
1153957,Aleksandar Stanković,14032380,rating-breakdown,passes,passes,,,,Club Brugge KV,90.0,,26.1,25.3,35.9,5.8,True,rating-breakdown,True,26.1,25.3,35.9,5.8,pass,True,False,,
1153957,Aleksandar Stanković,14032380,rating-breakdown,passes,passes,,,,Club Brugge KV,90.0,,13.4,26.2,9.9,46.3,True,rating-breakdown,True,13.4,26.2,9.9,46.3,pass,True,False,,
1153957,Aleksandar Stanković,14032380,rating-breakdown,passes,passes,,,,Club Brugge KV,90.0,,27.4,26.7,55.8,44.4,,rating-breakdown,True,27.4,26.7,55.8,44.4,pass,True,False,True,
1153957,Aleksandar Stanković,14032380,rating-breakdown,ball-carries,ball-carries,,,,Club Brugge KV,90.0,,43.6,77.6,45.1,49.4,,rating-breakdown,True,43.6,77.6,45.1,49.4,ball-carry,True,,,
1153957,Aleksandar Stanković,14032380,rating-breakdown,ball-carries,ball-carries,,,,Club Brugge KV,90.0,,56,67.6,58,73.8,,rating-breakdown,True,56,67.6,58,73.8,ball-carry,True,,,
1153957,Aleksandar Stanković,14032380,rating-breakdown,ball-carries,ball-carries,,,,Club Brugge KV,90.0,,67.7,71.5,70.2,65.1,,rating-breakdown,True,67.7,71.5,70.2,65.1,ball-carry,True,,,
1153957,Aleksandar Stanković,14032380,rating-breakdown,ball-carries,ball-carries,,,,Club Brugge KV,90.0,,60.5,57.5,65.5,67.3,,rating-breakdown,True,60.5,57.5,65.5,67.3,ball-carry,True,,,
1153957,Aleksandar Stanković,14032380,rating-breakdown,ball-carries,ball-carries,,,,Club Brugge KV,90.0,,36.6,86.9,40.5,72.6,,rating-breakdown,True,36.6,86.9,40.5,72.6,ball-carry,True,,,
1153957,Aleksandar Stanković,14032380,rating-breakdown,ball-carries,ball-carries,,,,Club Brugge KV,90.0,,36,75.6,35.8,52.2,,rating-breakdown,True,36,75.6,35.8,52.2,ball-carry,True,,,
1153957,Aleksandar Stanković,14032380,rating-breakdown,ball-carries,ball-carries,,,,Club Brugge KV,90.0,,63.8,50.5,71.7,51.9,,rating-breakdown,True,63.8,50.5,71.7,51.9,ball-carry,True,,,
1153957,Aleksandar Stanković,14032380,rating-breakdown,ball-carries,ball-carries,,,,Club Brugge KV,90.0,,53.9,61.2,52.7,49.8,,rating-breakdown,True,53.9,61.2,52.7,49.8,ball-carry,True,,,
1153957,Aleksandar Stanković,14032380,rating-breakdown,ball-carries,ball-carries,,,,Club Brugge KV,90.0,,60.9,74.8,62.8,79.3,,rating-breakdown,True,60.9,74.8,62.8,79.3,ball-carry,True,,,
1153957,Aleksandar Stanković,14032380,rating-breakdown,ball-carries,ball-carries,,,,Club Brugge KV,90.0,,38,38.1,39.1,33.7,,rating-breakdown,True,38,38.1,39.1,33.7,ball-carry,True,,,
1153957,Aleksandar Stanković,14032380,rating-breakdown,ball-carries,ball-carries,,,,Club Brugge KV,90.0,,34.8,29.7,40.4,29.2,,rating-breakdown,True,34.8,29.7,40.4,29.2,ball-carry,True,,,
1153957,Aleksandar Stanković,14032380,rating-breakdown,ball-carries,ball-carries,,,,Club Brugge KV,90.0,,31.1,23.1,42.3,25.9,,rating-breakdown,True,31.1,23.1,42.3,25.9,ball-carry,True,,,
1153957,Aleksandar Stanković,14032380,rating-breakdown,ball-carries,ball-carries,,,,Club Brugge KV,90.0,,24.2,29.7,26.1,25.3,,rating-breakdown,True,24.2,29.7,26.1,25.3,ball-carry,True,,,
1153957,Aleksandar Stanković,14032380,rating-breakdown,defensive,defensive,,,,Club Brugge KV,90.0,,8.1,48.6,20,37,True,rating-breakdown,True,8.1,48.6,20,37,clearance,True,False,,
1153957,Aleksandar Stanković,14032380,rating-breakdown,defensive,defensive,,,,Club Brugge KV,90.0,,9.5,60.3,9.1,63.4,True,rating-breakdown,True,9.5,60.3,9.1,63.4,clearance,True,False,,
1153957,Aleksandar Stanković,14032380,rating-breakdown,defensive,defensive,,,,Club Brugge KV,90.0,,56,78.9,,,True,rating-breakdown,True,56,78.9,,,ball-recovery,True,False,,
1153957,Aleksandar Stanković,14032380,rating-breakdown,defensive,defensive,,,,Club Brugge KV,90.0,,7.8,21.4,,,True,rating-breakdown,True,7.8,21.4,,,tackle,True,False,,
1153957,Aleksandar Stanković,14032380,rating-breakdown,defensive,defensive,,,,Club Brugge KV,90.0,,5,24.7,,,True,rating-breakdown,True,5,24.7,,,ball-recovery,True,False,,
1153957,Aleksandar Stanković,14032380,rating-breakdown,defensive,defensive,,,,Club Brugge KV,90.0,,13.3,49.3,19.1,48.4,True,rating-breakdown,True,13.3,49.3,19.1,48.4,clearance,True,False,,
1153957,Aleksandar Stanković,14032380,rating-breakdown,defensive,defensive,,,,Club Brugge KV,90.0,,27.9,48.9,,,True,rating-breakdown,True,27.9,48.9,,,ball-recovery,True,False,,
1153957,Aleksandar Stanković,14032380,rating-breakdown,defensive,defensive,,,,Club Brugge KV,90.0,,11.9,40.2,,,True,rating-breakdown,True,11.9,40.2,,,block,True,False,,
1153957,Aleksandar Stanković,14032380,rating-breakdown,defensive,defensive,,,,Club Brugge KV,90.0,,14.9,52.6,11.7,50.5,True,rating-breakdown,True,14.9,52.6,11.7,50.5,clearance,True,False,,
1153957,Aleksandar Stanković,14032384,rating-breakdown,passes,passes,,,,Club Brugge KV,90.0,,56,59.1,61.8,89.2,True,rating-breakdown,True,56,59.1,61.8,89.2,pass,True,False,,
1153957,Aleksandar Stanković,14032384,rating-breakdown,passes,passes,,,,Club Brugge KV,90.0,,73.6,67.4,82.3,86.6,True,rating-breakdown,True,73.6,67.4,82.3,86.6,pass,True,False,,
1153957,Aleksandar Stanković,14032384,rating-breakdown,passes,passes,,,,Club Brugge KV,90.0,,71.4,70,68.3,92.4,True,rating-breakdown,True,71.4,70,68.3,92.4,pass,True,False,,
1153957,Aleksandar Stanković,14032384,rating-breakdown,passes,passes,,,,Club Brugge KV,90.0,,63.8,68.3,71.5,65.3,True,rating-breakdown,True,63.8,68.3,71.5,65.3,pass,True,False,,
1153957,Aleksandar Stanković,14032384,rating-breakdown,passes,passes,,,,Club Brugge KV,90.0,,64.4,59.7,61.9,39.2,True,rating-breakdown,True,64.4,59.7,61.9,39.2,pass,True,False,,
1153957,Aleksandar Stanković,14032384,rating-breakdown,passes,passes,,,,Club Brugge KV,90.0,,70.6,82.1,66,89.4,True,rating-breakdown,True,70.6,82.1,66,89.4,pass,True,False,,
1153957,Aleksandar Stanković,14032384,rating-breakdown,passes,passes,,,,Club Brugge KV,90.0,,69.6,67.4,64.1,74.4,True,rating-breakdown,True,69.6,67.4,64.1,74.4,pass,True,False,,
1153957,Aleksandar Stanković,14032384,rating-breakdown,passes,passes,,,,Club Brugge KV,90.0,,80.5,33.5,72.2,31.9,True,rating-breakdown,True,80.5,33.5,72.2,31.9,pass,True,False,,
1153957,Aleksandar Stanković,14032384,rating-breakdown,passes,passes,,,,Club Brugge KV,90.0,,41.6,18.1,63.1,13.2,True,rating-breakdown,True,41.6,18.1,63.1,13.2,pass,True,False,,
1153957,Aleksandar Stanković,14032384,rating-breakdown,passes,passes,,,,Club Brugge KV,90.0,,53.3,13.6,42.5,32,True,rating-breakdown,True,53.3,13.6,42.5,32,pass,True,False,,
1153957,Aleksandar Stanković,14032384,rating-breakdown,passes,passes,,,,Club Brugge KV,90.0,,60,45.2,42.1,30.5,True,rating-breakdown,True,60,45.2,42.1,30.5,pass,True,False,,
1153957,Aleksandar Stanković,14032384,rating-breakdown,passes,passes,,,,Club Brugge KV,90.0,,92.9,33,91.8,15.9,True,rating-breakdown,True,92.9,33,91.8,15.9,pass,True,False,,
1153957,Aleksandar Stanković,14032384,rating-breakdown,passes,passes,,,,Club Brugge KV,90.0,,87,27,89.5,46.1,,rating-breakdown,True,87,27,89.5,46.1,pass,True,False,,
1153957,Aleksandar Stanković,14032384,rating-breakdown,passes,passes,,,,Club Brugge KV,90.0,,60.1,60.6,44.2,47.3,True,rating-breakdown,True,60.1,60.6,44.2,47.3,pass,True,False,,
1153957,Aleksandar Stanković,14032384,rating-breakdown,passes,passes,,,,Club Brugge KV,90.0,,38.6,26.4,86,5.1,True,rating-breakdown,True,38.6,26.4,86,5.1,pass,True,False,True,
1153957,Aleksandar Stanković,14032384,rating-breakdown,passes,passes,,,,Club Brugge KV,90.0,,65.4,22.4,64.8,42.6,True,rating-breakdown,True,65.4,22.4,64.8,42.6,pass,True,False,,
1153957,Aleksandar Stanković,14032384,rating-breakdown,passes,passes,,,,Club Brugge KV,90.0,,63.8,27.2,45.9,57.4,True,rating-breakdown,True,63.8,27.2,45.9,57.4,pass,True,False,,
1153957,Aleksandar Stanković,14032384,rating-breakdown,passes,passes,,,,Club Brugge KV,90.0,,47.2,48.2,54.9,72.1,True,rating-breakdown,True,47.2,48.2,54.9,72.1,pass,True,False,,
1153957,Aleksandar Stanković,14032384,rating-breakdown,passes,passes,,,,Club Brugge KV,90.0,,52.8,61.8,63.7,21.9,True,rating-breakdown,True,52.8,61.8,63.7,21.9,pass,True,False,,
1153957,Aleksandar Stanković,14032384,rating-breakdown,passes,passes,,,,Club Brugge KV,90.0,,68.9,77.4,71.8,96.9,True,rating-breakdown,True,68.9,77.4,71.8,96.9,pass,True,False,,
1153957,Aleksandar Stanković,14032384,rating-breakdown,passes,passes,,,,Club Brugge KV,90.0,,66.4,72.1,66.5,46,True,rating-breakdown,True,66.4,72.1,66.5,46,pass,True,False,,
1153957,Aleksandar Stanković,14032384,rating-breakdown,passes,passes,,,,Club Brugge KV,90.0,,68.8,27.2,75.3,34.3,True,rating-breakdown,True,68.8,27.2,75.3,34.3,pass,True,False,,
1153957,Aleksandar Stanković,14032384,rating-breakdown,passes,passes,,,,Club Brugge KV,90.0,,61.7,27.7,55.8,7.4,True,rating-breakdown,True,61.7,27.7,55.8,7.4,pass,True,False,,
1153957,Aleksandar Stanković,14032384,rating-breakdown,passes,passes,,,,Club Brugge KV,90.0,,61.6,28.1,66.7,6.1,True,rating-breakdown,True,61.6,28.1,66.7,6.1,pass,True,False,,
1153957,Aleksandar Stanković,14032384,rating-breakdown,passes,passes,,,,Club Brugge KV,90.0,,59.5,26.2,66.3,36.6,True,rating-breakdown,True,59.5,26.2,66.3,36.6,pass,True,False,,
1153957,Aleksandar Stanković,14032384,rating-breakdown,passes,passes,,,,Club Brugge KV,90.0,,65.6,34.3,46.8,22.8,True,rating-breakdown,True,65.6,34.3,46.8,22.8,pass,True,False,,
1153957,Aleksandar Stanković,14032384,rating-breakdown,passes,passes,,,,Club Brugge KV,90.0,,66.2,82.6,60.4,92.6,True,rating-breakdown,True,66.2,82.6,60.4,92.6,pass,True,False,,
1153957,Aleksandar Stanković,14032384,rating-breakdown,passes,passes,,,,Club Brugge KV,90.0,,55.1,73.6,61.4,73.2,True,rating-breakdown,True,55.1,73.6,61.4,73.2,pass,True,False,,
1153957,Aleksandar Stanković,14032384,rating-breakdown,passes,passes,,,,Club Brugge KV,90.0,,59.2,17.9,57.6,10.2,True,rating-breakdown,True,59.2,17.9,57.6,10.2,pass,True,False,,
1153957,Aleksandar Stanković,14032384,rating-breakdown,passes,passes,,,,Club Brugge KV,90.0,,50.1,76,44.6,51.6,True,rating-breakdown,True,50.1,76,44.6,51.6,pass,True,False,,
1153957,Aleksandar Stanković,14032384,rating-breakdown,passes,passes,,,,Club Brugge KV,90.0,,76.5,32.8,92.4,32.6,True,rating-breakdown,True,76.5,32.8,92.4,32.6,pass,True,False,,
1153957,Aleksandar Stanković,14032384,rating-breakdown,passes,passes,,,,Club Brugge KV,90.0,,65.1,6.7,46.1,17.6,True,rating-breakdown,True,65.1,6.7,46.1,17.6,pass,True,False,,
1153957,Aleksandar Stanković,14032384,rating-breakdown,passes,passes,,,,Club Brugge KV,90.0,,64.1,38.6,40.7,43.1,True,rating-breakdown,True,64.1,38.6,40.7,43.1,pass,True,False,,
1153957,Aleksandar Stanković,14032384,rating-breakdown,passes,passes,,,,Club Brugge KV,90.0,,63.8,46,45,56.3,True,rating-breakdown,True,63.8,46,45,56.3,pass,True,False,,
1153957,Aleksandar Stanković,14032384,rating-breakdown,passes,passes,,,,Club Brugge KV,90.0,,75.5,68,63.3,66.3,True,rating-breakdown,True,75.5,68,63.3,66.3,pass,True,False,,
1153957,Aleksandar Stanković,14032384,rating-breakdown,passes,passes,,,,Club Brugge KV,90.0,,58.3,38.9,46.4,53.8,True,rating-breakdown,True,58.3,38.9,46.4,53.8,pass,True,False,,
1153957,Aleksandar Stanković,14032384,rating-breakdown,passes,passes,,,,Club Brugge KV,90.0,,45.8,71.2,20.3,62.1,True,rating-breakdown,True,45.8,71.2,20.3,62.1,pass,True,False,,
1153957,Aleksandar Stanković,14032384,rating-breakdown,passes,passes,,,,Club Brugge KV,90.0,,40.5,70.8,31.9,68.7,True,rating-breakdown,True,40.5,70.8,31.9,68.7,pass,True,False,,
1153957,Aleksandar Stanković,14032384,rating-breakdown,passes,passes,,,,Club Brugge KV,90.0,,38.3,65.5,27.8,66.1,True,rating-breakdown,True,38.3,65.5,27.8,66.1,pass,True,False,,
1153957,Aleksandar Stanković,14032384,rating-breakdown,passes,passes,,,,Club Brugge KV,90.0,,75.2,46,97.7,32.2,,rating-breakdown,True,75.2,46,97.7,32.2,pass,True,False,,
1153957,Aleksandar Stanković,14032384,rating-breakdown,passes,passes,,,,Club Brugge KV,90.0,,33.7,24,26,19.8,True,rating-breakdown,True,33.7,24,26,19.8,pass,True,False,,
1153957,Aleksandar Stanković,14032384,rating-breakdown,passes,passes,,,,Club Brugge KV,90.0,,33.6,22.1,31,30.5,True,rating-breakdown,True,33.6,22.1,31,30.5,pass,True,False,,
1153957,Aleksandar Stanković,14032384,rating-breakdown,passes,passes,,,,Club Brugge KV,90.0,,27.2,36,41.9,94.1,,rating-breakdown,True,27.2,36,41.9,94.1,pass,True,False,True,
1153957,Aleksandar Stanković,14032384,rating-breakdown,passes,passes,,,,Club Brugge KV,90.0,,28.2,41.1,34.5,14.5,True,rating-breakdown,True,28.2,41.1,34.5,14.5,pass,True,False,,
1153957,Aleksandar Stanković,14032384,rating-breakdown,passes,passes,,,,Club Brugge KV,90.0,,51.4,37.1,61.4,43.5,,rating-breakdown,True,51.4,37.1,61.4,43.5,pass,True,False,,
1153957,Aleksandar Stanković,14032384,rating-breakdown,passes,passes,,,,Club Brugge KV,90.0,,59.5,31.1,64.8,9.1,True,rating-breakdown,True,59.5,31.1,64.8,9.1,pass,True,False,,
1153957,Aleksandar Stanković,14032384,rating-breakdown,passes,passes,,,,Club Brugge KV,90.0,,73.2,36.7,82.4,37.6,True,rating-breakdown,True,73.2,36.7,82.4,37.6,pass,True,True,,
1153957,Aleksandar Stanković,14032384,rating-breakdown,passes,passes,,,,Club Brugge KV,90.0,,52.1,71.2,58.8,81.9,True,rating-breakdown,True,52.1,71.2,58.8,81.9,pass,True,False,,
1153957,Aleksandar Stanković,14032384,rating-breakdown,passes,passes,,,,Club Brugge KV,90.0,,61,50.7,56,31.1,True,rating-breakdown,True,61,50.7,56,31.1,pass,True,False,,
1153957,Aleksandar Stanković,14032384,rating-breakdown,passes,passes,,,,Club Brugge KV,90.0,,54.2,12.1,34,13.4,True,rating-breakdown,True,54.2,12.1,34,13.4,pass,True,False,,
1153957,Aleksandar Stanković,14032384,rating-breakdown,passes,passes,,,,Club Brugge KV,90.0,,61,35.8,68.6,49.7,,rating-breakdown,True,61,35.8,68.6,49.7,pass,True,False,,
1153957,Aleksandar Stanković,14032384,rating-breakdown,passes,passes,,,,Club Brugge KV,90.0,,39,67.6,31.9,83.9,True,rating-breakdown,True,39,67.6,31.9,83.9,pass,True,False,,
1153957,Aleksandar Stanković,14032384,rating-breakdown,passes,passes,,,,Club Brugge KV,90.0,,64.3,10.4,60.1,17.2,True,rating-breakdown,True,64.3,10.4,60.1,17.2,pass,True,False,,
1153957,Aleksandar Stanković,14032384,rating-breakdown,passes,passes,,,,Club Brugge KV,90.0,,83,36.9,86.9,36.6,True,rating-breakdown,True,83,36.9,86.9,36.6,pass,True,True,,
1153957,Aleksandar Stanković,14032384,rating-breakdown,passes,passes,,,,Club Brugge KV,90.0,,33.2,30.2,32.1,56.1,True,rating-breakdown,True,33.2,30.2,32.1,56.1,pass,True,False,,
1153957,Aleksandar Stanković,14032384,rating-breakdown,passes,passes,,,,Club Brugge KV,90.0,,36.5,35.6,30.8,59.9,True,rating-breakdown,True,36.5,35.6,30.8,59.9,pass,True,False,,
1153957,Aleksandar Stanković,14032384,rating-breakdown,passes,passes,,,,Club Brugge KV,90.0,,36.1,40.9,61.3,46.7,True,rating-breakdown,True,36.1,40.9,61.3,46.7,pass,True,False,,
1153957,Aleksandar Stanković,14032384,rating-breakdown,passes,passes,,,,Club Brugge KV,90.0,,60.6,32.8,43.7,30.5,True,rating-breakdown,True,60.6,32.8,43.7,30.5,pass,True,False,,
1153957,Aleksandar Stanković,14032384,rating-breakdown,passes,passes,,,,Club Brugge KV,90.0,,65,82.6,70.2,88.9,,rating-breakdown,True,65,82.6,70.2,88.9,pass,True,False,,
1153957,Aleksandar Stanković,14032384,rating-breakdown,ball-carries,ball-carries,,,,Club Brugge KV,90.0,,57.6,42.6,56,59.1,,rating-breakdown,True,57.6,42.6,56,59.1,ball-carry,True,,,
1153957,Aleksandar Stanković,14032384,rating-breakdown,ball-carries,ball-carries,,,,Club Brugge KV,90.0,,37.7,33.7,41.6,18.1,,rating-breakdown,True,37.7,33.7,41.6,18.1,ball-carry,True,,,
1153957,Aleksandar Stanković,14032384,rating-breakdown,ball-carries,ball-carries,,,,Club Brugge KV,90.0,,63.7,64,60.1,60.6,,rating-breakdown,True,63.7,64,60.1,60.6,ball-carry,True,,,
1153957,Aleksandar Stanković,14032384,rating-breakdown,ball-carries,ball-carries,,,,Club Brugge KV,90.0,,78.2,32.8,84.3,35.9,,rating-breakdown,True,78.2,32.8,84.3,35.9,ball-carry,True,,,
1153957,Aleksandar Stanković,14032384,rating-breakdown,ball-carries,ball-carries,,,,Club Brugge KV,90.0,,30.3,40.5,38.6,26.4,,rating-breakdown,True,30.3,40.5,38.6,26.4,ball-carry,True,,,
1153957,Aleksandar Stanković,14032384,rating-breakdown,ball-carries,ball-carries,,,,Club Brugge KV,90.0,,56.3,47.3,47.2,48.2,,rating-breakdown,True,56.3,47.3,47.2,48.2,ball-carry,True,,,
1153957,Aleksandar Stanković,14032384,rating-breakdown,ball-carries,ball-carries,,,,Club Brugge KV,90.0,,72.3,26.6,68.8,27.2,,rating-breakdown,True,72.3,26.6,68.8,27.2,ball-carry,True,,,
1153957,Aleksandar Stanković,14032384,rating-breakdown,ball-carries,ball-carries,,,,Club Brugge KV,90.0,,63.5,74.9,50.1,76,,rating-breakdown,True,63.5,74.9,50.1,76,ball-carry,True,,,
1153957,Aleksandar Stanković,14032384,rating-breakdown,ball-carries,ball-carries,,,,Club Brugge KV,90.0,,27.7,23.2,27.2,36,,rating-breakdown,True,27.7,23.2,27.2,36,ball-carry,True,,,
1153957,Aleksandar Stanković,14032384,rating-breakdown,ball-carries,ball-carries,,,,Club Brugge KV,90.0,,26.5,48.6,28.2,41.1,,rating-breakdown,True,26.5,48.6,28.2,41.1,ball-carry,True,,,
1153957,Aleksandar Stanković,14032384,rating-breakdown,ball-carries,ball-carries,,,,Club Brugge KV,90.0,,48,37.7,51.4,37.1,,rating-breakdown,True,48,37.7,51.4,37.1,ball-carry,True,,,
1153957,Aleksandar Stanković,14032384,rating-breakdown,ball-carries,ball-carries,,,,Club Brugge KV,90.0,,60.1,72.3,61,50.7,,rating-breakdown,True,60.1,72.3,61,50.7,ball-carry,True,,,
1153957,Aleksandar Stanković,14032384,rating-breakdown,ball-carries,ball-carries,,,,Club Brugge KV,90.0,,45.3,7,33.2,30.2,,rating-breakdown,True,45.3,7,33.2,30.2,ball-carry,True,,,
1153957,Aleksandar Stanković,14032384,rating-breakdown,ball-carries,ball-carries,,,,Club Brugge KV,90.0,,34.5,50.8,36.1,40.9,,rating-breakdown,True,34.5,50.8,36.1,40.9,ball-carry,True,,,
1153957,Aleksandar Stanković,14032384,rating-breakdown,defensive,defensive,,,,Club Brugge KV,90.0,,37,40.7,,,True,rating-breakdown,True,37,40.7,,,interception,True,False,,
1153957,Aleksandar Stanković,14032384,rating-breakdown,defensive,defensive,,,,Club Brugge KV,90.0,,8.5,45.1,24.5,59.9,True,rating-breakdown,True,8.5,45.1,24.5,59.9,clearance,True,False,,
1153957,Aleksandar Stanković,14032384,rating-breakdown,defensive,defensive,,,,Club Brugge KV,90.0,,12.1,66.8,13.6,83.4,True,rating-breakdown,True,12.1,66.8,13.6,83.4,clearance,True,False,,
1153957,Aleksandar Stanković,14032384,rating-breakdown,defensive,defensive,,,,Club Brugge KV,90.0,,27.5,68.9,54.3,40.3,True,rating-breakdown,True,27.5,68.9,54.3,40.3,clearance,True,False,,
1153957,Aleksandar Stanković,14032393,rating-breakdown,passes,passes,,,,Club Brugge KV,90.0,,40.5,63.2,45.7,58.7,,rating-breakdown,True,40.5,63.2,45.7,58.7,pass,False,False,,
1153957,Aleksandar Stanković,14032393,rating-breakdown,passes,passes,,,,Club Brugge KV,90.0,,29.9,72,18.3,82,True,rating-breakdown,True,29.9,72,18.3,82,pass,False,False,,
1153957,Aleksandar Stanković,14032393,rating-breakdown,passes,passes,,,,Club Brugge KV,90.0,,52.4,27.7,60.2,86.7,,rating-breakdown,True,52.4,27.7,60.2,86.7,pass,False,False,True,
1153957,Aleksandar Stanković,14032393,rating-breakdown,passes,passes,,,,Club Brugge KV,90.0,,36.1,36.3,38,76.2,True,rating-breakdown,True,36.1,36.3,38,76.2,pass,False,False,,
1153957,Aleksandar Stanković,14032393,rating-breakdown,passes,passes,,,,Club Brugge KV,90.0,,44.8,65.1,52.3,58.3,True,rating-breakdown,True,44.8,65.1,52.3,58.3,pass,False,False,,
1153957,Aleksandar Stanković,14032393,rating-breakdown,passes,passes,,,,Club Brugge KV,90.0,,69.8,84,59.5,84.1,True,rating-breakdown,True,69.8,84,59.5,84.1,pass,False,False,,
1153957,Aleksandar Stanković,14032393,rating-breakdown,passes,passes,,,,Club Brugge KV,90.0,,53.7,81,48.7,71.1,True,rating-breakdown,True,53.7,81,48.7,71.1,pass,False,False,,
1153957,Aleksandar Stanković,14032393,rating-breakdown,passes,passes,,,,Club Brugge KV,90.0,,29.8,13.6,26.4,4.5,True,rating-breakdown,True,29.8,13.6,26.4,4.5,pass,False,False,,
1153957,Aleksandar Stanković,14032393,rating-breakdown,passes,passes,,,,Club Brugge KV,90.0,,11,11.4,15.6,4.3,True,rating-breakdown,True,11,11.4,15.6,4.3,pass,False,False,,
1153957,Aleksandar Stanković,14032393,rating-breakdown,passes,passes,,,,Club Brugge KV,90.0,,31.5,50.2,73.5,23.4,True,rating-breakdown,True,31.5,50.2,73.5,23.4,pass,False,False,True,
1153957,Aleksandar Stanković,14032393,rating-breakdown,passes,passes,,,,Club Brugge KV,90.0,,52.4,63.9,46.5,73.5,True,rating-breakdown,True,52.4,63.9,46.5,73.5,pass,False,False,,
1153957,Aleksandar Stanković,14032393,rating-breakdown,passes,passes,,,,Club Brugge KV,90.0,,46.6,42.3,67.1,7.3,True,rating-breakdown,True,46.6,42.3,67.1,7.3,pass,False,False,True,
1153957,Aleksandar Stanković,14032393,rating-breakdown,passes,passes,,,,Club Brugge KV,90.0,,80.7,45.3,81.9,55.8,,rating-breakdown,True,80.7,45.3,81.9,55.8,pass,False,False,,
1153957,Aleksandar Stanković,14032393,rating-breakdown,passes,passes,,,,Club Brugge KV,90.0,,72.5,57.1,87.3,94.3,True,rating-breakdown,True,72.5,57.1,87.3,94.3,pass,False,False,,
1153957,Aleksandar Stanković,14032393,rating-breakdown,passes,passes,,,,Club Brugge KV,90.0,,45.7,40,47.9,49.8,True,rating-breakdown,True,45.7,40,47.9,49.8,pass,False,False,,
1153957,Aleksandar Stanković,14032393,rating-breakdown,passes,passes,,,,Club Brugge KV,90.0,,64.8,33.3,70.6,49.2,True,rating-breakdown,True,64.8,33.3,70.6,49.2,pass,False,False,,
1153957,Aleksandar Stanković,14032393,rating-breakdown,passes,passes,,,,Club Brugge KV,90.0,,47.2,49.6,54.9,62.7,,rating-breakdown,True,47.2,49.6,54.9,62.7,pass,False,False,,
1153957,Aleksandar Stanković,14032393,rating-breakdown,passes,passes,,,,Club Brugge KV,90.0,,20.2,15,14.7,6.7,True,rating-breakdown,True,20.2,15,14.7,6.7,pass,False,False,,
1153957,Aleksandar Stanković,14032393,rating-breakdown,passes,passes,,,,Club Brugge KV,90.0,,24.3,83.5,33.9,85.6,,rating-breakdown,True,24.3,83.5,33.9,85.6,pass,False,False,,
1153957,Aleksandar Stanković,14032393,rating-breakdown,passes,passes,,,,Club Brugge KV,90.0,,45,75.1,31.9,65.5,True,rating-breakdown,True,45,75.1,31.9,65.5,pass,False,False,,
1153957,Aleksandar Stanković,14032393,rating-breakdown,passes,passes,,,,Club Brugge KV,90.0,,52.6,35.5,48.1,25.8,True,rating-breakdown,True,52.6,35.5,48.1,25.8,pass,False,False,,
1153957,Aleksandar Stanković,14032393,rating-breakdown,passes,passes,,,,Club Brugge KV,90.0,,90.6,4.8,77.5,7.9,True,rating-breakdown,True,90.6,4.8,77.5,7.9,pass,False,False,,
1153957,Aleksandar Stanković,14032393,rating-breakdown,passes,passes,,,,Club Brugge KV,90.0,,39.6,2.2,15.8,2.7,True,rating-breakdown,True,39.6,2.2,15.8,2.7,pass,False,False,,
1153957,Aleksandar Stanković,14032393,rating-breakdown,passes,passes,,,,Club Brugge KV,90.0,,39.1,11.7,35.3,38.5,,rating-breakdown,True,39.1,11.7,35.3,38.5,pass,False,False,,
1153957,Aleksandar Stanković,14032393,rating-breakdown,passes,passes,,,,Club Brugge KV,90.0,,76.4,10.2,77,2.4,True,rating-breakdown,True,76.4,10.2,77,2.4,pass,False,False,,
1153957,Aleksandar Stanković,14032393,rating-breakdown,passes,passes,,,,Club Brugge KV,90.0,,83.6,4.9,87,12.4,,rating-breakdown,True,83.6,4.9,87,12.4,pass,False,False,,
1153957,Aleksandar Stanković,14032393,rating-breakdown,passes,passes,,,,Club Brugge KV,90.0,,64.7,15.6,61.8,5.1,True,rating-breakdown,True,64.7,15.6,61.8,5.1,pass,False,False,,
1153957,Aleksandar Stanković,14032393,rating-breakdown,passes,passes,,,,Club Brugge KV,90.0,,64.1,34.3,62,26.7,True,rating-breakdown,True,64.1,34.3,62,26.7,pass,False,False,,
1153957,Aleksandar Stanković,14032393,rating-breakdown,passes,passes,,,,Club Brugge KV,90.0,,71,48.1,69.3,67.3,True,rating-breakdown,True,71,48.1,69.3,67.3,pass,False,False,,
1153957,Aleksandar Stanković,14032393,rating-breakdown,passes,passes,,,,Club Brugge KV,90.0,,30.8,58.3,32.7,79.3,True,rating-breakdown,True,30.8,58.3,32.7,79.3,pass,False,False,,
1153957,Aleksandar Stanković,14032393,rating-breakdown,passes,passes,,,,Club Brugge KV,90.0,,26.9,67.8,34.7,25,True,rating-breakdown,True,26.9,67.8,34.7,25,pass,False,False,,
1153957,Aleksandar Stanković,14032393,rating-breakdown,passes,passes,,,,Club Brugge KV,90.0,,32.8,63.9,27.6,50.4,True,rating-breakdown,True,32.8,63.9,27.6,50.4,pass,False,False,,
1153957,Aleksandar Stanković,14032393,rating-breakdown,passes,passes,,,,Club Brugge KV,90.0,,30.2,76.5,33.4,60.7,True,rating-breakdown,True,30.2,76.5,33.4,60.7,pass,False,False,,
1153957,Aleksandar Stanković,14032393,rating-breakdown,passes,passes,,,,Club Brugge KV,90.0,,25.2,68.1,28.6,25.9,True,rating-breakdown,True,25.2,68.1,28.6,25.9,pass,False,False,,
1153957,Aleksandar Stanković,14032393,rating-breakdown,passes,passes,,,,Club Brugge KV,90.0,,55.7,76,74.6,4,True,rating-breakdown,True,55.7,76,74.6,4,pass,False,False,True,
1153957,Aleksandar Stanković,14032393,rating-breakdown,passes,passes,,,,Club Brugge KV,90.0,,29.5,44.4,32.2,30.7,True,rating-breakdown,True,29.5,44.4,32.2,30.7,pass,False,False,,
1153957,Aleksandar Stanković,14032393,rating-breakdown,passes,passes,,,,Club Brugge KV,90.0,,44.3,36.1,55.2,49.2,True,rating-breakdown,True,44.3,36.1,55.2,49.2,pass,False,False,,
1153957,Aleksandar Stanković,14032393,rating-breakdown,passes,passes,,,,Club Brugge KV,90.0,,35.6,80.2,29.6,76.8,True,rating-breakdown,True,35.6,80.2,29.6,76.8,pass,False,False,,
1153957,Aleksandar Stanković,14032393,rating-breakdown,passes,passes,,,,Club Brugge KV,90.0,,70.8,92.1,68.7,79.5,True,rating-breakdown,True,70.8,92.1,68.7,79.5,pass,False,False,,
1153957,Aleksandar Stanković,14032393,rating-breakdown,passes,passes,,,,Club Brugge KV,90.0,,65.3,68.4,57.3,43.9,True,rating-breakdown,True,65.3,68.4,57.3,43.9,pass,False,False,,
1153957,Aleksandar Stanković,14032393,rating-breakdown,passes,passes,,,,Club Brugge KV,90.0,,77.7,24.9,98.1,22.9,True,rating-breakdown,True,77.7,24.9,98.1,22.9,pass,False,False,,
1153957,Aleksandar Stanković,14032393,rating-breakdown,passes,passes,,,,Club Brugge KV,90.0,,58.4,65.8,68.6,57.6,True,rating-breakdown,True,58.4,65.8,68.6,57.6,pass,False,False,,
1153957,Aleksandar Stanković,14032393,rating-breakdown,passes,passes,,,,Club Brugge KV,90.0,,43.2,61.8,49,82.3,True,rating-breakdown,True,43.2,61.8,49,82.3,pass,False,False,,
1153957,Aleksandar Stanković,14032393,rating-breakdown,passes,passes,,,,Club Brugge KV,90.0,,75.2,43.8,74,35.7,True,rating-breakdown,True,75.2,43.8,74,35.7,pass,False,False,,
1153957,Aleksandar Stanković,14032393,rating-breakdown,passes,passes,,,,Club Brugge KV,90.0,,59,10.5,64.5,2.2,True,rating-breakdown,True,59,10.5,64.5,2.2,pass,False,False,,
1153957,Aleksandar Stanković,14032393,rating-breakdown,passes,passes,,,,Club Brugge KV,90.0,,36.9,48.7,48.2,64,True,rating-breakdown,True,36.9,48.7,48.2,64,pass,False,False,,
1153957,Aleksandar Stanković,14032393,rating-breakdown,passes,passes,,,,Club Brugge KV,90.0,,67.8,39,69.5,13.2,True,rating-breakdown,True,67.8,39,69.5,13.2,pass,False,False,,
1153957,Aleksandar Stanković,14032393,rating-breakdown,passes,passes,,,,Club Brugge KV,90.0,,78.2,56.8,90.2,58.5,,rating-breakdown,True,78.2,56.8,90.2,58.5,pass,False,False,,
1153957,Aleksandar Stanković,14032393,rating-breakdown,passes,passes,,,,Club Brugge KV,90.0,,1.1,81,2.6,83.1,,rating-breakdown,True,1.1,81,2.6,83.1,pass,False,False,True,
1153957,Aleksandar Stanković,14032393,rating-breakdown,passes,passes,,,,Club Brugge KV,90.0,,72.2,56.5,75.6,61.5,True,rating-breakdown,True,72.2,56.5,75.6,61.5,pass,False,False,,
1153957,Aleksandar Stanković,14032393,rating-breakdown,passes,passes,,,,Club Brugge KV,90.0,,75.2,63.9,80.6,62.8,True,rating-breakdown,True,75.2,63.9,80.6,62.8,pass,False,False,,
1153957,Aleksandar Stanković,14032393,rating-breakdown,passes,passes,,,,Club Brugge KV,90.0,,73.9,47.8,71.5,82.9,True,rating-breakdown,True,73.9,47.8,71.5,82.9,pass,False,False,,
1153957,Aleksandar Stanković,14032393,rating-breakdown,passes,passes,,,,Club Brugge KV,90.0,,37.6,55.6,53.7,66,True,rating-breakdown,True,37.6,55.6,53.7,66,pass,False,False,,
1153957,Aleksandar Stanković,14032393,rating-breakdown,passes,passes,,,,Club Brugge KV,90.0,,27.3,4.3,22.1,6.4,True,rating-breakdown,True,27.3,4.3,22.1,6.4,pass,False,False,,
1153957,Aleksandar Stanković,14032393,rating-breakdown,ball-carries,ball-carries,,,,Club Brugge KV,90.0,,44.7,21.6,52.4,27.7,,rating-breakdown,True,44.7,21.6,52.4,27.7,ball-carry,False,,,
1153957,Aleksandar Stanković,14032393,rating-breakdown,ball-carries,ball-carries,,,,Club Brugge KV,90.0,,41.9,8.5,36.1,36.3,,rating-breakdown,True,41.9,8.5,36.1,36.3,ball-carry,False,,,
1153957,Aleksandar Stanković,14032393,rating-breakdown,ball-carries,ball-carries,,,,Club Brugge KV,90.0,,23,31.8,16,37,,rating-breakdown,True,23,31.8,16,37,ball-carry,False,,,
1153957,Aleksandar Stanković,14032393,rating-breakdown,ball-carries,ball-carries,,,,Club Brugge KV,90.0,,83.8,38.2,80.7,45.3,,rating-breakdown,True,83.8,38.2,80.7,45.3,ball-carry,False,,,
1153957,Aleksandar Stanković,14032393,rating-breakdown,ball-carries,ball-carries,,,,Club Brugge KV,90.0,,52.8,49.5,45.7,40,,rating-breakdown,True,52.8,49.5,45.7,40,ball-carry,False,,,
1153957,Aleksandar Stanković,14032393,rating-breakdown,ball-carries,ball-carries,,,,Club Brugge KV,90.0,,68.9,31,64.8,33.3,,rating-breakdown,True,68.9,31,64.8,33.3,ball-carry,False,,,
1153957,Aleksandar Stanković,14032393,rating-breakdown,ball-carries,ball-carries,,,,Club Brugge KV,90.0,,46.2,68.4,45,75.1,,rating-breakdown,True,46.2,68.4,45,75.1,ball-carry,False,,,
1153957,Aleksandar Stanković,14032393,rating-breakdown,ball-carries,ball-carries,,,,Club Brugge KV,90.0,,42.9,6.6,39.6,2.2,,rating-breakdown,True,42.9,6.6,39.6,2.2,ball-carry,False,,,
1153957,Aleksandar Stanković,14032393,rating-breakdown,ball-carries,ball-carries,,,,Club Brugge KV,90.0,,30.3,86.2,30.2,76.5,,rating-breakdown,True,30.3,86.2,30.2,76.5,ball-carry,False,,,
1153957,Aleksandar Stanković,14032393,rating-breakdown,ball-carries,ball-carries,,,,Club Brugge KV,90.0,,26.5,75.7,25.2,68.1,,rating-breakdown,True,26.5,75.7,25.2,68.1,ball-carry,False,,,
1153957,Aleksandar Stanković,14032393,rating-breakdown,ball-carries,ball-carries,,,,Club Brugge KV,90.0,,39,26.7,44.3,36.1,,rating-breakdown,True,39,26.7,44.3,36.1,ball-carry,False,,,
1153957,Aleksandar Stanković,14032393,rating-breakdown,ball-carries,ball-carries,,,,Club Brugge KV,90.0,,35.1,68.7,35.6,80.2,,rating-breakdown,True,35.1,68.7,35.6,80.2,ball-carry,False,,,
1153957,Aleksandar Stanković,14032393,rating-breakdown,ball-carries,ball-carries,,,,Club Brugge KV,90.0,,61.4,84.9,70.8,92.1,,rating-breakdown,True,61.4,84.9,70.8,92.1,ball-carry,False,,,
1153957,Aleksandar Stanković,14032393,rating-breakdown,ball-carries,ball-carries,,,,Club Brugge KV,90.0,,70.5,88.9,65.3,68.4,,rating-breakdown,True,70.5,88.9,65.3,68.4,ball-carry,False,,,
1153957,Aleksandar Stanković,14032393,rating-breakdown,ball-carries,ball-carries,,,,Club Brugge KV,90.0,,39.8,62.4,43.2,61.8,,rating-breakdown,True,39.8,62.4,43.2,61.8,ball-carry,False,,,
1153957,Aleksandar Stanković,14032393,rating-breakdown,ball-carries,ball-carries,,,,Club Brugge KV,90.0,,31,58.5,36.9,48.7,,rating-breakdown,True,31,58.5,36.9,48.7,ball-carry,False,,,
1153957,Aleksandar Stanković,14032393,rating-breakdown,ball-carries,ball-carries,,,,Club Brugge KV,90.0,,70.9,48,67.8,39,,rating-breakdown,True,70.9,48,67.8,39,ball-carry,False,,,
1153957,Aleksandar Stanković,14032393,rating-breakdown,ball-carries,ball-carries,,,,Club Brugge KV,90.0,,6.5,59.1,1.1,81,,rating-breakdown,True,6.5,59.1,1.1,81,ball-carry,False,,,
1153957,Aleksandar Stanković,14032393,rating-breakdown,ball-carries,ball-carries,,,,Club Brugge KV,90.0,,73.1,60.9,75.2,63.9,,rating-breakdown,True,73.1,60.9,75.2,63.9,ball-carry,False,,,
1153957,Aleksandar Stanković,14032393,rating-breakdown,defensive,defensive,,,,Club Brugge KV,90.0,,40.1,64,,,True,rating-breakdown,True,40.1,64,,,ball-recovery,False,False,,
1153957,Aleksandar Stanković,14032393,rating-breakdown,defensive,defensive,,,,Club Brugge KV,90.0,,16,37,29.6,50.1,True,rating-breakdown,True,16,37,29.6,50.1,clearance,False,False,,
1153957,Aleksandar Stanković,14032393,rating-breakdown,defensive,defensive,,,,Club Brugge KV,90.0,,72.5,57.1,,,True,rating-breakdown,True,72.5,57.1,,,ball-recovery,False,False,,
1153957,Aleksandar Stanković,14032393,rating-breakdown,defensive,defensive,,,,Club Brugge KV,90.0,,67.5,22.6,,,True,rating-breakdown,True,67.5,22.6,,,tackle,False,False,,
1153957,Aleksandar Stanković,14032393,rating-breakdown,defensive,defensive,,,,Club Brugge KV,90.0,,8,10.3,,,,rating-breakdown,True,8,10.3,,,tackle,False,False,,
1153957,Aleksandar Stanković,14032393,rating-breakdown,defensive,defensive,,,,Club Brugge KV,90.0,,2.4,25.6,,,True,rating-breakdown,True,2.4,25.6,,,interception,False,False,,
1153957,Aleksandar Stanković,14032393,rating-breakdown,defensive,defensive,,,,Club Brugge KV,90.0,,35.1,68.7,,,True,rating-breakdown,True,35.1,68.7,,,ball-recovery,False,False,,
1153957,Aleksandar Stanković,14032393,rating-breakdown,defensive,defensive,,,,Club Brugge KV,90.0,,58.7,67.9,,,True,rating-breakdown,True,58.7,67.9,,,ball-recovery,False,False,,
1153957,Aleksandar Stanković,14032393,rating-breakdown,defensive,defensive,,,,Club Brugge KV,90.0,,6.5,59.1,,,True,rating-breakdown,True,6.5,59.1,,,ball-recovery,False,False,,
1153957,Aleksandar Stanković,14032402,rating-breakdown,passes,passes,,,,Club Brugge KV,90.0,,26.5,92.8,13.4,91.8,True,rating-breakdown,True,26.5,92.8,13.4,91.8,pass,True,False,,
1153957,Aleksandar Stanković,14032402,rating-breakdown,passes,passes,,,,Club Brugge KV,90.0,,49,84,33.8,75.8,True,rating-breakdown,True,49,84,33.8,75.8,pass,True,False,,
1153957,Aleksandar Stanković,14032402,rating-breakdown,passes,passes,,,,Club Brugge KV,90.0,,54.3,33.3,69.8,3.9,True,rating-breakdown,True,54.3,33.3,69.8,3.9,pass,True,False,,
1153957,Aleksandar Stanković,14032402,rating-breakdown,passes,passes,,,,Club Brugge KV,90.0,,80.1,33.3,94.2,12.1,True,rating-breakdown,True,80.1,33.3,94.2,12.1,pass,True,False,,
1153957,Aleksandar Stanković,14032402,rating-breakdown,passes,passes,,,,Club Brugge KV,90.0,,30.3,15.1,54.9,14.2,True,rating-breakdown,True,30.3,15.1,54.9,14.2,pass,True,False,,
1153957,Aleksandar Stanković,14032402,rating-breakdown,passes,passes,,,,Club Brugge KV,90.0,,68.4,42.4,60.2,55.5,True,rating-breakdown,True,68.4,42.4,60.2,55.5,pass,True,False,,
1153957,Aleksandar Stanković,14032402,rating-breakdown,passes,passes,,,,Club Brugge KV,90.0,,54.7,67,45.3,75.1,True,rating-breakdown,True,54.7,67,45.3,75.1,pass,True,False,,
1153957,Aleksandar Stanković,14032402,rating-breakdown,passes,passes,,,,Club Brugge KV,90.0,,76.5,48.3,81.9,59.7,True,rating-breakdown,True,76.5,48.3,81.9,59.7,pass,True,False,,
1153957,Aleksandar Stanković,14032402,rating-breakdown,passes,passes,,,,Club Brugge KV,90.0,,68.3,54.3,61.6,69.4,True,rating-breakdown,True,68.3,54.3,61.6,69.4,pass,True,False,,
1153957,Aleksandar Stanković,14032402,rating-breakdown,passes,passes,,,,Club Brugge KV,90.0,,63,54.3,62.2,40,True,rating-breakdown,True,63,54.3,62.2,40,pass,True,False,,
1153957,Aleksandar Stanković,14032402,rating-breakdown,passes,passes,,,,Club Brugge KV,90.0,,62.3,41.7,66.6,93.3,True,rating-breakdown,True,62.3,41.7,66.6,93.3,pass,True,False,True,
1153957,Aleksandar Stanković,14032402,rating-breakdown,passes,passes,,,,Club Brugge KV,90.0,,71.6,75.7,69,62.2,True,rating-breakdown,True,71.6,75.7,69,62.2,pass,True,False,,
1153957,Aleksandar Stanković,14032402,rating-breakdown,passes,passes,,,,Club Brugge KV,90.0,,75.5,65.2,81.2,47.4,True,rating-breakdown,True,75.5,65.2,81.2,47.4,pass,True,False,,
1153957,Aleksandar Stanković,14032402,rating-breakdown,passes,passes,,,,Club Brugge KV,90.0,,55.8,45.1,51.2,42.6,True,rating-breakdown,True,55.8,45.1,51.2,42.6,pass,True,False,,
1153957,Aleksandar Stanković,14032402,rating-breakdown,passes,passes,,,,Club Brugge KV,90.0,,42.2,74.2,37.9,76.8,True,rating-breakdown,True,42.2,74.2,37.9,76.8,pass,True,False,,
1153957,Aleksandar Stanković,14032402,rating-breakdown,passes,passes,,,,Club Brugge KV,90.0,,60.8,72.4,54.6,64.3,True,rating-breakdown,True,60.8,72.4,54.6,64.3,pass,True,False,,
1153957,Aleksandar Stanković,14032402,rating-breakdown,passes,passes,,,,Club Brugge KV,90.0,,85.2,39.9,85.8,42.3,,rating-breakdown,True,85.2,39.9,85.8,42.3,pass,True,False,,
1153957,Aleksandar Stanković,14032402,rating-breakdown,passes,passes,,,,Club Brugge KV,90.0,,81.2,42.7,84,55,True,rating-breakdown,True,81.2,42.7,84,55,pass,True,False,,
1153957,Aleksandar Stanković,14032402,rating-breakdown,passes,passes,,,,Club Brugge KV,90.0,,79.9,43.8,81.5,26.1,True,rating-breakdown,True,79.9,43.8,81.5,26.1,pass,True,False,,
1153957,Aleksandar Stanković,14032402,rating-breakdown,passes,passes,,,,Club Brugge KV,90.0,,90.2,66.7,95.3,54.2,,rating-breakdown,True,90.2,66.7,95.3,54.2,pass,True,False,,
1153957,Aleksandar Stanković,14032402,rating-breakdown,passes,passes,,,,Club Brugge KV,90.0,,68.1,25.9,80.8,13.5,True,rating-breakdown,True,68.1,25.9,80.8,13.5,pass,True,False,,
1153957,Aleksandar Stanković,14032402,rating-breakdown,passes,passes,,,,Club Brugge KV,90.0,,70.1,23.4,62.8,16.9,True,rating-breakdown,True,70.1,23.4,62.8,16.9,pass,True,False,,
1153957,Aleksandar Stanković,14032402,rating-breakdown,passes,passes,,,,Club Brugge KV,90.0,,46.5,38.8,40.1,64.3,True,rating-breakdown,True,46.5,38.8,40.1,64.3,pass,True,False,,
1153957,Aleksandar Stanković,14032402,rating-breakdown,passes,passes,,,,Club Brugge KV,90.0,,61.6,59.5,64.2,86.1,True,rating-breakdown,True,61.6,59.5,64.2,86.1,pass,True,False,,
1153957,Aleksandar Stanković,14032402,rating-breakdown,passes,passes,,,,Club Brugge KV,90.0,,45.5,72.4,55.7,63.7,True,rating-breakdown,True,45.5,72.4,55.7,63.7,pass,True,False,,
1153957,Aleksandar Stanković,14032402,rating-breakdown,passes,passes,,,,Club Brugge KV,90.0,,25.6,48.9,21,74.1,True,rating-breakdown,True,25.6,48.9,21,74.1,pass,True,False,,
1153957,Aleksandar Stanković,14032402,rating-breakdown,passes,passes,,,,Club Brugge KV,90.0,,44.3,66.9,47.1,47.1,True,rating-breakdown,True,44.3,66.9,47.1,47.1,pass,True,False,,
1153957,Aleksandar Stanković,14032402,rating-breakdown,passes,passes,,,,Club Brugge KV,90.0,,74.8,54.8,77.2,51.1,,rating-breakdown,True,74.8,54.8,77.2,51.1,pass,True,False,,
1153957,Aleksandar Stanković,14032402,rating-breakdown,passes,passes,,,,Club Brugge KV,90.0,,34.4,52.9,28,67.5,True,rating-breakdown,True,34.4,52.9,28,67.5,pass,True,False,,
1153957,Aleksandar Stanković,14032402,rating-breakdown,passes,passes,,,,Club Brugge KV,90.0,,32.2,15.3,26.5,26.4,True,rating-breakdown,True,32.2,15.3,26.5,26.4,pass,True,False,,
1153957,Aleksandar Stanković,14032402,rating-breakdown,passes,passes,,,,Club Brugge KV,90.0,,72.6,11.2,78.2,3.9,True,rating-breakdown,True,72.6,11.2,78.2,3.9,pass,True,False,,
1153957,Aleksandar Stanković,14032402,rating-breakdown,passes,passes,,,,Club Brugge KV,90.0,,29.7,9.1,41.7,11.7,,rating-breakdown,True,29.7,9.1,41.7,11.7,pass,True,False,True,
1153957,Aleksandar Stanković,14032402,rating-breakdown,passes,passes,,,,Club Brugge KV,90.0,,80.6,43.8,88.4,53.5,,rating-breakdown,True,80.6,43.8,88.4,53.5,pass,True,False,,
1153957,Aleksandar Stanković,14032402,rating-breakdown,passes,passes,,,,Club Brugge KV,90.0,,76.7,36.1,80.8,15.3,True,rating-breakdown,True,76.7,36.1,80.8,15.3,pass,True,False,,
1153957,Aleksandar Stanković,14032402,rating-breakdown,passes,passes,,,,Club Brugge KV,90.0,,96.9,22.6,95.6,26.1,,rating-breakdown,True,96.9,22.6,95.6,26.1,cross,True,False,,
1153957,Aleksandar Stanković,14032402,rating-breakdown,passes,passes,,,,Club Brugge KV,90.0,,60.2,85.5,55.8,73.8,True,rating-breakdown,True,60.2,85.5,55.8,73.8,pass,True,False,,
1153957,Aleksandar Stanković,14032402,rating-breakdown,passes,passes,,,,Club Brugge KV,90.0,,68,71.2,63.5,72.1,True,rating-breakdown,True,68,71.2,63.5,72.1,pass,True,False,,
1153957,Aleksandar Stanković,14032402,rating-breakdown,passes,passes,,,,Club Brugge KV,90.0,,66.6,78.4,63.4,73.9,True,rating-breakdown,True,66.6,78.4,63.4,73.9,pass,True,False,,
1153957,Aleksandar Stanković,14032402,rating-breakdown,passes,passes,,,,Club Brugge KV,90.0,,37.6,23.5,79.6,9.9,True,rating-breakdown,True,37.6,23.5,79.6,9.9,pass,True,True,True,
1153957,Aleksandar Stanković,14032402,rating-breakdown,passes,passes,,,,Club Brugge KV,90.0,,75.8,14.8,74.8,4.2,True,rating-breakdown,True,75.8,14.8,74.8,4.2,pass,True,False,,
1153957,Aleksandar Stanković,14032402,rating-breakdown,passes,passes,,,,Club Brugge KV,90.0,,67.4,75.9,71.4,92.1,True,rating-breakdown,True,67.4,75.9,71.4,92.1,pass,True,False,,
1153957,Aleksandar Stanković,14032402,rating-breakdown,passes,passes,,,,Club Brugge KV,90.0,,35.7,30.1,26.1,31.3,True,rating-breakdown,True,35.7,30.1,26.1,31.3,pass,True,False,,
1153957,Aleksandar Stanković,14032402,rating-breakdown,passes,passes,,,,Club Brugge KV,90.0,,55.2,26.1,60.7,11.5,True,rating-breakdown,True,55.2,26.1,60.7,11.5,pass,True,False,,
1153957,Aleksandar Stanković,14032402,rating-breakdown,passes,passes,,,,Club Brugge KV,90.0,,56.1,26.8,56.3,29.4,True,rating-breakdown,True,56.1,26.8,56.3,29.4,pass,True,False,,
1153957,Aleksandar Stanković,14032402,rating-breakdown,passes,passes,,,,Club Brugge KV,90.0,,21.8,54.6,35.3,27.7,True,rating-breakdown,True,21.8,54.6,35.3,27.7,pass,True,False,,
1153957,Aleksandar Stanković,14032402,rating-breakdown,passes,passes,,,,Club Brugge KV,90.0,,59.9,5.5,53.3,16.8,True,rating-breakdown,True,59.9,5.5,53.3,16.8,pass,True,False,,
1153957,Aleksandar Stanković,14032402,rating-breakdown,passes,passes,,,,Club Brugge KV,90.0,,63.9,38.1,69.2,57.6,True,rating-breakdown,True,63.9,38.1,69.2,57.6,pass,True,False,,
1153957,Aleksandar Stanković,14032402,rating-breakdown,passes,passes,,,,Club Brugge KV,90.0,,67.9,69.3,64.4,83.5,True,rating-breakdown,True,67.9,69.3,64.4,83.5,pass,True,False,,
1153957,Aleksandar Stanković,14032402,rating-breakdown,passes,passes,,,,Club Brugge KV,90.0,,57.7,34,45.8,42.4,True,rating-breakdown,True,57.7,34,45.8,42.4,pass,True,False,,
1153957,Aleksandar Stanković,14032402,rating-breakdown,passes,passes,,,,Club Brugge KV,90.0,,59.2,82.8,56.8,71.7,True,rating-breakdown,True,59.2,82.8,56.8,71.7,pass,True,False,,
1153957,Aleksandar Stanković,14032402,rating-breakdown,passes,passes,,,,Club Brugge KV,90.0,,59.6,86.7,66.1,89.8,True,rating-breakdown,True,59.6,86.7,66.1,89.8,pass,True,False,,
1153957,Aleksandar Stanković,14032402,rating-breakdown,passes,passes,,,,Club Brugge KV,90.0,,58.7,87.6,45.1,74.8,True,rating-breakdown,True,58.7,87.6,45.1,74.8,pass,True,False,,
1153957,Aleksandar Stanković,14032402,rating-breakdown,passes,passes,,,,Club Brugge KV,90.0,,57.7,85.6,45.3,74.2,True,rating-breakdown,True,57.7,85.6,45.3,74.2,pass,True,False,,
1153957,Aleksandar Stanković,14032402,rating-breakdown,passes,passes,,,,Club Brugge KV,90.0,,60.3,14.5,62.3,8.7,True,rating-breakdown,True,60.3,14.5,62.3,8.7,pass,True,False,,
1153957,Aleksandar Stanković,14032402,rating-breakdown,passes,passes,,,,Club Brugge KV,90.0,,58.2,9.3,62.4,13.6,True,rating-breakdown,True,58.2,9.3,62.4,13.6,pass,True,False,,
1153957,Aleksandar Stanković,14032402,rating-breakdown,passes,passes,,,,Club Brugge KV,90.0,,68.8,10.8,74.4,15.9,True,rating-breakdown,True,68.8,10.8,74.4,15.9,pass,True,False,,
1153957,Aleksandar Stanković,14032402,rating-breakdown,passes,passes,,,,Club Brugge KV,90.0,,51.9,39.1,47.4,55.5,True,rating-breakdown,True,51.9,39.1,47.4,55.5,pass,True,False,,
1153957,Aleksandar Stanković,14032402,rating-breakdown,passes,passes,,,,Club Brugge KV,90.0,,62.2,52.6,59.8,64.8,True,rating-breakdown,True,62.2,52.6,59.8,64.8,pass,True,False,,
1153957,Aleksandar Stanković,14032402,rating-breakdown,passes,passes,,,,Club Brugge KV,90.0,,76.8,33.7,88.7,29.7,True,rating-breakdown,True,76.8,33.7,88.7,29.7,pass,True,False,,
1153957,Aleksandar Stanković,14032402,rating-breakdown,passes,passes,,,,Club Brugge KV,90.0,,72,25,82.7,11.4,True,rating-breakdown,True,72,25,82.7,11.4,pass,True,False,,
1153957,Aleksandar Stanković,14032402,rating-breakdown,passes,passes,,,,Club Brugge KV,90.0,,79.2,23.1,89.3,46.6,True,rating-breakdown,True,79.2,23.1,89.3,46.6,cross,True,False,,
1153957,Aleksandar Stanković,14032402,rating-breakdown,passes,passes,,,,Club Brugge KV,90.0,,61.3,26.8,72.5,25.6,,rating-breakdown,True,61.3,26.8,72.5,25.6,pass,True,False,,
1153957,Aleksandar Stanković,14032402,rating-breakdown,passes,passes,,,,Club Brugge KV,90.0,,60.5,25.3,76.5,16.5,,rating-breakdown,True,60.5,25.3,76.5,16.5,pass,True,False,,
1153957,Aleksandar Stanković,14032402,rating-breakdown,passes,passes,,,,Club Brugge KV,90.0,,44.7,47.2,63.7,33.7,True,rating-breakdown,True,44.7,47.2,63.7,33.7,pass,True,True,,
1153957,Aleksandar Stanković,14032402,rating-breakdown,ball-carries,ball-carries,,,,Club Brugge KV,90.0,,52.3,83.2,49,84,,rating-breakdown,True,52.3,83.2,49,84,ball-carry,True,,,
1153957,Aleksandar Stanković,14032402,rating-breakdown,ball-carries,ball-carries,,,,Club Brugge KV,90.0,,47.4,40,54.3,33.3,,rating-breakdown,True,47.4,40,54.3,33.3,ball-carry,True,,,
1153957,Aleksandar Stanković,14032402,rating-breakdown,ball-carries,ball-carries,,,,Club Brugge KV,90.0,,32.6,27.4,30.3,15.1,,rating-breakdown,True,32.6,27.4,30.3,15.1,ball-carry,True,,,
1153957,Aleksandar Stanković,14032402,rating-breakdown,ball-carries,ball-carries,,,,Club Brugge KV,90.0,,24,36.1,20.5,40.9,,rating-breakdown,True,24,36.1,20.5,40.9,ball-carry,True,,,
1153957,Aleksandar Stanković,14032402,rating-breakdown,ball-carries,ball-carries,,,,Club Brugge KV,90.0,,60.9,25.9,68.4,42.4,,rating-breakdown,True,60.9,25.9,68.4,42.4,ball-carry,True,,,
1153957,Aleksandar Stanković,14032402,rating-breakdown,ball-carries,ball-carries,,,,Club Brugge KV,90.0,,54.7,30.1,62.3,41.7,,rating-breakdown,True,54.7,30.1,62.3,41.7,ball-carry,True,,,
1153957,Aleksandar Stanković,14032402,rating-breakdown,ball-carries,ball-carries,,,,Club Brugge KV,90.0,,87.5,45.6,85.2,39.9,,rating-breakdown,True,87.5,45.6,85.2,39.9,ball-carry,True,,,
1153957,Aleksandar Stanković,14032402,rating-breakdown,ball-carries,ball-carries,,,,Club Brugge KV,90.0,,60.6,31.6,68.1,25.9,,rating-breakdown,True,60.6,31.6,68.1,25.9,ball-carry,True,,,
1153957,Aleksandar Stanković,14032402,rating-breakdown,ball-carries,ball-carries,,,,Club Brugge KV,90.0,,62.4,53.7,61.6,59.5,,rating-breakdown,True,62.4,53.7,61.6,59.5,ball-carry,True,,,
1153957,Aleksandar Stanković,14032402,rating-breakdown,ball-carries,ball-carries,,,,Club Brugge KV,90.0,,45.1,66.9,45.5,72.4,,rating-breakdown,True,45.1,66.9,45.5,72.4,ball-carry,True,,,
1153957,Aleksandar Stanković,14032402,rating-breakdown,ball-carries,ball-carries,,,,Club Brugge KV,90.0,,28,54,25.6,48.9,,rating-breakdown,True,28,54,25.6,48.9,ball-carry,True,,,
1153957,Aleksandar Stanković,14032402,rating-breakdown,ball-carries,ball-carries,,,,Club Brugge KV,90.0,,71.8,20.1,72.6,11.2,,rating-breakdown,True,71.8,20.1,72.6,11.2,ball-carry,True,,,
1153957,Aleksandar Stanković,14032402,rating-breakdown,ball-carries,ball-carries,,,,Club Brugge KV,90.0,,35.7,15.1,39.2,11,,rating-breakdown,True,35.7,15.1,39.2,11,ball-carry,True,,,
1153957,Aleksandar Stanković,14032402,rating-breakdown,ball-carries,ball-carries,,,,Club Brugge KV,90.0,,90.1,24.1,96.9,22.6,,rating-breakdown,True,90.1,24.1,96.9,22.6,ball-carry,True,,,
1153957,Aleksandar Stanković,14032402,rating-breakdown,ball-carries,ball-carries,,,,Club Brugge KV,90.0,,38.6,36.7,37.6,23.5,,rating-breakdown,True,38.6,36.7,37.6,23.5,ball-carry,True,,,
1153957,Aleksandar Stanković,14032402,rating-breakdown,ball-carries,ball-carries,,,,Club Brugge KV,90.0,,64.3,34.5,75.8,14.8,,rating-breakdown,True,64.3,34.5,75.8,14.8,ball-carry,True,,,
1153957,Aleksandar Stanković,14032402,rating-breakdown,ball-carries,ball-carries,,,,Club Brugge KV,90.0,,69.1,64.5,67.4,75.9,,rating-breakdown,True,69.1,64.5,67.4,75.9,ball-carry,True,,,
1153957,Aleksandar Stanković,14032402,rating-breakdown,ball-carries,ball-carries,,,,Club Brugge KV,90.0,,68.2,4.8,61.8,4.4,,rating-breakdown,True,68.2,4.8,61.8,4.4,ball-carry,True,,,
1153957,Aleksandar Stanković,14032402,rating-breakdown,ball-carries,ball-carries,,,,Club Brugge KV,90.0,,56.5,56.4,63.9,38.1,,rating-breakdown,True,56.5,56.4,63.9,38.1,ball-carry,True,,,
1153957,Aleksandar Stanković,14032402,rating-breakdown,ball-carries,ball-carries,,,,Club Brugge KV,90.0,,59.3,68.8,59.2,82.8,,rating-breakdown,True,59.3,68.8,59.2,82.8,ball-carry,True,,,
1153957,Aleksandar Stanković,14032402,rating-breakdown,ball-carries,ball-carries,,,,Club Brugge KV,90.0,,65,8.8,68.8,10.8,,rating-breakdown,True,65,8.8,68.8,10.8,ball-carry,True,,,
1153957,Aleksandar Stanković,14032402,rating-breakdown,ball-carries,ball-carries,,,,Club Brugge KV,90.0,,44.3,31.6,51.9,39.1,,rating-breakdown,True,44.3,31.6,51.9,39.1,ball-carry,True,,,
1153957,Aleksandar Stanković,14032402,rating-breakdown,dribbles,dribbles,,,,Club Brugge KV,90.0,,62.5,4.4,,,True,rating-breakdown,True,62.5,4.4,,,dribble,True,False,,
1153957,Aleksandar Stanković,14032402,rating-breakdown,defensive,defensive,,,,Club Brugge KV,90.0,,31.3,27.3,,,True,rating-breakdown,True,31.3,27.3,,,interception,True,False,,
1153957,Aleksandar Stanković,14032402,rating-breakdown,defensive,defensive,,,,Club Brugge KV,90.0,,32.6,27.4,,,True,rating-breakdown,True,32.6,27.4,,,ball-recovery,True,False,,
1153957,Aleksandar Stanković,14032402,rating-breakdown,defensive,defensive,,,,Club Brugge KV,90.0,,21,41.9,,,True,rating-breakdown,True,21,41.9,,,block,True,False,,
1153957,Aleksandar Stanković,14032402,rating-breakdown,defensive,defensive,,,,Club Brugge KV,90.0,,73.5,57.4,,,True,rating-breakdown,True,73.5,57.4,,,interception,True,False,,
1153957,Aleksandar Stanković,14032402,rating-breakdown,defensive,defensive,,,,Club Brugge KV,90.0,,36.4,17,,,True,rating-breakdown,True,36.4,17,,,tackle,True,False,,
1153957,Aleksandar Stanković,14032402,rating-breakdown,defensive,defensive,,,,Club Brugge KV,90.0,,27.3,6.8,,,True,rating-breakdown,True,27.3,6.8,,,interception,True,False,,
1153957,Aleksandar Stanković,14032402,rating-breakdown,defensive,defensive,,,,Club Brugge KV,90.0,,13.7,11.6,,,True,rating-breakdown,True,13.7,11.6,,,interception,True,False,,
1153957,Aleksandar Stanković,14032402,rating-breakdown,defensive,defensive,,,,Club Brugge KV,90.0,,16.7,32.3,,,True,rating-breakdown,True,16.7,32.3,,,block,True,False,,
1153957,Aleksandar Stanković,14032402,rating-breakdown,defensive,defensive,,,,Club Brugge KV,90.0,,21.8,54.6,,,True,rating-breakdown,True,21.8,54.6,,,ball-recovery,True,False,,
1153957,Aleksandar Stanković,14032402,rating-breakdown,defensive,defensive,,,,Club Brugge KV,90.0,,59.3,68.8,,,True,rating-breakdown,True,59.3,68.8,,,ball-recovery,True,False,,
1153957,Aleksandar Stanković,14032405,rating-breakdown,passes,passes,,,,Club Brugge KV,90.0,,30.8,11.7,26.8,4.3,True,rating-breakdown,True,30.8,11.7,26.8,4.3,pass,False,False,,
1153957,Aleksandar Stanković,14032405,rating-breakdown,passes,passes,,,,Club Brugge KV,90.0,,83.7,10.6,95,8.3,True,rating-breakdown,True,83.7,10.6,95,8.3,pass,False,False,,
1153957,Aleksandar Stanković,14032405,rating-breakdown,passes,passes,,,,Club Brugge KV,90.0,,84.2,29.1,81.6,37.8,,rating-breakdown,True,84.2,29.1,81.6,37.8,pass,False,False,,
1153957,Aleksandar Stanković,14032405,rating-breakdown,passes,passes,,,,Club Brugge KV,90.0,,16.8,45,24.4,64.4,True,rating-breakdown,True,16.8,45,24.4,64.4,pass,False,False,,
1153957,Aleksandar Stanković,14032405,rating-breakdown,passes,passes,,,,Club Brugge KV,90.0,,18.2,53.4,21.1,87.2,True,rating-breakdown,True,18.2,53.4,21.1,87.2,pass,False,False,,
1153957,Aleksandar Stanković,14032405,rating-breakdown,passes,passes,,,,Club Brugge KV,90.0,,34.5,66.7,23.6,55.7,True,rating-breakdown,True,34.5,66.7,23.6,55.7,pass,False,False,,
1153957,Aleksandar Stanković,14032405,rating-breakdown,passes,passes,,,,Club Brugge KV,90.0,,46,34,35,44.2,True,rating-breakdown,True,46,34,35,44.2,pass,False,False,,
1153957,Aleksandar Stanković,14032405,rating-breakdown,passes,passes,,,,Club Brugge KV,90.0,,61.7,3.1,70.1,30.9,,rating-breakdown,True,61.7,3.1,70.1,30.9,pass,False,False,,
1153957,Aleksandar Stanković,14032405,rating-breakdown,passes,passes,,,,Club Brugge KV,90.0,,34.3,42.7,28.2,50.1,True,rating-breakdown,True,34.3,42.7,28.2,50.1,pass,False,False,,
1153957,Aleksandar Stanković,14032405,rating-breakdown,passes,passes,,,,Club Brugge KV,90.0,,32.3,23.5,24.5,43.8,True,rating-breakdown,True,32.3,23.5,24.5,43.8,pass,False,False,,
1153957,Aleksandar Stanković,14032405,rating-breakdown,passes,passes,,,,Club Brugge KV,90.0,,30.5,35.6,33.8,9.9,True,rating-breakdown,True,30.5,35.6,33.8,9.9,pass,False,False,,
1153957,Aleksandar Stanković,14032405,rating-breakdown,passes,passes,,,,Club Brugge KV,90.0,,48.3,4.6,78.7,22.7,,rating-breakdown,True,48.3,4.6,78.7,22.7,pass,False,False,True,
1153957,Aleksandar Stanković,14032405,rating-breakdown,passes,passes,,,,Club Brugge KV,90.0,,66,16.8,80.2,3.1,True,rating-breakdown,True,66,16.8,80.2,3.1,pass,False,False,,
1153957,Aleksandar Stanković,14032405,rating-breakdown,passes,passes,,,,Club Brugge KV,90.0,,26.5,13.3,39.6,9.2,,rating-breakdown,True,26.5,13.3,39.6,9.2,pass,False,False,True,
1153957,Aleksandar Stanković,14032405,rating-breakdown,passes,passes,,,,Club Brugge KV,90.0,,26.4,66.7,35.2,18.2,True,rating-breakdown,True,26.4,66.7,35.2,18.2,pass,False,False,True,
1153957,Aleksandar Stanković,14032405,rating-breakdown,passes,passes,,,,Club Brugge KV,90.0,,37.6,61.1,47.5,84.5,True,rating-breakdown,True,37.6,61.1,47.5,84.5,pass,False,False,,
1153957,Aleksandar Stanković,14032405,rating-breakdown,passes,passes,,,,Club Brugge KV,90.0,,53.6,79.3,52.3,59.9,True,rating-breakdown,True,53.6,79.3,52.3,59.9,pass,False,False,,
1153957,Aleksandar Stanković,14032405,rating-breakdown,passes,passes,,,,Club Brugge KV,90.0,,43,62.4,36.8,72.2,True,rating-breakdown,True,43,62.4,36.8,72.2,pass,False,False,,
1153957,Aleksandar Stanković,14032405,rating-breakdown,passes,passes,,,,Club Brugge KV,90.0,,53.6,49.6,25.9,45.7,True,rating-breakdown,True,53.6,49.6,25.9,45.7,pass,False,False,,
1153957,Aleksandar Stanković,14032405,rating-breakdown,passes,passes,,,,Club Brugge KV,90.0,,61.1,23.5,83.3,21.9,,rating-breakdown,True,61.1,23.5,83.3,21.9,pass,False,False,,
1153957,Aleksandar Stanković,14032405,rating-breakdown,passes,passes,,,,Club Brugge KV,90.0,,78.6,7.4,95.3,4.9,True,rating-breakdown,True,78.6,7.4,95.3,4.9,pass,False,False,,
1153957,Aleksandar Stanković,14032405,rating-breakdown,passes,passes,,,,Club Brugge KV,90.0,,44,48.5,41,75.4,True,rating-breakdown,True,44,48.5,41,75.4,pass,False,False,,
1153957,Aleksandar Stanković,14032405,rating-breakdown,passes,passes,,,,Club Brugge KV,90.0,,36.3,10.3,8.6,17.9,True,rating-breakdown,True,36.3,10.3,8.6,17.9,pass,False,False,,
1153957,Aleksandar Stanković,14032405,rating-breakdown,passes,passes,,,,Club Brugge KV,90.0,,75.7,36.7,73.2,51,True,rating-breakdown,True,75.7,36.7,73.2,51,pass,False,False,,
1153957,Aleksandar Stanković,14032405,rating-breakdown,passes,passes,,,,Club Brugge KV,90.0,,39.4,47,33.6,51.3,True,rating-breakdown,True,39.4,47,33.6,51.3,pass,False,False,,
1153957,Aleksandar Stanković,14032405,rating-breakdown,passes,passes,,,,Club Brugge KV,90.0,,46.8,29.1,82.7,68.2,,rating-breakdown,True,46.8,29.1,82.7,68.2,pass,False,False,True,
1153957,Aleksandar Stanković,14032405,rating-breakdown,passes,passes,,,,Club Brugge KV,90.0,,34.6,22.7,25.4,34.5,True,rating-breakdown,True,34.6,22.7,25.4,34.5,pass,False,False,,
1153957,Aleksandar Stanković,14032405,rating-breakdown,passes,passes,,,,Club Brugge KV,90.0,,76.4,59.5,81.2,51.1,True,rating-breakdown,True,76.4,59.5,81.2,51.1,pass,False,False,,
1153957,Aleksandar Stanković,14032405,rating-breakdown,passes,passes,,,,Club Brugge KV,90.0,,30.4,20.9,35.8,28.6,True,rating-breakdown,True,30.4,20.9,35.8,28.6,pass,False,False,,
1153957,Aleksandar Stanković,14032405,rating-breakdown,passes,passes,,,,Club Brugge KV,90.0,,79.8,27.1,67.1,26.5,True,rating-breakdown,True,79.8,27.1,67.1,26.5,pass,False,False,,
1153957,Aleksandar Stanković,14032405,rating-breakdown,passes,passes,,,,Club Brugge KV,90.0,,56.4,15.5,60.1,4.7,True,rating-breakdown,True,56.4,15.5,60.1,4.7,pass,False,False,,
1153957,Aleksandar Stanković,14032405,rating-breakdown,passes,passes,,,,Club Brugge KV,90.0,,69,7.3,71.7,10.7,,rating-breakdown,True,69,7.3,71.7,10.7,pass,False,False,,
1153957,Aleksandar Stanković,14032405,rating-breakdown,passes,passes,,,,Club Brugge KV,90.0,,27.4,22.2,28.1,23.7,,rating-breakdown,True,27.4,22.2,28.1,23.7,pass,False,False,,
1153957,Aleksandar Stanković,14032405,rating-breakdown,passes,passes,,,,Club Brugge KV,90.0,,42.2,38.3,34.2,24.9,True,rating-breakdown,True,42.2,38.3,34.2,24.9,pass,False,False,,
1153957,Aleksandar Stanković,14032405,rating-breakdown,passes,passes,,,,Club Brugge KV,90.0,,40.2,5.6,75.9,70.7,,rating-breakdown,True,40.2,5.6,75.9,70.7,pass,False,False,True,
1153957,Aleksandar Stanković,14032405,rating-breakdown,passes,passes,,,,Club Brugge KV,90.0,,36.6,45.7,50.1,47.5,True,rating-breakdown,True,36.6,45.7,50.1,47.5,pass,False,False,,
1153957,Aleksandar Stanković,14032405,rating-breakdown,passes,passes,,,,Club Brugge KV,90.0,,25,6.8,28.8,4.6,,rating-breakdown,True,25,6.8,28.8,4.6,pass,False,False,,
1153957,Aleksandar Stanković,14032405,rating-breakdown,passes,passes,,,,Club Brugge KV,90.0,,12.9,5,14.9,3.1,,rating-breakdown,True,12.9,5,14.9,3.1,pass,False,False,True,
1153957,Aleksandar Stanković,14032405,rating-breakdown,passes,passes,,,,Club Brugge KV,90.0,,78.2,15.6,85.2,26.8,True,rating-breakdown,True,78.2,15.6,85.2,26.8,pass,False,False,,
1153957,Aleksandar Stanković,14032405,rating-breakdown,passes,passes,,,,Club Brugge KV,90.0,,74.8,31.8,71.4,40.3,True,rating-breakdown,True,74.8,31.8,71.4,40.3,pass,False,False,,
1153957,Aleksandar Stanković,14032405,rating-breakdown,passes,passes,,,,Club Brugge KV,90.0,,44.3,56.4,45.4,4.4,True,rating-breakdown,True,44.3,56.4,45.4,4.4,pass,False,False,True,
1153957,Aleksandar Stanković,14032405,rating-breakdown,passes,passes,,,,Club Brugge KV,90.0,,31,69,41,61.8,True,rating-breakdown,True,31,69,41,61.8,pass,False,False,,
1153957,Aleksandar Stanković,14032405,rating-breakdown,passes,passes,,,,Club Brugge KV,90.0,,62.8,60.6,72.5,58.5,True,rating-breakdown,True,62.8,60.6,72.5,58.5,pass,False,False,,
1153957,Aleksandar Stanković,14032405,rating-breakdown,passes,passes,,,,Club Brugge KV,90.0,,93,68.3,92.9,66,,rating-breakdown,True,93,68.3,92.9,66,pass,False,False,,
1153957,Aleksandar Stanković,14032405,rating-breakdown,passes,passes,,,,Club Brugge KV,90.0,,58.8,21.8,61.6,4.6,True,rating-breakdown,True,58.8,21.8,61.6,4.6,pass,False,False,,
1153957,Aleksandar Stanković,14032405,rating-breakdown,passes,passes,,,,Club Brugge KV,90.0,,55.3,64.3,68.6,60.9,True,rating-breakdown,True,55.3,64.3,68.6,60.9,pass,False,False,,
1153957,Aleksandar Stanković,14032405,rating-breakdown,passes,passes,,,,Club Brugge KV,90.0,,20.5,18.4,43.9,28.9,,rating-breakdown,True,20.5,18.4,43.9,28.9,pass,False,False,True,
1153957,Aleksandar Stanković,14032405,rating-breakdown,passes,passes,,,,Club Brugge KV,90.0,,23.3,33.7,55.4,27.4,,rating-breakdown,True,23.3,33.7,55.4,27.4,pass,False,False,True,
1153957,Aleksandar Stanković,14032405,rating-breakdown,passes,passes,,,,Club Brugge KV,90.0,,8,10.1,18.1,4.1,,rating-breakdown,True,8,10.1,18.1,4.1,pass,False,False,True,
1153957,Aleksandar Stanković,14032405,rating-breakdown,passes,passes,,,,Club Brugge KV,90.0,,12.6,7.9,68.4,32.8,,rating-breakdown,True,12.6,7.9,68.4,32.8,pass,False,False,True,
1153957,Aleksandar Stanković,14032405,rating-breakdown,ball-carries,ball-carries,,,,Club Brugge KV,90.0,,37.8,11.3,30.8,11.7,,rating-breakdown,True,37.8,11.3,30.8,11.7,ball-carry,False,,,
1153957,Aleksandar Stanković,14032405,rating-breakdown,ball-carries,ball-carries,,,,Club Brugge KV,90.0,,72.4,11.7,83.7,10.6,,rating-breakdown,True,72.4,11.7,83.7,10.6,ball-carry,False,,,
1153957,Aleksandar Stanković,14032405,rating-breakdown,ball-carries,ball-carries,,,,Club Brugge KV,90.0,,18,52.1,16.8,45,,rating-breakdown,True,18,52.1,16.8,45,ball-carry,False,,,
1153957,Aleksandar Stanković,14032405,rating-breakdown,ball-carries,ball-carries,,,,Club Brugge KV,90.0,,18.5,47.9,18.2,53.4,,rating-breakdown,True,18.5,47.9,18.2,53.4,ball-carry,False,,,
1153957,Aleksandar Stanković,14032405,rating-breakdown,ball-carries,ball-carries,,,,Club Brugge KV,90.0,,38,41.2,34.3,42.7,,rating-breakdown,True,38,41.2,34.3,42.7,ball-carry,False,,,
1153957,Aleksandar Stanković,14032405,rating-breakdown,ball-carries,ball-carries,,,,Club Brugge KV,90.0,,30.1,20.3,32.3,23.5,,rating-breakdown,True,30.1,20.3,32.3,23.5,ball-carry,False,,,
1153957,Aleksandar Stanković,14032405,rating-breakdown,ball-carries,ball-carries,,,,Club Brugge KV,90.0,,47.2,12.1,48.3,4.6,,rating-breakdown,True,47.2,12.1,48.3,4.6,ball-carry,False,,,
1153957,Aleksandar Stanković,14032405,rating-breakdown,ball-carries,ball-carries,,,,Club Brugge KV,90.0,,55.6,15.5,66.4,20.3,,rating-breakdown,True,55.6,15.5,66.4,20.3,ball-carry,False,,,
1153957,Aleksandar Stanković,14032405,rating-breakdown,ball-carries,ball-carries,,,,Club Brugge KV,90.0,,45.8,49.3,37.6,61.1,,rating-breakdown,True,45.8,49.3,37.6,61.1,ball-carry,False,,,
1153957,Aleksandar Stanković,14032405,rating-breakdown,ball-carries,ball-carries,,,,Club Brugge KV,90.0,,52.1,88,53.6,79.3,,rating-breakdown,True,52.1,88,53.6,79.3,ball-carry,False,,,
1153957,Aleksandar Stanković,14032405,rating-breakdown,ball-carries,ball-carries,,,,Club Brugge KV,90.0,,58,18.6,61.1,23.5,,rating-breakdown,True,58,18.6,61.1,23.5,ball-carry,False,,,
1153957,Aleksandar Stanković,14032405,rating-breakdown,ball-carries,ball-carries,,,,Club Brugge KV,90.0,,38.9,18.3,36.3,10.3,,rating-breakdown,True,38.9,18.3,36.3,10.3,ball-carry,False,,,
1153957,Aleksandar Stanković,14032405,rating-breakdown,ball-carries,ball-carries,,,,Club Brugge KV,90.0,,76.9,30.7,75.7,36.7,,rating-breakdown,True,76.9,30.7,75.7,36.7,ball-carry,False,,,
1153957,Aleksandar Stanković,14032405,rating-breakdown,ball-carries,ball-carries,,,,Club Brugge KV,90.0,,45.4,38.6,46.8,29.1,,rating-breakdown,True,45.4,38.6,46.8,29.1,ball-carry,False,,,
1153957,Aleksandar Stanković,14032405,rating-breakdown,ball-carries,ball-carries,,,,Club Brugge KV,90.0,,36.8,3.2,40.2,5.6,,rating-breakdown,True,36.8,3.2,40.2,5.6,ball-carry,False,,,
1153957,Aleksandar Stanković,14032405,rating-breakdown,ball-carries,ball-carries,,,,Club Brugge KV,90.0,,27.1,20,25,6.8,,rating-breakdown,True,27.1,20,25,6.8,ball-carry,False,,,
1153957,Aleksandar Stanković,14032405,rating-breakdown,ball-carries,ball-carries,,,,Club Brugge KV,90.0,,41.3,60.8,44.3,56.4,,rating-breakdown,True,41.3,60.8,44.3,56.4,ball-carry,False,,,
1153957,Aleksandar Stanković,14032405,rating-breakdown,ball-carries,ball-carries,,,,Club Brugge KV,90.0,,41.5,17.7,20.5,18.4,,rating-breakdown,True,41.5,17.7,20.5,18.4,ball-carry,False,,,
1153957,Aleksandar Stanković,14032405,rating-breakdown,defensive,defensive,,,,Club Brugge KV,90.0,,18,52.1,,,True,rating-breakdown,True,18,52.1,,,ball-recovery,False,False,,
1153957,Aleksandar Stanković,14032405,rating-breakdown,defensive,defensive,,,,Club Brugge KV,90.0,,53.6,49.6,,,True,rating-breakdown,True,53.6,49.6,,,ball-recovery,False,False,,
1153957,Aleksandar Stanković,14032405,rating-breakdown,defensive,defensive,,,,Club Brugge KV,90.0,,22.4,15.7,,,True,rating-breakdown,True,22.4,15.7,,,interception,False,False,,
1153957,Aleksandar Stanković,14032405,rating-breakdown,defensive,defensive,,,,Club Brugge KV,90.0,,30.4,20.9,,,True,rating-breakdown,True,30.4,20.9,,,ball-recovery,False,False,,
1153957,Aleksandar Stanković,14032405,rating-breakdown,defensive,defensive,,,,Club Brugge KV,90.0,,56.4,15.5,,,True,rating-breakdown,True,56.4,15.5,,,ball-recovery,False,False,,
1153957,Aleksandar Stanković,14032405,rating-breakdown,defensive,defensive,,,,Club Brugge KV,90.0,,17.9,6.2,,,True,rating-breakdown,True,17.9,6.2,,,ball-recovery,False,False,,
1153957,Aleksandar Stanković,14032405,rating-breakdown,defensive,defensive,,,,Club Brugge KV,90.0,,62.8,60.6,,,True,rating-breakdown,True,62.8,60.6,,,ball-recovery,False,False,,
1153957,Aleksandar Stanković,14032405,rating-breakdown,defensive,defensive,,,,Club Brugge KV,90.0,,12,65.4,29.8,88.7,True,rating-breakdown,True,12,65.4,29.8,88.7,clearance,False,False,,
1153957,Aleksandar Stanković,14032405,rating-breakdown,defensive,defensive,,,,Club Brugge KV,90.0,,26.2,67,48.6,84.7,True,rating-breakdown,True,26.2,67,48.6,84.7,clearance,False,False,,
1153957,Aleksandar Stanković,14032405,rating-breakdown,defensive,defensive,,,,Club Brugge KV,90.0,,11.4,40,13.5,0,True,rating-breakdown,True,11.4,40,13.5,0,clearance,False,False,,
1153957,Aleksandar Stanković,14032418,rating-breakdown,passes,passes,,,,Club Brugge KV,34.0,,66.7,44.2,79.1,19.7,True,rating-breakdown,True,66.7,44.2,79.1,19.7,pass,True,False,,
1153957,Aleksandar Stanković,14032418,rating-breakdown,passes,passes,,,,Club Brugge KV,34.0,,67.6,9.7,63.4,24.7,True,rating-breakdown,True,67.6,9.7,63.4,24.7,pass,True,False,,
1153957,Aleksandar Stanković,14032418,rating-breakdown,passes,passes,,,,Club Brugge KV,34.0,,46,42.7,39.3,15.6,True,rating-breakdown,True,46,42.7,39.3,15.6,pass,True,False,,
1153957,Aleksandar Stanković,14032418,rating-breakdown,passes,passes,,,,Club Brugge KV,34.0,,66.8,42.1,60.5,56.9,True,rating-breakdown,True,66.8,42.1,60.5,56.9,pass,True,False,,
1153957,Aleksandar Stanković,14032418,rating-breakdown,passes,passes,,,,Club Brugge KV,34.0,,44.4,32.2,40,5.2,True,rating-breakdown,True,44.4,32.2,40,5.2,pass,True,False,,
1153957,Aleksandar Stanković,14032418,rating-breakdown,passes,passes,,,,Club Brugge KV,34.0,,61.1,55.2,67.7,65.8,,rating-breakdown,True,61.1,55.2,67.7,65.8,pass,True,False,,
1153957,Aleksandar Stanković,14032418,rating-breakdown,passes,passes,,,,Club Brugge KV,34.0,,67.1,57,81,86.9,True,rating-breakdown,True,67.1,57,81,86.9,pass,True,False,,
1153957,Aleksandar Stanković,14032418,rating-breakdown,passes,passes,,,,Club Brugge KV,34.0,,67.4,46.7,59.8,31.5,True,rating-breakdown,True,67.4,46.7,59.8,31.5,pass,True,False,,
1153957,Aleksandar Stanković,14032418,rating-breakdown,passes,passes,,,,Club Brugge KV,34.0,,78.2,19.9,91,46.4,,rating-breakdown,True,78.2,19.9,91,46.4,cross,True,False,,
1153957,Aleksandar Stanković,14032418,rating-breakdown,passes,passes,,,,Club Brugge KV,34.0,,61.7,67.2,38,66.1,True,rating-breakdown,True,61.7,67.2,38,66.1,pass,True,False,,
1153957,Aleksandar Stanković,14032418,rating-breakdown,passes,passes,,,,Club Brugge KV,34.0,,71.4,38.3,80.1,61.4,,rating-breakdown,True,71.4,38.3,80.1,61.4,pass,True,False,,
1153957,Aleksandar Stanković,14032418,rating-breakdown,passes,passes,,,,Club Brugge KV,34.0,,67.7,50.4,62.6,29.8,True,rating-breakdown,True,67.7,50.4,62.6,29.8,pass,True,False,,
1153957,Aleksandar Stanković,14032418,rating-breakdown,passes,passes,,,,Club Brugge KV,34.0,,68.2,48.9,80.3,50.1,True,rating-breakdown,True,68.2,48.9,80.3,50.1,pass,True,False,,
1153957,Aleksandar Stanković,14032418,rating-breakdown,passes,passes,,,,Club Brugge KV,34.0,,87.7,12.9,89.4,18.2,,rating-breakdown,True,87.7,12.9,89.4,18.2,cross,True,False,,
1153957,Aleksandar Stanković,14032418,rating-breakdown,ball-carries,ball-carries,,,,Club Brugge KV,34.0,,63,57.8,66.7,44.2,,rating-breakdown,True,63,57.8,66.7,44.2,ball-carry,True,,,
1153957,Aleksandar Stanković,14032418,rating-breakdown,ball-carries,ball-carries,,,,Club Brugge KV,34.0,,64.6,8.8,67.6,9.7,,rating-breakdown,True,64.6,8.8,67.6,9.7,ball-carry,True,,,
1153957,Aleksandar Stanković,14032418,rating-breakdown,ball-carries,ball-carries,,,,Club Brugge KV,34.0,,70.6,58.7,72.8,53.6,,rating-breakdown,True,70.6,58.7,72.8,53.6,ball-carry,True,,,
1153957,Aleksandar Stanković,14032418,rating-breakdown,ball-carries,ball-carries,,,,Club Brugge KV,34.0,,39.1,66.1,48.9,38.8,,rating-breakdown,True,39.1,66.1,48.9,38.8,ball-carry,True,,,
1153957,Aleksandar Stanković,14032418,rating-breakdown,ball-carries,ball-carries,,,,Club Brugge KV,34.0,,85.8,62.6,87.8,58.5,,rating-breakdown,True,85.8,62.6,87.8,58.5,ball-carry,True,,,
1153957,Aleksandar Stanković,14032418,rating-breakdown,ball-carries,ball-carries,,,,Club Brugge KV,34.0,,39.5,39.5,44.4,32.2,,rating-breakdown,True,39.5,39.5,44.4,32.2,ball-carry,True,,,
1153957,Aleksandar Stanković,14032418,rating-breakdown,ball-carries,ball-carries,,,,Club Brugge KV,34.0,,69.1,50.4,67.4,46.7,,rating-breakdown,True,69.1,50.4,67.4,46.7,ball-carry,True,,,
1153957,Aleksandar Stanković,14032418,rating-breakdown,ball-carries,ball-carries,,,,Club Brugge KV,34.0,,62.2,23.6,71.5,20.9,,rating-breakdown,True,62.2,23.6,71.5,20.9,ball-carry,True,,,
1153957,Aleksandar Stanković,14032418,rating-breakdown,defensive,defensive,,,,Club Brugge KV,34.0,,39.1,66.1,,,True,rating-breakdown,True,39.1,66.1,,,ball-recovery,True,False,,
1153957,Aleksandar Stanković,14032418,rating-breakdown,defensive,defensive,,,,Club Brugge KV,34.0,,15.2,35.5,,,True,rating-breakdown,True,15.2,35.5,,,interception,True,False,,
1153957,Aleksandar Stanković,14032418,rating-breakdown,defensive,defensive,,,,Club Brugge KV,34.0,,61.7,67.2,,,True,rating-breakdown,True,61.7,67.2,,,ball-recovery,True,False,,
1153957,Aleksandar Stanković,14032418,rating-breakdown,defensive,defensive,,,,Club Brugge KV,34.0,,7.5,63.7,11.1,100,True,rating-breakdown,True,7.5,63.7,11.1,100,clearance,True,False,,
1153957,Aleksandar Stanković,14032351,rating-breakdown,passes,passes,,,,Club Brugge KV,90.0,,64.4,8.2,69.4,14.7,True,rating-breakdown,True,64.4,8.2,69.4,14.7,pass,False,False,,
1153957,Aleksandar Stanković,14032351,rating-breakdown,passes,passes,,,,Club Brugge KV,90.0,,34.8,73.2,21.5,74.7,True,rating-breakdown,True,34.8,73.2,21.5,74.7,pass,False,False,,
1153957,Aleksandar Stanković,14032351,rating-breakdown,passes,passes,,,,Club Brugge KV,90.0,,37.2,56.8,11.2,57.9,True,rating-breakdown,True,37.2,56.8,11.2,57.9,pass,False,False,,
1153957,Aleksandar Stanković,14032351,rating-breakdown,passes,passes,,,,Club Brugge KV,90.0,,42,40.3,38.6,56.5,True,rating-breakdown,True,42,40.3,38.6,56.5,pass,False,False,,
1153957,Aleksandar Stanković,14032351,rating-breakdown,passes,passes,,,,Club Brugge KV,90.0,,40.6,44.5,40.3,65.1,True,rating-breakdown,True,40.6,44.5,40.3,65.1,pass,False,False,,
1153957,Aleksandar Stanković,14032351,rating-breakdown,passes,passes,,,,Club Brugge KV,90.0,,24.7,58.5,23.8,74.4,True,rating-breakdown,True,24.7,58.5,23.8,74.4,pass,False,False,,
1153957,Aleksandar Stanković,14032351,rating-breakdown,passes,passes,,,,Club Brugge KV,90.0,,59.4,12.4,39.1,30.9,True,rating-breakdown,True,59.4,12.4,39.1,30.9,pass,False,False,,
1153957,Aleksandar Stanković,14032351,rating-breakdown,passes,passes,,,,Club Brugge KV,90.0,,78.4,8.4,73.1,5.7,True,rating-breakdown,True,78.4,8.4,73.1,5.7,pass,False,False,,
1153957,Aleksandar Stanković,14032351,rating-breakdown,passes,passes,,,,Club Brugge KV,90.0,,68.7,14.2,68,35.1,True,rating-breakdown,True,68.7,14.2,68,35.1,pass,False,False,,
1153957,Aleksandar Stanković,14032351,rating-breakdown,passes,passes,,,,Club Brugge KV,90.0,,44.5,29.7,44.2,36.9,True,rating-breakdown,True,44.5,29.7,44.2,36.9,pass,False,False,,
1153957,Aleksandar Stanković,14032351,rating-breakdown,passes,passes,,,,Club Brugge KV,90.0,,44.6,43.9,38.7,32.1,True,rating-breakdown,True,44.6,43.9,38.7,32.1,pass,False,False,,
1153957,Aleksandar Stanković,14032351,rating-breakdown,passes,passes,,,,Club Brugge KV,90.0,,60.8,42.4,64,36.3,True,rating-breakdown,True,60.8,42.4,64,36.3,pass,False,False,,
1153957,Aleksandar Stanković,14032351,rating-breakdown,passes,passes,,,,Club Brugge KV,90.0,,34.9,55.8,60.7,22.3,,rating-breakdown,True,34.9,55.8,60.7,22.3,pass,False,False,True,
1153957,Aleksandar Stanković,14032351,rating-breakdown,passes,passes,,,,Club Brugge KV,90.0,,54.3,54.1,44.3,68.7,True,rating-breakdown,True,54.3,54.1,44.3,68.7,pass,False,False,,
1153957,Aleksandar Stanković,14032351,rating-breakdown,passes,passes,,,,Club Brugge KV,90.0,,58.2,45,87.1,73.2,True,rating-breakdown,True,58.2,45,87.1,73.2,pass,False,False,True,
1153957,Aleksandar Stanković,14032351,rating-breakdown,passes,passes,,,,Club Brugge KV,90.0,,36.2,44.5,37.3,32.4,True,rating-breakdown,True,36.2,44.5,37.3,32.4,pass,False,False,,
1153957,Aleksandar Stanković,14032351,rating-breakdown,passes,passes,,,,Club Brugge KV,90.0,,41.2,35.7,39.2,29.2,True,rating-breakdown,True,41.2,35.7,39.2,29.2,pass,False,False,,
1153957,Aleksandar Stanković,14032351,rating-breakdown,passes,passes,,,,Club Brugge KV,90.0,,42.2,24.9,44.5,27.6,True,rating-breakdown,True,42.2,24.9,44.5,27.6,pass,False,False,,
1153957,Aleksandar Stanković,14032351,rating-breakdown,passes,passes,,,,Club Brugge KV,90.0,,61.3,42.9,55.8,16.9,True,rating-breakdown,True,61.3,42.9,55.8,16.9,pass,False,False,,
1153957,Aleksandar Stanković,14032351,rating-breakdown,passes,passes,,,,Club Brugge KV,90.0,,76.5,19.2,94.5,27,,rating-breakdown,True,76.5,19.2,94.5,27,pass,False,False,,
1153957,Aleksandar Stanković,14032351,rating-breakdown,passes,passes,,,,Club Brugge KV,90.0,,35.2,67.2,35.4,73.6,True,rating-breakdown,True,35.2,67.2,35.4,73.6,pass,False,False,,
1153957,Aleksandar Stanković,14032351,rating-breakdown,passes,passes,,,,Club Brugge KV,90.0,,40.9,66.3,45.3,69,True,rating-breakdown,True,40.9,66.3,45.3,69,pass,False,False,,
1153957,Aleksandar Stanković,14032351,rating-breakdown,passes,passes,,,,Club Brugge KV,90.0,,45.9,59.8,58.2,43.8,True,rating-breakdown,True,45.9,59.8,58.2,43.8,pass,False,False,,
1153957,Aleksandar Stanković,14032351,rating-breakdown,passes,passes,,,,Club Brugge KV,90.0,,80.8,8.8,88.4,8.2,True,rating-breakdown,True,80.8,8.8,88.4,8.2,pass,False,False,,
1153957,Aleksandar Stanković,14032351,rating-breakdown,passes,passes,,,,Club Brugge KV,90.0,,79.9,1.6,78.5,6.9,True,rating-breakdown,True,79.9,1.6,78.5,6.9,pass,False,False,,
1153957,Aleksandar Stanković,14032351,rating-breakdown,passes,passes,,,,Club Brugge KV,90.0,,80.7,3.7,89.7,49.3,,rating-breakdown,True,80.7,3.7,89.7,49.3,cross,False,False,True,
1153957,Aleksandar Stanković,14032351,rating-breakdown,passes,passes,,,,Club Brugge KV,90.0,,31.2,44.4,32,41.5,,rating-breakdown,True,31.2,44.4,32,41.5,pass,False,False,,
1153957,Aleksandar Stanković,14032351,rating-breakdown,passes,passes,,,,Club Brugge KV,90.0,,36.8,25,47.9,27.3,True,rating-breakdown,True,36.8,25,47.9,27.3,pass,False,False,True,
1153957,Aleksandar Stanković,14032351,rating-breakdown,passes,passes,,,,Club Brugge KV,90.0,,70.6,41.7,92.5,27.3,True,rating-breakdown,True,70.6,41.7,92.5,27.3,pass,False,False,,
1153957,Aleksandar Stanković,14032351,rating-breakdown,passes,passes,,,,Club Brugge KV,90.0,,45.8,34.5,54.9,37.3,,rating-breakdown,True,45.8,34.5,54.9,37.3,pass,False,False,,
1153957,Aleksandar Stanković,14032351,rating-breakdown,passes,passes,,,,Club Brugge KV,90.0,,75.7,13.6,80.5,6.7,True,rating-breakdown,True,75.7,13.6,80.5,6.7,pass,False,False,,
1153957,Aleksandar Stanković,14032351,rating-breakdown,passes,passes,,,,Club Brugge KV,90.0,,75.7,24.3,78,23.8,,rating-breakdown,True,75.7,24.3,78,23.8,pass,False,False,,
1153957,Aleksandar Stanković,14032351,rating-breakdown,passes,passes,,,,Club Brugge KV,90.0,,93.6,33.6,89.5,42.7,,rating-breakdown,True,93.6,33.6,89.5,42.7,pass,False,False,,
1153957,Aleksandar Stanković,14032351,rating-breakdown,passes,passes,,,,Club Brugge KV,90.0,,31.7,29.5,38.4,36.9,,rating-breakdown,True,31.7,29.5,38.4,36.9,pass,False,False,,
1153957,Aleksandar Stanković,14032351,rating-breakdown,passes,passes,,,,Club Brugge KV,90.0,,41.8,14.2,55.3,32.7,,rating-breakdown,True,41.8,14.2,55.3,32.7,pass,False,False,,
1153957,Aleksandar Stanković,14032351,rating-breakdown,passes,passes,,,,Club Brugge KV,90.0,,33.9,11.4,34.7,39,True,rating-breakdown,True,33.9,11.4,34.7,39,pass,False,False,,
1153957,Aleksandar Stanković,14032351,rating-breakdown,passes,passes,,,,Club Brugge KV,90.0,,78.2,12.9,72.6,30,True,rating-breakdown,True,78.2,12.9,72.6,30,pass,False,False,,
1153957,Aleksandar Stanković,14032351,rating-breakdown,passes,passes,,,,Club Brugge KV,90.0,,43.8,18,61.9,89.1,True,rating-breakdown,True,43.8,18,61.9,89.1,pass,False,False,True,
1153957,Aleksandar Stanković,14032351,rating-breakdown,passes,passes,,,,Club Brugge KV,90.0,,74.8,76.5,76,96,True,rating-breakdown,True,74.8,76.5,76,96,pass,False,False,,
1153957,Aleksandar Stanković,14032351,rating-breakdown,passes,passes,,,,Club Brugge KV,90.0,,68.4,17.7,75.3,57.6,,rating-breakdown,True,68.4,17.7,75.3,57.6,pass,False,False,,
1153957,Aleksandar Stanković,14032351,rating-breakdown,passes,passes,,,,Club Brugge KV,90.0,,76.2,45.4,74,59.7,True,rating-breakdown,True,76.2,45.4,74,59.7,pass,False,False,,
1153957,Aleksandar Stanković,14032351,rating-breakdown,passes,passes,,,,Club Brugge KV,90.0,,61.4,26.2,61.3,8.5,True,rating-breakdown,True,61.4,26.2,61.3,8.5,pass,False,False,,
1153957,Aleksandar Stanković,14032351,rating-breakdown,passes,passes,,,,Club Brugge KV,90.0,,54.9,15.6,51.6,28,True,rating-breakdown,True,54.9,15.6,51.6,28,pass,False,False,,
1153957,Aleksandar Stanković,14032351,rating-breakdown,passes,passes,,,,Club Brugge KV,90.0,,41.5,30.1,53.7,37.2,True,rating-breakdown,True,41.5,30.1,53.7,37.2,pass,False,False,,
1153957,Aleksandar Stanković,14032351,rating-breakdown,passes,passes,,,,Club Brugge KV,90.0,,79.3,17.4,78,26.4,True,rating-breakdown,True,79.3,17.4,78,26.4,pass,False,False,,
1153957,Aleksandar Stanković,14032351,rating-breakdown,passes,passes,,,,Club Brugge KV,90.0,,80.1,17.2,88.9,53.2,,rating-breakdown,True,80.1,17.2,88.9,53.2,cross,False,False,,
1153957,Aleksandar Stanković,14032351,rating-breakdown,passes,passes,,,,Club Brugge KV,90.0,,77,28.6,77.8,14.4,True,rating-breakdown,True,77,28.6,77.8,14.4,pass,False,False,,
1153957,Aleksandar Stanković,14032351,rating-breakdown,passes,passes,,,,Club Brugge KV,90.0,,87.1,10.5,83.7,18.4,True,rating-breakdown,True,87.1,10.5,83.7,18.4,pass,False,False,,
1153957,Aleksandar Stanković,14032351,rating-breakdown,passes,passes,,,,Club Brugge KV,90.0,,42.3,28.8,46.4,44.4,True,rating-breakdown,True,42.3,28.8,46.4,44.4,pass,False,False,,
1153957,Aleksandar Stanković,14032351,rating-breakdown,passes,passes,,,,Club Brugge KV,90.0,,77,33.3,74.2,35.4,True,rating-breakdown,True,77,33.3,74.2,35.4,pass,False,True,,
1153957,Aleksandar Stanković,14032351,rating-breakdown,passes,passes,,,,Club Brugge KV,90.0,,26.3,9.7,57.7,8.4,,rating-breakdown,True,26.3,9.7,57.7,8.4,pass,False,False,True,
1153957,Aleksandar Stanković,14032351,rating-breakdown,passes,passes,,,,Club Brugge KV,90.0,,47.4,33.3,45.9,26.2,True,rating-breakdown,True,47.4,33.3,45.9,26.2,pass,False,False,,
1153957,Aleksandar Stanković,14032351,rating-breakdown,passes,passes,,,,Club Brugge KV,90.0,,66.5,39.3,74.1,12,True,rating-breakdown,True,66.5,39.3,74.1,12,pass,False,False,,
1153957,Aleksandar Stanković,14032351,rating-breakdown,passes,passes,,,,Club Brugge KV,90.0,,55.9,70.9,57.8,81.6,True,rating-breakdown,True,55.9,70.9,57.8,81.6,pass,False,False,,
1153957,Aleksandar Stanković,14032351,rating-breakdown,ball-carries,ball-carries,,,,Club Brugge KV,90.0,,57.8,16.8,59.4,12.4,,rating-breakdown,True,57.8,16.8,59.4,12.4,ball-carry,False,,,
1153957,Aleksandar Stanković,14032351,rating-breakdown,ball-carries,ball-carries,,,,Club Brugge KV,90.0,,80.4,15.9,78.4,8.4,,rating-breakdown,True,80.4,15.9,78.4,8.4,ball-carry,False,,,
1153957,Aleksandar Stanković,14032351,rating-breakdown,ball-carries,ball-carries,,,,Club Brugge KV,90.0,,64,36.3,42.1,48.8,,rating-breakdown,True,64,36.3,42.1,48.8,ball-carry,False,,,
1153957,Aleksandar Stanković,14032351,rating-breakdown,ball-carries,ball-carries,,,,Club Brugge KV,90.0,,53.3,41.7,54.3,54.1,,rating-breakdown,True,53.3,41.7,54.3,54.1,ball-carry,False,,,
1153957,Aleksandar Stanković,14032351,rating-breakdown,ball-carries,ball-carries,,,,Club Brugge KV,90.0,,34.3,69.9,40.9,66.3,,rating-breakdown,True,34.3,69.9,40.9,66.3,ball-carry,False,,,
1153957,Aleksandar Stanković,14032351,rating-breakdown,ball-carries,ball-carries,,,,Club Brugge KV,90.0,,78,11.4,79.9,1.6,,rating-breakdown,True,78,11.4,79.9,1.6,ball-carry,False,,,
1153957,Aleksandar Stanković,14032351,rating-breakdown,ball-carries,ball-carries,,,,Club Brugge KV,90.0,,36,36.1,31.2,44.4,,rating-breakdown,True,36,36.1,31.2,44.4,ball-carry,False,,,
1153957,Aleksandar Stanković,14032351,rating-breakdown,ball-carries,ball-carries,,,,Club Brugge KV,90.0,,33.9,11.4,37.2,24.8,,rating-breakdown,True,33.9,11.4,37.2,24.8,ball-carry,False,,,
1153957,Aleksandar Stanković,14032351,rating-breakdown,ball-carries,ball-carries,,,,Club Brugge KV,90.0,,88.8,6.7,78.2,12.9,,rating-breakdown,True,88.8,6.7,78.2,12.9,ball-carry,False,,,
1153957,Aleksandar Stanković,14032351,rating-breakdown,ball-carries,ball-carries,,,,Club Brugge KV,90.0,,77.9,82.8,74.8,76.5,,rating-breakdown,True,77.9,82.8,74.8,76.5,ball-carry,False,,,
1153957,Aleksandar Stanković,14032351,rating-breakdown,ball-carries,ball-carries,,,,Club Brugge KV,90.0,,65.2,6.6,68.4,17.7,,rating-breakdown,True,65.2,6.6,68.4,17.7,ball-carry,False,,,
1153957,Aleksandar Stanković,14032351,rating-breakdown,ball-carries,ball-carries,,,,Club Brugge KV,90.0,,39.4,38.1,41.5,30.1,,rating-breakdown,True,39.4,38.1,41.5,30.1,ball-carry,False,,,
1153957,Aleksandar Stanković,14032351,rating-breakdown,ball-carries,ball-carries,,,,Club Brugge KV,90.0,,77.4,33.3,77,28.6,,rating-breakdown,True,77.4,33.3,77,28.6,ball-carry,False,,,
1153957,Aleksandar Stanković,14032351,rating-breakdown,ball-carries,ball-carries,,,,Club Brugge KV,90.0,,21.4,15.6,26.3,9.7,,rating-breakdown,True,21.4,15.6,26.3,9.7,ball-carry,False,,,
1153957,Aleksandar Stanković,14032351,rating-breakdown,ball-carries,ball-carries,,,,Club Brugge KV,90.0,,25.1,43.3,47.4,33.3,,rating-breakdown,True,25.1,43.3,47.4,33.3,ball-carry,False,,,
1153957,Aleksandar Stanković,14032351,rating-breakdown,ball-carries,ball-carries,,,,Club Brugge KV,90.0,,66.2,45.3,66.5,39.3,,rating-breakdown,True,66.2,45.3,66.5,39.3,ball-carry,False,,,
1153957,Aleksandar Stanković,14032351,rating-breakdown,dribbles,dribbles,,,,Club Brugge KV,90.0,,37.6,23.7,,,True,rating-breakdown,True,37.6,23.7,,,dribble,False,False,,
1153957,Aleksandar Stanković,14032351,rating-breakdown,defensive,defensive,,,,Club Brugge KV,90.0,,37.2,56.8,,,True,rating-breakdown,True,37.2,56.8,,,ball-recovery,False,False,,
1153957,Aleksandar Stanković,14032351,rating-breakdown,defensive,defensive,,,,Club Brugge KV,90.0,,57.8,16.8,,,True,rating-breakdown,True,57.8,16.8,,,ball-recovery,False,False,,
1153957,Aleksandar Stanković,14032351,rating-breakdown,defensive,defensive,,,,Club Brugge KV,90.0,,44.5,29.7,,,True,rating-breakdown,True,44.5,29.7,,,ball-recovery,False,False,,
1153957,Aleksandar Stanković,14032351,rating-breakdown,defensive,defensive,,,,Club Brugge KV,90.0,,44.6,43.9,,,True,rating-breakdown,True,44.6,43.9,,,ball-recovery,False,False,,
1153957,Aleksandar Stanković,14032351,rating-breakdown,defensive,defensive,,,,Club Brugge KV,90.0,,64,36.3,,,True,rating-breakdown,True,64,36.3,,,ball-recovery,False,False,,
1153957,Aleksandar Stanković,14032351,rating-breakdown,defensive,defensive,,,,Club Brugge KV,90.0,,53.3,41.7,,,True,rating-breakdown,True,53.3,41.7,,,ball-recovery,False,False,,
1153957,Aleksandar Stanković,14032351,rating-breakdown,defensive,defensive,,,,Club Brugge KV,90.0,,5.3,55.4,,,True,rating-breakdown,True,5.3,55.4,,,block,False,False,,
1153957,Aleksandar Stanković,14032351,rating-breakdown,defensive,defensive,,,,Club Brugge KV,90.0,,75.7,13.6,,,True,rating-breakdown,True,75.7,13.6,,,ball-recovery,False,False,,
1153957,Aleksandar Stanković,14032351,rating-breakdown,defensive,defensive,,,,Club Brugge KV,90.0,,33.9,11.4,,,True,rating-breakdown,True,33.9,11.4,,,ball-recovery,False,False,,
1153957,Aleksandar Stanković,14032351,rating-breakdown,defensive,defensive,,,,Club Brugge KV,90.0,,90.2,34.7,,,,rating-breakdown,True,90.2,34.7,,,tackle,False,False,,
1153957,Aleksandar Stanković,14032351,rating-breakdown,defensive,defensive,,,,Club Brugge KV,90.0,,88.8,6.7,,,True,rating-breakdown,True,88.8,6.7,,,ball-recovery,False,False,,
1153957,Aleksandar Stanković,14032351,rating-breakdown,defensive,defensive,,,,Club Brugge KV,90.0,,77.9,82.8,,,True,rating-breakdown,True,77.9,82.8,,,ball-recovery,False,False,,
1153957,Aleksandar Stanković,14032351,rating-breakdown,defensive,defensive,,,,Club Brugge KV,90.0,,55.4,56.2,,,,rating-breakdown,True,55.4,56.2,,,tackle,False,False,,
1153957,Aleksandar Stanković,14032351,rating-breakdown,defensive,defensive,,,,Club Brugge KV,90.0,,21.4,15.6,,,True,rating-breakdown,True,21.4,15.6,,,ball-recovery,False,False,,
1153957,Aleksandar Stanković,14032362,rating-breakdown,passes,passes,,,,Club Brugge KV,75.0,,55.3,39.4,56.1,75.9,True,rating-breakdown,True,55.3,39.4,56.1,75.9,pass,True,False,,
1153957,Aleksandar Stanković,14032362,rating-breakdown,passes,passes,,,,Club Brugge KV,75.0,,30.5,23.1,54.3,71.8,,rating-breakdown,True,30.5,23.1,54.3,71.8,pass,True,False,True,
1153957,Aleksandar Stanković,14032362,rating-breakdown,passes,passes,,,,Club Brugge KV,75.0,,43.7,5.2,70.8,92.8,True,rating-breakdown,True,43.7,5.2,70.8,92.8,pass,True,False,True,
1153957,Aleksandar Stanković,14032362,rating-breakdown,passes,passes,,,,Club Brugge KV,75.0,,87.6,45.1,75.6,33.7,True,rating-breakdown,True,87.6,45.1,75.6,33.7,pass,True,False,,
1153957,Aleksandar Stanković,14032362,rating-breakdown,passes,passes,,,,Club Brugge KV,75.0,,40.5,6.6,43.4,6.4,True,rating-breakdown,True,40.5,6.6,43.4,6.4,pass,True,False,,
1153957,Aleksandar Stanković,14032362,rating-breakdown,passes,passes,,,,Club Brugge KV,75.0,,43,21.5,32.5,31.5,True,rating-breakdown,True,43,21.5,32.5,31.5,pass,True,False,,
1153957,Aleksandar Stanković,14032362,rating-breakdown,passes,passes,,,,Club Brugge KV,75.0,,50.3,27.2,62.8,88.7,True,rating-breakdown,True,50.3,27.2,62.8,88.7,pass,True,False,True,
1153957,Aleksandar Stanković,14032362,rating-breakdown,passes,passes,,,,Club Brugge KV,75.0,,68.9,28.9,81.8,5.2,True,rating-breakdown,True,68.9,28.9,81.8,5.2,pass,True,False,,
1153957,Aleksandar Stanković,14032362,rating-breakdown,passes,passes,,,,Club Brugge KV,75.0,,46.4,37.4,55.5,47.1,True,rating-breakdown,True,46.4,37.4,55.5,47.1,pass,True,False,,
1153957,Aleksandar Stanković,14032362,rating-breakdown,passes,passes,,,,Club Brugge KV,75.0,,47.3,50.2,53.4,58.8,True,rating-breakdown,True,47.3,50.2,53.4,58.8,pass,True,False,,
1153957,Aleksandar Stanković,14032362,rating-breakdown,passes,passes,,,,Club Brugge KV,75.0,,48.6,60.3,48.3,73.4,True,rating-breakdown,True,48.6,60.3,48.3,73.4,pass,True,False,,
1153957,Aleksandar Stanković,14032362,rating-breakdown,passes,passes,,,,Club Brugge KV,75.0,,43.2,63.4,35.4,48,True,rating-breakdown,True,43.2,63.4,35.4,48,pass,True,False,,
1153957,Aleksandar Stanković,14032362,rating-breakdown,passes,passes,,,,Club Brugge KV,75.0,,65.8,22.3,77.2,27.8,True,rating-breakdown,True,65.8,22.3,77.2,27.8,pass,True,False,,
1153957,Aleksandar Stanković,14032362,rating-breakdown,passes,passes,,,,Club Brugge KV,75.0,,66.2,48.3,76.5,56,,rating-breakdown,True,66.2,48.3,76.5,56,pass,True,False,,
1153957,Aleksandar Stanković,14032362,rating-breakdown,passes,passes,,,,Club Brugge KV,75.0,,3.9,67.2,5.5,85.3,True,rating-breakdown,True,3.9,67.2,5.5,85.3,pass,True,False,,
1153957,Aleksandar Stanković,14032362,rating-breakdown,passes,passes,,,,Club Brugge KV,75.0,,53.2,45.8,58.6,20.5,,rating-breakdown,True,53.2,45.8,58.6,20.5,pass,True,False,,
1153957,Aleksandar Stanković,14032362,rating-breakdown,passes,passes,,,,Club Brugge KV,75.0,,69.7,14.6,70.8,26.4,True,rating-breakdown,True,69.7,14.6,70.8,26.4,pass,True,False,,
1153957,Aleksandar Stanković,14032362,rating-breakdown,passes,passes,,,,Club Brugge KV,75.0,,54.3,23.1,74.2,5.2,True,rating-breakdown,True,54.3,23.1,74.2,5.2,pass,True,False,,
1153957,Aleksandar Stanković,14032362,rating-breakdown,passes,passes,,,,Club Brugge KV,75.0,,69.1,6,86.6,4.5,True,rating-breakdown,True,69.1,6,86.6,4.5,pass,True,False,,
1153957,Aleksandar Stanković,14032362,rating-breakdown,passes,passes,,,,Club Brugge KV,75.0,,16.2,3.1,21.9,5.2,,rating-breakdown,True,16.2,3.1,21.9,5.2,pass,True,False,,
1153957,Aleksandar Stanković,14032362,rating-breakdown,passes,passes,,,,Club Brugge KV,75.0,,4,17.8,32,5.3,,rating-breakdown,True,4,17.8,32,5.3,pass,True,False,True,
1153957,Aleksandar Stanković,14032362,rating-breakdown,passes,passes,,,,Club Brugge KV,75.0,,30.2,14.6,29.8,8.8,True,rating-breakdown,True,30.2,14.6,29.8,8.8,pass,True,False,,
1153957,Aleksandar Stanković,14032362,rating-breakdown,passes,passes,,,,Club Brugge KV,75.0,,60,59.7,56.6,79.7,True,rating-breakdown,True,60,59.7,56.6,79.7,pass,True,False,,
1153957,Aleksandar Stanković,14032362,rating-breakdown,passes,passes,,,,Club Brugge KV,75.0,,60,39.3,69.5,82.4,,rating-breakdown,True,60,39.3,69.5,82.4,pass,True,False,,
1153957,Aleksandar Stanković,14032362,rating-breakdown,passes,passes,,,,Club Brugge KV,75.0,,59,74.2,25.9,46.4,True,rating-breakdown,True,59,74.2,25.9,46.4,pass,True,False,True,
1153957,Aleksandar Stanković,14032362,rating-breakdown,passes,passes,,,,Club Brugge KV,75.0,,43.2,35.2,33.9,41,True,rating-breakdown,True,43.2,35.2,33.9,41,pass,True,False,,
1153957,Aleksandar Stanković,14032362,rating-breakdown,passes,passes,,,,Club Brugge KV,75.0,,55.8,27,38.9,32.7,True,rating-breakdown,True,55.8,27,38.9,32.7,pass,True,False,,
1153957,Aleksandar Stanković,14032362,rating-breakdown,passes,passes,,,,Club Brugge KV,75.0,,64.1,76.9,55.8,72.6,True,rating-breakdown,True,64.1,76.9,55.8,72.6,pass,True,False,,
1153957,Aleksandar Stanković,14032362,rating-breakdown,passes,passes,,,,Club Brugge KV,75.0,,75.9,36.2,85.5,10.7,True,rating-breakdown,True,75.9,36.2,85.5,10.7,pass,True,False,,
1153957,Aleksandar Stanković,14032362,rating-breakdown,passes,passes,,,,Club Brugge KV,75.0,,85.2,40.7,95.2,57,True,rating-breakdown,True,85.2,40.7,95.2,57,pass,True,True,,
1153957,Aleksandar Stanković,14032362,rating-breakdown,passes,passes,,,,Club Brugge KV,75.0,,56.6,50.1,59,22.3,True,rating-breakdown,True,56.6,50.1,59,22.3,pass,True,False,,
1153957,Aleksandar Stanković,14032362,rating-breakdown,passes,passes,,,,Club Brugge KV,75.0,,86.2,42.7,83.8,57.3,True,rating-breakdown,True,86.2,42.7,83.8,57.3,pass,True,True,,
1153957,Aleksandar Stanković,14032362,rating-breakdown,passes,passes,,,,Club Brugge KV,75.0,,63,60.5,73.9,95.3,True,rating-breakdown,True,63,60.5,73.9,95.3,pass,True,False,,
1153957,Aleksandar Stanković,14032362,rating-breakdown,passes,passes,,,,Club Brugge KV,75.0,,63.4,85.2,73.4,79.3,True,rating-breakdown,True,63.4,85.2,73.4,79.3,pass,True,False,,
1153957,Aleksandar Stanković,14032362,rating-breakdown,ball-carries,ball-carries,,,,Club Brugge KV,75.0,,55.8,31.1,55.3,39.4,,rating-breakdown,True,55.8,31.1,55.3,39.4,ball-carry,True,,,
1153957,Aleksandar Stanković,14032362,rating-breakdown,ball-carries,ball-carries,,,,Club Brugge KV,75.0,,74.2,23.5,68.9,28.9,,rating-breakdown,True,74.2,23.5,68.9,28.9,ball-carry,True,,,
1153957,Aleksandar Stanković,14032362,rating-breakdown,ball-carries,ball-carries,,,,Club Brugge KV,75.0,,34.4,28.4,54.2,24.7,,rating-breakdown,True,34.4,28.4,54.2,24.7,ball-carry,True,,,
1153957,Aleksandar Stanković,14032362,rating-breakdown,ball-carries,ball-carries,,,,Club Brugge KV,75.0,,20.8,12.7,17.4,13,,rating-breakdown,True,20.8,12.7,17.4,13,ball-carry,True,,,
1153957,Aleksandar Stanković,14032362,rating-breakdown,ball-carries,ball-carries,,,,Club Brugge KV,75.0,,17.4,13,15.1,3.3,,rating-breakdown,True,17.4,13,15.1,3.3,ball-carry,True,,,
1153957,Aleksandar Stanković,14032362,rating-breakdown,ball-carries,ball-carries,,,,Club Brugge KV,75.0,,3.6,22.7,4,17.8,,rating-breakdown,True,3.6,22.7,4,17.8,ball-carry,True,,,
1153957,Aleksandar Stanković,14032362,rating-breakdown,ball-carries,ball-carries,,,,Club Brugge KV,75.0,,83.3,41.9,86.2,42.7,,rating-breakdown,True,83.3,41.9,86.2,42.7,ball-carry,True,,,
1153957,Aleksandar Stanković,14032362,rating-breakdown,defensive,defensive,,,,Club Brugge KV,75.0,,30.7,24.1,,,True,rating-breakdown,True,30.7,24.1,,,ball-recovery,True,False,,
1153957,Aleksandar Stanković,14032362,rating-breakdown,defensive,defensive,,,,Club Brugge KV,75.0,,17.4,13,,,True,rating-breakdown,True,17.4,13,,,ball-recovery,True,False,,
1153957,Aleksandar Stanković,14032362,rating-breakdown,defensive,defensive,,,,Club Brugge KV,75.0,,3.6,22.7,,,True,rating-breakdown,True,3.6,22.7,,,ball-recovery,True,False,,
1153957,Aleksandar Stanković,14032362,rating-breakdown,defensive,defensive,,,,Club Brugge KV,75.0,,73.9,51.1,,,True,rating-breakdown,True,73.9,51.1,,,interception,True,False,,
1153957,Aleksandar Stanković,14032362,rating-breakdown,defensive,defensive,,,,Club Brugge KV,75.0,,12.4,29.7,20.4,69.7,True,rating-breakdown,True,12.4,29.7,20.4,69.7,clearance,True,False,,
1153957,Aleksandar Stanković,14032362,rating-breakdown,defensive,defensive,,,,Club Brugge KV,75.0,,20.2,32.6,,,,rating-breakdown,True,20.2,32.6,,,tackle,True,False,,
1153957,Aleksandar Stanković,14032381,rating-breakdown,passes,passes,,,,Club Brugge KV,90.0,,47.2,46.9,34.5,30.2,True,rating-breakdown,True,47.2,46.9,34.5,30.2,pass,True,False,,
1153957,Aleksandar Stanković,14032381,rating-breakdown,passes,passes,,,,Club Brugge KV,90.0,,55.5,31.5,41.3,30.9,True,rating-breakdown,True,55.5,31.5,41.3,30.9,pass,True,False,,
1153957,Aleksandar Stanković,14032381,rating-breakdown,passes,passes,,,,Club Brugge KV,90.0,,40,25.3,51.9,77.4,True,rating-breakdown,True,40,25.3,51.9,77.4,pass,True,False,True,
1153957,Aleksandar Stanković,14032381,rating-breakdown,passes,passes,,,,Club Brugge KV,90.0,,34.8,43.1,46.7,8.7,True,rating-breakdown,True,34.8,43.1,46.7,8.7,pass,True,False,,
1153957,Aleksandar Stanković,14032381,rating-breakdown,passes,passes,,,,Club Brugge KV,90.0,,40.7,67.1,23.7,67.9,True,rating-breakdown,True,40.7,67.1,23.7,67.9,pass,True,False,,
1153957,Aleksandar Stanković,14032381,rating-breakdown,passes,passes,,,,Club Brugge KV,90.0,,97.3,10.2,94.5,39.7,,rating-breakdown,True,97.3,10.2,94.5,39.7,cross,True,False,,
1153957,Aleksandar Stanković,14032381,rating-breakdown,passes,passes,,,,Club Brugge KV,90.0,,63.4,84.6,33.2,87.4,True,rating-breakdown,True,63.4,84.6,33.2,87.4,pass,True,False,,
1153957,Aleksandar Stanković,14032381,rating-breakdown,passes,passes,,,,Club Brugge KV,90.0,,82.4,64.9,71.1,79.2,True,rating-breakdown,True,82.4,64.9,71.1,79.2,pass,True,False,,
1153957,Aleksandar Stanković,14032381,rating-breakdown,passes,passes,,,,Club Brugge KV,90.0,,84.2,94.9,53.1,68.2,True,rating-breakdown,True,84.2,94.9,53.1,68.2,pass,True,False,True,
1153957,Aleksandar Stanković,14032381,rating-breakdown,passes,passes,,,,Club Brugge KV,90.0,,56.8,23.5,46.2,31.7,True,rating-breakdown,True,56.8,23.5,46.2,31.7,pass,True,False,,
1153957,Aleksandar Stanković,14032381,rating-breakdown,passes,passes,,,,Club Brugge KV,90.0,,54.7,13.1,73.7,20,,rating-breakdown,True,54.7,13.1,73.7,20,pass,True,False,,
1153957,Aleksandar Stanković,14032381,rating-breakdown,passes,passes,,,,Club Brugge KV,90.0,,52.8,48.7,53.4,73.8,,rating-breakdown,True,52.8,48.7,53.4,73.8,pass,True,False,,
1153957,Aleksandar Stanković,14032381,rating-breakdown,passes,passes,,,,Club Brugge KV,90.0,,16.4,86.8,33,78.9,True,rating-breakdown,True,16.4,86.8,33,78.9,pass,True,False,,
1153957,Aleksandar Stanković,14032381,rating-breakdown,passes,passes,,,,Club Brugge KV,90.0,,41.6,69.1,48.2,47.4,True,rating-breakdown,True,41.6,69.1,48.2,47.4,pass,True,False,,
1153957,Aleksandar Stanković,14032381,rating-breakdown,passes,passes,,,,Club Brugge KV,90.0,,43,67.1,64.7,1.9,True,rating-breakdown,True,43,67.1,64.7,1.9,pass,True,False,True,
1153957,Aleksandar Stanković,14032381,rating-breakdown,passes,passes,,,,Club Brugge KV,90.0,,67.2,75.3,77.8,68.6,True,rating-breakdown,True,67.2,75.3,77.8,68.6,pass,True,False,,
1153957,Aleksandar Stanković,14032381,rating-breakdown,passes,passes,,,,Club Brugge KV,90.0,,68.1,46.5,71,22.8,True,rating-breakdown,True,68.1,46.5,71,22.8,pass,True,False,,
1153957,Aleksandar Stanković,14032381,rating-breakdown,passes,passes,,,,Club Brugge KV,90.0,,46.4,96.4,30.9,89.6,True,rating-breakdown,True,46.4,96.4,30.9,89.6,pass,True,False,,
1153957,Aleksandar Stanković,14032381,rating-breakdown,passes,passes,,,,Club Brugge KV,90.0,,41.5,60.3,48.4,22.3,True,rating-breakdown,True,41.5,60.3,48.4,22.3,pass,True,False,,
1153957,Aleksandar Stanković,14032381,rating-breakdown,passes,passes,,,,Club Brugge KV,90.0,,58.3,33.1,74.8,78.9,,rating-breakdown,True,58.3,33.1,74.8,78.9,pass,True,False,True,
1153957,Aleksandar Stanković,14032381,rating-breakdown,passes,passes,,,,Club Brugge KV,90.0,,56,64.6,56.3,32.3,True,rating-breakdown,True,56,64.6,56.3,32.3,pass,True,False,,
1153957,Aleksandar Stanković,14032381,rating-breakdown,passes,passes,,,,Club Brugge KV,90.0,,73.6,14.9,85.5,13.4,True,rating-breakdown,True,73.6,14.9,85.5,13.4,pass,True,False,,
1153957,Aleksandar Stanković,14032381,rating-breakdown,passes,passes,,,,Club Brugge KV,90.0,,80.3,31.4,76.3,61.5,True,rating-breakdown,True,80.3,31.4,76.3,61.5,pass,True,False,,
1153957,Aleksandar Stanković,14032381,rating-breakdown,passes,passes,,,,Club Brugge KV,90.0,,43.1,38.3,29,26.5,True,rating-breakdown,True,43.1,38.3,29,26.5,pass,True,False,,
1153957,Aleksandar Stanković,14032381,rating-breakdown,passes,passes,,,,Club Brugge KV,90.0,,80,12.6,89.4,8.7,True,rating-breakdown,True,80,12.6,89.4,8.7,pass,True,False,,
1153957,Aleksandar Stanković,14032381,rating-breakdown,passes,passes,,,,Club Brugge KV,90.0,,37.1,31.8,18.4,33.3,True,rating-breakdown,True,37.1,31.8,18.4,33.3,pass,True,False,,
1153957,Aleksandar Stanković,14032381,rating-breakdown,passes,passes,,,,Club Brugge KV,90.0,,46.5,49.6,56.1,30,True,rating-breakdown,True,46.5,49.6,56.1,30,pass,True,False,,
1153957,Aleksandar Stanković,14032381,rating-breakdown,passes,passes,,,,Club Brugge KV,90.0,,73.1,22.6,78.7,45.4,True,rating-breakdown,True,73.1,22.6,78.7,45.4,pass,True,False,,
1153957,Aleksandar Stanković,14032381,rating-breakdown,passes,passes,,,,Club Brugge KV,90.0,,41,29.1,31.4,40.6,True,rating-breakdown,True,41,29.1,31.4,40.6,pass,True,False,,
1153957,Aleksandar Stanković,14032381,rating-breakdown,passes,passes,,,,Club Brugge KV,90.0,,48.6,41.3,74.8,25.2,,rating-breakdown,True,48.6,41.3,74.8,25.2,pass,True,False,,
1153957,Aleksandar Stanković,14032381,rating-breakdown,passes,passes,,,,Club Brugge KV,90.0,,45.2,54.3,46.7,15.3,True,rating-breakdown,True,45.2,54.3,46.7,15.3,pass,True,False,,
1153957,Aleksandar Stanković,14032381,rating-breakdown,passes,passes,,,,Club Brugge KV,90.0,,78,9.6,90.4,21.6,True,rating-breakdown,True,78,9.6,90.4,21.6,pass,True,False,,
1153957,Aleksandar Stanković,14032381,rating-breakdown,passes,passes,,,,Club Brugge KV,90.0,,77.1,39.3,56.5,34.5,True,rating-breakdown,True,77.1,39.3,56.5,34.5,pass,True,False,,
1153957,Aleksandar Stanković,14032381,rating-breakdown,passes,passes,,,,Club Brugge KV,90.0,,40.9,37.8,57.5,46.9,,rating-breakdown,True,40.9,37.8,57.5,46.9,pass,True,False,,
1153957,Aleksandar Stanković,14032381,rating-breakdown,passes,passes,,,,Club Brugge KV,90.0,,45.4,51,59.1,40,True,rating-breakdown,True,45.4,51,59.1,40,pass,True,False,,
1153957,Aleksandar Stanković,14032381,rating-breakdown,passes,passes,,,,Club Brugge KV,90.0,,80.6,76.3,93.4,55.5,,rating-breakdown,True,80.6,76.3,93.4,55.5,cross,True,False,,
1153957,Aleksandar Stanković,14032381,rating-breakdown,passes,passes,,,,Club Brugge KV,90.0,,23.9,17.8,58.1,67.3,,rating-breakdown,True,23.9,17.8,58.1,67.3,pass,True,False,True,
1153957,Aleksandar Stanković,14032381,rating-breakdown,passes,passes,,,,Club Brugge KV,90.0,,39.2,55.9,26.1,39.3,True,rating-breakdown,True,39.2,55.9,26.1,39.3,pass,True,False,,
1153957,Aleksandar Stanković,14032381,rating-breakdown,passes,passes,,,,Club Brugge KV,90.0,,62.9,12.6,74.7,8.2,,rating-breakdown,True,62.9,12.6,74.7,8.2,pass,True,False,,
1153957,Aleksandar Stanković,14032381,rating-breakdown,passes,passes,,,,Club Brugge KV,90.0,,28.5,4.8,16.1,17.1,True,rating-breakdown,True,28.5,4.8,16.1,17.1,pass,True,False,,
1153957,Aleksandar Stanković,14032381,rating-breakdown,passes,passes,,,,Club Brugge KV,90.0,,32.3,69.2,41.8,78.1,True,rating-breakdown,True,32.3,69.2,41.8,78.1,pass,True,False,,
1153957,Aleksandar Stanković,14032381,rating-breakdown,passes,passes,,,,Club Brugge KV,90.0,,30.7,49.5,19.2,27.9,True,rating-breakdown,True,30.7,49.5,19.2,27.9,pass,True,False,,
1153957,Aleksandar Stanković,14032381,rating-breakdown,passes,passes,,,,Club Brugge KV,90.0,,41.8,10.9,63.5,17.5,,rating-breakdown,True,41.8,10.9,63.5,17.5,pass,True,False,,
1153957,Aleksandar Stanković,14032381,rating-breakdown,passes,passes,,,,Club Brugge KV,90.0,,57,68.7,40.1,86.4,True,rating-breakdown,True,57,68.7,40.1,86.4,pass,True,False,,
1153957,Aleksandar Stanković,14032381,rating-breakdown,passes,passes,,,,Club Brugge KV,90.0,,37.3,53.7,34.7,28.9,True,rating-breakdown,True,37.3,53.7,34.7,28.9,pass,True,False,,
1153957,Aleksandar Stanković,14032381,rating-breakdown,passes,passes,,,,Club Brugge KV,90.0,,56.8,22.8,66.1,4.9,True,rating-breakdown,True,56.8,22.8,66.1,4.9,pass,True,False,,
1153957,Aleksandar Stanković,14032381,rating-breakdown,passes,passes,,,,Club Brugge KV,90.0,,54.6,2.4,19.4,25,True,rating-breakdown,True,54.6,2.4,19.4,25,pass,True,False,True,
1153957,Aleksandar Stanković,14032381,rating-breakdown,passes,passes,,,,Club Brugge KV,90.0,,15,40.1,8.5,63.6,True,rating-breakdown,True,15,40.1,8.5,63.6,pass,True,False,,
1153957,Aleksandar Stanković,14032381,rating-breakdown,passes,passes,,,,Club Brugge KV,90.0,,23.9,67.2,31,88.3,True,rating-breakdown,True,23.9,67.2,31,88.3,pass,True,False,,
1153957,Aleksandar Stanković,14032381,rating-breakdown,passes,passes,,,,Club Brugge KV,90.0,,42.4,97.3,22.9,95.5,True,rating-breakdown,True,42.4,97.3,22.9,95.5,pass,True,False,,
1153957,Aleksandar Stanković,14032381,rating-breakdown,passes,passes,,,,Club Brugge KV,90.0,,22.6,77.2,37.3,87.6,True,rating-breakdown,True,22.6,77.2,37.3,87.6,pass,True,False,,
1153957,Aleksandar Stanković,14032381,rating-breakdown,ball-carries,ball-carries,,,,Club Brugge KV,90.0,,41.8,61.4,40.7,67.1,,rating-breakdown,True,41.8,61.4,40.7,67.1,ball-carry,True,,,
1153957,Aleksandar Stanković,14032381,rating-breakdown,ball-carries,ball-carries,,,,Club Brugge KV,90.0,,83.2,18.8,97.3,10.2,,rating-breakdown,True,83.2,18.8,97.3,10.2,ball-carry,True,,,
1153957,Aleksandar Stanković,14032381,rating-breakdown,ball-carries,ball-carries,,,,Club Brugge KV,90.0,,68.2,17.5,66.8,23,,rating-breakdown,True,68.2,17.5,66.8,23,ball-carry,True,,,
1153957,Aleksandar Stanković,14032381,rating-breakdown,ball-carries,ball-carries,,,,Club Brugge KV,90.0,,47,69.8,41.6,69.1,,rating-breakdown,True,47,69.8,41.6,69.1,ball-carry,True,,,
1153957,Aleksandar Stanković,14032381,rating-breakdown,ball-carries,ball-carries,,,,Club Brugge KV,90.0,,37.8,68.2,41.8,65.8,,rating-breakdown,True,37.8,68.2,41.8,65.8,ball-carry,True,,,
1153957,Aleksandar Stanković,14032381,rating-breakdown,ball-carries,ball-carries,,,,Club Brugge KV,90.0,,55,35.6,57.3,30.5,,rating-breakdown,True,55,35.6,57.3,30.5,ball-carry,True,,,
1153957,Aleksandar Stanković,14032381,rating-breakdown,ball-carries,ball-carries,,,,Club Brugge KV,90.0,,64.2,71.5,56,64.6,,rating-breakdown,True,64.2,71.5,56,64.6,ball-carry,True,,,
1153957,Aleksandar Stanković,14032381,rating-breakdown,ball-carries,ball-carries,,,,Club Brugge KV,90.0,,79.1,17.9,73.6,14.9,,rating-breakdown,True,79.1,17.9,73.6,14.9,ball-carry,True,,,
1153957,Aleksandar Stanković,14032381,rating-breakdown,ball-carries,ball-carries,,,,Club Brugge KV,90.0,,70.9,27,80.3,31.4,,rating-breakdown,True,70.9,27,80.3,31.4,ball-carry,True,,,
1153957,Aleksandar Stanković,14032381,rating-breakdown,ball-carries,ball-carries,,,,Club Brugge KV,90.0,,74.3,28,73.1,22.6,,rating-breakdown,True,74.3,28,73.1,22.6,ball-carry,True,,,
1153957,Aleksandar Stanković,14032381,rating-breakdown,ball-carries,ball-carries,,,,Club Brugge KV,90.0,,33.3,36.3,41,29.1,,rating-breakdown,True,33.3,36.3,41,29.1,ball-carry,True,,,
1153957,Aleksandar Stanković,14032381,rating-breakdown,ball-carries,ball-carries,,,,Club Brugge KV,90.0,,48.3,53.8,48.6,41.3,,rating-breakdown,True,48.3,53.8,48.6,41.3,ball-carry,True,,,
1153957,Aleksandar Stanković,14032381,rating-breakdown,ball-carries,ball-carries,,,,Club Brugge KV,90.0,,43,10.5,42.4,23.3,,rating-breakdown,True,43,10.5,42.4,23.3,ball-carry,True,,,
1153957,Aleksandar Stanković,14032381,rating-breakdown,ball-carries,ball-carries,,,,Club Brugge KV,90.0,,48.4,61.6,45.2,54.3,,rating-breakdown,True,48.4,61.6,45.2,54.3,ball-carry,True,,,
1153957,Aleksandar Stanković,14032381,rating-breakdown,ball-carries,ball-carries,,,,Club Brugge KV,90.0,,30.5,79,32.3,69.2,,rating-breakdown,True,30.5,79,32.3,69.2,ball-carry,True,,,
1153957,Aleksandar Stanković,14032381,rating-breakdown,ball-carries,ball-carries,,,,Club Brugge KV,90.0,,57.9,31.6,56.8,22.8,,rating-breakdown,True,57.9,31.6,56.8,22.8,ball-carry,True,,,
1153957,Aleksandar Stanković,14032381,rating-breakdown,ball-carries,ball-carries,,,,Club Brugge KV,90.0,,11.7,34,15,40.1,,rating-breakdown,True,11.7,34,15,40.1,ball-carry,True,,,
1153957,Aleksandar Stanković,14032381,rating-breakdown,ball-carries,ball-carries,,,,Club Brugge KV,90.0,,36.6,65.4,42.4,97.3,,rating-breakdown,True,36.6,65.4,42.4,97.3,ball-carry,True,,,
1153957,Aleksandar Stanković,14032381,rating-breakdown,defensive,defensive,,,,Club Brugge KV,90.0,,6.4,42.5,15.7,26.2,True,rating-breakdown,True,6.4,42.5,15.7,26.2,clearance,True,False,,
1153957,Aleksandar Stanković,14032381,rating-breakdown,defensive,defensive,,,,Club Brugge KV,90.0,,66.8,23,,,,rating-breakdown,True,66.8,23,,,tackle,True,False,,
1153957,Aleksandar Stanković,14032381,rating-breakdown,defensive,defensive,,,,Club Brugge KV,90.0,,10.9,59.7,,,True,rating-breakdown,True,10.9,59.7,,,block,True,False,,
1153957,Aleksandar Stanković,14032381,rating-breakdown,defensive,defensive,,,,Club Brugge KV,90.0,,67.2,75.3,,,True,rating-breakdown,True,67.2,75.3,,,ball-recovery,True,False,,
1153957,Aleksandar Stanković,14032381,rating-breakdown,defensive,defensive,,,,Club Brugge KV,90.0,,68.1,46.5,,,True,rating-breakdown,True,68.1,46.5,,,ball-recovery,True,False,,
1153957,Aleksandar Stanković,14032381,rating-breakdown,defensive,defensive,,,,Club Brugge KV,90.0,,34.5,30,,,True,rating-breakdown,True,34.5,30,,,ball-recovery,True,False,,
1153957,Aleksandar Stanković,14032381,rating-breakdown,defensive,defensive,,,,Club Brugge KV,90.0,,46.5,49.6,,,True,rating-breakdown,True,46.5,49.6,,,ball-recovery,True,False,,
1153957,Aleksandar Stanković,14032381,rating-breakdown,defensive,defensive,,,,Club Brugge KV,90.0,,34.9,5.4,,,,rating-breakdown,True,34.9,5.4,,,tackle,True,False,,
1153957,Aleksandar Stanković,14032381,rating-breakdown,defensive,defensive,,,,Club Brugge KV,90.0,,43,10.5,,,True,rating-breakdown,True,43,10.5,,,ball-recovery,True,False,,
1153957,Aleksandar Stanković,14032381,rating-breakdown,defensive,defensive,,,,Club Brugge KV,90.0,,65.8,36.1,,,,rating-breakdown,True,65.8,36.1,,,tackle,True,False,,
