player_id,player_name,event_id,endpoint,category,action_type,match_date,home_team,away_team,team,minutes_played_matchlog,minute,x,y,end_x,end_y,success,successful,success_flag,success_source,outcome,accurate,won,is_assist,is_key_pass,pass_subtype,_endpoint,endpoint_available,playerCoordinates_x,playerCoordinates_y,passEndCoordinates_x,passEndCoordinates_y,eventActionType,isHome,keypass,_raw_action,isLongBall,isAssist
1218066,Anis Hadj Moussa,14053580,rating-breakdown,passes,passes,,,,Feyenoord,90.0,,66.7,1.9,96,3.3,True,True,1,boolean_field,success,True,,False,False,pass,rating-breakdown,True,66.7,1.9,96,3.3,pass,True,False,"{""playerCoordinates"": {""x"": 66.7, ""y"": 1.9}, ""passEndCoordinates"": {""x"": 96, ""y"": 3.3}, ""eventActionType"": ""pass"", ""isHome"": true, ""outcome"": true, ""keypass"": false}",,
1218066,Anis Hadj Moussa,14053580,rating-breakdown,passes,passes,,,,Feyenoord,90.0,,73.9,15,100,12.7,,,,unresolvable,,,,False,False,pass,rating-breakdown,True,73.9,15,100,12.7,pass,True,False,"{""playerCoordinates"": {""x"": 73.9, ""y"": 15}, ""passEndCoordinates"": {""x"": 100, ""y"": 12.7}, ""eventActionType"": ""pass"", ""isHome"": true, ""keypass"": false}",,
1218066,Anis Hadj Moussa,14053580,rating-breakdown,passes,passes,,,,Feyenoord,90.0,,70.8,77.1,89.5,40.7,,,,unresolvable,,,,False,False,pass,rating-breakdown,True,70.8,77.1,89.5,40.7,cross,True,False,"{""playerCoordinates"": {""x"": 70.8, ""y"": 77.1}, ""passEndCoordinates"": {""x"": 89.5, ""y"": 40.7}, ""eventActionType"": ""cross"", ""isHome"": true, ""keypass"": false}",,
1218066,Anis Hadj Moussa,14053580,rating-breakdown,passes,passes,,,,Feyenoord,90.0,,68.5,81.8,75.5,91.8,True,True,1,boolean_field,success,True,,False,False,pass,rating-breakdown,True,68.5,81.8,75.5,91.8,pass,True,False,"{""playerCoordinates"": {""x"": 68.5, ""y"": 81.8}, ""passEndCoordinates"": {""x"": 75.5, ""y"": 91.8}, ""eventActionType"": ""pass"", ""isHome"": true, ""outcome"": true, ""keypass"": false}",,
1218066,Anis Hadj Moussa,14053580,rating-breakdown,passes,passes,,,,Feyenoord,90.0,,79.6,51.5,80.9,46.7,,,,unresolvable,,,,False,False,pass,rating-breakdown,True,79.6,51.5,80.9,46.7,pass,True,False,"{""playerCoordinates"": {""x"": 79.6, ""y"": 51.5}, ""passEndCoordinates"": {""x"": 80.9, ""y"": 46.7}, ""eventActionType"": ""pass"", ""isHome"": true, ""keypass"": false}",,
1218066,Anis Hadj Moussa,14053580,rating-breakdown,passes,passes,,,,Feyenoord,90.0,,37.5,23.7,36.2,19.9,True,True,1,boolean_field,success,True,,False,False,pass,rating-breakdown,True,37.5,23.7,36.2,19.9,pass,True,False,"{""playerCoordinates"": {""x"": 37.5, ""y"": 23.7}, ""passEndCoordinates"": {""x"": 36.2, ""y"": 19.9}, ""eventActionType"": ""pass"", ""isHome"": true, ""outcome"": true, ""keypass"": false}",,
1218066,Anis Hadj Moussa,14053580,rating-breakdown,passes,passes,,,,Feyenoord,90.0,,40.3,21.5,31.7,31.3,True,True,1,boolean_field,success,True,,False,False,pass,rating-breakdown,True,40.3,21.5,31.7,31.3,pass,True,False,"{""playerCoordinates"": {""x"": 40.3, ""y"": 21.5}, ""passEndCoordinates"": {""x"": 31.7, ""y"": 31.3}, ""eventActionType"": ""pass"", ""isHome"": true, ""outcome"": true, ""keypass"": false}",,
1218066,Anis Hadj Moussa,14053580,rating-breakdown,passes,passes,,,,Feyenoord,90.0,,47.3,28.9,57.2,0,,,,unresolvable,,,,False,False,pass,rating-breakdown,True,47.3,28.9,57.2,0,pass,True,False,"{""playerCoordinates"": {""x"": 47.3, ""y"": 28.9}, ""passEndCoordinates"": {""x"": 57.2, ""y"": 0}, ""eventActionType"": ""pass"", ""isHome"": true, ""keypass"": false}",,
1218066,Anis Hadj Moussa,14053580,rating-breakdown,passes,passes,,,,Feyenoord,90.0,,85,85.2,94.7,86.9,True,True,1,boolean_field,success,True,,False,False,pass,rating-breakdown,True,85,85.2,94.7,86.9,pass,True,False,"{""playerCoordinates"": {""x"": 85, ""y"": 85.2}, ""passEndCoordinates"": {""x"": 94.7, ""y"": 86.9}, ""eventActionType"": ""pass"", ""isHome"": true, ""outcome"": true, ""keypass"": false}",,
1218066,Anis Hadj Moussa,14053580,rating-breakdown,passes,passes,,,,Feyenoord,90.0,,86.8,4.9,76.2,3.3,True,True,1,boolean_field,success,True,,False,False,pass,rating-breakdown,True,86.8,4.9,76.2,3.3,pass,True,False,"{""playerCoordinates"": {""x"": 86.8, ""y"": 4.9}, ""passEndCoordinates"": {""x"": 76.2, ""y"": 3.3}, ""eventActionType"": ""pass"", ""isHome"": true, ""outcome"": true, ""keypass"": false}",,
1218066,Anis Hadj Moussa,14053580,rating-breakdown,passes,passes,,,,Feyenoord,90.0,,80.2,2.9,96.9,21.7,True,True,1,boolean_field,success,True,,False,False,pass,rating-breakdown,True,80.2,2.9,96.9,21.7,pass,True,False,"{""playerCoordinates"": {""x"": 80.2, ""y"": 2.9}, ""passEndCoordinates"": {""x"": 96.9, ""y"": 21.7}, ""eventActionType"": ""pass"", ""isHome"": true, ""outcome"": true, ""keypass"": false}",,
1218066,Anis Hadj Moussa,14053580,rating-breakdown,passes,passes,,,,Feyenoord,90.0,,71.7,2.5,57.8,8,True,True,1,boolean_field,success,True,,False,False,pass,rating-breakdown,True,71.7,2.5,57.8,8,pass,True,False,"{""playerCoordinates"": {""x"": 71.7, ""y"": 2.5}, ""passEndCoordinates"": {""x"": 57.8, ""y"": 8}, ""eventActionType"": ""pass"", ""isHome"": true, ""outcome"": true, ""keypass"": false}",,
1218066,Anis Hadj Moussa,14053580,rating-breakdown,passes,passes,,,,Feyenoord,90.0,,87,19.7,97.6,55.2,,,,unresolvable,,,,False,False,pass,rating-breakdown,True,87,19.7,97.6,55.2,cross,True,False,"{""playerCoordinates"": {""x"": 87, ""y"": 19.7}, ""passEndCoordinates"": {""x"": 97.6, ""y"": 55.2}, ""eventActionType"": ""cross"", ""isHome"": true, ""keypass"": false}",,
1218066,Anis Hadj Moussa,14053580,rating-breakdown,passes,passes,,,,Feyenoord,90.0,,73.6,31.3,77.9,40.7,,,,unresolvable,,,,False,False,pass,rating-breakdown,True,73.6,31.3,77.9,40.7,pass,True,False,"{""playerCoordinates"": {""x"": 73.6, ""y"": 31.3}, ""passEndCoordinates"": {""x"": 77.9, ""y"": 40.7}, ""eventActionType"": ""pass"", ""isHome"": true, ""keypass"": false}",,
1218066,Anis Hadj Moussa,14053580,rating-breakdown,passes,passes,,,,Feyenoord,90.0,,77.5,21.7,66.2,18,True,True,1,boolean_field,success,True,,False,False,pass,rating-breakdown,True,77.5,21.7,66.2,18,pass,True,False,"{""playerCoordinates"": {""x"": 77.5, ""y"": 21.7}, ""passEndCoordinates"": {""x"": 66.2, ""y"": 18}, ""eventActionType"": ""pass"", ""isHome"": true, ""outcome"": true, ""keypass"": false}",,
1218066,Anis Hadj Moussa,14053580,rating-breakdown,passes,passes,,,,Feyenoord,90.0,,72.9,18.2,69.9,23.3,True,True,1,boolean_field,success,True,,False,False,pass,rating-breakdown,True,72.9,18.2,69.9,23.3,pass,True,False,"{""playerCoordinates"": {""x"": 72.9, ""y"": 18.2}, ""passEndCoordinates"": {""x"": 69.9, ""y"": 23.3}, ""eventActionType"": ""pass"", ""isHome"": true, ""outcome"": true, ""keypass"": false}",,
1218066,Anis Hadj Moussa,14053580,rating-breakdown,passes,passes,,,,Feyenoord,90.0,,68.1,17.6,67,23.2,True,True,1,boolean_field,success,True,,False,False,pass,rating-breakdown,True,68.1,17.6,67,23.2,pass,True,False,"{""playerCoordinates"": {""x"": 68.1, ""y"": 17.6}, ""passEndCoordinates"": {""x"": 67, ""y"": 23.2}, ""eventActionType"": ""pass"", ""isHome"": true, ""outcome"": true, ""keypass"": false}",,
1218066,Anis Hadj Moussa,14053580,rating-breakdown,passes,passes,,,,Feyenoord,90.0,,68.8,22.1,76.5,29.7,True,True,1,boolean_field,success,True,,False,False,pass,rating-breakdown,True,68.8,22.1,76.5,29.7,pass,True,False,"{""playerCoordinates"": {""x"": 68.8, ""y"": 22.1}, ""passEndCoordinates"": {""x"": 76.5, ""y"": 29.7}, ""eventActionType"": ""pass"", ""isHome"": true, ""outcome"": true, ""keypass"": false}",,
1218066,Anis Hadj Moussa,14053580,rating-breakdown,passes,passes,,,,Feyenoord,90.0,,61.7,21.9,66,40.3,True,True,1,boolean_field,success,True,,False,False,pass,rating-breakdown,True,61.7,21.9,66,40.3,pass,True,False,"{""playerCoordinates"": {""x"": 61.7, ""y"": 21.9}, ""passEndCoordinates"": {""x"": 66, ""y"": 40.3}, ""eventActionType"": ""pass"", ""isHome"": true, ""outcome"": true, ""keypass"": false}",,
1218066,Anis Hadj Moussa,14053580,rating-breakdown,passes,passes,,,,Feyenoord,90.0,,71.5,18.6,78.5,18.8,,,,unresolvable,,,,False,False,pass,rating-breakdown,True,71.5,18.6,78.5,18.8,pass,True,False,"{""playerCoordinates"": {""x"": 71.5, ""y"": 18.6}, ""passEndCoordinates"": {""x"": 78.5, ""y"": 18.8}, ""eventActionType"": ""pass"", ""isHome"": true, ""keypass"": false}",,
1218066,Anis Hadj Moussa,14053580,rating-breakdown,passes,passes,,,,Feyenoord,90.0,,67.1,4.9,59.7,14.6,True,True,1,boolean_field,success,True,,False,False,pass,rating-breakdown,True,67.1,4.9,59.7,14.6,pass,True,False,"{""playerCoordinates"": {""x"": 67.1, ""y"": 4.9}, ""passEndCoordinates"": {""x"": 59.7, ""y"": 14.6}, ""eventActionType"": ""pass"", ""isHome"": true, ""outcome"": true, ""keypass"": false}",,
1218066,Anis Hadj Moussa,14053580,rating-breakdown,passes,passes,,,,Feyenoord,90.0,,81.1,28,85.5,44.6,,,,unresolvable,,,,False,False,pass,rating-breakdown,True,81.1,28,85.5,44.6,pass,True,False,"{""playerCoordinates"": {""x"": 81.1, ""y"": 28}, ""passEndCoordinates"": {""x"": 85.5, ""y"": 44.6}, ""eventActionType"": ""pass"", ""isHome"": true, ""keypass"": false}",,
1218066,Anis Hadj Moussa,14053580,rating-breakdown,passes,passes,,,,Feyenoord,90.0,,55.4,23.9,65.5,24.2,,,,unresolvable,,,,False,False,pass,rating-breakdown,True,55.4,23.9,65.5,24.2,pass,True,False,"{""playerCoordinates"": {""x"": 55.4, ""y"": 23.9}, ""passEndCoordinates"": {""x"": 65.5, ""y"": 24.2}, ""eventActionType"": ""pass"", ""isHome"": true, ""keypass"": false}",,
1218066,Anis Hadj Moussa,14053580,rating-breakdown,passes,passes,,,,Feyenoord,90.0,,73.6,38.9,53.6,45,True,True,1,boolean_field,success,True,,False,False,pass,rating-breakdown,True,73.6,38.9,53.6,45,pass,True,False,"{""playerCoordinates"": {""x"": 73.6, ""y"": 38.9}, ""passEndCoordinates"": {""x"": 53.6, ""y"": 45}, ""eventActionType"": ""pass"", ""isHome"": true, ""outcome"": true, ""keypass"": false}",,
1218066,Anis Hadj Moussa,14053580,rating-breakdown,passes,passes,,,,Feyenoord,90.0,,69.4,16.2,88.9,8.2,,,,unresolvable,,,,False,False,pass,rating-breakdown,True,69.4,16.2,88.9,8.2,pass,True,False,"{""playerCoordinates"": {""x"": 69.4, ""y"": 16.2}, ""passEndCoordinates"": {""x"": 88.9, ""y"": 8.2}, ""eventActionType"": ""pass"", ""isHome"": true, ""keypass"": false}",,
1218066,Anis Hadj Moussa,14053580,rating-breakdown,passes,passes,,,,Feyenoord,90.0,,84.2,13.1,90.5,7.8,True,True,1,boolean_field,success,True,,False,False,pass,rating-breakdown,True,84.2,13.1,90.5,7.8,pass,True,False,"{""playerCoordinates"": {""x"": 84.2, ""y"": 13.1}, ""passEndCoordinates"": {""x"": 90.5, ""y"": 7.8}, ""eventActionType"": ""pass"", ""isHome"": true, ""outcome"": true, ""keypass"": false}",,
1218066,Anis Hadj Moussa,14053580,rating-breakdown,passes,passes,,,,Feyenoord,90.0,,22.4,34.6,39,31.9,True,True,1,boolean_field,success,True,,False,False,pass,rating-breakdown,True,22.4,34.6,39,31.9,pass,True,False,"{""playerCoordinates"": {""x"": 22.4, ""y"": 34.6}, ""passEndCoordinates"": {""x"": 39, ""y"": 31.9}, ""eventActionType"": ""pass"", ""isHome"": true, ""outcome"": true, ""keypass"": false}",,
1218066,Anis Hadj Moussa,14053580,rating-breakdown,passes,passes,,,,Feyenoord,90.0,,77.2,27.4,90,23.1,True,True,1,boolean_field,success,True,,False,False,pass,rating-breakdown,True,77.2,27.4,90,23.1,pass,True,False,"{""playerCoordinates"": {""x"": 77.2, ""y"": 27.4}, ""passEndCoordinates"": {""x"": 90, ""y"": 23.1}, ""eventActionType"": ""pass"", ""isHome"": true, ""outcome"": true, ""keypass"": false}",,
1218066,Anis Hadj Moussa,14053580,rating-breakdown,passes,passes,,,,Feyenoord,90.0,,75.2,32.3,71.4,47.7,True,True,1,boolean_field,success,True,,False,False,pass,rating-breakdown,True,75.2,32.3,71.4,47.7,pass,True,False,"{""playerCoordinates"": {""x"": 75.2, ""y"": 32.3}, ""passEndCoordinates"": {""x"": 71.4, ""y"": 47.7}, ""eventActionType"": ""pass"", ""isHome"": true, ""outcome"": true, ""keypass"": false}",,
1218066,Anis Hadj Moussa,14053580,rating-breakdown,passes,passes,,,,Feyenoord,90.0,,73.5,7.2,66,32.1,True,True,1,boolean_field,success,True,,False,False,pass,rating-breakdown,True,73.5,7.2,66,32.1,pass,True,False,"{""playerCoordinates"": {""x"": 73.5, ""y"": 7.2}, ""passEndCoordinates"": {""x"": 66, ""y"": 32.1}, ""eventActionType"": ""pass"", ""isHome"": true, ""outcome"": true, ""keypass"": false}",,
1218066,Anis Hadj Moussa,14053580,rating-breakdown,passes,passes,,,,Feyenoord,90.0,,73.5,4.3,72.5,7.9,,,,unresolvable,,,,False,False,pass,rating-breakdown,True,73.5,4.3,72.5,7.9,pass,True,False,"{""playerCoordinates"": {""x"": 73.5, ""y"": 4.3}, ""passEndCoordinates"": {""x"": 72.5, ""y"": 7.9}, ""eventActionType"": ""pass"", ""isHome"": true, ""keypass"": false}",,
1218066,Anis Hadj Moussa,14053580,rating-breakdown,passes,passes,,,,Feyenoord,90.0,,74.9,3.5,67.5,4,True,True,1,boolean_field,success,True,,False,False,pass,rating-breakdown,True,74.9,3.5,67.5,4,pass,True,False,"{""playerCoordinates"": {""x"": 74.9, ""y"": 3.5}, ""passEndCoordinates"": {""x"": 67.5, ""y"": 4}, ""eventActionType"": ""pass"", ""isHome"": true, ""outcome"": true, ""keypass"": false}",,
1218066,Anis Hadj Moussa,14053580,rating-breakdown,passes,passes,,,,Feyenoord,90.0,,67.2,18.2,55.3,21.7,True,True,1,boolean_field,success,True,,False,False,pass,rating-breakdown,True,67.2,18.2,55.3,21.7,pass,True,False,"{""playerCoordinates"": {""x"": 67.2, ""y"": 18.2}, ""passEndCoordinates"": {""x"": 55.3, ""y"": 21.7}, ""eventActionType"": ""pass"", ""isHome"": true, ""outcome"": true, ""keypass"": false}",,
1218066,Anis Hadj Moussa,14053580,rating-breakdown,dribbles,dribbles,,,,Feyenoord,90.0,,95.8,28.2,,,,,,unresolvable,,,,False,False,,rating-breakdown,True,95.8,28.2,,,dribble,True,False,"{""playerCoordinates"": {""x"": 95.8, ""y"": 28.2}, ""eventActionType"": ""dribble"", ""isHome"": true, ""keypass"": false}",,
1218066,Anis Hadj Moussa,14053580,rating-breakdown,dribbles,dribbles,,,,Feyenoord,90.0,,64.4,6.2,,,,,,unresolvable,,,,False,False,,rating-breakdown,True,64.4,6.2,,,dribble,True,False,"{""playerCoordinates"": {""x"": 64.4, ""y"": 6.2}, ""eventActionType"": ""dribble"", ""isHome"": true, ""keypass"": false}",,
1218066,Anis Hadj Moussa,14053580,rating-breakdown,dribbles,dribbles,,,,Feyenoord,90.0,,87.3,28.4,,,,,,unresolvable,,,,False,False,,rating-breakdown,True,87.3,28.4,,,dribble,True,False,"{""playerCoordinates"": {""x"": 87.3, ""y"": 28.4}, ""eventActionType"": ""dribble"", ""isHome"": true, ""keypass"": false}",,
1218066,Anis Hadj Moussa,14053580,rating-breakdown,dribbles,dribbles,,,,Feyenoord,90.0,,86.2,39,,,True,True,1,boolean_field,success,,True,False,False,,rating-breakdown,True,86.2,39,,,dribble,True,False,"{""playerCoordinates"": {""x"": 86.2, ""y"": 39}, ""eventActionType"": ""dribble"", ""isHome"": true, ""outcome"": true, ""keypass"": false}",,
1218066,Anis Hadj Moussa,14053580,rating-breakdown,dribbles,dribbles,,,,Feyenoord,90.0,,87.1,41.4,,,True,True,1,boolean_field,success,,True,False,False,,rating-breakdown,True,87.1,41.4,,,dribble,True,False,"{""playerCoordinates"": {""x"": 87.1, ""y"": 41.4}, ""eventActionType"": ""dribble"", ""isHome"": true, ""outcome"": true, ""keypass"": false}",,
1218066,Anis Hadj Moussa,14053580,rating-breakdown,dribbles,dribbles,,,,Feyenoord,90.0,,70.2,12.2,,,True,True,1,boolean_field,success,,True,False,False,,rating-breakdown,True,70.2,12.2,,,dribble,True,False,"{""playerCoordinates"": {""x"": 70.2, ""y"": 12.2}, ""eventActionType"": ""dribble"", ""isHome"": true, ""outcome"": true, ""keypass"": false}",,
1218066,Anis Hadj Moussa,14053580,rating-breakdown,dribbles,dribbles,,,,Feyenoord,90.0,,78.6,12.8,,,True,True,1,boolean_field,success,,True,False,False,,rating-breakdown,True,78.6,12.8,,,dribble,True,False,"{""playerCoordinates"": {""x"": 78.6, ""y"": 12.8}, ""eventActionType"": ""dribble"", ""isHome"": true, ""outcome"": true, ""keypass"": false}",,
1218066,Anis Hadj Moussa,14053580,rating-breakdown,dribbles,dribbles,,,,Feyenoord,90.0,,94,14.5,,,,,,unresolvable,,,,False,False,,rating-breakdown,True,94,14.5,,,dribble,True,False,"{""playerCoordinates"": {""x"": 94, ""y"": 14.5}, ""eventActionType"": ""dribble"", ""isHome"": true, ""keypass"": false}",,
1218066,Anis Hadj Moussa,14053580,rating-breakdown,dribbles,dribbles,,,,Feyenoord,90.0,,67.8,9.5,,,True,True,1,boolean_field,success,,True,False,False,,rating-breakdown,True,67.8,9.5,,,dribble,True,False,"{""playerCoordinates"": {""x"": 67.8, ""y"": 9.5}, ""eventActionType"": ""dribble"", ""isHome"": true, ""outcome"": true, ""keypass"": false}",,
1218066,Anis Hadj Moussa,14053580,rating-breakdown,dribbles,dribbles,,,,Feyenoord,90.0,,96.6,30.6,,,,,,unresolvable,,,,False,False,,rating-breakdown,True,96.6,30.6,,,dribble,True,False,"{""playerCoordinates"": {""x"": 96.6, ""y"": 30.6}, ""eventActionType"": ""dribble"", ""isHome"": true, ""keypass"": false}",,
1218066,Anis Hadj Moussa,14053580,rating-breakdown,defensive,defensive,,,,Feyenoord,90.0,,73,8,,,True,True,1,boolean_field,success,,True,False,False,,rating-breakdown,True,73,8,,,tackle,True,False,"{""playerCoordinates"": {""x"": 73, ""y"": 8}, ""eventActionType"": ""tackle"", ""isHome"": true, ""outcome"": true, ""keypass"": false}",,
1218066,Anis Hadj Moussa,14053580,rating-breakdown,defensive,defensive,,,,Feyenoord,90.0,,77.8,5.9,,,True,True,1,boolean_field,success,,True,False,False,,rating-breakdown,True,77.8,5.9,,,ball-recovery,True,False,"{""playerCoordinates"": {""x"": 77.8, ""y"": 5.9}, ""eventActionType"": ""ball-recovery"", ""isHome"": true, ""outcome"": true, ""keypass"": false}",,
1218066,Anis Hadj Moussa,14053580,rating-breakdown,defensive,defensive,,,,Feyenoord,90.0,,39.1,30.5,,,True,True,1,boolean_field,success,,True,False,False,,rating-breakdown,True,39.1,30.5,,,interception,True,False,"{""playerCoordinates"": {""x"": 39.1, ""y"": 30.5}, ""eventActionType"": ""interception"", ""isHome"": true, ""outcome"": true, ""keypass"": false}",,
1218066,Anis Hadj Moussa,14053580,rating-breakdown,defensive,defensive,,,,Feyenoord,90.0,,37.1,18.5,,,True,True,1,boolean_field,success,,True,False,False,,rating-breakdown,True,37.1,18.5,,,ball-recovery,True,False,"{""playerCoordinates"": {""x"": 37.1, ""y"": 18.5}, ""eventActionType"": ""ball-recovery"", ""isHome"": true, ""outcome"": true, ""keypass"": false}",,
1218066,Anis Hadj Moussa,14053580,rating-breakdown,defensive,defensive,,,,Feyenoord,90.0,,69.1,53,,,True,True,1,boolean_field,success,,True,False,False,,rating-breakdown,True,69.1,53,,,ball-recovery,True,False,"{""playerCoordinates"": {""x"": 69.1, ""y"": 53}, ""eventActionType"": ""ball-recovery"", ""isHome"": true, ""outcome"": true, ""keypass"": false}",,
1218066,Anis Hadj Moussa,14053580,rating-breakdown,defensive,defensive,,,,Feyenoord,90.0,,87.2,11.2,,,True,True,1,boolean_field,success,,True,False,False,,rating-breakdown,True,87.2,11.2,,,ball-recovery,True,False,"{""playerCoordinates"": {""x"": 87.2, ""y"": 11.2}, ""eventActionType"": ""ball-recovery"", ""isHome"": true, ""outcome"": true, ""keypass"": false}",,
1218066,Anis Hadj Moussa,14053580,rating-breakdown,defensive,defensive,,,,Feyenoord,90.0,,26.6,33.2,,,True,True,1,boolean_field,success,,True,False,False,,rating-breakdown,True,26.6,33.2,,,ball-recovery,True,False,"{""playerCoordinates"": {""x"": 26.6, ""y"": 33.2}, ""eventActionType"": ""ball-recovery"", ""isHome"": true, ""outcome"": true, ""keypass"": false}",,
1218066,Anis Hadj Moussa,14053594,rating-breakdown,passes,passes,,,,Feyenoord,88.0,,85.7,27,93.3,36,True,True,1,boolean_field,success,True,,False,False,pass,rating-breakdown,True,85.7,27,93.3,36,pass,False,False,"{""playerCoordinates"": {""x"": 85.7, ""y"": 27}, ""passEndCoordinates"": {""x"": 93.3, ""y"": 36}, ""eventActionType"": ""pass"", ""isHome"": false, ""outcome"": true, ""keypass"": false}",,
1218066,Anis Hadj Moussa,14053594,rating-breakdown,passes,passes,,,,Feyenoord,88.0,,56.8,3.7,75.4,13.7,,,,unresolvable,,,,False,False,pass,rating-breakdown,True,56.8,3.7,75.4,13.7,pass,False,False,"{""playerCoordinates"": {""x"": 56.8, ""y"": 3.7}, ""passEndCoordinates"": {""x"": 75.4, ""y"": 13.7}, ""eventActionType"": ""pass"", ""isHome"": false, ""keypass"": false}",,
1218066,Anis Hadj Moussa,14053594,rating-breakdown,passes,passes,,,,Feyenoord,88.0,,44.3,37.4,87.6,36.1,,,,unresolvable,,,,False,False,pass,rating-breakdown,True,44.3,37.4,87.6,36.1,pass,False,False,"{""playerCoordinates"": {""x"": 44.3, ""y"": 37.4}, ""passEndCoordinates"": {""x"": 87.6, ""y"": 36.1}, ""eventActionType"": ""pass"", ""isHome"": false, ""keypass"": false, ""isLongBall"": true}",True,
1218066,Anis Hadj Moussa,14053594,rating-breakdown,passes,passes,,,,Feyenoord,88.0,,81.3,15.3,82.1,18.2,,,,unresolvable,,,,False,False,pass,rating-breakdown,True,81.3,15.3,82.1,18.2,cross,False,False,"{""playerCoordinates"": {""x"": 81.3, ""y"": 15.3}, ""passEndCoordinates"": {""x"": 82.1, ""y"": 18.2}, ""eventActionType"": ""cross"", ""isHome"": false, ""keypass"": false}",,
1218066,Anis Hadj Moussa,14053594,rating-breakdown,passes,passes,,,,Feyenoord,88.0,,63.4,2.7,42.6,4.1,True,True,1,boolean_field,success,True,,False,False,pass,rating-breakdown,True,63.4,2.7,42.6,4.1,pass,False,False,"{""playerCoordinates"": {""x"": 63.4, ""y"": 2.7}, ""passEndCoordinates"": {""x"": 42.6, ""y"": 4.1}, ""eventActionType"": ""pass"", ""isHome"": false, ""outcome"": true, ""keypass"": false}",,
1218066,Anis Hadj Moussa,14053594,rating-breakdown,passes,passes,,,,Feyenoord,88.0,,61.4,10.1,51.5,16.7,True,True,1,boolean_field,success,True,,False,False,pass,rating-breakdown,True,61.4,10.1,51.5,16.7,pass,False,False,"{""playerCoordinates"": {""x"": 61.4, ""y"": 10.1}, ""passEndCoordinates"": {""x"": 51.5, ""y"": 16.7}, ""eventActionType"": ""pass"", ""isHome"": false, ""outcome"": true, ""keypass"": false}",,
1218066,Anis Hadj Moussa,14053594,rating-breakdown,passes,passes,,,,Feyenoord,88.0,,56.7,7.4,46.6,15.2,True,True,1,boolean_field,success,True,,False,False,pass,rating-breakdown,True,56.7,7.4,46.6,15.2,pass,False,False,"{""playerCoordinates"": {""x"": 56.7, ""y"": 7.4}, ""passEndCoordinates"": {""x"": 46.6, ""y"": 15.2}, ""eventActionType"": ""pass"", ""isHome"": false, ""outcome"": true, ""keypass"": false}",,
1218066,Anis Hadj Moussa,14053594,rating-breakdown,passes,passes,,,,Feyenoord,88.0,,65.8,5,55.2,10.9,True,True,1,boolean_field,success,True,,False,False,pass,rating-breakdown,True,65.8,5,55.2,10.9,pass,False,False,"{""playerCoordinates"": {""x"": 65.8, ""y"": 5}, ""passEndCoordinates"": {""x"": 55.2, ""y"": 10.9}, ""eventActionType"": ""pass"", ""isHome"": false, ""outcome"": true, ""keypass"": false}",,
1218066,Anis Hadj Moussa,14053594,rating-breakdown,passes,passes,,,,Feyenoord,88.0,,95,23.1,95.5,25.2,,,,unresolvable,,,,False,False,pass,rating-breakdown,True,95,23.1,95.5,25.2,cross,False,False,"{""playerCoordinates"": {""x"": 95, ""y"": 23.1}, ""passEndCoordinates"": {""x"": 95.5, ""y"": 25.2}, ""eventActionType"": ""cross"", ""isHome"": false, ""keypass"": false}",,
1218066,Anis Hadj Moussa,14053594,rating-breakdown,passes,passes,,,,Feyenoord,88.0,,66.7,51.2,88.1,44.9,,,,unresolvable,,,,False,False,pass,rating-breakdown,True,66.7,51.2,88.1,44.9,pass,False,False,"{""playerCoordinates"": {""x"": 66.7, ""y"": 51.2}, ""passEndCoordinates"": {""x"": 88.1, ""y"": 44.9}, ""eventActionType"": ""pass"", ""isHome"": false, ""keypass"": false}",,
1218066,Anis Hadj Moussa,14053594,rating-breakdown,passes,passes,,,,Feyenoord,88.0,,59.5,11,51.8,51.3,True,True,1,boolean_field,success,True,,False,False,pass,rating-breakdown,True,59.5,11,51.8,51.3,pass,False,False,"{""playerCoordinates"": {""x"": 59.5, ""y"": 11}, ""passEndCoordinates"": {""x"": 51.8, ""y"": 51.3}, ""eventActionType"": ""pass"", ""isHome"": false, ""outcome"": true, ""keypass"": false}",,
1218066,Anis Hadj Moussa,14053594,rating-breakdown,passes,passes,,,,Feyenoord,88.0,,79.5,9.2,64.2,10.3,True,True,1,boolean_field,success,True,,False,False,pass,rating-breakdown,True,79.5,9.2,64.2,10.3,pass,False,False,"{""playerCoordinates"": {""x"": 79.5, ""y"": 9.2}, ""passEndCoordinates"": {""x"": 64.2, ""y"": 10.3}, ""eventActionType"": ""pass"", ""isHome"": false, ""outcome"": true, ""keypass"": false}",,
1218066,Anis Hadj Moussa,14053594,rating-breakdown,passes,passes,,,,Feyenoord,88.0,,91.8,14.3,88,9.5,True,True,1,boolean_field,success,True,,False,False,pass,rating-breakdown,True,91.8,14.3,88,9.5,pass,False,False,"{""playerCoordinates"": {""x"": 91.8, ""y"": 14.3}, ""passEndCoordinates"": {""x"": 88, ""y"": 9.5}, ""eventActionType"": ""pass"", ""isHome"": false, ""outcome"": true, ""keypass"": false}",,
1218066,Anis Hadj Moussa,14053594,rating-breakdown,passes,passes,,,,Feyenoord,88.0,,87.9,15.6,92.9,63.6,,,,unresolvable,,,,False,False,pass,rating-breakdown,True,87.9,15.6,92.9,63.6,cross,False,False,"{""playerCoordinates"": {""x"": 87.9, ""y"": 15.6}, ""passEndCoordinates"": {""x"": 92.9, ""y"": 63.6}, ""eventActionType"": ""cross"", ""isHome"": false, ""keypass"": false, ""isLongBall"": true}",True,
1218066,Anis Hadj Moussa,14053594,rating-breakdown,passes,passes,,,,Feyenoord,88.0,,73.4,24.6,58.6,37.9,True,True,1,boolean_field,success,True,,False,False,pass,rating-breakdown,True,73.4,24.6,58.6,37.9,pass,False,False,"{""playerCoordinates"": {""x"": 73.4, ""y"": 24.6}, ""passEndCoordinates"": {""x"": 58.6, ""y"": 37.9}, ""eventActionType"": ""pass"", ""isHome"": false, ""outcome"": true, ""keypass"": false}",,
1218066,Anis Hadj Moussa,14053594,rating-breakdown,passes,passes,,,,Feyenoord,88.0,,71,4.7,70.5,24.7,True,True,1,boolean_field,success,True,,False,False,pass,rating-breakdown,True,71,4.7,70.5,24.7,pass,False,False,"{""playerCoordinates"": {""x"": 71, ""y"": 4.7}, ""passEndCoordinates"": {""x"": 70.5, ""y"": 24.7}, ""eventActionType"": ""pass"", ""isHome"": false, ""outcome"": true, ""keypass"": false}",,
1218066,Anis Hadj Moussa,14053594,rating-breakdown,passes,passes,,,,Feyenoord,88.0,,78.6,19,79.8,23.1,,,,unresolvable,,,,False,False,pass,rating-breakdown,True,78.6,19,79.8,23.1,cross,False,False,"{""playerCoordinates"": {""x"": 78.6, ""y"": 19}, ""passEndCoordinates"": {""x"": 79.8, ""y"": 23.1}, ""eventActionType"": ""cross"", ""isHome"": false, ""keypass"": false}",,
1218066,Anis Hadj Moussa,14053594,rating-breakdown,passes,passes,,,,Feyenoord,88.0,,48.1,5.4,45.6,18,True,True,1,boolean_field,success,True,,False,False,pass,rating-breakdown,True,48.1,5.4,45.6,18,pass,False,False,"{""playerCoordinates"": {""x"": 48.1, ""y"": 5.4}, ""passEndCoordinates"": {""x"": 45.6, ""y"": 18}, ""eventActionType"": ""pass"", ""isHome"": false, ""outcome"": true, ""keypass"": false}",,
1218066,Anis Hadj Moussa,14053594,rating-breakdown,passes,passes,,,,Feyenoord,88.0,,59.1,2,39.8,2.3,True,True,1,boolean_field,success,True,,False,False,pass,rating-breakdown,True,59.1,2,39.8,2.3,pass,False,False,"{""playerCoordinates"": {""x"": 59.1, ""y"": 2}, ""passEndCoordinates"": {""x"": 39.8, ""y"": 2.3}, ""eventActionType"": ""pass"", ""isHome"": false, ""outcome"": true, ""keypass"": false}",,
1218066,Anis Hadj Moussa,14053594,rating-breakdown,passes,passes,,,,Feyenoord,88.0,,41.7,12.9,44.7,8,True,True,1,boolean_field,success,True,,False,False,pass,rating-breakdown,True,41.7,12.9,44.7,8,pass,False,False,"{""playerCoordinates"": {""x"": 41.7, ""y"": 12.9}, ""passEndCoordinates"": {""x"": 44.7, ""y"": 8}, ""eventActionType"": ""pass"", ""isHome"": false, ""outcome"": true, ""keypass"": false}",,
1218066,Anis Hadj Moussa,14053594,rating-breakdown,passes,passes,,,,Feyenoord,88.0,,77.9,7,89.3,22.5,True,True,1,boolean_field,success,True,,False,False,pass,rating-breakdown,True,77.9,7,89.3,22.5,pass,False,False,"{""playerCoordinates"": {""x"": 77.9, ""y"": 7}, ""passEndCoordinates"": {""x"": 89.3, ""y"": 22.5}, ""eventActionType"": ""pass"", ""isHome"": false, ""outcome"": true, ""keypass"": false}",,
1218066,Anis Hadj Moussa,14053594,rating-breakdown,passes,passes,,,,Feyenoord,88.0,,29.5,3.3,34,3.7,,,,unresolvable,,,,False,False,pass,rating-breakdown,True,29.5,3.3,34,3.7,pass,False,False,"{""playerCoordinates"": {""x"": 29.5, ""y"": 3.3}, ""passEndCoordinates"": {""x"": 34, ""y"": 3.7}, ""eventActionType"": ""pass"", ""isHome"": false, ""keypass"": false}",,
1218066,Anis Hadj Moussa,14053594,rating-breakdown,passes,passes,,,,Feyenoord,88.0,,70.1,73.4,89.7,32.2,True,True,1,boolean_field,success,True,,False,False,pass,rating-breakdown,True,70.1,73.4,89.7,32.2,cross,False,False,"{""playerCoordinates"": {""x"": 70.1, ""y"": 73.4}, ""passEndCoordinates"": {""x"": 89.7, ""y"": 32.2}, ""eventActionType"": ""cross"", ""isHome"": false, ""outcome"": true, ""keypass"": false, ""isLongBall"": true}",True,
1218066,Anis Hadj Moussa,14053594,rating-breakdown,passes,passes,,,,Feyenoord,88.0,,59.4,58.7,55.3,35.2,True,True,1,boolean_field,success,True,,False,False,pass,rating-breakdown,True,59.4,58.7,55.3,35.2,pass,False,False,"{""playerCoordinates"": {""x"": 59.4, ""y"": 58.7}, ""passEndCoordinates"": {""x"": 55.3, ""y"": 35.2}, ""eventActionType"": ""pass"", ""isHome"": false, ""outcome"": true, ""keypass"": false}",,
1218066,Anis Hadj Moussa,14053594,rating-breakdown,passes,passes,,,,Feyenoord,88.0,,80.2,29.5,91.6,51.7,,,,unresolvable,,,,False,False,pass,rating-breakdown,True,80.2,29.5,91.6,51.7,pass,False,False,"{""playerCoordinates"": {""x"": 80.2, ""y"": 29.5}, ""passEndCoordinates"": {""x"": 91.6, ""y"": 51.7}, ""eventActionType"": ""pass"", ""isHome"": false, ""keypass"": false}",,
1218066,Anis Hadj Moussa,14053594,rating-breakdown,passes,passes,,,,Feyenoord,88.0,,66.6,47,74.1,46.9,True,True,1,boolean_field,success,True,,False,True,key_pass,rating-breakdown,True,66.6,47,74.1,46.9,pass,False,True,"{""playerCoordinates"": {""x"": 66.6, ""y"": 47}, ""passEndCoordinates"": {""x"": 74.1, ""y"": 46.9}, ""eventActionType"": ""pass"", ""isHome"": false, ""outcome"": true, ""keypass"": true}",,
1218066,Anis Hadj Moussa,14053594,rating-breakdown,passes,passes,,,,Feyenoord,88.0,,99.7,0.5,95.5,50.1,,,,unresolvable,,,,False,False,pass,rating-breakdown,True,99.7,0.5,95.5,50.1,cross,False,False,"{""playerCoordinates"": {""x"": 99.7, ""y"": 0.5}, ""passEndCoordinates"": {""x"": 95.5, ""y"": 50.1}, ""eventActionType"": ""cross"", ""isHome"": false, ""keypass"": false, ""isLongBall"": true}",True,
1218066,Anis Hadj Moussa,14053594,rating-breakdown,passes,passes,,,,Feyenoord,88.0,,99.5,0.5,97,47.6,,,,unresolvable,,,,False,False,pass,rating-breakdown,True,99.5,0.5,97,47.6,cross,False,False,"{""playerCoordinates"": {""x"": 99.5, ""y"": 0.5}, ""passEndCoordinates"": {""x"": 97, ""y"": 47.6}, ""eventActionType"": ""cross"", ""isHome"": false, ""keypass"": false, ""isLongBall"": true}",True,
1218066,Anis Hadj Moussa,14053594,rating-breakdown,dribbles,dribbles,,,,Feyenoord,88.0,,61.4,3.1,,,,,,unresolvable,,,,False,False,,rating-breakdown,True,61.4,3.1,,,dribble,False,False,"{""playerCoordinates"": {""x"": 61.4, ""y"": 3.1}, ""eventActionType"": ""dribble"", ""isHome"": false, ""keypass"": false}",,
1218066,Anis Hadj Moussa,14053594,rating-breakdown,dribbles,dribbles,,,,Feyenoord,88.0,,27.4,56.7,,,,,,unresolvable,,,,False,False,,rating-breakdown,True,27.4,56.7,,,dribble,False,False,"{""playerCoordinates"": {""x"": 27.4, ""y"": 56.7}, ""eventActionType"": ""dribble"", ""isHome"": false, ""keypass"": false}",,
1218066,Anis Hadj Moussa,14053594,rating-breakdown,dribbles,dribbles,,,,Feyenoord,88.0,,66.1,41.5,,,True,True,1,boolean_field,success,,True,False,False,,rating-breakdown,True,66.1,41.5,,,dribble,False,False,"{""playerCoordinates"": {""x"": 66.1, ""y"": 41.5}, ""eventActionType"": ""dribble"", ""isHome"": false, ""outcome"": true, ""keypass"": false}",,
1218066,Anis Hadj Moussa,14053594,rating-breakdown,defensive,defensive,,,,Feyenoord,88.0,,54,19.7,,,True,True,1,boolean_field,success,,True,False,False,,rating-breakdown,True,54,19.7,,,ball-recovery,False,False,"{""playerCoordinates"": {""x"": 54, ""y"": 19.7}, ""eventActionType"": ""ball-recovery"", ""isHome"": false, ""outcome"": true, ""keypass"": false}",,
1218066,Anis Hadj Moussa,14053594,rating-breakdown,defensive,defensive,,,,Feyenoord,88.0,,35.8,26.6,,,,,,unresolvable,,,,False,False,,rating-breakdown,True,35.8,26.6,,,tackle,False,False,"{""playerCoordinates"": {""x"": 35.8, ""y"": 26.6}, ""eventActionType"": ""tackle"", ""isHome"": false, ""keypass"": false}",,
1218066,Anis Hadj Moussa,14053594,rating-breakdown,defensive,defensive,,,,Feyenoord,88.0,,23.1,59.5,50.3,44.5,True,True,1,boolean_field,success,,True,False,False,,rating-breakdown,True,23.1,59.5,50.3,44.5,clearance,False,False,"{""playerCoordinates"": {""x"": 23.1, ""y"": 59.5}, ""passEndCoordinates"": {""x"": 50.3, ""y"": 44.5}, ""eventActionType"": ""clearance"", ""isHome"": false, ""outcome"": true, ""keypass"": false}",,
1218066,Anis Hadj Moussa,14053594,rating-breakdown,defensive,defensive,,,,Feyenoord,88.0,,26.8,55.5,,,True,True,1,boolean_field,success,,True,False,False,,rating-breakdown,True,26.8,55.5,,,ball-recovery,False,False,"{""playerCoordinates"": {""x"": 26.8, ""y"": 55.5}, ""eventActionType"": ""ball-recovery"", ""isHome"": false, ""outcome"": true, ""keypass"": false}",,
1218066,Anis Hadj Moussa,14053594,rating-breakdown,defensive,defensive,,,,Feyenoord,88.0,,29.1,45.6,,,True,True,1,boolean_field,success,,True,False,False,,rating-breakdown,True,29.1,45.6,,,tackle,False,False,"{""playerCoordinates"": {""x"": 29.1, ""y"": 45.6}, ""eventActionType"": ""tackle"", ""isHome"": false, ""outcome"": true, ""keypass"": false}",,
1218066,Anis Hadj Moussa,14053594,rating-breakdown,defensive,defensive,,,,Feyenoord,88.0,,70.1,27.4,,,True,True,1,boolean_field,success,,True,False,False,,rating-breakdown,True,70.1,27.4,,,interception,False,False,"{""playerCoordinates"": {""x"": 70.1, ""y"": 27.4}, ""eventActionType"": ""interception"", ""isHome"": false, ""outcome"": true, ""keypass"": false}",,
1218066,Anis Hadj Moussa,14053594,rating-breakdown,defensive,defensive,,,,Feyenoord,88.0,,63.8,37.7,,,True,True,1,boolean_field,success,,True,False,False,,rating-breakdown,True,63.8,37.7,,,ball-recovery,False,False,"{""playerCoordinates"": {""x"": 63.8, ""y"": 37.7}, ""eventActionType"": ""ball-recovery"", ""isHome"": false, ""outcome"": true, ""keypass"": false}",,
1218066,Anis Hadj Moussa,14053594,rating-breakdown,defensive,defensive,,,,Feyenoord,88.0,,56.1,46.3,,,True,True,1,boolean_field,success,,True,False,False,,rating-breakdown,True,56.1,46.3,,,ball-recovery,False,False,"{""playerCoordinates"": {""x"": 56.1, ""y"": 46.3}, ""eventActionType"": ""ball-recovery"", ""isHome"": false, ""outcome"": true, ""keypass"": false}",,
1218066,Anis Hadj Moussa,14053594,rating-breakdown,defensive,defensive,,,,Feyenoord,88.0,,68.1,10.1,,,True,True,1,boolean_field,success,,True,False,False,,rating-breakdown,True,68.1,10.1,,,ball-recovery,False,False,"{""playerCoordinates"": {""x"": 68.1, ""y"": 10.1}, ""eventActionType"": ""ball-recovery"", ""isHome"": false, ""outcome"": true, ""keypass"": false}",,
1218066,Anis Hadj Moussa,14053594,rating-breakdown,defensive,defensive,,,,Feyenoord,88.0,,32.9,51,,,True,True,1,boolean_field,success,,True,False,False,,rating-breakdown,True,32.9,51,,,ball-recovery,False,False,"{""playerCoordinates"": {""x"": 32.9, ""y"": 51}, ""eventActionType"": ""ball-recovery"", ""isHome"": false, ""outcome"": true, ""keypass"": false}",,
1218066,Anis Hadj Moussa,14053651,rating-breakdown,passes,passes,,,,Feyenoord,76.0,,60.7,22.4,54.9,26.3,True,True,1,boolean_field,success,True,,False,False,pass,rating-breakdown,True,60.7,22.4,54.9,26.3,pass,False,False,"{""playerCoordinates"": {""x"": 60.7, ""y"": 22.4}, ""passEndCoordinates"": {""x"": 54.9, ""y"": 26.3}, ""eventActionType"": ""pass"", ""isHome"": false, ""outcome"": true, ""keypass"": false}",,
1218066,Anis Hadj Moussa,14053651,rating-breakdown,passes,passes,,,,Feyenoord,76.0,,42.4,42.7,59.3,86.5,True,True,1,boolean_field,success,True,,False,False,pass,rating-breakdown,True,42.4,42.7,59.3,86.5,pass,False,False,"{""playerCoordinates"": {""x"": 42.4, ""y"": 42.7}, ""passEndCoordinates"": {""x"": 59.3, ""y"": 86.5}, ""eventActionType"": ""pass"", ""isHome"": false, ""outcome"": true, ""keypass"": false, ""isLongBall"": true}",True,
1218066,Anis Hadj Moussa,14053651,rating-breakdown,passes,passes,,,,Feyenoord,76.0,,85.9,31.4,95.2,27.4,True,True,1,boolean_field,success,True,,False,False,pass,rating-breakdown,True,85.9,31.4,95.2,27.4,pass,False,False,"{""playerCoordinates"": {""x"": 85.9, ""y"": 31.4}, ""passEndCoordinates"": {""x"": 95.2, ""y"": 27.4}, ""eventActionType"": ""pass"", ""isHome"": false, ""outcome"": true, ""keypass"": false}",,
1218066,Anis Hadj Moussa,14053651,rating-breakdown,passes,passes,,,,Feyenoord,76.0,,77.2,7.7,89.1,26.7,,,,unresolvable,,,,False,False,pass,rating-breakdown,True,77.2,7.7,89.1,26.7,pass,False,False,"{""playerCoordinates"": {""x"": 77.2, ""y"": 7.7}, ""passEndCoordinates"": {""x"": 89.1, ""y"": 26.7}, ""eventActionType"": ""pass"", ""isHome"": false, ""keypass"": false}",,
1218066,Anis Hadj Moussa,14053651,rating-breakdown,passes,passes,,,,Feyenoord,76.0,,87.3,89.1,92.6,41.5,True,True,1,boolean_field,success,True,,False,True,key_pass,rating-breakdown,True,87.3,89.1,92.6,41.5,cross,False,True,"{""playerCoordinates"": {""x"": 87.3, ""y"": 89.1}, ""passEndCoordinates"": {""x"": 92.6, ""y"": 41.5}, ""eventActionType"": ""cross"", ""isHome"": false, ""outcome"": true, ""keypass"": true, ""isLongBall"": true}",True,
1218066,Anis Hadj Moussa,14053651,rating-breakdown,passes,passes,,,,Feyenoord,76.0,,98,23.6,97.5,25.7,,,,unresolvable,,,,False,False,pass,rating-breakdown,True,98,23.6,97.5,25.7,cross,False,False,"{""playerCoordinates"": {""x"": 98, ""y"": 23.6}, ""passEndCoordinates"": {""x"": 97.5, ""y"": 25.7}, ""eventActionType"": ""cross"", ""isHome"": false, ""keypass"": false}",,
1218066,Anis Hadj Moussa,14053651,rating-breakdown,passes,passes,,,,Feyenoord,76.0,,99.5,0.5,96,43.6,,,,unresolvable,,,,False,False,pass,rating-breakdown,True,99.5,0.5,96,43.6,cross,False,False,"{""playerCoordinates"": {""x"": 99.5, ""y"": 0.5}, ""passEndCoordinates"": {""x"": 96, ""y"": 43.6}, ""eventActionType"": ""cross"", ""isHome"": false, ""keypass"": false}",,
1218066,Anis Hadj Moussa,14053651,rating-breakdown,passes,passes,,,,Feyenoord,76.0,,55.3,38.2,66.7,16.8,True,True,1,boolean_field,success,True,,False,False,pass,rating-breakdown,True,55.3,38.2,66.7,16.8,pass,False,False,"{""playerCoordinates"": {""x"": 55.3, ""y"": 38.2}, ""passEndCoordinates"": {""x"": 66.7, ""y"": 16.8}, ""eventActionType"": ""pass"", ""isHome"": false, ""outcome"": true, ""keypass"": false}",,
1218066,Anis Hadj Moussa,14053651,rating-breakdown,passes,passes,,,,Feyenoord,76.0,,60.5,36.1,46.7,42,True,True,1,boolean_field,success,True,,False,False,pass,rating-breakdown,True,60.5,36.1,46.7,42,pass,False,False,"{""playerCoordinates"": {""x"": 60.5, ""y"": 36.1}, ""passEndCoordinates"": {""x"": 46.7, ""y"": 42}, ""eventActionType"": ""pass"", ""isHome"": false, ""outcome"": true, ""keypass"": false}",,
1218066,Anis Hadj Moussa,14053651,rating-breakdown,passes,passes,,,,Feyenoord,76.0,,93.1,20.7,84.3,21.7,True,True,1,boolean_field,success,True,,False,False,pass,rating-breakdown,True,93.1,20.7,84.3,21.7,pass,False,False,"{""playerCoordinates"": {""x"": 93.1, ""y"": 20.7}, ""passEndCoordinates"": {""x"": 84.3, ""y"": 21.7}, ""eventActionType"": ""pass"", ""isHome"": false, ""outcome"": true, ""keypass"": false}",,
1218066,Anis Hadj Moussa,14053651,rating-breakdown,passes,passes,,,,Feyenoord,76.0,,30.4,63.3,55.3,26.8,True,True,1,boolean_field,success,True,,False,False,pass,rating-breakdown,True,30.4,63.3,55.3,26.8,pass,False,False,"{""playerCoordinates"": {""x"": 30.4, ""y"": 63.3}, ""passEndCoordinates"": {""x"": 55.3, ""y"": 26.8}, ""eventActionType"": ""pass"", ""isHome"": false, ""outcome"": true, ""keypass"": false, ""isLongBall"": true}",True,
1218066,Anis Hadj Moussa,14053651,rating-breakdown,passes,passes,,,,Feyenoord,76.0,,65.2,4.3,83.2,15.4,True,True,1,boolean_field,success,True,,False,False,pass,rating-breakdown,True,65.2,4.3,83.2,15.4,pass,False,False,"{""playerCoordinates"": {""x"": 65.2, ""y"": 4.3}, ""passEndCoordinates"": {""x"": 83.2, ""y"": 15.4}, ""eventActionType"": ""pass"", ""isHome"": false, ""outcome"": true, ""keypass"": false}",,
1218066,Anis Hadj Moussa,14053651,rating-breakdown,passes,passes,,,,Feyenoord,76.0,,83.4,11.6,58,23.8,True,True,1,boolean_field,success,True,,False,False,pass,rating-breakdown,True,83.4,11.6,58,23.8,pass,False,False,"{""playerCoordinates"": {""x"": 83.4, ""y"": 11.6}, ""passEndCoordinates"": {""x"": 58, ""y"": 23.8}, ""eventActionType"": ""pass"", ""isHome"": false, ""outcome"": true, ""keypass"": false}",,
1218066,Anis Hadj Moussa,14053651,rating-breakdown,passes,passes,,,,Feyenoord,76.0,,69,3.3,58,24.8,True,True,1,boolean_field,success,True,,False,False,pass,rating-breakdown,True,69,3.3,58,24.8,pass,False,False,"{""playerCoordinates"": {""x"": 69, ""y"": 3.3}, ""passEndCoordinates"": {""x"": 58, ""y"": 24.8}, ""eventActionType"": ""pass"", ""isHome"": false, ""outcome"": true, ""keypass"": false}",,
1218066,Anis Hadj Moussa,14053651,rating-breakdown,passes,passes,,,,Feyenoord,76.0,,86,26.8,87.2,57.3,,,,unresolvable,,,,False,False,pass,rating-breakdown,True,86,26.8,87.2,57.3,pass,False,False,"{""playerCoordinates"": {""x"": 86, ""y"": 26.8}, ""passEndCoordinates"": {""x"": 87.2, ""y"": 57.3}, ""eventActionType"": ""pass"", ""isHome"": false, ""keypass"": false}",,
1218066,Anis Hadj Moussa,14053651,rating-breakdown,passes,passes,,,,Feyenoord,76.0,,83.4,35.9,87.1,30.9,,,,unresolvable,,,,False,False,pass,rating-breakdown,True,83.4,35.9,87.1,30.9,pass,False,False,"{""playerCoordinates"": {""x"": 83.4, ""y"": 35.9}, ""passEndCoordinates"": {""x"": 87.1, ""y"": 30.9}, ""eventActionType"": ""pass"", ""isHome"": false, ""keypass"": false}",,
1218066,Anis Hadj Moussa,14053651,rating-breakdown,passes,passes,,,,Feyenoord,76.0,,68.2,24.8,71.7,66,True,True,1,boolean_field,success,True,,False,False,pass,rating-breakdown,True,68.2,24.8,71.7,66,pass,False,False,"{""playerCoordinates"": {""x"": 68.2, ""y"": 24.8}, ""passEndCoordinates"": {""x"": 71.7, ""y"": 66}, ""eventActionType"": ""pass"", ""isHome"": false, ""outcome"": true, ""keypass"": false}",,
1218066,Anis Hadj Moussa,14053651,rating-breakdown,passes,passes,,,,Feyenoord,76.0,,69.1,7.1,64.4,19.1,True,True,1,boolean_field,success,True,,False,False,pass,rating-breakdown,True,69.1,7.1,64.4,19.1,pass,False,False,"{""playerCoordinates"": {""x"": 69.1, ""y"": 7.1}, ""passEndCoordinates"": {""x"": 64.4, ""y"": 19.1}, ""eventActionType"": ""pass"", ""isHome"": false, ""outcome"": true, ""keypass"": false}",,
1218066,Anis Hadj Moussa,14053651,rating-breakdown,passes,passes,,,,Feyenoord,76.0,,76.9,18.8,94.6,50.5,,,,unresolvable,,,,False,False,pass,rating-breakdown,True,76.9,18.8,94.6,50.5,cross,False,False,"{""playerCoordinates"": {""x"": 76.9, ""y"": 18.8}, ""passEndCoordinates"": {""x"": 94.6, ""y"": 50.5}, ""eventActionType"": ""cross"", ""isHome"": false, ""keypass"": false}",,
1218066,Anis Hadj Moussa,14053651,rating-breakdown,passes,passes,,,,Feyenoord,76.0,,81.5,24.7,84.2,10.1,True,True,1,boolean_field,success,True,,False,False,pass,rating-breakdown,True,81.5,24.7,84.2,10.1,pass,False,False,"{""playerCoordinates"": {""x"": 81.5, ""y"": 24.7}, ""passEndCoordinates"": {""x"": 84.2, ""y"": 10.1}, ""eventActionType"": ""pass"", ""isHome"": false, ""outcome"": true, ""keypass"": false}",,
1218066,Anis Hadj Moussa,14053651,rating-breakdown,passes,passes,,,,Feyenoord,76.0,,65.6,2.7,75.2,9.2,True,True,1,boolean_field,success,True,,False,False,pass,rating-breakdown,True,65.6,2.7,75.2,9.2,pass,False,False,"{""playerCoordinates"": {""x"": 65.6, ""y"": 2.7}, ""passEndCoordinates"": {""x"": 75.2, ""y"": 9.2}, ""eventActionType"": ""pass"", ""isHome"": false, ""outcome"": true, ""keypass"": false}",,
1218066,Anis Hadj Moussa,14053651,rating-breakdown,passes,passes,,,,Feyenoord,76.0,,80,9.2,82,24.2,True,True,1,boolean_field,success,True,,False,False,pass,rating-breakdown,True,80,9.2,82,24.2,pass,False,False,"{""playerCoordinates"": {""x"": 80, ""y"": 9.2}, ""passEndCoordinates"": {""x"": 82, ""y"": 24.2}, ""eventActionType"": ""pass"", ""isHome"": false, ""outcome"": true, ""keypass"": false}",,
1218066,Anis Hadj Moussa,14053651,rating-breakdown,passes,passes,,,,Feyenoord,76.0,,81.8,29.7,90,47.2,,,,unresolvable,,,,False,False,pass,rating-breakdown,True,81.8,29.7,90,47.2,pass,False,False,"{""playerCoordinates"": {""x"": 81.8, ""y"": 29.7}, ""passEndCoordinates"": {""x"": 90, ""y"": 47.2}, ""eventActionType"": ""pass"", ""isHome"": false, ""keypass"": false}",,
1218066,Anis Hadj Moussa,14053651,rating-breakdown,passes,passes,,,,Feyenoord,76.0,,83.3,13.1,93.4,27.4,True,True,1,boolean_field,success,True,,False,False,pass,rating-breakdown,True,83.3,13.1,93.4,27.4,pass,False,False,"{""playerCoordinates"": {""x"": 83.3, ""y"": 13.1}, ""passEndCoordinates"": {""x"": 93.4, ""y"": 27.4}, ""eventActionType"": ""pass"", ""isHome"": false, ""outcome"": true, ""keypass"": false}",,
1218066,Anis Hadj Moussa,14053651,rating-breakdown,passes,passes,,,,Feyenoord,76.0,,91.3,26.8,89.1,39.8,True,True,1,boolean_field,success,True,,False,False,pass,rating-breakdown,True,91.3,26.8,89.1,39.8,pass,False,False,"{""playerCoordinates"": {""x"": 91.3, ""y"": 26.8}, ""passEndCoordinates"": {""x"": 89.1, ""y"": 39.8}, ""eventActionType"": ""pass"", ""isHome"": false, ""outcome"": true, ""keypass"": false}",,
1218066,Anis Hadj Moussa,14053651,rating-breakdown,passes,passes,,,,Feyenoord,76.0,,90.2,36.4,89.7,46.6,True,True,1,boolean_field,success,True,,False,True,key_pass,rating-breakdown,True,90.2,36.4,89.7,46.6,pass,False,True,"{""playerCoordinates"": {""x"": 90.2, ""y"": 36.4}, ""passEndCoordinates"": {""x"": 89.7, ""y"": 46.6}, ""eventActionType"": ""pass"", ""isHome"": false, ""outcome"": true, ""keypass"": true}",,
1218066,Anis Hadj Moussa,14053651,rating-breakdown,passes,passes,,,,Feyenoord,76.0,,71.4,6.5,80.9,4.1,True,True,1,boolean_field,success,True,,False,False,pass,rating-breakdown,True,71.4,6.5,80.9,4.1,pass,False,False,"{""playerCoordinates"": {""x"": 71.4, ""y"": 6.5}, ""passEndCoordinates"": {""x"": 80.9, ""y"": 4.1}, ""eventActionType"": ""pass"", ""isHome"": false, ""outcome"": true, ""keypass"": false}",,
1218066,Anis Hadj Moussa,14053651,rating-breakdown,passes,passes,,,,Feyenoord,76.0,,99.5,0.5,95.7,42.4,,,,unresolvable,,,,False,False,pass,rating-breakdown,True,99.5,0.5,95.7,42.4,cross,False,False,"{""playerCoordinates"": {""x"": 99.5, ""y"": 0.5}, ""passEndCoordinates"": {""x"": 95.7, ""y"": 42.4}, ""eventActionType"": ""cross"", ""isHome"": false, ""keypass"": false}",,
1218066,Anis Hadj Moussa,14053651,rating-breakdown,passes,passes,,,,Feyenoord,76.0,,88.6,20.5,90.3,59.7,True,True,1,boolean_field,success,True,,False,False,pass,rating-breakdown,True,88.6,20.5,90.3,59.7,cross,False,False,"{""playerCoordinates"": {""x"": 88.6, ""y"": 20.5}, ""passEndCoordinates"": {""x"": 90.3, ""y"": 59.7}, ""eventActionType"": ""cross"", ""isHome"": false, ""outcome"": true, ""keypass"": false}",,
1218066,Anis Hadj Moussa,14053651,rating-breakdown,passes,passes,,,,Feyenoord,76.0,,87.6,15.1,91.1,26.2,True,True,1,boolean_field,success,True,,False,False,pass,rating-breakdown,True,87.6,15.1,91.1,26.2,pass,False,False,"{""playerCoordinates"": {""x"": 87.6, ""y"": 15.1}, ""passEndCoordinates"": {""x"": 91.1, ""y"": 26.2}, ""eventActionType"": ""pass"", ""isHome"": false, ""outcome"": true, ""keypass"": false}",,
1218066,Anis Hadj Moussa,14053651,rating-breakdown,passes,passes,,,,Feyenoord,76.0,,80.8,14.4,93.4,23,,,,unresolvable,,,,False,False,pass,rating-breakdown,True,80.8,14.4,93.4,23,pass,False,False,"{""playerCoordinates"": {""x"": 80.8, ""y"": 14.4}, ""passEndCoordinates"": {""x"": 93.4, ""y"": 23}, ""eventActionType"": ""pass"", ""isHome"": false, ""keypass"": false}",,
1218066,Anis Hadj Moussa,14053651,rating-breakdown,passes,passes,,,,Feyenoord,76.0,,99.5,0.5,92.8,9.2,True,True,1,boolean_field,success,True,,False,False,pass,rating-breakdown,True,99.5,0.5,92.8,9.2,pass,False,False,"{""playerCoordinates"": {""x"": 99.5, ""y"": 0.5}, ""passEndCoordinates"": {""x"": 92.8, ""y"": 9.2}, ""eventActionType"": ""pass"", ""isHome"": false, ""outcome"": true, ""keypass"": false}",,
1218066,Anis Hadj Moussa,14053651,rating-breakdown,passes,passes,,,,Feyenoord,76.0,,96.1,27.1,96.2,40.1,,,,unresolvable,,,,False,False,pass,rating-breakdown,True,96.1,27.1,96.2,40.1,pass,False,False,"{""playerCoordinates"": {""x"": 96.1, ""y"": 27.1}, ""passEndCoordinates"": {""x"": 96.2, ""y"": 40.1}, ""eventActionType"": ""pass"", ""isHome"": false, ""keypass"": false}",,
1218066,Anis Hadj Moussa,14053651,rating-breakdown,passes,passes,,,,Feyenoord,76.0,,99.5,0.5,95.1,40.1,,,,unresolvable,,,,False,False,pass,rating-breakdown,True,99.5,0.5,95.1,40.1,cross,False,False,"{""playerCoordinates"": {""x"": 99.5, ""y"": 0.5}, ""passEndCoordinates"": {""x"": 95.1, ""y"": 40.1}, ""eventActionType"": ""cross"", ""isHome"": false, ""keypass"": false}",,
1218066,Anis Hadj Moussa,14053651,rating-breakdown,dribbles,dribbles,,,,Feyenoord,76.0,,73,39,,,,,,unresolvable,,,,False,False,,rating-breakdown,True,73,39,,,dribble,False,False,"{""playerCoordinates"": {""x"": 73, ""y"": 39}, ""eventActionType"": ""dribble"", ""isHome"": false, ""keypass"": false}",,
1218066,Anis Hadj Moussa,14053651,rating-breakdown,dribbles,dribbles,,,,Feyenoord,76.0,,31.4,26.6,,,True,True,1,boolean_field,success,,True,False,False,,rating-breakdown,True,31.4,26.6,,,dribble,False,False,"{""playerCoordinates"": {""x"": 31.4, ""y"": 26.6}, ""eventActionType"": ""dribble"", ""isHome"": false, ""outcome"": true, ""keypass"": false}",,
1218066,Anis Hadj Moussa,14053651,rating-breakdown,dribbles,dribbles,,,,Feyenoord,76.0,,78.6,8.7,,,,,,unresolvable,,,,False,False,,rating-breakdown,True,78.6,8.7,,,dribble,False,False,"{""playerCoordinates"": {""x"": 78.6, ""y"": 8.7}, ""eventActionType"": ""dribble"", ""isHome"": false, ""keypass"": false}",,
1218066,Anis Hadj Moussa,14053651,rating-breakdown,dribbles,dribbles,,,,Feyenoord,76.0,,63.5,6.6,,,,,,unresolvable,,,,False,False,,rating-breakdown,True,63.5,6.6,,,dribble,False,False,"{""playerCoordinates"": {""x"": 63.5, ""y"": 6.6}, ""eventActionType"": ""dribble"", ""isHome"": false, ""keypass"": false}",,
1218066,Anis Hadj Moussa,14053651,rating-breakdown,dribbles,dribbles,,,,Feyenoord,76.0,,87.4,26.6,,,True,True,1,boolean_field,success,,True,False,False,,rating-breakdown,True,87.4,26.6,,,dribble,False,False,"{""playerCoordinates"": {""x"": 87.4, ""y"": 26.6}, ""eventActionType"": ""dribble"", ""isHome"": false, ""outcome"": true, ""keypass"": false}",,
1218066,Anis Hadj Moussa,14053651,rating-breakdown,defensive,defensive,,,,Feyenoord,76.0,,32.6,27.3,,,True,True,1,boolean_field,success,,True,False,False,,rating-breakdown,True,32.6,27.3,,,ball-recovery,False,False,"{""playerCoordinates"": {""x"": 32.6, ""y"": 27.3}, ""eventActionType"": ""ball-recovery"", ""isHome"": false, ""outcome"": true, ""keypass"": false}",,
1218066,Anis Hadj Moussa,14053651,rating-breakdown,defensive,defensive,,,,Feyenoord,76.0,,30,62.4,,,True,True,1,boolean_field,success,,True,False,False,,rating-breakdown,True,30,62.4,,,ball-recovery,False,False,"{""playerCoordinates"": {""x"": 30, ""y"": 62.4}, ""eventActionType"": ""ball-recovery"", ""isHome"": false, ""outcome"": true, ""keypass"": false}",,
1218066,Anis Hadj Moussa,14053651,rating-breakdown,defensive,defensive,,,,Feyenoord,76.0,,67.7,8.5,,,True,True,1,boolean_field,success,,True,False,False,,rating-breakdown,True,67.7,8.5,,,ball-recovery,False,False,"{""playerCoordinates"": {""x"": 67.7, ""y"": 8.5}, ""eventActionType"": ""ball-recovery"", ""isHome"": false, ""outcome"": true, ""keypass"": false}",,
1218066,Anis Hadj Moussa,14053671,rating-breakdown,passes,passes,,,,Feyenoord,57.0,,19.8,10,33,10.2,,,,unresolvable,,,,False,False,pass,rating-breakdown,True,19.8,10,33,10.2,pass,True,False,"{""playerCoordinates"": {""x"": 19.8, ""y"": 10}, ""passEndCoordinates"": {""x"": 33, ""y"": 10.2}, ""eventActionType"": ""pass"", ""isHome"": true, ""keypass"": false, ""isLongBall"": true}",True,
1218066,Anis Hadj Moussa,14053671,rating-breakdown,passes,passes,,,,Feyenoord,57.0,,81,10.2,80,29,True,True,1,boolean_field,success,True,,False,False,pass,rating-breakdown,True,81,10.2,80,29,pass,True,False,"{""playerCoordinates"": {""x"": 81, ""y"": 10.2}, ""passEndCoordinates"": {""x"": 80, ""y"": 29}, ""eventActionType"": ""pass"", ""isHome"": true, ""outcome"": true, ""keypass"": false}",,
1218066,Anis Hadj Moussa,14053671,rating-breakdown,passes,passes,,,,Feyenoord,57.0,,60.5,33.9,51.6,53.6,True,True,1,boolean_field,success,True,,False,False,pass,rating-breakdown,True,60.5,33.9,51.6,53.6,pass,True,False,"{""playerCoordinates"": {""x"": 60.5, ""y"": 33.9}, ""passEndCoordinates"": {""x"": 51.6, ""y"": 53.6}, ""eventActionType"": ""pass"", ""isHome"": true, ""outcome"": true, ""keypass"": false}",,
1218066,Anis Hadj Moussa,14053671,rating-breakdown,passes,passes,,,,Feyenoord,57.0,,85.4,12.9,100,25.8,,,,unresolvable,,,,False,False,pass,rating-breakdown,True,85.4,12.9,100,25.8,pass,True,False,"{""playerCoordinates"": {""x"": 85.4, ""y"": 12.9}, ""passEndCoordinates"": {""x"": 100, ""y"": 25.8}, ""eventActionType"": ""pass"", ""isHome"": true, ""keypass"": false}",,
1218066,Anis Hadj Moussa,14053671,rating-breakdown,passes,passes,,,,Feyenoord,57.0,,35.3,28.7,35.9,27.6,,,,unresolvable,,,,False,False,pass,rating-breakdown,True,35.3,28.7,35.9,27.6,pass,True,False,"{""playerCoordinates"": {""x"": 35.3, ""y"": 28.7}, ""passEndCoordinates"": {""x"": 35.9, ""y"": 27.6}, ""eventActionType"": ""pass"", ""isHome"": true, ""keypass"": false}",,
1218066,Anis Hadj Moussa,14053671,rating-breakdown,passes,passes,,,,Feyenoord,57.0,,69.5,7.9,53.8,13.6,True,True,1,boolean_field,success,True,,False,False,pass,rating-breakdown,True,69.5,7.9,53.8,13.6,pass,True,False,"{""playerCoordinates"": {""x"": 69.5, ""y"": 7.9}, ""passEndCoordinates"": {""x"": 53.8, ""y"": 13.6}, ""eventActionType"": ""pass"", ""isHome"": true, ""outcome"": true, ""keypass"": false}",,
1218066,Anis Hadj Moussa,14053671,rating-breakdown,passes,passes,,,,Feyenoord,57.0,,92.9,95.5,89.4,56.6,,,,unresolvable,,,,False,False,pass,rating-breakdown,True,92.9,95.5,89.4,56.6,cross,True,False,"{""playerCoordinates"": {""x"": 92.9, ""y"": 95.5}, ""passEndCoordinates"": {""x"": 89.4, ""y"": 56.6}, ""eventActionType"": ""cross"", ""isHome"": true, ""keypass"": false}",,
1218066,Anis Hadj Moussa,14053671,rating-breakdown,passes,passes,,,,Feyenoord,57.0,,61.5,13.1,58.4,6.1,True,True,1,boolean_field,success,True,,False,False,pass,rating-breakdown,True,61.5,13.1,58.4,6.1,pass,True,False,"{""playerCoordinates"": {""x"": 61.5, ""y"": 13.1}, ""passEndCoordinates"": {""x"": 58.4, ""y"": 6.1}, ""eventActionType"": ""pass"", ""isHome"": true, ""outcome"": true, ""keypass"": false}",,
1218066,Anis Hadj Moussa,14053671,rating-breakdown,passes,passes,,,,Feyenoord,57.0,,86.2,8.2,89.9,15.8,True,True,1,boolean_field,success,True,,False,False,pass,rating-breakdown,True,86.2,8.2,89.9,15.8,pass,True,False,"{""playerCoordinates"": {""x"": 86.2, ""y"": 8.2}, ""passEndCoordinates"": {""x"": 89.9, ""y"": 15.8}, ""eventActionType"": ""pass"", ""isHome"": true, ""outcome"": true, ""keypass"": false}",,
1218066,Anis Hadj Moussa,14053671,rating-breakdown,passes,passes,,,,Feyenoord,57.0,,68.1,20.5,79.8,14.1,True,True,1,boolean_field,success,True,,False,False,pass,rating-breakdown,True,68.1,20.5,79.8,14.1,pass,True,False,"{""playerCoordinates"": {""x"": 68.1, ""y"": 20.5}, ""passEndCoordinates"": {""x"": 79.8, ""y"": 14.1}, ""eventActionType"": ""pass"", ""isHome"": true, ""outcome"": true, ""keypass"": false}",,
1218066,Anis Hadj Moussa,14053671,rating-breakdown,passes,passes,,,,Feyenoord,57.0,,12.6,3.9,10,8,True,True,1,boolean_field,success,True,,False,False,pass,rating-breakdown,True,12.6,3.9,10,8,pass,True,False,"{""playerCoordinates"": {""x"": 12.6, ""y"": 3.9}, ""passEndCoordinates"": {""x"": 10, ""y"": 8}, ""eventActionType"": ""pass"", ""isHome"": true, ""outcome"": true, ""keypass"": false}",,
1218066,Anis Hadj Moussa,14053671,rating-breakdown,passes,passes,,,,Feyenoord,57.0,,83.1,6.4,70.8,3.6,True,True,1,boolean_field,success,True,,False,False,pass,rating-breakdown,True,83.1,6.4,70.8,3.6,pass,True,False,"{""playerCoordinates"": {""x"": 83.1, ""y"": 6.4}, ""passEndCoordinates"": {""x"": 70.8, ""y"": 3.6}, ""eventActionType"": ""pass"", ""isHome"": true, ""outcome"": true, ""keypass"": false}",,
1218066,Anis Hadj Moussa,14053671,rating-breakdown,passes,passes,,,,Feyenoord,57.0,,71,2.3,70.5,5.7,True,True,1,boolean_field,success,True,,False,False,pass,rating-breakdown,True,71,2.3,70.5,5.7,pass,True,False,"{""playerCoordinates"": {""x"": 71, ""y"": 2.3}, ""passEndCoordinates"": {""x"": 70.5, ""y"": 5.7}, ""eventActionType"": ""pass"", ""isHome"": true, ""outcome"": true, ""keypass"": false}",,
1218066,Anis Hadj Moussa,14053671,rating-breakdown,passes,passes,,,,Feyenoord,57.0,,79,20.4,90.9,40.1,,,,unresolvable,,,,False,False,pass,rating-breakdown,True,79,20.4,90.9,40.1,cross,True,False,"{""playerCoordinates"": {""x"": 79, ""y"": 20.4}, ""passEndCoordinates"": {""x"": 90.9, ""y"": 40.1}, ""eventActionType"": ""cross"", ""isHome"": true, ""keypass"": false}",,
1218066,Anis Hadj Moussa,14053671,rating-breakdown,passes,passes,,,,Feyenoord,57.0,,99.5,0.5,92.9,39.1,,,,unresolvable,,,,False,False,pass,rating-breakdown,True,99.5,0.5,92.9,39.1,cross,True,False,"{""playerCoordinates"": {""x"": 99.5, ""y"": 0.5}, ""passEndCoordinates"": {""x"": 92.9, ""y"": 39.1}, ""eventActionType"": ""cross"", ""isHome"": true, ""keypass"": false}",,
1218066,Anis Hadj Moussa,14053671,rating-breakdown,passes,passes,,,,Feyenoord,57.0,,83.6,22.7,97.7,53.9,,,,unresolvable,,,,False,False,pass,rating-breakdown,True,83.6,22.7,97.7,53.9,cross,True,False,"{""playerCoordinates"": {""x"": 83.6, ""y"": 22.7}, ""passEndCoordinates"": {""x"": 97.7, ""y"": 53.9}, ""eventActionType"": ""cross"", ""isHome"": true, ""keypass"": false}",,
1218066,Anis Hadj Moussa,14053671,rating-breakdown,dribbles,dribbles,,,,Feyenoord,57.0,,91.5,29,,,True,True,1,boolean_field,success,,True,False,False,,rating-breakdown,True,91.5,29,,,dribble,True,False,"{""playerCoordinates"": {""x"": 91.5, ""y"": 29}, ""eventActionType"": ""dribble"", ""isHome"": true, ""outcome"": true, ""keypass"": false}",,
1218066,Anis Hadj Moussa,14053671,rating-breakdown,dribbles,dribbles,,,,Feyenoord,57.0,,90.2,22.8,,,,,,unresolvable,,,,False,False,,rating-breakdown,True,90.2,22.8,,,dribble,True,False,"{""playerCoordinates"": {""x"": 90.2, ""y"": 22.8}, ""eventActionType"": ""dribble"", ""isHome"": true, ""keypass"": false}",,
1218066,Anis Hadj Moussa,14053671,rating-breakdown,dribbles,dribbles,,,,Feyenoord,57.0,,61.8,11.3,,,,,,unresolvable,,,,False,False,,rating-breakdown,True,61.8,11.3,,,dribble,True,False,"{""playerCoordinates"": {""x"": 61.8, ""y"": 11.3}, ""eventActionType"": ""dribble"", ""isHome"": true, ""keypass"": false}",,
1218066,Anis Hadj Moussa,14053671,rating-breakdown,dribbles,dribbles,,,,Feyenoord,57.0,,17.3,10.5,,,True,True,1,boolean_field,success,,True,False,False,,rating-breakdown,True,17.3,10.5,,,dribble,True,False,"{""playerCoordinates"": {""x"": 17.3, ""y"": 10.5}, ""eventActionType"": ""dribble"", ""isHome"": true, ""outcome"": true, ""keypass"": false}",,
1218066,Anis Hadj Moussa,14053671,rating-breakdown,defensive,defensive,,,,Feyenoord,57.0,,62,21.7,,,True,True,1,boolean_field,success,,True,False,False,,rating-breakdown,True,62,21.7,,,ball-recovery,True,False,"{""playerCoordinates"": {""x"": 62, ""y"": 21.7}, ""eventActionType"": ""ball-recovery"", ""isHome"": true, ""outcome"": true, ""keypass"": false}",,
1218066,Anis Hadj Moussa,14053671,rating-breakdown,defensive,defensive,,,,Feyenoord,57.0,,57,7.1,,,True,True,1,boolean_field,success,,True,False,False,,rating-breakdown,True,57,7.1,,,tackle,True,False,"{""playerCoordinates"": {""x"": 57, ""y"": 7.1}, ""eventActionType"": ""tackle"", ""isHome"": true, ""outcome"": true, ""keypass"": false}",,
1218066,Anis Hadj Moussa,14053671,rating-breakdown,defensive,defensive,,,,Feyenoord,57.0,,67.8,10,,,True,True,1,boolean_field,success,,True,False,False,,rating-breakdown,True,67.8,10,,,ball-recovery,True,False,"{""playerCoordinates"": {""x"": 67.8, ""y"": 10}, ""eventActionType"": ""ball-recovery"", ""isHome"": true, ""outcome"": true, ""keypass"": false}",,
1218066,Anis Hadj Moussa,14053671,rating-breakdown,defensive,defensive,,,,Feyenoord,57.0,,13.5,4.3,,,True,True,1,boolean_field,success,,True,False,False,,rating-breakdown,True,13.5,4.3,,,ball-recovery,True,False,"{""playerCoordinates"": {""x"": 13.5, ""y"": 4.3}, ""eventActionType"": ""ball-recovery"", ""isHome"": true, ""outcome"": true, ""keypass"": false}",,
1218066,Anis Hadj Moussa,14053710,rating-breakdown,passes,passes,,,,Feyenoord,84.0,,28.3,30.6,29.8,38.8,True,True,1,boolean_field,success,True,,False,False,pass,rating-breakdown,True,28.3,30.6,29.8,38.8,pass,False,False,"{""playerCoordinates"": {""x"": 28.3, ""y"": 30.6}, ""passEndCoordinates"": {""x"": 29.8, ""y"": 38.8}, ""eventActionType"": ""pass"", ""isHome"": false, ""outcome"": true, ""keypass"": false}",,
1218066,Anis Hadj Moussa,14053710,rating-breakdown,passes,passes,,,,Feyenoord,84.0,,82.9,28,92.3,17,True,True,1,boolean_field,success,True,,False,False,pass,rating-breakdown,True,82.9,28,92.3,17,pass,False,False,"{""playerCoordinates"": {""x"": 82.9, ""y"": 28}, ""passEndCoordinates"": {""x"": 92.3, ""y"": 17}, ""eventActionType"": ""pass"", ""isHome"": false, ""outcome"": true, ""keypass"": false}",,
1218066,Anis Hadj Moussa,14053710,rating-breakdown,passes,passes,,,,Feyenoord,84.0,,88.5,31.5,81.7,40.3,True,True,1,boolean_field,success,True,,False,True,key_pass,rating-breakdown,True,88.5,31.5,81.7,40.3,pass,False,True,"{""playerCoordinates"": {""x"": 88.5, ""y"": 31.5}, ""passEndCoordinates"": {""x"": 81.7, ""y"": 40.3}, ""eventActionType"": ""pass"", ""isHome"": false, ""outcome"": true, ""keypass"": true}",,
1218066,Anis Hadj Moussa,14053710,rating-breakdown,passes,passes,,,,Feyenoord,84.0,,84.5,12.9,89.2,30.6,,,,unresolvable,,,,False,False,pass,rating-breakdown,True,84.5,12.9,89.2,30.6,pass,False,False,"{""playerCoordinates"": {""x"": 84.5, ""y"": 12.9}, ""passEndCoordinates"": {""x"": 89.2, ""y"": 30.6}, ""eventActionType"": ""pass"", ""isHome"": false, ""keypass"": false}",,
1218066,Anis Hadj Moussa,14053710,rating-breakdown,passes,passes,,,,Feyenoord,84.0,,99.6,0.6,93.7,49.2,,,,unresolvable,,,,False,False,pass,rating-breakdown,True,99.6,0.6,93.7,49.2,cross,False,False,"{""playerCoordinates"": {""x"": 99.6, ""y"": 0.6}, ""passEndCoordinates"": {""x"": 93.7, ""y"": 49.2}, ""eventActionType"": ""cross"", ""isHome"": false, ""keypass"": false, ""isLongBall"": true}",True,
1218066,Anis Hadj Moussa,14053710,rating-breakdown,passes,passes,,,,Feyenoord,84.0,,99.5,0.5,95.8,57.2,True,True,1,boolean_field,success,True,,False,True,key_pass,rating-breakdown,True,99.5,0.5,95.8,57.2,cross,False,True,"{""playerCoordinates"": {""x"": 99.5, ""y"": 0.5}, ""passEndCoordinates"": {""x"": 95.8, ""y"": 57.2}, ""eventActionType"": ""cross"", ""isHome"": false, ""outcome"": true, ""keypass"": true, ""isLongBall"": true}",True,
1218066,Anis Hadj Moussa,14053710,rating-breakdown,passes,passes,,,,Feyenoord,84.0,,69.8,73.5,87.3,63,,,,unresolvable,,,,False,False,pass,rating-breakdown,True,69.8,73.5,87.3,63,pass,False,False,"{""playerCoordinates"": {""x"": 69.8, ""y"": 73.5}, ""passEndCoordinates"": {""x"": 87.3, ""y"": 63}, ""eventActionType"": ""pass"", ""isHome"": false, ""keypass"": false, ""isLongBall"": true}",True,
1218066,Anis Hadj Moussa,14053710,rating-breakdown,passes,passes,,,,Feyenoord,84.0,,99.5,0.5,95.2,47.4,,,,unresolvable,,,,False,False,pass,rating-breakdown,True,99.5,0.5,95.2,47.4,cross,False,False,"{""playerCoordinates"": {""x"": 99.5, ""y"": 0.5}, ""passEndCoordinates"": {""x"": 95.2, ""y"": 47.4}, ""eventActionType"": ""cross"", ""isHome"": false, ""keypass"": false, ""isLongBall"": true}",True,
1218066,Anis Hadj Moussa,14053710,rating-breakdown,passes,passes,,,,Feyenoord,84.0,,71.2,27.1,75.1,27.4,,,,unresolvable,,,,False,False,pass,rating-breakdown,True,71.2,27.1,75.1,27.4,pass,False,False,"{""playerCoordinates"": {""x"": 71.2, ""y"": 27.1}, ""passEndCoordinates"": {""x"": 75.1, ""y"": 27.4}, ""eventActionType"": ""pass"", ""isHome"": false, ""keypass"": false}",,
1218066,Anis Hadj Moussa,14053710,rating-breakdown,passes,passes,,,,Feyenoord,84.0,,22.4,9.4,26.7,21.8,True,True,1,boolean_field,success,True,,False,False,pass,rating-breakdown,True,22.4,9.4,26.7,21.8,pass,False,False,"{""playerCoordinates"": {""x"": 22.4, ""y"": 9.4}, ""passEndCoordinates"": {""x"": 26.7, ""y"": 21.8}, ""eventActionType"": ""pass"", ""isHome"": false, ""outcome"": true, ""keypass"": false}",,
1218066,Anis Hadj Moussa,14053710,rating-breakdown,passes,passes,,,,Feyenoord,84.0,,35.2,14.5,30.3,62.7,True,True,1,boolean_field,success,True,,False,False,pass,rating-breakdown,True,35.2,14.5,30.3,62.7,pass,False,False,"{""playerCoordinates"": {""x"": 35.2, ""y"": 14.5}, ""passEndCoordinates"": {""x"": 30.3, ""y"": 62.7}, ""eventActionType"": ""pass"", ""isHome"": false, ""outcome"": true, ""keypass"": false, ""isLongBall"": true}",True,
1218066,Anis Hadj Moussa,14053710,rating-breakdown,passes,passes,,,,Feyenoord,84.0,,73.8,23.5,91.5,51.1,,,,unresolvable,,,,False,False,pass,rating-breakdown,True,73.8,23.5,91.5,51.1,cross,False,False,"{""playerCoordinates"": {""x"": 73.8, ""y"": 23.5}, ""passEndCoordinates"": {""x"": 91.5, ""y"": 51.1}, ""eventActionType"": ""cross"", ""isHome"": false, ""keypass"": false}",,
1218066,Anis Hadj Moussa,14053710,rating-breakdown,passes,passes,,,,Feyenoord,84.0,,90.6,11.6,85.2,13.3,,,,unresolvable,,,,False,False,pass,rating-breakdown,True,90.6,11.6,85.2,13.3,pass,False,False,"{""playerCoordinates"": {""x"": 90.6, ""y"": 11.6}, ""passEndCoordinates"": {""x"": 85.2, ""y"": 13.3}, ""eventActionType"": ""pass"", ""isHome"": false, ""keypass"": false}",,
1218066,Anis Hadj Moussa,14053710,rating-breakdown,passes,passes,,,,Feyenoord,84.0,,99.5,0.5,93.5,55,True,True,1,boolean_field,success,True,,False,False,pass,rating-breakdown,True,99.5,0.5,93.5,55,cross,False,False,"{""playerCoordinates"": {""x"": 99.5, ""y"": 0.5}, ""passEndCoordinates"": {""x"": 93.5, ""y"": 55}, ""eventActionType"": ""cross"", ""isHome"": false, ""outcome"": true, ""keypass"": false, ""isLongBall"": true}",True,
1218066,Anis Hadj Moussa,14053710,rating-breakdown,passes,passes,,,,Feyenoord,84.0,,85.8,43.8,,,True,True,1,boolean_field,success,True,,False,True,key_pass,rating-breakdown,True,85.8,43.8,,,ball-touch,False,True,"{""playerCoordinates"": {""x"": 85.8, ""y"": 43.8}, ""eventActionType"": ""ball-touch"", ""isHome"": false, ""outcome"": true, ""keypass"": true}",,
1218066,Anis Hadj Moussa,14053710,rating-breakdown,passes,passes,,,,Feyenoord,84.0,,75.6,11.6,68.1,16.2,True,True,1,boolean_field,success,True,,False,False,pass,rating-breakdown,True,75.6,11.6,68.1,16.2,pass,False,False,"{""playerCoordinates"": {""x"": 75.6, ""y"": 11.6}, ""passEndCoordinates"": {""x"": 68.1, ""y"": 16.2}, ""eventActionType"": ""pass"", ""isHome"": false, ""outcome"": true, ""keypass"": false}",,
1218066,Anis Hadj Moussa,14053710,rating-breakdown,passes,passes,,,,Feyenoord,84.0,,66.8,77.1,74.2,88.5,True,True,1,boolean_field,success,True,,False,False,pass,rating-breakdown,True,66.8,77.1,74.2,88.5,pass,False,False,"{""playerCoordinates"": {""x"": 66.8, ""y"": 77.1}, ""passEndCoordinates"": {""x"": 74.2, ""y"": 88.5}, ""eventActionType"": ""pass"", ""isHome"": false, ""outcome"": true, ""keypass"": false}",,
1218066,Anis Hadj Moussa,14053710,rating-breakdown,passes,passes,,,,Feyenoord,84.0,,67.6,76.2,91.8,32.7,True,True,1,boolean_field,success,True,,False,True,key_pass,rating-breakdown,True,67.6,76.2,91.8,32.7,cross,False,True,"{""playerCoordinates"": {""x"": 67.6, ""y"": 76.2}, ""passEndCoordinates"": {""x"": 91.8, ""y"": 32.7}, ""eventActionType"": ""cross"", ""isHome"": false, ""outcome"": true, ""keypass"": true, ""isLongBall"": true}",True,
1218066,Anis Hadj Moussa,14053710,rating-breakdown,passes,passes,,,,Feyenoord,84.0,,63.2,8.8,58.2,17.7,True,True,1,boolean_field,success,True,,False,False,pass,rating-breakdown,True,63.2,8.8,58.2,17.7,pass,False,False,"{""playerCoordinates"": {""x"": 63.2, ""y"": 8.8}, ""passEndCoordinates"": {""x"": 58.2, ""y"": 17.7}, ""eventActionType"": ""pass"", ""isHome"": false, ""outcome"": true, ""keypass"": false}",,
1218066,Anis Hadj Moussa,14053710,rating-breakdown,passes,passes,,,,Feyenoord,84.0,,87.6,9.4,79.1,12.6,True,True,1,boolean_field,success,True,,False,False,pass,rating-breakdown,True,87.6,9.4,79.1,12.6,pass,False,False,"{""playerCoordinates"": {""x"": 87.6, ""y"": 9.4}, ""passEndCoordinates"": {""x"": 79.1, ""y"": 12.6}, ""eventActionType"": ""pass"", ""isHome"": false, ""outcome"": true, ""keypass"": false}",,
1218066,Anis Hadj Moussa,14053710,rating-breakdown,passes,passes,,,,Feyenoord,84.0,,99.6,0.7,92.8,49.1,,,,unresolvable,,,,False,False,pass,rating-breakdown,True,99.6,0.7,92.8,49.1,cross,False,False,"{""playerCoordinates"": {""x"": 99.6, ""y"": 0.7}, ""passEndCoordinates"": {""x"": 92.8, ""y"": 49.1}, ""eventActionType"": ""cross"", ""isHome"": false, ""keypass"": false, ""isLongBall"": true}",True,
1218066,Anis Hadj Moussa,14053710,rating-breakdown,passes,passes,,,,Feyenoord,84.0,,64.8,8.2,59.2,23.8,True,True,1,boolean_field,success,True,,False,False,pass,rating-breakdown,True,64.8,8.2,59.2,23.8,pass,False,False,"{""playerCoordinates"": {""x"": 64.8, ""y"": 8.2}, ""passEndCoordinates"": {""x"": 59.2, ""y"": 23.8}, ""eventActionType"": ""pass"", ""isHome"": false, ""outcome"": true, ""keypass"": false}",,
1218066,Anis Hadj Moussa,14053710,rating-breakdown,passes,passes,,,,Feyenoord,84.0,,47.5,7.6,53.3,16,True,True,1,boolean_field,success,True,,False,False,pass,rating-breakdown,True,47.5,7.6,53.3,16,pass,False,False,"{""playerCoordinates"": {""x"": 47.5, ""y"": 7.6}, ""passEndCoordinates"": {""x"": 53.3, ""y"": 16}, ""eventActionType"": ""pass"", ""isHome"": false, ""outcome"": true, ""keypass"": false}",,
1218066,Anis Hadj Moussa,14053710,rating-breakdown,passes,passes,,,,Feyenoord,84.0,,88.5,22.9,95.1,49.8,,,,unresolvable,,,,False,False,pass,rating-breakdown,True,88.5,22.9,95.1,49.8,cross,False,False,"{""playerCoordinates"": {""x"": 88.5, ""y"": 22.9}, ""passEndCoordinates"": {""x"": 95.1, ""y"": 49.8}, ""eventActionType"": ""cross"", ""isHome"": false, ""keypass"": false}",,
1218066,Anis Hadj Moussa,14053710,rating-breakdown,passes,passes,,,,Feyenoord,84.0,,99.5,0.5,89.9,50.3,,,,unresolvable,,,,False,False,pass,rating-breakdown,True,99.5,0.5,89.9,50.3,cross,False,False,"{""playerCoordinates"": {""x"": 99.5, ""y"": 0.5}, ""passEndCoordinates"": {""x"": 89.9, ""y"": 50.3}, ""eventActionType"": ""cross"", ""isHome"": false, ""keypass"": false, ""isLongBall"": true}",True,
1218066,Anis Hadj Moussa,14053710,rating-breakdown,passes,passes,,,,Feyenoord,84.0,,64.8,17.6,81.9,81.8,True,True,1,boolean_field,success,True,,False,False,pass,rating-breakdown,True,64.8,17.6,81.9,81.8,pass,False,False,"{""playerCoordinates"": {""x"": 64.8, ""y"": 17.6}, ""passEndCoordinates"": {""x"": 81.9, ""y"": 81.8}, ""eventActionType"": ""pass"", ""isHome"": false, ""outcome"": true, ""keypass"": false, ""isLongBall"": true}",True,
1218066,Anis Hadj Moussa,14053710,rating-breakdown,passes,passes,,,,Feyenoord,84.0,,66.7,10.1,45.8,16.3,True,True,1,boolean_field,success,True,,False,False,pass,rating-breakdown,True,66.7,10.1,45.8,16.3,pass,False,False,"{""playerCoordinates"": {""x"": 66.7, ""y"": 10.1}, ""passEndCoordinates"": {""x"": 45.8, ""y"": 16.3}, ""eventActionType"": ""pass"", ""isHome"": false, ""outcome"": true, ""keypass"": false}",,
1218066,Anis Hadj Moussa,14053710,rating-breakdown,passes,passes,,,,Feyenoord,84.0,,82.7,29.4,77.8,37.4,True,True,1,boolean_field,success,True,,False,False,pass,rating-breakdown,True,82.7,29.4,77.8,37.4,pass,False,False,"{""playerCoordinates"": {""x"": 82.7, ""y"": 29.4}, ""passEndCoordinates"": {""x"": 77.8, ""y"": 37.4}, ""eventActionType"": ""pass"", ""isHome"": false, ""outcome"": true, ""keypass"": false}",,
1218066,Anis Hadj Moussa,14053710,rating-breakdown,passes,passes,,,,Feyenoord,84.0,,78.4,27.2,79.6,29.7,,,,unresolvable,,,,False,False,pass,rating-breakdown,True,78.4,27.2,79.6,29.7,pass,False,False,"{""playerCoordinates"": {""x"": 78.4, ""y"": 27.2}, ""passEndCoordinates"": {""x"": 79.6, ""y"": 29.7}, ""eventActionType"": ""pass"", ""isHome"": false, ""keypass"": false}",,
1218066,Anis Hadj Moussa,14053710,rating-breakdown,passes,passes,,,,Feyenoord,84.0,,92.4,26,91,37.9,,,,unresolvable,,,,False,False,pass,rating-breakdown,True,92.4,26,91,37.9,pass,False,False,"{""playerCoordinates"": {""x"": 92.4, ""y"": 26}, ""passEndCoordinates"": {""x"": 91, ""y"": 37.9}, ""eventActionType"": ""pass"", ""isHome"": false, ""keypass"": false}",,
1218066,Anis Hadj Moussa,14053710,rating-breakdown,passes,passes,,,,Feyenoord,84.0,,64,22.4,69.2,11,True,True,1,boolean_field,success,True,,False,False,pass,rating-breakdown,True,64,22.4,69.2,11,pass,False,False,"{""playerCoordinates"": {""x"": 64, ""y"": 22.4}, ""passEndCoordinates"": {""x"": 69.2, ""y"": 11}, ""eventActionType"": ""pass"", ""isHome"": false, ""outcome"": true, ""keypass"": false}",,
1218066,Anis Hadj Moussa,14053710,rating-breakdown,passes,passes,,,,Feyenoord,84.0,,58.1,13.3,41.5,38.6,True,True,1,boolean_field,success,True,,False,False,pass,rating-breakdown,True,58.1,13.3,41.5,38.6,pass,False,False,"{""playerCoordinates"": {""x"": 58.1, ""y"": 13.3}, ""passEndCoordinates"": {""x"": 41.5, ""y"": 38.6}, ""eventActionType"": ""pass"", ""isHome"": false, ""outcome"": true, ""keypass"": false}",,
1218066,Anis Hadj Moussa,14053710,rating-breakdown,dribbles,dribbles,,,,Feyenoord,84.0,,38.3,8.3,,,True,True,1,boolean_field,success,,True,False,False,,rating-breakdown,True,38.3,8.3,,,dribble,False,False,"{""playerCoordinates"": {""x"": 38.3, ""y"": 8.3}, ""eventActionType"": ""dribble"", ""isHome"": false, ""outcome"": true, ""keypass"": false}",,
1218066,Anis Hadj Moussa,14053710,rating-breakdown,dribbles,dribbles,,,,Feyenoord,84.0,,85.8,41.4,,,,,,unresolvable,,,,False,False,,rating-breakdown,True,85.8,41.4,,,dribble,False,False,"{""playerCoordinates"": {""x"": 85.8, ""y"": 41.4}, ""eventActionType"": ""dribble"", ""isHome"": false, ""keypass"": false}",,
1218066,Anis Hadj Moussa,14053710,rating-breakdown,dribbles,dribbles,,,,Feyenoord,84.0,,70.7,11.8,,,True,True,1,boolean_field,success,,True,False,False,,rating-breakdown,True,70.7,11.8,,,dribble,False,False,"{""playerCoordinates"": {""x"": 70.7, ""y"": 11.8}, ""eventActionType"": ""dribble"", ""isHome"": false, ""outcome"": true, ""keypass"": false}",,
1218066,Anis Hadj Moussa,14053710,rating-breakdown,defensive,defensive,,,,Feyenoord,84.0,,28.3,30.6,,,True,True,1,boolean_field,success,,True,False,False,,rating-breakdown,True,28.3,30.6,,,ball-recovery,False,False,"{""playerCoordinates"": {""x"": 28.3, ""y"": 30.6}, ""eventActionType"": ""ball-recovery"", ""isHome"": false, ""outcome"": true, ""keypass"": false}",,
1218066,Anis Hadj Moussa,14053710,rating-breakdown,defensive,defensive,,,,Feyenoord,84.0,,67.7,13,,,,,,unresolvable,,,,False,False,,rating-breakdown,True,67.7,13,,,tackle,False,False,"{""playerCoordinates"": {""x"": 67.7, ""y"": 13}, ""eventActionType"": ""tackle"", ""isHome"": false, ""keypass"": false}",,
1218066,Anis Hadj Moussa,14053710,rating-breakdown,defensive,defensive,,,,Feyenoord,84.0,,22.4,9.4,,,True,True,1,boolean_field,success,,True,False,False,,rating-breakdown,True,22.4,9.4,,,ball-recovery,False,False,"{""playerCoordinates"": {""x"": 22.4, ""y"": 9.4}, ""eventActionType"": ""ball-recovery"", ""isHome"": false, ""outcome"": true, ""keypass"": false}",,
1218066,Anis Hadj Moussa,14053710,rating-breakdown,defensive,defensive,,,,Feyenoord,84.0,,74.4,4.6,,,True,True,1,boolean_field,success,,True,False,False,,rating-breakdown,True,74.4,4.6,,,tackle,False,False,"{""playerCoordinates"": {""x"": 74.4, ""y"": 4.6}, ""eventActionType"": ""tackle"", ""isHome"": false, ""outcome"": true, ""keypass"": false}",,
1218066,Anis Hadj Moussa,14053710,rating-breakdown,defensive,defensive,,,,Feyenoord,84.0,,36.1,28.3,,,True,True,1,boolean_field,success,,True,False,False,,rating-breakdown,True,36.1,28.3,,,ball-recovery,False,False,"{""playerCoordinates"": {""x"": 36.1, ""y"": 28.3}, ""eventActionType"": ""ball-recovery"", ""isHome"": false, ""outcome"": true, ""keypass"": false}",,
1218066,Anis Hadj Moussa,14053710,rating-breakdown,defensive,defensive,,,,Feyenoord,84.0,,71.8,23.6,,,True,True,1,boolean_field,success,,True,False,False,,rating-breakdown,True,71.8,23.6,,,tackle,False,False,"{""playerCoordinates"": {""x"": 71.8, ""y"": 23.6}, ""eventActionType"": ""tackle"", ""isHome"": false, ""outcome"": true, ""keypass"": false}",,
1218066,Anis Hadj Moussa,14053710,rating-breakdown,defensive,defensive,,,,Feyenoord,84.0,,78.5,18.9,,,True,True,1,boolean_field,success,,True,False,False,,rating-breakdown,True,78.5,18.9,,,ball-recovery,False,False,"{""playerCoordinates"": {""x"": 78.5, ""y"": 18.9}, ""eventActionType"": ""ball-recovery"", ""isHome"": false, ""outcome"": true, ""keypass"": false}",,
1218066,Anis Hadj Moussa,14053715,rating-breakdown,passes,passes,,,,Feyenoord,90.0,,81.6,3.6,70.6,4.8,True,True,1,boolean_field,success,True,,False,False,pass,rating-breakdown,True,81.6,3.6,70.6,4.8,pass,False,False,"{""playerCoordinates"": {""x"": 81.6, ""y"": 3.6}, ""passEndCoordinates"": {""x"": 70.6, ""y"": 4.8}, ""eventActionType"": ""pass"", ""isHome"": false, ""outcome"": true, ""keypass"": false}",,
1218066,Anis Hadj Moussa,14053715,rating-breakdown,passes,passes,,,,Feyenoord,90.0,,37.3,11.5,22.8,3,True,True,1,boolean_field,success,True,,False,False,pass,rating-breakdown,True,37.3,11.5,22.8,3,pass,False,False,"{""playerCoordinates"": {""x"": 37.3, ""y"": 11.5}, ""passEndCoordinates"": {""x"": 22.8, ""y"": 3}, ""eventActionType"": ""pass"", ""isHome"": false, ""outcome"": true, ""keypass"": false}",,
1218066,Anis Hadj Moussa,14053715,rating-breakdown,passes,passes,,,,Feyenoord,90.0,,45,5,34.4,23.2,True,True,1,boolean_field,success,True,,False,False,pass,rating-breakdown,True,45,5,34.4,23.2,pass,False,False,"{""playerCoordinates"": {""x"": 45, ""y"": 5}, ""passEndCoordinates"": {""x"": 34.4, ""y"": 23.2}, ""eventActionType"": ""pass"", ""isHome"": false, ""outcome"": true, ""keypass"": false}",,
1218066,Anis Hadj Moussa,14053715,rating-breakdown,passes,passes,,,,Feyenoord,90.0,,72.5,30.7,70.7,33.5,,,,unresolvable,,,,False,False,pass,rating-breakdown,True,72.5,30.7,70.7,33.5,pass,False,False,"{""playerCoordinates"": {""x"": 72.5, ""y"": 30.7}, ""passEndCoordinates"": {""x"": 70.7, ""y"": 33.5}, ""eventActionType"": ""pass"", ""isHome"": false, ""keypass"": false}",,
1218066,Anis Hadj Moussa,14053715,rating-breakdown,passes,passes,,,,Feyenoord,90.0,,67,23.9,53.7,15.9,True,True,1,boolean_field,success,True,,False,False,pass,rating-breakdown,True,67,23.9,53.7,15.9,pass,False,False,"{""playerCoordinates"": {""x"": 67, ""y"": 23.9}, ""passEndCoordinates"": {""x"": 53.7, ""y"": 15.9}, ""eventActionType"": ""pass"", ""isHome"": false, ""outcome"": true, ""keypass"": false}",,
1218066,Anis Hadj Moussa,14053715,rating-breakdown,passes,passes,,,,Feyenoord,90.0,,82.1,18.6,98.9,22.6,True,True,1,boolean_field,success,True,,False,False,pass,rating-breakdown,True,82.1,18.6,98.9,22.6,pass,False,False,"{""playerCoordinates"": {""x"": 82.1, ""y"": 18.6}, ""passEndCoordinates"": {""x"": 98.9, ""y"": 22.6}, ""eventActionType"": ""pass"", ""isHome"": false, ""outcome"": true, ""keypass"": false}",,
1218066,Anis Hadj Moussa,14053715,rating-breakdown,passes,passes,,,,Feyenoord,90.0,,96.2,22.6,91.6,40.4,True,True,1,boolean_field,success,True,,False,True,key_pass,rating-breakdown,True,96.2,22.6,91.6,40.4,pass,False,True,"{""playerCoordinates"": {""x"": 96.2, ""y"": 22.6}, ""passEndCoordinates"": {""x"": 91.6, ""y"": 40.4}, ""eventActionType"": ""pass"", ""isHome"": false, ""outcome"": true, ""keypass"": true}",,
1218066,Anis Hadj Moussa,14053715,rating-breakdown,passes,passes,,,,Feyenoord,90.0,,85.2,95.3,91.9,50.6,,,,unresolvable,,,,False,False,pass,rating-breakdown,True,85.2,95.3,91.9,50.6,cross,False,False,"{""playerCoordinates"": {""x"": 85.2, ""y"": 95.3}, ""passEndCoordinates"": {""x"": 91.9, ""y"": 50.6}, ""eventActionType"": ""cross"", ""isHome"": false, ""keypass"": false}",,
1218066,Anis Hadj Moussa,14053715,rating-breakdown,passes,passes,,,,Feyenoord,90.0,,36,6.6,36,11.7,True,True,1,boolean_field,success,True,,False,False,pass,rating-breakdown,True,36,6.6,36,11.7,pass,False,False,"{""playerCoordinates"": {""x"": 36, ""y"": 6.6}, ""passEndCoordinates"": {""x"": 36, ""y"": 11.7}, ""eventActionType"": ""pass"", ""isHome"": false, ""outcome"": true, ""keypass"": false}",,
1218066,Anis Hadj Moussa,14053715,rating-breakdown,passes,passes,,,,Feyenoord,90.0,,68.8,6,54.3,6.8,True,True,1,boolean_field,success,True,,False,False,pass,rating-breakdown,True,68.8,6,54.3,6.8,pass,False,False,"{""playerCoordinates"": {""x"": 68.8, ""y"": 6}, ""passEndCoordinates"": {""x"": 54.3, ""y"": 6.8}, ""eventActionType"": ""pass"", ""isHome"": false, ""outcome"": true, ""keypass"": false}",,
1218066,Anis Hadj Moussa,14053715,rating-breakdown,passes,passes,,,,Feyenoord,90.0,,69,9.8,87.6,19.7,True,True,1,boolean_field,success,True,,False,False,pass,rating-breakdown,True,69,9.8,87.6,19.7,pass,False,False,"{""playerCoordinates"": {""x"": 69, ""y"": 9.8}, ""passEndCoordinates"": {""x"": 87.6, ""y"": 19.7}, ""eventActionType"": ""pass"", ""isHome"": false, ""outcome"": true, ""keypass"": false}",,
1218066,Anis Hadj Moussa,14053715,rating-breakdown,passes,passes,,,,Feyenoord,90.0,,99.5,0.5,91.7,48.3,,,,unresolvable,,,,False,False,pass,rating-breakdown,True,99.5,0.5,91.7,48.3,cross,False,False,"{""playerCoordinates"": {""x"": 99.5, ""y"": 0.5}, ""passEndCoordinates"": {""x"": 91.7, ""y"": 48.3}, ""eventActionType"": ""cross"", ""isHome"": false, ""keypass"": false, ""isLongBall"": true}",True,
1218066,Anis Hadj Moussa,14053715,rating-breakdown,passes,passes,,,,Feyenoord,90.0,,66.1,18.9,73.3,18.5,,,,unresolvable,,,,False,False,pass,rating-breakdown,True,66.1,18.9,73.3,18.5,pass,False,False,"{""playerCoordinates"": {""x"": 66.1, ""y"": 18.9}, ""passEndCoordinates"": {""x"": 73.3, ""y"": 18.5}, ""eventActionType"": ""pass"", ""isHome"": false, ""keypass"": false}",,
1218066,Anis Hadj Moussa,14053715,rating-breakdown,passes,passes,,,,Feyenoord,90.0,,82.9,17.9,96.8,53.6,,,,unresolvable,,,,False,False,pass,rating-breakdown,True,82.9,17.9,96.8,53.6,cross,False,False,"{""playerCoordinates"": {""x"": 82.9, ""y"": 17.9}, ""passEndCoordinates"": {""x"": 96.8, ""y"": 53.6}, ""eventActionType"": ""cross"", ""isHome"": false, ""keypass"": false}",,
1218066,Anis Hadj Moussa,14053715,rating-breakdown,passes,passes,,,,Feyenoord,90.0,,99.5,0.5,93.7,53.2,,,,unresolvable,,,,False,False,pass,rating-breakdown,True,99.5,0.5,93.7,53.2,cross,False,False,"{""playerCoordinates"": {""x"": 99.5, ""y"": 0.5}, ""passEndCoordinates"": {""x"": 93.7, ""y"": 53.2}, ""eventActionType"": ""cross"", ""isHome"": false, ""keypass"": false, ""isLongBall"": true}",True,
1218066,Anis Hadj Moussa,14053715,rating-breakdown,passes,passes,,,,Feyenoord,90.0,,64.4,17.6,84.6,31.5,True,True,1,boolean_field,success,True,,False,False,pass,rating-breakdown,True,64.4,17.6,84.6,31.5,pass,False,False,"{""playerCoordinates"": {""x"": 64.4, ""y"": 17.6}, ""passEndCoordinates"": {""x"": 84.6, ""y"": 31.5}, ""eventActionType"": ""pass"", ""isHome"": false, ""outcome"": true, ""keypass"": false}",,
1218066,Anis Hadj Moussa,14053715,rating-breakdown,passes,passes,,,,Feyenoord,90.0,,70.3,25,66.8,14.1,True,True,1,boolean_field,success,True,,False,False,pass,rating-breakdown,True,70.3,25,66.8,14.1,pass,False,False,"{""playerCoordinates"": {""x"": 70.3, ""y"": 25}, ""passEndCoordinates"": {""x"": 66.8, ""y"": 14.1}, ""eventActionType"": ""pass"", ""isHome"": false, ""outcome"": true, ""keypass"": false}",,
1218066,Anis Hadj Moussa,14053715,rating-breakdown,passes,passes,,,,Feyenoord,90.0,,46.4,34.4,67.5,20.3,,,,unresolvable,,,,False,False,pass,rating-breakdown,True,46.4,34.4,67.5,20.3,pass,False,False,"{""playerCoordinates"": {""x"": 46.4, ""y"": 34.4}, ""passEndCoordinates"": {""x"": 67.5, ""y"": 20.3}, ""eventActionType"": ""pass"", ""isHome"": false, ""keypass"": false}",,
1218066,Anis Hadj Moussa,14053715,rating-breakdown,passes,passes,,,,Feyenoord,90.0,,33,22.9,26,17.3,True,True,1,boolean_field,success,True,,False,False,pass,rating-breakdown,True,33,22.9,26,17.3,pass,False,False,"{""playerCoordinates"": {""x"": 33, ""y"": 22.9}, ""passEndCoordinates"": {""x"": 26, ""y"": 17.3}, ""eventActionType"": ""pass"", ""isHome"": false, ""outcome"": true, ""keypass"": false}",,
1218066,Anis Hadj Moussa,14053715,rating-breakdown,passes,passes,,,,Feyenoord,90.0,,66.6,6.9,74.4,5.7,,,,unresolvable,,,,False,False,pass,rating-breakdown,True,66.6,6.9,74.4,5.7,pass,False,False,"{""playerCoordinates"": {""x"": 66.6, ""y"": 6.9}, ""passEndCoordinates"": {""x"": 74.4, ""y"": 5.7}, ""eventActionType"": ""pass"", ""isHome"": false, ""keypass"": false}",,
1218066,Anis Hadj Moussa,14053715,rating-breakdown,passes,passes,,,,Feyenoord,90.0,,63.9,5.7,60.2,13.9,True,True,1,boolean_field,success,True,,False,False,pass,rating-breakdown,True,63.9,5.7,60.2,13.9,pass,False,False,"{""playerCoordinates"": {""x"": 63.9, ""y"": 5.7}, ""passEndCoordinates"": {""x"": 60.2, ""y"": 13.9}, ""eventActionType"": ""pass"", ""isHome"": false, ""outcome"": true, ""keypass"": false}",,
1218066,Anis Hadj Moussa,14053715,rating-breakdown,passes,passes,,,,Feyenoord,90.0,,66.8,3,61.6,16.8,True,True,1,boolean_field,success,True,,False,False,pass,rating-breakdown,True,66.8,3,61.6,16.8,pass,False,False,"{""playerCoordinates"": {""x"": 66.8, ""y"": 3}, ""passEndCoordinates"": {""x"": 61.6, ""y"": 16.8}, ""eventActionType"": ""pass"", ""isHome"": false, ""outcome"": true, ""keypass"": false}",,
1218066,Anis Hadj Moussa,14053715,rating-breakdown,passes,passes,,,,Feyenoord,90.0,,67.8,2.5,62.2,7.7,True,True,1,boolean_field,success,True,,False,False,pass,rating-breakdown,True,67.8,2.5,62.2,7.7,pass,False,False,"{""playerCoordinates"": {""x"": 67.8, ""y"": 2.5}, ""passEndCoordinates"": {""x"": 62.2, ""y"": 7.7}, ""eventActionType"": ""pass"", ""isHome"": false, ""outcome"": true, ""keypass"": false}",,
1218066,Anis Hadj Moussa,14053715,rating-breakdown,passes,passes,,,,Feyenoord,90.0,,78.5,13,71,14.8,True,True,1,boolean_field,success,True,,False,False,pass,rating-breakdown,True,78.5,13,71,14.8,pass,False,False,"{""playerCoordinates"": {""x"": 78.5, ""y"": 13}, ""passEndCoordinates"": {""x"": 71, ""y"": 14.8}, ""eventActionType"": ""pass"", ""isHome"": false, ""outcome"": true, ""keypass"": false}",,
1218066,Anis Hadj Moussa,14053715,rating-breakdown,passes,passes,,,,Feyenoord,90.0,,78.3,10.7,97,15.9,True,True,1,boolean_field,success,True,,False,False,pass,rating-breakdown,True,78.3,10.7,97,15.9,pass,False,False,"{""playerCoordinates"": {""x"": 78.3, ""y"": 10.7}, ""passEndCoordinates"": {""x"": 97, ""y"": 15.9}, ""eventActionType"": ""pass"", ""isHome"": false, ""outcome"": true, ""keypass"": false}",,
1218066,Anis Hadj Moussa,14053715,rating-breakdown,passes,passes,,,,Feyenoord,90.0,,99.6,0.6,96.2,39.8,,,,unresolvable,,,,False,False,pass,rating-breakdown,True,99.6,0.6,96.2,39.8,cross,False,False,"{""playerCoordinates"": {""x"": 99.6, ""y"": 0.6}, ""passEndCoordinates"": {""x"": 96.2, ""y"": 39.8}, ""eventActionType"": ""cross"", ""isHome"": false, ""keypass"": false}",,
1218066,Anis Hadj Moussa,14053715,rating-breakdown,passes,passes,,,,Feyenoord,90.0,,92.9,16.2,93,18.8,,,,unresolvable,,,,False,False,pass,rating-breakdown,True,92.9,16.2,93,18.8,cross,False,False,"{""playerCoordinates"": {""x"": 92.9, ""y"": 16.2}, ""passEndCoordinates"": {""x"": 93, ""y"": 18.8}, ""eventActionType"": ""cross"", ""isHome"": false, ""keypass"": false}",,
1218066,Anis Hadj Moussa,14053715,rating-breakdown,passes,passes,,,,Feyenoord,90.0,,79.4,25,78.9,35,True,True,1,boolean_field,success,True,,False,False,pass,rating-breakdown,True,79.4,25,78.9,35,pass,False,False,"{""playerCoordinates"": {""x"": 79.4, ""y"": 25}, ""passEndCoordinates"": {""x"": 78.9, ""y"": 35}, ""eventActionType"": ""pass"", ""isHome"": false, ""outcome"": true, ""keypass"": false}",,
1218066,Anis Hadj Moussa,14053715,rating-breakdown,passes,passes,,,,Feyenoord,90.0,,71.6,80.9,89.7,45.3,,,,unresolvable,,,,False,False,pass,rating-breakdown,True,71.6,80.9,89.7,45.3,cross,False,False,"{""playerCoordinates"": {""x"": 71.6, ""y"": 80.9}, ""passEndCoordinates"": {""x"": 89.7, ""y"": 45.3}, ""eventActionType"": ""cross"", ""isHome"": false, ""keypass"": false}",,
1218066,Anis Hadj Moussa,14053715,rating-breakdown,passes,passes,,,,Feyenoord,90.0,,99.5,99.5,93.3,57.3,,,,unresolvable,,,,False,False,pass,rating-breakdown,True,99.5,99.5,93.3,57.3,cross,False,False,"{""playerCoordinates"": {""x"": 99.5, ""y"": 99.5}, ""passEndCoordinates"": {""x"": 93.3, ""y"": 57.3}, ""eventActionType"": ""cross"", ""isHome"": false, ""keypass"": false}",,
1218066,Anis Hadj Moussa,14053715,rating-breakdown,passes,passes,,,,Feyenoord,90.0,,73,96.1,71,82.1,True,True,1,boolean_field,success,True,,False,False,pass,rating-breakdown,True,73,96.1,71,82.1,pass,False,False,"{""playerCoordinates"": {""x"": 73, ""y"": 96.1}, ""passEndCoordinates"": {""x"": 71, ""y"": 82.1}, ""eventActionType"": ""pass"", ""isHome"": false, ""outcome"": true, ""keypass"": false}",,
1218066,Anis Hadj Moussa,14053715,rating-breakdown,passes,passes,,,,Feyenoord,90.0,,73.1,97.3,90.5,85.8,True,True,1,boolean_field,success,True,,False,False,pass,rating-breakdown,True,73.1,97.3,90.5,85.8,pass,False,False,"{""playerCoordinates"": {""x"": 73.1, ""y"": 97.3}, ""passEndCoordinates"": {""x"": 90.5, ""y"": 85.8}, ""eventActionType"": ""pass"", ""isHome"": false, ""outcome"": true, ""keypass"": false}",,
1218066,Anis Hadj Moussa,14053715,rating-breakdown,passes,passes,,,,Feyenoord,90.0,,35.6,9.5,31.5,25.6,True,True,1,boolean_field,success,True,,False,False,pass,rating-breakdown,True,35.6,9.5,31.5,25.6,pass,False,False,"{""playerCoordinates"": {""x"": 35.6, ""y"": 9.5}, ""passEndCoordinates"": {""x"": 31.5, ""y"": 25.6}, ""eventActionType"": ""pass"", ""isHome"": false, ""outcome"": true, ""keypass"": false}",,
1218066,Anis Hadj Moussa,14053715,rating-breakdown,passes,passes,,,,Feyenoord,90.0,,39,7.6,36.6,18.6,True,True,1,boolean_field,success,True,,False,False,pass,rating-breakdown,True,39,7.6,36.6,18.6,pass,False,False,"{""playerCoordinates"": {""x"": 39, ""y"": 7.6}, ""passEndCoordinates"": {""x"": 36.6, ""y"": 18.6}, ""eventActionType"": ""pass"", ""isHome"": false, ""outcome"": true, ""keypass"": false}",,
1218066,Anis Hadj Moussa,14053715,rating-breakdown,passes,passes,,,,Feyenoord,90.0,,74,35,85.9,43,True,True,1,boolean_field,success,True,,False,True,key_pass,rating-breakdown,True,74,35,85.9,43,pass,False,True,"{""playerCoordinates"": {""x"": 74, ""y"": 35}, ""passEndCoordinates"": {""x"": 85.9, ""y"": 43}, ""eventActionType"": ""pass"", ""isHome"": false, ""outcome"": true, ""keypass"": true}",,
1218066,Anis Hadj Moussa,14053715,rating-breakdown,dribbles,dribbles,,,,Feyenoord,90.0,,58,6.2,,,True,True,1,boolean_field,success,,True,False,False,,rating-breakdown,True,58,6.2,,,dribble,False,False,"{""playerCoordinates"": {""x"": 58, ""y"": 6.2}, ""eventActionType"": ""dribble"", ""isHome"": false, ""outcome"": true, ""keypass"": false}",,
1218066,Anis Hadj Moussa,14053715,rating-breakdown,dribbles,dribbles,,,,Feyenoord,90.0,,42.3,31.9,,,,,,unresolvable,,,,False,False,,rating-breakdown,True,42.3,31.9,,,dribble,False,False,"{""playerCoordinates"": {""x"": 42.3, ""y"": 31.9}, ""eventActionType"": ""dribble"", ""isHome"": false, ""keypass"": false}",,
1218066,Anis Hadj Moussa,14053715,rating-breakdown,defensive,defensive,,,,Feyenoord,90.0,,67.6,22.4,,,True,True,1,boolean_field,success,,True,False,False,,rating-breakdown,True,67.6,22.4,,,ball-recovery,False,False,"{""playerCoordinates"": {""x"": 67.6, ""y"": 22.4}, ""eventActionType"": ""ball-recovery"", ""isHome"": false, ""outcome"": true, ""keypass"": false}",,
1218066,Anis Hadj Moussa,14053715,rating-breakdown,defensive,defensive,,,,Feyenoord,90.0,,26.6,17.6,,,True,True,1,boolean_field,success,,True,False,False,,rating-breakdown,True,26.6,17.6,,,ball-recovery,False,False,"{""playerCoordinates"": {""x"": 26.6, ""y"": 17.6}, ""eventActionType"": ""ball-recovery"", ""isHome"": false, ""outcome"": true, ""keypass"": false}",,
1218066,Anis Hadj Moussa,14053715,rating-breakdown,defensive,defensive,,,,Feyenoord,90.0,,62.2,4.8,,,,,,unresolvable,,,,False,False,,rating-breakdown,True,62.2,4.8,,,tackle,False,False,"{""playerCoordinates"": {""x"": 62.2, ""y"": 4.8}, ""eventActionType"": ""tackle"", ""isHome"": false, ""keypass"": false}",,
1218066,Anis Hadj Moussa,14053715,rating-breakdown,defensive,defensive,,,,Feyenoord,90.0,,34.9,10,,,True,True,1,boolean_field,success,,True,False,False,,rating-breakdown,True,34.9,10,,,ball-recovery,False,False,"{""playerCoordinates"": {""x"": 34.9, ""y"": 10}, ""eventActionType"": ""ball-recovery"", ""isHome"": false, ""outcome"": true, ""keypass"": false}",,
1218066,Anis Hadj Moussa,14053715,rating-breakdown,defensive,defensive,,,,Feyenoord,90.0,,36.9,20.1,,,True,True,1,boolean_field,success,,True,False,False,,rating-breakdown,True,36.9,20.1,,,ball-recovery,False,False,"{""playerCoordinates"": {""x"": 36.9, ""y"": 20.1}, ""eventActionType"": ""ball-recovery"", ""isHome"": false, ""outcome"": true, ""keypass"": false}",,
1218066,Anis Hadj Moussa,14053755,rating-breakdown,passes,passes,,,,Feyenoord,90.0,,99.5,99.5,92.2,66.7,,,,unresolvable,,,,False,False,pass,rating-breakdown,True,99.5,99.5,92.2,66.7,cross,True,False,"{""playerCoordinates"": {""x"": 99.5, ""y"": 99.5}, ""passEndCoordinates"": {""x"": 92.2, ""y"": 66.7}, ""eventActionType"": ""cross"", ""isHome"": true, ""keypass"": false}",,
1218066,Anis Hadj Moussa,14053755,rating-breakdown,passes,passes,,,,Feyenoord,90.0,,99.5,99.5,91.2,55.8,,,,unresolvable,,,,False,False,pass,rating-breakdown,True,99.5,99.5,91.2,55.8,cross,True,False,"{""playerCoordinates"": {""x"": 99.5, ""y"": 99.5}, ""passEndCoordinates"": {""x"": 91.2, ""y"": 55.8}, ""eventActionType"": ""cross"", ""isHome"": true, ""keypass"": false}",,
1218066,Anis Hadj Moussa,14053755,rating-breakdown,passes,passes,,,,Feyenoord,90.0,,99.5,0.5,86.4,15,True,True,1,boolean_field,success,True,,False,False,pass,rating-breakdown,True,99.5,0.5,86.4,15,pass,True,False,"{""playerCoordinates"": {""x"": 99.5, ""y"": 0.5}, ""passEndCoordinates"": {""x"": 86.4, ""y"": 15}, ""eventActionType"": ""pass"", ""isHome"": true, ""outcome"": true, ""keypass"": false}",,
1218066,Anis Hadj Moussa,14053755,rating-breakdown,passes,passes,,,,Feyenoord,90.0,,75.9,18.4,85.3,40.7,,,,unresolvable,,,,False,False,pass,rating-breakdown,True,75.9,18.4,85.3,40.7,cross,True,False,"{""playerCoordinates"": {""x"": 75.9, ""y"": 18.4}, ""passEndCoordinates"": {""x"": 85.3, ""y"": 40.7}, ""eventActionType"": ""cross"", ""isHome"": true, ""keypass"": false}",,
1218066,Anis Hadj Moussa,14053755,rating-breakdown,passes,passes,,,,Feyenoord,90.0,,22.6,48.4,14.3,52.3,True,True,1,boolean_field,success,True,,False,False,pass,rating-breakdown,True,22.6,48.4,14.3,52.3,pass,True,False,"{""playerCoordinates"": {""x"": 22.6, ""y"": 48.4}, ""passEndCoordinates"": {""x"": 14.3, ""y"": 52.3}, ""eventActionType"": ""pass"", ""isHome"": true, ""outcome"": true, ""keypass"": false}",,
1218066,Anis Hadj Moussa,14053755,rating-breakdown,passes,passes,,,,Feyenoord,90.0,,73.6,15.4,100,22,,,,unresolvable,,,,False,False,pass,rating-breakdown,True,73.6,15.4,100,22,pass,True,False,"{""playerCoordinates"": {""x"": 73.6, ""y"": 15.4}, ""passEndCoordinates"": {""x"": 100, ""y"": 22}, ""eventActionType"": ""pass"", ""isHome"": true, ""keypass"": false}",,
1218066,Anis Hadj Moussa,14053755,rating-breakdown,passes,passes,,,,Feyenoord,90.0,,74.8,54,100,68.4,,,,unresolvable,,,,False,False,pass,rating-breakdown,True,74.8,54,100,68.4,pass,True,False,"{""playerCoordinates"": {""x"": 74.8, ""y"": 54}, ""passEndCoordinates"": {""x"": 100, ""y"": 68.4}, ""eventActionType"": ""pass"", ""isHome"": true, ""keypass"": false}",,
1218066,Anis Hadj Moussa,14053755,rating-breakdown,passes,passes,,,,Feyenoord,90.0,,44.1,14.8,55.3,3.9,True,True,1,boolean_field,success,True,,False,False,pass,rating-breakdown,True,44.1,14.8,55.3,3.9,pass,True,False,"{""playerCoordinates"": {""x"": 44.1, ""y"": 14.8}, ""passEndCoordinates"": {""x"": 55.3, ""y"": 3.9}, ""eventActionType"": ""pass"", ""isHome"": true, ""outcome"": true, ""keypass"": false}",,
1218066,Anis Hadj Moussa,14053755,rating-breakdown,passes,passes,,,,Feyenoord,90.0,,88.7,22.8,85.9,39.6,,,,unresolvable,,,,False,False,pass,rating-breakdown,True,88.7,22.8,85.9,39.6,pass,True,False,"{""playerCoordinates"": {""x"": 88.7, ""y"": 22.8}, ""passEndCoordinates"": {""x"": 85.9, ""y"": 39.6}, ""eventActionType"": ""pass"", ""isHome"": true, ""keypass"": false}",,
1218066,Anis Hadj Moussa,14053755,rating-breakdown,passes,passes,,,,Feyenoord,90.0,,99.5,0.5,90.2,53.2,,,,unresolvable,,,,False,False,pass,rating-breakdown,True,99.5,0.5,90.2,53.2,cross,True,False,"{""playerCoordinates"": {""x"": 99.5, ""y"": 0.5}, ""passEndCoordinates"": {""x"": 90.2, ""y"": 53.2}, ""eventActionType"": ""cross"", ""isHome"": true, ""keypass"": false, ""isLongBall"": true}",True,
1218066,Anis Hadj Moussa,14053755,rating-breakdown,passes,passes,,,,Feyenoord,90.0,,99.5,99.5,91.5,63.3,True,True,1,boolean_field,success,True,,False,False,pass,rating-breakdown,True,99.5,99.5,91.5,63.3,cross,True,False,"{""playerCoordinates"": {""x"": 99.5, ""y"": 99.5}, ""passEndCoordinates"": {""x"": 91.5, ""y"": 63.3}, ""eventActionType"": ""cross"", ""isHome"": true, ""outcome"": true, ""keypass"": false}",,
1218066,Anis Hadj Moussa,14053755,rating-breakdown,passes,passes,,,,Feyenoord,90.0,,65.1,34.8,61.9,37.5,True,True,1,boolean_field,success,True,,False,False,pass,rating-breakdown,True,65.1,34.8,61.9,37.5,pass,True,False,"{""playerCoordinates"": {""x"": 65.1, ""y"": 34.8}, ""passEndCoordinates"": {""x"": 61.9, ""y"": 37.5}, ""eventActionType"": ""pass"", ""isHome"": true, ""outcome"": true, ""keypass"": false}",,
1218066,Anis Hadj Moussa,14053755,rating-breakdown,passes,passes,,,,Feyenoord,90.0,,87.9,15.3,88,15.3,,,,unresolvable,,,,False,False,pass,rating-breakdown,True,87.9,15.3,88,15.3,pass,True,False,"{""playerCoordinates"": {""x"": 87.9, ""y"": 15.3}, ""passEndCoordinates"": {""x"": 88, ""y"": 15.3}, ""eventActionType"": ""pass"", ""isHome"": true, ""keypass"": false}",,
1218066,Anis Hadj Moussa,14053755,rating-breakdown,passes,passes,,,,Feyenoord,90.0,,71.7,24.9,91.4,32.8,True,True,1,boolean_field,success,True,,False,True,key_pass,rating-breakdown,True,71.7,24.9,91.4,32.8,pass,True,True,"{""playerCoordinates"": {""x"": 71.7, ""y"": 24.9}, ""passEndCoordinates"": {""x"": 91.4, ""y"": 32.8}, ""eventActionType"": ""pass"", ""isHome"": true, ""outcome"": true, ""keypass"": true}",,
1218066,Anis Hadj Moussa,14053755,rating-breakdown,passes,passes,,,,Feyenoord,90.0,,99.5,0.5,86.8,17.5,True,True,1,boolean_field,success,True,,False,False,pass,rating-breakdown,True,99.5,0.5,86.8,17.5,pass,True,False,"{""playerCoordinates"": {""x"": 99.5, ""y"": 0.5}, ""passEndCoordinates"": {""x"": 86.8, ""y"": 17.5}, ""eventActionType"": ""pass"", ""isHome"": true, ""outcome"": true, ""keypass"": false}",,
1218066,Anis Hadj Moussa,14053755,rating-breakdown,passes,passes,,,,Feyenoord,90.0,,78.5,19.9,69.2,25.5,True,True,1,boolean_field,success,True,,False,False,pass,rating-breakdown,True,78.5,19.9,69.2,25.5,pass,True,False,"{""playerCoordinates"": {""x"": 78.5, ""y"": 19.9}, ""passEndCoordinates"": {""x"": 69.2, ""y"": 25.5}, ""eventActionType"": ""pass"", ""isHome"": true, ""outcome"": true, ""keypass"": false}",,
1218066,Anis Hadj Moussa,14053755,rating-breakdown,passes,passes,,,,Feyenoord,90.0,,99.5,0.5,96.3,43.9,,,,unresolvable,,,,False,False,pass,rating-breakdown,True,99.5,0.5,96.3,43.9,cross,True,False,"{""playerCoordinates"": {""x"": 99.5, ""y"": 0.5}, ""passEndCoordinates"": {""x"": 96.3, ""y"": 43.9}, ""eventActionType"": ""cross"", ""isHome"": true, ""keypass"": false}",,
1218066,Anis Hadj Moussa,14053755,rating-breakdown,passes,passes,,,,Feyenoord,90.0,,67.8,9.6,59.9,19.3,True,True,1,boolean_field,success,True,,False,False,pass,rating-breakdown,True,67.8,9.6,59.9,19.3,pass,True,False,"{""playerCoordinates"": {""x"": 67.8, ""y"": 9.6}, ""passEndCoordinates"": {""x"": 59.9, ""y"": 19.3}, ""eventActionType"": ""pass"", ""isHome"": true, ""outcome"": true, ""keypass"": false}",,
1218066,Anis Hadj Moussa,14053755,rating-breakdown,passes,passes,,,,Feyenoord,90.0,,71.4,40.5,72,64.5,True,True,1,boolean_field,success,True,,False,False,pass,rating-breakdown,True,71.4,40.5,72,64.5,pass,True,False,"{""playerCoordinates"": {""x"": 71.4, ""y"": 40.5}, ""passEndCoordinates"": {""x"": 72, ""y"": 64.5}, ""eventActionType"": ""pass"", ""isHome"": true, ""outcome"": true, ""keypass"": false}",,
1218066,Anis Hadj Moussa,14053755,rating-breakdown,passes,passes,,,,Feyenoord,90.0,,94.3,26.2,96.9,46.6,,,,unresolvable,,,,False,False,pass,rating-breakdown,True,94.3,26.2,96.9,46.6,cross,True,False,"{""playerCoordinates"": {""x"": 94.3, ""y"": 26.2}, ""passEndCoordinates"": {""x"": 96.9, ""y"": 46.6}, ""eventActionType"": ""cross"", ""isHome"": true, ""keypass"": false}",,
1218066,Anis Hadj Moussa,14053755,rating-breakdown,passes,passes,,,,Feyenoord,90.0,,82.9,10.6,87.4,36.4,,,,unresolvable,,,,False,False,pass,rating-breakdown,True,82.9,10.6,87.4,36.4,cross,True,False,"{""playerCoordinates"": {""x"": 82.9, ""y"": 10.6}, ""passEndCoordinates"": {""x"": 87.4, ""y"": 36.4}, ""eventActionType"": ""cross"", ""isHome"": true, ""keypass"": false}",,
1218066,Anis Hadj Moussa,14053755,rating-breakdown,passes,passes,,,,Feyenoord,90.0,,99.5,0.5,93.7,44.2,,,,unresolvable,,,,False,False,pass,rating-breakdown,True,99.5,0.5,93.7,44.2,cross,True,False,"{""playerCoordinates"": {""x"": 99.5, ""y"": 0.5}, ""passEndCoordinates"": {""x"": 93.7, ""y"": 44.2}, ""eventActionType"": ""cross"", ""isHome"": true, ""keypass"": false}",,
1218066,Anis Hadj Moussa,14053755,rating-breakdown,passes,passes,,,,Feyenoord,90.0,,67,17.1,61.6,16.5,True,True,1,boolean_field,success,True,,False,False,pass,rating-breakdown,True,67,17.1,61.6,16.5,pass,True,False,"{""playerCoordinates"": {""x"": 67, ""y"": 17.1}, ""passEndCoordinates"": {""x"": 61.6, ""y"": 16.5}, ""eventActionType"": ""pass"", ""isHome"": true, ""outcome"": true, ""keypass"": false}",,
1218066,Anis Hadj Moussa,14053755,rating-breakdown,passes,passes,,,,Feyenoord,90.0,,99.7,99.1,92.5,50.9,,,,unresolvable,,,,False,False,pass,rating-breakdown,True,99.7,99.1,92.5,50.9,cross,True,False,"{""playerCoordinates"": {""x"": 99.7, ""y"": 99.1}, ""passEndCoordinates"": {""x"": 92.5, ""y"": 50.9}, ""eventActionType"": ""cross"", ""isHome"": true, ""keypass"": false, ""isLongBall"": true}",True,
1218066,Anis Hadj Moussa,14053755,rating-breakdown,passes,passes,,,,Feyenoord,90.0,,90.1,71.7,89.7,56.7,,,,unresolvable,,,,False,False,pass,rating-breakdown,True,90.1,71.7,89.7,56.7,pass,True,False,"{""playerCoordinates"": {""x"": 90.1, ""y"": 71.7}, ""passEndCoordinates"": {""x"": 89.7, ""y"": 56.7}, ""eventActionType"": ""pass"", ""isHome"": true, ""keypass"": false}",,
1218066,Anis Hadj Moussa,14053755,rating-breakdown,passes,passes,,,,Feyenoord,90.0,,58.1,6.6,53.3,17.7,True,True,1,boolean_field,success,True,,False,False,pass,rating-breakdown,True,58.1,6.6,53.3,17.7,pass,True,False,"{""playerCoordinates"": {""x"": 58.1, ""y"": 6.6}, ""passEndCoordinates"": {""x"": 53.3, ""y"": 17.7}, ""eventActionType"": ""pass"", ""isHome"": true, ""outcome"": true, ""keypass"": false}",,
1218066,Anis Hadj Moussa,14053755,rating-breakdown,passes,passes,,,,Feyenoord,90.0,,99.5,99.5,94.4,47.8,,,,unresolvable,,,,False,False,pass,rating-breakdown,True,99.5,99.5,94.4,47.8,cross,True,False,"{""playerCoordinates"": {""x"": 99.5, ""y"": 99.5}, ""passEndCoordinates"": {""x"": 94.4, ""y"": 47.8}, ""eventActionType"": ""cross"", ""isHome"": true, ""keypass"": false, ""isLongBall"": true}",True,
1218066,Anis Hadj Moussa,14053755,rating-breakdown,passes,passes,,,,Feyenoord,90.0,,46.5,15.7,38.1,10.5,True,True,1,boolean_field,success,True,,False,False,pass,rating-breakdown,True,46.5,15.7,38.1,10.5,pass,True,False,"{""playerCoordinates"": {""x"": 46.5, ""y"": 15.7}, ""passEndCoordinates"": {""x"": 38.1, ""y"": 10.5}, ""eventActionType"": ""pass"", ""isHome"": true, ""outcome"": true, ""keypass"": false}",,
1218066,Anis Hadj Moussa,14053755,rating-breakdown,passes,passes,,,,Feyenoord,90.0,,86.5,35.2,93.3,32.4,True,True,1,boolean_field,success,True,,False,True,key_pass,rating-breakdown,True,86.5,35.2,93.3,32.4,pass,True,True,"{""playerCoordinates"": {""x"": 86.5, ""y"": 35.2}, ""passEndCoordinates"": {""x"": 93.3, ""y"": 32.4}, ""eventActionType"": ""pass"", ""isHome"": true, ""outcome"": true, ""keypass"": true}",,
1218066,Anis Hadj Moussa,14053755,rating-breakdown,passes,passes,,,,Feyenoord,90.0,,99.5,0.5,86.4,10.5,True,True,1,boolean_field,success,True,,False,False,pass,rating-breakdown,True,99.5,0.5,86.4,10.5,pass,True,False,"{""playerCoordinates"": {""x"": 99.5, ""y"": 0.5}, ""passEndCoordinates"": {""x"": 86.4, ""y"": 10.5}, ""eventActionType"": ""pass"", ""isHome"": true, ""outcome"": true, ""keypass"": false}",,
1218066,Anis Hadj Moussa,14053755,rating-breakdown,passes,passes,,,,Feyenoord,90.0,,75.1,23.1,91.4,45.9,,,,unresolvable,,,,False,False,pass,rating-breakdown,True,75.1,23.1,91.4,45.9,cross,True,False,"{""playerCoordinates"": {""x"": 75.1, ""y"": 23.1}, ""passEndCoordinates"": {""x"": 91.4, ""y"": 45.9}, ""eventActionType"": ""cross"", ""isHome"": true, ""keypass"": false}",,
1218066,Anis Hadj Moussa,14053755,rating-breakdown,passes,passes,,,,Feyenoord,90.0,,75.4,29.5,62.3,37.8,True,True,1,boolean_field,success,True,,False,False,pass,rating-breakdown,True,75.4,29.5,62.3,37.8,pass,True,False,"{""playerCoordinates"": {""x"": 75.4, ""y"": 29.5}, ""passEndCoordinates"": {""x"": 62.3, ""y"": 37.8}, ""eventActionType"": ""pass"", ""isHome"": true, ""outcome"": true, ""keypass"": false}",,
1218066,Anis Hadj Moussa,14053755,rating-breakdown,passes,passes,,,,Feyenoord,90.0,,63.2,1.5,100,26,,,,unresolvable,,,,False,False,pass,rating-breakdown,True,63.2,1.5,100,26,pass,True,False,"{""playerCoordinates"": {""x"": 63.2, ""y"": 1.5}, ""passEndCoordinates"": {""x"": 100, ""y"": 26}, ""eventActionType"": ""pass"", ""isHome"": true, ""keypass"": false, ""isLongBall"": true}",True,
1218066,Anis Hadj Moussa,14053755,rating-breakdown,passes,passes,,,,Feyenoord,90.0,,76.9,30,72.5,36.9,True,True,1,boolean_field,success,True,,False,False,pass,rating-breakdown,True,76.9,30,72.5,36.9,pass,True,False,"{""playerCoordinates"": {""x"": 76.9, ""y"": 30}, ""passEndCoordinates"": {""x"": 72.5, ""y"": 36.9}, ""eventActionType"": ""pass"", ""isHome"": true, ""outcome"": true, ""keypass"": false}",,
1218066,Anis Hadj Moussa,14053755,rating-breakdown,passes,passes,,,,Feyenoord,90.0,,93.2,6.9,85.1,15.9,,,,unresolvable,,,,False,False,pass,rating-breakdown,True,93.2,6.9,85.1,15.9,pass,True,False,"{""playerCoordinates"": {""x"": 93.2, ""y"": 6.9}, ""passEndCoordinates"": {""x"": 85.1, ""y"": 15.9}, ""eventActionType"": ""pass"", ""isHome"": true, ""keypass"": false}",,
1218066,Anis Hadj Moussa,14053755,rating-breakdown,passes,passes,,,,Feyenoord,90.0,,90.9,4.8,91.8,5.8,True,True,1,boolean_field,success,True,,False,False,pass,rating-breakdown,True,90.9,4.8,91.8,5.8,pass,True,False,"{""playerCoordinates"": {""x"": 90.9, ""y"": 4.8}, ""passEndCoordinates"": {""x"": 91.8, ""y"": 5.8}, ""eventActionType"": ""pass"", ""isHome"": true, ""outcome"": true, ""keypass"": false}",,
1218066,Anis Hadj Moussa,14053755,rating-breakdown,passes,passes,,,,Feyenoord,90.0,,76.2,2.5,91.7,0,,,,unresolvable,,,,False,False,pass,rating-breakdown,True,76.2,2.5,91.7,0,pass,True,False,"{""playerCoordinates"": {""x"": 76.2, ""y"": 2.5}, ""passEndCoordinates"": {""x"": 91.7, ""y"": 0}, ""eventActionType"": ""pass"", ""isHome"": true, ""keypass"": false}",,
1218066,Anis Hadj Moussa,14053755,rating-breakdown,dribbles,dribbles,,,,Feyenoord,90.0,,75.7,45.6,,,,,,unresolvable,,,,False,False,,rating-breakdown,True,75.7,45.6,,,dribble,True,False,"{""playerCoordinates"": {""x"": 75.7, ""y"": 45.6}, ""eventActionType"": ""dribble"", ""isHome"": true, ""keypass"": false}",,
1218066,Anis Hadj Moussa,14053755,rating-breakdown,dribbles,dribbles,,,,Feyenoord,90.0,,74.2,52,,,,,,unresolvable,,,,False,False,,rating-breakdown,True,74.2,52,,,dribble,True,False,"{""playerCoordinates"": {""x"": 74.2, ""y"": 52}, ""eventActionType"": ""dribble"", ""isHome"": true, ""keypass"": false}",,
1218066,Anis Hadj Moussa,14053755,rating-breakdown,dribbles,dribbles,,,,Feyenoord,90.0,,77.2,13.6,,,True,True,1,boolean_field,success,,True,False,False,,rating-breakdown,True,77.2,13.6,,,dribble,True,False,"{""playerCoordinates"": {""x"": 77.2, ""y"": 13.6}, ""eventActionType"": ""dribble"", ""isHome"": true, ""outcome"": true, ""keypass"": false}",,
1218066,Anis Hadj Moussa,14053755,rating-breakdown,dribbles,dribbles,,,,Feyenoord,90.0,,80.2,32.2,,,True,True,1,boolean_field,success,,True,False,False,,rating-breakdown,True,80.2,32.2,,,dribble,True,False,"{""playerCoordinates"": {""x"": 80.2, ""y"": 32.2}, ""eventActionType"": ""dribble"", ""isHome"": true, ""outcome"": true, ""keypass"": false}",,
1218066,Anis Hadj Moussa,14053755,rating-breakdown,dribbles,dribbles,,,,Feyenoord,90.0,,71.4,4.6,,,,,,unresolvable,,,,False,False,,rating-breakdown,True,71.4,4.6,,,dribble,True,False,"{""playerCoordinates"": {""x"": 71.4, ""y"": 4.6}, ""eventActionType"": ""dribble"", ""isHome"": true, ""keypass"": false}",,
1218066,Anis Hadj Moussa,14053755,rating-breakdown,defensive,defensive,,,,Feyenoord,90.0,,67.9,23.5,,,True,True,1,boolean_field,success,,True,False,False,,rating-breakdown,True,67.9,23.5,,,ball-recovery,True,False,"{""playerCoordinates"": {""x"": 67.9, ""y"": 23.5}, ""eventActionType"": ""ball-recovery"", ""isHome"": true, ""outcome"": true, ""keypass"": false}",,
1218066,Anis Hadj Moussa,14053755,rating-breakdown,defensive,defensive,,,,Feyenoord,90.0,,94.2,9.4,,,True,True,1,boolean_field,success,,True,False,False,,rating-breakdown,True,94.2,9.4,,,ball-recovery,True,False,"{""playerCoordinates"": {""x"": 94.2, ""y"": 9.4}, ""eventActionType"": ""ball-recovery"", ""isHome"": true, ""outcome"": true, ""keypass"": false}",,
1218066,Anis Hadj Moussa,14053755,rating-breakdown,defensive,defensive,,,,Feyenoord,90.0,,59.1,27.3,,,True,True,1,boolean_field,success,,True,False,False,,rating-breakdown,True,59.1,27.3,,,interception,True,False,"{""playerCoordinates"": {""x"": 59.1, ""y"": 27.3}, ""eventActionType"": ""interception"", ""isHome"": true, ""outcome"": true, ""keypass"": false}",,
1218066,Anis Hadj Moussa,14053755,rating-breakdown,defensive,defensive,,,,Feyenoord,90.0,,46.5,15.7,,,True,True,1,boolean_field,success,,True,False,False,,rating-breakdown,True,46.5,15.7,,,ball-recovery,True,False,"{""playerCoordinates"": {""x"": 46.5, ""y"": 15.7}, ""eventActionType"": ""ball-recovery"", ""isHome"": true, ""outcome"": true, ""keypass"": false}",,
1218066,Anis Hadj Moussa,14053755,rating-breakdown,defensive,defensive,,,,Feyenoord,90.0,,14.3,38.8,41.2,87.4,True,True,1,boolean_field,success,,True,False,False,,rating-breakdown,True,14.3,38.8,41.2,87.4,clearance,True,False,"{""playerCoordinates"": {""x"": 14.3, ""y"": 38.8}, ""passEndCoordinates"": {""x"": 41.2, ""y"": 87.4}, ""eventActionType"": ""clearance"", ""isHome"": true, ""outcome"": true, ""keypass"": false}",,
1218066,Anis Hadj Moussa,14053762,rating-breakdown,passes,passes,,,,Feyenoord,71.0,,80.5,25,100,23,,,,unresolvable,,,,False,False,pass,rating-breakdown,True,80.5,25,100,23,pass,False,False,"{""playerCoordinates"": {""x"": 80.5, ""y"": 25}, ""passEndCoordinates"": {""x"": 100, ""y"": 23}, ""eventActionType"": ""pass"", ""isHome"": false, ""keypass"": false}",,
1218066,Anis Hadj Moussa,14053762,rating-breakdown,passes,passes,,,,Feyenoord,71.0,,75.2,56.1,68,50.9,True,True,1,boolean_field,success,True,,False,False,pass,rating-breakdown,True,75.2,56.1,68,50.9,pass,False,False,"{""playerCoordinates"": {""x"": 75.2, ""y"": 56.1}, ""passEndCoordinates"": {""x"": 68, ""y"": 50.9}, ""eventActionType"": ""pass"", ""isHome"": false, ""outcome"": true, ""keypass"": false}",,
1218066,Anis Hadj Moussa,14053762,rating-breakdown,passes,passes,,,,Feyenoord,71.0,,69.9,13.2,77.5,21.3,,,,unresolvable,,,,False,False,pass,rating-breakdown,True,69.9,13.2,77.5,21.3,pass,False,False,"{""playerCoordinates"": {""x"": 69.9, ""y"": 13.2}, ""passEndCoordinates"": {""x"": 77.5, ""y"": 21.3}, ""eventActionType"": ""pass"", ""isHome"": false, ""keypass"": false}",,
1218066,Anis Hadj Moussa,14053762,rating-breakdown,passes,passes,,,,Feyenoord,71.0,,62.5,33,44.3,30.7,True,True,1,boolean_field,success,True,,False,False,pass,rating-breakdown,True,62.5,33,44.3,30.7,pass,False,False,"{""playerCoordinates"": {""x"": 62.5, ""y"": 33}, ""passEndCoordinates"": {""x"": 44.3, ""y"": 30.7}, ""eventActionType"": ""pass"", ""isHome"": false, ""outcome"": true, ""keypass"": false}",,
1218066,Anis Hadj Moussa,14053762,rating-breakdown,passes,passes,,,,Feyenoord,71.0,,86.6,15,81.9,7.7,True,True,1,boolean_field,success,True,,False,False,pass,rating-breakdown,True,86.6,15,81.9,7.7,pass,False,False,"{""playerCoordinates"": {""x"": 86.6, ""y"": 15}, ""passEndCoordinates"": {""x"": 81.9, ""y"": 7.7}, ""eventActionType"": ""pass"", ""isHome"": false, ""outcome"": true, ""keypass"": false}",,
1218066,Anis Hadj Moussa,14053762,rating-breakdown,passes,passes,,,,Feyenoord,71.0,,86.6,15.7,80.2,9.2,True,True,1,boolean_field,success,True,,False,False,pass,rating-breakdown,True,86.6,15.7,80.2,9.2,pass,False,False,"{""playerCoordinates"": {""x"": 86.6, ""y"": 15.7}, ""passEndCoordinates"": {""x"": 80.2, ""y"": 9.2}, ""eventActionType"": ""pass"", ""isHome"": false, ""outcome"": true, ""keypass"": false}",,
1218066,Anis Hadj Moussa,14053762,rating-breakdown,passes,passes,,,,Feyenoord,71.0,,31.8,54,58.6,16.6,,,,unresolvable,,,,False,False,pass,rating-breakdown,True,31.8,54,58.6,16.6,pass,False,False,"{""playerCoordinates"": {""x"": 31.8, ""y"": 54}, ""passEndCoordinates"": {""x"": 58.6, ""y"": 16.6}, ""eventActionType"": ""pass"", ""isHome"": false, ""keypass"": false, ""isLongBall"": true}",True,
1218066,Anis Hadj Moussa,14053762,rating-breakdown,passes,passes,,,,Feyenoord,71.0,,88.8,41.4,91.1,52,True,True,1,boolean_field,success,True,,False,False,pass,rating-breakdown,True,88.8,41.4,91.1,52,pass,False,False,"{""playerCoordinates"": {""x"": 88.8, ""y"": 41.4}, ""passEndCoordinates"": {""x"": 91.1, ""y"": 52}, ""eventActionType"": ""pass"", ""isHome"": false, ""outcome"": true, ""keypass"": false}",,
1218066,Anis Hadj Moussa,14053762,rating-breakdown,passes,passes,,,,Feyenoord,71.0,,69.5,9.2,62.9,20.9,True,True,1,boolean_field,success,True,,False,False,pass,rating-breakdown,True,69.5,9.2,62.9,20.9,pass,False,False,"{""playerCoordinates"": {""x"": 69.5, ""y"": 9.2}, ""passEndCoordinates"": {""x"": 62.9, ""y"": 20.9}, ""eventActionType"": ""pass"", ""isHome"": false, ""outcome"": true, ""keypass"": false}",,
1218066,Anis Hadj Moussa,14053762,rating-breakdown,passes,passes,,,,Feyenoord,71.0,,94.4,19.7,87.3,15.1,True,True,1,boolean_field,success,True,,False,False,pass,rating-breakdown,True,94.4,19.7,87.3,15.1,pass,False,False,"{""playerCoordinates"": {""x"": 94.4, ""y"": 19.7}, ""passEndCoordinates"": {""x"": 87.3, ""y"": 15.1}, ""eventActionType"": ""pass"", ""isHome"": false, ""outcome"": true, ""keypass"": false}",,
1218066,Anis Hadj Moussa,14053762,rating-breakdown,passes,passes,,,,Feyenoord,71.0,,99.7,32.1,95.1,48.3,True,True,1,boolean_field,success,True,,True,True,assist,rating-breakdown,True,99.7,32.1,95.1,48.3,pass,False,True,"{""playerCoordinates"": {""x"": 99.7, ""y"": 32.1}, ""passEndCoordinates"": {""x"": 95.1, ""y"": 48.3}, ""eventActionType"": ""pass"", ""isHome"": false, ""outcome"": true, ""keypass"": true, ""isAssist"": true}",,True
1218066,Anis Hadj Moussa,14053762,rating-breakdown,passes,passes,,,,Feyenoord,71.0,,73.2,34.1,77.7,39.2,,,,unresolvable,,,,False,False,pass,rating-breakdown,True,73.2,34.1,77.7,39.2,pass,False,False,"{""playerCoordinates"": {""x"": 73.2, ""y"": 34.1}, ""passEndCoordinates"": {""x"": 77.7, ""y"": 39.2}, ""eventActionType"": ""pass"", ""isHome"": false, ""keypass"": false}",,
1218066,Anis Hadj Moussa,14053762,rating-breakdown,passes,passes,,,,Feyenoord,71.0,,86.1,34.8,97.5,34.7,True,True,1,boolean_field,success,True,,False,False,pass,rating-breakdown,True,86.1,34.8,97.5,34.7,pass,False,False,"{""playerCoordinates"": {""x"": 86.1, ""y"": 34.8}, ""passEndCoordinates"": {""x"": 97.5, ""y"": 34.7}, ""eventActionType"": ""pass"", ""isHome"": false, ""outcome"": true, ""keypass"": false}",,
1218066,Anis Hadj Moussa,14053762,rating-breakdown,passes,passes,,,,Feyenoord,71.0,,28.5,16.5,30.8,23.6,True,True,1,boolean_field,success,True,,False,False,pass,rating-breakdown,True,28.5,16.5,30.8,23.6,pass,False,False,"{""playerCoordinates"": {""x"": 28.5, ""y"": 16.5}, ""passEndCoordinates"": {""x"": 30.8, ""y"": 23.6}, ""eventActionType"": ""pass"", ""isHome"": false, ""outcome"": true, ""keypass"": false}",,
1218066,Anis Hadj Moussa,14053762,rating-breakdown,passes,passes,,,,Feyenoord,71.0,,61.4,4.4,45.8,7.9,True,True,1,boolean_field,success,True,,False,False,pass,rating-breakdown,True,61.4,4.4,45.8,7.9,pass,False,False,"{""playerCoordinates"": {""x"": 61.4, ""y"": 4.4}, ""passEndCoordinates"": {""x"": 45.8, ""y"": 7.9}, ""eventActionType"": ""pass"", ""isHome"": false, ""outcome"": true, ""keypass"": false}",,
1218066,Anis Hadj Moussa,14053762,rating-breakdown,passes,passes,,,,Feyenoord,71.0,,36.7,15,35.7,27.7,True,True,1,boolean_field,success,True,,False,False,pass,rating-breakdown,True,36.7,15,35.7,27.7,pass,False,False,"{""playerCoordinates"": {""x"": 36.7, ""y"": 15}, ""passEndCoordinates"": {""x"": 35.7, ""y"": 27.7}, ""eventActionType"": ""pass"", ""isHome"": false, ""outcome"": true, ""keypass"": false}",,
1218066,Anis Hadj Moussa,14053762,rating-breakdown,passes,passes,,,,Feyenoord,71.0,,69.4,19.5,75,28,,,,unresolvable,,,,False,False,pass,rating-breakdown,True,69.4,19.5,75,28,pass,False,False,"{""playerCoordinates"": {""x"": 69.4, ""y"": 19.5}, ""passEndCoordinates"": {""x"": 75, ""y"": 28}, ""eventActionType"": ""pass"", ""isHome"": false, ""keypass"": false}",,
1218066,Anis Hadj Moussa,14053762,rating-breakdown,passes,passes,,,,Feyenoord,71.0,,54.4,5.7,85.3,11.6,True,True,1,boolean_field,success,True,,False,False,pass,rating-breakdown,True,54.4,5.7,85.3,11.6,pass,False,False,"{""playerCoordinates"": {""x"": 54.4, ""y"": 5.7}, ""passEndCoordinates"": {""x"": 85.3, ""y"": 11.6}, ""eventActionType"": ""pass"", ""isHome"": false, ""outcome"": true, ""keypass"": false, ""isLongBall"": true}",True,
1218066,Anis Hadj Moussa,14053762,rating-breakdown,passes,passes,,,,Feyenoord,71.0,,72.3,19.8,73.6,29.4,True,True,1,boolean_field,success,True,,False,False,pass,rating-breakdown,True,72.3,19.8,73.6,29.4,pass,False,False,"{""playerCoordinates"": {""x"": 72.3, ""y"": 19.8}, ""passEndCoordinates"": {""x"": 73.6, ""y"": 29.4}, ""eventActionType"": ""pass"", ""isHome"": false, ""outcome"": true, ""keypass"": false}",,
1218066,Anis Hadj Moussa,14053762,rating-breakdown,passes,passes,,,,Feyenoord,71.0,,66.5,20.4,56.7,15.4,True,True,1,boolean_field,success,True,,False,False,pass,rating-breakdown,True,66.5,20.4,56.7,15.4,pass,False,False,"{""playerCoordinates"": {""x"": 66.5, ""y"": 20.4}, ""passEndCoordinates"": {""x"": 56.7, ""y"": 15.4}, ""eventActionType"": ""pass"", ""isHome"": false, ""outcome"": true, ""keypass"": false}",,
1218066,Anis Hadj Moussa,14053762,rating-breakdown,passes,passes,,,,Feyenoord,71.0,,67,14.1,56.3,17.6,True,True,1,boolean_field,success,True,,False,False,pass,rating-breakdown,True,67,14.1,56.3,17.6,pass,False,False,"{""playerCoordinates"": {""x"": 67, ""y"": 14.1}, ""passEndCoordinates"": {""x"": 56.3, ""y"": 17.6}, ""eventActionType"": ""pass"", ""isHome"": false, ""outcome"": true, ""keypass"": false}",,
1218066,Anis Hadj Moussa,14053762,rating-breakdown,passes,passes,,,,Feyenoord,71.0,,60.4,14.5,56.4,29.5,True,True,1,boolean_field,success,True,,False,False,pass,rating-breakdown,True,60.4,14.5,56.4,29.5,pass,False,False,"{""playerCoordinates"": {""x"": 60.4, ""y"": 14.5}, ""passEndCoordinates"": {""x"": 56.4, ""y"": 29.5}, ""eventActionType"": ""pass"", ""isHome"": false, ""outcome"": true, ""keypass"": false}",,
1218066,Anis Hadj Moussa,14053762,rating-breakdown,passes,passes,,,,Feyenoord,71.0,,57,19.7,53.4,32.9,True,True,1,boolean_field,success,True,,False,False,pass,rating-breakdown,True,57,19.7,53.4,32.9,pass,False,False,"{""playerCoordinates"": {""x"": 57, ""y"": 19.7}, ""passEndCoordinates"": {""x"": 53.4, ""y"": 32.9}, ""eventActionType"": ""pass"", ""isHome"": false, ""outcome"": true, ""keypass"": false}",,
1218066,Anis Hadj Moussa,14053762,rating-breakdown,passes,passes,,,,Feyenoord,71.0,,99.5,0.5,96.2,49.4,,,,unresolvable,,,,False,False,pass,rating-breakdown,True,99.5,0.5,96.2,49.4,cross,False,False,"{""playerCoordinates"": {""x"": 99.5, ""y"": 0.5}, ""passEndCoordinates"": {""x"": 96.2, ""y"": 49.4}, ""eventActionType"": ""cross"", ""isHome"": false, ""keypass"": false, ""isLongBall"": true}",True,
1218066,Anis Hadj Moussa,14053762,rating-breakdown,passes,passes,,,,Feyenoord,71.0,,38.5,28,41.3,31.5,True,True,1,boolean_field,success,True,,False,False,pass,rating-breakdown,True,38.5,28,41.3,31.5,pass,False,False,"{""playerCoordinates"": {""x"": 38.5, ""y"": 28}, ""passEndCoordinates"": {""x"": 41.3, ""y"": 31.5}, ""eventActionType"": ""pass"", ""isHome"": false, ""outcome"": true, ""keypass"": false}",,
1218066,Anis Hadj Moussa,14053762,rating-breakdown,passes,passes,,,,Feyenoord,71.0,,36.7,32.1,43.8,23.8,,,,unresolvable,,,,False,False,pass,rating-breakdown,True,36.7,32.1,43.8,23.8,pass,False,False,"{""playerCoordinates"": {""x"": 36.7, ""y"": 32.1}, ""passEndCoordinates"": {""x"": 43.8, ""y"": 23.8}, ""eventActionType"": ""pass"", ""isHome"": false, ""keypass"": false}",,
1218066,Anis Hadj Moussa,14053762,rating-breakdown,passes,passes,,,,Feyenoord,71.0,,65.1,15.3,83.3,83.4,True,True,1,boolean_field,success,True,,False,False,pass,rating-breakdown,True,65.1,15.3,83.3,83.4,pass,False,False,"{""playerCoordinates"": {""x"": 65.1, ""y"": 15.3}, ""passEndCoordinates"": {""x"": 83.3, ""y"": 83.4}, ""eventActionType"": ""pass"", ""isHome"": false, ""outcome"": true, ""keypass"": false, ""isLongBall"": true}",True,
1218066,Anis Hadj Moussa,14053762,rating-breakdown,passes,passes,,,,Feyenoord,71.0,,71.6,36.5,68.9,54.4,True,True,1,boolean_field,success,True,,False,False,pass,rating-breakdown,True,71.6,36.5,68.9,54.4,pass,False,False,"{""playerCoordinates"": {""x"": 71.6, ""y"": 36.5}, ""passEndCoordinates"": {""x"": 68.9, ""y"": 54.4}, ""eventActionType"": ""pass"", ""isHome"": false, ""outcome"": true, ""keypass"": false}",,
1218066,Anis Hadj Moussa,14053762,rating-breakdown,dribbles,dribbles,,,,Feyenoord,71.0,,58,19.4,,,,,,unresolvable,,,,False,False,,rating-breakdown,True,58,19.4,,,dribble,False,False,"{""playerCoordinates"": {""x"": 58, ""y"": 19.4}, ""eventActionType"": ""dribble"", ""isHome"": false, ""keypass"": false}",,
1218066,Anis Hadj Moussa,14053762,rating-breakdown,dribbles,dribbles,,,,Feyenoord,71.0,,38.6,10.6,,,True,True,1,boolean_field,success,,True,False,False,,rating-breakdown,True,38.6,10.6,,,dribble,False,False,"{""playerCoordinates"": {""x"": 38.6, ""y"": 10.6}, ""eventActionType"": ""dribble"", ""isHome"": false, ""outcome"": true, ""keypass"": false}",,
1218066,Anis Hadj Moussa,14053762,rating-breakdown,dribbles,dribbles,,,,Feyenoord,71.0,,86,33,,,True,True,1,boolean_field,success,,True,False,False,,rating-breakdown,True,86,33,,,dribble,False,False,"{""playerCoordinates"": {""x"": 86, ""y"": 33}, ""eventActionType"": ""dribble"", ""isHome"": false, ""outcome"": true, ""keypass"": false}",,
1218066,Anis Hadj Moussa,14053762,rating-breakdown,dribbles,dribbles,,,,Feyenoord,71.0,,92.7,31.2,,,,,,unresolvable,,,,False,False,,rating-breakdown,True,92.7,31.2,,,dribble,False,False,"{""playerCoordinates"": {""x"": 92.7, ""y"": 31.2}, ""eventActionType"": ""dribble"", ""isHome"": false, ""keypass"": false}",,
1218066,Anis Hadj Moussa,14053762,rating-breakdown,defensive,defensive,,,,Feyenoord,71.0,,68.5,26.5,,,True,True,1,boolean_field,success,,True,False,False,,rating-breakdown,True,68.5,26.5,,,ball-recovery,False,False,"{""playerCoordinates"": {""x"": 68.5, ""y"": 26.5}, ""eventActionType"": ""ball-recovery"", ""isHome"": false, ""outcome"": true, ""keypass"": false}",,
1218066,Anis Hadj Moussa,14053762,rating-breakdown,defensive,defensive,,,,Feyenoord,71.0,,26.6,68,,,True,True,1,boolean_field,success,,True,False,False,,rating-breakdown,True,26.6,68,,,ball-recovery,False,False,"{""playerCoordinates"": {""x"": 26.6, ""y"": 68}, ""eventActionType"": ""ball-recovery"", ""isHome"": false, ""outcome"": true, ""keypass"": false}",,
1218066,Anis Hadj Moussa,14053762,rating-breakdown,defensive,defensive,,,,Feyenoord,71.0,,30,4.8,,,True,True,1,boolean_field,success,,True,False,False,,rating-breakdown,True,30,4.8,,,tackle,False,False,"{""playerCoordinates"": {""x"": 30, ""y"": 4.8}, ""eventActionType"": ""tackle"", ""isHome"": false, ""outcome"": true, ""keypass"": false}",,
1218066,Anis Hadj Moussa,14053762,rating-breakdown,defensive,defensive,,,,Feyenoord,71.0,,28.5,16.5,,,True,True,1,boolean_field,success,,True,False,False,,rating-breakdown,True,28.5,16.5,,,ball-recovery,False,False,"{""playerCoordinates"": {""x"": 28.5, ""y"": 16.5}, ""eventActionType"": ""ball-recovery"", ""isHome"": false, ""outcome"": true, ""keypass"": false}",,
1218066,Anis Hadj Moussa,14053762,rating-breakdown,defensive,defensive,,,,Feyenoord,71.0,,33.5,8.6,,,True,True,1,boolean_field,success,,True,False,False,,rating-breakdown,True,33.5,8.6,,,ball-recovery,False,False,"{""playerCoordinates"": {""x"": 33.5, ""y"": 8.6}, ""eventActionType"": ""ball-recovery"", ""isHome"": false, ""outcome"": true, ""keypass"": false}",,
1218066,Anis Hadj Moussa,14053762,rating-breakdown,defensive,defensive,,,,Feyenoord,71.0,,37.4,27.3,,,True,True,1,boolean_field,success,,True,False,False,,rating-breakdown,True,37.4,27.3,,,ball-recovery,False,False,"{""playerCoordinates"": {""x"": 37.4, ""y"": 27.3}, ""eventActionType"": ""ball-recovery"", ""isHome"": false, ""outcome"": true, ""keypass"": false}",,
1218066,Anis Hadj Moussa,14053803,rating-breakdown,passes,passes,,,,Feyenoord,90.0,,75.1,61.5,68.7,70.7,,,,unresolvable,,,,False,False,pass,rating-breakdown,True,75.1,61.5,68.7,70.7,pass,True,False,"{""playerCoordinates"": {""x"": 75.1, ""y"": 61.5}, ""passEndCoordinates"": {""x"": 68.7, ""y"": 70.7}, ""eventActionType"": ""pass"", ""isHome"": true, ""keypass"": false}",,
1218066,Anis Hadj Moussa,14053803,rating-breakdown,passes,passes,,,,Feyenoord,90.0,,11.5,9.4,17.5,16.5,True,True,1,boolean_field,success,True,,False,False,pass,rating-breakdown,True,11.5,9.4,17.5,16.5,pass,True,False,"{""playerCoordinates"": {""x"": 11.5, ""y"": 9.4}, ""passEndCoordinates"": {""x"": 17.5, ""y"": 16.5}, ""eventActionType"": ""pass"", ""isHome"": true, ""outcome"": true, ""keypass"": false}",,
1218066,Anis Hadj Moussa,14053803,rating-breakdown,passes,passes,,,,Feyenoord,90.0,,10.6,8.6,19.8,21.6,True,True,1,boolean_field,success,True,,False,False,pass,rating-breakdown,True,10.6,8.6,19.8,21.6,pass,True,False,"{""playerCoordinates"": {""x"": 10.6, ""y"": 8.6}, ""passEndCoordinates"": {""x"": 19.8, ""y"": 21.6}, ""eventActionType"": ""pass"", ""isHome"": true, ""outcome"": true, ""keypass"": false}",,
1218066,Anis Hadj Moussa,14053803,rating-breakdown,passes,passes,,,,Feyenoord,90.0,,6.9,16.1,42,31,,,,unresolvable,,,,False,False,pass,rating-breakdown,True,6.9,16.1,42,31,pass,True,False,"{""playerCoordinates"": {""x"": 6.9, ""y"": 16.1}, ""passEndCoordinates"": {""x"": 42, ""y"": 31}, ""eventActionType"": ""pass"", ""isHome"": true, ""keypass"": false, ""isLongBall"": true}",True,
1218066,Anis Hadj Moussa,14053803,rating-breakdown,passes,passes,,,,Feyenoord,90.0,,38.6,27.6,35.6,59.7,True,True,1,boolean_field,success,True,,False,False,pass,rating-breakdown,True,38.6,27.6,35.6,59.7,pass,True,False,"{""playerCoordinates"": {""x"": 38.6, ""y"": 27.6}, ""passEndCoordinates"": {""x"": 35.6, ""y"": 59.7}, ""eventActionType"": ""pass"", ""isHome"": true, ""outcome"": true, ""keypass"": false}",,
1218066,Anis Hadj Moussa,14053803,rating-breakdown,passes,passes,,,,Feyenoord,90.0,,65.9,23,81.2,72.9,True,True,1,boolean_field,success,True,,False,False,pass,rating-breakdown,True,65.9,23,81.2,72.9,pass,True,False,"{""playerCoordinates"": {""x"": 65.9, ""y"": 23}, ""passEndCoordinates"": {""x"": 81.2, ""y"": 72.9}, ""eventActionType"": ""pass"", ""isHome"": true, ""outcome"": true, ""keypass"": false, ""isLongBall"": true}",True,
1218066,Anis Hadj Moussa,14053803,rating-breakdown,passes,passes,,,,Feyenoord,90.0,,95.7,9.2,94.4,40.3,,,,unresolvable,,,,False,False,pass,rating-breakdown,True,95.7,9.2,94.4,40.3,cross,True,False,"{""playerCoordinates"": {""x"": 95.7, ""y"": 9.2}, ""passEndCoordinates"": {""x"": 94.4, ""y"": 40.3}, ""eventActionType"": ""cross"", ""isHome"": true, ""keypass"": false}",,
1218066,Anis Hadj Moussa,14053803,rating-breakdown,passes,passes,,,,Feyenoord,90.0,,74.1,21.5,95.3,26.5,True,True,1,boolean_field,success,True,,False,False,pass,rating-breakdown,True,74.1,21.5,95.3,26.5,pass,True,False,"{""playerCoordinates"": {""x"": 74.1, ""y"": 21.5}, ""passEndCoordinates"": {""x"": 95.3, ""y"": 26.5}, ""eventActionType"": ""pass"", ""isHome"": true, ""outcome"": true, ""keypass"": false}",,
1218066,Anis Hadj Moussa,14053803,rating-breakdown,passes,passes,,,,Feyenoord,90.0,,55.6,11.9,44,22.8,True,True,1,boolean_field,success,True,,False,False,pass,rating-breakdown,True,55.6,11.9,44,22.8,pass,True,False,"{""playerCoordinates"": {""x"": 55.6, ""y"": 11.9}, ""passEndCoordinates"": {""x"": 44, ""y"": 22.8}, ""eventActionType"": ""pass"", ""isHome"": true, ""outcome"": true, ""keypass"": false}",,
1218066,Anis Hadj Moussa,14053803,rating-breakdown,passes,passes,,,,Feyenoord,90.0,,39.1,15.9,40.4,16.5,,,,unresolvable,,,,False,False,pass,rating-breakdown,True,39.1,15.9,40.4,16.5,pass,True,False,"{""playerCoordinates"": {""x"": 39.1, ""y"": 15.9}, ""passEndCoordinates"": {""x"": 40.4, ""y"": 16.5}, ""eventActionType"": ""pass"", ""isHome"": true, ""keypass"": false}",,
1218066,Anis Hadj Moussa,14053803,rating-breakdown,passes,passes,,,,Feyenoord,90.0,,61.3,28.2,70.6,24,,,,unresolvable,,,,False,False,pass,rating-breakdown,True,61.3,28.2,70.6,24,pass,True,False,"{""playerCoordinates"": {""x"": 61.3, ""y"": 28.2}, ""passEndCoordinates"": {""x"": 70.6, ""y"": 24}, ""eventActionType"": ""pass"", ""isHome"": true, ""keypass"": false}",,
1218066,Anis Hadj Moussa,14053803,rating-breakdown,passes,passes,,,,Feyenoord,90.0,,79.3,20.4,87.6,34.3,,,,unresolvable,,,,False,False,pass,rating-breakdown,True,79.3,20.4,87.6,34.3,pass,True,False,"{""playerCoordinates"": {""x"": 79.3, ""y"": 20.4}, ""passEndCoordinates"": {""x"": 87.6, ""y"": 34.3}, ""eventActionType"": ""pass"", ""isHome"": true, ""keypass"": false}",,
1218066,Anis Hadj Moussa,14053803,rating-breakdown,passes,passes,,,,Feyenoord,90.0,,40.7,9.7,30.6,31.6,,,,unresolvable,,,,False,False,pass,rating-breakdown,True,40.7,9.7,30.6,31.6,pass,True,False,"{""playerCoordinates"": {""x"": 40.7, ""y"": 9.7}, ""passEndCoordinates"": {""x"": 30.6, ""y"": 31.6}, ""eventActionType"": ""pass"", ""isHome"": true, ""keypass"": false}",,
1218066,Anis Hadj Moussa,14053803,rating-breakdown,passes,passes,,,,Feyenoord,90.0,,67.9,73,88.4,47.5,,,,unresolvable,,,,False,False,pass,rating-breakdown,True,67.9,73,88.4,47.5,pass,True,False,"{""playerCoordinates"": {""x"": 67.9, ""y"": 73}, ""passEndCoordinates"": {""x"": 88.4, ""y"": 47.5}, ""eventActionType"": ""pass"", ""isHome"": true, ""keypass"": false}",,
1218066,Anis Hadj Moussa,14053803,rating-breakdown,passes,passes,,,,Feyenoord,90.0,,84,10.7,100,85.7,,,,unresolvable,,,,False,False,pass,rating-breakdown,True,84,10.7,100,85.7,cross,True,False,"{""playerCoordinates"": {""x"": 84, ""y"": 10.7}, ""passEndCoordinates"": {""x"": 100, ""y"": 85.7}, ""eventActionType"": ""cross"", ""isHome"": true, ""keypass"": false, ""isLongBall"": true}",True,
1218066,Anis Hadj Moussa,14053803,rating-breakdown,passes,passes,,,,Feyenoord,90.0,,79.5,18.2,89.7,46.7,,,,unresolvable,,,,False,False,pass,rating-breakdown,True,79.5,18.2,89.7,46.7,cross,True,False,"{""playerCoordinates"": {""x"": 79.5, ""y"": 18.2}, ""passEndCoordinates"": {""x"": 89.7, ""y"": 46.7}, ""eventActionType"": ""cross"", ""isHome"": true, ""keypass"": false}",,
1218066,Anis Hadj Moussa,14053803,rating-breakdown,passes,passes,,,,Feyenoord,90.0,,89.2,15.5,100,68.8,,,,unresolvable,,,,False,False,pass,rating-breakdown,True,89.2,15.5,100,68.8,pass,True,False,"{""playerCoordinates"": {""x"": 89.2, ""y"": 15.5}, ""passEndCoordinates"": {""x"": 100, ""y"": 68.8}, ""eventActionType"": ""pass"", ""isHome"": true, ""keypass"": false, ""isLongBall"": true}",True,
1218066,Anis Hadj Moussa,14053803,rating-breakdown,passes,passes,,,,Feyenoord,90.0,,48.2,8.8,45.9,9.1,,,,unresolvable,,,,False,False,pass,rating-breakdown,True,48.2,8.8,45.9,9.1,pass,True,False,"{""playerCoordinates"": {""x"": 48.2, ""y"": 8.8}, ""passEndCoordinates"": {""x"": 45.9, ""y"": 9.1}, ""eventActionType"": ""pass"", ""isHome"": true, ""keypass"": false}",,
1218066,Anis Hadj Moussa,14053803,rating-breakdown,passes,passes,,,,Feyenoord,90.0,,89.8,85.1,92.1,52.2,True,True,1,boolean_field,success,True,,False,True,key_pass,rating-breakdown,True,89.8,85.1,92.1,52.2,cross,True,True,"{""playerCoordinates"": {""x"": 89.8, ""y"": 85.1}, ""passEndCoordinates"": {""x"": 92.1, ""y"": 52.2}, ""eventActionType"": ""cross"", ""isHome"": true, ""outcome"": true, ""keypass"": true}",,
1218066,Anis Hadj Moussa,14053803,rating-breakdown,passes,passes,,,,Feyenoord,90.0,,36.4,54.6,32.7,62.1,True,True,1,boolean_field,success,True,,False,False,pass,rating-breakdown,True,36.4,54.6,32.7,62.1,pass,True,False,"{""playerCoordinates"": {""x"": 36.4, ""y"": 54.6}, ""passEndCoordinates"": {""x"": 32.7, ""y"": 62.1}, ""eventActionType"": ""pass"", ""isHome"": true, ""outcome"": true, ""keypass"": false}",,
1218066,Anis Hadj Moussa,14053803,rating-breakdown,passes,passes,,,,Feyenoord,90.0,,60.4,29.5,73.2,40.1,,,,unresolvable,,,,False,False,pass,rating-breakdown,True,60.4,29.5,73.2,40.1,pass,True,False,"{""playerCoordinates"": {""x"": 60.4, ""y"": 29.5}, ""passEndCoordinates"": {""x"": 73.2, ""y"": 40.1}, ""eventActionType"": ""pass"", ""isHome"": true, ""keypass"": false}",,
1218066,Anis Hadj Moussa,14053803,rating-breakdown,passes,passes,,,,Feyenoord,90.0,,76.5,15.6,87.3,45.1,True,True,1,boolean_field,success,True,,False,False,pass,rating-breakdown,True,76.5,15.6,87.3,45.1,cross,True,False,"{""playerCoordinates"": {""x"": 76.5, ""y"": 15.6}, ""passEndCoordinates"": {""x"": 87.3, ""y"": 45.1}, ""eventActionType"": ""cross"", ""isHome"": true, ""outcome"": true, ""keypass"": false}",,
1218066,Anis Hadj Moussa,14053803,rating-breakdown,passes,passes,,,,Feyenoord,90.0,,92,30,89.9,38.9,,,,unresolvable,,,,False,False,pass,rating-breakdown,True,92,30,89.9,38.9,pass,True,False,"{""playerCoordinates"": {""x"": 92, ""y"": 30}, ""passEndCoordinates"": {""x"": 89.9, ""y"": 38.9}, ""eventActionType"": ""pass"", ""isHome"": true, ""keypass"": false}",,
1218066,Anis Hadj Moussa,14053803,rating-breakdown,passes,passes,,,,Feyenoord,90.0,,75.9,12.6,90.5,21.6,,,,unresolvable,,,,False,False,pass,rating-breakdown,True,75.9,12.6,90.5,21.6,pass,True,False,"{""playerCoordinates"": {""x"": 75.9, ""y"": 12.6}, ""passEndCoordinates"": {""x"": 90.5, ""y"": 21.6}, ""eventActionType"": ""pass"", ""isHome"": true, ""keypass"": false}",,
1218066,Anis Hadj Moussa,14053803,rating-breakdown,passes,passes,,,,Feyenoord,90.0,,89.1,4,91.7,52.5,True,True,1,boolean_field,success,True,,False,True,key_pass,rating-breakdown,True,89.1,4,91.7,52.5,cross,True,True,"{""playerCoordinates"": {""x"": 89.1, ""y"": 4}, ""passEndCoordinates"": {""x"": 91.7, ""y"": 52.5}, ""eventActionType"": ""cross"", ""isHome"": true, ""outcome"": true, ""keypass"": true, ""isLongBall"": true}",True,
1218066,Anis Hadj Moussa,14053803,rating-breakdown,passes,passes,,,,Feyenoord,90.0,,76.5,6.8,87.8,35.2,,,,unresolvable,,,,False,False,pass,rating-breakdown,True,76.5,6.8,87.8,35.2,cross,True,False,"{""playerCoordinates"": {""x"": 76.5, ""y"": 6.8}, ""passEndCoordinates"": {""x"": 87.8, ""y"": 35.2}, ""eventActionType"": ""cross"", ""isHome"": true, ""keypass"": false}",,
1218066,Anis Hadj Moussa,14053803,rating-breakdown,passes,passes,,,,Feyenoord,90.0,,46.6,4.9,53.6,6.2,,,,unresolvable,,,,False,False,pass,rating-breakdown,True,46.6,4.9,53.6,6.2,pass,True,False,"{""playerCoordinates"": {""x"": 46.6, ""y"": 4.9}, ""passEndCoordinates"": {""x"": 53.6, ""y"": 6.2}, ""eventActionType"": ""pass"", ""isHome"": true, ""keypass"": false}",,
1218066,Anis Hadj Moussa,14053803,rating-breakdown,dribbles,dribbles,,,,Feyenoord,90.0,,50.8,24.6,,,True,True,1,boolean_field,success,,True,False,False,,rating-breakdown,True,50.8,24.6,,,dribble,True,False,"{""playerCoordinates"": {""x"": 50.8, ""y"": 24.6}, ""eventActionType"": ""dribble"", ""isHome"": true, ""outcome"": true, ""keypass"": false}",,
1218066,Anis Hadj Moussa,14053803,rating-breakdown,dribbles,dribbles,,,,Feyenoord,90.0,,49,26.5,,,True,True,1,boolean_field,success,,True,False,False,,rating-breakdown,True,49,26.5,,,dribble,True,False,"{""playerCoordinates"": {""x"": 49, ""y"": 26.5}, ""eventActionType"": ""dribble"", ""isHome"": true, ""outcome"": true, ""keypass"": false}",,
1218066,Anis Hadj Moussa,14053803,rating-breakdown,dribbles,dribbles,,,,Feyenoord,90.0,,49.6,7,,,,,,unresolvable,,,,False,False,,rating-breakdown,True,49.6,7,,,dribble,True,False,"{""playerCoordinates"": {""x"": 49.6, ""y"": 7}, ""eventActionType"": ""dribble"", ""isHome"": true, ""keypass"": false}",,
1218066,Anis Hadj Moussa,14053803,rating-breakdown,dribbles,dribbles,,,,Feyenoord,90.0,,71.4,5.6,,,,,,unresolvable,,,,False,False,,rating-breakdown,True,71.4,5.6,,,dribble,True,False,"{""playerCoordinates"": {""x"": 71.4, ""y"": 5.6}, ""eventActionType"": ""dribble"", ""isHome"": true, ""keypass"": false}",,
1218066,Anis Hadj Moussa,14053803,rating-breakdown,dribbles,dribbles,,,,Feyenoord,90.0,,35.3,3.7,,,,,,unresolvable,,,,False,False,,rating-breakdown,True,35.3,3.7,,,dribble,True,False,"{""playerCoordinates"": {""x"": 35.3, ""y"": 3.7}, ""eventActionType"": ""dribble"", ""isHome"": true, ""keypass"": false}",,
1218066,Anis Hadj Moussa,14053803,rating-breakdown,dribbles,dribbles,,,,Feyenoord,90.0,,89.9,35.8,,,True,True,1,boolean_field,success,,True,False,False,,rating-breakdown,True,89.9,35.8,,,dribble,True,False,"{""playerCoordinates"": {""x"": 89.9, ""y"": 35.8}, ""eventActionType"": ""dribble"", ""isHome"": true, ""outcome"": true, ""keypass"": false}",,
1218066,Anis Hadj Moussa,14053803,rating-breakdown,dribbles,dribbles,,,,Feyenoord,90.0,,89.4,6.2,,,,,,unresolvable,,,,False,False,,rating-breakdown,True,89.4,6.2,,,dribble,True,False,"{""playerCoordinates"": {""x"": 89.4, ""y"": 6.2}, ""eventActionType"": ""dribble"", ""isHome"": true, ""keypass"": false}",,
1218066,Anis Hadj Moussa,14053803,rating-breakdown,defensive,defensive,,,,Feyenoord,90.0,,9.8,6.1,,,True,True,1,boolean_field,success,,True,False,False,,rating-breakdown,True,9.8,6.1,,,ball-recovery,True,False,"{""playerCoordinates"": {""x"": 9.8, ""y"": 6.1}, ""eventActionType"": ""ball-recovery"", ""isHome"": true, ""outcome"": true, ""keypass"": false}",,
1218066,Anis Hadj Moussa,14053803,rating-breakdown,defensive,defensive,,,,Feyenoord,90.0,,13.6,11,,,True,True,1,boolean_field,success,,True,False,False,,rating-breakdown,True,13.6,11,,,tackle,True,False,"{""playerCoordinates"": {""x"": 13.6, ""y"": 11}, ""eventActionType"": ""tackle"", ""isHome"": true, ""outcome"": true, ""keypass"": false}",,
1218066,Anis Hadj Moussa,14053803,rating-breakdown,defensive,defensive,,,,Feyenoord,90.0,,20.1,67.5,26.3,57,True,True,1,boolean_field,success,,True,False,False,,rating-breakdown,True,20.1,67.5,26.3,57,clearance,True,False,"{""playerCoordinates"": {""x"": 20.1, ""y"": 67.5}, ""passEndCoordinates"": {""x"": 26.3, ""y"": 57}, ""eventActionType"": ""clearance"", ""isHome"": true, ""outcome"": true, ""keypass"": false}",,
1218066,Anis Hadj Moussa,14053803,rating-breakdown,defensive,defensive,,,,Feyenoord,90.0,,61.4,27.9,,,True,True,1,boolean_field,success,,True,False,False,,rating-breakdown,True,61.4,27.9,,,ball-recovery,True,False,"{""playerCoordinates"": {""x"": 61.4, ""y"": 27.9}, ""eventActionType"": ""ball-recovery"", ""isHome"": true, ""outcome"": true, ""keypass"": false}",,
1218066,Anis Hadj Moussa,14053803,rating-breakdown,defensive,defensive,,,,Feyenoord,90.0,,47.5,9.8,,,True,True,1,boolean_field,success,,True,False,False,,rating-breakdown,True,47.5,9.8,,,ball-recovery,True,False,"{""playerCoordinates"": {""x"": 47.5, ""y"": 9.8}, ""eventActionType"": ""ball-recovery"", ""isHome"": true, ""outcome"": true, ""keypass"": false}",,
1218066,Anis Hadj Moussa,14053602,rating-breakdown,passes,passes,,,,Feyenoord,90.0,,62.1,8.7,59.5,18.7,True,True,1,boolean_field,success,True,,False,False,pass,rating-breakdown,True,62.1,8.7,59.5,18.7,pass,False,False,"{""playerCoordinates"": {""x"": 62.1, ""y"": 8.7}, ""passEndCoordinates"": {""x"": 59.5, ""y"": 18.7}, ""eventActionType"": ""pass"", ""isHome"": false, ""outcome"": true, ""keypass"": false}",,
1218066,Anis Hadj Moussa,14053602,rating-breakdown,passes,passes,,,,Feyenoord,90.0,,65.1,9.7,84.6,11.6,True,True,1,boolean_field,success,True,,False,False,pass,rating-breakdown,True,65.1,9.7,84.6,11.6,pass,False,False,"{""playerCoordinates"": {""x"": 65.1, ""y"": 9.7}, ""passEndCoordinates"": {""x"": 84.6, ""y"": 11.6}, ""eventActionType"": ""pass"", ""isHome"": false, ""outcome"": true, ""keypass"": false}",,
1218066,Anis Hadj Moussa,14053602,rating-breakdown,passes,passes,,,,Feyenoord,90.0,,40.1,10.2,46.5,32.6,,,,unresolvable,,,,False,False,pass,rating-breakdown,True,40.1,10.2,46.5,32.6,pass,False,False,"{""playerCoordinates"": {""x"": 40.1, ""y"": 10.2}, ""passEndCoordinates"": {""x"": 46.5, ""y"": 32.6}, ""eventActionType"": ""pass"", ""isHome"": false, ""keypass"": false}",,
1218066,Anis Hadj Moussa,14053602,rating-breakdown,passes,passes,,,,Feyenoord,90.0,,77.4,25.1,89.5,27.8,True,True,1,boolean_field,success,True,,False,False,pass,rating-breakdown,True,77.4,25.1,89.5,27.8,pass,False,False,"{""playerCoordinates"": {""x"": 77.4, ""y"": 25.1}, ""passEndCoordinates"": {""x"": 89.5, ""y"": 27.8}, ""eventActionType"": ""pass"", ""isHome"": false, ""outcome"": true, ""keypass"": false}",,
1218066,Anis Hadj Moussa,14053602,rating-breakdown,passes,passes,,,,Feyenoord,90.0,,82.7,14.4,89.4,14.6,,,,unresolvable,,,,False,False,pass,rating-breakdown,True,82.7,14.4,89.4,14.6,pass,False,False,"{""playerCoordinates"": {""x"": 82.7, ""y"": 14.4}, ""passEndCoordinates"": {""x"": 89.4, ""y"": 14.6}, ""eventActionType"": ""pass"", ""isHome"": false, ""keypass"": false}",,
1218066,Anis Hadj Moussa,14053602,rating-breakdown,passes,passes,,,,Feyenoord,90.0,,71.5,6.6,85.6,86.9,True,True,1,boolean_field,success,True,,False,False,pass,rating-breakdown,True,71.5,6.6,85.6,86.9,pass,False,False,"{""playerCoordinates"": {""x"": 71.5, ""y"": 6.6}, ""passEndCoordinates"": {""x"": 85.6, ""y"": 86.9}, ""eventActionType"": ""pass"", ""isHome"": false, ""outcome"": true, ""keypass"": false, ""isLongBall"": true}",True,
1218066,Anis Hadj Moussa,14053602,rating-breakdown,passes,passes,,,,Feyenoord,90.0,,76.4,19.2,100,61.2,,,,unresolvable,,,,False,False,pass,rating-breakdown,True,76.4,19.2,100,61.2,cross,False,False,"{""playerCoordinates"": {""x"": 76.4, ""y"": 19.2}, ""passEndCoordinates"": {""x"": 100, ""y"": 61.2}, ""eventActionType"": ""cross"", ""isHome"": false, ""keypass"": false, ""isLongBall"": true}",True,
1218066,Anis Hadj Moussa,14053602,rating-breakdown,passes,passes,,,,Feyenoord,90.0,,71.9,18.2,67.4,27.1,True,True,1,boolean_field,success,True,,False,False,pass,rating-breakdown,True,71.9,18.2,67.4,27.1,pass,False,False,"{""playerCoordinates"": {""x"": 71.9, ""y"": 18.2}, ""passEndCoordinates"": {""x"": 67.4, ""y"": 27.1}, ""eventActionType"": ""pass"", ""isHome"": false, ""outcome"": true, ""keypass"": false}",,
1218066,Anis Hadj Moussa,14053602,rating-breakdown,passes,passes,,,,Feyenoord,90.0,,79.9,20.9,100,64.6,,,,unresolvable,,,,False,False,pass,rating-breakdown,True,79.9,20.9,100,64.6,cross,False,False,"{""playerCoordinates"": {""x"": 79.9, ""y"": 20.9}, ""passEndCoordinates"": {""x"": 100, ""y"": 64.6}, ""eventActionType"": ""cross"", ""isHome"": false, ""keypass"": false, ""isLongBall"": true}",True,
1218066,Anis Hadj Moussa,14053602,rating-breakdown,passes,passes,,,,Feyenoord,90.0,,57.7,18.8,51.3,49.3,True,True,1,boolean_field,success,True,,False,False,pass,rating-breakdown,True,57.7,18.8,51.3,49.3,pass,False,False,"{""playerCoordinates"": {""x"": 57.7, ""y"": 18.8}, ""passEndCoordinates"": {""x"": 51.3, ""y"": 49.3}, ""eventActionType"": ""pass"", ""isHome"": false, ""outcome"": true, ""keypass"": false}",,
1218066,Anis Hadj Moussa,14053602,rating-breakdown,passes,passes,,,,Feyenoord,90.0,,66.2,14.4,60.3,34.4,True,True,1,boolean_field,success,True,,False,False,pass,rating-breakdown,True,66.2,14.4,60.3,34.4,pass,False,False,"{""playerCoordinates"": {""x"": 66.2, ""y"": 14.4}, ""passEndCoordinates"": {""x"": 60.3, ""y"": 34.4}, ""eventActionType"": ""pass"", ""isHome"": false, ""outcome"": true, ""keypass"": false}",,
1218066,Anis Hadj Moussa,14053602,rating-breakdown,passes,passes,,,,Feyenoord,90.0,,68.3,6.8,54.7,21.5,True,True,1,boolean_field,success,True,,False,False,pass,rating-breakdown,True,68.3,6.8,54.7,21.5,pass,False,False,"{""playerCoordinates"": {""x"": 68.3, ""y"": 6.8}, ""passEndCoordinates"": {""x"": 54.7, ""y"": 21.5}, ""eventActionType"": ""pass"", ""isHome"": false, ""outcome"": true, ""keypass"": false}",,
1218066,Anis Hadj Moussa,14053602,rating-breakdown,passes,passes,,,,Feyenoord,90.0,,71,38.1,65.4,56.6,True,True,1,boolean_field,success,True,,False,False,pass,rating-breakdown,True,71,38.1,65.4,56.6,pass,False,False,"{""playerCoordinates"": {""x"": 71, ""y"": 38.1}, ""passEndCoordinates"": {""x"": 65.4, ""y"": 56.6}, ""eventActionType"": ""pass"", ""isHome"": false, ""outcome"": true, ""keypass"": false}",,
1218066,Anis Hadj Moussa,14053602,rating-breakdown,passes,passes,,,,Feyenoord,90.0,,71.2,51.4,75.5,60.3,True,True,1,boolean_field,success,True,,False,False,pass,rating-breakdown,True,71.2,51.4,75.5,60.3,pass,False,False,"{""playerCoordinates"": {""x"": 71.2, ""y"": 51.4}, ""passEndCoordinates"": {""x"": 75.5, ""y"": 60.3}, ""eventActionType"": ""pass"", ""isHome"": false, ""outcome"": true, ""keypass"": false}",,
1218066,Anis Hadj Moussa,14053602,rating-breakdown,passes,passes,,,,Feyenoord,90.0,,86.6,18.8,78.8,24.6,True,True,1,boolean_field,success,True,,False,False,pass,rating-breakdown,True,86.6,18.8,78.8,24.6,pass,False,False,"{""playerCoordinates"": {""x"": 86.6, ""y"": 18.8}, ""passEndCoordinates"": {""x"": 78.8, ""y"": 24.6}, ""eventActionType"": ""pass"", ""isHome"": false, ""outcome"": true, ""keypass"": false}",,
1218066,Anis Hadj Moussa,14053602,rating-breakdown,passes,passes,,,,Feyenoord,90.0,,86.6,21.7,89.7,59.3,True,True,1,boolean_field,success,True,,False,True,key_pass,rating-breakdown,True,86.6,21.7,89.7,59.3,cross,False,True,"{""playerCoordinates"": {""x"": 86.6, ""y"": 21.7}, ""passEndCoordinates"": {""x"": 89.7, ""y"": 59.3}, ""eventActionType"": ""cross"", ""isHome"": false, ""outcome"": true, ""keypass"": true}",,
1218066,Anis Hadj Moussa,14053602,rating-breakdown,passes,passes,,,,Feyenoord,90.0,,32.6,45.1,45.5,61.9,,,,unresolvable,,,,False,False,pass,rating-breakdown,True,32.6,45.1,45.5,61.9,pass,False,False,"{""playerCoordinates"": {""x"": 32.6, ""y"": 45.1}, ""passEndCoordinates"": {""x"": 45.5, ""y"": 61.9}, ""eventActionType"": ""pass"", ""isHome"": false, ""keypass"": false}",,
1218066,Anis Hadj Moussa,14053602,rating-breakdown,passes,passes,,,,Feyenoord,90.0,,74.6,57.8,69,49,True,True,1,boolean_field,success,True,,False,False,pass,rating-breakdown,True,74.6,57.8,69,49,pass,False,False,"{""playerCoordinates"": {""x"": 74.6, ""y"": 57.8}, ""passEndCoordinates"": {""x"": 69, ""y"": 49}, ""eventActionType"": ""pass"", ""isHome"": false, ""outcome"": true, ""keypass"": false}",,
1218066,Anis Hadj Moussa,14053602,rating-breakdown,passes,passes,,,,Feyenoord,90.0,,80.7,9.9,96.7,28,True,True,1,boolean_field,success,True,,False,False,pass,rating-breakdown,True,80.7,9.9,96.7,28,pass,False,False,"{""playerCoordinates"": {""x"": 80.7, ""y"": 9.9}, ""passEndCoordinates"": {""x"": 96.7, ""y"": 28}, ""eventActionType"": ""pass"", ""isHome"": false, ""outcome"": true, ""keypass"": false}",,
1218066,Anis Hadj Moussa,14053602,rating-breakdown,passes,passes,,,,Feyenoord,90.0,,81,12.9,88.3,52.2,,,,unresolvable,,,,False,False,pass,rating-breakdown,True,81,12.9,88.3,52.2,cross,False,False,"{""playerCoordinates"": {""x"": 81, ""y"": 12.9}, ""passEndCoordinates"": {""x"": 88.3, ""y"": 52.2}, ""eventActionType"": ""cross"", ""isHome"": false, ""keypass"": false}",,
1218066,Anis Hadj Moussa,14053602,rating-breakdown,passes,passes,,,,Feyenoord,90.0,,68.1,23.5,96.3,28.9,True,True,1,boolean_field,success,True,,False,False,pass,rating-breakdown,True,68.1,23.5,96.3,28.9,pass,False,False,"{""playerCoordinates"": {""x"": 68.1, ""y"": 23.5}, ""passEndCoordinates"": {""x"": 96.3, ""y"": 28.9}, ""eventActionType"": ""pass"", ""isHome"": false, ""outcome"": true, ""keypass"": false}",,
1218066,Anis Hadj Moussa,14053602,rating-breakdown,passes,passes,,,,Feyenoord,90.0,,74,6,73.5,18.5,True,True,1,boolean_field,success,True,,False,False,pass,rating-breakdown,True,74,6,73.5,18.5,pass,False,False,"{""playerCoordinates"": {""x"": 74, ""y"": 6}, ""passEndCoordinates"": {""x"": 73.5, ""y"": 18.5}, ""eventActionType"": ""pass"", ""isHome"": false, ""outcome"": true, ""keypass"": false}",,
1218066,Anis Hadj Moussa,14053602,rating-breakdown,passes,passes,,,,Feyenoord,90.0,,74.3,8.5,74.1,26.5,,,,unresolvable,,,,False,False,pass,rating-breakdown,True,74.3,8.5,74.1,26.5,pass,False,False,"{""playerCoordinates"": {""x"": 74.3, ""y"": 8.5}, ""passEndCoordinates"": {""x"": 74.1, ""y"": 26.5}, ""eventActionType"": ""pass"", ""isHome"": false, ""keypass"": false}",,
1218066,Anis Hadj Moussa,14053602,rating-breakdown,passes,passes,,,,Feyenoord,90.0,,81.2,25.6,96.9,64.2,True,True,1,boolean_field,success,True,,False,True,key_pass,rating-breakdown,True,81.2,25.6,96.9,64.2,cross,False,True,"{""playerCoordinates"": {""x"": 81.2, ""y"": 25.6}, ""passEndCoordinates"": {""x"": 96.9, ""y"": 64.2}, ""eventActionType"": ""cross"", ""isHome"": false, ""outcome"": true, ""keypass"": true}",,
1218066,Anis Hadj Moussa,14053602,rating-breakdown,passes,passes,,,,Feyenoord,90.0,,76.8,19.2,100,29.8,,,,unresolvable,,,,False,False,pass,rating-breakdown,True,76.8,19.2,100,29.8,pass,False,False,"{""playerCoordinates"": {""x"": 76.8, ""y"": 19.2}, ""passEndCoordinates"": {""x"": 100, ""y"": 29.8}, ""eventActionType"": ""pass"", ""isHome"": false, ""keypass"": false}",,
1218066,Anis Hadj Moussa,14053602,rating-breakdown,passes,passes,,,,Feyenoord,90.0,,87.8,12.9,91.8,32.6,True,True,1,boolean_field,success,True,,False,False,pass,rating-breakdown,True,87.8,12.9,91.8,32.6,pass,False,False,"{""playerCoordinates"": {""x"": 87.8, ""y"": 12.9}, ""passEndCoordinates"": {""x"": 91.8, ""y"": 32.6}, ""eventActionType"": ""pass"", ""isHome"": false, ""outcome"": true, ""keypass"": false}",,
1218066,Anis Hadj Moussa,14053602,rating-breakdown,passes,passes,,,,Feyenoord,90.0,,79.3,38,95.1,54.4,,,,unresolvable,,,,False,False,pass,rating-breakdown,True,79.3,38,95.1,54.4,pass,False,False,"{""playerCoordinates"": {""x"": 79.3, ""y"": 38}, ""passEndCoordinates"": {""x"": 95.1, ""y"": 54.4}, ""eventActionType"": ""pass"", ""isHome"": false, ""keypass"": false}",,
1218066,Anis Hadj Moussa,14053602,rating-breakdown,passes,passes,,,,Feyenoord,90.0,,82.9,9.2,91.9,23.3,True,True,1,boolean_field,success,True,,False,False,pass,rating-breakdown,True,82.9,9.2,91.9,23.3,pass,False,False,"{""playerCoordinates"": {""x"": 82.9, ""y"": 9.2}, ""passEndCoordinates"": {""x"": 91.9, ""y"": 23.3}, ""eventActionType"": ""pass"", ""isHome"": false, ""outcome"": true, ""keypass"": false}",,
1218066,Anis Hadj Moussa,14053602,rating-breakdown,passes,passes,,,,Feyenoord,90.0,,99.5,0.5,94,54.4,True,True,1,boolean_field,success,True,,False,True,key_pass,rating-breakdown,True,99.5,0.5,94,54.4,cross,False,True,"{""playerCoordinates"": {""x"": 99.5, ""y"": 0.5}, ""passEndCoordinates"": {""x"": 94, ""y"": 54.4}, ""eventActionType"": ""cross"", ""isHome"": false, ""outcome"": true, ""keypass"": true, ""isLongBall"": true}",True,
1218066,Anis Hadj Moussa,14053602,rating-breakdown,passes,passes,,,,Feyenoord,90.0,,99.5,0.5,93.1,43.7,True,True,1,boolean_field,success,True,,False,True,key_pass,rating-breakdown,True,99.5,0.5,93.1,43.7,cross,False,True,"{""playerCoordinates"": {""x"": 99.5, ""y"": 0.5}, ""passEndCoordinates"": {""x"": 93.1, ""y"": 43.7}, ""eventActionType"": ""cross"", ""isHome"": false, ""outcome"": true, ""keypass"": true}",,
1218066,Anis Hadj Moussa,14053602,rating-breakdown,passes,passes,,,,Feyenoord,90.0,,74.8,10.9,86.5,54.7,True,True,1,boolean_field,success,True,,False,False,pass,rating-breakdown,True,74.8,10.9,86.5,54.7,cross,False,False,"{""playerCoordinates"": {""x"": 74.8, ""y"": 10.9}, ""passEndCoordinates"": {""x"": 86.5, ""y"": 54.7}, ""eventActionType"": ""cross"", ""isHome"": false, ""outcome"": true, ""keypass"": false, ""isLongBall"": true}",True,
1218066,Anis Hadj Moussa,14053602,rating-breakdown,passes,passes,,,,Feyenoord,90.0,,60.8,53.4,74.1,58.5,True,True,1,boolean_field,success,True,,False,False,pass,rating-breakdown,True,60.8,53.4,74.1,58.5,pass,False,False,"{""playerCoordinates"": {""x"": 60.8, ""y"": 53.4}, ""passEndCoordinates"": {""x"": 74.1, ""y"": 58.5}, ""eventActionType"": ""pass"", ""isHome"": false, ""outcome"": true, ""keypass"": false}",,
1218066,Anis Hadj Moussa,14053602,rating-breakdown,passes,passes,,,,Feyenoord,90.0,,59.3,36.8,47.4,51.2,True,True,1,boolean_field,success,True,,False,False,pass,rating-breakdown,True,59.3,36.8,47.4,51.2,pass,False,False,"{""playerCoordinates"": {""x"": 59.3, ""y"": 36.8}, ""passEndCoordinates"": {""x"": 47.4, ""y"": 51.2}, ""eventActionType"": ""pass"", ""isHome"": false, ""outcome"": true, ""keypass"": false}",,
1218066,Anis Hadj Moussa,14053602,rating-breakdown,passes,passes,,,,Feyenoord,90.0,,99.6,0.7,95.6,43.1,,,,unresolvable,,,,False,False,pass,rating-breakdown,True,99.6,0.7,95.6,43.1,cross,False,False,"{""playerCoordinates"": {""x"": 99.6, ""y"": 0.7}, ""passEndCoordinates"": {""x"": 95.6, ""y"": 43.1}, ""eventActionType"": ""cross"", ""isHome"": false, ""keypass"": false}",,
1218066,Anis Hadj Moussa,14053602,rating-breakdown,passes,passes,,,,Feyenoord,90.0,,99.5,0.5,95.3,41.9,,,,unresolvable,,,,False,False,pass,rating-breakdown,True,99.5,0.5,95.3,41.9,cross,False,False,"{""playerCoordinates"": {""x"": 99.5, ""y"": 0.5}, ""passEndCoordinates"": {""x"": 95.3, ""y"": 41.9}, ""eventActionType"": ""cross"", ""isHome"": false, ""keypass"": false}",,
1218066,Anis Hadj Moussa,14053602,rating-breakdown,dribbles,dribbles,,,,Feyenoord,90.0,,92.2,17,,,,,,unresolvable,,,,False,False,,rating-breakdown,True,92.2,17,,,dribble,False,False,"{""playerCoordinates"": {""x"": 92.2, ""y"": 17}, ""eventActionType"": ""dribble"", ""isHome"": false, ""keypass"": false}",,
1218066,Anis Hadj Moussa,14053602,rating-breakdown,defensive,defensive,,,,Feyenoord,90.0,,5.8,74.7,7.5,80.7,True,True,1,boolean_field,success,,True,False,False,,rating-breakdown,True,5.8,74.7,7.5,80.7,clearance,False,False,"{""playerCoordinates"": {""x"": 5.8, ""y"": 74.7}, ""passEndCoordinates"": {""x"": 7.5, ""y"": 80.7}, ""eventActionType"": ""clearance"", ""isHome"": false, ""outcome"": true, ""keypass"": false}",,
1218066,Anis Hadj Moussa,14053602,rating-breakdown,defensive,defensive,,,,Feyenoord,90.0,,61.6,53.4,,,True,True,1,boolean_field,success,,True,False,False,,rating-breakdown,True,61.6,53.4,,,ball-recovery,False,False,"{""playerCoordinates"": {""x"": 61.6, ""y"": 53.4}, ""eventActionType"": ""ball-recovery"", ""isHome"": false, ""outcome"": true, ""keypass"": false}",,
1218066,Anis Hadj Moussa,14053608,rating-breakdown,passes,passes,,,,Feyenoord,76.0,,90.3,7.9,78.6,10.7,True,True,1,boolean_field,success,True,,False,False,pass,rating-breakdown,True,90.3,7.9,78.6,10.7,pass,True,False,"{""playerCoordinates"": {""x"": 90.3, ""y"": 7.9}, ""passEndCoordinates"": {""x"": 78.6, ""y"": 10.7}, ""eventActionType"": ""pass"", ""isHome"": true, ""outcome"": true, ""keypass"": false}",,
1218066,Anis Hadj Moussa,14053608,rating-breakdown,passes,passes,,,,Feyenoord,76.0,,70.9,4.5,64.1,7.6,True,True,1,boolean_field,success,True,,False,False,pass,rating-breakdown,True,70.9,4.5,64.1,7.6,pass,True,False,"{""playerCoordinates"": {""x"": 70.9, ""y"": 4.5}, ""passEndCoordinates"": {""x"": 64.1, ""y"": 7.6}, ""eventActionType"": ""pass"", ""isHome"": true, ""outcome"": true, ""keypass"": false}",,
1218066,Anis Hadj Moussa,14053608,rating-breakdown,passes,passes,,,,Feyenoord,76.0,,38.7,14.8,76.2,10.1,,,,unresolvable,,,,False,False,pass,rating-breakdown,True,38.7,14.8,76.2,10.1,pass,True,False,"{""playerCoordinates"": {""x"": 38.7, ""y"": 14.8}, ""passEndCoordinates"": {""x"": 76.2, ""y"": 10.1}, ""eventActionType"": ""pass"", ""isHome"": true, ""keypass"": false, ""isLongBall"": true}",True,
1218066,Anis Hadj Moussa,14053608,rating-breakdown,passes,passes,,,,Feyenoord,76.0,,99.5,0.5,92.9,54.4,,,,unresolvable,,,,False,False,pass,rating-breakdown,True,99.5,0.5,92.9,54.4,cross,True,False,"{""playerCoordinates"": {""x"": 99.5, ""y"": 0.5}, ""passEndCoordinates"": {""x"": 92.9, ""y"": 54.4}, ""eventActionType"": ""cross"", ""isHome"": true, ""keypass"": false, ""isLongBall"": true}",True,
1218066,Anis Hadj Moussa,14053608,rating-breakdown,passes,passes,,,,Feyenoord,76.0,,62.7,28.9,75.3,43.2,,,,unresolvable,,,,False,False,pass,rating-breakdown,True,62.7,28.9,75.3,43.2,pass,True,False,"{""playerCoordinates"": {""x"": 62.7, ""y"": 28.9}, ""passEndCoordinates"": {""x"": 75.3, ""y"": 43.2}, ""eventActionType"": ""pass"", ""isHome"": true, ""keypass"": false}",,
1218066,Anis Hadj Moussa,14053608,rating-breakdown,passes,passes,,,,Feyenoord,76.0,,62.4,28,69.1,52.9,True,True,1,boolean_field,success,True,,False,False,pass,rating-breakdown,True,62.4,28,69.1,52.9,pass,True,False,"{""playerCoordinates"": {""x"": 62.4, ""y"": 28}, ""passEndCoordinates"": {""x"": 69.1, ""y"": 52.9}, ""eventActionType"": ""pass"", ""isHome"": true, ""outcome"": true, ""keypass"": false}",,
1218066,Anis Hadj Moussa,14053608,rating-breakdown,passes,passes,,,,Feyenoord,76.0,,99.5,0.5,94.8,51.1,,,,unresolvable,,,,False,False,pass,rating-breakdown,True,99.5,0.5,94.8,51.1,cross,True,False,"{""playerCoordinates"": {""x"": 99.5, ""y"": 0.5}, ""passEndCoordinates"": {""x"": 94.8, ""y"": 51.1}, ""eventActionType"": ""cross"", ""isHome"": true, ""keypass"": false, ""isLongBall"": true}",True,
1218066,Anis Hadj Moussa,14053608,rating-breakdown,passes,passes,,,,Feyenoord,76.0,,59.7,3.8,55.1,13.9,True,True,1,boolean_field,success,True,,False,False,pass,rating-breakdown,True,59.7,3.8,55.1,13.9,pass,True,False,"{""playerCoordinates"": {""x"": 59.7, ""y"": 3.8}, ""passEndCoordinates"": {""x"": 55.1, ""y"": 13.9}, ""eventActionType"": ""pass"", ""isHome"": true, ""outcome"": true, ""keypass"": false}",,
1218066,Anis Hadj Moussa,14053608,rating-breakdown,passes,passes,,,,Feyenoord,76.0,,86.6,10.9,88.9,46.5,,,,unresolvable,,,,False,False,pass,rating-breakdown,True,86.6,10.9,88.9,46.5,cross,True,False,"{""playerCoordinates"": {""x"": 86.6, ""y"": 10.9}, ""passEndCoordinates"": {""x"": 88.9, ""y"": 46.5}, ""eventActionType"": ""cross"", ""isHome"": true, ""keypass"": false}",,
1218066,Anis Hadj Moussa,14053608,rating-breakdown,passes,passes,,,,Feyenoord,76.0,,93,31.7,100,82.1,,,,unresolvable,,,,False,False,pass,rating-breakdown,True,93,31.7,100,82.1,pass,True,False,"{""playerCoordinates"": {""x"": 93, ""y"": 31.7}, ""passEndCoordinates"": {""x"": 100, ""y"": 82.1}, ""eventActionType"": ""pass"", ""isHome"": true, ""keypass"": false, ""isLongBall"": true}",True,
1218066,Anis Hadj Moussa,14053608,rating-breakdown,passes,passes,,,,Feyenoord,76.0,,74.5,10.4,87.5,13.9,True,True,1,boolean_field,success,True,,False,False,pass,rating-breakdown,True,74.5,10.4,87.5,13.9,pass,True,False,"{""playerCoordinates"": {""x"": 74.5, ""y"": 10.4}, ""passEndCoordinates"": {""x"": 87.5, ""y"": 13.9}, ""eventActionType"": ""pass"", ""isHome"": true, ""outcome"": true, ""keypass"": false}",,
1218066,Anis Hadj Moussa,14053608,rating-breakdown,passes,passes,,,,Feyenoord,76.0,,91.9,26,90,55.4,,,,unresolvable,,,,False,False,pass,rating-breakdown,True,91.9,26,90,55.4,cross,True,False,"{""playerCoordinates"": {""x"": 91.9, ""y"": 26}, ""passEndCoordinates"": {""x"": 90, ""y"": 55.4}, ""eventActionType"": ""cross"", ""isHome"": true, ""keypass"": false}",,
1218066,Anis Hadj Moussa,14053608,rating-breakdown,passes,passes,,,,Feyenoord,76.0,,56.4,17.9,73,31.4,True,True,1,boolean_field,success,True,,False,False,pass,rating-breakdown,True,56.4,17.9,73,31.4,pass,True,False,"{""playerCoordinates"": {""x"": 56.4, ""y"": 17.9}, ""passEndCoordinates"": {""x"": 73, ""y"": 31.4}, ""eventActionType"": ""pass"", ""isHome"": true, ""outcome"": true, ""keypass"": false}",,
1218066,Anis Hadj Moussa,14053608,rating-breakdown,passes,passes,,,,Feyenoord,76.0,,77.5,9.2,92.3,28.8,,,,unresolvable,,,,False,False,pass,rating-breakdown,True,77.5,9.2,92.3,28.8,pass,True,False,"{""playerCoordinates"": {""x"": 77.5, ""y"": 9.2}, ""passEndCoordinates"": {""x"": 92.3, ""y"": 28.8}, ""eventActionType"": ""pass"", ""isHome"": true, ""keypass"": false}",,
1218066,Anis Hadj Moussa,14053608,rating-breakdown,passes,passes,,,,Feyenoord,76.0,,71.7,5.9,58.3,26.3,True,True,1,boolean_field,success,True,,False,False,pass,rating-breakdown,True,71.7,5.9,58.3,26.3,pass,True,False,"{""playerCoordinates"": {""x"": 71.7, ""y"": 5.9}, ""passEndCoordinates"": {""x"": 58.3, ""y"": 26.3}, ""eventActionType"": ""pass"", ""isHome"": true, ""outcome"": true, ""keypass"": false}",,
1218066,Anis Hadj Moussa,14053608,rating-breakdown,passes,passes,,,,Feyenoord,76.0,,55.3,18,47.9,45.9,True,True,1,boolean_field,success,True,,False,False,pass,rating-breakdown,True,55.3,18,47.9,45.9,pass,True,False,"{""playerCoordinates"": {""x"": 55.3, ""y"": 18}, ""passEndCoordinates"": {""x"": 47.9, ""y"": 45.9}, ""eventActionType"": ""pass"", ""isHome"": true, ""outcome"": true, ""keypass"": false}",,
1218066,Anis Hadj Moussa,14053608,rating-breakdown,passes,passes,,,,Feyenoord,76.0,,99.5,0.5,93.4,46.7,True,True,1,boolean_field,success,True,,False,True,key_pass,rating-breakdown,True,99.5,0.5,93.4,46.7,cross,True,True,"{""playerCoordinates"": {""x"": 99.5, ""y"": 0.5}, ""passEndCoordinates"": {""x"": 93.4, ""y"": 46.7}, ""eventActionType"": ""cross"", ""isHome"": true, ""outcome"": true, ""keypass"": true, ""isLongBall"": true}",True,
1218066,Anis Hadj Moussa,14053608,rating-breakdown,passes,passes,,,,Feyenoord,76.0,,37.7,3,30.6,2.2,True,True,1,boolean_field,success,True,,False,False,pass,rating-breakdown,True,37.7,3,30.6,2.2,pass,True,False,"{""playerCoordinates"": {""x"": 37.7, ""y"": 3}, ""passEndCoordinates"": {""x"": 30.6, ""y"": 2.2}, ""eventActionType"": ""pass"", ""isHome"": true, ""outcome"": true, ""keypass"": false}",,
1218066,Anis Hadj Moussa,14053608,rating-breakdown,passes,passes,,,,Feyenoord,76.0,,87.3,14.7,96.5,39.9,True,True,1,boolean_field,success,True,,True,True,assist,rating-breakdown,True,87.3,14.7,96.5,39.9,pass,True,True,"{""playerCoordinates"": {""x"": 87.3, ""y"": 14.7}, ""passEndCoordinates"": {""x"": 96.5, ""y"": 39.9}, ""eventActionType"": ""pass"", ""isHome"": true, ""outcome"": true, ""keypass"": true, ""isAssist"": true}",,True
1218066,Anis Hadj Moussa,14053608,rating-breakdown,passes,passes,,,,Feyenoord,76.0,,74.3,17.3,79.7,24.2,,,,unresolvable,,,,False,False,pass,rating-breakdown,True,74.3,17.3,79.7,24.2,pass,True,False,"{""playerCoordinates"": {""x"": 74.3, ""y"": 17.3}, ""passEndCoordinates"": {""x"": 79.7, ""y"": 24.2}, ""eventActionType"": ""pass"", ""isHome"": true, ""keypass"": false}",,
1218066,Anis Hadj Moussa,14053608,rating-breakdown,passes,passes,,,,Feyenoord,76.0,,68.1,30,75.6,30.7,,,,unresolvable,,,,False,False,pass,rating-breakdown,True,68.1,30,75.6,30.7,pass,True,False,"{""playerCoordinates"": {""x"": 68.1, ""y"": 30}, ""passEndCoordinates"": {""x"": 75.6, ""y"": 30.7}, ""eventActionType"": ""pass"", ""isHome"": true, ""keypass"": false}",,
1218066,Anis Hadj Moussa,14053608,rating-breakdown,passes,passes,,,,Feyenoord,76.0,,92.3,28.8,91.5,43.3,,,,unresolvable,,,,False,False,pass,rating-breakdown,True,92.3,28.8,91.5,43.3,pass,True,False,"{""playerCoordinates"": {""x"": 92.3, ""y"": 28.8}, ""passEndCoordinates"": {""x"": 91.5, ""y"": 43.3}, ""eventActionType"": ""pass"", ""isHome"": true, ""keypass"": false}",,
1218066,Anis Hadj Moussa,14053608,rating-breakdown,passes,passes,,,,Feyenoord,76.0,,61.5,3.8,74.2,59.6,,,,unresolvable,,,,False,False,pass,rating-breakdown,True,61.5,3.8,74.2,59.6,pass,True,False,"{""playerCoordinates"": {""x"": 61.5, ""y"": 3.8}, ""passEndCoordinates"": {""x"": 74.2, ""y"": 59.6}, ""eventActionType"": ""pass"", ""isHome"": true, ""keypass"": false, ""isLongBall"": true}",True,
1218066,Anis Hadj Moussa,14053608,rating-breakdown,dribbles,dribbles,,,,Feyenoord,76.0,,37,6.4,,,True,True,1,boolean_field,success,,True,False,False,,rating-breakdown,True,37,6.4,,,dribble,True,False,"{""playerCoordinates"": {""x"": 37, ""y"": 6.4}, ""eventActionType"": ""dribble"", ""isHome"": true, ""outcome"": true, ""keypass"": false}",,
1218066,Anis Hadj Moussa,14053608,rating-breakdown,dribbles,dribbles,,,,Feyenoord,76.0,,76.9,4.8,,,,,,unresolvable,,,,False,False,,rating-breakdown,True,76.9,4.8,,,dribble,True,False,"{""playerCoordinates"": {""x"": 76.9, ""y"": 4.8}, ""eventActionType"": ""dribble"", ""isHome"": true, ""keypass"": false}",,
1218066,Anis Hadj Moussa,14053608,rating-breakdown,dribbles,dribbles,,,,Feyenoord,76.0,,83.2,5.1,,,True,True,1,boolean_field,success,,True,False,False,,rating-breakdown,True,83.2,5.1,,,dribble,True,False,"{""playerCoordinates"": {""x"": 83.2, ""y"": 5.1}, ""eventActionType"": ""dribble"", ""isHome"": true, ""outcome"": true, ""keypass"": false}",,
1218066,Anis Hadj Moussa,14053608,rating-breakdown,dribbles,dribbles,,,,Feyenoord,76.0,,85.6,20.3,,,True,True,1,boolean_field,success,,True,False,False,,rating-breakdown,True,85.6,20.3,,,dribble,True,False,"{""playerCoordinates"": {""x"": 85.6, ""y"": 20.3}, ""eventActionType"": ""dribble"", ""isHome"": true, ""outcome"": true, ""keypass"": false}",,
1218066,Anis Hadj Moussa,14053608,rating-breakdown,dribbles,dribbles,,,,Feyenoord,76.0,,78.4,22.4,,,True,True,1,boolean_field,success,,True,False,False,,rating-breakdown,True,78.4,22.4,,,dribble,True,False,"{""playerCoordinates"": {""x"": 78.4, ""y"": 22.4}, ""eventActionType"": ""dribble"", ""isHome"": true, ""outcome"": true, ""keypass"": false}",,
1218066,Anis Hadj Moussa,14053608,rating-breakdown,dribbles,dribbles,,,,Feyenoord,76.0,,72.4,8.7,,,True,True,1,boolean_field,success,,True,False,False,,rating-breakdown,True,72.4,8.7,,,dribble,True,False,"{""playerCoordinates"": {""x"": 72.4, ""y"": 8.7}, ""eventActionType"": ""dribble"", ""isHome"": true, ""outcome"": true, ""keypass"": false}",,
1218066,Anis Hadj Moussa,14053608,rating-breakdown,dribbles,dribbles,,,,Feyenoord,76.0,,96.8,25.7,,,,,,unresolvable,,,,False,False,,rating-breakdown,True,96.8,25.7,,,dribble,True,False,"{""playerCoordinates"": {""x"": 96.8, ""y"": 25.7}, ""eventActionType"": ""dribble"", ""isHome"": true, ""keypass"": false}",,
1218066,Anis Hadj Moussa,14053608,rating-breakdown,dribbles,dribbles,,,,Feyenoord,76.0,,47.8,6.2,,,,,,unresolvable,,,,False,False,,rating-breakdown,True,47.8,6.2,,,dribble,True,False,"{""playerCoordinates"": {""x"": 47.8, ""y"": 6.2}, ""eventActionType"": ""dribble"", ""isHome"": true, ""keypass"": false}",,
1218066,Anis Hadj Moussa,14053608,rating-breakdown,dribbles,dribbles,,,,Feyenoord,76.0,,56,3.2,,,,,,unresolvable,,,,False,False,,rating-breakdown,True,56,3.2,,,dribble,True,False,"{""playerCoordinates"": {""x"": 56, ""y"": 3.2}, ""eventActionType"": ""dribble"", ""isHome"": true, ""keypass"": false}",,
1218066,Anis Hadj Moussa,14053608,rating-breakdown,defensive,defensive,,,,Feyenoord,76.0,,47.5,11.2,,,True,True,1,boolean_field,success,,True,False,False,,rating-breakdown,True,47.5,11.2,,,ball-recovery,True,False,"{""playerCoordinates"": {""x"": 47.5, ""y"": 11.2}, ""eventActionType"": ""ball-recovery"", ""isHome"": true, ""outcome"": true, ""keypass"": false}",,
1218066,Anis Hadj Moussa,14053608,rating-breakdown,defensive,defensive,,,,Feyenoord,76.0,,23.7,33.8,46,42.1,True,True,1,boolean_field,success,,True,False,False,,rating-breakdown,True,23.7,33.8,46,42.1,clearance,True,False,"{""playerCoordinates"": {""x"": 23.7, ""y"": 33.8}, ""passEndCoordinates"": {""x"": 46, ""y"": 42.1}, ""eventActionType"": ""clearance"", ""isHome"": true, ""outcome"": true, ""keypass"": false}",,
1218066,Anis Hadj Moussa,14053608,rating-breakdown,defensive,defensive,,,,Feyenoord,76.0,,55,8,,,True,True,1,boolean_field,success,,True,False,False,,rating-breakdown,True,55,8,,,ball-recovery,True,False,"{""playerCoordinates"": {""x"": 55, ""y"": 8}, ""eventActionType"": ""ball-recovery"", ""isHome"": true, ""outcome"": true, ""keypass"": false}",,
1218066,Anis Hadj Moussa,14053608,rating-breakdown,defensive,defensive,,,,Feyenoord,76.0,,70.5,10.6,,,True,True,1,boolean_field,success,,True,False,False,,rating-breakdown,True,70.5,10.6,,,ball-recovery,True,False,"{""playerCoordinates"": {""x"": 70.5, ""y"": 10.6}, ""eventActionType"": ""ball-recovery"", ""isHome"": true, ""outcome"": true, ""keypass"": false}",,
1218066,Anis Hadj Moussa,14053649,rating-breakdown,passes,passes,,,,Feyenoord,90.0,,63.5,27.7,82.1,14.4,True,True,1,boolean_field,success,True,,False,False,pass,rating-breakdown,True,63.5,27.7,82.1,14.4,pass,False,False,"{""playerCoordinates"": {""x"": 63.5, ""y"": 27.7}, ""passEndCoordinates"": {""x"": 82.1, ""y"": 14.4}, ""eventActionType"": ""pass"", ""isHome"": false, ""outcome"": true, ""keypass"": false}",,
1218066,Anis Hadj Moussa,14053649,rating-breakdown,passes,passes,,,,Feyenoord,90.0,,67.8,7,63,30.7,True,True,1,boolean_field,success,True,,False,False,pass,rating-breakdown,True,67.8,7,63,30.7,pass,False,False,"{""playerCoordinates"": {""x"": 67.8, ""y"": 7}, ""passEndCoordinates"": {""x"": 63, ""y"": 30.7}, ""eventActionType"": ""pass"", ""isHome"": false, ""outcome"": true, ""keypass"": false}",,
1218066,Anis Hadj Moussa,14053649,rating-breakdown,passes,passes,,,,Feyenoord,90.0,,72.5,17.8,82.8,23.2,True,True,1,boolean_field,success,True,,False,False,pass,rating-breakdown,True,72.5,17.8,82.8,23.2,pass,False,False,"{""playerCoordinates"": {""x"": 72.5, ""y"": 17.8}, ""passEndCoordinates"": {""x"": 82.8, ""y"": 23.2}, ""eventActionType"": ""pass"", ""isHome"": false, ""outcome"": true, ""keypass"": false}",,
1218066,Anis Hadj Moussa,14053649,rating-breakdown,passes,passes,,,,Feyenoord,90.0,,85,13.9,95.6,26.5,True,True,1,boolean_field,success,True,,False,False,pass,rating-breakdown,True,85,13.9,95.6,26.5,pass,False,False,"{""playerCoordinates"": {""x"": 85, ""y"": 13.9}, ""passEndCoordinates"": {""x"": 95.6, ""y"": 26.5}, ""eventActionType"": ""pass"", ""isHome"": false, ""outcome"": true, ""keypass"": false}",,
1218066,Anis Hadj Moussa,14053649,rating-breakdown,passes,passes,,,,Feyenoord,90.0,,99.5,0.5,94.4,45.1,,,,unresolvable,,,,False,False,pass,rating-breakdown,True,99.5,0.5,94.4,45.1,cross,False,False,"{""playerCoordinates"": {""x"": 99.5, ""y"": 0.5}, ""passEndCoordinates"": {""x"": 94.4, ""y"": 45.1}, ""eventActionType"": ""cross"", ""isHome"": false, ""keypass"": false}",,
1218066,Anis Hadj Moussa,14053649,rating-breakdown,passes,passes,,,,Feyenoord,90.0,,71,12.4,61.4,25,True,True,1,boolean_field,success,True,,False,False,pass,rating-breakdown,True,71,12.4,61.4,25,pass,False,False,"{""playerCoordinates"": {""x"": 71, ""y"": 12.4}, ""passEndCoordinates"": {""x"": 61.4, ""y"": 25}, ""eventActionType"": ""pass"", ""isHome"": false, ""outcome"": true, ""keypass"": false}",,
1218066,Anis Hadj Moussa,14053649,rating-breakdown,passes,passes,,,,Feyenoord,90.0,,74.2,14.8,80.7,22.8,True,True,1,boolean_field,success,True,,False,False,pass,rating-breakdown,True,74.2,14.8,80.7,22.8,pass,False,False,"{""playerCoordinates"": {""x"": 74.2, ""y"": 14.8}, ""passEndCoordinates"": {""x"": 80.7, ""y"": 22.8}, ""eventActionType"": ""pass"", ""isHome"": false, ""outcome"": true, ""keypass"": false}",,
1218066,Anis Hadj Moussa,14053649,rating-breakdown,passes,passes,,,,Feyenoord,90.0,,33,30.7,29,73,True,True,1,boolean_field,success,True,,False,False,pass,rating-breakdown,True,33,30.7,29,73,pass,False,False,"{""playerCoordinates"": {""x"": 33, ""y"": 30.7}, ""passEndCoordinates"": {""x"": 29, ""y"": 73}, ""eventActionType"": ""pass"", ""isHome"": false, ""outcome"": true, ""keypass"": false}",,
1218066,Anis Hadj Moussa,14053649,rating-breakdown,passes,passes,,,,Feyenoord,90.0,,74.4,10.2,76.4,10.9,,,,unresolvable,,,,False,False,pass,rating-breakdown,True,74.4,10.2,76.4,10.9,pass,False,False,"{""playerCoordinates"": {""x"": 74.4, ""y"": 10.2}, ""passEndCoordinates"": {""x"": 76.4, ""y"": 10.9}, ""eventActionType"": ""pass"", ""isHome"": false, ""keypass"": false}",,
1218066,Anis Hadj Moussa,14053649,rating-breakdown,passes,passes,,,,Feyenoord,90.0,,99.5,0.5,92.3,51.7,,,,unresolvable,,,,False,False,pass,rating-breakdown,True,99.5,0.5,92.3,51.7,cross,False,False,"{""playerCoordinates"": {""x"": 99.5, ""y"": 0.5}, ""passEndCoordinates"": {""x"": 92.3, ""y"": 51.7}, ""eventActionType"": ""cross"", ""isHome"": false, ""keypass"": false, ""isLongBall"": true}",True,
1218066,Anis Hadj Moussa,14053649,rating-breakdown,passes,passes,,,,Feyenoord,90.0,,73.9,8.5,68.9,19.3,True,True,1,boolean_field,success,True,,False,False,pass,rating-breakdown,True,73.9,8.5,68.9,19.3,pass,False,False,"{""playerCoordinates"": {""x"": 73.9, ""y"": 8.5}, ""passEndCoordinates"": {""x"": 68.9, ""y"": 19.3}, ""eventActionType"": ""pass"", ""isHome"": false, ""outcome"": true, ""keypass"": false}",,
1218066,Anis Hadj Moussa,14053649,rating-breakdown,passes,passes,,,,Feyenoord,90.0,,79.6,8.2,84.1,14.8,,,,unresolvable,,,,False,False,pass,rating-breakdown,True,79.6,8.2,84.1,14.8,pass,False,False,"{""playerCoordinates"": {""x"": 79.6, ""y"": 8.2}, ""passEndCoordinates"": {""x"": 84.1, ""y"": 14.8}, ""eventActionType"": ""pass"", ""isHome"": false, ""keypass"": false}",,
1218066,Anis Hadj Moussa,14053649,rating-breakdown,passes,passes,,,,Feyenoord,90.0,,38.3,8.8,38,18.6,True,True,1,boolean_field,success,True,,False,False,pass,rating-breakdown,True,38.3,8.8,38,18.6,pass,False,False,"{""playerCoordinates"": {""x"": 38.3, ""y"": 8.8}, ""passEndCoordinates"": {""x"": 38, ""y"": 18.6}, ""eventActionType"": ""pass"", ""isHome"": false, ""outcome"": true, ""keypass"": false}",,
1218066,Anis Hadj Moussa,14053649,rating-breakdown,passes,passes,,,,Feyenoord,90.0,,77.7,9.7,69.1,24.3,True,True,1,boolean_field,success,True,,False,False,pass,rating-breakdown,True,77.7,9.7,69.1,24.3,pass,False,False,"{""playerCoordinates"": {""x"": 77.7, ""y"": 9.7}, ""passEndCoordinates"": {""x"": 69.1, ""y"": 24.3}, ""eventActionType"": ""pass"", ""isHome"": false, ""outcome"": true, ""keypass"": false}",,
1218066,Anis Hadj Moussa,14053649,rating-breakdown,passes,passes,,,,Feyenoord,90.0,,75.2,14.5,93,41.2,True,True,1,boolean_field,success,True,,True,True,assist,rating-breakdown,True,75.2,14.5,93,41.2,pass,False,True,"{""playerCoordinates"": {""x"": 75.2, ""y"": 14.5}, ""passEndCoordinates"": {""x"": 93, ""y"": 41.2}, ""eventActionType"": ""pass"", ""isHome"": false, ""outcome"": true, ""keypass"": true, ""isAssist"": true}",,True
1218066,Anis Hadj Moussa,14053649,rating-breakdown,passes,passes,,,,Feyenoord,90.0,,66.1,33.6,79,25.9,,,,unresolvable,,,,False,False,pass,rating-breakdown,True,66.1,33.6,79,25.9,pass,False,False,"{""playerCoordinates"": {""x"": 66.1, ""y"": 33.6}, ""passEndCoordinates"": {""x"": 79, ""y"": 25.9}, ""eventActionType"": ""pass"", ""isHome"": false, ""keypass"": false}",,
1218066,Anis Hadj Moussa,14053649,rating-breakdown,passes,passes,,,,Feyenoord,90.0,,60.2,10.2,49.7,23.8,True,True,1,boolean_field,success,True,,False,False,pass,rating-breakdown,True,60.2,10.2,49.7,23.8,pass,False,False,"{""playerCoordinates"": {""x"": 60.2, ""y"": 10.2}, ""passEndCoordinates"": {""x"": 49.7, ""y"": 23.8}, ""eventActionType"": ""pass"", ""isHome"": false, ""outcome"": true, ""keypass"": false}",,
1218066,Anis Hadj Moussa,14053649,rating-breakdown,passes,passes,,,,Feyenoord,90.0,,78.1,25.8,83.5,44.4,True,True,1,boolean_field,success,True,,False,False,pass,rating-breakdown,True,78.1,25.8,83.5,44.4,pass,False,False,"{""playerCoordinates"": {""x"": 78.1, ""y"": 25.8}, ""passEndCoordinates"": {""x"": 83.5, ""y"": 44.4}, ""eventActionType"": ""pass"", ""isHome"": false, ""outcome"": true, ""keypass"": false}",,
1218066,Anis Hadj Moussa,14053649,rating-breakdown,passes,passes,,,,Feyenoord,90.0,,80.2,16,72.3,33.1,True,True,1,boolean_field,success,True,,False,False,pass,rating-breakdown,True,80.2,16,72.3,33.1,pass,False,False,"{""playerCoordinates"": {""x"": 80.2, ""y"": 16}, ""passEndCoordinates"": {""x"": 72.3, ""y"": 33.1}, ""eventActionType"": ""pass"", ""isHome"": false, ""outcome"": true, ""keypass"": false}",,
1218066,Anis Hadj Moussa,14053649,rating-breakdown,passes,passes,,,,Feyenoord,90.0,,28.6,35.5,25.2,30.9,,,,unresolvable,,,,False,False,pass,rating-breakdown,True,28.6,35.5,25.2,30.9,pass,False,False,"{""playerCoordinates"": {""x"": 28.6, ""y"": 35.5}, ""passEndCoordinates"": {""x"": 25.2, ""y"": 30.9}, ""eventActionType"": ""pass"", ""isHome"": false, ""keypass"": false}",,
1218066,Anis Hadj Moussa,14053649,rating-breakdown,passes,passes,,,,Feyenoord,90.0,,77.1,5.7,68.4,13.5,True,True,1,boolean_field,success,True,,False,False,pass,rating-breakdown,True,77.1,5.7,68.4,13.5,pass,False,False,"{""playerCoordinates"": {""x"": 77.1, ""y"": 5.7}, ""passEndCoordinates"": {""x"": 68.4, ""y"": 13.5}, ""eventActionType"": ""pass"", ""isHome"": false, ""outcome"": true, ""keypass"": false}",,
1218066,Anis Hadj Moussa,14053649,rating-breakdown,passes,passes,,,,Feyenoord,90.0,,76.2,6.6,90.2,11.7,True,True,1,boolean_field,success,True,,False,False,pass,rating-breakdown,True,76.2,6.6,90.2,11.7,pass,False,False,"{""playerCoordinates"": {""x"": 76.2, ""y"": 6.6}, ""passEndCoordinates"": {""x"": 90.2, ""y"": 11.7}, ""eventActionType"": ""pass"", ""isHome"": false, ""outcome"": true, ""keypass"": false}",,
1218066,Anis Hadj Moussa,14053649,rating-breakdown,passes,passes,,,,Feyenoord,90.0,,99.5,0.5,90.9,54.7,True,True,1,boolean_field,success,True,,False,False,pass,rating-breakdown,True,99.5,0.5,90.9,54.7,cross,False,False,"{""playerCoordinates"": {""x"": 99.5, ""y"": 0.5}, ""passEndCoordinates"": {""x"": 90.9, ""y"": 54.7}, ""eventActionType"": ""cross"", ""isHome"": false, ""outcome"": true, ""keypass"": false, ""isLongBall"": true}",True,
1218066,Anis Hadj Moussa,14053649,rating-breakdown,passes,passes,,,,Feyenoord,90.0,,59.8,9.4,33.4,3.9,True,True,1,boolean_field,success,True,,False,False,pass,rating-breakdown,True,59.8,9.4,33.4,3.9,pass,False,False,"{""playerCoordinates"": {""x"": 59.8, ""y"": 9.4}, ""passEndCoordinates"": {""x"": 33.4, ""y"": 3.9}, ""eventActionType"": ""pass"", ""isHome"": false, ""outcome"": true, ""keypass"": false}",,
1218066,Anis Hadj Moussa,14053649,rating-breakdown,passes,passes,,,,Feyenoord,90.0,,52.7,3.6,71.9,11.2,,,,unresolvable,,,,False,False,pass,rating-breakdown,True,52.7,3.6,71.9,11.2,pass,False,False,"{""playerCoordinates"": {""x"": 52.7, ""y"": 3.6}, ""passEndCoordinates"": {""x"": 71.9, ""y"": 11.2}, ""eventActionType"": ""pass"", ""isHome"": false, ""keypass"": false}",,
1218066,Anis Hadj Moussa,14053649,rating-breakdown,passes,passes,,,,Feyenoord,90.0,,76.1,8.1,90.6,34,,,,unresolvable,,,,False,False,pass,rating-breakdown,True,76.1,8.1,90.6,34,pass,False,False,"{""playerCoordinates"": {""x"": 76.1, ""y"": 8.1}, ""passEndCoordinates"": {""x"": 90.6, ""y"": 34}, ""eventActionType"": ""pass"", ""isHome"": false, ""keypass"": false}",,
1218066,Anis Hadj Moussa,14053649,rating-breakdown,passes,passes,,,,Feyenoord,90.0,,72,23.8,75.4,16.9,True,True,1,boolean_field,success,True,,False,False,pass,rating-breakdown,True,72,23.8,75.4,16.9,pass,False,False,"{""playerCoordinates"": {""x"": 72, ""y"": 23.8}, ""passEndCoordinates"": {""x"": 75.4, ""y"": 16.9}, ""eventActionType"": ""pass"", ""isHome"": false, ""outcome"": true, ""keypass"": false}",,
1218066,Anis Hadj Moussa,14053649,rating-breakdown,passes,passes,,,,Feyenoord,90.0,,65.8,5.5,56.9,7.9,True,True,1,boolean_field,success,True,,False,False,pass,rating-breakdown,True,65.8,5.5,56.9,7.9,pass,False,False,"{""playerCoordinates"": {""x"": 65.8, ""y"": 5.5}, ""passEndCoordinates"": {""x"": 56.9, ""y"": 7.9}, ""eventActionType"": ""pass"", ""isHome"": false, ""outcome"": true, ""keypass"": false}",,
1218066,Anis Hadj Moussa,14053649,rating-breakdown,passes,passes,,,,Feyenoord,90.0,,95.1,16.9,95.2,62.5,,,,unresolvable,,,,False,False,pass,rating-breakdown,True,95.1,16.9,95.2,62.5,cross,False,False,"{""playerCoordinates"": {""x"": 95.1, ""y"": 16.9}, ""passEndCoordinates"": {""x"": 95.2, ""y"": 62.5}, ""eventActionType"": ""cross"", ""isHome"": false, ""keypass"": false}",,
1218066,Anis Hadj Moussa,14053649,rating-breakdown,passes,passes,,,,Feyenoord,90.0,,53.7,21.3,85.6,8.2,True,True,1,boolean_field,success,True,,False,False,pass,rating-breakdown,True,53.7,21.3,85.6,8.2,pass,False,False,"{""playerCoordinates"": {""x"": 53.7, ""y"": 21.3}, ""passEndCoordinates"": {""x"": 85.6, ""y"": 8.2}, ""eventActionType"": ""pass"", ""isHome"": false, ""outcome"": true, ""keypass"": false, ""isLongBall"": true}",True,
1218066,Anis Hadj Moussa,14053649,rating-breakdown,passes,passes,,,,Feyenoord,90.0,,74.9,11.1,96.9,42.3,,,,unresolvable,,,,False,False,pass,rating-breakdown,True,74.9,11.1,96.9,42.3,cross,False,False,"{""playerCoordinates"": {""x"": 74.9, ""y"": 11.1}, ""passEndCoordinates"": {""x"": 96.9, ""y"": 42.3}, ""eventActionType"": ""cross"", ""isHome"": false, ""keypass"": false}",,
1218066,Anis Hadj Moussa,14053649,rating-breakdown,passes,passes,,,,Feyenoord,90.0,,61.4,20.5,53.5,34.8,True,True,1,boolean_field,success,True,,False,False,pass,rating-breakdown,True,61.4,20.5,53.5,34.8,pass,False,False,"{""playerCoordinates"": {""x"": 61.4, ""y"": 20.5}, ""passEndCoordinates"": {""x"": 53.5, ""y"": 34.8}, ""eventActionType"": ""pass"", ""isHome"": false, ""outcome"": true, ""keypass"": false}",,
1218066,Anis Hadj Moussa,14053649,rating-breakdown,passes,passes,,,,Feyenoord,90.0,,82.9,6,88.8,19,True,True,1,boolean_field,success,True,,False,False,pass,rating-breakdown,True,82.9,6,88.8,19,pass,False,False,"{""playerCoordinates"": {""x"": 82.9, ""y"": 6}, ""passEndCoordinates"": {""x"": 88.8, ""y"": 19}, ""eventActionType"": ""pass"", ""isHome"": false, ""outcome"": true, ""keypass"": false}",,
1218066,Anis Hadj Moussa,14053649,rating-breakdown,passes,passes,,,,Feyenoord,90.0,,85,23.2,84.4,42.4,True,True,1,boolean_field,success,True,,False,False,pass,rating-breakdown,True,85,23.2,84.4,42.4,pass,False,False,"{""playerCoordinates"": {""x"": 85, ""y"": 23.2}, ""passEndCoordinates"": {""x"": 84.4, ""y"": 42.4}, ""eventActionType"": ""pass"", ""isHome"": false, ""outcome"": true, ""keypass"": false}",,
1218066,Anis Hadj Moussa,14053649,rating-breakdown,passes,passes,,,,Feyenoord,90.0,,83.6,39.4,85.8,46.2,,,,unresolvable,,,,False,False,pass,rating-breakdown,True,83.6,39.4,85.8,46.2,pass,False,False,"{""playerCoordinates"": {""x"": 83.6, ""y"": 39.4}, ""passEndCoordinates"": {""x"": 85.8, ""y"": 46.2}, ""eventActionType"": ""pass"", ""isHome"": false, ""keypass"": false}",,
1218066,Anis Hadj Moussa,14053649,rating-breakdown,passes,passes,,,,Feyenoord,90.0,,99.5,0.5,91.6,52.5,True,True,1,boolean_field,success,True,,False,True,key_pass,rating-breakdown,True,99.5,0.5,91.6,52.5,cross,False,True,"{""playerCoordinates"": {""x"": 99.5, ""y"": 0.5}, ""passEndCoordinates"": {""x"": 91.6, ""y"": 52.5}, ""eventActionType"": ""cross"", ""isHome"": false, ""outcome"": true, ""keypass"": true, ""isLongBall"": true}",True,
1218066,Anis Hadj Moussa,14053649,rating-breakdown,passes,passes,,,,Feyenoord,90.0,,85.6,11.2,90.1,50.5,,,,unresolvable,,,,False,False,pass,rating-breakdown,True,85.6,11.2,90.1,50.5,cross,False,False,"{""playerCoordinates"": {""x"": 85.6, ""y"": 11.2}, ""passEndCoordinates"": {""x"": 90.1, ""y"": 50.5}, ""eventActionType"": ""cross"", ""isHome"": false, ""keypass"": false}",,
1218066,Anis Hadj Moussa,14053649,rating-breakdown,passes,passes,,,,Feyenoord,90.0,,79.3,19.8,90.7,17.5,True,True,1,boolean_field,success,True,,False,False,pass,rating-breakdown,True,79.3,19.8,90.7,17.5,pass,False,False,"{""playerCoordinates"": {""x"": 79.3, ""y"": 19.8}, ""passEndCoordinates"": {""x"": 90.7, ""y"": 17.5}, ""eventActionType"": ""pass"", ""isHome"": false, ""outcome"": true, ""keypass"": false}",,
1218066,Anis Hadj Moussa,14053649,rating-breakdown,passes,passes,,,,Feyenoord,90.0,,54.7,8.7,30.2,46.6,True,True,1,boolean_field,success,True,,False,False,pass,rating-breakdown,True,54.7,8.7,30.2,46.6,pass,False,False,"{""playerCoordinates"": {""x"": 54.7, ""y"": 8.7}, ""passEndCoordinates"": {""x"": 30.2, ""y"": 46.6}, ""eventActionType"": ""pass"", ""isHome"": false, ""outcome"": true, ""keypass"": false, ""isLongBall"": true}",True,
1218066,Anis Hadj Moussa,14053649,rating-breakdown,passes,passes,,,,Feyenoord,90.0,,54.2,6.1,37,10.5,True,True,1,boolean_field,success,True,,False,False,pass,rating-breakdown,True,54.2,6.1,37,10.5,pass,False,False,"{""playerCoordinates"": {""x"": 54.2, ""y"": 6.1}, ""passEndCoordinates"": {""x"": 37, ""y"": 10.5}, ""eventActionType"": ""pass"", ""isHome"": false, ""outcome"": true, ""keypass"": false}",,
1218066,Anis Hadj Moussa,14053649,rating-breakdown,passes,passes,,,,Feyenoord,90.0,,67.2,7.3,64.8,34,True,True,1,boolean_field,success,True,,False,False,pass,rating-breakdown,True,67.2,7.3,64.8,34,pass,False,False,"{""playerCoordinates"": {""x"": 67.2, ""y"": 7.3}, ""passEndCoordinates"": {""x"": 64.8, ""y"": 34}, ""eventActionType"": ""pass"", ""isHome"": false, ""outcome"": true, ""keypass"": false}",,
1218066,Anis Hadj Moussa,14053649,rating-breakdown,passes,passes,,,,Feyenoord,90.0,,60.5,13.5,54.8,31,True,True,1,boolean_field,success,True,,False,False,pass,rating-breakdown,True,60.5,13.5,54.8,31,pass,False,False,"{""playerCoordinates"": {""x"": 60.5, ""y"": 13.5}, ""passEndCoordinates"": {""x"": 54.8, ""y"": 31}, ""eventActionType"": ""pass"", ""isHome"": false, ""outcome"": true, ""keypass"": false}",,
1218066,Anis Hadj Moussa,14053649,rating-breakdown,passes,passes,,,,Feyenoord,90.0,,57.3,49.6,56.8,81.9,True,True,1,boolean_field,success,True,,False,False,pass,rating-breakdown,True,57.3,49.6,56.8,81.9,pass,False,False,"{""playerCoordinates"": {""x"": 57.3, ""y"": 49.6}, ""passEndCoordinates"": {""x"": 56.8, ""y"": 81.9}, ""eventActionType"": ""pass"", ""isHome"": false, ""outcome"": true, ""keypass"": false}",,
1218066,Anis Hadj Moussa,14053649,rating-breakdown,dribbles,dribbles,,,,Feyenoord,90.0,,32.8,5.2,,,True,True,1,boolean_field,success,,True,False,False,,rating-breakdown,True,32.8,5.2,,,dribble,False,False,"{""playerCoordinates"": {""x"": 32.8, ""y"": 5.2}, ""eventActionType"": ""dribble"", ""isHome"": false, ""outcome"": true, ""keypass"": false}",,
1218066,Anis Hadj Moussa,14053649,rating-breakdown,dribbles,dribbles,,,,Feyenoord,90.0,,90.3,14.4,,,True,True,1,boolean_field,success,,True,False,False,,rating-breakdown,True,90.3,14.4,,,dribble,False,False,"{""playerCoordinates"": {""x"": 90.3, ""y"": 14.4}, ""eventActionType"": ""dribble"", ""isHome"": false, ""outcome"": true, ""keypass"": false}",,
1218066,Anis Hadj Moussa,14053649,rating-breakdown,dribbles,dribbles,,,,Feyenoord,90.0,,80.9,21,,,True,True,1,boolean_field,success,,True,False,False,,rating-breakdown,True,80.9,21,,,dribble,False,False,"{""playerCoordinates"": {""x"": 80.9, ""y"": 21}, ""eventActionType"": ""dribble"", ""isHome"": false, ""outcome"": true, ""keypass"": false}",,
1218066,Anis Hadj Moussa,14053649,rating-breakdown,defensive,defensive,,,,Feyenoord,90.0,,48.9,10.5,,,True,True,1,boolean_field,success,,True,False,False,,rating-breakdown,True,48.9,10.5,,,ball-recovery,False,False,"{""playerCoordinates"": {""x"": 48.9, ""y"": 10.5}, ""eventActionType"": ""ball-recovery"", ""isHome"": false, ""outcome"": true, ""keypass"": false}",,
1218066,Anis Hadj Moussa,14053649,rating-breakdown,defensive,defensive,,,,Feyenoord,90.0,,61.6,20.8,,,True,True,1,boolean_field,success,,True,False,False,,rating-breakdown,True,61.6,20.8,,,ball-recovery,False,False,"{""playerCoordinates"": {""x"": 61.6, ""y"": 20.8}, ""eventActionType"": ""ball-recovery"", ""isHome"": false, ""outcome"": true, ""keypass"": false}",,
1218066,Anis Hadj Moussa,14053649,rating-breakdown,defensive,defensive,,,,Feyenoord,90.0,,29.1,25.9,,,True,True,1,boolean_field,success,,True,False,False,,rating-breakdown,True,29.1,25.9,,,ball-recovery,False,False,"{""playerCoordinates"": {""x"": 29.1, ""y"": 25.9}, ""eventActionType"": ""ball-recovery"", ""isHome"": false, ""outcome"": true, ""keypass"": false}",,
1218066,Anis Hadj Moussa,14053649,rating-breakdown,defensive,defensive,,,,Feyenoord,90.0,,18,30.2,,,,,,unresolvable,,,,False,False,,rating-breakdown,True,18,30.2,,,tackle,False,False,"{""playerCoordinates"": {""x"": 18, ""y"": 30.2}, ""eventActionType"": ""tackle"", ""isHome"": false, ""keypass"": false}",,
1218066,Anis Hadj Moussa,14053649,rating-breakdown,defensive,defensive,,,,Feyenoord,90.0,,37.5,7.8,,,True,True,1,boolean_field,success,,True,False,False,,rating-breakdown,True,37.5,7.8,,,ball-recovery,False,False,"{""playerCoordinates"": {""x"": 37.5, ""y"": 7.8}, ""eventActionType"": ""ball-recovery"", ""isHome"": false, ""outcome"": true, ""keypass"": false}",,
1218066,Anis Hadj Moussa,14053649,rating-breakdown,defensive,defensive,,,,Feyenoord,90.0,,44.2,5.2,,,True,True,1,boolean_field,success,,True,False,False,,rating-breakdown,True,44.2,5.2,,,tackle,False,False,"{""playerCoordinates"": {""x"": 44.2, ""y"": 5.2}, ""eventActionType"": ""tackle"", ""isHome"": false, ""outcome"": true, ""keypass"": false}",,
1218066,Anis Hadj Moussa,14053649,rating-breakdown,defensive,defensive,,,,Feyenoord,90.0,,79,7.2,,,True,True,1,boolean_field,success,,True,False,False,,rating-breakdown,True,79,7.2,,,ball-recovery,False,False,"{""playerCoordinates"": {""x"": 79, ""y"": 7.2}, ""eventActionType"": ""ball-recovery"", ""isHome"": false, ""outcome"": true, ""keypass"": false}",,
1218066,Anis Hadj Moussa,14053649,rating-breakdown,defensive,defensive,,,,Feyenoord,90.0,,71.8,11.9,,,True,True,1,boolean_field,success,,True,False,False,,rating-breakdown,True,71.8,11.9,,,ball-recovery,False,False,"{""playerCoordinates"": {""x"": 71.8, ""y"": 11.9}, ""eventActionType"": ""ball-recovery"", ""isHome"": false, ""outcome"": true, ""keypass"": false}",,
1218066,Anis Hadj Moussa,14053649,rating-breakdown,defensive,defensive,,,,Feyenoord,90.0,,11.8,28.5,27.7,23.4,True,True,1,boolean_field,success,,True,False,False,,rating-breakdown,True,11.8,28.5,27.7,23.4,clearance,False,False,"{""playerCoordinates"": {""x"": 11.8, ""y"": 28.5}, ""passEndCoordinates"": {""x"": 27.7, ""y"": 23.4}, ""eventActionType"": ""clearance"", ""isHome"": false, ""outcome"": true, ""keypass"": false}",,
1218066,Anis Hadj Moussa,14053649,rating-breakdown,defensive,defensive,,,,Feyenoord,90.0,,43.7,13,,,True,True,1,boolean_field,success,,True,False,False,,rating-breakdown,True,43.7,13,,,ball-recovery,False,False,"{""playerCoordinates"": {""x"": 43.7, ""y"": 13}, ""eventActionType"": ""ball-recovery"", ""isHome"": false, ""outcome"": true, ""keypass"": false}",,
1218066,Anis Hadj Moussa,14053649,rating-breakdown,defensive,defensive,,,,Feyenoord,90.0,,19.4,49,40.3,41.2,True,True,1,boolean_field,success,,True,False,False,,rating-breakdown,True,19.4,49,40.3,41.2,clearance,False,False,"{""playerCoordinates"": {""x"": 19.4, ""y"": 49}, ""passEndCoordinates"": {""x"": 40.3, ""y"": 41.2}, ""eventActionType"": ""clearance"", ""isHome"": false, ""outcome"": true, ""keypass"": false}",,
1218066,Anis Hadj Moussa,14053664,rating-breakdown,passes,passes,,,,Feyenoord,90.0,,70.3,6.2,61,12.3,True,True,1,boolean_field,success,True,,False,False,pass,rating-breakdown,True,70.3,6.2,61,12.3,pass,True,False,"{""playerCoordinates"": {""x"": 70.3, ""y"": 6.2}, ""passEndCoordinates"": {""x"": 61, ""y"": 12.3}, ""eventActionType"": ""pass"", ""isHome"": true, ""outcome"": true, ""keypass"": false}",,
1218066,Anis Hadj Moussa,14053664,rating-breakdown,passes,passes,,,,Feyenoord,90.0,,68.6,5.9,93.6,0,,,,unresolvable,,,,False,False,pass,rating-breakdown,True,68.6,5.9,93.6,0,pass,True,False,"{""playerCoordinates"": {""x"": 68.6, ""y"": 5.9}, ""passEndCoordinates"": {""x"": 93.6, ""y"": 0}, ""eventActionType"": ""pass"", ""isHome"": true, ""keypass"": false}",,
1218066,Anis Hadj Moussa,14053664,rating-breakdown,passes,passes,,,,Feyenoord,90.0,,31.9,8.8,17.2,29.7,True,True,1,boolean_field,success,True,,False,False,pass,rating-breakdown,True,31.9,8.8,17.2,29.7,pass,True,False,"{""playerCoordinates"": {""x"": 31.9, ""y"": 8.8}, ""passEndCoordinates"": {""x"": 17.2, ""y"": 29.7}, ""eventActionType"": ""pass"", ""isHome"": true, ""outcome"": true, ""keypass"": false}",,
1218066,Anis Hadj Moussa,14053664,rating-breakdown,passes,passes,,,,Feyenoord,90.0,,62.2,80.8,63.6,90.2,True,True,1,boolean_field,success,True,,False,False,pass,rating-breakdown,True,62.2,80.8,63.6,90.2,pass,True,False,"{""playerCoordinates"": {""x"": 62.2, ""y"": 80.8}, ""passEndCoordinates"": {""x"": 63.6, ""y"": 90.2}, ""eventActionType"": ""pass"", ""isHome"": true, ""outcome"": true, ""keypass"": false}",,
1218066,Anis Hadj Moussa,14053664,rating-breakdown,passes,passes,,,,Feyenoord,90.0,,69.7,83.9,62.7,93.5,True,True,1,boolean_field,success,True,,False,False,pass,rating-breakdown,True,69.7,83.9,62.7,93.5,pass,True,False,"{""playerCoordinates"": {""x"": 69.7, ""y"": 83.9}, ""passEndCoordinates"": {""x"": 62.7, ""y"": 93.5}, ""eventActionType"": ""pass"", ""isHome"": true, ""outcome"": true, ""keypass"": false}",,
1218066,Anis Hadj Moussa,14053664,rating-breakdown,passes,passes,,,,Feyenoord,90.0,,31.7,9.7,18.7,15.5,True,True,1,boolean_field,success,True,,False,False,pass,rating-breakdown,True,31.7,9.7,18.7,15.5,pass,True,False,"{""playerCoordinates"": {""x"": 31.7, ""y"": 9.7}, ""passEndCoordinates"": {""x"": 18.7, ""y"": 15.5}, ""eventActionType"": ""pass"", ""isHome"": true, ""outcome"": true, ""keypass"": false}",,
1218066,Anis Hadj Moussa,14053664,rating-breakdown,passes,passes,,,,Feyenoord,90.0,,82.3,13.1,73.3,26.4,True,True,1,boolean_field,success,True,,False,False,pass,rating-breakdown,True,82.3,13.1,73.3,26.4,pass,True,False,"{""playerCoordinates"": {""x"": 82.3, ""y"": 13.1}, ""passEndCoordinates"": {""x"": 73.3, ""y"": 26.4}, ""eventActionType"": ""pass"", ""isHome"": true, ""outcome"": true, ""keypass"": false}",,
1218066,Anis Hadj Moussa,14053664,rating-breakdown,passes,passes,,,,Feyenoord,90.0,,80.9,16.2,73.7,9.4,True,True,1,boolean_field,success,True,,False,False,pass,rating-breakdown,True,80.9,16.2,73.7,9.4,pass,True,False,"{""playerCoordinates"": {""x"": 80.9, ""y"": 16.2}, ""passEndCoordinates"": {""x"": 73.7, ""y"": 9.4}, ""eventActionType"": ""pass"", ""isHome"": true, ""outcome"": true, ""keypass"": false}",,
1218066,Anis Hadj Moussa,14053664,rating-breakdown,passes,passes,,,,Feyenoord,90.0,,85.8,96.2,96.8,48.5,,,,unresolvable,,,,False,False,pass,rating-breakdown,True,85.8,96.2,96.8,48.5,cross,True,False,"{""playerCoordinates"": {""x"": 85.8, ""y"": 96.2}, ""passEndCoordinates"": {""x"": 96.8, ""y"": 48.5}, ""eventActionType"": ""cross"", ""isHome"": true, ""keypass"": false, ""isLongBall"": true}",True,
1218066,Anis Hadj Moussa,14053664,rating-breakdown,passes,passes,,,,Feyenoord,90.0,,55.6,10.4,35.3,18.2,True,True,1,boolean_field,success,True,,False,False,pass,rating-breakdown,True,55.6,10.4,35.3,18.2,pass,True,False,"{""playerCoordinates"": {""x"": 55.6, ""y"": 10.4}, ""passEndCoordinates"": {""x"": 35.3, ""y"": 18.2}, ""eventActionType"": ""pass"", ""isHome"": true, ""outcome"": true, ""keypass"": false}",,
1218066,Anis Hadj Moussa,14053664,rating-breakdown,passes,passes,,,,Feyenoord,90.0,,85.1,16.2,93.1,25.8,True,True,1,boolean_field,success,True,,False,False,pass,rating-breakdown,True,85.1,16.2,93.1,25.8,pass,True,False,"{""playerCoordinates"": {""x"": 85.1, ""y"": 16.2}, ""passEndCoordinates"": {""x"": 93.1, ""y"": 25.8}, ""eventActionType"": ""pass"", ""isHome"": true, ""outcome"": true, ""keypass"": false}",,
1218066,Anis Hadj Moussa,14053664,rating-breakdown,passes,passes,,,,Feyenoord,90.0,,69.9,60.6,93.9,32.7,True,True,1,boolean_field,success,True,,False,True,key_pass,rating-breakdown,True,69.9,60.6,93.9,32.7,pass,True,True,"{""playerCoordinates"": {""x"": 69.9, ""y"": 60.6}, ""passEndCoordinates"": {""x"": 93.9, ""y"": 32.7}, ""eventActionType"": ""pass"", ""isHome"": true, ""outcome"": true, ""keypass"": true}",,
1218066,Anis Hadj Moussa,14053664,rating-breakdown,passes,passes,,,,Feyenoord,90.0,,39.8,19.8,38.9,28.6,True,True,1,boolean_field,success,True,,False,False,pass,rating-breakdown,True,39.8,19.8,38.9,28.6,pass,True,False,"{""playerCoordinates"": {""x"": 39.8, ""y"": 19.8}, ""passEndCoordinates"": {""x"": 38.9, ""y"": 28.6}, ""eventActionType"": ""pass"", ""isHome"": true, ""outcome"": true, ""keypass"": false}",,
1218066,Anis Hadj Moussa,14053664,rating-breakdown,passes,passes,,,,Feyenoord,90.0,,80,7.9,72,38.3,,,,unresolvable,,,,False,False,pass,rating-breakdown,True,80,7.9,72,38.3,pass,True,False,"{""playerCoordinates"": {""x"": 80, ""y"": 7.9}, ""passEndCoordinates"": {""x"": 72, ""y"": 38.3}, ""eventActionType"": ""pass"", ""isHome"": true, ""keypass"": false}",,
1218066,Anis Hadj Moussa,14053664,rating-breakdown,passes,passes,,,,Feyenoord,90.0,,55.8,8.5,45.9,27,True,True,1,boolean_field,success,True,,False,False,pass,rating-breakdown,True,55.8,8.5,45.9,27,pass,True,False,"{""playerCoordinates"": {""x"": 55.8, ""y"": 8.5}, ""passEndCoordinates"": {""x"": 45.9, ""y"": 27}, ""eventActionType"": ""pass"", ""isHome"": true, ""outcome"": true, ""keypass"": false}",,
1218066,Anis Hadj Moussa,14053664,rating-breakdown,passes,passes,,,,Feyenoord,90.0,,89.2,15.5,77.4,25.9,True,True,1,boolean_field,success,True,,False,False,pass,rating-breakdown,True,89.2,15.5,77.4,25.9,pass,True,False,"{""playerCoordinates"": {""x"": 89.2, ""y"": 15.5}, ""passEndCoordinates"": {""x"": 77.4, ""y"": 25.9}, ""eventActionType"": ""pass"", ""isHome"": true, ""outcome"": true, ""keypass"": false}",,
1218066,Anis Hadj Moussa,14053664,rating-breakdown,passes,passes,,,,Feyenoord,90.0,,44.1,7.9,31.2,17,True,True,1,boolean_field,success,True,,False,False,pass,rating-breakdown,True,44.1,7.9,31.2,17,pass,True,False,"{""playerCoordinates"": {""x"": 44.1, ""y"": 7.9}, ""passEndCoordinates"": {""x"": 31.2, ""y"": 17}, ""eventActionType"": ""pass"", ""isHome"": true, ""outcome"": true, ""keypass"": false}",,
1218066,Anis Hadj Moussa,14053664,rating-breakdown,passes,passes,,,,Feyenoord,90.0,,61.1,9.4,44.5,19.7,True,True,1,boolean_field,success,True,,False,False,pass,rating-breakdown,True,61.1,9.4,44.5,19.7,pass,True,False,"{""playerCoordinates"": {""x"": 61.1, ""y"": 9.4}, ""passEndCoordinates"": {""x"": 44.5, ""y"": 19.7}, ""eventActionType"": ""pass"", ""isHome"": true, ""outcome"": true, ""keypass"": false}",,
1218066,Anis Hadj Moussa,14053664,rating-breakdown,passes,passes,,,,Feyenoord,90.0,,99.5,0.5,96.4,47,,,,unresolvable,,,,False,False,pass,rating-breakdown,True,99.5,0.5,96.4,47,cross,True,False,"{""playerCoordinates"": {""x"": 99.5, ""y"": 0.5}, ""passEndCoordinates"": {""x"": 96.4, ""y"": 47}, ""eventActionType"": ""cross"", ""isHome"": true, ""keypass"": false}",,
1218066,Anis Hadj Moussa,14053664,rating-breakdown,passes,passes,,,,Feyenoord,90.0,,48,11.1,57.8,31,True,True,1,boolean_field,success,True,,False,False,pass,rating-breakdown,True,48,11.1,57.8,31,pass,True,False,"{""playerCoordinates"": {""x"": 48, ""y"": 11.1}, ""passEndCoordinates"": {""x"": 57.8, ""y"": 31}, ""eventActionType"": ""pass"", ""isHome"": true, ""outcome"": true, ""keypass"": false}",,
1218066,Anis Hadj Moussa,14053664,rating-breakdown,passes,passes,,,,Feyenoord,90.0,,59.3,30.6,67.6,45.7,True,True,1,boolean_field,success,True,,False,False,pass,rating-breakdown,True,59.3,30.6,67.6,45.7,pass,True,False,"{""playerCoordinates"": {""x"": 59.3, ""y"": 30.6}, ""passEndCoordinates"": {""x"": 67.6, ""y"": 45.7}, ""eventActionType"": ""pass"", ""isHome"": true, ""outcome"": true, ""keypass"": false}",,
1218066,Anis Hadj Moussa,14053664,rating-breakdown,passes,passes,,,,Feyenoord,90.0,,55.2,28.5,70.9,83,True,True,1,boolean_field,success,True,,False,False,pass,rating-breakdown,True,55.2,28.5,70.9,83,pass,True,False,"{""playerCoordinates"": {""x"": 55.2, ""y"": 28.5}, ""passEndCoordinates"": {""x"": 70.9, ""y"": 83}, ""eventActionType"": ""pass"", ""isHome"": true, ""outcome"": true, ""keypass"": false, ""isLongBall"": true}",True,
1218066,Anis Hadj Moussa,14053664,rating-breakdown,passes,passes,,,,Feyenoord,90.0,,65.5,65.4,55.2,72.1,True,True,1,boolean_field,success,True,,False,False,pass,rating-breakdown,True,65.5,65.4,55.2,72.1,pass,True,False,"{""playerCoordinates"": {""x"": 65.5, ""y"": 65.4}, ""passEndCoordinates"": {""x"": 55.2, ""y"": 72.1}, ""eventActionType"": ""pass"", ""isHome"": true, ""outcome"": true, ""keypass"": false}",,
1218066,Anis Hadj Moussa,14053664,rating-breakdown,passes,passes,,,,Feyenoord,90.0,,62.2,75.4,62,90.2,True,True,1,boolean_field,success,True,,False,False,pass,rating-breakdown,True,62.2,75.4,62,90.2,pass,True,False,"{""playerCoordinates"": {""x"": 62.2, ""y"": 75.4}, ""passEndCoordinates"": {""x"": 62, ""y"": 90.2}, ""eventActionType"": ""pass"", ""isHome"": true, ""outcome"": true, ""keypass"": false}",,
1218066,Anis Hadj Moussa,14053664,rating-breakdown,passes,passes,,,,Feyenoord,90.0,,68.2,4.7,92.5,13.4,True,True,1,boolean_field,success,True,,False,False,pass,rating-breakdown,True,68.2,4.7,92.5,13.4,pass,True,False,"{""playerCoordinates"": {""x"": 68.2, ""y"": 4.7}, ""passEndCoordinates"": {""x"": 92.5, ""y"": 13.4}, ""eventActionType"": ""pass"", ""isHome"": true, ""outcome"": true, ""keypass"": false}",,
1218066,Anis Hadj Moussa,14053664,rating-breakdown,passes,passes,,,,Feyenoord,90.0,,75.2,22.5,77.7,37.9,True,True,1,boolean_field,success,True,,False,False,pass,rating-breakdown,True,75.2,22.5,77.7,37.9,pass,True,False,"{""playerCoordinates"": {""x"": 75.2, ""y"": 22.5}, ""passEndCoordinates"": {""x"": 77.7, ""y"": 37.9}, ""eventActionType"": ""pass"", ""isHome"": true, ""outcome"": true, ""keypass"": false}",,
1218066,Anis Hadj Moussa,14053664,rating-breakdown,passes,passes,,,,Feyenoord,90.0,,75,28,77,27,,,,unresolvable,,,,False,False,pass,rating-breakdown,True,75,28,77,27,pass,True,False,"{""playerCoordinates"": {""x"": 75, ""y"": 28}, ""passEndCoordinates"": {""x"": 77, ""y"": 27}, ""eventActionType"": ""pass"", ""isHome"": true, ""keypass"": false}",,
1218066,Anis Hadj Moussa,14053664,rating-breakdown,passes,passes,,,,Feyenoord,90.0,,88.4,22.7,92.8,16.5,True,True,1,boolean_field,success,True,,False,False,pass,rating-breakdown,True,88.4,22.7,92.8,16.5,pass,True,False,"{""playerCoordinates"": {""x"": 88.4, ""y"": 22.7}, ""passEndCoordinates"": {""x"": 92.8, ""y"": 16.5}, ""eventActionType"": ""pass"", ""isHome"": true, ""outcome"": true, ""keypass"": false}",,
1218066,Anis Hadj Moussa,14053664,rating-breakdown,passes,passes,,,,Feyenoord,90.0,,68.2,16.7,71.7,27.6,True,True,1,boolean_field,success,True,,False,False,pass,rating-breakdown,True,68.2,16.7,71.7,27.6,pass,True,False,"{""playerCoordinates"": {""x"": 68.2, ""y"": 16.7}, ""passEndCoordinates"": {""x"": 71.7, ""y"": 27.6}, ""eventActionType"": ""pass"", ""isHome"": true, ""outcome"": true, ""keypass"": false}",,
1218066,Anis Hadj Moussa,14053664,rating-breakdown,passes,passes,,,,Feyenoord,90.0,,66.6,19.2,55.9,11.1,True,True,1,boolean_field,success,True,,False,False,pass,rating-breakdown,True,66.6,19.2,55.9,11.1,pass,True,False,"{""playerCoordinates"": {""x"": 66.6, ""y"": 19.2}, ""passEndCoordinates"": {""x"": 55.9, ""y"": 11.1}, ""eventActionType"": ""pass"", ""isHome"": true, ""outcome"": true, ""keypass"": false}",,
1218066,Anis Hadj Moussa,14053664,rating-breakdown,passes,passes,,,,Feyenoord,90.0,,77.6,30.3,94.5,70.2,,,,unresolvable,,,,False,False,pass,rating-breakdown,True,77.6,30.3,94.5,70.2,pass,True,False,"{""playerCoordinates"": {""x"": 77.6, ""y"": 30.3}, ""passEndCoordinates"": {""x"": 94.5, ""y"": 70.2}, ""eventActionType"": ""pass"", ""isHome"": true, ""keypass"": false, ""isLongBall"": true}",True,
1218066,Anis Hadj Moussa,14053664,rating-breakdown,passes,passes,,,,Feyenoord,90.0,,99.5,0.5,97.2,59,True,True,1,boolean_field,success,True,,False,True,key_pass,rating-breakdown,True,99.5,0.5,97.2,59,cross,True,True,"{""playerCoordinates"": {""x"": 99.5, ""y"": 0.5}, ""passEndCoordinates"": {""x"": 97.2, ""y"": 59}, ""eventActionType"": ""cross"", ""isHome"": true, ""outcome"": true, ""keypass"": true, ""isLongBall"": true}",True,
1218066,Anis Hadj Moussa,14053664,rating-breakdown,passes,passes,,,,Feyenoord,90.0,,63.6,5,74.7,0,,,,unresolvable,,,,False,False,pass,rating-breakdown,True,63.6,5,74.7,0,pass,True,False,"{""playerCoordinates"": {""x"": 63.6, ""y"": 5}, ""passEndCoordinates"": {""x"": 74.7, ""y"": 0}, ""eventActionType"": ""pass"", ""isHome"": true, ""keypass"": false}",,
1218066,Anis Hadj Moussa,14053664,rating-breakdown,passes,passes,,,,Feyenoord,90.0,,99.5,0.5,97,51.6,,,,unresolvable,,,,False,False,pass,rating-breakdown,True,99.5,0.5,97,51.6,cross,True,False,"{""playerCoordinates"": {""x"": 99.5, ""y"": 0.5}, ""passEndCoordinates"": {""x"": 97, ""y"": 51.6}, ""eventActionType"": ""cross"", ""isHome"": true, ""keypass"": false, ""isLongBall"": true}",True,
1218066,Anis Hadj Moussa,14053664,rating-breakdown,passes,passes,,,,Feyenoord,90.0,,37.8,5.8,22.6,34,True,True,1,boolean_field,success,True,,False,False,pass,rating-breakdown,True,37.8,5.8,22.6,34,pass,True,False,"{""playerCoordinates"": {""x"": 37.8, ""y"": 5.8}, ""passEndCoordinates"": {""x"": 22.6, ""y"": 34}, ""eventActionType"": ""pass"", ""isHome"": true, ""outcome"": true, ""keypass"": false}",,
1218066,Anis Hadj Moussa,14053664,rating-breakdown,passes,passes,,,,Feyenoord,90.0,,66,6.7,56.7,4.9,True,True,1,boolean_field,success,True,,False,False,pass,rating-breakdown,True,66,6.7,56.7,4.9,pass,True,False,"{""playerCoordinates"": {""x"": 66, ""y"": 6.7}, ""passEndCoordinates"": {""x"": 56.7, ""y"": 4.9}, ""eventActionType"": ""pass"", ""isHome"": true, ""outcome"": true, ""keypass"": false}",,
1218066,Anis Hadj Moussa,14053664,rating-breakdown,passes,passes,,,,Feyenoord,90.0,,73.6,24.7,80.9,49.1,True,True,1,boolean_field,success,True,,False,False,pass,rating-breakdown,True,73.6,24.7,80.9,49.1,pass,True,False,"{""playerCoordinates"": {""x"": 73.6, ""y"": 24.7}, ""passEndCoordinates"": {""x"": 80.9, ""y"": 49.1}, ""eventActionType"": ""pass"", ""isHome"": true, ""outcome"": true, ""keypass"": false}",,
1218066,Anis Hadj Moussa,14053664,rating-breakdown,passes,passes,,,,Feyenoord,90.0,,70.2,4.4,64.6,17.3,True,True,1,boolean_field,success,True,,False,False,pass,rating-breakdown,True,70.2,4.4,64.6,17.3,pass,True,False,"{""playerCoordinates"": {""x"": 70.2, ""y"": 4.4}, ""passEndCoordinates"": {""x"": 64.6, ""y"": 17.3}, ""eventActionType"": ""pass"", ""isHome"": true, ""outcome"": true, ""keypass"": false}",,
1218066,Anis Hadj Moussa,14053664,rating-breakdown,passes,passes,,,,Feyenoord,90.0,,65.8,5.6,66.5,15.5,True,True,1,boolean_field,success,True,,False,False,pass,rating-breakdown,True,65.8,5.6,66.5,15.5,pass,True,False,"{""playerCoordinates"": {""x"": 65.8, ""y"": 5.6}, ""passEndCoordinates"": {""x"": 66.5, ""y"": 15.5}, ""eventActionType"": ""pass"", ""isHome"": true, ""outcome"": true, ""keypass"": false}",,
1218066,Anis Hadj Moussa,14053664,rating-breakdown,passes,passes,,,,Feyenoord,90.0,,59.8,9.5,46.8,9.4,True,True,1,boolean_field,success,True,,False,False,pass,rating-breakdown,True,59.8,9.5,46.8,9.4,pass,True,False,"{""playerCoordinates"": {""x"": 59.8, ""y"": 9.5}, ""passEndCoordinates"": {""x"": 46.8, ""y"": 9.4}, ""eventActionType"": ""pass"", ""isHome"": true, ""outcome"": true, ""keypass"": false}",,
1218066,Anis Hadj Moussa,14053664,rating-breakdown,passes,passes,,,,Feyenoord,90.0,,54.3,12.9,45.1,42.8,True,True,1,boolean_field,success,True,,False,False,pass,rating-breakdown,True,54.3,12.9,45.1,42.8,pass,True,False,"{""playerCoordinates"": {""x"": 54.3, ""y"": 12.9}, ""passEndCoordinates"": {""x"": 45.1, ""y"": 42.8}, ""eventActionType"": ""pass"", ""isHome"": true, ""outcome"": true, ""keypass"": false}",,
1218066,Anis Hadj Moussa,14053664,rating-breakdown,passes,passes,,,,Feyenoord,90.0,,87.6,32.2,89.4,39.7,True,True,1,boolean_field,success,True,,False,False,pass,rating-breakdown,True,87.6,32.2,89.4,39.7,pass,True,False,"{""playerCoordinates"": {""x"": 87.6, ""y"": 32.2}, ""passEndCoordinates"": {""x"": 89.4, ""y"": 39.7}, ""eventActionType"": ""pass"", ""isHome"": true, ""outcome"": true, ""keypass"": false}",,
1218066,Anis Hadj Moussa,14053664,rating-breakdown,dribbles,dribbles,,,,Feyenoord,90.0,,86.6,36.6,,,True,True,1,boolean_field,success,,True,False,False,,rating-breakdown,True,86.6,36.6,,,dribble,True,False,"{""playerCoordinates"": {""x"": 86.6, ""y"": 36.6}, ""eventActionType"": ""dribble"", ""isHome"": true, ""outcome"": true, ""keypass"": false}",,
1218066,Anis Hadj Moussa,14053664,rating-breakdown,dribbles,dribbles,,,,Feyenoord,90.0,,91.2,38.8,,,True,True,1,boolean_field,success,,True,False,False,,rating-breakdown,True,91.2,38.8,,,dribble,True,False,"{""playerCoordinates"": {""x"": 91.2, ""y"": 38.8}, ""eventActionType"": ""dribble"", ""isHome"": true, ""outcome"": true, ""keypass"": false}",,
1218066,Anis Hadj Moussa,14053664,rating-breakdown,dribbles,dribbles,,,,Feyenoord,90.0,,38.2,20.2,,,,,,unresolvable,,,,False,False,,rating-breakdown,True,38.2,20.2,,,dribble,True,False,"{""playerCoordinates"": {""x"": 38.2, ""y"": 20.2}, ""eventActionType"": ""dribble"", ""isHome"": true, ""keypass"": false}",,
1218066,Anis Hadj Moussa,14053664,rating-breakdown,defensive,defensive,,,,Feyenoord,90.0,,73.4,5.8,,,True,True,1,boolean_field,success,,True,False,False,,rating-breakdown,True,73.4,5.8,,,tackle,True,False,"{""playerCoordinates"": {""x"": 73.4, ""y"": 5.8}, ""eventActionType"": ""tackle"", ""isHome"": true, ""outcome"": true, ""keypass"": false}",,
1218066,Anis Hadj Moussa,14053664,rating-breakdown,defensive,defensive,,,,Feyenoord,90.0,,35.7,20.6,,,True,True,1,boolean_field,success,,True,False,False,,rating-breakdown,True,35.7,20.6,,,ball-recovery,True,False,"{""playerCoordinates"": {""x"": 35.7, ""y"": 20.6}, ""eventActionType"": ""ball-recovery"", ""isHome"": true, ""outcome"": true, ""keypass"": false}",,
1218066,Anis Hadj Moussa,14053664,rating-breakdown,defensive,defensive,,,,Feyenoord,90.0,,61.2,7.9,,,True,True,1,boolean_field,success,,True,False,False,,rating-breakdown,True,61.2,7.9,,,ball-recovery,True,False,"{""playerCoordinates"": {""x"": 61.2, ""y"": 7.9}, ""eventActionType"": ""ball-recovery"", ""isHome"": true, ""outcome"": true, ""keypass"": false}",,
1218066,Anis Hadj Moussa,14053692,rating-breakdown,passes,passes,,,,Feyenoord,90.0,,92.6,9.2,91.4,11,,,,unresolvable,,,,False,False,pass,rating-breakdown,True,92.6,9.2,91.4,11,pass,False,False,"{""playerCoordinates"": {""x"": 92.6, ""y"": 9.2}, ""passEndCoordinates"": {""x"": 91.4, ""y"": 11}, ""eventActionType"": ""pass"", ""isHome"": false, ""keypass"": false}",,
1218066,Anis Hadj Moussa,14053692,rating-breakdown,passes,passes,,,,Feyenoord,90.0,,35.6,19.5,30.3,32.7,,,,unresolvable,,,,False,False,pass,rating-breakdown,True,35.6,19.5,30.3,32.7,pass,False,False,"{""playerCoordinates"": {""x"": 35.6, ""y"": 19.5}, ""passEndCoordinates"": {""x"": 30.3, ""y"": 32.7}, ""eventActionType"": ""pass"", ""isHome"": false, ""keypass"": false}",,
1218066,Anis Hadj Moussa,14053692,rating-breakdown,passes,passes,,,,Feyenoord,90.0,,14,16.6,39.1,19.8,,,,unresolvable,,,,False,False,pass,rating-breakdown,True,14,16.6,39.1,19.8,pass,False,False,"{""playerCoordinates"": {""x"": 14, ""y"": 16.6}, ""passEndCoordinates"": {""x"": 39.1, ""y"": 19.8}, ""eventActionType"": ""pass"", ""isHome"": false, ""keypass"": false, ""isLongBall"": true}",True,
1218066,Anis Hadj Moussa,14053692,rating-breakdown,passes,passes,,,,Feyenoord,90.0,,81.9,16.8,86.9,61.1,,,,unresolvable,,,,False,False,pass,rating-breakdown,True,81.9,16.8,86.9,61.1,cross,False,False,"{""playerCoordinates"": {""x"": 81.9, ""y"": 16.8}, ""passEndCoordinates"": {""x"": 86.9, ""y"": 61.1}, ""eventActionType"": ""cross"", ""isHome"": false, ""keypass"": false}",,
1218066,Anis Hadj Moussa,14053692,rating-breakdown,passes,passes,,,,Feyenoord,90.0,,66,22.2,71.5,0,,,,unresolvable,,,,False,False,pass,rating-breakdown,True,66,22.2,71.5,0,pass,False,False,"{""playerCoordinates"": {""x"": 66, ""y"": 22.2}, ""passEndCoordinates"": {""x"": 71.5, ""y"": 0}, ""eventActionType"": ""pass"", ""isHome"": false, ""keypass"": false}",,
1218066,Anis Hadj Moussa,14053692,rating-breakdown,passes,passes,,,,Feyenoord,90.0,,60.7,7.6,100,69.4,,,,unresolvable,,,,False,False,pass,rating-breakdown,True,60.7,7.6,100,69.4,pass,False,False,"{""playerCoordinates"": {""x"": 60.7, ""y"": 7.6}, ""passEndCoordinates"": {""x"": 100, ""y"": 69.4}, ""eventActionType"": ""pass"", ""isHome"": false, ""keypass"": false, ""isLongBall"": true}",True,
1218066,Anis Hadj Moussa,14053692,rating-breakdown,passes,passes,,,,Feyenoord,90.0,,12.7,15.7,7,29.2,True,True,1,boolean_field,success,True,,False,False,pass,rating-breakdown,True,12.7,15.7,7,29.2,pass,False,False,"{""playerCoordinates"": {""x"": 12.7, ""y"": 15.7}, ""passEndCoordinates"": {""x"": 7, ""y"": 29.2}, ""eventActionType"": ""pass"", ""isHome"": false, ""outcome"": true, ""keypass"": false}",,
1218066,Anis Hadj Moussa,14053692,rating-breakdown,passes,passes,,,,Feyenoord,90.0,,70.4,4.2,57.7,11.4,True,True,1,boolean_field,success,True,,False,False,pass,rating-breakdown,True,70.4,4.2,57.7,11.4,pass,False,False,"{""playerCoordinates"": {""x"": 70.4, ""y"": 4.2}, ""passEndCoordinates"": {""x"": 57.7, ""y"": 11.4}, ""eventActionType"": ""pass"", ""isHome"": false, ""outcome"": true, ""keypass"": false}",,
1218066,Anis Hadj Moussa,14053692,rating-breakdown,passes,passes,,,,Feyenoord,90.0,,91.6,13.8,97.9,45.4,,,,unresolvable,,,,False,False,pass,rating-breakdown,True,91.6,13.8,97.9,45.4,cross,False,False,"{""playerCoordinates"": {""x"": 91.6, ""y"": 13.8}, ""passEndCoordinates"": {""x"": 97.9, ""y"": 45.4}, ""eventActionType"": ""cross"", ""isHome"": false, ""keypass"": false}",,
1218066,Anis Hadj Moussa,14053692,rating-breakdown,passes,passes,,,,Feyenoord,90.0,,59.7,7,60.5,20.5,True,True,1,boolean_field,success,True,,False,False,pass,rating-breakdown,True,59.7,7,60.5,20.5,pass,False,False,"{""playerCoordinates"": {""x"": 59.7, ""y"": 7}, ""passEndCoordinates"": {""x"": 60.5, ""y"": 20.5}, ""eventActionType"": ""pass"", ""isHome"": false, ""outcome"": true, ""keypass"": false}",,
1218066,Anis Hadj Moussa,14053692,rating-breakdown,passes,passes,,,,Feyenoord,90.0,,89,12.6,93,54.4,True,True,1,boolean_field,success,True,,False,True,key_pass,rating-breakdown,True,89,12.6,93,54.4,cross,False,True,"{""playerCoordinates"": {""x"": 89, ""y"": 12.6}, ""passEndCoordinates"": {""x"": 93, ""y"": 54.4}, ""eventActionType"": ""cross"", ""isHome"": false, ""outcome"": true, ""keypass"": true}",,
1218066,Anis Hadj Moussa,14053692,rating-breakdown,passes,passes,,,,Feyenoord,90.0,,81.5,19.9,94.5,27.3,True,True,1,boolean_field,success,True,,False,False,pass,rating-breakdown,True,81.5,19.9,94.5,27.3,pass,False,False,"{""playerCoordinates"": {""x"": 81.5, ""y"": 19.9}, ""passEndCoordinates"": {""x"": 94.5, ""y"": 27.3}, ""eventActionType"": ""pass"", ""isHome"": false, ""outcome"": true, ""keypass"": false}",,
1218066,Anis Hadj Moussa,14053692,rating-breakdown,passes,passes,,,,Feyenoord,90.0,,99.5,0.5,93.6,43.8,,,,unresolvable,,,,False,False,pass,rating-breakdown,True,99.5,0.5,93.6,43.8,cross,False,False,"{""playerCoordinates"": {""x"": 99.5, ""y"": 0.5}, ""passEndCoordinates"": {""x"": 93.6, ""y"": 43.8}, ""eventActionType"": ""cross"", ""isHome"": false, ""keypass"": false}",,
1218066,Anis Hadj Moussa,14053692,rating-breakdown,passes,passes,,,,Feyenoord,90.0,,57.5,7.5,42,18.9,True,True,1,boolean_field,success,True,,False,False,pass,rating-breakdown,True,57.5,7.5,42,18.9,pass,False,False,"{""playerCoordinates"": {""x"": 57.5, ""y"": 7.5}, ""passEndCoordinates"": {""x"": 42, ""y"": 18.9}, ""eventActionType"": ""pass"", ""isHome"": false, ""outcome"": true, ""keypass"": false}",,
1218066,Anis Hadj Moussa,14053692,rating-breakdown,passes,passes,,,,Feyenoord,90.0,,76.7,32.7,81.1,33.3,,,,unresolvable,,,,False,False,pass,rating-breakdown,True,76.7,32.7,81.1,33.3,pass,False,False,"{""playerCoordinates"": {""x"": 76.7, ""y"": 32.7}, ""passEndCoordinates"": {""x"": 81.1, ""y"": 33.3}, ""eventActionType"": ""pass"", ""isHome"": false, ""keypass"": false}",,
1218066,Anis Hadj Moussa,14053692,rating-breakdown,passes,passes,,,,Feyenoord,90.0,,77,27.6,80,10.5,True,True,1,boolean_field,success,True,,False,False,pass,rating-breakdown,True,77,27.6,80,10.5,pass,False,False,"{""playerCoordinates"": {""x"": 77, ""y"": 27.6}, ""passEndCoordinates"": {""x"": 80, ""y"": 10.5}, ""eventActionType"": ""pass"", ""isHome"": false, ""outcome"": true, ""keypass"": false}",,
1218066,Anis Hadj Moussa,14053692,rating-breakdown,passes,passes,,,,Feyenoord,90.0,,77.2,18.1,79.4,36.1,True,True,1,boolean_field,success,True,,False,False,pass,rating-breakdown,True,77.2,18.1,79.4,36.1,pass,False,False,"{""playerCoordinates"": {""x"": 77.2, ""y"": 18.1}, ""passEndCoordinates"": {""x"": 79.4, ""y"": 36.1}, ""eventActionType"": ""pass"", ""isHome"": false, ""outcome"": true, ""keypass"": false}",,
1218066,Anis Hadj Moussa,14053692,rating-breakdown,passes,passes,,,,Feyenoord,90.0,,79.1,31.2,87.8,33.1,,,,unresolvable,,,,False,False,pass,rating-breakdown,True,79.1,31.2,87.8,33.1,pass,False,False,"{""playerCoordinates"": {""x"": 79.1, ""y"": 31.2}, ""passEndCoordinates"": {""x"": 87.8, ""y"": 33.1}, ""eventActionType"": ""pass"", ""isHome"": false, ""keypass"": false}",,
1218066,Anis Hadj Moussa,14053692,rating-breakdown,passes,passes,,,,Feyenoord,90.0,,86.2,17.1,93,47.9,True,True,1,boolean_field,success,True,,False,True,key_pass,rating-breakdown,True,86.2,17.1,93,47.9,cross,False,True,"{""playerCoordinates"": {""x"": 86.2, ""y"": 17.1}, ""passEndCoordinates"": {""x"": 93, ""y"": 47.9}, ""eventActionType"": ""cross"", ""isHome"": false, ""outcome"": true, ""keypass"": true}",,
1218066,Anis Hadj Moussa,14053692,rating-breakdown,passes,passes,,,,Feyenoord,90.0,,95.7,21.5,94.2,48.5,,,,unresolvable,,,,False,False,pass,rating-breakdown,True,95.7,21.5,94.2,48.5,cross,False,False,"{""playerCoordinates"": {""x"": 95.7, ""y"": 21.5}, ""passEndCoordinates"": {""x"": 94.2, ""y"": 48.5}, ""eventActionType"": ""cross"", ""isHome"": false, ""keypass"": false}",,
1218066,Anis Hadj Moussa,14053692,rating-breakdown,passes,passes,,,,Feyenoord,90.0,,77.3,40,72.4,44.8,True,True,1,boolean_field,success,True,,False,False,pass,rating-breakdown,True,77.3,40,72.4,44.8,pass,False,False,"{""playerCoordinates"": {""x"": 77.3, ""y"": 40}, ""passEndCoordinates"": {""x"": 72.4, ""y"": 44.8}, ""eventActionType"": ""pass"", ""isHome"": false, ""outcome"": true, ""keypass"": false}",,
1218066,Anis Hadj Moussa,14053692,rating-breakdown,passes,passes,,,,Feyenoord,90.0,,75.4,17.5,66.9,14.1,True,True,1,boolean_field,success,True,,False,False,pass,rating-breakdown,True,75.4,17.5,66.9,14.1,pass,False,False,"{""playerCoordinates"": {""x"": 75.4, ""y"": 17.5}, ""passEndCoordinates"": {""x"": 66.9, ""y"": 14.1}, ""eventActionType"": ""pass"", ""isHome"": false, ""outcome"": true, ""keypass"": false}",,
1218066,Anis Hadj Moussa,14053692,rating-breakdown,passes,passes,,,,Feyenoord,90.0,,55.5,13,53.8,23.4,True,True,1,boolean_field,success,True,,False,False,pass,rating-breakdown,True,55.5,13,53.8,23.4,pass,False,False,"{""playerCoordinates"": {""x"": 55.5, ""y"": 13}, ""passEndCoordinates"": {""x"": 53.8, ""y"": 23.4}, ""eventActionType"": ""pass"", ""isHome"": false, ""outcome"": true, ""keypass"": false}",,
1218066,Anis Hadj Moussa,14053692,rating-breakdown,passes,passes,,,,Feyenoord,90.0,,68,12.3,66.3,16.9,True,True,1,boolean_field,success,True,,False,False,pass,rating-breakdown,True,68,12.3,66.3,16.9,pass,False,False,"{""playerCoordinates"": {""x"": 68, ""y"": 12.3}, ""passEndCoordinates"": {""x"": 66.3, ""y"": 16.9}, ""eventActionType"": ""pass"", ""isHome"": false, ""outcome"": true, ""keypass"": false}",,
1218066,Anis Hadj Moussa,14053692,rating-breakdown,passes,passes,,,,Feyenoord,90.0,,80,21.6,81.9,15.1,True,True,1,boolean_field,success,True,,False,False,pass,rating-breakdown,True,80,21.6,81.9,15.1,pass,False,False,"{""playerCoordinates"": {""x"": 80, ""y"": 21.6}, ""passEndCoordinates"": {""x"": 81.9, ""y"": 15.1}, ""eventActionType"": ""pass"", ""isHome"": false, ""outcome"": true, ""keypass"": false}",,
1218066,Anis Hadj Moussa,14053692,rating-breakdown,passes,passes,,,,Feyenoord,90.0,,73.9,13,65.6,31.6,True,True,1,boolean_field,success,True,,False,False,pass,rating-breakdown,True,73.9,13,65.6,31.6,pass,False,False,"{""playerCoordinates"": {""x"": 73.9, ""y"": 13}, ""passEndCoordinates"": {""x"": 65.6, ""y"": 31.6}, ""eventActionType"": ""pass"", ""isHome"": false, ""outcome"": true, ""keypass"": false}",,
1218066,Anis Hadj Moussa,14053692,rating-breakdown,passes,passes,,,,Feyenoord,90.0,,75.9,6.3,91.5,15.1,True,True,1,boolean_field,success,True,,False,False,pass,rating-breakdown,True,75.9,6.3,91.5,15.1,pass,False,False,"{""playerCoordinates"": {""x"": 75.9, ""y"": 6.3}, ""passEndCoordinates"": {""x"": 91.5, ""y"": 15.1}, ""eventActionType"": ""pass"", ""isHome"": false, ""outcome"": true, ""keypass"": false}",,
1218066,Anis Hadj Moussa,14053692,rating-breakdown,passes,passes,,,,Feyenoord,90.0,,99.5,0.5,98.1,53.2,,,,unresolvable,,,,False,False,pass,rating-breakdown,True,99.5,0.5,98.1,53.2,cross,False,False,"{""playerCoordinates"": {""x"": 99.5, ""y"": 0.5}, ""passEndCoordinates"": {""x"": 98.1, ""y"": 53.2}, ""eventActionType"": ""cross"", ""isHome"": false, ""keypass"": false, ""isLongBall"": true}",True,
1218066,Anis Hadj Moussa,14053692,rating-breakdown,passes,passes,,,,Feyenoord,90.0,,93.1,21.6,91.5,48.1,,,,unresolvable,,,,False,False,pass,rating-breakdown,True,93.1,21.6,91.5,48.1,cross,False,False,"{""playerCoordinates"": {""x"": 93.1, ""y"": 21.6}, ""passEndCoordinates"": {""x"": 91.5, ""y"": 48.1}, ""eventActionType"": ""cross"", ""isHome"": false, ""keypass"": false}",,
1218066,Anis Hadj Moussa,14053692,rating-breakdown,passes,passes,,,,Feyenoord,90.0,,64.4,10,56.9,28.6,True,True,1,boolean_field,success,True,,False,False,pass,rating-breakdown,True,64.4,10,56.9,28.6,pass,False,False,"{""playerCoordinates"": {""x"": 64.4, ""y"": 10}, ""passEndCoordinates"": {""x"": 56.9, ""y"": 28.6}, ""eventActionType"": ""pass"", ""isHome"": false, ""outcome"": true, ""keypass"": false}",,
1218066,Anis Hadj Moussa,14053692,rating-breakdown,passes,passes,,,,Feyenoord,90.0,,85.3,30.9,80.5,31.7,True,True,1,boolean_field,success,True,,False,True,key_pass,rating-breakdown,True,85.3,30.9,80.5,31.7,pass,False,True,"{""playerCoordinates"": {""x"": 85.3, ""y"": 30.9}, ""passEndCoordinates"": {""x"": 80.5, ""y"": 31.7}, ""eventActionType"": ""pass"", ""isHome"": false, ""outcome"": true, ""keypass"": true}",,
1218066,Anis Hadj Moussa,14053692,rating-breakdown,passes,passes,,,,Feyenoord,90.0,,72.7,21.9,72,78,True,True,1,boolean_field,success,True,,False,False,pass,rating-breakdown,True,72.7,21.9,72,78,pass,False,False,"{""playerCoordinates"": {""x"": 72.7, ""y"": 21.9}, ""passEndCoordinates"": {""x"": 72, ""y"": 78}, ""eventActionType"": ""pass"", ""isHome"": false, ""outcome"": true, ""keypass"": false, ""isLongBall"": true}",True,
1218066,Anis Hadj Moussa,14053692,rating-breakdown,passes,passes,,,,Feyenoord,90.0,,81.2,21.3,93.4,14.5,True,True,1,boolean_field,success,True,,False,False,pass,rating-breakdown,True,81.2,21.3,93.4,14.5,pass,False,False,"{""playerCoordinates"": {""x"": 81.2, ""y"": 21.3}, ""passEndCoordinates"": {""x"": 93.4, ""y"": 14.5}, ""eventActionType"": ""pass"", ""isHome"": false, ""outcome"": true, ""keypass"": false}",,
1218066,Anis Hadj Moussa,14053692,rating-breakdown,passes,passes,,,,Feyenoord,90.0,,81.7,11.4,76.3,22.5,True,True,1,boolean_field,success,True,,False,False,pass,rating-breakdown,True,81.7,11.4,76.3,22.5,pass,False,False,"{""playerCoordinates"": {""x"": 81.7, ""y"": 11.4}, ""passEndCoordinates"": {""x"": 76.3, ""y"": 22.5}, ""eventActionType"": ""pass"", ""isHome"": false, ""outcome"": true, ""keypass"": false}",,
1218066,Anis Hadj Moussa,14053692,rating-breakdown,passes,passes,,,,Feyenoord,90.0,,99.5,0.5,95.6,59.4,,,,unresolvable,,,,False,False,pass,rating-breakdown,True,99.5,0.5,95.6,59.4,cross,False,False,"{""playerCoordinates"": {""x"": 99.5, ""y"": 0.5}, ""passEndCoordinates"": {""x"": 95.6, ""y"": 59.4}, ""eventActionType"": ""cross"", ""isHome"": false, ""keypass"": false, ""isLongBall"": true}",True,
1218066,Anis Hadj Moussa,14053692,rating-breakdown,passes,passes,,,,Feyenoord,90.0,,96.2,16.5,92.5,39.6,,,,unresolvable,,,,False,False,pass,rating-breakdown,True,96.2,16.5,92.5,39.6,cross,False,False,"{""playerCoordinates"": {""x"": 96.2, ""y"": 16.5}, ""passEndCoordinates"": {""x"": 92.5, ""y"": 39.6}, ""eventActionType"": ""cross"", ""isHome"": false, ""keypass"": false}",,
1218066,Anis Hadj Moussa,14053692,rating-breakdown,passes,passes,,,,Feyenoord,90.0,,76.3,5.8,76.8,19.2,True,True,1,boolean_field,success,True,,False,False,pass,rating-breakdown,True,76.3,5.8,76.8,19.2,pass,False,False,"{""playerCoordinates"": {""x"": 76.3, ""y"": 5.8}, ""passEndCoordinates"": {""x"": 76.8, ""y"": 19.2}, ""eventActionType"": ""pass"", ""isHome"": false, ""outcome"": true, ""keypass"": false}",,
1218066,Anis Hadj Moussa,14053692,rating-breakdown,passes,passes,,,,Feyenoord,90.0,,99.5,0.5,97.1,55.9,,,,unresolvable,,,,False,False,pass,rating-breakdown,True,99.5,0.5,97.1,55.9,cross,False,False,"{""playerCoordinates"": {""x"": 99.5, ""y"": 0.5}, ""passEndCoordinates"": {""x"": 97.1, ""y"": 55.9}, ""eventActionType"": ""cross"", ""isHome"": false, ""keypass"": false, ""isLongBall"": true}",True,
1218066,Anis Hadj Moussa,14053692,rating-breakdown,passes,passes,,,,Feyenoord,90.0,,42.6,22.8,55.3,17.4,True,True,1,boolean_field,success,True,,False,False,pass,rating-breakdown,True,42.6,22.8,55.3,17.4,pass,False,False,"{""playerCoordinates"": {""x"": 42.6, ""y"": 22.8}, ""passEndCoordinates"": {""x"": 55.3, ""y"": 17.4}, ""eventActionType"": ""pass"", ""isHome"": false, ""outcome"": true, ""keypass"": false}",,
1218066,Anis Hadj Moussa,14053692,rating-breakdown,passes,passes,,,,Feyenoord,90.0,,99.5,0.5,78.9,20.4,True,True,1,boolean_field,success,True,,False,False,pass,rating-breakdown,True,99.5,0.5,78.9,20.4,pass,False,False,"{""playerCoordinates"": {""x"": 99.5, ""y"": 0.5}, ""passEndCoordinates"": {""x"": 78.9, ""y"": 20.4}, ""eventActionType"": ""pass"", ""isHome"": false, ""outcome"": true, ""keypass"": false}",,
1218066,Anis Hadj Moussa,14053692,rating-breakdown,passes,passes,,,,Feyenoord,90.0,,84.8,9.3,79.4,17.4,True,True,1,boolean_field,success,True,,False,False,pass,rating-breakdown,True,84.8,9.3,79.4,17.4,pass,False,False,"{""playerCoordinates"": {""x"": 84.8, ""y"": 9.3}, ""passEndCoordinates"": {""x"": 79.4, ""y"": 17.4}, ""eventActionType"": ""pass"", ""isHome"": false, ""outcome"": true, ""keypass"": false}",,
1218066,Anis Hadj Moussa,14053692,rating-breakdown,passes,passes,,,,Feyenoord,90.0,,83.9,6.9,81.8,13.2,,,,unresolvable,,,,False,False,pass,rating-breakdown,True,83.9,6.9,81.8,13.2,pass,False,False,"{""playerCoordinates"": {""x"": 83.9, ""y"": 6.9}, ""passEndCoordinates"": {""x"": 81.8, ""y"": 13.2}, ""eventActionType"": ""pass"", ""isHome"": false, ""keypass"": false}",,
1218066,Anis Hadj Moussa,14053692,rating-breakdown,passes,passes,,,,Feyenoord,90.0,,68,24.7,63.6,49,True,True,1,boolean_field,success,True,,False,False,pass,rating-breakdown,True,68,24.7,63.6,49,pass,False,False,"{""playerCoordinates"": {""x"": 68, ""y"": 24.7}, ""passEndCoordinates"": {""x"": 63.6, ""y"": 49}, ""eventActionType"": ""pass"", ""isHome"": false, ""outcome"": true, ""keypass"": false}",,
1218066,Anis Hadj Moussa,14053692,rating-breakdown,passes,passes,,,,Feyenoord,90.0,,59,30.1,72.5,25.5,,,,unresolvable,,,,False,False,pass,rating-breakdown,True,59,30.1,72.5,25.5,pass,False,False,"{""playerCoordinates"": {""x"": 59, ""y"": 30.1}, ""passEndCoordinates"": {""x"": 72.5, ""y"": 25.5}, ""eventActionType"": ""pass"", ""isHome"": false, ""keypass"": false}",,
1218066,Anis Hadj Moussa,14053692,rating-breakdown,passes,passes,,,,Feyenoord,90.0,,88.6,19.5,88.8,25.3,,,,unresolvable,,,,False,False,pass,rating-breakdown,True,88.6,19.5,88.8,25.3,pass,False,False,"{""playerCoordinates"": {""x"": 88.6, ""y"": 19.5}, ""passEndCoordinates"": {""x"": 88.8, ""y"": 25.3}, ""eventActionType"": ""pass"", ""isHome"": false, ""keypass"": false}",,
1218066,Anis Hadj Moussa,14053692,rating-breakdown,dribbles,dribbles,,,,Feyenoord,90.0,,86.2,8.1,,,,,,unresolvable,,,,False,False,,rating-breakdown,True,86.2,8.1,,,dribble,False,False,"{""playerCoordinates"": {""x"": 86.2, ""y"": 8.1}, ""eventActionType"": ""dribble"", ""isHome"": false, ""keypass"": false}",,
1218066,Anis Hadj Moussa,14053692,rating-breakdown,defensive,defensive,,,,Feyenoord,90.0,,62.9,13.3,,,True,True,1,boolean_field,success,,True,False,False,,rating-breakdown,True,62.9,13.3,,,ball-recovery,False,False,"{""playerCoordinates"": {""x"": 62.9, ""y"": 13.3}, ""eventActionType"": ""ball-recovery"", ""isHome"": false, ""outcome"": true, ""keypass"": false}",,
1218066,Anis Hadj Moussa,14053692,rating-breakdown,defensive,defensive,,,,Feyenoord,90.0,,11.8,16,,,True,True,1,boolean_field,success,,True,False,False,,rating-breakdown,True,11.8,16,,,ball-recovery,False,False,"{""playerCoordinates"": {""x"": 11.8, ""y"": 16}, ""eventActionType"": ""ball-recovery"", ""isHome"": false, ""outcome"": true, ""keypass"": false}",,
1218066,Anis Hadj Moussa,14053692,rating-breakdown,defensive,defensive,,,,Feyenoord,90.0,,75,33,,,True,True,1,boolean_field,success,,True,False,False,,rating-breakdown,True,75,33,,,ball-recovery,False,False,"{""playerCoordinates"": {""x"": 75, ""y"": 33}, ""eventActionType"": ""ball-recovery"", ""isHome"": false, ""outcome"": true, ""keypass"": false}",,
1218066,Anis Hadj Moussa,14053692,rating-breakdown,defensive,defensive,,,,Feyenoord,90.0,,42.6,22.8,,,True,True,1,boolean_field,success,,True,False,False,,rating-breakdown,True,42.6,22.8,,,ball-recovery,False,False,"{""playerCoordinates"": {""x"": 42.6, ""y"": 22.8}, ""eventActionType"": ""ball-recovery"", ""isHome"": false, ""outcome"": true, ""keypass"": false}",,
1218066,Anis Hadj Moussa,14053787,rating-breakdown,passes,passes,,,,Feyenoord,90.0,,22.3,13.8,62.2,15,,,,unresolvable,,,,False,False,pass,rating-breakdown,True,22.3,13.8,62.2,15,pass,True,False,"{""playerCoordinates"": {""x"": 22.3, ""y"": 13.8}, ""passEndCoordinates"": {""x"": 62.2, ""y"": 15}, ""eventActionType"": ""pass"", ""isHome"": true, ""keypass"": false, ""isLongBall"": true}",True,
1218066,Anis Hadj Moussa,14053787,rating-breakdown,passes,passes,,,,Feyenoord,90.0,,64.5,8.6,100,76.6,,,,unresolvable,,,,False,False,pass,rating-breakdown,True,64.5,8.6,100,76.6,pass,True,False,"{""playerCoordinates"": {""x"": 64.5, ""y"": 8.6}, ""passEndCoordinates"": {""x"": 100, ""y"": 76.6}, ""eventActionType"": ""pass"", ""isHome"": true, ""keypass"": false, ""isLongBall"": true}",True,
1218066,Anis Hadj Moussa,14053787,rating-breakdown,passes,passes,,,,Feyenoord,90.0,,99.5,0.5,93.2,46.6,,,,unresolvable,,,,False,False,pass,rating-breakdown,True,99.5,0.5,93.2,46.6,cross,True,False,"{""playerCoordinates"": {""x"": 99.5, ""y"": 0.5}, ""passEndCoordinates"": {""x"": 93.2, ""y"": 46.6}, ""eventActionType"": ""cross"", ""isHome"": true, ""keypass"": false, ""isLongBall"": true}",True,
1218066,Anis Hadj Moussa,14053787,rating-breakdown,passes,passes,,,,Feyenoord,90.0,,52.8,26.2,27.5,27.7,True,True,1,boolean_field,success,True,,False,False,pass,rating-breakdown,True,52.8,26.2,27.5,27.7,pass,True,False,"{""playerCoordinates"": {""x"": 52.8, ""y"": 26.2}, ""passEndCoordinates"": {""x"": 27.5, ""y"": 27.7}, ""eventActionType"": ""pass"", ""isHome"": true, ""outcome"": true, ""keypass"": false}",,
1218066,Anis Hadj Moussa,14053787,rating-breakdown,passes,passes,,,,Feyenoord,90.0,,74,4,61.4,7.3,True,True,1,boolean_field,success,True,,False,False,pass,rating-breakdown,True,74,4,61.4,7.3,pass,True,False,"{""playerCoordinates"": {""x"": 74, ""y"": 4}, ""passEndCoordinates"": {""x"": 61.4, ""y"": 7.3}, ""eventActionType"": ""pass"", ""isHome"": true, ""outcome"": true, ""keypass"": false}",,
1218066,Anis Hadj Moussa,14053787,rating-breakdown,passes,passes,,,,Feyenoord,90.0,,28.9,38.7,30.1,50.5,True,True,1,boolean_field,success,True,,False,False,pass,rating-breakdown,True,28.9,38.7,30.1,50.5,pass,True,False,"{""playerCoordinates"": {""x"": 28.9, ""y"": 38.7}, ""passEndCoordinates"": {""x"": 30.1, ""y"": 50.5}, ""eventActionType"": ""pass"", ""isHome"": true, ""outcome"": true, ""keypass"": false}",,
1218066,Anis Hadj Moussa,14053787,rating-breakdown,passes,passes,,,,Feyenoord,90.0,,31,10.5,33.2,33.8,True,True,1,boolean_field,success,True,,False,False,pass,rating-breakdown,True,31,10.5,33.2,33.8,pass,True,False,"{""playerCoordinates"": {""x"": 31, ""y"": 10.5}, ""passEndCoordinates"": {""x"": 33.2, ""y"": 33.8}, ""eventActionType"": ""pass"", ""isHome"": true, ""outcome"": true, ""keypass"": false}",,
1218066,Anis Hadj Moussa,14053787,rating-breakdown,passes,passes,,,,Feyenoord,90.0,,64,8.3,88.9,83.7,True,True,1,boolean_field,success,True,,False,False,pass,rating-breakdown,True,64,8.3,88.9,83.7,pass,True,False,"{""playerCoordinates"": {""x"": 64, ""y"": 8.3}, ""passEndCoordinates"": {""x"": 88.9, ""y"": 83.7}, ""eventActionType"": ""pass"", ""isHome"": true, ""outcome"": true, ""keypass"": false, ""isLongBall"": true}",True,
1218066,Anis Hadj Moussa,14053787,rating-breakdown,passes,passes,,,,Feyenoord,90.0,,99.5,0.5,96.8,37.9,,,,unresolvable,,,,False,False,pass,rating-breakdown,True,99.5,0.5,96.8,37.9,cross,True,False,"{""playerCoordinates"": {""x"": 99.5, ""y"": 0.5}, ""passEndCoordinates"": {""x"": 96.8, ""y"": 37.9}, ""eventActionType"": ""cross"", ""isHome"": true, ""keypass"": false}",,
1218066,Anis Hadj Moussa,14053787,rating-breakdown,passes,passes,,,,Feyenoord,90.0,,63.8,20.1,49.7,43.5,True,True,1,boolean_field,success,True,,False,False,pass,rating-breakdown,True,63.8,20.1,49.7,43.5,pass,True,False,"{""playerCoordinates"": {""x"": 63.8, ""y"": 20.1}, ""passEndCoordinates"": {""x"": 49.7, ""y"": 43.5}, ""eventActionType"": ""pass"", ""isHome"": true, ""outcome"": true, ""keypass"": false}",,
1218066,Anis Hadj Moussa,14053787,rating-breakdown,passes,passes,,,,Feyenoord,90.0,,70.4,7.5,78.7,4.9,True,True,1,boolean_field,success,True,,False,False,pass,rating-breakdown,True,70.4,7.5,78.7,4.9,pass,True,False,"{""playerCoordinates"": {""x"": 70.4, ""y"": 7.5}, ""passEndCoordinates"": {""x"": 78.7, ""y"": 4.9}, ""eventActionType"": ""pass"", ""isHome"": true, ""outcome"": true, ""keypass"": false}",,
1218066,Anis Hadj Moussa,14053787,rating-breakdown,passes,passes,,,,Feyenoord,90.0,,74.6,7.3,79.9,13.8,True,True,1,boolean_field,success,True,,False,False,pass,rating-breakdown,True,74.6,7.3,79.9,13.8,pass,True,False,"{""playerCoordinates"": {""x"": 74.6, ""y"": 7.3}, ""passEndCoordinates"": {""x"": 79.9, ""y"": 13.8}, ""eventActionType"": ""pass"", ""isHome"": true, ""outcome"": true, ""keypass"": false}",,
1218066,Anis Hadj Moussa,14053787,rating-breakdown,passes,passes,,,,Feyenoord,90.0,,69.6,21.8,64,26.1,True,True,1,boolean_field,success,True,,False,False,pass,rating-breakdown,True,69.6,21.8,64,26.1,pass,True,False,"{""playerCoordinates"": {""x"": 69.6, ""y"": 21.8}, ""passEndCoordinates"": {""x"": 64, ""y"": 26.1}, ""eventActionType"": ""pass"", ""isHome"": true, ""outcome"": true, ""keypass"": false}",,
1218066,Anis Hadj Moussa,14053787,rating-breakdown,passes,passes,,,,Feyenoord,90.0,,66.5,32.9,53.9,45.7,True,True,1,boolean_field,success,True,,False,False,pass,rating-breakdown,True,66.5,32.9,53.9,45.7,pass,True,False,"{""playerCoordinates"": {""x"": 66.5, ""y"": 32.9}, ""passEndCoordinates"": {""x"": 53.9, ""y"": 45.7}, ""eventActionType"": ""pass"", ""isHome"": true, ""outcome"": true, ""keypass"": false}",,
1218066,Anis Hadj Moussa,14053787,rating-breakdown,passes,passes,,,,Feyenoord,90.0,,77.9,22.3,92.9,43,,,,unresolvable,,,,False,False,pass,rating-breakdown,True,77.9,22.3,92.9,43,cross,True,False,"{""playerCoordinates"": {""x"": 77.9, ""y"": 22.3}, ""passEndCoordinates"": {""x"": 92.9, ""y"": 43}, ""eventActionType"": ""cross"", ""isHome"": true, ""keypass"": false}",,
1218066,Anis Hadj Moussa,14053787,rating-breakdown,passes,passes,,,,Feyenoord,90.0,,90,19.5,85.3,58.1,True,True,1,boolean_field,success,True,,False,True,key_pass,rating-breakdown,True,90,19.5,85.3,58.1,pass,True,True,"{""playerCoordinates"": {""x"": 90, ""y"": 19.5}, ""passEndCoordinates"": {""x"": 85.3, ""y"": 58.1}, ""eventActionType"": ""pass"", ""isHome"": true, ""outcome"": true, ""keypass"": true}",,
1218066,Anis Hadj Moussa,14053787,rating-breakdown,passes,passes,,,,Feyenoord,90.0,,63.4,5.4,68.1,15.8,True,True,1,boolean_field,success,True,,False,False,pass,rating-breakdown,True,63.4,5.4,68.1,15.8,pass,True,False,"{""playerCoordinates"": {""x"": 63.4, ""y"": 5.4}, ""passEndCoordinates"": {""x"": 68.1, ""y"": 15.8}, ""eventActionType"": ""pass"", ""isHome"": true, ""outcome"": true, ""keypass"": false}",,
1218066,Anis Hadj Moussa,14053787,rating-breakdown,passes,passes,,,,Feyenoord,90.0,,77.3,5.7,77,26.7,True,True,1,boolean_field,success,True,,False,False,pass,rating-breakdown,True,77.3,5.7,77,26.7,pass,True,False,"{""playerCoordinates"": {""x"": 77.3, ""y"": 5.7}, ""passEndCoordinates"": {""x"": 77, ""y"": 26.7}, ""eventActionType"": ""pass"", ""isHome"": true, ""outcome"": true, ""keypass"": false}",,
1218066,Anis Hadj Moussa,14053787,rating-breakdown,passes,passes,,,,Feyenoord,90.0,,76.2,38.7,86.2,53.2,,,,unresolvable,,,,False,False,pass,rating-breakdown,True,76.2,38.7,86.2,53.2,pass,True,False,"{""playerCoordinates"": {""x"": 76.2, ""y"": 38.7}, ""passEndCoordinates"": {""x"": 86.2, ""y"": 53.2}, ""eventActionType"": ""pass"", ""isHome"": true, ""keypass"": false}",,
1218066,Anis Hadj Moussa,14053787,rating-breakdown,passes,passes,,,,Feyenoord,90.0,,99.5,0.5,91.7,44,True,True,1,boolean_field,success,True,,False,True,key_pass,rating-breakdown,True,99.5,0.5,91.7,44,cross,True,True,"{""playerCoordinates"": {""x"": 99.5, ""y"": 0.5}, ""passEndCoordinates"": {""x"": 91.7, ""y"": 44}, ""eventActionType"": ""cross"", ""isHome"": true, ""outcome"": true, ""keypass"": true}",,
1218066,Anis Hadj Moussa,14053787,rating-breakdown,passes,passes,,,,Feyenoord,90.0,,96.6,13.9,85.1,26.4,True,True,1,boolean_field,success,True,,False,False,pass,rating-breakdown,True,96.6,13.9,85.1,26.4,pass,True,False,"{""playerCoordinates"": {""x"": 96.6, ""y"": 13.9}, ""passEndCoordinates"": {""x"": 85.1, ""y"": 26.4}, ""eventActionType"": ""pass"", ""isHome"": true, ""outcome"": true, ""keypass"": false}",,
1218066,Anis Hadj Moussa,14053787,rating-breakdown,passes,passes,,,,Feyenoord,90.0,,61.1,39.7,60.6,59.7,,,,unresolvable,,,,False,False,pass,rating-breakdown,True,61.1,39.7,60.6,59.7,pass,True,False,"{""playerCoordinates"": {""x"": 61.1, ""y"": 39.7}, ""passEndCoordinates"": {""x"": 60.6, ""y"": 59.7}, ""eventActionType"": ""pass"", ""isHome"": true, ""keypass"": false}",,
1218066,Anis Hadj Moussa,14053787,rating-breakdown,passes,passes,,,,Feyenoord,90.0,,99.5,0.5,92.4,44,True,True,1,boolean_field,success,True,,False,True,key_pass,rating-breakdown,True,99.5,0.5,92.4,44,cross,True,True,"{""playerCoordinates"": {""x"": 99.5, ""y"": 0.5}, ""passEndCoordinates"": {""x"": 92.4, ""y"": 44}, ""eventActionType"": ""cross"", ""isHome"": true, ""outcome"": true, ""keypass"": true}",,
1218066,Anis Hadj Moussa,14053787,rating-breakdown,passes,passes,,,,Feyenoord,90.0,,59.4,4.1,75.8,77.1,,,,unresolvable,,,,False,False,pass,rating-breakdown,True,59.4,4.1,75.8,77.1,pass,True,False,"{""playerCoordinates"": {""x"": 59.4, ""y"": 4.1}, ""passEndCoordinates"": {""x"": 75.8, ""y"": 77.1}, ""eventActionType"": ""pass"", ""isHome"": true, ""keypass"": false, ""isLongBall"": true}",True,
1218066,Anis Hadj Moussa,14053787,rating-breakdown,passes,passes,,,,Feyenoord,90.0,,76.4,23.3,77.8,25.8,,,,unresolvable,,,,False,False,pass,rating-breakdown,True,76.4,23.3,77.8,25.8,cross,True,False,"{""playerCoordinates"": {""x"": 76.4, ""y"": 23.3}, ""passEndCoordinates"": {""x"": 77.8, ""y"": 25.8}, ""eventActionType"": ""cross"", ""isHome"": true, ""keypass"": false}",,
1218066,Anis Hadj Moussa,14053787,rating-breakdown,passes,passes,,,,Feyenoord,90.0,,57.6,14.7,50.9,12.8,True,True,1,boolean_field,success,True,,False,False,pass,rating-breakdown,True,57.6,14.7,50.9,12.8,pass,True,False,"{""playerCoordinates"": {""x"": 57.6, ""y"": 14.7}, ""passEndCoordinates"": {""x"": 50.9, ""y"": 12.8}, ""eventActionType"": ""pass"", ""isHome"": true, ""outcome"": true, ""keypass"": false}",,
1218066,Anis Hadj Moussa,14053787,rating-breakdown,passes,passes,,,,Feyenoord,90.0,,72.1,19.5,77.7,41.6,True,True,1,boolean_field,success,True,,False,False,pass,rating-breakdown,True,72.1,19.5,77.7,41.6,pass,True,False,"{""playerCoordinates"": {""x"": 72.1, ""y"": 19.5}, ""passEndCoordinates"": {""x"": 77.7, ""y"": 41.6}, ""eventActionType"": ""pass"", ""isHome"": true, ""outcome"": true, ""keypass"": false}",,
1218066,Anis Hadj Moussa,14053787,rating-breakdown,passes,passes,,,,Feyenoord,90.0,,54.9,12.7,53.8,3.7,True,True,1,boolean_field,success,True,,False,False,pass,rating-breakdown,True,54.9,12.7,53.8,3.7,pass,True,False,"{""playerCoordinates"": {""x"": 54.9, ""y"": 12.7}, ""passEndCoordinates"": {""x"": 53.8, ""y"": 3.7}, ""eventActionType"": ""pass"", ""isHome"": true, ""outcome"": true, ""keypass"": false}",,
1218066,Anis Hadj Moussa,14053787,rating-breakdown,passes,passes,,,,Feyenoord,90.0,,80.3,38.9,86.8,43.2,,,,unresolvable,,,,False,False,pass,rating-breakdown,True,80.3,38.9,86.8,43.2,pass,True,False,"{""playerCoordinates"": {""x"": 80.3, ""y"": 38.9}, ""passEndCoordinates"": {""x"": 86.8, ""y"": 43.2}, ""eventActionType"": ""pass"", ""isHome"": true, ""keypass"": false}",,
1218066,Anis Hadj Moussa,14053787,rating-breakdown,passes,passes,,,,Feyenoord,90.0,,85.3,29.1,94,29.7,True,True,1,boolean_field,success,True,,False,False,pass,rating-breakdown,True,85.3,29.1,94,29.7,pass,True,False,"{""playerCoordinates"": {""x"": 85.3, ""y"": 29.1}, ""passEndCoordinates"": {""x"": 94, ""y"": 29.7}, ""eventActionType"": ""pass"", ""isHome"": true, ""outcome"": true, ""keypass"": false}",,
1218066,Anis Hadj Moussa,14053787,rating-breakdown,passes,passes,,,,Feyenoord,90.0,,99,38.3,95.7,52.1,,,,unresolvable,,,,False,False,pass,rating-breakdown,True,99,38.3,95.7,52.1,pass,True,False,"{""playerCoordinates"": {""x"": 99, ""y"": 38.3}, ""passEndCoordinates"": {""x"": 95.7, ""y"": 52.1}, ""eventActionType"": ""pass"", ""isHome"": true, ""keypass"": false}",,
1218066,Anis Hadj Moussa,14053787,rating-breakdown,passes,passes,,,,Feyenoord,90.0,,61.4,25.6,60.6,41.7,True,True,1,boolean_field,success,True,,False,False,pass,rating-breakdown,True,61.4,25.6,60.6,41.7,pass,True,False,"{""playerCoordinates"": {""x"": 61.4, ""y"": 25.6}, ""passEndCoordinates"": {""x"": 60.6, ""y"": 41.7}, ""eventActionType"": ""pass"", ""isHome"": true, ""outcome"": true, ""keypass"": false}",,
1218066,Anis Hadj Moussa,14053787,rating-breakdown,passes,passes,,,,Feyenoord,90.0,,85.1,42.8,89.7,45.7,True,True,1,boolean_field,success,True,,False,True,key_pass,rating-breakdown,True,85.1,42.8,89.7,45.7,pass,True,True,"{""playerCoordinates"": {""x"": 85.1, ""y"": 42.8}, ""passEndCoordinates"": {""x"": 89.7, ""y"": 45.7}, ""eventActionType"": ""pass"", ""isHome"": true, ""outcome"": true, ""keypass"": true}",,
1218066,Anis Hadj Moussa,14053787,rating-breakdown,passes,passes,,,,Feyenoord,90.0,,99.5,0.5,90.9,41.2,,,,unresolvable,,,,False,False,pass,rating-breakdown,True,99.5,0.5,90.9,41.2,cross,True,False,"{""playerCoordinates"": {""x"": 99.5, ""y"": 0.5}, ""passEndCoordinates"": {""x"": 90.9, ""y"": 41.2}, ""eventActionType"": ""cross"", ""isHome"": true, ""keypass"": false}",,
1218066,Anis Hadj Moussa,14053787,rating-breakdown,passes,passes,,,,Feyenoord,90.0,,28.9,12.8,24,26.1,True,True,1,boolean_field,success,True,,False,False,pass,rating-breakdown,True,28.9,12.8,24,26.1,pass,True,False,"{""playerCoordinates"": {""x"": 28.9, ""y"": 12.8}, ""passEndCoordinates"": {""x"": 24, ""y"": 26.1}, ""eventActionType"": ""pass"", ""isHome"": true, ""outcome"": true, ""keypass"": false}",,
1218066,Anis Hadj Moussa,14053787,rating-breakdown,passes,passes,,,,Feyenoord,90.0,,88.2,25.3,93.1,37.1,True,True,1,boolean_field,success,True,,False,False,pass,rating-breakdown,True,88.2,25.3,93.1,37.1,pass,True,False,"{""playerCoordinates"": {""x"": 88.2, ""y"": 25.3}, ""passEndCoordinates"": {""x"": 93.1, ""y"": 37.1}, ""eventActionType"": ""pass"", ""isHome"": true, ""outcome"": true, ""keypass"": false}",,
1218066,Anis Hadj Moussa,14053787,rating-breakdown,passes,passes,,,,Feyenoord,90.0,,81.5,14.3,95.1,28.8,True,True,1,boolean_field,success,True,,False,False,pass,rating-breakdown,True,81.5,14.3,95.1,28.8,pass,True,False,"{""playerCoordinates"": {""x"": 81.5, ""y"": 14.3}, ""passEndCoordinates"": {""x"": 95.1, ""y"": 28.8}, ""eventActionType"": ""pass"", ""isHome"": true, ""outcome"": true, ""keypass"": false}",,
1218066,Anis Hadj Moussa,14053787,rating-breakdown,passes,passes,,,,Feyenoord,90.0,,64.7,7.8,71,27.2,True,True,1,boolean_field,success,True,,False,False,pass,rating-breakdown,True,64.7,7.8,71,27.2,pass,True,False,"{""playerCoordinates"": {""x"": 64.7, ""y"": 7.8}, ""passEndCoordinates"": {""x"": 71, ""y"": 27.2}, ""eventActionType"": ""pass"", ""isHome"": true, ""outcome"": true, ""keypass"": false}",,
1218066,Anis Hadj Moussa,14053787,rating-breakdown,passes,passes,,,,Feyenoord,90.0,,86.9,10.6,80.4,19.9,True,True,1,boolean_field,success,True,,False,False,pass,rating-breakdown,True,86.9,10.6,80.4,19.9,pass,True,False,"{""playerCoordinates"": {""x"": 86.9, ""y"": 10.6}, ""passEndCoordinates"": {""x"": 80.4, ""y"": 19.9}, ""eventActionType"": ""pass"", ""isHome"": true, ""outcome"": true, ""keypass"": false}",,
1218066,Anis Hadj Moussa,14053787,rating-breakdown,passes,passes,,,,Feyenoord,90.0,,83.6,25.6,87.6,93.2,True,True,1,boolean_field,success,True,,False,False,pass,rating-breakdown,True,83.6,25.6,87.6,93.2,pass,True,False,"{""playerCoordinates"": {""x"": 83.6, ""y"": 25.6}, ""passEndCoordinates"": {""x"": 87.6, ""y"": 93.2}, ""eventActionType"": ""pass"", ""isHome"": true, ""outcome"": true, ""keypass"": false, ""isLongBall"": true}",True,
1218066,Anis Hadj Moussa,14053787,rating-breakdown,passes,passes,,,,Feyenoord,90.0,,77.8,11.7,79.2,15.4,,,,unresolvable,,,,False,False,pass,rating-breakdown,True,77.8,11.7,79.2,15.4,cross,True,False,"{""playerCoordinates"": {""x"": 77.8, ""y"": 11.7}, ""passEndCoordinates"": {""x"": 79.2, ""y"": 15.4}, ""eventActionType"": ""cross"", ""isHome"": true, ""keypass"": false}",,
1218066,Anis Hadj Moussa,14053787,rating-breakdown,passes,passes,,,,Feyenoord,90.0,,82.5,12.2,91.8,43.9,,,,unresolvable,,,,False,False,pass,rating-breakdown,True,82.5,12.2,91.8,43.9,cross,True,False,"{""playerCoordinates"": {""x"": 82.5, ""y"": 12.2}, ""passEndCoordinates"": {""x"": 91.8, ""y"": 43.9}, ""eventActionType"": ""cross"", ""isHome"": true, ""keypass"": false}",,
1218066,Anis Hadj Moussa,14053787,rating-breakdown,passes,passes,,,,Feyenoord,90.0,,69.8,24.8,75,18.5,,,,unresolvable,,,,False,False,pass,rating-breakdown,True,69.8,24.8,75,18.5,pass,True,False,"{""playerCoordinates"": {""x"": 69.8, ""y"": 24.8}, ""passEndCoordinates"": {""x"": 75, ""y"": 18.5}, ""eventActionType"": ""pass"", ""isHome"": true, ""keypass"": false}",,
1218066,Anis Hadj Moussa,14053787,rating-breakdown,passes,passes,,,,Feyenoord,90.0,,81.4,43.1,79,61.1,True,True,1,boolean_field,success,True,,False,False,pass,rating-breakdown,True,81.4,43.1,79,61.1,pass,True,False,"{""playerCoordinates"": {""x"": 81.4, ""y"": 43.1}, ""passEndCoordinates"": {""x"": 79, ""y"": 61.1}, ""eventActionType"": ""pass"", ""isHome"": true, ""outcome"": true, ""keypass"": false}",,
1218066,Anis Hadj Moussa,14053787,rating-breakdown,passes,passes,,,,Feyenoord,90.0,,75.6,37.9,86.5,49.4,True,True,1,boolean_field,success,True,,False,False,pass,rating-breakdown,True,75.6,37.9,86.5,49.4,pass,True,False,"{""playerCoordinates"": {""x"": 75.6, ""y"": 37.9}, ""passEndCoordinates"": {""x"": 86.5, ""y"": 49.4}, ""eventActionType"": ""pass"", ""isHome"": true, ""outcome"": true, ""keypass"": false}",,
1218066,Anis Hadj Moussa,14053787,rating-breakdown,ball-carries,ball-carries,,,,Feyenoord,90.0,,81.8,10.8,90.8,31.3,,,,unresolvable,,,,False,False,,rating-breakdown,True,81.8,10.8,90.8,31.3,ball-carry,True,,"{""playerCoordinates"": {""x"": 81.8, ""y"": 10.8}, ""passEndCoordinates"": {""x"": 90.8, ""y"": 31.3}, ""eventActionType"": ""ball-carry"", ""isHome"": true}",,
1218066,Anis Hadj Moussa,14053787,rating-breakdown,ball-carries,ball-carries,,,,Feyenoord,90.0,,58.3,26.7,54.9,26.4,,,,unresolvable,,,,False,False,,rating-breakdown,True,58.3,26.7,54.9,26.4,ball-carry,True,,"{""playerCoordinates"": {""x"": 58.3, ""y"": 26.7}, ""passEndCoordinates"": {""x"": 54.9, ""y"": 26.4}, ""eventActionType"": ""ball-carry"", ""isHome"": true}",,
1218066,Anis Hadj Moussa,14053787,rating-breakdown,ball-carries,ball-carries,,,,Feyenoord,90.0,,31.6,33.4,28.9,38.7,,,,unresolvable,,,,False,False,,rating-breakdown,True,31.6,33.4,28.9,38.7,ball-carry,True,,"{""playerCoordinates"": {""x"": 31.6, ""y"": 33.4}, ""passEndCoordinates"": {""x"": 28.9, ""y"": 38.7}, ""eventActionType"": ""ball-carry"", ""isHome"": true}",,
1218066,Anis Hadj Moussa,14053787,rating-breakdown,ball-carries,ball-carries,,,,Feyenoord,90.0,,79.4,32.2,94.4,31.8,,,,unresolvable,,,,False,False,,rating-breakdown,True,79.4,32.2,94.4,31.8,ball-carry,True,,"{""playerCoordinates"": {""x"": 79.4, ""y"": 32.2}, ""passEndCoordinates"": {""x"": 94.4, ""y"": 31.8}, ""eventActionType"": ""ball-carry"", ""isHome"": true}",,
1218066,Anis Hadj Moussa,14053787,rating-breakdown,ball-carries,ball-carries,,,,Feyenoord,90.0,,64.4,15.4,63.8,20.1,,,,unresolvable,,,,False,False,,rating-breakdown,True,64.4,15.4,63.8,20.1,ball-carry,True,,"{""playerCoordinates"": {""x"": 64.4, ""y"": 15.4}, ""passEndCoordinates"": {""x"": 63.8, ""y"": 20.1}, ""eventActionType"": ""ball-carry"", ""isHome"": true}",,
1218066,Anis Hadj Moussa,14053787,rating-breakdown,ball-carries,ball-carries,,,,Feyenoord,90.0,,68,39.3,74.3,48.2,,,,unresolvable,,,,False,False,,rating-breakdown,True,68,39.3,74.3,48.2,ball-carry,True,,"{""playerCoordinates"": {""x"": 68, ""y"": 39.3}, ""passEndCoordinates"": {""x"": 74.3, ""y"": 48.2}, ""eventActionType"": ""ball-carry"", ""isHome"": true}",,
1218066,Anis Hadj Moussa,14053787,rating-breakdown,ball-carries,ball-carries,,,,Feyenoord,90.0,,25.4,13.9,24.8,20.2,,,,unresolvable,,,,False,False,,rating-breakdown,True,25.4,13.9,24.8,20.2,ball-carry,True,,"{""playerCoordinates"": {""x"": 25.4, ""y"": 13.9}, ""passEndCoordinates"": {""x"": 24.8, ""y"": 20.2}, ""eventActionType"": ""ball-carry"", ""isHome"": true}",,
1218066,Anis Hadj Moussa,14053787,rating-breakdown,ball-carries,ball-carries,,,,Feyenoord,90.0,,96.3,16.6,96.2,21.7,,,,unresolvable,,,,False,False,,rating-breakdown,True,96.3,16.6,96.2,21.7,ball-carry,True,,"{""playerCoordinates"": {""x"": 96.3, ""y"": 16.6}, ""passEndCoordinates"": {""x"": 96.2, ""y"": 21.7}, ""eventActionType"": ""ball-carry"", ""isHome"": true}",,
1218066,Anis Hadj Moussa,14053787,rating-breakdown,ball-carries,ball-carries,,,,Feyenoord,90.0,,65.9,6.4,70.4,7.5,,,,unresolvable,,,,False,False,,rating-breakdown,True,65.9,6.4,70.4,7.5,ball-carry,True,,"{""playerCoordinates"": {""x"": 65.9, ""y"": 6.4}, ""passEndCoordinates"": {""x"": 70.4, ""y"": 7.5}, ""eventActionType"": ""ball-carry"", ""isHome"": true}",,
1218066,Anis Hadj Moussa,14053787,rating-breakdown,ball-carries,ball-carries,,,,Feyenoord,90.0,,69.4,5.7,74.6,7.3,,,,unresolvable,,,,False,False,,rating-breakdown,True,69.4,5.7,74.6,7.3,ball-carry,True,,"{""playerCoordinates"": {""x"": 69.4, ""y"": 5.7}, ""passEndCoordinates"": {""x"": 74.6, ""y"": 7.3}, ""eventActionType"": ""ball-carry"", ""isHome"": true}",,
1218066,Anis Hadj Moussa,14053787,rating-breakdown,ball-carries,ball-carries,,,,Feyenoord,90.0,,74.8,14.1,69.6,21.8,,,,unresolvable,,,,False,False,,rating-breakdown,True,74.8,14.1,69.6,21.8,ball-carry,True,,"{""playerCoordinates"": {""x"": 74.8, ""y"": 14.1}, ""passEndCoordinates"": {""x"": 69.6, ""y"": 21.8}, ""eventActionType"": ""ball-carry"", ""isHome"": true}",,
1218066,Anis Hadj Moussa,14053787,rating-breakdown,ball-carries,ball-carries,,,,Feyenoord,90.0,,67.6,17.6,92.8,17.8,,,,unresolvable,,,,False,False,,rating-breakdown,True,67.6,17.6,92.8,17.8,ball-carry,True,,"{""playerCoordinates"": {""x"": 67.6, ""y"": 17.6}, ""passEndCoordinates"": {""x"": 92.8, ""y"": 17.8}, ""eventActionType"": ""ball-carry"", ""isHome"": true}",,
1218066,Anis Hadj Moussa,14053787,rating-breakdown,ball-carries,ball-carries,,,,Feyenoord,90.0,,81.6,13.3,94.2,18.7,,,,unresolvable,,,,False,False,,rating-breakdown,True,81.6,13.3,94.2,18.7,ball-carry,True,,"{""playerCoordinates"": {""x"": 81.6, ""y"": 13.3}, ""passEndCoordinates"": {""x"": 94.2, ""y"": 18.7}, ""eventActionType"": ""ball-carry"", ""isHome"": true}",,
1218066,Anis Hadj Moussa,14053787,rating-breakdown,ball-carries,ball-carries,,,,Feyenoord,90.0,,86.4,29.6,90.9,31.5,,,,unresolvable,,,,False,False,,rating-breakdown,True,86.4,29.6,90.9,31.5,ball-carry,True,,"{""playerCoordinates"": {""x"": 86.4, ""y"": 29.6}, ""passEndCoordinates"": {""x"": 90.9, ""y"": 31.5}, ""eventActionType"": ""ball-carry"", ""isHome"": true}",,
1218066,Anis Hadj Moussa,14053787,rating-breakdown,ball-carries,ball-carries,,,,Feyenoord,90.0,,68.3,4.9,76.2,38.7,,,,unresolvable,,,,False,False,,rating-breakdown,True,68.3,4.9,76.2,38.7,ball-carry,True,,"{""playerCoordinates"": {""x"": 68.3, ""y"": 4.9}, ""passEndCoordinates"": {""x"": 76.2, ""y"": 38.7}, ""eventActionType"": ""ball-carry"", ""isHome"": true}",,
1218066,Anis Hadj Moussa,14053787,rating-breakdown,ball-carries,ball-carries,,,,Feyenoord,90.0,,64,13.8,61.1,39.7,,,,unresolvable,,,,False,False,,rating-breakdown,True,64,13.8,61.1,39.7,ball-carry,True,,"{""playerCoordinates"": {""x"": 64, ""y"": 13.8}, ""passEndCoordinates"": {""x"": 61.1, ""y"": 39.7}, ""eventActionType"": ""ball-carry"", ""isHome"": true}",,
1218066,Anis Hadj Moussa,14053787,rating-breakdown,ball-carries,ball-carries,,,,Feyenoord,90.0,,61.4,5.9,92.4,27.4,,,,unresolvable,,,,False,False,,rating-breakdown,True,61.4,5.9,92.4,27.4,ball-carry,True,,"{""playerCoordinates"": {""x"": 61.4, ""y"": 5.9}, ""passEndCoordinates"": {""x"": 92.4, ""y"": 27.4}, ""eventActionType"": ""ball-carry"", ""isHome"": true}",,
1218066,Anis Hadj Moussa,14053787,rating-breakdown,ball-carries,ball-carries,,,,Feyenoord,90.0,,62.6,6,76.5,24.8,,,,unresolvable,,,,False,False,,rating-breakdown,True,62.6,6,76.5,24.8,ball-carry,True,,"{""playerCoordinates"": {""x"": 62.6, ""y"": 6}, ""passEndCoordinates"": {""x"": 76.5, ""y"": 24.8}, ""eventActionType"": ""ball-carry"", ""isHome"": true}",,
1218066,Anis Hadj Moussa,14053787,rating-breakdown,ball-carries,ball-carries,,,,Feyenoord,90.0,,36.7,8.3,57.6,14.7,,,,unresolvable,,,,False,False,,rating-breakdown,True,36.7,8.3,57.6,14.7,ball-carry,True,,"{""playerCoordinates"": {""x"": 36.7, ""y"": 8.3}, ""passEndCoordinates"": {""x"": 57.6, ""y"": 14.7}, ""eventActionType"": ""ball-carry"", ""isHome"": true}",,
1218066,Anis Hadj Moussa,14053787,rating-breakdown,ball-carries,ball-carries,,,,Feyenoord,90.0,,67.2,4,72.1,19.5,,,,unresolvable,,,,False,False,,rating-breakdown,True,67.2,4,72.1,19.5,ball-carry,True,,"{""playerCoordinates"": {""x"": 67.2, ""y"": 4}, ""passEndCoordinates"": {""x"": 72.1, ""y"": 19.5}, ""eventActionType"": ""ball-carry"", ""isHome"": true}",,
1218066,Anis Hadj Moussa,14053787,rating-breakdown,ball-carries,ball-carries,,,,Feyenoord,90.0,,61.1,21.2,80.3,38.9,,,,unresolvable,,,,False,False,,rating-breakdown,True,61.1,21.2,80.3,38.9,ball-carry,True,,"{""playerCoordinates"": {""x"": 61.1, ""y"": 21.2}, ""passEndCoordinates"": {""x"": 80.3, ""y"": 38.9}, ""eventActionType"": ""ball-carry"", ""isHome"": true}",,
1218066,Anis Hadj Moussa,14053787,rating-breakdown,ball-carries,ball-carries,,,,Feyenoord,90.0,,75.3,23.1,85.6,33.7,,,,unresolvable,,,,False,False,,rating-breakdown,True,75.3,23.1,85.6,33.7,ball-carry,True,,"{""playerCoordinates"": {""x"": 75.3, ""y"": 23.1}, ""passEndCoordinates"": {""x"": 85.6, ""y"": 33.7}, ""eventActionType"": ""ball-carry"", ""isHome"": true}",,
1218066,Anis Hadj Moussa,14053787,rating-breakdown,ball-carries,ball-carries,,,,Feyenoord,90.0,,75.6,19.5,85.3,29.1,,,,unresolvable,,,,False,False,,rating-breakdown,True,75.6,19.5,85.3,29.1,ball-carry,True,,"{""playerCoordinates"": {""x"": 75.6, ""y"": 19.5}, ""passEndCoordinates"": {""x"": 85.3, ""y"": 29.1}, ""eventActionType"": ""ball-carry"", ""isHome"": true}",,
1218066,Anis Hadj Moussa,14053787,rating-breakdown,ball-carries,ball-carries,,,,Feyenoord,90.0,,77.1,11.1,90.1,32.2,,,,unresolvable,,,,False,False,,rating-breakdown,True,77.1,11.1,90.1,32.2,ball-carry,True,,"{""playerCoordinates"": {""x"": 77.1, ""y"": 11.1}, ""passEndCoordinates"": {""x"": 90.1, ""y"": 32.2}, ""eventActionType"": ""ball-carry"", ""isHome"": true}",,
1218066,Anis Hadj Moussa,14053787,rating-breakdown,ball-carries,ball-carries,,,,Feyenoord,90.0,,62.4,7.5,61.4,25.6,,,,unresolvable,,,,False,False,,rating-breakdown,True,62.4,7.5,61.4,25.6,ball-carry,True,,"{""playerCoordinates"": {""x"": 62.4, ""y"": 7.5}, ""passEndCoordinates"": {""x"": 61.4, ""y"": 25.6}, ""eventActionType"": ""ball-carry"", ""isHome"": true}",,
1218066,Anis Hadj Moussa,14053787,rating-breakdown,ball-carries,ball-carries,,,,Feyenoord,90.0,,83.7,13.9,88.2,25.3,,,,unresolvable,,,,False,False,,rating-breakdown,True,83.7,13.9,88.2,25.3,ball-carry,True,,"{""playerCoordinates"": {""x"": 83.7, ""y"": 13.9}, ""passEndCoordinates"": {""x"": 88.2, ""y"": 25.3}, ""eventActionType"": ""ball-carry"", ""isHome"": true}",,
1218066,Anis Hadj Moussa,14053787,rating-breakdown,ball-carries,ball-carries,,,,Feyenoord,90.0,,76.2,13.3,81.5,14.3,,,,unresolvable,,,,False,False,,rating-breakdown,True,76.2,13.3,81.5,14.3,ball-carry,True,,"{""playerCoordinates"": {""x"": 76.2, ""y"": 13.3}, ""passEndCoordinates"": {""x"": 81.5, ""y"": 14.3}, ""eventActionType"": ""ball-carry"", ""isHome"": true}",,
1218066,Anis Hadj Moussa,14053787,rating-breakdown,ball-carries,ball-carries,,,,Feyenoord,90.0,,56.4,5.7,68.3,11.9,,,,unresolvable,,,,False,False,,rating-breakdown,True,56.4,5.7,68.3,11.9,ball-carry,True,,"{""playerCoordinates"": {""x"": 56.4, ""y"": 5.7}, ""passEndCoordinates"": {""x"": 68.3, ""y"": 11.9}, ""eventActionType"": ""ball-carry"", ""isHome"": true}",,
1218066,Anis Hadj Moussa,14053787,rating-breakdown,ball-carries,ball-carries,,,,Feyenoord,90.0,,68.3,11.9,83.6,25.6,,,,unresolvable,,,,False,False,,rating-breakdown,True,68.3,11.9,83.6,25.6,ball-carry,True,,"{""playerCoordinates"": {""x"": 68.3, ""y"": 11.9}, ""passEndCoordinates"": {""x"": 83.6, ""y"": 25.6}, ""eventActionType"": ""ball-carry"", ""isHome"": true}",,
1218066,Anis Hadj Moussa,14053787,rating-breakdown,ball-carries,ball-carries,,,,Feyenoord,90.0,,66,4.5,87.4,22.8,,,,unresolvable,,,,False,False,,rating-breakdown,True,66,4.5,87.4,22.8,ball-carry,True,,"{""playerCoordinates"": {""x"": 66, ""y"": 4.5}, ""passEndCoordinates"": {""x"": 87.4, ""y"": 22.8}, ""eventActionType"": ""ball-carry"", ""isHome"": true}",,
1218066,Anis Hadj Moussa,14053787,rating-breakdown,dribbles,dribbles,,,,Feyenoord,90.0,,96.2,21.7,,,,,,unresolvable,,,,False,False,,rating-breakdown,True,96.2,21.7,,,dribble,True,False,"{""playerCoordinates"": {""x"": 96.2, ""y"": 21.7}, ""eventActionType"": ""dribble"", ""isHome"": true, ""keypass"": false}",,
1218066,Anis Hadj Moussa,14053787,rating-breakdown,dribbles,dribbles,,,,Feyenoord,90.0,,77.3,34.6,,,,,,unresolvable,,,,False,False,,rating-breakdown,True,77.3,34.6,,,dribble,True,False,"{""playerCoordinates"": {""x"": 77.3, ""y"": 34.6}, ""eventActionType"": ""dribble"", ""isHome"": true, ""keypass"": false}",,
1218066,Anis Hadj Moussa,14053787,rating-breakdown,dribbles,dribbles,,,,Feyenoord,90.0,,89.8,30.8,,,,,,unresolvable,,,,False,False,,rating-breakdown,True,89.8,30.8,,,dribble,True,False,"{""playerCoordinates"": {""x"": 89.8, ""y"": 30.8}, ""eventActionType"": ""dribble"", ""isHome"": true, ""keypass"": false}",,
1218066,Anis Hadj Moussa,14053787,rating-breakdown,dribbles,dribbles,,,,Feyenoord,90.0,,96.4,29.1,,,True,True,1,boolean_field,success,,True,False,False,,rating-breakdown,True,96.4,29.1,,,dribble,True,False,"{""playerCoordinates"": {""x"": 96.4, ""y"": 29.1}, ""eventActionType"": ""dribble"", ""isHome"": true, ""outcome"": true, ""keypass"": false}",,
1218066,Anis Hadj Moussa,14053787,rating-breakdown,dribbles,dribbles,,,,Feyenoord,90.0,,86.7,22.2,,,,,,unresolvable,,,,False,False,,rating-breakdown,True,86.7,22.2,,,dribble,True,False,"{""playerCoordinates"": {""x"": 86.7, ""y"": 22.2}, ""eventActionType"": ""dribble"", ""isHome"": true, ""keypass"": false}",,
1218066,Anis Hadj Moussa,14053787,rating-breakdown,defensive,defensive,,,,Feyenoord,90.0,,21.1,13.8,,,True,True,1,boolean_field,success,,True,False,False,,rating-breakdown,True,21.1,13.8,,,ball-recovery,True,False,"{""playerCoordinates"": {""x"": 21.1, ""y"": 13.8}, ""eventActionType"": ""ball-recovery"", ""isHome"": true, ""outcome"": true, ""keypass"": false}",,
1218066,Anis Hadj Moussa,14053787,rating-breakdown,defensive,defensive,,,,Feyenoord,90.0,,31.6,33.4,,,True,True,1,boolean_field,success,,True,False,False,,rating-breakdown,True,31.6,33.4,,,ball-recovery,True,False,"{""playerCoordinates"": {""x"": 31.6, ""y"": 33.4}, ""eventActionType"": ""ball-recovery"", ""isHome"": true, ""outcome"": true, ""keypass"": false}",,
1218066,Anis Hadj Moussa,14053787,rating-breakdown,defensive,defensive,,,,Feyenoord,90.0,,30.9,10,,,True,True,1,boolean_field,success,,True,False,False,,rating-breakdown,True,30.9,10,,,ball-recovery,True,False,"{""playerCoordinates"": {""x"": 30.9, ""y"": 10}, ""eventActionType"": ""ball-recovery"", ""isHome"": true, ""outcome"": true, ""keypass"": false}",,
1218066,Anis Hadj Moussa,14053787,rating-breakdown,defensive,defensive,,,,Feyenoord,90.0,,25.4,13.9,,,True,True,1,boolean_field,success,,True,False,False,,rating-breakdown,True,25.4,13.9,,,ball-recovery,True,False,"{""playerCoordinates"": {""x"": 25.4, ""y"": 13.9}, ""eventActionType"": ""ball-recovery"", ""isHome"": true, ""outcome"": true, ""keypass"": false}",,
1218066,Anis Hadj Moussa,14053787,rating-breakdown,defensive,defensive,,,,Feyenoord,90.0,,66.8,23.4,,,,,,unresolvable,,,,False,False,,rating-breakdown,True,66.8,23.4,,,tackle,True,False,"{""playerCoordinates"": {""x"": 66.8, ""y"": 23.4}, ""eventActionType"": ""tackle"", ""isHome"": true, ""keypass"": false}",,
1218066,Anis Hadj Moussa,14053787,rating-breakdown,defensive,defensive,,,,Feyenoord,90.0,,67.6,17.6,,,True,True,1,boolean_field,success,,True,False,False,,rating-breakdown,True,67.6,17.6,,,ball-recovery,True,False,"{""playerCoordinates"": {""x"": 67.6, ""y"": 17.6}, ""eventActionType"": ""ball-recovery"", ""isHome"": true, ""outcome"": true, ""keypass"": false}",,
1218066,Anis Hadj Moussa,14053787,rating-breakdown,defensive,defensive,,,,Feyenoord,90.0,,54.2,9.4,,,,,,unresolvable,,,,False,False,,rating-breakdown,True,54.2,9.4,,,tackle,True,False,"{""playerCoordinates"": {""x"": 54.2, ""y"": 9.4}, ""eventActionType"": ""tackle"", ""isHome"": true, ""keypass"": false}",,
1218066,Anis Hadj Moussa,14053787,rating-breakdown,defensive,defensive,,,,Feyenoord,90.0,,68.3,11.9,,,True,True,1,boolean_field,success,,True,False,False,,rating-breakdown,True,68.3,11.9,,,ball-recovery,True,False,"{""playerCoordinates"": {""x"": 68.3, ""y"": 11.9}, ""eventActionType"": ""ball-recovery"", ""isHome"": true, ""outcome"": true, ""keypass"": false}",,
1218066,Anis Hadj Moussa,14053815,rating-breakdown,passes,passes,,,,Feyenoord,90.0,,98.7,34.6,100,70,,,,unresolvable,,,,False,False,pass,rating-breakdown,True,98.7,34.6,100,70,pass,True,False,"{""playerCoordinates"": {""x"": 98.7, ""y"": 34.6}, ""passEndCoordinates"": {""x"": 100, ""y"": 70}, ""eventActionType"": ""pass"", ""isHome"": true, ""keypass"": false}",,
1218066,Anis Hadj Moussa,14053815,rating-breakdown,passes,passes,,,,Feyenoord,90.0,,42.2,6.1,59.3,16.8,,,,unresolvable,,,,False,False,pass,rating-breakdown,True,42.2,6.1,59.3,16.8,pass,True,False,"{""playerCoordinates"": {""x"": 42.2, ""y"": 6.1}, ""passEndCoordinates"": {""x"": 59.3, ""y"": 16.8}, ""eventActionType"": ""pass"", ""isHome"": true, ""keypass"": false, ""isLongBall"": true}",True,
1218066,Anis Hadj Moussa,14053815,rating-breakdown,passes,passes,,,,Feyenoord,90.0,,67.6,3.2,50.2,6.8,True,True,1,boolean_field,success,True,,False,False,pass,rating-breakdown,True,67.6,3.2,50.2,6.8,pass,True,False,"{""playerCoordinates"": {""x"": 67.6, ""y"": 3.2}, ""passEndCoordinates"": {""x"": 50.2, ""y"": 6.8}, ""eventActionType"": ""pass"", ""isHome"": true, ""outcome"": true, ""keypass"": false}",,
1218066,Anis Hadj Moussa,14053815,rating-breakdown,passes,passes,,,,Feyenoord,90.0,,66.7,37.3,60.9,35.1,True,True,1,boolean_field,success,True,,False,False,pass,rating-breakdown,True,66.7,37.3,60.9,35.1,pass,True,False,"{""playerCoordinates"": {""x"": 66.7, ""y"": 37.3}, ""passEndCoordinates"": {""x"": 60.9, ""y"": 35.1}, ""eventActionType"": ""pass"", ""isHome"": true, ""outcome"": true, ""keypass"": false}",,
1218066,Anis Hadj Moussa,14053815,rating-breakdown,passes,passes,,,,Feyenoord,90.0,,63.6,23,67.2,3.4,True,True,1,boolean_field,success,True,,False,False,pass,rating-breakdown,True,63.6,23,67.2,3.4,pass,True,False,"{""playerCoordinates"": {""x"": 63.6, ""y"": 23}, ""passEndCoordinates"": {""x"": 67.2, ""y"": 3.4}, ""eventActionType"": ""pass"", ""isHome"": true, ""outcome"": true, ""keypass"": false}",,
1218066,Anis Hadj Moussa,14053815,rating-breakdown,passes,passes,,,,Feyenoord,90.0,,56.8,14.3,51.4,20.4,True,True,1,boolean_field,success,True,,False,False,pass,rating-breakdown,True,56.8,14.3,51.4,20.4,pass,True,False,"{""playerCoordinates"": {""x"": 56.8, ""y"": 14.3}, ""passEndCoordinates"": {""x"": 51.4, ""y"": 20.4}, ""eventActionType"": ""pass"", ""isHome"": true, ""outcome"": true, ""keypass"": false}",,
1218066,Anis Hadj Moussa,14053815,rating-breakdown,passes,passes,,,,Feyenoord,90.0,,64.4,6.2,54.9,18.8,True,True,1,boolean_field,success,True,,False,False,pass,rating-breakdown,True,64.4,6.2,54.9,18.8,pass,True,False,"{""playerCoordinates"": {""x"": 64.4, ""y"": 6.2}, ""passEndCoordinates"": {""x"": 54.9, ""y"": 18.8}, ""eventActionType"": ""pass"", ""isHome"": true, ""outcome"": true, ""keypass"": false}",,
1218066,Anis Hadj Moussa,14053815,rating-breakdown,passes,passes,,,,Feyenoord,90.0,,46.7,1.6,36.6,10.1,True,True,1,boolean_field,success,True,,False,False,pass,rating-breakdown,True,46.7,1.6,36.6,10.1,pass,True,False,"{""playerCoordinates"": {""x"": 46.7, ""y"": 1.6}, ""passEndCoordinates"": {""x"": 36.6, ""y"": 10.1}, ""eventActionType"": ""pass"", ""isHome"": true, ""outcome"": true, ""keypass"": false}",,
1218066,Anis Hadj Moussa,14053815,rating-breakdown,passes,passes,,,,Feyenoord,90.0,,76.1,24.1,82.7,30,True,True,1,boolean_field,success,True,,False,False,pass,rating-breakdown,True,76.1,24.1,82.7,30,pass,True,False,"{""playerCoordinates"": {""x"": 76.1, ""y"": 24.1}, ""passEndCoordinates"": {""x"": 82.7, ""y"": 30}, ""eventActionType"": ""pass"", ""isHome"": true, ""outcome"": true, ""keypass"": false}",,
1218066,Anis Hadj Moussa,14053815,rating-breakdown,passes,passes,,,,Feyenoord,90.0,,68.9,13.7,58.9,8.3,True,True,1,boolean_field,success,True,,False,False,pass,rating-breakdown,True,68.9,13.7,58.9,8.3,pass,True,False,"{""playerCoordinates"": {""x"": 68.9, ""y"": 13.7}, ""passEndCoordinates"": {""x"": 58.9, ""y"": 8.3}, ""eventActionType"": ""pass"", ""isHome"": true, ""outcome"": true, ""keypass"": false}",,
1218066,Anis Hadj Moussa,14053815,rating-breakdown,passes,passes,,,,Feyenoord,90.0,,86.2,6.1,91,20.3,True,True,1,boolean_field,success,True,,False,False,pass,rating-breakdown,True,86.2,6.1,91,20.3,pass,True,False,"{""playerCoordinates"": {""x"": 86.2, ""y"": 6.1}, ""passEndCoordinates"": {""x"": 91, ""y"": 20.3}, ""eventActionType"": ""pass"", ""isHome"": true, ""outcome"": true, ""keypass"": false}",,
1218066,Anis Hadj Moussa,14053815,rating-breakdown,passes,passes,,,,Feyenoord,90.0,,99.9,0.2,96.5,37.3,,,,unresolvable,,,,False,False,pass,rating-breakdown,True,99.9,0.2,96.5,37.3,cross,True,False,"{""playerCoordinates"": {""x"": 99.9, ""y"": 0.2}, ""passEndCoordinates"": {""x"": 96.5, ""y"": 37.3}, ""eventActionType"": ""cross"", ""isHome"": true, ""keypass"": false}",,
1218066,Anis Hadj Moussa,14053815,rating-breakdown,passes,passes,,,,Feyenoord,90.0,,80.9,15.5,90,68.7,True,True,1,boolean_field,success,True,,False,False,pass,rating-breakdown,True,80.9,15.5,90,68.7,cross,True,False,"{""playerCoordinates"": {""x"": 80.9, ""y"": 15.5}, ""passEndCoordinates"": {""x"": 90, ""y"": 68.7}, ""eventActionType"": ""cross"", ""isHome"": true, ""outcome"": true, ""keypass"": false, ""isLongBall"": true}",True,
1218066,Anis Hadj Moussa,14053815,rating-breakdown,passes,passes,,,,Feyenoord,90.0,,66.2,4.1,52.2,8.8,True,True,1,boolean_field,success,True,,False,False,pass,rating-breakdown,True,66.2,4.1,52.2,8.8,pass,True,False,"{""playerCoordinates"": {""x"": 66.2, ""y"": 4.1}, ""passEndCoordinates"": {""x"": 52.2, ""y"": 8.8}, ""eventActionType"": ""pass"", ""isHome"": true, ""outcome"": true, ""keypass"": false}",,
1218066,Anis Hadj Moussa,14053815,rating-breakdown,passes,passes,,,,Feyenoord,90.0,,93.9,27.1,92.6,50.8,True,True,1,boolean_field,success,True,,True,True,assist,rating-breakdown,True,93.9,27.1,92.6,50.8,pass,True,True,"{""playerCoordinates"": {""x"": 93.9, ""y"": 27.1}, ""passEndCoordinates"": {""x"": 92.6, ""y"": 50.8}, ""eventActionType"": ""pass"", ""isHome"": true, ""outcome"": true, ""keypass"": true, ""isAssist"": true}",,True
1218066,Anis Hadj Moussa,14053815,rating-breakdown,passes,passes,,,,Feyenoord,90.0,,63.7,3.7,34,2.2,,,,unresolvable,,,,False,False,pass,rating-breakdown,True,63.7,3.7,34,2.2,pass,True,False,"{""playerCoordinates"": {""x"": 63.7, ""y"": 3.7}, ""passEndCoordinates"": {""x"": 34, ""y"": 2.2}, ""eventActionType"": ""pass"", ""isHome"": true, ""keypass"": false}",,
1218066,Anis Hadj Moussa,14053815,rating-breakdown,passes,passes,,,,Feyenoord,90.0,,79.3,11,94.9,52.7,,,,unresolvable,,,,False,False,pass,rating-breakdown,True,79.3,11,94.9,52.7,cross,True,False,"{""playerCoordinates"": {""x"": 79.3, ""y"": 11}, ""passEndCoordinates"": {""x"": 94.9, ""y"": 52.7}, ""eventActionType"": ""cross"", ""isHome"": true, ""keypass"": false, ""isLongBall"": true}",True,
1218066,Anis Hadj Moussa,14053815,rating-breakdown,passes,passes,,,,Feyenoord,90.0,,76.3,11.4,78.4,14,,,,unresolvable,,,,False,False,pass,rating-breakdown,True,76.3,11.4,78.4,14,pass,True,False,"{""playerCoordinates"": {""x"": 76.3, ""y"": 11.4}, ""passEndCoordinates"": {""x"": 78.4, ""y"": 14}, ""eventActionType"": ""pass"", ""isHome"": true, ""keypass"": false}",,
1218066,Anis Hadj Moussa,14053815,rating-breakdown,passes,passes,,,,Feyenoord,90.0,,56.9,5.6,41.5,29.7,True,True,1,boolean_field,success,True,,False,False,pass,rating-breakdown,True,56.9,5.6,41.5,29.7,pass,True,False,"{""playerCoordinates"": {""x"": 56.9, ""y"": 5.6}, ""passEndCoordinates"": {""x"": 41.5, ""y"": 29.7}, ""eventActionType"": ""pass"", ""isHome"": true, ""outcome"": true, ""keypass"": false}",,
1218066,Anis Hadj Moussa,14053815,rating-breakdown,passes,passes,,,,Feyenoord,90.0,,18.7,6.7,21.5,17.3,True,True,1,boolean_field,success,True,,False,False,pass,rating-breakdown,True,18.7,6.7,21.5,17.3,pass,True,False,"{""playerCoordinates"": {""x"": 18.7, ""y"": 6.7}, ""passEndCoordinates"": {""x"": 21.5, ""y"": 17.3}, ""eventActionType"": ""pass"", ""isHome"": true, ""outcome"": true, ""keypass"": false}",,
1218066,Anis Hadj Moussa,14053815,rating-breakdown,passes,passes,,,,Feyenoord,90.0,,79.5,5.3,95.7,27.6,True,True,1,boolean_field,success,True,,False,False,pass,rating-breakdown,True,79.5,5.3,95.7,27.6,pass,True,False,"{""playerCoordinates"": {""x"": 79.5, ""y"": 5.3}, ""passEndCoordinates"": {""x"": 95.7, ""y"": 27.6}, ""eventActionType"": ""pass"", ""isHome"": true, ""outcome"": true, ""keypass"": false}",,
1218066,Anis Hadj Moussa,14053815,rating-breakdown,passes,passes,,,,Feyenoord,90.0,,77.7,95.9,92.5,53,,,,unresolvable,,,,False,False,pass,rating-breakdown,True,77.7,95.9,92.5,53,cross,True,False,"{""playerCoordinates"": {""x"": 77.7, ""y"": 95.9}, ""passEndCoordinates"": {""x"": 92.5, ""y"": 53}, ""eventActionType"": ""cross"", ""isHome"": true, ""keypass"": false, ""isLongBall"": true}",True,
1218066,Anis Hadj Moussa,14053815,rating-breakdown,passes,passes,,,,Feyenoord,90.0,,99.5,0.5,93.1,5.5,True,True,1,boolean_field,success,True,,False,False,pass,rating-breakdown,True,99.5,0.5,93.1,5.5,pass,True,False,"{""playerCoordinates"": {""x"": 99.5, ""y"": 0.5}, ""passEndCoordinates"": {""x"": 93.1, ""y"": 5.5}, ""eventActionType"": ""pass"", ""isHome"": true, ""outcome"": true, ""keypass"": false}",,
1218066,Anis Hadj Moussa,14053815,rating-breakdown,passes,passes,,,,Feyenoord,90.0,,79.2,3.8,89.7,23.6,,,,unresolvable,,,,False,False,pass,rating-breakdown,True,79.2,3.8,89.7,23.6,pass,True,False,"{""playerCoordinates"": {""x"": 79.2, ""y"": 3.8}, ""passEndCoordinates"": {""x"": 89.7, ""y"": 23.6}, ""eventActionType"": ""pass"", ""isHome"": true, ""keypass"": false}",,
1218066,Anis Hadj Moussa,14053815,rating-breakdown,passes,passes,,,,Feyenoord,90.0,,71.9,3.7,81.1,17.4,True,True,1,boolean_field,success,True,,False,False,pass,rating-breakdown,True,71.9,3.7,81.1,17.4,pass,True,False,"{""playerCoordinates"": {""x"": 71.9, ""y"": 3.7}, ""passEndCoordinates"": {""x"": 81.1, ""y"": 17.4}, ""eventActionType"": ""pass"", ""isHome"": true, ""outcome"": true, ""keypass"": false}",,
1218066,Anis Hadj Moussa,14053815,rating-breakdown,passes,passes,,,,Feyenoord,90.0,,65.8,6.4,68.9,25.3,,,,unresolvable,,,,False,False,pass,rating-breakdown,True,65.8,6.4,68.9,25.3,pass,True,False,"{""playerCoordinates"": {""x"": 65.8, ""y"": 6.4}, ""passEndCoordinates"": {""x"": 68.9, ""y"": 25.3}, ""eventActionType"": ""pass"", ""isHome"": true, ""keypass"": false}",,
1218066,Anis Hadj Moussa,14053815,rating-breakdown,passes,passes,,,,Feyenoord,90.0,,62.8,3.7,47.4,10.5,True,True,1,boolean_field,success,True,,False,False,pass,rating-breakdown,True,62.8,3.7,47.4,10.5,pass,True,False,"{""playerCoordinates"": {""x"": 62.8, ""y"": 3.7}, ""passEndCoordinates"": {""x"": 47.4, ""y"": 10.5}, ""eventActionType"": ""pass"", ""isHome"": true, ""outcome"": true, ""keypass"": false}",,
1218066,Anis Hadj Moussa,14053815,rating-breakdown,passes,passes,,,,Feyenoord,90.0,,75.8,18.8,69.7,34.8,True,True,1,boolean_field,success,True,,False,False,pass,rating-breakdown,True,75.8,18.8,69.7,34.8,pass,True,False,"{""playerCoordinates"": {""x"": 75.8, ""y"": 18.8}, ""passEndCoordinates"": {""x"": 69.7, ""y"": 34.8}, ""eventActionType"": ""pass"", ""isHome"": true, ""outcome"": true, ""keypass"": false}",,
1218066,Anis Hadj Moussa,14053815,rating-breakdown,passes,passes,,,,Feyenoord,90.0,,76.9,20.9,100,77.2,,,,unresolvable,,,,False,False,pass,rating-breakdown,True,76.9,20.9,100,77.2,cross,True,False,"{""playerCoordinates"": {""x"": 76.9, ""y"": 20.9}, ""passEndCoordinates"": {""x"": 100, ""y"": 77.2}, ""eventActionType"": ""cross"", ""isHome"": true, ""keypass"": false, ""isLongBall"": true}",True,
1218066,Anis Hadj Moussa,14053815,rating-breakdown,passes,passes,,,,Feyenoord,90.0,,71.9,19.8,84,58.4,True,True,1,boolean_field,success,True,,False,False,pass,rating-breakdown,True,71.9,19.8,84,58.4,pass,True,False,"{""playerCoordinates"": {""x"": 71.9, ""y"": 19.8}, ""passEndCoordinates"": {""x"": 84, ""y"": 58.4}, ""eventActionType"": ""pass"", ""isHome"": true, ""outcome"": true, ""keypass"": false}",,
1218066,Anis Hadj Moussa,14053815,rating-breakdown,passes,passes,,,,Feyenoord,90.0,,77.5,11.3,76.3,22.2,True,True,1,boolean_field,success,True,,False,False,pass,rating-breakdown,True,77.5,11.3,76.3,22.2,pass,True,False,"{""playerCoordinates"": {""x"": 77.5, ""y"": 11.3}, ""passEndCoordinates"": {""x"": 76.3, ""y"": 22.2}, ""eventActionType"": ""pass"", ""isHome"": true, ""outcome"": true, ""keypass"": false}",,
1218066,Anis Hadj Moussa,14053815,rating-breakdown,passes,passes,,,,Feyenoord,90.0,,90.2,21.8,94,50.1,,,,unresolvable,,,,False,False,pass,rating-breakdown,True,90.2,21.8,94,50.1,cross,True,False,"{""playerCoordinates"": {""x"": 90.2, ""y"": 21.8}, ""passEndCoordinates"": {""x"": 94, ""y"": 50.1}, ""eventActionType"": ""cross"", ""isHome"": true, ""keypass"": false}",,
1218066,Anis Hadj Moussa,14053815,rating-breakdown,passes,passes,,,,Feyenoord,90.0,,90.5,24,90.3,43,,,,unresolvable,,,,False,False,pass,rating-breakdown,True,90.5,24,90.3,43,cross,True,False,"{""playerCoordinates"": {""x"": 90.5, ""y"": 24}, ""passEndCoordinates"": {""x"": 90.3, ""y"": 43}, ""eventActionType"": ""cross"", ""isHome"": true, ""keypass"": false}",,
1218066,Anis Hadj Moussa,14053815,rating-breakdown,passes,passes,,,,Feyenoord,90.0,,67.4,3.7,55.4,10.1,True,True,1,boolean_field,success,True,,False,False,pass,rating-breakdown,True,67.4,3.7,55.4,10.1,pass,True,False,"{""playerCoordinates"": {""x"": 67.4, ""y"": 3.7}, ""passEndCoordinates"": {""x"": 55.4, ""y"": 10.1}, ""eventActionType"": ""pass"", ""isHome"": true, ""outcome"": true, ""keypass"": false}",,
1218066,Anis Hadj Moussa,14053815,rating-breakdown,passes,passes,,,,Feyenoord,90.0,,72.8,7.7,71.7,22.8,True,True,1,boolean_field,success,True,,False,False,pass,rating-breakdown,True,72.8,7.7,71.7,22.8,pass,True,False,"{""playerCoordinates"": {""x"": 72.8, ""y"": 7.7}, ""passEndCoordinates"": {""x"": 71.7, ""y"": 22.8}, ""eventActionType"": ""pass"", ""isHome"": true, ""outcome"": true, ""keypass"": false}",,
1218066,Anis Hadj Moussa,14053815,rating-breakdown,passes,passes,,,,Feyenoord,90.0,,72.1,10.6,58,26.1,True,True,1,boolean_field,success,True,,False,False,pass,rating-breakdown,True,72.1,10.6,58,26.1,pass,True,False,"{""playerCoordinates"": {""x"": 72.1, ""y"": 10.6}, ""passEndCoordinates"": {""x"": 58, ""y"": 26.1}, ""eventActionType"": ""pass"", ""isHome"": true, ""outcome"": true, ""keypass"": false}",,
1218066,Anis Hadj Moussa,14053815,rating-breakdown,passes,passes,,,,Feyenoord,90.0,,73.3,41.2,68.1,69.6,True,True,1,boolean_field,success,True,,False,False,pass,rating-breakdown,True,73.3,41.2,68.1,69.6,pass,True,False,"{""playerCoordinates"": {""x"": 73.3, ""y"": 41.2}, ""passEndCoordinates"": {""x"": 68.1, ""y"": 69.6}, ""eventActionType"": ""pass"", ""isHome"": true, ""outcome"": true, ""keypass"": false}",,
1218066,Anis Hadj Moussa,14053815,rating-breakdown,passes,passes,,,,Feyenoord,90.0,,80.8,10.4,91.7,26.7,,,,unresolvable,,,,False,False,pass,rating-breakdown,True,80.8,10.4,91.7,26.7,pass,True,False,"{""playerCoordinates"": {""x"": 80.8, ""y"": 10.4}, ""passEndCoordinates"": {""x"": 91.7, ""y"": 26.7}, ""eventActionType"": ""pass"", ""isHome"": true, ""keypass"": false}",,
1218066,Anis Hadj Moussa,14053815,rating-breakdown,passes,passes,,,,Feyenoord,90.0,,97.6,24.7,90.3,41.9,,,,unresolvable,,,,False,False,pass,rating-breakdown,True,97.6,24.7,90.3,41.9,pass,True,False,"{""playerCoordinates"": {""x"": 97.6, ""y"": 24.7}, ""passEndCoordinates"": {""x"": 90.3, ""y"": 41.9}, ""eventActionType"": ""pass"", ""isHome"": true, ""keypass"": false}",,
1218066,Anis Hadj Moussa,14053815,rating-breakdown,passes,passes,,,,Feyenoord,90.0,,55.1,23.3,59.1,24.3,,,,unresolvable,,,,False,False,pass,rating-breakdown,True,55.1,23.3,59.1,24.3,pass,True,False,"{""playerCoordinates"": {""x"": 55.1, ""y"": 23.3}, ""passEndCoordinates"": {""x"": 59.1, ""y"": 24.3}, ""eventActionType"": ""pass"", ""isHome"": true, ""keypass"": false}",,
1218066,Anis Hadj Moussa,14053815,rating-breakdown,passes,passes,,,,Feyenoord,90.0,,90.6,24.7,89.5,48.5,True,True,1,boolean_field,success,True,,False,True,key_pass,rating-breakdown,True,90.6,24.7,89.5,48.5,cross,True,True,"{""playerCoordinates"": {""x"": 90.6, ""y"": 24.7}, ""passEndCoordinates"": {""x"": 89.5, ""y"": 48.5}, ""eventActionType"": ""cross"", ""isHome"": true, ""outcome"": true, ""keypass"": true}",,
1218066,Anis Hadj Moussa,14053815,rating-breakdown,passes,passes,,,,Feyenoord,90.0,,59.3,20.1,82.8,0,,,,unresolvable,,,,False,False,pass,rating-breakdown,True,59.3,20.1,82.8,0,pass,True,False,"{""playerCoordinates"": {""x"": 59.3, ""y"": 20.1}, ""passEndCoordinates"": {""x"": 82.8, ""y"": 0}, ""eventActionType"": ""pass"", ""isHome"": true, ""keypass"": false}",,
1218066,Anis Hadj Moussa,14053815,rating-breakdown,passes,passes,,,,Feyenoord,90.0,,99.5,0.5,92.8,42.1,True,True,1,boolean_field,success,True,,False,False,pass,rating-breakdown,True,99.5,0.5,92.8,42.1,cross,True,False,"{""playerCoordinates"": {""x"": 99.5, ""y"": 0.5}, ""passEndCoordinates"": {""x"": 92.8, ""y"": 42.1}, ""eventActionType"": ""cross"", ""isHome"": true, ""outcome"": true, ""keypass"": false}",,
1218066,Anis Hadj Moussa,14053815,rating-breakdown,passes,passes,,,,Feyenoord,90.0,,69.1,17.1,69.7,17.6,,,,unresolvable,,,,False,False,pass,rating-breakdown,True,69.1,17.1,69.7,17.6,pass,True,False,"{""playerCoordinates"": {""x"": 69.1, ""y"": 17.1}, ""passEndCoordinates"": {""x"": 69.7, ""y"": 17.6}, ""eventActionType"": ""pass"", ""isHome"": true, ""keypass"": false}",,
1218066,Anis Hadj Moussa,14053815,rating-breakdown,passes,passes,,,,Feyenoord,90.0,,73.7,19.5,62.8,24.9,True,True,1,boolean_field,success,True,,False,False,pass,rating-breakdown,True,73.7,19.5,62.8,24.9,pass,True,False,"{""playerCoordinates"": {""x"": 73.7, ""y"": 19.5}, ""passEndCoordinates"": {""x"": 62.8, ""y"": 24.9}, ""eventActionType"": ""pass"", ""isHome"": true, ""outcome"": true, ""keypass"": false}",,
1218066,Anis Hadj Moussa,14053815,rating-breakdown,passes,passes,,,,Feyenoord,90.0,,75.8,17.6,90.5,52.4,,,,unresolvable,,,,False,False,pass,rating-breakdown,True,75.8,17.6,90.5,52.4,cross,True,False,"{""playerCoordinates"": {""x"": 75.8, ""y"": 17.6}, ""passEndCoordinates"": {""x"": 90.5, ""y"": 52.4}, ""eventActionType"": ""cross"", ""isHome"": true, ""keypass"": false}",,
1218066,Anis Hadj Moussa,14053815,rating-breakdown,passes,passes,,,,Feyenoord,90.0,,66,7.4,49.1,15.5,True,True,1,boolean_field,success,True,,False,False,pass,rating-breakdown,True,66,7.4,49.1,15.5,pass,True,False,"{""playerCoordinates"": {""x"": 66, ""y"": 7.4}, ""passEndCoordinates"": {""x"": 49.1, ""y"": 15.5}, ""eventActionType"": ""pass"", ""isHome"": true, ""outcome"": true, ""keypass"": false}",,
1218066,Anis Hadj Moussa,14053815,rating-breakdown,passes,passes,,,,Feyenoord,90.0,,49.5,8.6,41.7,27.7,True,True,1,boolean_field,success,True,,False,False,pass,rating-breakdown,True,49.5,8.6,41.7,27.7,pass,True,False,"{""playerCoordinates"": {""x"": 49.5, ""y"": 8.6}, ""passEndCoordinates"": {""x"": 41.7, ""y"": 27.7}, ""eventActionType"": ""pass"", ""isHome"": true, ""outcome"": true, ""keypass"": false}",,
1218066,Anis Hadj Moussa,14053815,rating-breakdown,passes,passes,,,,Feyenoord,90.0,,51.1,11,45.8,25.8,True,True,1,boolean_field,success,True,,False,False,pass,rating-breakdown,True,51.1,11,45.8,25.8,pass,True,False,"{""playerCoordinates"": {""x"": 51.1, ""y"": 11}, ""passEndCoordinates"": {""x"": 45.8, ""y"": 25.8}, ""eventActionType"": ""pass"", ""isHome"": true, ""outcome"": true, ""keypass"": false}",,
1218066,Anis Hadj Moussa,14053815,rating-breakdown,passes,passes,,,,Feyenoord,90.0,,62.8,22.4,51.4,27.1,True,True,1,boolean_field,success,True,,False,False,pass,rating-breakdown,True,62.8,22.4,51.4,27.1,pass,True,False,"{""playerCoordinates"": {""x"": 62.8, ""y"": 22.4}, ""passEndCoordinates"": {""x"": 51.4, ""y"": 27.1}, ""eventActionType"": ""pass"", ""isHome"": true, ""outcome"": true, ""keypass"": false}",,
1218066,Anis Hadj Moussa,14053815,rating-breakdown,passes,passes,,,,Feyenoord,90.0,,98.6,30.6,89.1,36.9,,,,unresolvable,,,,False,False,pass,rating-breakdown,True,98.6,30.6,89.1,36.9,pass,True,False,"{""playerCoordinates"": {""x"": 98.6, ""y"": 30.6}, ""passEndCoordinates"": {""x"": 89.1, ""y"": 36.9}, ""eventActionType"": ""pass"", ""isHome"": true, ""keypass"": false}",,
1218066,Anis Hadj Moussa,14053815,rating-breakdown,passes,passes,,,,Feyenoord,90.0,,90.2,33,90.2,35.4,,,,unresolvable,,,,False,False,pass,rating-breakdown,True,90.2,33,90.2,35.4,pass,True,False,"{""playerCoordinates"": {""x"": 90.2, ""y"": 33}, ""passEndCoordinates"": {""x"": 90.2, ""y"": 35.4}, ""eventActionType"": ""pass"", ""isHome"": true, ""keypass"": false}",,
1218066,Anis Hadj Moussa,14053815,rating-breakdown,ball-carries,ball-carries,,,,Feyenoord,90.0,,85.5,7.9,79.7,40.4,,,,unresolvable,,,,False,False,,rating-breakdown,True,85.5,7.9,79.7,40.4,ball-carry,True,,"{""playerCoordinates"": {""x"": 85.5, ""y"": 7.9}, ""passEndCoordinates"": {""x"": 79.7, ""y"": 40.4}, ""eventActionType"": ""ball-carry"", ""isHome"": true}",,
1218066,Anis Hadj Moussa,14053815,rating-breakdown,ball-carries,ball-carries,,,,Feyenoord,90.0,,64.7,39.8,63.6,23,,,,unresolvable,,,,False,False,,rating-breakdown,True,64.7,39.8,63.6,23,ball-carry,True,,"{""playerCoordinates"": {""x"": 64.7, ""y"": 39.8}, ""passEndCoordinates"": {""x"": 63.6, ""y"": 23}, ""eventActionType"": ""ball-carry"", ""isHome"": true}",,
1218066,Anis Hadj Moussa,14053815,rating-breakdown,ball-carries,ball-carries,,,,Feyenoord,90.0,,60.6,13.1,56.8,14.3,,,,unresolvable,,,,False,False,,rating-breakdown,True,60.6,13.1,56.8,14.3,ball-carry,True,,"{""playerCoordinates"": {""x"": 60.6, ""y"": 13.1}, ""passEndCoordinates"": {""x"": 56.8, ""y"": 14.3}, ""eventActionType"": ""ball-carry"", ""isHome"": true}",,
1218066,Anis Hadj Moussa,14053815,rating-breakdown,ball-carries,ball-carries,,,,Feyenoord,90.0,,69.2,4.9,76.1,24.1,,,,unresolvable,,,,False,False,,rating-breakdown,True,69.2,4.9,76.1,24.1,ball-carry,True,,"{""playerCoordinates"": {""x"": 69.2, ""y"": 4.9}, ""passEndCoordinates"": {""x"": 76.1, ""y"": 24.1}, ""eventActionType"": ""ball-carry"", ""isHome"": true}",,
1218066,Anis Hadj Moussa,14053815,rating-breakdown,ball-carries,ball-carries,,,,Feyenoord,90.0,,76.9,2.5,80.9,15.5,,,,unresolvable,,,,False,False,,rating-breakdown,True,76.9,2.5,80.9,15.5,ball-carry,True,,"{""playerCoordinates"": {""x"": 76.9, ""y"": 2.5}, ""passEndCoordinates"": {""x"": 80.9, ""y"": 15.5}, ""eventActionType"": ""ball-carry"", ""isHome"": true}",,
1218066,Anis Hadj Moussa,14053815,rating-breakdown,ball-carries,ball-carries,,,,Feyenoord,90.0,,81.8,4.4,79.3,11,,,,unresolvable,,,,False,False,,rating-breakdown,True,81.8,4.4,79.3,11,ball-carry,True,,"{""playerCoordinates"": {""x"": 81.8, ""y"": 4.4}, ""passEndCoordinates"": {""x"": 79.3, ""y"": 11}, ""eventActionType"": ""ball-carry"", ""isHome"": true}",,
1218066,Anis Hadj Moussa,14053815,rating-breakdown,ball-carries,ball-carries,,,,Feyenoord,90.0,,75.5,5.5,74,13.7,,,,unresolvable,,,,False,False,,rating-breakdown,True,75.5,5.5,74,13.7,ball-carry,True,,"{""playerCoordinates"": {""x"": 75.5, ""y"": 5.5}, ""passEndCoordinates"": {""x"": 74, ""y"": 13.7}, ""eventActionType"": ""ball-carry"", ""isHome"": true}",,
1218066,Anis Hadj Moussa,14053815,rating-breakdown,ball-carries,ball-carries,,,,Feyenoord,90.0,,75.9,4.3,75.8,18.8,,,,unresolvable,,,,False,False,,rating-breakdown,True,75.9,4.3,75.8,18.8,ball-carry,True,,"{""playerCoordinates"": {""x"": 75.9, ""y"": 4.3}, ""passEndCoordinates"": {""x"": 75.8, ""y"": 18.8}, ""eventActionType"": ""ball-carry"", ""isHome"": true}",,
1218066,Anis Hadj Moussa,14053815,rating-breakdown,ball-carries,ball-carries,,,,Feyenoord,90.0,,83.5,6.4,76.9,20.9,,,,unresolvable,,,,False,False,,rating-breakdown,True,83.5,6.4,76.9,20.9,ball-carry,True,,"{""playerCoordinates"": {""x"": 83.5, ""y"": 6.4}, ""passEndCoordinates"": {""x"": 76.9, ""y"": 20.9}, ""eventActionType"": ""ball-carry"", ""isHome"": true}",,
1218066,Anis Hadj Moussa,14053815,rating-breakdown,ball-carries,ball-carries,,,,Feyenoord,90.0,,44,8.6,71.9,19.8,,,,unresolvable,,,,False,False,,rating-breakdown,True,44,8.6,71.9,19.8,ball-carry,True,,"{""playerCoordinates"": {""x"": 44, ""y"": 8.6}, ""passEndCoordinates"": {""x"": 71.9, ""y"": 19.8}, ""eventActionType"": ""ball-carry"", ""isHome"": true}",,
1218066,Anis Hadj Moussa,14053815,rating-breakdown,ball-carries,ball-carries,,,,Feyenoord,90.0,,88.2,14.7,90.2,21.8,,,,unresolvable,,,,False,False,,rating-breakdown,True,88.2,14.7,90.2,21.8,ball-carry,True,,"{""playerCoordinates"": {""x"": 88.2, ""y"": 14.7}, ""passEndCoordinates"": {""x"": 90.2, ""y"": 21.8}, ""eventActionType"": ""ball-carry"", ""isHome"": true}",,
1218066,Anis Hadj Moussa,14053815,rating-breakdown,ball-carries,ball-carries,,,,Feyenoord,90.0,,85.3,26.2,90.5,24,,,,unresolvable,,,,False,False,,rating-breakdown,True,85.3,26.2,90.5,24,ball-carry,True,,"{""playerCoordinates"": {""x"": 85.3, ""y"": 26.2}, ""passEndCoordinates"": {""x"": 90.5, ""y"": 24}, ""eventActionType"": ""ball-carry"", ""isHome"": true}",,
1218066,Anis Hadj Moussa,14053815,rating-breakdown,ball-carries,ball-carries,,,,Feyenoord,90.0,,74,3.7,80.8,10.4,,,,unresolvable,,,,False,False,,rating-breakdown,True,74,3.7,80.8,10.4,ball-carry,True,,"{""playerCoordinates"": {""x"": 74, ""y"": 3.7}, ""passEndCoordinates"": {""x"": 80.8, ""y"": 10.4}, ""eventActionType"": ""ball-carry"", ""isHome"": true}",,
1218066,Anis Hadj Moussa,14053815,rating-breakdown,ball-carries,ball-carries,,,,Feyenoord,90.0,,88,4.9,83.6,21.6,,,,unresolvable,,,,False,False,,rating-breakdown,True,88,4.9,83.6,21.6,ball-carry,True,,"{""playerCoordinates"": {""x"": 88, ""y"": 4.9}, ""passEndCoordinates"": {""x"": 83.6, ""y"": 21.6}, ""eventActionType"": ""ball-carry"", ""isHome"": true}",,
1218066,Anis Hadj Moussa,14053815,rating-breakdown,ball-carries,ball-carries,,,,Feyenoord,90.0,,85.1,18.3,84.3,28,,,,unresolvable,,,,False,False,,rating-breakdown,True,85.1,18.3,84.3,28,ball-carry,True,,"{""playerCoordinates"": {""x"": 85.1, ""y"": 18.3}, ""passEndCoordinates"": {""x"": 84.3, ""y"": 28}, ""eventActionType"": ""ball-carry"", ""isHome"": true}",,
1218066,Anis Hadj Moussa,14053815,rating-breakdown,ball-carries,ball-carries,,,,Feyenoord,90.0,,82.4,6.2,82.6,19.7,,,,unresolvable,,,,False,False,,rating-breakdown,True,82.4,6.2,82.6,19.7,ball-carry,True,,"{""playerCoordinates"": {""x"": 82.4, ""y"": 6.2}, ""passEndCoordinates"": {""x"": 82.6, ""y"": 19.7}, ""eventActionType"": ""ball-carry"", ""isHome"": true}",,
1218066,Anis Hadj Moussa,14053815,rating-breakdown,ball-carries,ball-carries,,,,Feyenoord,90.0,,53,6.7,51.1,11,,,,unresolvable,,,,False,False,,rating-breakdown,True,53,6.7,51.1,11,ball-carry,True,,"{""playerCoordinates"": {""x"": 53, ""y"": 6.7}, ""passEndCoordinates"": {""x"": 51.1, ""y"": 11}, ""eventActionType"": ""ball-carry"", ""isHome"": true}",,
1218066,Anis Hadj Moussa,14053815,rating-breakdown,ball-carries,ball-carries,,,,Feyenoord,90.0,,62.7,16.4,62.8,22.4,,,,unresolvable,,,,False,False,,rating-breakdown,True,62.7,16.4,62.8,22.4,ball-carry,True,,"{""playerCoordinates"": {""x"": 62.7, ""y"": 16.4}, ""passEndCoordinates"": {""x"": 62.8, ""y"": 22.4}, ""eventActionType"": ""ball-carry"", ""isHome"": true}",,
1218066,Anis Hadj Moussa,14053815,rating-breakdown,ball-carries,ball-carries,,,,Feyenoord,90.0,,61,23.6,92.6,9.8,,,,unresolvable,,,,False,False,,rating-breakdown,True,61,23.6,92.6,9.8,ball-carry,True,,"{""playerCoordinates"": {""x"": 61, ""y"": 23.6}, ""passEndCoordinates"": {""x"": 92.6, ""y"": 9.8}, ""eventActionType"": ""ball-carry"", ""isHome"": true}",,
1218066,Anis Hadj Moussa,14053815,rating-breakdown,ball-carries,ball-carries,,,,Feyenoord,90.0,,63.1,10,79.7,15.6,,,,unresolvable,,,,False,False,,rating-breakdown,True,63.1,10,79.7,15.6,ball-carry,True,,"{""playerCoordinates"": {""x"": 63.1, ""y"": 10}, ""passEndCoordinates"": {""x"": 79.7, ""y"": 15.6}, ""eventActionType"": ""ball-carry"", ""isHome"": true}",,
1218066,Anis Hadj Moussa,14053815,rating-breakdown,dribbles,dribbles,,,,Feyenoord,90.0,,85.8,32.1,,,,,,unresolvable,,,,False,False,,rating-breakdown,True,85.8,32.1,,,dribble,True,False,"{""playerCoordinates"": {""x"": 85.8, ""y"": 32.1}, ""eventActionType"": ""dribble"", ""isHome"": true, ""keypass"": false}",,
1218066,Anis Hadj Moussa,14053815,rating-breakdown,dribbles,dribbles,,,,Feyenoord,90.0,,78.7,33.8,,,,,,unresolvable,,,,False,False,,rating-breakdown,True,78.7,33.8,,,dribble,True,False,"{""playerCoordinates"": {""x"": 78.7, ""y"": 33.8}, ""eventActionType"": ""dribble"", ""isHome"": true, ""keypass"": false}",,
1218066,Anis Hadj Moussa,14053815,rating-breakdown,dribbles,dribbles,,,,Feyenoord,90.0,,66.8,3.2,,,True,True,1,boolean_field,success,,True,False,False,,rating-breakdown,True,66.8,3.2,,,dribble,True,False,"{""playerCoordinates"": {""x"": 66.8, ""y"": 3.2}, ""eventActionType"": ""dribble"", ""isHome"": true, ""outcome"": true, ""keypass"": false}",,
1218066,Anis Hadj Moussa,14053815,rating-breakdown,dribbles,dribbles,,,,Feyenoord,90.0,,57.6,17.3,,,True,True,1,boolean_field,success,,True,False,False,,rating-breakdown,True,57.6,17.3,,,dribble,True,False,"{""playerCoordinates"": {""x"": 57.6, ""y"": 17.3}, ""eventActionType"": ""dribble"", ""isHome"": true, ""outcome"": true, ""keypass"": false}",,
1218066,Anis Hadj Moussa,14053815,rating-breakdown,dribbles,dribbles,,,,Feyenoord,90.0,,83.9,17.3,,,True,True,1,boolean_field,success,,True,False,False,,rating-breakdown,True,83.9,17.3,,,dribble,True,False,"{""playerCoordinates"": {""x"": 83.9, ""y"": 17.3}, ""eventActionType"": ""dribble"", ""isHome"": true, ""outcome"": true, ""keypass"": false}",,
1218066,Anis Hadj Moussa,14053815,rating-breakdown,dribbles,dribbles,,,,Feyenoord,90.0,,83.9,17.3,,,,,,unresolvable,,,,False,False,,rating-breakdown,True,83.9,17.3,,,dribble,True,False,"{""playerCoordinates"": {""x"": 83.9, ""y"": 17.3}, ""eventActionType"": ""dribble"", ""isHome"": true, ""keypass"": false}",,
1218066,Anis Hadj Moussa,14053815,rating-breakdown,dribbles,dribbles,,,,Feyenoord,90.0,,82.8,20.3,,,True,True,1,boolean_field,success,,True,False,False,,rating-breakdown,True,82.8,20.3,,,dribble,True,False,"{""playerCoordinates"": {""x"": 82.8, ""y"": 20.3}, ""eventActionType"": ""dribble"", ""isHome"": true, ""outcome"": true, ""keypass"": false}",,
1218066,Anis Hadj Moussa,14053815,rating-breakdown,dribbles,dribbles,,,,Feyenoord,90.0,,92.8,10.5,,,True,True,1,boolean_field,success,,True,False,False,,rating-breakdown,True,92.8,10.5,,,dribble,True,False,"{""playerCoordinates"": {""x"": 92.8, ""y"": 10.5}, ""eventActionType"": ""dribble"", ""isHome"": true, ""outcome"": true, ""keypass"": false}",,
1218066,Anis Hadj Moussa,14053815,rating-breakdown,dribbles,dribbles,,,,Feyenoord,90.0,,80.2,15.9,,,,,,unresolvable,,,,False,False,,rating-breakdown,True,80.2,15.9,,,dribble,True,False,"{""playerCoordinates"": {""x"": 80.2, ""y"": 15.9}, ""eventActionType"": ""dribble"", ""isHome"": true, ""keypass"": false}",,
1218066,Anis Hadj Moussa,14053815,rating-breakdown,dribbles,dribbles,,,,Feyenoord,90.0,,91.7,26.5,,,True,True,1,boolean_field,success,,True,False,False,,rating-breakdown,True,91.7,26.5,,,dribble,True,False,"{""playerCoordinates"": {""x"": 91.7, ""y"": 26.5}, ""eventActionType"": ""dribble"", ""isHome"": true, ""outcome"": true, ""keypass"": false}",,
1218066,Anis Hadj Moussa,14053815,rating-breakdown,defensive,defensive,,,,Feyenoord,90.0,,19.4,7.9,,,True,True,1,boolean_field,success,,True,False,False,,rating-breakdown,True,19.4,7.9,,,ball-recovery,True,False,"{""playerCoordinates"": {""x"": 19.4, ""y"": 7.9}, ""eventActionType"": ""ball-recovery"", ""isHome"": true, ""outcome"": true, ""keypass"": false}",,
1218066,Anis Hadj Moussa,14053815,rating-breakdown,defensive,defensive,,,,Feyenoord,90.0,,64.1,2.8,,,True,True,1,boolean_field,success,,True,False,False,,rating-breakdown,True,64.1,2.8,,,ball-recovery,True,False,"{""playerCoordinates"": {""x"": 64.1, ""y"": 2.8}, ""eventActionType"": ""ball-recovery"", ""isHome"": true, ""outcome"": true, ""keypass"": false}",,
1218066,Anis Hadj Moussa,14053815,rating-breakdown,defensive,defensive,,,,Feyenoord,90.0,,44,8.6,,,True,True,1,boolean_field,success,,True,False,False,,rating-breakdown,True,44,8.6,,,ball-recovery,True,False,"{""playerCoordinates"": {""x"": 44, ""y"": 8.6}, ""eventActionType"": ""ball-recovery"", ""isHome"": true, ""outcome"": true, ""keypass"": false}",,
1218066,Anis Hadj Moussa,14053815,rating-breakdown,defensive,defensive,,,,Feyenoord,90.0,,65.5,12,,,True,True,1,boolean_field,success,,True,False,False,,rating-breakdown,True,65.5,12,,,ball-recovery,True,False,"{""playerCoordinates"": {""x"": 65.5, ""y"": 12}, ""eventActionType"": ""ball-recovery"", ""isHome"": true, ""outcome"": true, ""keypass"": false}",,
1218066,Anis Hadj Moussa,14053815,rating-breakdown,defensive,defensive,,,,Feyenoord,90.0,,60.1,17.9,,,True,True,1,boolean_field,success,,True,False,False,,rating-breakdown,True,60.1,17.9,,,ball-recovery,True,False,"{""playerCoordinates"": {""x"": 60.1, ""y"": 17.9}, ""eventActionType"": ""ball-recovery"", ""isHome"": true, ""outcome"": true, ""keypass"": false}",,
1218066,Anis Hadj Moussa,14053815,rating-breakdown,defensive,defensive,,,,Feyenoord,90.0,,16.5,20.3,35.6,18,True,True,1,boolean_field,success,,True,False,False,,rating-breakdown,True,16.5,20.3,35.6,18,clearance,True,False,"{""playerCoordinates"": {""x"": 16.5, ""y"": 20.3}, ""passEndCoordinates"": {""x"": 35.6, ""y"": 18}, ""eventActionType"": ""clearance"", ""isHome"": true, ""outcome"": true, ""keypass"": false}",,
1218066,Anis Hadj Moussa,14053815,rating-breakdown,defensive,defensive,,,,Feyenoord,90.0,,27.1,9.6,,,,,,unresolvable,,,,False,False,,rating-breakdown,True,27.1,9.6,,,tackle,True,False,"{""playerCoordinates"": {""x"": 27.1, ""y"": 9.6}, ""eventActionType"": ""tackle"", ""isHome"": true, ""keypass"": false}",,
1218066,Anis Hadj Moussa,14053815,rating-breakdown,defensive,defensive,,,,Feyenoord,90.0,,83.6,21.6,,,True,True,1,boolean_field,success,,True,False,False,,rating-breakdown,True,83.6,21.6,,,ball-recovery,True,False,"{""playerCoordinates"": {""x"": 83.6, ""y"": 21.6}, ""eventActionType"": ""ball-recovery"", ""isHome"": true, ""outcome"": true, ""keypass"": false}",,
1218066,Anis Hadj Moussa,14053815,rating-breakdown,defensive,defensive,,,,Feyenoord,90.0,,48.9,20.7,,,True,True,1,boolean_field,success,,True,False,False,,rating-breakdown,True,48.9,20.7,,,interception,True,False,"{""playerCoordinates"": {""x"": 48.9, ""y"": 20.7}, ""eventActionType"": ""interception"", ""isHome"": true, ""outcome"": true, ""keypass"": false}",,
1218066,Anis Hadj Moussa,14053832,rating-breakdown,passes,passes,,,,Feyenoord,45.0,,47,2.7,55.7,4.7,True,True,1,boolean_field,success,True,,False,False,pass,rating-breakdown,True,47,2.7,55.7,4.7,pass,False,False,"{""playerCoordinates"": {""x"": 47, ""y"": 2.7}, ""passEndCoordinates"": {""x"": 55.7, ""y"": 4.7}, ""eventActionType"": ""pass"", ""isHome"": false, ""outcome"": true, ""keypass"": false}",,
1218066,Anis Hadj Moussa,14053832,rating-breakdown,passes,passes,,,,Feyenoord,45.0,,62.1,10.6,75.2,2.1,,,,unresolvable,,,,False,False,pass,rating-breakdown,True,62.1,10.6,75.2,2.1,pass,False,False,"{""playerCoordinates"": {""x"": 62.1, ""y"": 10.6}, ""passEndCoordinates"": {""x"": 75.2, ""y"": 2.1}, ""eventActionType"": ""pass"", ""isHome"": false, ""keypass"": false}",,
1218066,Anis Hadj Moussa,14053832,rating-breakdown,passes,passes,,,,Feyenoord,45.0,,78.1,24.6,87.9,23.1,True,True,1,boolean_field,success,True,,False,False,pass,rating-breakdown,True,78.1,24.6,87.9,23.1,pass,False,False,"{""playerCoordinates"": {""x"": 78.1, ""y"": 24.6}, ""passEndCoordinates"": {""x"": 87.9, ""y"": 23.1}, ""eventActionType"": ""pass"", ""isHome"": false, ""outcome"": true, ""keypass"": false}",,
1218066,Anis Hadj Moussa,14053832,rating-breakdown,passes,passes,,,,Feyenoord,45.0,,65.1,2.4,91.3,65.5,,,,unresolvable,,,,False,False,pass,rating-breakdown,True,65.1,2.4,91.3,65.5,pass,False,False,"{""playerCoordinates"": {""x"": 65.1, ""y"": 2.4}, ""passEndCoordinates"": {""x"": 91.3, ""y"": 65.5}, ""eventActionType"": ""pass"", ""isHome"": false, ""keypass"": false, ""isLongBall"": true}",True,
1218066,Anis Hadj Moussa,14053832,rating-breakdown,passes,passes,,,,Feyenoord,45.0,,29.6,2.7,19.3,13.3,True,True,1,boolean_field,success,True,,False,False,pass,rating-breakdown,True,29.6,2.7,19.3,13.3,pass,False,False,"{""playerCoordinates"": {""x"": 29.6, ""y"": 2.7}, ""passEndCoordinates"": {""x"": 19.3, ""y"": 13.3}, ""eventActionType"": ""pass"", ""isHome"": false, ""outcome"": true, ""keypass"": false}",,
1218066,Anis Hadj Moussa,14053832,rating-breakdown,passes,passes,,,,Feyenoord,45.0,,25.5,12.6,15,32.7,,,,unresolvable,,,,False,False,pass,rating-breakdown,True,25.5,12.6,15,32.7,pass,False,False,"{""playerCoordinates"": {""x"": 25.5, ""y"": 12.6}, ""passEndCoordinates"": {""x"": 15, ""y"": 32.7}, ""eventActionType"": ""pass"", ""isHome"": false, ""keypass"": false}",,
1218066,Anis Hadj Moussa,14053832,rating-breakdown,passes,passes,,,,Feyenoord,45.0,,87,5.7,77.5,6.1,True,True,1,boolean_field,success,True,,False,False,pass,rating-breakdown,True,87,5.7,77.5,6.1,pass,False,False,"{""playerCoordinates"": {""x"": 87, ""y"": 5.7}, ""passEndCoordinates"": {""x"": 77.5, ""y"": 6.1}, ""eventActionType"": ""pass"", ""isHome"": false, ""outcome"": true, ""keypass"": false}",,
1218066,Anis Hadj Moussa,14053832,rating-breakdown,passes,passes,,,,Feyenoord,45.0,,85.3,1.6,94,23.4,True,True,1,boolean_field,success,True,,False,False,pass,rating-breakdown,True,85.3,1.6,94,23.4,pass,False,False,"{""playerCoordinates"": {""x"": 85.3, ""y"": 1.6}, ""passEndCoordinates"": {""x"": 94, ""y"": 23.4}, ""eventActionType"": ""pass"", ""isHome"": false, ""outcome"": true, ""keypass"": false}",,
1218066,Anis Hadj Moussa,14053832,rating-breakdown,passes,passes,,,,Feyenoord,45.0,,70.9,2.5,70.3,19.3,True,True,1,boolean_field,success,True,,False,False,pass,rating-breakdown,True,70.9,2.5,70.3,19.3,pass,False,False,"{""playerCoordinates"": {""x"": 70.9, ""y"": 2.5}, ""passEndCoordinates"": {""x"": 70.3, ""y"": 19.3}, ""eventActionType"": ""pass"", ""isHome"": false, ""outcome"": true, ""keypass"": false}",,
1218066,Anis Hadj Moussa,14053832,rating-breakdown,passes,passes,,,,Feyenoord,45.0,,61.4,40.5,55.4,66.6,True,True,1,boolean_field,success,True,,False,False,pass,rating-breakdown,True,61.4,40.5,55.4,66.6,pass,False,False,"{""playerCoordinates"": {""x"": 61.4, ""y"": 40.5}, ""passEndCoordinates"": {""x"": 55.4, ""y"": 66.6}, ""eventActionType"": ""pass"", ""isHome"": false, ""outcome"": true, ""keypass"": false}",,
1218066,Anis Hadj Moussa,14053832,rating-breakdown,passes,passes,,,,Feyenoord,45.0,,99.5,0.5,94.4,47.1,,,,unresolvable,,,,False,False,pass,rating-breakdown,True,99.5,0.5,94.4,47.1,cross,False,False,"{""playerCoordinates"": {""x"": 99.5, ""y"": 0.5}, ""passEndCoordinates"": {""x"": 94.4, ""y"": 47.1}, ""eventActionType"": ""cross"", ""isHome"": false, ""keypass"": false, ""isLongBall"": true}",True,
1218066,Anis Hadj Moussa,14053832,rating-breakdown,passes,passes,,,,Feyenoord,45.0,,38.3,31.9,71.2,50.7,True,True,1,boolean_field,success,True,,False,False,pass,rating-breakdown,True,38.3,31.9,71.2,50.7,pass,False,False,"{""playerCoordinates"": {""x"": 38.3, ""y"": 31.9}, ""passEndCoordinates"": {""x"": 71.2, ""y"": 50.7}, ""eventActionType"": ""pass"", ""isHome"": false, ""outcome"": true, ""keypass"": false, ""isLongBall"": true}",True,
1218066,Anis Hadj Moussa,14053832,rating-breakdown,passes,passes,,,,Feyenoord,45.0,,71.8,15.4,76.5,3.1,True,True,1,boolean_field,success,True,,False,False,pass,rating-breakdown,True,71.8,15.4,76.5,3.1,pass,False,False,"{""playerCoordinates"": {""x"": 71.8, ""y"": 15.4}, ""passEndCoordinates"": {""x"": 76.5, ""y"": 3.1}, ""eventActionType"": ""pass"", ""isHome"": false, ""outcome"": true, ""keypass"": false}",,
1218066,Anis Hadj Moussa,14053832,rating-breakdown,passes,passes,,,,Feyenoord,45.0,,70.2,35.8,67.4,21.9,True,True,1,boolean_field,success,True,,False,False,pass,rating-breakdown,True,70.2,35.8,67.4,21.9,pass,False,False,"{""playerCoordinates"": {""x"": 70.2, ""y"": 35.8}, ""passEndCoordinates"": {""x"": 67.4, ""y"": 21.9}, ""eventActionType"": ""pass"", ""isHome"": false, ""outcome"": true, ""keypass"": false}",,
1218066,Anis Hadj Moussa,14053832,rating-breakdown,passes,passes,,,,Feyenoord,45.0,,75.1,76.3,72.3,91.2,True,True,1,boolean_field,success,True,,False,False,pass,rating-breakdown,True,75.1,76.3,72.3,91.2,pass,False,False,"{""playerCoordinates"": {""x"": 75.1, ""y"": 76.3}, ""passEndCoordinates"": {""x"": 72.3, ""y"": 91.2}, ""eventActionType"": ""pass"", ""isHome"": false, ""outcome"": true, ""keypass"": false}",,
1218066,Anis Hadj Moussa,14053832,rating-breakdown,passes,passes,,,,Feyenoord,45.0,,61.3,40.9,55.2,26.8,True,True,1,boolean_field,success,True,,False,False,pass,rating-breakdown,True,61.3,40.9,55.2,26.8,pass,False,False,"{""playerCoordinates"": {""x"": 61.3, ""y"": 40.9}, ""passEndCoordinates"": {""x"": 55.2, ""y"": 26.8}, ""eventActionType"": ""pass"", ""isHome"": false, ""outcome"": true, ""keypass"": false}",,
1218066,Anis Hadj Moussa,14053832,rating-breakdown,passes,passes,,,,Feyenoord,45.0,,79.3,35.6,77.6,43.4,True,True,1,boolean_field,success,True,,False,True,key_pass,rating-breakdown,True,79.3,35.6,77.6,43.4,pass,False,True,"{""playerCoordinates"": {""x"": 79.3, ""y"": 35.6}, ""passEndCoordinates"": {""x"": 77.6, ""y"": 43.4}, ""eventActionType"": ""pass"", ""isHome"": false, ""outcome"": true, ""keypass"": true}",,
1218066,Anis Hadj Moussa,14053832,rating-breakdown,ball-carries,ball-carries,,,,Feyenoord,45.0,,44.6,12.1,47,2.7,,,,unresolvable,,,,False,False,,rating-breakdown,True,44.6,12.1,47,2.7,ball-carry,False,,"{""playerCoordinates"": {""x"": 44.6, ""y"": 12.1}, ""passEndCoordinates"": {""x"": 47, ""y"": 2.7}, ""eventActionType"": ""ball-carry"", ""isHome"": false}",,
1218066,Anis Hadj Moussa,14053832,rating-breakdown,ball-carries,ball-carries,,,,Feyenoord,45.0,,55.7,19.3,59.7,20.6,,,,unresolvable,,,,False,False,,rating-breakdown,True,55.7,19.3,59.7,20.6,ball-carry,False,,"{""playerCoordinates"": {""x"": 55.7, ""y"": 19.3}, ""passEndCoordinates"": {""x"": 59.7, ""y"": 20.6}, ""eventActionType"": ""ball-carry"", ""isHome"": false}",,
1218066,Anis Hadj Moussa,14053832,rating-breakdown,ball-carries,ball-carries,,,,Feyenoord,45.0,,60.2,17.5,62.1,10.6,,,,unresolvable,,,,False,False,,rating-breakdown,True,60.2,17.5,62.1,10.6,ball-carry,False,,"{""playerCoordinates"": {""x"": 60.2, ""y"": 17.5}, ""passEndCoordinates"": {""x"": 62.1, ""y"": 10.6}, ""eventActionType"": ""ball-carry"", ""isHome"": false}",,
1218066,Anis Hadj Moussa,14053832,rating-breakdown,ball-carries,ball-carries,,,,Feyenoord,45.0,,73.4,5.7,78.1,24.6,,,,unresolvable,,,,False,False,,rating-breakdown,True,73.4,5.7,78.1,24.6,ball-carry,False,,"{""playerCoordinates"": {""x"": 73.4, ""y"": 5.7}, ""passEndCoordinates"": {""x"": 78.1, ""y"": 24.6}, ""eventActionType"": ""ball-carry"", ""isHome"": false}",,
1218066,Anis Hadj Moussa,14053832,rating-breakdown,ball-carries,ball-carries,,,,Feyenoord,45.0,,65.9,18.9,61.4,40.5,,,,unresolvable,,,,False,False,,rating-breakdown,True,65.9,18.9,61.4,40.5,ball-carry,False,,"{""playerCoordinates"": {""x"": 65.9, ""y"": 18.9}, ""passEndCoordinates"": {""x"": 61.4, ""y"": 40.5}, ""eventActionType"": ""ball-carry"", ""isHome"": false}",,
1218066,Anis Hadj Moussa,14053832,rating-breakdown,ball-carries,ball-carries,,,,Feyenoord,45.0,,58.8,3.1,71.8,15.4,,,,unresolvable,,,,False,False,,rating-breakdown,True,58.8,3.1,71.8,15.4,ball-carry,False,,"{""playerCoordinates"": {""x"": 58.8, ""y"": 3.1}, ""passEndCoordinates"": {""x"": 71.8, ""y"": 15.4}, ""eventActionType"": ""ball-carry"", ""isHome"": false}",,
1218066,Anis Hadj Moussa,14053832,rating-breakdown,ball-carries,ball-carries,,,,Feyenoord,45.0,,71.1,22,73.4,33.1,,,,unresolvable,,,,False,False,,rating-breakdown,True,71.1,22,73.4,33.1,ball-carry,False,,"{""playerCoordinates"": {""x"": 71.1, ""y"": 22}, ""passEndCoordinates"": {""x"": 73.4, ""y"": 33.1}, ""eventActionType"": ""ball-carry"", ""isHome"": false}",,
1218066,Anis Hadj Moussa,14053832,rating-breakdown,ball-carries,ball-carries,,,,Feyenoord,45.0,,60.8,45.3,55.7,19.3,,,,unresolvable,,,,False,False,,rating-breakdown,True,60.8,45.3,55.7,19.3,ball-carry,False,,"{""playerCoordinates"": {""x"": 60.8, ""y"": 45.3}, ""passEndCoordinates"": {""x"": 55.7, ""y"": 19.3}, ""eventActionType"": ""ball-carry"", ""isHome"": false}",,
1218066,Anis Hadj Moussa,14053832,rating-breakdown,ball-carries,ball-carries,,,,Feyenoord,45.0,,80.8,18.4,83.4,26.2,,,,unresolvable,,,,False,False,,rating-breakdown,True,80.8,18.4,83.4,26.2,ball-carry,False,,"{""playerCoordinates"": {""x"": 80.8, ""y"": 18.4}, ""passEndCoordinates"": {""x"": 83.4, ""y"": 26.2}, ""eventActionType"": ""ball-carry"", ""isHome"": false}",,
1218066,Anis Hadj Moussa,14053832,rating-breakdown,dribbles,dribbles,,,,Feyenoord,45.0,,59.7,20.6,,,,,,unresolvable,,,,False,False,,rating-breakdown,True,59.7,20.6,,,dribble,False,False,"{""playerCoordinates"": {""x"": 59.7, ""y"": 20.6}, ""eventActionType"": ""dribble"", ""isHome"": false, ""keypass"": false}",,
1218066,Anis Hadj Moussa,14053832,rating-breakdown,dribbles,dribbles,,,,Feyenoord,45.0,,31.6,8.2,,,,,,unresolvable,,,,False,False,,rating-breakdown,True,31.6,8.2,,,dribble,False,False,"{""playerCoordinates"": {""x"": 31.6, ""y"": 8.2}, ""eventActionType"": ""dribble"", ""isHome"": false, ""keypass"": false}",,
1218066,Anis Hadj Moussa,14053832,rating-breakdown,dribbles,dribbles,,,,Feyenoord,45.0,,73.5,32.2,,,True,True,1,boolean_field,success,,True,False,False,,rating-breakdown,True,73.5,32.2,,,dribble,False,False,"{""playerCoordinates"": {""x"": 73.5, ""y"": 32.2}, ""eventActionType"": ""dribble"", ""isHome"": false, ""outcome"": true, ""keypass"": false}",,
1218066,Anis Hadj Moussa,14053832,rating-breakdown,dribbles,dribbles,,,,Feyenoord,45.0,,83.4,26.2,,,,,,unresolvable,,,,False,False,,rating-breakdown,True,83.4,26.2,,,dribble,False,False,"{""playerCoordinates"": {""x"": 83.4, ""y"": 26.2}, ""eventActionType"": ""dribble"", ""isHome"": false, ""keypass"": false}",,
1218066,Anis Hadj Moussa,14053832,rating-breakdown,defensive,defensive,,,,Feyenoord,45.0,,60.2,17.5,,,True,True,1,boolean_field,success,,True,False,False,,rating-breakdown,True,60.2,17.5,,,ball-recovery,False,False,"{""playerCoordinates"": {""x"": 60.2, ""y"": 17.5}, ""eventActionType"": ""ball-recovery"", ""isHome"": false, ""outcome"": true, ""keypass"": false}",,
1218066,Anis Hadj Moussa,14053832,rating-breakdown,defensive,defensive,,,,Feyenoord,45.0,,25.5,12.6,,,True,True,1,boolean_field,success,,True,False,False,,rating-breakdown,True,25.5,12.6,,,ball-recovery,False,False,"{""playerCoordinates"": {""x"": 25.5, ""y"": 12.6}, ""eventActionType"": ""ball-recovery"", ""isHome"": false, ""outcome"": true, ""keypass"": false}",,
1218066,Anis Hadj Moussa,14053832,rating-breakdown,defensive,defensive,,,,Feyenoord,45.0,,20.9,22,,,True,True,1,boolean_field,success,,True,False,False,,rating-breakdown,True,20.9,22,,,ball-recovery,False,False,"{""playerCoordinates"": {""x"": 20.9, ""y"": 22}, ""eventActionType"": ""ball-recovery"", ""isHome"": false, ""outcome"": true, ""keypass"": false}",,
1218066,Anis Hadj Moussa,14053837,rating-breakdown,passes,passes,,,,Feyenoord,90.0,,59,9.4,39.4,22.9,True,True,1,boolean_field,success,True,,False,False,pass,rating-breakdown,True,59,9.4,39.4,22.9,pass,False,False,"{""playerCoordinates"": {""x"": 59, ""y"": 9.4}, ""passEndCoordinates"": {""x"": 39.4, ""y"": 22.9}, ""eventActionType"": ""pass"", ""isHome"": false, ""outcome"": true, ""keypass"": false}",,
1218066,Anis Hadj Moussa,14053837,rating-breakdown,passes,passes,,,,Feyenoord,90.0,,75.1,37.3,78.2,63.6,True,True,1,boolean_field,success,True,,False,True,key_pass,rating-breakdown,True,75.1,37.3,78.2,63.6,pass,False,True,"{""playerCoordinates"": {""x"": 75.1, ""y"": 37.3}, ""passEndCoordinates"": {""x"": 78.2, ""y"": 63.6}, ""eventActionType"": ""pass"", ""isHome"": false, ""outcome"": true, ""keypass"": true}",,
1218066,Anis Hadj Moussa,14053837,rating-breakdown,passes,passes,,,,Feyenoord,90.0,,78.3,33.5,79.4,25,True,True,1,boolean_field,success,True,,False,False,pass,rating-breakdown,True,78.3,33.5,79.4,25,pass,False,False,"{""playerCoordinates"": {""x"": 78.3, ""y"": 33.5}, ""passEndCoordinates"": {""x"": 79.4, ""y"": 25}, ""eventActionType"": ""pass"", ""isHome"": false, ""outcome"": true, ""keypass"": false}",,
1218066,Anis Hadj Moussa,14053837,rating-breakdown,passes,passes,,,,Feyenoord,90.0,,70.6,6.2,87.4,24.4,True,True,1,boolean_field,success,True,,False,False,pass,rating-breakdown,True,70.6,6.2,87.4,24.4,pass,False,False,"{""playerCoordinates"": {""x"": 70.6, ""y"": 6.2}, ""passEndCoordinates"": {""x"": 87.4, ""y"": 24.4}, ""eventActionType"": ""pass"", ""isHome"": false, ""outcome"": true, ""keypass"": false}",,
1218066,Anis Hadj Moussa,14053837,rating-breakdown,passes,passes,,,,Feyenoord,90.0,,66.5,18.2,56.2,47.6,True,True,1,boolean_field,success,True,,False,False,pass,rating-breakdown,True,66.5,18.2,56.2,47.6,pass,False,False,"{""playerCoordinates"": {""x"": 66.5, ""y"": 18.2}, ""passEndCoordinates"": {""x"": 56.2, ""y"": 47.6}, ""eventActionType"": ""pass"", ""isHome"": false, ""outcome"": true, ""keypass"": false}",,
1218066,Anis Hadj Moussa,14053837,rating-breakdown,passes,passes,,,,Feyenoord,90.0,,77.1,5.7,66.6,13.8,True,True,1,boolean_field,success,True,,False,False,pass,rating-breakdown,True,77.1,5.7,66.6,13.8,pass,False,False,"{""playerCoordinates"": {""x"": 77.1, ""y"": 5.7}, ""passEndCoordinates"": {""x"": 66.6, ""y"": 13.8}, ""eventActionType"": ""pass"", ""isHome"": false, ""outcome"": true, ""keypass"": false}",,
1218066,Anis Hadj Moussa,14053837,rating-breakdown,passes,passes,,,,Feyenoord,90.0,,82,17.6,86.6,47.7,,,,unresolvable,,,,False,False,pass,rating-breakdown,True,82,17.6,86.6,47.7,pass,False,False,"{""playerCoordinates"": {""x"": 82, ""y"": 17.6}, ""passEndCoordinates"": {""x"": 86.6, ""y"": 47.7}, ""eventActionType"": ""pass"", ""isHome"": false, ""keypass"": false}",,
1218066,Anis Hadj Moussa,14053837,rating-breakdown,passes,passes,,,,Feyenoord,90.0,,36.3,10.1,21.2,32.1,True,True,1,boolean_field,success,True,,False,False,pass,rating-breakdown,True,36.3,10.1,21.2,32.1,pass,False,False,"{""playerCoordinates"": {""x"": 36.3, ""y"": 10.1}, ""passEndCoordinates"": {""x"": 21.2, ""y"": 32.1}, ""eventActionType"": ""pass"", ""isHome"": false, ""outcome"": true, ""keypass"": false}",,
1218066,Anis Hadj Moussa,14053837,rating-breakdown,passes,passes,,,,Feyenoord,90.0,,74.5,84.9,91.5,53.2,True,True,1,boolean_field,success,True,,False,True,key_pass,rating-breakdown,True,74.5,84.9,91.5,53.2,cross,False,True,"{""playerCoordinates"": {""x"": 74.5, ""y"": 84.9}, ""passEndCoordinates"": {""x"": 91.5, ""y"": 53.2}, ""eventActionType"": ""cross"", ""isHome"": false, ""outcome"": true, ""keypass"": true}",,
1218066,Anis Hadj Moussa,14053837,rating-breakdown,passes,passes,,,,Feyenoord,90.0,,74.3,33.2,70.4,29.2,True,True,1,boolean_field,success,True,,False,False,pass,rating-breakdown,True,74.3,33.2,70.4,29.2,pass,False,False,"{""playerCoordinates"": {""x"": 74.3, ""y"": 33.2}, ""passEndCoordinates"": {""x"": 70.4, ""y"": 29.2}, ""eventActionType"": ""pass"", ""isHome"": false, ""outcome"": true, ""keypass"": false}",,
1218066,Anis Hadj Moussa,14053837,rating-breakdown,passes,passes,,,,Feyenoord,90.0,,67.1,27.4,62,19.7,True,True,1,boolean_field,success,True,,False,False,pass,rating-breakdown,True,67.1,27.4,62,19.7,pass,False,False,"{""playerCoordinates"": {""x"": 67.1, ""y"": 27.4}, ""passEndCoordinates"": {""x"": 62, ""y"": 19.7}, ""eventActionType"": ""pass"", ""isHome"": false, ""outcome"": true, ""keypass"": false}",,
1218066,Anis Hadj Moussa,14053837,rating-breakdown,passes,passes,,,,Feyenoord,90.0,,75.9,18.5,85.4,38.9,,,,unresolvable,,,,False,False,pass,rating-breakdown,True,75.9,18.5,85.4,38.9,cross,False,False,"{""playerCoordinates"": {""x"": 75.9, ""y"": 18.5}, ""passEndCoordinates"": {""x"": 85.4, ""y"": 38.9}, ""eventActionType"": ""cross"", ""isHome"": false, ""keypass"": false}",,
1218066,Anis Hadj Moussa,14053837,rating-breakdown,passes,passes,,,,Feyenoord,90.0,,56.4,11.5,63.7,9.5,True,True,1,boolean_field,success,True,,False,False,pass,rating-breakdown,True,56.4,11.5,63.7,9.5,pass,False,False,"{""playerCoordinates"": {""x"": 56.4, ""y"": 11.5}, ""passEndCoordinates"": {""x"": 63.7, ""y"": 9.5}, ""eventActionType"": ""pass"", ""isHome"": false, ""outcome"": true, ""keypass"": false}",,
1218066,Anis Hadj Moussa,14053837,rating-breakdown,passes,passes,,,,Feyenoord,90.0,,63.6,19.8,68.3,32.4,,,,unresolvable,,,,False,False,pass,rating-breakdown,True,63.6,19.8,68.3,32.4,pass,False,False,"{""playerCoordinates"": {""x"": 63.6, ""y"": 19.8}, ""passEndCoordinates"": {""x"": 68.3, ""y"": 32.4}, ""eventActionType"": ""pass"", ""isHome"": false, ""keypass"": false}",,
1218066,Anis Hadj Moussa,14053837,rating-breakdown,passes,passes,,,,Feyenoord,90.0,,54.4,5.4,40.1,15,True,True,1,boolean_field,success,True,,False,False,pass,rating-breakdown,True,54.4,5.4,40.1,15,pass,False,False,"{""playerCoordinates"": {""x"": 54.4, ""y"": 5.4}, ""passEndCoordinates"": {""x"": 40.1, ""y"": 15}, ""eventActionType"": ""pass"", ""isHome"": false, ""outcome"": true, ""keypass"": false}",,
1218066,Anis Hadj Moussa,14053837,rating-breakdown,passes,passes,,,,Feyenoord,90.0,,56.6,6.3,44.1,20.9,True,True,1,boolean_field,success,True,,False,False,pass,rating-breakdown,True,56.6,6.3,44.1,20.9,pass,False,False,"{""playerCoordinates"": {""x"": 56.6, ""y"": 6.3}, ""passEndCoordinates"": {""x"": 44.1, ""y"": 20.9}, ""eventActionType"": ""pass"", ""isHome"": false, ""outcome"": true, ""keypass"": false}",,
1218066,Anis Hadj Moussa,14053837,rating-breakdown,passes,passes,,,,Feyenoord,90.0,,89.1,27.1,83.9,35.7,True,True,1,boolean_field,success,True,,False,False,pass,rating-breakdown,True,89.1,27.1,83.9,35.7,pass,False,False,"{""playerCoordinates"": {""x"": 89.1, ""y"": 27.1}, ""passEndCoordinates"": {""x"": 83.9, ""y"": 35.7}, ""eventActionType"": ""pass"", ""isHome"": false, ""outcome"": true, ""keypass"": false}",,
1218066,Anis Hadj Moussa,14053837,rating-breakdown,passes,passes,,,,Feyenoord,90.0,,68.6,20.1,60.6,45.3,True,True,1,boolean_field,success,True,,False,False,pass,rating-breakdown,True,68.6,20.1,60.6,45.3,pass,False,False,"{""playerCoordinates"": {""x"": 68.6, ""y"": 20.1}, ""passEndCoordinates"": {""x"": 60.6, ""y"": 45.3}, ""eventActionType"": ""pass"", ""isHome"": false, ""outcome"": true, ""keypass"": false}",,
1218066,Anis Hadj Moussa,14053837,rating-breakdown,passes,passes,,,,Feyenoord,90.0,,66.6,7.7,69.4,24.7,True,True,1,boolean_field,success,True,,False,False,pass,rating-breakdown,True,66.6,7.7,69.4,24.7,pass,False,False,"{""playerCoordinates"": {""x"": 66.6, ""y"": 7.7}, ""passEndCoordinates"": {""x"": 69.4, ""y"": 24.7}, ""eventActionType"": ""pass"", ""isHome"": false, ""outcome"": true, ""keypass"": false}",,
1218066,Anis Hadj Moussa,14053837,rating-breakdown,passes,passes,,,,Feyenoord,90.0,,71,26.2,69.7,62.9,True,True,1,boolean_field,success,True,,False,False,pass,rating-breakdown,True,71,26.2,69.7,62.9,pass,False,False,"{""playerCoordinates"": {""x"": 71, ""y"": 26.2}, ""passEndCoordinates"": {""x"": 69.7, ""y"": 62.9}, ""eventActionType"": ""pass"", ""isHome"": false, ""outcome"": true, ""keypass"": false}",,
1218066,Anis Hadj Moussa,14053837,rating-breakdown,passes,passes,,,,Feyenoord,90.0,,99.5,0.5,94.1,32.7,,,,unresolvable,,,,False,False,pass,rating-breakdown,True,99.5,0.5,94.1,32.7,cross,False,False,"{""playerCoordinates"": {""x"": 99.5, ""y"": 0.5}, ""passEndCoordinates"": {""x"": 94.1, ""y"": 32.7}, ""eventActionType"": ""cross"", ""isHome"": false, ""keypass"": false}",,
1218066,Anis Hadj Moussa,14053837,rating-breakdown,passes,passes,,,,Feyenoord,90.0,,94.9,23.9,87.5,55.4,True,True,1,boolean_field,success,True,,False,True,key_pass,rating-breakdown,True,94.9,23.9,87.5,55.4,cross,False,True,"{""playerCoordinates"": {""x"": 94.9, ""y"": 23.9}, ""passEndCoordinates"": {""x"": 87.5, ""y"": 55.4}, ""eventActionType"": ""cross"", ""isHome"": false, ""outcome"": true, ""keypass"": true}",,
1218066,Anis Hadj Moussa,14053837,rating-breakdown,passes,passes,,,,Feyenoord,90.0,,83.1,45.9,75.3,46,True,True,1,boolean_field,success,True,,False,True,key_pass,rating-breakdown,True,83.1,45.9,75.3,46,pass,False,True,"{""playerCoordinates"": {""x"": 83.1, ""y"": 45.9}, ""passEndCoordinates"": {""x"": 75.3, ""y"": 46}, ""eventActionType"": ""pass"", ""isHome"": false, ""outcome"": true, ""keypass"": true}",,
1218066,Anis Hadj Moussa,14053837,rating-breakdown,passes,passes,,,,Feyenoord,90.0,,45.3,5.4,21.6,36.5,True,True,1,boolean_field,success,True,,False,False,pass,rating-breakdown,True,45.3,5.4,21.6,36.5,pass,False,False,"{""playerCoordinates"": {""x"": 45.3, ""y"": 5.4}, ""passEndCoordinates"": {""x"": 21.6, ""y"": 36.5}, ""eventActionType"": ""pass"", ""isHome"": false, ""outcome"": true, ""keypass"": false, ""isLongBall"": true}",True,
1218066,Anis Hadj Moussa,14053837,rating-breakdown,passes,passes,,,,Feyenoord,90.0,,72.4,13.3,78.8,21.5,True,True,1,boolean_field,success,True,,False,False,pass,rating-breakdown,True,72.4,13.3,78.8,21.5,pass,False,False,"{""playerCoordinates"": {""x"": 72.4, ""y"": 13.3}, ""passEndCoordinates"": {""x"": 78.8, ""y"": 21.5}, ""eventActionType"": ""pass"", ""isHome"": false, ""outcome"": true, ""keypass"": false}",,
1218066,Anis Hadj Moussa,14053837,rating-breakdown,passes,passes,,,,Feyenoord,90.0,,70.8,36.4,90.7,74.4,True,True,1,boolean_field,success,True,,False,False,pass,rating-breakdown,True,70.8,36.4,90.7,74.4,pass,False,False,"{""playerCoordinates"": {""x"": 70.8, ""y"": 36.4}, ""passEndCoordinates"": {""x"": 90.7, ""y"": 74.4}, ""eventActionType"": ""pass"", ""isHome"": false, ""outcome"": true, ""keypass"": false, ""isLongBall"": true}",True,
1218066,Anis Hadj Moussa,14053837,rating-breakdown,passes,passes,,,,Feyenoord,90.0,,66,10.3,56.8,27.4,True,True,1,boolean_field,success,True,,False,False,pass,rating-breakdown,True,66,10.3,56.8,27.4,pass,False,False,"{""playerCoordinates"": {""x"": 66, ""y"": 10.3}, ""passEndCoordinates"": {""x"": 56.8, ""y"": 27.4}, ""eventActionType"": ""pass"", ""isHome"": false, ""outcome"": true, ""keypass"": false}",,
1218066,Anis Hadj Moussa,14053837,rating-breakdown,passes,passes,,,,Feyenoord,90.0,,18.7,10.7,28.8,10.1,,,,unresolvable,,,,False,False,pass,rating-breakdown,True,18.7,10.7,28.8,10.1,pass,False,False,"{""playerCoordinates"": {""x"": 18.7, ""y"": 10.7}, ""passEndCoordinates"": {""x"": 28.8, ""y"": 10.1}, ""eventActionType"": ""pass"", ""isHome"": false, ""keypass"": false}",,
1218066,Anis Hadj Moussa,14053837,rating-breakdown,passes,passes,,,,Feyenoord,90.0,,24.4,13.2,29.5,17.7,True,True,1,boolean_field,success,True,,False,False,pass,rating-breakdown,True,24.4,13.2,29.5,17.7,pass,False,False,"{""playerCoordinates"": {""x"": 24.4, ""y"": 13.2}, ""passEndCoordinates"": {""x"": 29.5, ""y"": 17.7}, ""eventActionType"": ""pass"", ""isHome"": false, ""outcome"": true, ""keypass"": false}",,
1218066,Anis Hadj Moussa,14053837,rating-breakdown,passes,passes,,,,Feyenoord,90.0,,81.5,14.7,73.3,24.7,True,True,1,boolean_field,success,True,,False,False,pass,rating-breakdown,True,81.5,14.7,73.3,24.7,pass,False,False,"{""playerCoordinates"": {""x"": 81.5, ""y"": 14.7}, ""passEndCoordinates"": {""x"": 73.3, ""y"": 24.7}, ""eventActionType"": ""pass"", ""isHome"": false, ""outcome"": true, ""keypass"": false}",,
1218066,Anis Hadj Moussa,14053837,rating-breakdown,passes,passes,,,,Feyenoord,90.0,,76.7,5.7,61.9,17.6,True,True,1,boolean_field,success,True,,False,False,pass,rating-breakdown,True,76.7,5.7,61.9,17.6,pass,False,False,"{""playerCoordinates"": {""x"": 76.7, ""y"": 5.7}, ""passEndCoordinates"": {""x"": 61.9, ""y"": 17.6}, ""eventActionType"": ""pass"", ""isHome"": false, ""outcome"": true, ""keypass"": false}",,
1218066,Anis Hadj Moussa,14053837,rating-breakdown,passes,passes,,,,Feyenoord,90.0,,68.4,3.9,51.4,28.9,True,True,1,boolean_field,success,True,,False,False,pass,rating-breakdown,True,68.4,3.9,51.4,28.9,pass,False,False,"{""playerCoordinates"": {""x"": 68.4, ""y"": 3.9}, ""passEndCoordinates"": {""x"": 51.4, ""y"": 28.9}, ""eventActionType"": ""pass"", ""isHome"": false, ""outcome"": true, ""keypass"": false}",,
1218066,Anis Hadj Moussa,14053837,rating-breakdown,passes,passes,,,,Feyenoord,90.0,,79.9,6.9,90.2,17,True,True,1,boolean_field,success,True,,False,False,pass,rating-breakdown,True,79.9,6.9,90.2,17,pass,False,False,"{""playerCoordinates"": {""x"": 79.9, ""y"": 6.9}, ""passEndCoordinates"": {""x"": 90.2, ""y"": 17}, ""eventActionType"": ""pass"", ""isHome"": false, ""outcome"": true, ""keypass"": false}",,
1218066,Anis Hadj Moussa,14053837,rating-breakdown,passes,passes,,,,Feyenoord,90.0,,36.5,12.4,57.9,21.3,True,True,1,boolean_field,success,True,,False,False,pass,rating-breakdown,True,36.5,12.4,57.9,21.3,pass,False,False,"{""playerCoordinates"": {""x"": 36.5, ""y"": 12.4}, ""passEndCoordinates"": {""x"": 57.9, ""y"": 21.3}, ""eventActionType"": ""pass"", ""isHome"": false, ""outcome"": true, ""keypass"": false, ""isLongBall"": true}",True,
1218066,Anis Hadj Moussa,14053837,rating-breakdown,passes,passes,,,,Feyenoord,90.0,,43.1,23,26.4,40.1,True,True,1,boolean_field,success,True,,False,False,pass,rating-breakdown,True,43.1,23,26.4,40.1,pass,False,False,"{""playerCoordinates"": {""x"": 43.1, ""y"": 23}, ""passEndCoordinates"": {""x"": 26.4, ""y"": 40.1}, ""eventActionType"": ""pass"", ""isHome"": false, ""outcome"": true, ""keypass"": false}",,
1218066,Anis Hadj Moussa,14053837,rating-breakdown,passes,passes,,,,Feyenoord,90.0,,99.5,0.5,94.5,8.8,True,True,1,boolean_field,success,True,,False,False,pass,rating-breakdown,True,99.5,0.5,94.5,8.8,pass,False,False,"{""playerCoordinates"": {""x"": 99.5, ""y"": 0.5}, ""passEndCoordinates"": {""x"": 94.5, ""y"": 8.8}, ""eventActionType"": ""pass"", ""isHome"": false, ""outcome"": true, ""keypass"": false}",,
1218066,Anis Hadj Moussa,14053837,rating-breakdown,passes,passes,,,,Feyenoord,90.0,,99.5,0.5,93.7,7.9,True,True,1,boolean_field,success,True,,False,False,pass,rating-breakdown,True,99.5,0.5,93.7,7.9,pass,False,False,"{""playerCoordinates"": {""x"": 99.5, ""y"": 0.5}, ""passEndCoordinates"": {""x"": 93.7, ""y"": 7.9}, ""eventActionType"": ""pass"", ""isHome"": false, ""outcome"": true, ""keypass"": false}",,
1218066,Anis Hadj Moussa,14053837,rating-breakdown,passes,passes,,,,Feyenoord,90.0,,44.3,34.2,56.4,76.5,True,True,1,boolean_field,success,True,,False,False,pass,rating-breakdown,True,44.3,34.2,56.4,76.5,pass,False,False,"{""playerCoordinates"": {""x"": 44.3, ""y"": 34.2}, ""passEndCoordinates"": {""x"": 56.4, ""y"": 76.5}, ""eventActionType"": ""pass"", ""isHome"": false, ""outcome"": true, ""keypass"": false}",,
1218066,Anis Hadj Moussa,14053837,rating-breakdown,ball-carries,ball-carries,,,,Feyenoord,90.0,,76.2,5.3,70.6,6.2,,,,unresolvable,,,,False,False,,rating-breakdown,True,76.2,5.3,70.6,6.2,ball-carry,False,,"{""playerCoordinates"": {""x"": 76.2, ""y"": 5.3}, ""passEndCoordinates"": {""x"": 70.6, ""y"": 6.2}, ""eventActionType"": ""ball-carry"", ""isHome"": false}",,
1218066,Anis Hadj Moussa,14053837,rating-breakdown,ball-carries,ball-carries,,,,Feyenoord,90.0,,78.6,11.6,82,17.6,,,,unresolvable,,,,False,False,,rating-breakdown,True,78.6,11.6,82,17.6,ball-carry,False,,"{""playerCoordinates"": {""x"": 78.6, ""y"": 11.6}, ""passEndCoordinates"": {""x"": 82, ""y"": 17.6}, ""eventActionType"": ""ball-carry"", ""isHome"": false}",,
1218066,Anis Hadj Moussa,14053837,rating-breakdown,ball-carries,ball-carries,,,,Feyenoord,90.0,,89,76.2,91.8,74.8,,,,unresolvable,,,,False,False,,rating-breakdown,True,89,76.2,91.8,74.8,ball-carry,False,,"{""playerCoordinates"": {""x"": 89, ""y"": 76.2}, ""passEndCoordinates"": {""x"": 91.8, ""y"": 74.8}, ""eventActionType"": ""ball-carry"", ""isHome"": false}",,
1218066,Anis Hadj Moussa,14053837,rating-breakdown,ball-carries,ball-carries,,,,Feyenoord,90.0,,71.8,6.3,75.9,18.5,,,,unresolvable,,,,False,False,,rating-breakdown,True,71.8,6.3,75.9,18.5,ball-carry,False,,"{""playerCoordinates"": {""x"": 71.8, ""y"": 6.3}, ""passEndCoordinates"": {""x"": 75.9, ""y"": 18.5}, ""eventActionType"": ""ball-carry"", ""isHome"": false}",,
1218066,Anis Hadj Moussa,14053837,rating-breakdown,ball-carries,ball-carries,,,,Feyenoord,90.0,,96.2,25,89.1,27.1,,,,unresolvable,,,,False,False,,rating-breakdown,True,96.2,25,89.1,27.1,ball-carry,False,,"{""playerCoordinates"": {""x"": 96.2, ""y"": 25}, ""passEndCoordinates"": {""x"": 89.1, ""y"": 27.1}, ""eventActionType"": ""ball-carry"", ""isHome"": false}",,
1218066,Anis Hadj Moussa,14053837,rating-breakdown,ball-carries,ball-carries,,,,Feyenoord,90.0,,70.2,15.3,68.6,20.1,,,,unresolvable,,,,False,False,,rating-breakdown,True,70.2,15.3,68.6,20.1,ball-carry,False,,"{""playerCoordinates"": {""x"": 70.2, ""y"": 15.3}, ""passEndCoordinates"": {""x"": 68.6, ""y"": 20.1}, ""eventActionType"": ""ball-carry"", ""isHome"": false}",,
1218066,Anis Hadj Moussa,14053837,rating-breakdown,ball-carries,ball-carries,,,,Feyenoord,90.0,,83.2,22.7,94.9,23.9,,,,unresolvable,,,,False,False,,rating-breakdown,True,83.2,22.7,94.9,23.9,ball-carry,False,,"{""playerCoordinates"": {""x"": 83.2, ""y"": 22.7}, ""passEndCoordinates"": {""x"": 94.9, ""y"": 23.9}, ""eventActionType"": ""ball-carry"", ""isHome"": false}",,
1218066,Anis Hadj Moussa,14053837,rating-breakdown,ball-carries,ball-carries,,,,Feyenoord,90.0,,53.3,2.9,45.3,5.4,,,,unresolvable,,,,False,False,,rating-breakdown,True,53.3,2.9,45.3,5.4,ball-carry,False,,"{""playerCoordinates"": {""x"": 53.3, ""y"": 2.9}, ""passEndCoordinates"": {""x"": 45.3, ""y"": 5.4}, ""eventActionType"": ""ball-carry"", ""isHome"": false}",,
1218066,Anis Hadj Moussa,14053837,rating-breakdown,ball-carries,ball-carries,,,,Feyenoord,90.0,,72.5,22.4,70.8,36.4,,,,unresolvable,,,,False,False,,rating-breakdown,True,72.5,22.4,70.8,36.4,ball-carry,False,,"{""playerCoordinates"": {""x"": 72.5, ""y"": 22.4}, ""passEndCoordinates"": {""x"": 70.8, ""y"": 36.4}, ""eventActionType"": ""ball-carry"", ""isHome"": false}",,
1218066,Anis Hadj Moussa,14053837,rating-breakdown,ball-carries,ball-carries,,,,Feyenoord,90.0,,99,9,96.1,10.1,,,,unresolvable,,,,False,False,,rating-breakdown,True,99,9,96.1,10.1,ball-carry,False,,"{""playerCoordinates"": {""x"": 99, ""y"": 9}, ""passEndCoordinates"": {""x"": 96.1, ""y"": 10.1}, ""eventActionType"": ""ball-carry"", ""isHome"": false}",,
1218066,Anis Hadj Moussa,14053837,rating-breakdown,ball-carries,ball-carries,,,,Feyenoord,90.0,,76.7,9.2,81.5,14.7,,,,unresolvable,,,,False,False,,rating-breakdown,True,76.7,9.2,81.5,14.7,ball-carry,False,,"{""playerCoordinates"": {""x"": 76.7, ""y"": 9.2}, ""passEndCoordinates"": {""x"": 81.5, ""y"": 14.7}, ""eventActionType"": ""ball-carry"", ""isHome"": false}",,
1218066,Anis Hadj Moussa,14053837,rating-breakdown,ball-carries,ball-carries,,,,Feyenoord,90.0,,71.8,2.2,68.4,3.9,,,,unresolvable,,,,False,False,,rating-breakdown,True,71.8,2.2,68.4,3.9,ball-carry,False,,"{""playerCoordinates"": {""x"": 71.8, ""y"": 2.2}, ""passEndCoordinates"": {""x"": 68.4, ""y"": 3.9}, ""eventActionType"": ""ball-carry"", ""isHome"": false}",,
1218066,Anis Hadj Moussa,14053837,rating-breakdown,ball-carries,ball-carries,,,,Feyenoord,90.0,,73.8,3.9,79.9,6.9,,,,unresolvable,,,,False,False,,rating-breakdown,True,73.8,3.9,79.9,6.9,ball-carry,False,,"{""playerCoordinates"": {""x"": 73.8, ""y"": 3.9}, ""passEndCoordinates"": {""x"": 79.9, ""y"": 6.9}, ""eventActionType"": ""ball-carry"", ""isHome"": false}",,
1218066,Anis Hadj Moussa,14053837,rating-breakdown,ball-carries,ball-carries,,,,Feyenoord,90.0,,41.5,20.3,41.8,27.8,,,,unresolvable,,,,False,False,,rating-breakdown,True,41.5,20.3,41.8,27.8,ball-carry,False,,"{""playerCoordinates"": {""x"": 41.5, ""y"": 20.3}, ""passEndCoordinates"": {""x"": 41.8, ""y"": 27.8}, ""eventActionType"": ""ball-carry"", ""isHome"": false}",,
1218066,Anis Hadj Moussa,14053837,rating-breakdown,ball-carries,ball-carries,,,,Feyenoord,90.0,,40.5,8.8,44.3,34.2,,,,unresolvable,,,,False,False,,rating-breakdown,True,40.5,8.8,44.3,34.2,ball-carry,False,,"{""playerCoordinates"": {""x"": 40.5, ""y"": 8.8}, ""passEndCoordinates"": {""x"": 44.3, ""y"": 34.2}, ""eventActionType"": ""ball-carry"", ""isHome"": false}",,
1218066,Anis Hadj Moussa,14053837,rating-breakdown,dribbles,dribbles,,,,Feyenoord,90.0,,20.6,12.4,,,True,True,1,boolean_field,success,,True,False,False,,rating-breakdown,True,20.6,12.4,,,dribble,False,False,"{""playerCoordinates"": {""x"": 20.6, ""y"": 12.4}, ""eventActionType"": ""dribble"", ""isHome"": false, ""outcome"": true, ""keypass"": false}",,
1218066,Anis Hadj Moussa,14053837,rating-breakdown,defensive,defensive,,,,Feyenoord,90.0,,18.2,13.3,,,True,True,1,boolean_field,success,,True,False,False,,rating-breakdown,True,18.2,13.3,,,ball-recovery,False,False,"{""playerCoordinates"": {""x"": 18.2, ""y"": 13.3}, ""eventActionType"": ""ball-recovery"", ""isHome"": false, ""outcome"": true, ""keypass"": false}",,
1218066,Anis Hadj Moussa,14053837,rating-breakdown,defensive,defensive,,,,Feyenoord,90.0,,40.7,23.2,,,True,True,1,boolean_field,success,,True,False,False,,rating-breakdown,True,40.7,23.2,,,ball-recovery,False,False,"{""playerCoordinates"": {""x"": 40.7, ""y"": 23.2}, ""eventActionType"": ""ball-recovery"", ""isHome"": false, ""outcome"": true, ""keypass"": false}",,
1218066,Anis Hadj Moussa,14053607,rating-breakdown,passes,passes,,,,Feyenoord,90.0,,74.4,15.8,65.8,11.3,True,True,1,boolean_field,success,True,,False,False,pass,rating-breakdown,True,74.4,15.8,65.8,11.3,pass,True,False,"{""playerCoordinates"": {""x"": 74.4, ""y"": 15.8}, ""passEndCoordinates"": {""x"": 65.8, ""y"": 11.3}, ""eventActionType"": ""pass"", ""isHome"": true, ""outcome"": true, ""keypass"": false}",,
1218066,Anis Hadj Moussa,14053607,rating-breakdown,passes,passes,,,,Feyenoord,90.0,,78.5,15.3,75.8,24.8,True,True,1,boolean_field,success,True,,False,False,pass,rating-breakdown,True,78.5,15.3,75.8,24.8,pass,True,False,"{""playerCoordinates"": {""x"": 78.5, ""y"": 15.3}, ""passEndCoordinates"": {""x"": 75.8, ""y"": 24.8}, ""eventActionType"": ""pass"", ""isHome"": true, ""outcome"": true, ""keypass"": false}",,
1218066,Anis Hadj Moussa,14053607,rating-breakdown,passes,passes,,,,Feyenoord,90.0,,66.4,30.8,63.1,48.8,True,True,1,boolean_field,success,True,,False,False,pass,rating-breakdown,True,66.4,30.8,63.1,48.8,pass,True,False,"{""playerCoordinates"": {""x"": 66.4, ""y"": 30.8}, ""passEndCoordinates"": {""x"": 63.1, ""y"": 48.8}, ""eventActionType"": ""pass"", ""isHome"": true, ""outcome"": true, ""keypass"": false}",,
1218066,Anis Hadj Moussa,14053607,rating-breakdown,passes,passes,,,,Feyenoord,90.0,,70.4,19.9,94,64,True,True,1,boolean_field,success,True,,False,False,pass,rating-breakdown,True,70.4,19.9,94,64,cross,True,False,"{""playerCoordinates"": {""x"": 70.4, ""y"": 19.9}, ""passEndCoordinates"": {""x"": 94, ""y"": 64}, ""eventActionType"": ""cross"", ""isHome"": true, ""outcome"": true, ""keypass"": false, ""isLongBall"": true}",True,
1218066,Anis Hadj Moussa,14053607,rating-breakdown,passes,passes,,,,Feyenoord,90.0,,67.6,94.1,94.8,51.9,,,,unresolvable,,,,False,False,pass,rating-breakdown,True,67.6,94.1,94.8,51.9,cross,True,False,"{""playerCoordinates"": {""x"": 67.6, ""y"": 94.1}, ""passEndCoordinates"": {""x"": 94.8, ""y"": 51.9}, ""eventActionType"": ""cross"", ""isHome"": true, ""keypass"": false, ""isLongBall"": true}",True,
1218066,Anis Hadj Moussa,14053607,rating-breakdown,passes,passes,,,,Feyenoord,90.0,,29.7,5.1,19.2,8.4,True,True,1,boolean_field,success,True,,False,False,pass,rating-breakdown,True,29.7,5.1,19.2,8.4,pass,True,False,"{""playerCoordinates"": {""x"": 29.7, ""y"": 5.1}, ""passEndCoordinates"": {""x"": 19.2, ""y"": 8.4}, ""eventActionType"": ""pass"", ""isHome"": true, ""outcome"": true, ""keypass"": false}",,
1218066,Anis Hadj Moussa,14053607,rating-breakdown,passes,passes,,,,Feyenoord,90.0,,33.9,4.7,36.4,24.8,True,True,1,boolean_field,success,True,,False,False,pass,rating-breakdown,True,33.9,4.7,36.4,24.8,pass,True,False,"{""playerCoordinates"": {""x"": 33.9, ""y"": 4.7}, ""passEndCoordinates"": {""x"": 36.4, ""y"": 24.8}, ""eventActionType"": ""pass"", ""isHome"": true, ""outcome"": true, ""keypass"": false}",,
1218066,Anis Hadj Moussa,14053607,rating-breakdown,passes,passes,,,,Feyenoord,90.0,,75.8,5.8,62.5,47,True,True,1,boolean_field,success,True,,False,False,pass,rating-breakdown,True,75.8,5.8,62.5,47,pass,True,False,"{""playerCoordinates"": {""x"": 75.8, ""y"": 5.8}, ""passEndCoordinates"": {""x"": 62.5, ""y"": 47}, ""eventActionType"": ""pass"", ""isHome"": true, ""outcome"": true, ""keypass"": false}",,
1218066,Anis Hadj Moussa,14053607,rating-breakdown,passes,passes,,,,Feyenoord,90.0,,68.3,7.8,87.1,84.5,True,True,1,boolean_field,success,True,,False,False,pass,rating-breakdown,True,68.3,7.8,87.1,84.5,pass,True,False,"{""playerCoordinates"": {""x"": 68.3, ""y"": 7.8}, ""passEndCoordinates"": {""x"": 87.1, ""y"": 84.5}, ""eventActionType"": ""pass"", ""isHome"": true, ""outcome"": true, ""keypass"": false, ""isLongBall"": true}",True,
1218066,Anis Hadj Moussa,14053607,rating-breakdown,passes,passes,,,,Feyenoord,90.0,,82.3,13.7,74.9,29.6,True,True,1,boolean_field,success,True,,False,False,pass,rating-breakdown,True,82.3,13.7,74.9,29.6,pass,True,False,"{""playerCoordinates"": {""x"": 82.3, ""y"": 13.7}, ""passEndCoordinates"": {""x"": 74.9, ""y"": 29.6}, ""eventActionType"": ""pass"", ""isHome"": true, ""outcome"": true, ""keypass"": false}",,
1218066,Anis Hadj Moussa,14053607,rating-breakdown,passes,passes,,,,Feyenoord,90.0,,74.5,7.4,90.4,16,,,,unresolvable,,,,False,False,pass,rating-breakdown,True,74.5,7.4,90.4,16,pass,True,False,"{""playerCoordinates"": {""x"": 74.5, ""y"": 7.4}, ""passEndCoordinates"": {""x"": 90.4, ""y"": 16}, ""eventActionType"": ""pass"", ""isHome"": true, ""keypass"": false}",,
1218066,Anis Hadj Moussa,14053607,rating-breakdown,passes,passes,,,,Feyenoord,90.0,,76.6,5.7,88.5,20.2,True,True,1,boolean_field,success,True,,False,False,pass,rating-breakdown,True,76.6,5.7,88.5,20.2,pass,True,False,"{""playerCoordinates"": {""x"": 76.6, ""y"": 5.7}, ""passEndCoordinates"": {""x"": 88.5, ""y"": 20.2}, ""eventActionType"": ""pass"", ""isHome"": true, ""outcome"": true, ""keypass"": false}",,
1218066,Anis Hadj Moussa,14053607,rating-breakdown,passes,passes,,,,Feyenoord,90.0,,91.9,19.4,92,58.1,,,,unresolvable,,,,False,False,pass,rating-breakdown,True,91.9,19.4,92,58.1,cross,True,False,"{""playerCoordinates"": {""x"": 91.9, ""y"": 19.4}, ""passEndCoordinates"": {""x"": 92, ""y"": 58.1}, ""eventActionType"": ""cross"", ""isHome"": true, ""keypass"": false}",,
1218066,Anis Hadj Moussa,14053607,rating-breakdown,passes,passes,,,,Feyenoord,90.0,,99.5,0.5,95.2,49.7,,,,unresolvable,,,,False,False,pass,rating-breakdown,True,99.5,0.5,95.2,49.7,cross,True,False,"{""playerCoordinates"": {""x"": 99.5, ""y"": 0.5}, ""passEndCoordinates"": {""x"": 95.2, ""y"": 49.7}, ""eventActionType"": ""cross"", ""isHome"": true, ""keypass"": false, ""isLongBall"": true}",True,
1218066,Anis Hadj Moussa,14053607,rating-breakdown,passes,passes,,,,Feyenoord,90.0,,71.8,33.8,89,73.6,True,True,1,boolean_field,success,True,,False,False,pass,rating-breakdown,True,71.8,33.8,89,73.6,pass,True,False,"{""playerCoordinates"": {""x"": 71.8, ""y"": 33.8}, ""passEndCoordinates"": {""x"": 89, ""y"": 73.6}, ""eventActionType"": ""pass"", ""isHome"": true, ""outcome"": true, ""keypass"": false, ""isLongBall"": true}",True,
1218066,Anis Hadj Moussa,14053607,rating-breakdown,passes,passes,,,,Feyenoord,90.0,,99.5,0.5,93.9,42.3,,,,unresolvable,,,,False,False,pass,rating-breakdown,True,99.5,0.5,93.9,42.3,cross,True,False,"{""playerCoordinates"": {""x"": 99.5, ""y"": 0.5}, ""passEndCoordinates"": {""x"": 93.9, ""y"": 42.3}, ""eventActionType"": ""cross"", ""isHome"": true, ""keypass"": false}",,
1218066,Anis Hadj Moussa,14053607,rating-breakdown,passes,passes,,,,Feyenoord,90.0,,69.4,6.1,55.9,14,True,True,1,boolean_field,success,True,,False,False,pass,rating-breakdown,True,69.4,6.1,55.9,14,pass,True,False,"{""playerCoordinates"": {""x"": 69.4, ""y"": 6.1}, ""passEndCoordinates"": {""x"": 55.9, ""y"": 14}, ""eventActionType"": ""pass"", ""isHome"": true, ""outcome"": true, ""keypass"": false}",,
1218066,Anis Hadj Moussa,14053607,rating-breakdown,passes,passes,,,,Feyenoord,90.0,,99.5,0.5,96.2,55.9,,,,unresolvable,,,,False,False,pass,rating-breakdown,True,99.5,0.5,96.2,55.9,cross,True,False,"{""playerCoordinates"": {""x"": 99.5, ""y"": 0.5}, ""passEndCoordinates"": {""x"": 96.2, ""y"": 55.9}, ""eventActionType"": ""cross"", ""isHome"": true, ""keypass"": false, ""isLongBall"": true}",True,
1218066,Anis Hadj Moussa,14053607,rating-breakdown,passes,passes,,,,Feyenoord,90.0,,47.2,18.2,29,28,True,True,1,boolean_field,success,True,,False,False,pass,rating-breakdown,True,47.2,18.2,29,28,pass,True,False,"{""playerCoordinates"": {""x"": 47.2, ""y"": 18.2}, ""passEndCoordinates"": {""x"": 29, ""y"": 28}, ""eventActionType"": ""pass"", ""isHome"": true, ""outcome"": true, ""keypass"": false}",,
1218066,Anis Hadj Moussa,14053607,rating-breakdown,passes,passes,,,,Feyenoord,90.0,,76.9,19.5,64.4,29.1,True,True,1,boolean_field,success,True,,False,False,pass,rating-breakdown,True,76.9,19.5,64.4,29.1,pass,True,False,"{""playerCoordinates"": {""x"": 76.9, ""y"": 19.5}, ""passEndCoordinates"": {""x"": 64.4, ""y"": 29.1}, ""eventActionType"": ""pass"", ""isHome"": true, ""outcome"": true, ""keypass"": false}",,
1218066,Anis Hadj Moussa,14053607,rating-breakdown,passes,passes,,,,Feyenoord,90.0,,82,20.7,91.8,10.6,True,True,1,boolean_field,success,True,,False,False,pass,rating-breakdown,True,82,20.7,91.8,10.6,pass,True,False,"{""playerCoordinates"": {""x"": 82, ""y"": 20.7}, ""passEndCoordinates"": {""x"": 91.8, ""y"": 10.6}, ""eventActionType"": ""pass"", ""isHome"": true, ""outcome"": true, ""keypass"": false}",,
1218066,Anis Hadj Moussa,14053607,rating-breakdown,passes,passes,,,,Feyenoord,90.0,,36.3,8.3,46.1,6.9,True,True,1,boolean_field,success,True,,False,False,pass,rating-breakdown,True,36.3,8.3,46.1,6.9,pass,True,False,"{""playerCoordinates"": {""x"": 36.3, ""y"": 8.3}, ""passEndCoordinates"": {""x"": 46.1, ""y"": 6.9}, ""eventActionType"": ""pass"", ""isHome"": true, ""outcome"": true, ""keypass"": false}",,
1218066,Anis Hadj Moussa,14053607,rating-breakdown,passes,passes,,,,Feyenoord,90.0,,62.7,6.6,73.8,8.3,True,True,1,boolean_field,success,True,,False,False,pass,rating-breakdown,True,62.7,6.6,73.8,8.3,pass,True,False,"{""playerCoordinates"": {""x"": 62.7, ""y"": 6.6}, ""passEndCoordinates"": {""x"": 73.8, ""y"": 8.3}, ""eventActionType"": ""pass"", ""isHome"": true, ""outcome"": true, ""keypass"": false}",,
1218066,Anis Hadj Moussa,14053607,rating-breakdown,passes,passes,,,,Feyenoord,90.0,,99.5,0.5,95.9,57.9,,,,unresolvable,,,,False,False,pass,rating-breakdown,True,99.5,0.5,95.9,57.9,cross,True,False,"{""playerCoordinates"": {""x"": 99.5, ""y"": 0.5}, ""passEndCoordinates"": {""x"": 95.9, ""y"": 57.9}, ""eventActionType"": ""cross"", ""isHome"": true, ""keypass"": false, ""isLongBall"": true}",True,
1218066,Anis Hadj Moussa,14053607,rating-breakdown,passes,passes,,,,Feyenoord,90.0,,29.7,5.9,39.6,13.8,,,,unresolvable,,,,False,False,pass,rating-breakdown,True,29.7,5.9,39.6,13.8,pass,True,False,"{""playerCoordinates"": {""x"": 29.7, ""y"": 5.9}, ""passEndCoordinates"": {""x"": 39.6, ""y"": 13.8}, ""eventActionType"": ""pass"", ""isHome"": true, ""keypass"": false}",,
1218066,Anis Hadj Moussa,14053607,rating-breakdown,passes,passes,,,,Feyenoord,90.0,,69.7,40.6,79.3,41.6,True,True,1,boolean_field,success,True,,False,False,pass,rating-breakdown,True,69.7,40.6,79.3,41.6,pass,True,False,"{""playerCoordinates"": {""x"": 69.7, ""y"": 40.6}, ""passEndCoordinates"": {""x"": 79.3, ""y"": 41.6}, ""eventActionType"": ""pass"", ""isHome"": true, ""outcome"": true, ""keypass"": false}",,
1218066,Anis Hadj Moussa,14053607,rating-breakdown,passes,passes,,,,Feyenoord,90.0,,75.4,39.2,86.5,25.9,True,True,1,boolean_field,success,True,,False,False,pass,rating-breakdown,True,75.4,39.2,86.5,25.9,pass,True,False,"{""playerCoordinates"": {""x"": 75.4, ""y"": 39.2}, ""passEndCoordinates"": {""x"": 86.5, ""y"": 25.9}, ""eventActionType"": ""pass"", ""isHome"": true, ""outcome"": true, ""keypass"": false}",,
1218066,Anis Hadj Moussa,14053607,rating-breakdown,passes,passes,,,,Feyenoord,90.0,,34.2,12.1,70.7,42.9,,,,unresolvable,,,,False,False,pass,rating-breakdown,True,34.2,12.1,70.7,42.9,pass,True,False,"{""playerCoordinates"": {""x"": 34.2, ""y"": 12.1}, ""passEndCoordinates"": {""x"": 70.7, ""y"": 42.9}, ""eventActionType"": ""pass"", ""isHome"": true, ""keypass"": false, ""isLongBall"": true}",True,
1218066,Anis Hadj Moussa,14053607,rating-breakdown,passes,passes,,,,Feyenoord,90.0,,65.8,24.1,46.1,25.6,True,True,1,boolean_field,success,True,,False,False,pass,rating-breakdown,True,65.8,24.1,46.1,25.6,pass,True,False,"{""playerCoordinates"": {""x"": 65.8, ""y"": 24.1}, ""passEndCoordinates"": {""x"": 46.1, ""y"": 25.6}, ""eventActionType"": ""pass"", ""isHome"": true, ""outcome"": true, ""keypass"": false}",,
1218066,Anis Hadj Moussa,14053607,rating-breakdown,passes,passes,,,,Feyenoord,90.0,,99.5,0.5,93.7,46.5,,,,unresolvable,,,,False,False,pass,rating-breakdown,True,99.5,0.5,93.7,46.5,cross,True,False,"{""playerCoordinates"": {""x"": 99.5, ""y"": 0.5}, ""passEndCoordinates"": {""x"": 93.7, ""y"": 46.5}, ""eventActionType"": ""cross"", ""isHome"": true, ""keypass"": false}",,
1218066,Anis Hadj Moussa,14053607,rating-breakdown,passes,passes,,,,Feyenoord,90.0,,77.2,3.7,82.9,7.4,,,,unresolvable,,,,False,False,pass,rating-breakdown,True,77.2,3.7,82.9,7.4,pass,True,False,"{""playerCoordinates"": {""x"": 77.2, ""y"": 3.7}, ""passEndCoordinates"": {""x"": 82.9, ""y"": 7.4}, ""eventActionType"": ""pass"", ""isHome"": true, ""keypass"": false}",,
1218066,Anis Hadj Moussa,14053607,rating-breakdown,passes,passes,,,,Feyenoord,90.0,,99.5,0.5,87.5,60.7,True,True,1,boolean_field,success,True,,False,True,key_pass,rating-breakdown,True,99.5,0.5,87.5,60.7,cross,True,True,"{""playerCoordinates"": {""x"": 99.5, ""y"": 0.5}, ""passEndCoordinates"": {""x"": 87.5, ""y"": 60.7}, ""eventActionType"": ""cross"", ""isHome"": true, ""outcome"": true, ""keypass"": true, ""isLongBall"": true}",True,
1218066,Anis Hadj Moussa,14053607,rating-breakdown,passes,passes,,,,Feyenoord,90.0,,33.1,6.2,32.3,71,True,True,1,boolean_field,success,True,,False,False,pass,rating-breakdown,True,33.1,6.2,32.3,71,pass,True,False,"{""playerCoordinates"": {""x"": 33.1, ""y"": 6.2}, ""passEndCoordinates"": {""x"": 32.3, ""y"": 71}, ""eventActionType"": ""pass"", ""isHome"": true, ""outcome"": true, ""keypass"": false, ""isLongBall"": true}",True,
1218066,Anis Hadj Moussa,14053607,rating-breakdown,passes,passes,,,,Feyenoord,90.0,,99.5,0.5,94.8,39.1,True,True,1,boolean_field,success,True,,False,False,pass,rating-breakdown,True,99.5,0.5,94.8,39.1,cross,True,False,"{""playerCoordinates"": {""x"": 99.5, ""y"": 0.5}, ""passEndCoordinates"": {""x"": 94.8, ""y"": 39.1}, ""eventActionType"": ""cross"", ""isHome"": true, ""outcome"": true, ""keypass"": false}",,
1218066,Anis Hadj Moussa,14053607,rating-breakdown,passes,passes,,,,Feyenoord,90.0,,84.7,26.9,81,31.3,True,True,1,boolean_field,success,True,,False,True,key_pass,rating-breakdown,True,84.7,26.9,81,31.3,pass,True,True,"{""playerCoordinates"": {""x"": 84.7, ""y"": 26.9}, ""passEndCoordinates"": {""x"": 81, ""y"": 31.3}, ""eventActionType"": ""pass"", ""isHome"": true, ""outcome"": true, ""keypass"": true}",,
1218066,Anis Hadj Moussa,14053607,rating-breakdown,passes,passes,,,,Feyenoord,90.0,,99.5,0.5,88.4,52,,,,unresolvable,,,,False,False,pass,rating-breakdown,True,99.5,0.5,88.4,52,cross,True,False,"{""playerCoordinates"": {""x"": 99.5, ""y"": 0.5}, ""passEndCoordinates"": {""x"": 88.4, ""y"": 52}, ""eventActionType"": ""cross"", ""isHome"": true, ""keypass"": false, ""isLongBall"": true}",True,
1218066,Anis Hadj Moussa,14053607,rating-breakdown,passes,passes,,,,Feyenoord,90.0,,78.1,6.8,67.1,30,True,True,1,boolean_field,success,True,,False,False,pass,rating-breakdown,True,78.1,6.8,67.1,30,pass,True,False,"{""playerCoordinates"": {""x"": 78.1, ""y"": 6.8}, ""passEndCoordinates"": {""x"": 67.1, ""y"": 30}, ""eventActionType"": ""pass"", ""isHome"": true, ""outcome"": true, ""keypass"": false}",,
1218066,Anis Hadj Moussa,14053607,rating-breakdown,passes,passes,,,,Feyenoord,90.0,,75.8,5.4,92.4,10.1,True,True,1,boolean_field,success,True,,False,False,pass,rating-breakdown,True,75.8,5.4,92.4,10.1,pass,True,False,"{""playerCoordinates"": {""x"": 75.8, ""y"": 5.4}, ""passEndCoordinates"": {""x"": 92.4, ""y"": 10.1}, ""eventActionType"": ""pass"", ""isHome"": true, ""outcome"": true, ""keypass"": false}",,
1218066,Anis Hadj Moussa,14053607,rating-breakdown,passes,passes,,,,Feyenoord,90.0,,79.9,8.6,70.8,31.2,True,True,1,boolean_field,success,True,,False,False,pass,rating-breakdown,True,79.9,8.6,70.8,31.2,pass,True,False,"{""playerCoordinates"": {""x"": 79.9, ""y"": 8.6}, ""passEndCoordinates"": {""x"": 70.8, ""y"": 31.2}, ""eventActionType"": ""pass"", ""isHome"": true, ""outcome"": true, ""keypass"": false}",,
1218066,Anis Hadj Moussa,14053607,rating-breakdown,passes,passes,,,,Feyenoord,90.0,,70.5,85,88.5,48.5,,,,unresolvable,,,,False,False,pass,rating-breakdown,True,70.5,85,88.5,48.5,cross,True,False,"{""playerCoordinates"": {""x"": 70.5, ""y"": 85}, ""passEndCoordinates"": {""x"": 88.5, ""y"": 48.5}, ""eventActionType"": ""cross"", ""isHome"": true, ""keypass"": false}",,
1218066,Anis Hadj Moussa,14053607,rating-breakdown,passes,passes,,,,Feyenoord,90.0,,73.4,9.3,89.8,47.6,True,True,1,boolean_field,success,True,,False,False,pass,rating-breakdown,True,73.4,9.3,89.8,47.6,cross,True,False,"{""playerCoordinates"": {""x"": 73.4, ""y"": 9.3}, ""passEndCoordinates"": {""x"": 89.8, ""y"": 47.6}, ""eventActionType"": ""cross"", ""isHome"": true, ""outcome"": true, ""keypass"": false}",,
1218066,Anis Hadj Moussa,14053607,rating-breakdown,passes,passes,,,,Feyenoord,90.0,,75.4,30.3,82.7,37.7,True,True,1,boolean_field,success,True,,False,False,pass,rating-breakdown,True,75.4,30.3,82.7,37.7,pass,True,False,"{""playerCoordinates"": {""x"": 75.4, ""y"": 30.3}, ""passEndCoordinates"": {""x"": 82.7, ""y"": 37.7}, ""eventActionType"": ""pass"", ""isHome"": true, ""outcome"": true, ""keypass"": false}",,
1218066,Anis Hadj Moussa,14053607,rating-breakdown,passes,passes,,,,Feyenoord,90.0,,34.5,19.9,26.1,12,True,True,1,boolean_field,success,True,,False,False,pass,rating-breakdown,True,34.5,19.9,26.1,12,pass,True,False,"{""playerCoordinates"": {""x"": 34.5, ""y"": 19.9}, ""passEndCoordinates"": {""x"": 26.1, ""y"": 12}, ""eventActionType"": ""pass"", ""isHome"": true, ""outcome"": true, ""keypass"": false}",,
1218066,Anis Hadj Moussa,14053607,rating-breakdown,passes,passes,,,,Feyenoord,90.0,,66.6,22.6,65.8,45.6,True,True,1,boolean_field,success,True,,False,False,pass,rating-breakdown,True,66.6,22.6,65.8,45.6,pass,True,False,"{""playerCoordinates"": {""x"": 66.6, ""y"": 22.6}, ""passEndCoordinates"": {""x"": 65.8, ""y"": 45.6}, ""eventActionType"": ""pass"", ""isHome"": true, ""outcome"": true, ""keypass"": false}",,
1218066,Anis Hadj Moussa,14053607,rating-breakdown,passes,passes,,,,Feyenoord,90.0,,78.4,93.8,87.9,55.6,,,,unresolvable,,,,False,False,pass,rating-breakdown,True,78.4,93.8,87.9,55.6,cross,True,False,"{""playerCoordinates"": {""x"": 78.4, ""y"": 93.8}, ""passEndCoordinates"": {""x"": 87.9, ""y"": 55.6}, ""eventActionType"": ""cross"", ""isHome"": true, ""keypass"": false}",,
1218066,Anis Hadj Moussa,14053607,rating-breakdown,passes,passes,,,,Feyenoord,90.0,,99.5,99.5,95.2,87.7,True,True,1,boolean_field,success,True,,False,False,pass,rating-breakdown,True,99.5,99.5,95.2,87.7,pass,True,False,"{""playerCoordinates"": {""x"": 99.5, ""y"": 99.5}, ""passEndCoordinates"": {""x"": 95.2, ""y"": 87.7}, ""eventActionType"": ""pass"", ""isHome"": true, ""outcome"": true, ""keypass"": false}",,
1218066,Anis Hadj Moussa,14053607,rating-breakdown,passes,passes,,,,Feyenoord,90.0,,86.3,83.7,77.1,77.6,True,True,1,boolean_field,success,True,,False,False,pass,rating-breakdown,True,86.3,83.7,77.1,77.6,pass,True,False,"{""playerCoordinates"": {""x"": 86.3, ""y"": 83.7}, ""passEndCoordinates"": {""x"": 77.1, ""y"": 77.6}, ""eventActionType"": ""pass"", ""isHome"": true, ""outcome"": true, ""keypass"": false}",,
1218066,Anis Hadj Moussa,14053607,rating-breakdown,passes,passes,,,,Feyenoord,90.0,,79.6,12,87.6,27.4,True,True,1,boolean_field,success,True,,False,False,pass,rating-breakdown,True,79.6,12,87.6,27.4,pass,True,False,"{""playerCoordinates"": {""x"": 79.6, ""y"": 12}, ""passEndCoordinates"": {""x"": 87.6, ""y"": 27.4}, ""eventActionType"": ""pass"", ""isHome"": true, ""outcome"": true, ""keypass"": false}",,
1218066,Anis Hadj Moussa,14053607,rating-breakdown,passes,passes,,,,Feyenoord,90.0,,73.2,19.9,86.3,62.8,,,,unresolvable,,,,False,False,pass,rating-breakdown,True,73.2,19.9,86.3,62.8,cross,True,False,"{""playerCoordinates"": {""x"": 73.2, ""y"": 19.9}, ""passEndCoordinates"": {""x"": 86.3, ""y"": 62.8}, ""eventActionType"": ""cross"", ""isHome"": true, ""keypass"": false, ""isLongBall"": true}",True,
1218066,Anis Hadj Moussa,14053607,rating-breakdown,passes,passes,,,,Feyenoord,90.0,,76.3,26.8,79.2,28.6,,,,unresolvable,,,,False,False,pass,rating-breakdown,True,76.3,26.8,79.2,28.6,pass,True,False,"{""playerCoordinates"": {""x"": 76.3, ""y"": 26.8}, ""passEndCoordinates"": {""x"": 79.2, ""y"": 28.6}, ""eventActionType"": ""pass"", ""isHome"": true, ""keypass"": false}",,
1218066,Anis Hadj Moussa,14053607,rating-breakdown,passes,passes,,,,Feyenoord,90.0,,74.2,10.3,93.7,25.1,True,True,1,boolean_field,success,True,,False,False,pass,rating-breakdown,True,74.2,10.3,93.7,25.1,pass,True,False,"{""playerCoordinates"": {""x"": 74.2, ""y"": 10.3}, ""passEndCoordinates"": {""x"": 93.7, ""y"": 25.1}, ""eventActionType"": ""pass"", ""isHome"": true, ""outcome"": true, ""keypass"": false}",,
1218066,Anis Hadj Moussa,14053607,rating-breakdown,ball-carries,ball-carries,,,,Feyenoord,90.0,,62.8,6.6,74.4,15.8,,,,unresolvable,,,,False,False,,rating-breakdown,True,62.8,6.6,74.4,15.8,ball-carry,True,,"{""playerCoordinates"": {""x"": 62.8, ""y"": 6.6}, ""passEndCoordinates"": {""x"": 74.4, ""y"": 15.8}, ""eventActionType"": ""ball-carry"", ""isHome"": true}",,
1218066,Anis Hadj Moussa,14053607,rating-breakdown,ball-carries,ball-carries,,,,Feyenoord,90.0,,63.4,9.3,66.4,30.8,,,,unresolvable,,,,False,False,,rating-breakdown,True,63.4,9.3,66.4,30.8,ball-carry,True,,"{""playerCoordinates"": {""x"": 63.4, ""y"": 9.3}, ""passEndCoordinates"": {""x"": 66.4, ""y"": 30.8}, ""eventActionType"": ""ball-carry"", ""isHome"": true}",,
1218066,Anis Hadj Moussa,14053607,rating-breakdown,ball-carries,ball-carries,,,,Feyenoord,90.0,,41,11.3,33.9,4.7,,,,unresolvable,,,,False,False,,rating-breakdown,True,41,11.3,33.9,4.7,ball-carry,True,,"{""playerCoordinates"": {""x"": 41, ""y"": 11.3}, ""passEndCoordinates"": {""x"": 33.9, ""y"": 4.7}, ""eventActionType"": ""ball-carry"", ""isHome"": true}",,
1218066,Anis Hadj Moussa,14053607,rating-breakdown,ball-carries,ball-carries,,,,Feyenoord,90.0,,41,7.4,54.6,21.8,,,,unresolvable,,,,False,False,,rating-breakdown,True,41,7.4,54.6,21.8,ball-carry,True,,"{""playerCoordinates"": {""x"": 41, ""y"": 7.4}, ""passEndCoordinates"": {""x"": 54.6, ""y"": 21.8}, ""eventActionType"": ""ball-carry"", ""isHome"": true}",,
1218066,Anis Hadj Moussa,14053607,rating-breakdown,ball-carries,ball-carries,,,,Feyenoord,90.0,,73.1,5.7,81.1,15.4,,,,unresolvable,,,,False,False,,rating-breakdown,True,73.1,5.7,81.1,15.4,ball-carry,True,,"{""playerCoordinates"": {""x"": 73.1, ""y"": 5.7}, ""passEndCoordinates"": {""x"": 81.1, ""y"": 15.4}, ""eventActionType"": ""ball-carry"", ""isHome"": true}",,
1218066,Anis Hadj Moussa,14053607,rating-breakdown,ball-carries,ball-carries,,,,Feyenoord,90.0,,86,8.1,91.9,19.4,,,,unresolvable,,,,False,False,,rating-breakdown,True,86,8.1,91.9,19.4,ball-carry,True,,"{""playerCoordinates"": {""x"": 86, ""y"": 8.1}, ""passEndCoordinates"": {""x"": 91.9, ""y"": 19.4}, ""eventActionType"": ""ball-carry"", ""isHome"": true}",,
1218066,Anis Hadj Moussa,14053607,rating-breakdown,ball-carries,ball-carries,,,,Feyenoord,90.0,,53.2,17.4,47.2,18.2,,,,unresolvable,,,,False,False,,rating-breakdown,True,53.2,17.4,47.2,18.2,ball-carry,True,,"{""playerCoordinates"": {""x"": 53.2, ""y"": 17.4}, ""passEndCoordinates"": {""x"": 47.2, ""y"": 18.2}, ""eventActionType"": ""ball-carry"", ""isHome"": true}",,
1218066,Anis Hadj Moussa,14053607,rating-breakdown,ball-carries,ball-carries,,,,Feyenoord,90.0,,71.4,23.6,82,20.7,,,,unresolvable,,,,False,False,,rating-breakdown,True,71.4,23.6,82,20.7,ball-carry,True,,"{""playerCoordinates"": {""x"": 71.4, ""y"": 23.6}, ""passEndCoordinates"": {""x"": 82, ""y"": 20.7}, ""eventActionType"": ""ball-carry"", ""isHome"": true}",,
1218066,Anis Hadj Moussa,14053607,rating-breakdown,ball-carries,ball-carries,,,,Feyenoord,90.0,,35.2,10.8,38.4,5.8,,,,unresolvable,,,,False,False,,rating-breakdown,True,35.2,10.8,38.4,5.8,ball-carry,True,,"{""playerCoordinates"": {""x"": 35.2, ""y"": 10.8}, ""passEndCoordinates"": {""x"": 38.4, ""y"": 5.8}, ""eventActionType"": ""ball-carry"", ""isHome"": true}",,
1218066,Anis Hadj Moussa,14053607,rating-breakdown,ball-carries,ball-carries,,,,Feyenoord,90.0,,71.7,41.4,75.4,39.2,,,,unresolvable,,,,False,False,,rating-breakdown,True,71.7,41.4,75.4,39.2,ball-carry,True,,"{""playerCoordinates"": {""x"": 71.7, ""y"": 41.4}, ""passEndCoordinates"": {""x"": 75.4, ""y"": 39.2}, ""eventActionType"": ""ball-carry"", ""isHome"": true}",,
1218066,Anis Hadj Moussa,14053607,rating-breakdown,ball-carries,ball-carries,,,,Feyenoord,90.0,,73.7,6.4,91.6,8.4,,,,unresolvable,,,,False,False,,rating-breakdown,True,73.7,6.4,91.6,8.4,ball-carry,True,,"{""playerCoordinates"": {""x"": 73.7, ""y"": 6.4}, ""passEndCoordinates"": {""x"": 91.6, ""y"": 8.4}, ""eventActionType"": ""ball-carry"", ""isHome"": true}",,
1218066,Anis Hadj Moussa,14053607,rating-breakdown,ball-carries,ball-carries,,,,Feyenoord,90.0,,76.8,4.2,84,16.2,,,,unresolvable,,,,False,False,,rating-breakdown,True,76.8,4.2,84,16.2,ball-carry,True,,"{""playerCoordinates"": {""x"": 76.8, ""y"": 4.2}, ""passEndCoordinates"": {""x"": 84, ""y"": 16.2}, ""eventActionType"": ""ball-carry"", ""isHome"": true}",,
1218066,Anis Hadj Moussa,14053607,rating-breakdown,ball-carries,ball-carries,,,,Feyenoord,90.0,,76.1,5.7,93.7,23.4,,,,unresolvable,,,,False,False,,rating-breakdown,True,76.1,5.7,93.7,23.4,ball-carry,True,,"{""playerCoordinates"": {""x"": 76.1, ""y"": 5.7}, ""passEndCoordinates"": {""x"": 93.7, ""y"": 23.4}, ""eventActionType"": ""ball-carry"", ""isHome"": true}",,
1218066,Anis Hadj Moussa,14053607,rating-breakdown,ball-carries,ball-carries,,,,Feyenoord,90.0,,86,19.2,84.7,26.9,,,,unresolvable,,,,False,False,,rating-breakdown,True,86,19.2,84.7,26.9,ball-carry,True,,"{""playerCoordinates"": {""x"": 86, ""y"": 19.2}, ""passEndCoordinates"": {""x"": 84.7, ""y"": 26.9}, ""eventActionType"": ""ball-carry"", ""isHome"": true}",,
1218066,Anis Hadj Moussa,14053607,rating-breakdown,ball-carries,ball-carries,,,,Feyenoord,90.0,,70.5,6.1,83.1,21.2,,,,unresolvable,,,,False,False,,rating-breakdown,True,70.5,6.1,83.1,21.2,ball-carry,True,,"{""playerCoordinates"": {""x"": 70.5, ""y"": 6.1}, ""passEndCoordinates"": {""x"": 83.1, ""y"": 21.2}, ""eventActionType"": ""ball-carry"", ""isHome"": true}",,
1218066,Anis Hadj Moussa,14053607,rating-breakdown,ball-carries,ball-carries,,,,Feyenoord,90.0,,75.7,5.7,79.9,8.6,,,,unresolvable,,,,False,False,,rating-breakdown,True,75.7,5.7,79.9,8.6,ball-carry,True,,"{""playerCoordinates"": {""x"": 75.7, ""y"": 5.7}, ""passEndCoordinates"": {""x"": 79.9, ""y"": 8.6}, ""eventActionType"": ""ball-carry"", ""isHome"": true}",,
1218066,Anis Hadj Moussa,14053607,rating-breakdown,ball-carries,ball-carries,,,,Feyenoord,90.0,,83,26.4,75.4,30.3,,,,unresolvable,,,,False,False,,rating-breakdown,True,83,26.4,75.4,30.3,ball-carry,True,,"{""playerCoordinates"": {""x"": 83, ""y"": 26.4}, ""passEndCoordinates"": {""x"": 75.4, ""y"": 30.3}, ""eventActionType"": ""ball-carry"", ""isHome"": true}",,
1218066,Anis Hadj Moussa,14053607,rating-breakdown,ball-carries,ball-carries,,,,Feyenoord,90.0,,62.6,3.9,66.6,22.6,,,,unresolvable,,,,False,False,,rating-breakdown,True,62.6,3.9,66.6,22.6,ball-carry,True,,"{""playerCoordinates"": {""x"": 62.6, ""y"": 3.9}, ""passEndCoordinates"": {""x"": 66.6, ""y"": 22.6}, ""eventActionType"": ""ball-carry"", ""isHome"": true}",,
1218066,Anis Hadj Moussa,14053607,rating-breakdown,ball-carries,ball-carries,,,,Feyenoord,90.0,,74.7,96.1,78.4,93.8,,,,unresolvable,,,,False,False,,rating-breakdown,True,74.7,96.1,78.4,93.8,ball-carry,True,,"{""playerCoordinates"": {""x"": 74.7, ""y"": 96.1}, ""passEndCoordinates"": {""x"": 78.4, ""y"": 93.8}, ""eventActionType"": ""ball-carry"", ""isHome"": true}",,
1218066,Anis Hadj Moussa,14053607,rating-breakdown,ball-carries,ball-carries,,,,Feyenoord,90.0,,76.5,9.3,79.6,12,,,,unresolvable,,,,False,False,,rating-breakdown,True,76.5,9.3,79.6,12,ball-carry,True,,"{""playerCoordinates"": {""x"": 76.5, ""y"": 9.3}, ""passEndCoordinates"": {""x"": 79.6, ""y"": 12}, ""eventActionType"": ""ball-carry"", ""isHome"": true}",,
1218066,Anis Hadj Moussa,14053607,rating-breakdown,ball-carries,ball-carries,,,,Feyenoord,90.0,,73,16.7,76.3,26.8,,,,unresolvable,,,,False,False,,rating-breakdown,True,73,16.7,76.3,26.8,ball-carry,True,,"{""playerCoordinates"": {""x"": 73, ""y"": 16.7}, ""passEndCoordinates"": {""x"": 76.3, ""y"": 26.8}, ""eventActionType"": ""ball-carry"", ""isHome"": true}",,
1218066,Anis Hadj Moussa,14053607,rating-breakdown,ball-carries,ball-carries,,,,Feyenoord,90.0,,43.9,7.3,74.2,10.3,,,,unresolvable,,,,False,False,,rating-breakdown,True,43.9,7.3,74.2,10.3,ball-carry,True,,"{""playerCoordinates"": {""x"": 43.9, ""y"": 7.3}, ""passEndCoordinates"": {""x"": 74.2, ""y"": 10.3}, ""eventActionType"": ""ball-carry"", ""isHome"": true}",,
1218066,Anis Hadj Moussa,14053607,rating-breakdown,dribbles,dribbles,,,,Feyenoord,90.0,,37.6,5.9,,,,,,unresolvable,,,,False,False,,rating-breakdown,True,37.6,5.9,,,dribble,True,False,"{""playerCoordinates"": {""x"": 37.6, ""y"": 5.9}, ""eventActionType"": ""dribble"", ""isHome"": true, ""keypass"": false}",,
1218066,Anis Hadj Moussa,14053607,rating-breakdown,dribbles,dribbles,,,,Feyenoord,90.0,,54.4,20.3,,,True,True,1,boolean_field,success,,True,False,False,,rating-breakdown,True,54.4,20.3,,,dribble,True,False,"{""playerCoordinates"": {""x"": 54.4, ""y"": 20.3}, ""eventActionType"": ""dribble"", ""isHome"": true, ""outcome"": true, ""keypass"": false}",,
1218066,Anis Hadj Moussa,14053607,rating-breakdown,dribbles,dribbles,,,,Feyenoord,90.0,,81.8,14.7,,,True,True,1,boolean_field,success,,True,False,False,,rating-breakdown,True,81.8,14.7,,,dribble,True,False,"{""playerCoordinates"": {""x"": 81.8, ""y"": 14.7}, ""eventActionType"": ""dribble"", ""isHome"": true, ""outcome"": true, ""keypass"": false}",,
1218066,Anis Hadj Moussa,14053607,rating-breakdown,dribbles,dribbles,,,,Feyenoord,90.0,,38.4,5.8,,,,,,unresolvable,,,,False,False,,rating-breakdown,True,38.4,5.8,,,dribble,True,False,"{""playerCoordinates"": {""x"": 38.4, ""y"": 5.8}, ""eventActionType"": ""dribble"", ""isHome"": true, ""keypass"": false}",,
1218066,Anis Hadj Moussa,14053607,rating-breakdown,dribbles,dribbles,,,,Feyenoord,90.0,,91.6,8.4,,,,,,unresolvable,,,,False,False,,rating-breakdown,True,91.6,8.4,,,dribble,True,False,"{""playerCoordinates"": {""x"": 91.6, ""y"": 8.4}, ""eventActionType"": ""dribble"", ""isHome"": true, ""keypass"": false}",,
1218066,Anis Hadj Moussa,14053607,rating-breakdown,dribbles,dribbles,,,,Feyenoord,90.0,,40.6,4.2,,,True,True,1,boolean_field,success,,True,False,False,,rating-breakdown,True,40.6,4.2,,,dribble,True,False,"{""playerCoordinates"": {""x"": 40.6, ""y"": 4.2}, ""eventActionType"": ""dribble"", ""isHome"": true, ""outcome"": true, ""keypass"": false}",,
1218066,Anis Hadj Moussa,14053607,rating-breakdown,dribbles,dribbles,,,,Feyenoord,90.0,,93.7,23.4,,,,,,unresolvable,,,,False,False,,rating-breakdown,True,93.7,23.4,,,dribble,True,False,"{""playerCoordinates"": {""x"": 93.7, ""y"": 23.4}, ""eventActionType"": ""dribble"", ""isHome"": true, ""keypass"": false}",,
1218066,Anis Hadj Moussa,14053607,rating-breakdown,dribbles,dribbles,,,,Feyenoord,90.0,,82.5,20.8,,,True,True,1,boolean_field,success,,True,False,False,,rating-breakdown,True,82.5,20.8,,,dribble,True,False,"{""playerCoordinates"": {""x"": 82.5, ""y"": 20.8}, ""eventActionType"": ""dribble"", ""isHome"": true, ""outcome"": true, ""keypass"": false}",,
1218066,Anis Hadj Moussa,14053607,rating-breakdown,defensive,defensive,,,,Feyenoord,90.0,,38.7,8.1,,,True,True,1,boolean_field,success,,True,False,False,,rating-breakdown,True,38.7,8.1,,,ball-recovery,True,False,"{""playerCoordinates"": {""x"": 38.7, ""y"": 8.1}, ""eventActionType"": ""ball-recovery"", ""isHome"": true, ""outcome"": true, ""keypass"": false}",,
1218066,Anis Hadj Moussa,14053607,rating-breakdown,defensive,defensive,,,,Feyenoord,90.0,,29.7,5.1,,,True,True,1,boolean_field,success,,True,False,False,,rating-breakdown,True,29.7,5.1,,,ball-recovery,True,False,"{""playerCoordinates"": {""x"": 29.7, ""y"": 5.1}, ""eventActionType"": ""ball-recovery"", ""isHome"": true, ""outcome"": true, ""keypass"": false}",,
1218066,Anis Hadj Moussa,14053607,rating-breakdown,defensive,defensive,,,,Feyenoord,90.0,,41,11.3,,,True,True,1,boolean_field,success,,True,False,False,,rating-breakdown,True,41,11.3,,,ball-recovery,True,False,"{""playerCoordinates"": {""x"": 41, ""y"": 11.3}, ""eventActionType"": ""ball-recovery"", ""isHome"": true, ""outcome"": true, ""keypass"": false}",,
1218066,Anis Hadj Moussa,14053607,rating-breakdown,defensive,defensive,,,,Feyenoord,90.0,,41,7.4,,,True,True,1,boolean_field,success,,True,False,False,,rating-breakdown,True,41,7.4,,,ball-recovery,True,False,"{""playerCoordinates"": {""x"": 41, ""y"": 7.4}, ""eventActionType"": ""ball-recovery"", ""isHome"": true, ""outcome"": true, ""keypass"": false}",,
1218066,Anis Hadj Moussa,14053607,rating-breakdown,defensive,defensive,,,,Feyenoord,90.0,,88.4,19.3,,,,,,unresolvable,,,,False,False,,rating-breakdown,True,88.4,19.3,,,tackle,True,False,"{""playerCoordinates"": {""x"": 88.4, ""y"": 19.3}, ""eventActionType"": ""tackle"", ""isHome"": true, ""keypass"": false}",,
1218066,Anis Hadj Moussa,14053607,rating-breakdown,defensive,defensive,,,,Feyenoord,90.0,,39.5,6.2,45.6,0,True,True,1,boolean_field,success,,True,False,False,,rating-breakdown,True,39.5,6.2,45.6,0,clearance,True,False,"{""playerCoordinates"": {""x"": 39.5, ""y"": 6.2}, ""passEndCoordinates"": {""x"": 45.6, ""y"": 0}, ""eventActionType"": ""clearance"", ""isHome"": true, ""outcome"": true, ""keypass"": false}",,
1218066,Anis Hadj Moussa,14053607,rating-breakdown,defensive,defensive,,,,Feyenoord,90.0,,39.3,5.4,,,True,True,1,boolean_field,success,,True,False,False,,rating-breakdown,True,39.3,5.4,,,ball-recovery,True,False,"{""playerCoordinates"": {""x"": 39.3, ""y"": 5.4}, ""eventActionType"": ""ball-recovery"", ""isHome"": true, ""outcome"": true, ""keypass"": false}",,
1218066,Anis Hadj Moussa,14053607,rating-breakdown,defensive,defensive,,,,Feyenoord,90.0,,34.6,4.6,,,True,True,1,boolean_field,success,,True,False,False,,rating-breakdown,True,34.6,4.6,,,ball-recovery,True,False,"{""playerCoordinates"": {""x"": 34.6, ""y"": 4.6}, ""eventActionType"": ""ball-recovery"", ""isHome"": true, ""outcome"": true, ""keypass"": false}",,
1218066,Anis Hadj Moussa,14053607,rating-breakdown,defensive,defensive,,,,Feyenoord,90.0,,34.5,19.9,,,True,True,1,boolean_field,success,,True,False,False,,rating-breakdown,True,34.5,19.9,,,ball-recovery,True,False,"{""playerCoordinates"": {""x"": 34.5, ""y"": 19.9}, ""eventActionType"": ""ball-recovery"", ""isHome"": true, ""outcome"": true, ""keypass"": false}",,
1218066,Anis Hadj Moussa,14053619,rating-breakdown,passes,passes,,,,Feyenoord,90.0,,78.8,24.8,91.8,43.8,True,True,1,boolean_field,success,True,,False,True,key_pass,rating-breakdown,True,78.8,24.8,91.8,43.8,cross,True,True,"{""playerCoordinates"": {""x"": 78.8, ""y"": 24.8}, ""passEndCoordinates"": {""x"": 91.8, ""y"": 43.8}, ""eventActionType"": ""cross"", ""isHome"": true, ""outcome"": true, ""keypass"": true}",,
1218066,Anis Hadj Moussa,14053619,rating-breakdown,passes,passes,,,,Feyenoord,90.0,,72.4,44.2,90.1,34.2,,,,unresolvable,,,,False,False,pass,rating-breakdown,True,72.4,44.2,90.1,34.2,pass,True,False,"{""playerCoordinates"": {""x"": 72.4, ""y"": 44.2}, ""passEndCoordinates"": {""x"": 90.1, ""y"": 34.2}, ""eventActionType"": ""pass"", ""isHome"": true, ""keypass"": false}",,
1218066,Anis Hadj Moussa,14053619,rating-breakdown,passes,passes,,,,Feyenoord,90.0,,60,31,68.6,40,True,True,1,boolean_field,success,True,,False,False,pass,rating-breakdown,True,60,31,68.6,40,pass,True,False,"{""playerCoordinates"": {""x"": 60, ""y"": 31}, ""passEndCoordinates"": {""x"": 68.6, ""y"": 40}, ""eventActionType"": ""pass"", ""isHome"": true, ""outcome"": true, ""keypass"": false}",,
1218066,Anis Hadj Moussa,14053619,rating-breakdown,passes,passes,,,,Feyenoord,90.0,,56.3,14.2,47.2,31.6,True,True,1,boolean_field,success,True,,False,False,pass,rating-breakdown,True,56.3,14.2,47.2,31.6,pass,True,False,"{""playerCoordinates"": {""x"": 56.3, ""y"": 14.2}, ""passEndCoordinates"": {""x"": 47.2, ""y"": 31.6}, ""eventActionType"": ""pass"", ""isHome"": true, ""outcome"": true, ""keypass"": false}",,
1218066,Anis Hadj Moussa,14053619,rating-breakdown,passes,passes,,,,Feyenoord,90.0,,91.7,5.1,75.8,6.9,True,True,1,boolean_field,success,True,,False,False,pass,rating-breakdown,True,91.7,5.1,75.8,6.9,pass,True,False,"{""playerCoordinates"": {""x"": 91.7, ""y"": 5.1}, ""passEndCoordinates"": {""x"": 75.8, ""y"": 6.9}, ""eventActionType"": ""pass"", ""isHome"": true, ""outcome"": true, ""keypass"": false}",,
1218066,Anis Hadj Moussa,14053619,rating-breakdown,passes,passes,,,,Feyenoord,90.0,,94.9,17.8,84.6,52.1,True,True,1,boolean_field,success,True,,False,False,pass,rating-breakdown,True,94.9,17.8,84.6,52.1,cross,True,False,"{""playerCoordinates"": {""x"": 94.9, ""y"": 17.8}, ""passEndCoordinates"": {""x"": 84.6, ""y"": 52.1}, ""eventActionType"": ""cross"", ""isHome"": true, ""outcome"": true, ""keypass"": false}",,
1218066,Anis Hadj Moussa,14053619,rating-breakdown,passes,passes,,,,Feyenoord,90.0,,79.6,5.4,81.6,13,True,True,1,boolean_field,success,True,,False,False,pass,rating-breakdown,True,79.6,5.4,81.6,13,pass,True,False,"{""playerCoordinates"": {""x"": 79.6, ""y"": 5.4}, ""passEndCoordinates"": {""x"": 81.6, ""y"": 13}, ""eventActionType"": ""pass"", ""isHome"": true, ""outcome"": true, ""keypass"": false}",,
1218066,Anis Hadj Moussa,14053619,rating-breakdown,passes,passes,,,,Feyenoord,90.0,,73.2,10.6,65.9,11.8,True,True,1,boolean_field,success,True,,False,False,pass,rating-breakdown,True,73.2,10.6,65.9,11.8,pass,True,False,"{""playerCoordinates"": {""x"": 73.2, ""y"": 10.6}, ""passEndCoordinates"": {""x"": 65.9, ""y"": 11.8}, ""eventActionType"": ""pass"", ""isHome"": true, ""outcome"": true, ""keypass"": false}",,
1218066,Anis Hadj Moussa,14053619,rating-breakdown,passes,passes,,,,Feyenoord,90.0,,73.7,5.4,84.9,8.2,True,True,1,boolean_field,success,True,,False,False,pass,rating-breakdown,True,73.7,5.4,84.9,8.2,pass,True,False,"{""playerCoordinates"": {""x"": 73.7, ""y"": 5.4}, ""passEndCoordinates"": {""x"": 84.9, ""y"": 8.2}, ""eventActionType"": ""pass"", ""isHome"": true, ""outcome"": true, ""keypass"": false}",,
1218066,Anis Hadj Moussa,14053619,rating-breakdown,passes,passes,,,,Feyenoord,90.0,,77,3.4,78.6,10.3,True,True,1,boolean_field,success,True,,False,False,pass,rating-breakdown,True,77,3.4,78.6,10.3,pass,True,False,"{""playerCoordinates"": {""x"": 77, ""y"": 3.4}, ""passEndCoordinates"": {""x"": 78.6, ""y"": 10.3}, ""eventActionType"": ""pass"", ""isHome"": true, ""outcome"": true, ""keypass"": false}",,
1218066,Anis Hadj Moussa,14053619,rating-breakdown,passes,passes,,,,Feyenoord,90.0,,67.1,2.7,59.7,2.8,True,True,1,boolean_field,success,True,,False,False,pass,rating-breakdown,True,67.1,2.7,59.7,2.8,pass,True,False,"{""playerCoordinates"": {""x"": 67.1, ""y"": 2.7}, ""passEndCoordinates"": {""x"": 59.7, ""y"": 2.8}, ""eventActionType"": ""pass"", ""isHome"": true, ""outcome"": true, ""keypass"": false}",,
1218066,Anis Hadj Moussa,14053619,rating-breakdown,passes,passes,,,,Feyenoord,90.0,,76.2,20.2,93.4,23.5,True,True,1,boolean_field,success,True,,False,False,pass,rating-breakdown,True,76.2,20.2,93.4,23.5,pass,True,False,"{""playerCoordinates"": {""x"": 76.2, ""y"": 20.2}, ""passEndCoordinates"": {""x"": 93.4, ""y"": 23.5}, ""eventActionType"": ""pass"", ""isHome"": true, ""outcome"": true, ""keypass"": false}",,
1218066,Anis Hadj Moussa,14053619,rating-breakdown,passes,passes,,,,Feyenoord,90.0,,95.6,9,69.2,26,True,True,1,boolean_field,success,True,,False,False,pass,rating-breakdown,True,95.6,9,69.2,26,pass,True,False,"{""playerCoordinates"": {""x"": 95.6, ""y"": 9}, ""passEndCoordinates"": {""x"": 69.2, ""y"": 26}, ""eventActionType"": ""pass"", ""isHome"": true, ""outcome"": true, ""keypass"": false}",,
1218066,Anis Hadj Moussa,14053619,rating-breakdown,passes,passes,,,,Feyenoord,90.0,,64.9,31.3,76.2,34.6,True,True,1,boolean_field,success,True,,False,False,pass,rating-breakdown,True,64.9,31.3,76.2,34.6,pass,True,False,"{""playerCoordinates"": {""x"": 64.9, ""y"": 31.3}, ""passEndCoordinates"": {""x"": 76.2, ""y"": 34.6}, ""eventActionType"": ""pass"", ""isHome"": true, ""outcome"": true, ""keypass"": false}",,
1218066,Anis Hadj Moussa,14053619,rating-breakdown,passes,passes,,,,Feyenoord,90.0,,39.6,8.7,63.5,0,,,,unresolvable,,,,False,False,pass,rating-breakdown,True,39.6,8.7,63.5,0,pass,True,False,"{""playerCoordinates"": {""x"": 39.6, ""y"": 8.7}, ""passEndCoordinates"": {""x"": 63.5, ""y"": 0}, ""eventActionType"": ""pass"", ""isHome"": true, ""keypass"": false}",,
1218066,Anis Hadj Moussa,14053619,rating-breakdown,passes,passes,,,,Feyenoord,90.0,,65.2,15,58.2,16.9,True,True,1,boolean_field,success,True,,False,False,pass,rating-breakdown,True,65.2,15,58.2,16.9,pass,True,False,"{""playerCoordinates"": {""x"": 65.2, ""y"": 15}, ""passEndCoordinates"": {""x"": 58.2, ""y"": 16.9}, ""eventActionType"": ""pass"", ""isHome"": true, ""outcome"": true, ""keypass"": false}",,
1218066,Anis Hadj Moussa,14053619,rating-breakdown,passes,passes,,,,Feyenoord,90.0,,96.7,9.6,88,2.1,True,True,1,boolean_field,success,True,,False,False,pass,rating-breakdown,True,96.7,9.6,88,2.1,pass,True,False,"{""playerCoordinates"": {""x"": 96.7, ""y"": 9.6}, ""passEndCoordinates"": {""x"": 88, ""y"": 2.1}, ""eventActionType"": ""pass"", ""isHome"": true, ""outcome"": true, ""keypass"": false}",,
1218066,Anis Hadj Moussa,14053619,rating-breakdown,passes,passes,,,,Feyenoord,90.0,,68.2,33.6,88.5,35.1,True,True,1,boolean_field,success,True,,False,False,pass,rating-breakdown,True,68.2,33.6,88.5,35.1,pass,True,False,"{""playerCoordinates"": {""x"": 68.2, ""y"": 33.6}, ""passEndCoordinates"": {""x"": 88.5, ""y"": 35.1}, ""eventActionType"": ""pass"", ""isHome"": true, ""outcome"": true, ""keypass"": false}",,
1218066,Anis Hadj Moussa,14053619,rating-breakdown,passes,passes,,,,Feyenoord,90.0,,99.5,0.5,97.7,47.2,,,,unresolvable,,,,False,False,pass,rating-breakdown,True,99.5,0.5,97.7,47.2,cross,True,False,"{""playerCoordinates"": {""x"": 99.5, ""y"": 0.5}, ""passEndCoordinates"": {""x"": 97.7, ""y"": 47.2}, ""eventActionType"": ""cross"", ""isHome"": true, ""keypass"": false}",,
1218066,Anis Hadj Moussa,14053619,rating-breakdown,passes,passes,,,,Feyenoord,90.0,,61.7,22.9,63.7,53.1,True,True,1,boolean_field,success,True,,False,False,pass,rating-breakdown,True,61.7,22.9,63.7,53.1,pass,True,False,"{""playerCoordinates"": {""x"": 61.7, ""y"": 22.9}, ""passEndCoordinates"": {""x"": 63.7, ""y"": 53.1}, ""eventActionType"": ""pass"", ""isHome"": true, ""outcome"": true, ""keypass"": false}",,
1218066,Anis Hadj Moussa,14053619,rating-breakdown,passes,passes,,,,Feyenoord,90.0,,70.9,6.3,59.7,12.4,True,True,1,boolean_field,success,True,,False,False,pass,rating-breakdown,True,70.9,6.3,59.7,12.4,pass,True,False,"{""playerCoordinates"": {""x"": 70.9, ""y"": 6.3}, ""passEndCoordinates"": {""x"": 59.7, ""y"": 12.4}, ""eventActionType"": ""pass"", ""isHome"": true, ""outcome"": true, ""keypass"": false}",,
1218066,Anis Hadj Moussa,14053619,rating-breakdown,passes,passes,,,,Feyenoord,90.0,,99.5,0.5,96.7,19.6,True,True,1,boolean_field,success,True,,False,False,pass,rating-breakdown,True,99.5,0.5,96.7,19.6,pass,True,False,"{""playerCoordinates"": {""x"": 99.5, ""y"": 0.5}, ""passEndCoordinates"": {""x"": 96.7, ""y"": 19.6}, ""eventActionType"": ""pass"", ""isHome"": true, ""outcome"": true, ""keypass"": false}",,
1218066,Anis Hadj Moussa,14053619,rating-breakdown,passes,passes,,,,Feyenoord,90.0,,86.8,14.3,96.7,52.3,,,,unresolvable,,,,False,False,pass,rating-breakdown,True,86.8,14.3,96.7,52.3,cross,True,False,"{""playerCoordinates"": {""x"": 86.8, ""y"": 14.3}, ""passEndCoordinates"": {""x"": 96.7, ""y"": 52.3}, ""eventActionType"": ""cross"", ""isHome"": true, ""keypass"": false}",,
1218066,Anis Hadj Moussa,14053619,rating-breakdown,passes,passes,,,,Feyenoord,90.0,,96.1,16.8,94.9,50.4,,,,unresolvable,,,,False,False,pass,rating-breakdown,True,96.1,16.8,94.9,50.4,cross,True,False,"{""playerCoordinates"": {""x"": 96.1, ""y"": 16.8}, ""passEndCoordinates"": {""x"": 94.9, ""y"": 50.4}, ""eventActionType"": ""cross"", ""isHome"": true, ""keypass"": false}",,
1218066,Anis Hadj Moussa,14053619,rating-breakdown,passes,passes,,,,Feyenoord,90.0,,67,3.7,56.4,18.9,True,True,1,boolean_field,success,True,,False,False,pass,rating-breakdown,True,67,3.7,56.4,18.9,pass,True,False,"{""playerCoordinates"": {""x"": 67, ""y"": 3.7}, ""passEndCoordinates"": {""x"": 56.4, ""y"": 18.9}, ""eventActionType"": ""pass"", ""isHome"": true, ""outcome"": true, ""keypass"": false}",,
1218066,Anis Hadj Moussa,14053619,rating-breakdown,passes,passes,,,,Feyenoord,90.0,,65.8,4.6,68.2,4.8,,,,unresolvable,,,,False,False,pass,rating-breakdown,True,65.8,4.6,68.2,4.8,pass,True,False,"{""playerCoordinates"": {""x"": 65.8, ""y"": 4.6}, ""passEndCoordinates"": {""x"": 68.2, ""y"": 4.8}, ""eventActionType"": ""pass"", ""isHome"": true, ""keypass"": false}",,
1218066,Anis Hadj Moussa,14053619,rating-breakdown,passes,passes,,,,Feyenoord,90.0,,62.3,2.1,53.6,18.1,True,True,1,boolean_field,success,True,,False,False,pass,rating-breakdown,True,62.3,2.1,53.6,18.1,pass,True,False,"{""playerCoordinates"": {""x"": 62.3, ""y"": 2.1}, ""passEndCoordinates"": {""x"": 53.6, ""y"": 18.1}, ""eventActionType"": ""pass"", ""isHome"": true, ""outcome"": true, ""keypass"": false}",,
1218066,Anis Hadj Moussa,14053619,rating-breakdown,passes,passes,,,,Feyenoord,90.0,,68.3,28.6,79.7,37,True,True,1,boolean_field,success,True,,False,False,pass,rating-breakdown,True,68.3,28.6,79.7,37,pass,True,False,"{""playerCoordinates"": {""x"": 68.3, ""y"": 28.6}, ""passEndCoordinates"": {""x"": 79.7, ""y"": 37}, ""eventActionType"": ""pass"", ""isHome"": true, ""outcome"": true, ""keypass"": false}",,
1218066,Anis Hadj Moussa,14053619,rating-breakdown,passes,passes,,,,Feyenoord,90.0,,66.4,84.9,64.7,93.6,True,True,1,boolean_field,success,True,,False,False,pass,rating-breakdown,True,66.4,84.9,64.7,93.6,pass,True,False,"{""playerCoordinates"": {""x"": 66.4, ""y"": 84.9}, ""passEndCoordinates"": {""x"": 64.7, ""y"": 93.6}, ""eventActionType"": ""pass"", ""isHome"": true, ""outcome"": true, ""keypass"": false}",,
1218066,Anis Hadj Moussa,14053619,rating-breakdown,passes,passes,,,,Feyenoord,90.0,,62.3,10.2,67.4,22,,,,unresolvable,,,,False,False,pass,rating-breakdown,True,62.3,10.2,67.4,22,pass,True,False,"{""playerCoordinates"": {""x"": 62.3, ""y"": 10.2}, ""passEndCoordinates"": {""x"": 67.4, ""y"": 22}, ""eventActionType"": ""pass"", ""isHome"": true, ""keypass"": false}",,
1218066,Anis Hadj Moussa,14053619,rating-breakdown,passes,passes,,,,Feyenoord,90.0,,96.2,26.2,94.9,34.2,,,,unresolvable,,,,False,False,pass,rating-breakdown,True,96.2,26.2,94.9,34.2,cross,True,False,"{""playerCoordinates"": {""x"": 96.2, ""y"": 26.2}, ""passEndCoordinates"": {""x"": 94.9, ""y"": 34.2}, ""eventActionType"": ""cross"", ""isHome"": true, ""keypass"": false}",,
1218066,Anis Hadj Moussa,14053619,rating-breakdown,passes,passes,,,,Feyenoord,90.0,,67.7,29.3,43.6,10.3,True,True,1,boolean_field,success,True,,False,False,pass,rating-breakdown,True,67.7,29.3,43.6,10.3,pass,True,False,"{""playerCoordinates"": {""x"": 67.7, ""y"": 29.3}, ""passEndCoordinates"": {""x"": 43.6, ""y"": 10.3}, ""eventActionType"": ""pass"", ""isHome"": true, ""outcome"": true, ""keypass"": false}",,
1218066,Anis Hadj Moussa,14053619,rating-breakdown,passes,passes,,,,Feyenoord,90.0,,55.1,22.2,46.4,59.5,True,True,1,boolean_field,success,True,,False,False,pass,rating-breakdown,True,55.1,22.2,46.4,59.5,pass,True,False,"{""playerCoordinates"": {""x"": 55.1, ""y"": 22.2}, ""passEndCoordinates"": {""x"": 46.4, ""y"": 59.5}, ""eventActionType"": ""pass"", ""isHome"": true, ""outcome"": true, ""keypass"": false}",,
1218066,Anis Hadj Moussa,14053619,rating-breakdown,passes,passes,,,,Feyenoord,90.0,,64.3,75.3,82.9,32.4,,,,unresolvable,,,,False,False,pass,rating-breakdown,True,64.3,75.3,82.9,32.4,pass,True,False,"{""playerCoordinates"": {""x"": 64.3, ""y"": 75.3}, ""passEndCoordinates"": {""x"": 82.9, ""y"": 32.4}, ""eventActionType"": ""pass"", ""isHome"": true, ""keypass"": false, ""isLongBall"": true}",True,
1218066,Anis Hadj Moussa,14053619,rating-breakdown,passes,passes,,,,Feyenoord,90.0,,40.7,10.3,44.1,22,,,,unresolvable,,,,False,False,pass,rating-breakdown,True,40.7,10.3,44.1,22,pass,True,False,"{""playerCoordinates"": {""x"": 40.7, ""y"": 10.3}, ""passEndCoordinates"": {""x"": 44.1, ""y"": 22}, ""eventActionType"": ""pass"", ""isHome"": true, ""keypass"": false}",,
1218066,Anis Hadj Moussa,14053619,rating-breakdown,ball-carries,ball-carries,,,,Feyenoord,90.0,,34.6,32.7,37.6,27.1,,,,unresolvable,,,,False,False,,rating-breakdown,True,34.6,32.7,37.6,27.1,ball-carry,True,,"{""playerCoordinates"": {""x"": 34.6, ""y"": 32.7}, ""passEndCoordinates"": {""x"": 37.6, ""y"": 27.1}, ""eventActionType"": ""ball-carry"", ""isHome"": true}",,
1218066,Anis Hadj Moussa,14053619,rating-breakdown,ball-carries,ball-carries,,,,Feyenoord,90.0,,37.6,27.1,55.4,75.4,,,,unresolvable,,,,False,False,,rating-breakdown,True,37.6,27.1,55.4,75.4,ball-carry,True,,"{""playerCoordinates"": {""x"": 37.6, ""y"": 27.1}, ""passEndCoordinates"": {""x"": 55.4, ""y"": 75.4}, ""eventActionType"": ""ball-carry"", ""isHome"": true}",,
1218066,Anis Hadj Moussa,14053619,rating-breakdown,ball-carries,ball-carries,,,,Feyenoord,90.0,,61.4,16.6,60,31,,,,unresolvable,,,,False,False,,rating-breakdown,True,61.4,16.6,60,31,ball-carry,True,,"{""playerCoordinates"": {""x"": 61.4, ""y"": 16.6}, ""passEndCoordinates"": {""x"": 60, ""y"": 31}, ""eventActionType"": ""ball-carry"", ""isHome"": true}",,
1218066,Anis Hadj Moussa,14053619,rating-breakdown,ball-carries,ball-carries,,,,Feyenoord,90.0,,72.3,2.7,91.7,5.1,,,,unresolvable,,,,False,False,,rating-breakdown,True,72.3,2.7,91.7,5.1,ball-carry,True,,"{""playerCoordinates"": {""x"": 72.3, ""y"": 2.7}, ""passEndCoordinates"": {""x"": 91.7, ""y"": 5.1}, ""eventActionType"": ""ball-carry"", ""isHome"": true}",,
1218066,Anis Hadj Moussa,14053619,rating-breakdown,ball-carries,ball-carries,,,,Feyenoord,90.0,,95.7,1.6,94.4,15.2,,,,unresolvable,,,,False,False,,rating-breakdown,True,95.7,1.6,94.4,15.2,ball-carry,True,,"{""playerCoordinates"": {""x"": 95.7, ""y"": 1.6}, ""passEndCoordinates"": {""x"": 94.4, ""y"": 15.2}, ""eventActionType"": ""ball-carry"", ""isHome"": true}",,
1218066,Anis Hadj Moussa,14053619,rating-breakdown,ball-carries,ball-carries,,,,Feyenoord,90.0,,67.5,10.2,76.2,20.2,,,,unresolvable,,,,False,False,,rating-breakdown,True,67.5,10.2,76.2,20.2,ball-carry,True,,"{""playerCoordinates"": {""x"": 67.5, ""y"": 10.2}, ""passEndCoordinates"": {""x"": 76.2, ""y"": 20.2}, ""eventActionType"": ""ball-carry"", ""isHome"": true}",,
1218066,Anis Hadj Moussa,14053619,rating-breakdown,ball-carries,ball-carries,,,,Feyenoord,90.0,,98.3,30.1,91.3,9.7,,,,unresolvable,,,,False,False,,rating-breakdown,True,98.3,30.1,91.3,9.7,ball-carry,True,,"{""playerCoordinates"": {""x"": 98.3, ""y"": 30.1}, ""passEndCoordinates"": {""x"": 91.3, ""y"": 9.7}, ""eventActionType"": ""ball-carry"", ""isHome"": true}",,
1218066,Anis Hadj Moussa,14053619,rating-breakdown,ball-carries,ball-carries,,,,Feyenoord,90.0,,65.2,15.6,64.9,31.3,,,,unresolvable,,,,False,False,,rating-breakdown,True,65.2,15.6,64.9,31.3,ball-carry,True,,"{""playerCoordinates"": {""x"": 65.2, ""y"": 15.6}, ""passEndCoordinates"": {""x"": 64.9, ""y"": 31.3}, ""eventActionType"": ""ball-carry"", ""isHome"": true}",,
1218066,Anis Hadj Moussa,14053619,rating-breakdown,ball-carries,ball-carries,,,,Feyenoord,90.0,,94.1,26.8,93.5,31.8,,,,unresolvable,,,,False,False,,rating-breakdown,True,94.1,26.8,93.5,31.8,ball-carry,True,,"{""playerCoordinates"": {""x"": 94.1, ""y"": 26.8}, ""passEndCoordinates"": {""x"": 93.5, ""y"": 31.8}, ""eventActionType"": ""ball-carry"", ""isHome"": true}",,
1218066,Anis Hadj Moussa,14053619,rating-breakdown,ball-carries,ball-carries,,,,Feyenoord,90.0,,72.6,8.2,78.7,8,,,,unresolvable,,,,False,False,,rating-breakdown,True,72.6,8.2,78.7,8,ball-carry,True,,"{""playerCoordinates"": {""x"": 72.6, ""y"": 8.2}, ""passEndCoordinates"": {""x"": 78.7, ""y"": 8}, ""eventActionType"": ""ball-carry"", ""isHome"": true}",,
1218066,Anis Hadj Moussa,14053619,rating-breakdown,ball-carries,ball-carries,,,,Feyenoord,90.0,,41.7,26.2,45.1,25.6,,,,unresolvable,,,,False,False,,rating-breakdown,True,41.7,26.2,45.1,25.6,ball-carry,True,,"{""playerCoordinates"": {""x"": 41.7, ""y"": 26.2}, ""passEndCoordinates"": {""x"": 45.1, ""y"": 25.6}, ""eventActionType"": ""ball-carry"", ""isHome"": true}",,
1218066,Anis Hadj Moussa,14053619,rating-breakdown,ball-carries,ball-carries,,,,Feyenoord,90.0,,64.5,6.7,61.7,22.9,,,,unresolvable,,,,False,False,,rating-breakdown,True,64.5,6.7,61.7,22.9,ball-carry,True,,"{""playerCoordinates"": {""x"": 64.5, ""y"": 6.7}, ""passEndCoordinates"": {""x"": 61.7, ""y"": 22.9}, ""eventActionType"": ""ball-carry"", ""isHome"": true}",,
1218066,Anis Hadj Moussa,14053619,rating-breakdown,ball-carries,ball-carries,,,,Feyenoord,90.0,,85.5,3.9,86.8,14.3,,,,unresolvable,,,,False,False,,rating-breakdown,True,85.5,3.9,86.8,14.3,ball-carry,True,,"{""playerCoordinates"": {""x"": 85.5, ""y"": 3.9}, ""passEndCoordinates"": {""x"": 86.8, ""y"": 14.3}, ""eventActionType"": ""ball-carry"", ""isHome"": true}",,
1218066,Anis Hadj Moussa,14053619,rating-breakdown,ball-carries,ball-carries,,,,Feyenoord,90.0,,98.9,15.3,96.1,16.8,,,,unresolvable,,,,False,False,,rating-breakdown,True,98.9,15.3,96.1,16.8,ball-carry,True,,"{""playerCoordinates"": {""x"": 98.9, ""y"": 15.3}, ""passEndCoordinates"": {""x"": 96.1, ""y"": 16.8}, ""eventActionType"": ""ball-carry"", ""isHome"": true}",,
1218066,Anis Hadj Moussa,14053619,rating-breakdown,ball-carries,ball-carries,,,,Feyenoord,90.0,,64.7,10.6,67,3.7,,,,unresolvable,,,,False,False,,rating-breakdown,True,64.7,10.6,67,3.7,ball-carry,True,,"{""playerCoordinates"": {""x"": 64.7, ""y"": 10.6}, ""passEndCoordinates"": {""x"": 67, ""y"": 3.7}, ""eventActionType"": ""ball-carry"", ""isHome"": true}",,
1218066,Anis Hadj Moussa,14053619,rating-breakdown,ball-carries,ball-carries,,,,Feyenoord,90.0,,66.4,21.1,68.3,28.6,,,,unresolvable,,,,False,False,,rating-breakdown,True,66.4,21.1,68.3,28.6,ball-carry,True,,"{""playerCoordinates"": {""x"": 66.4, ""y"": 21.1}, ""passEndCoordinates"": {""x"": 68.3, ""y"": 28.6}, ""eventActionType"": ""ball-carry"", ""isHome"": true}",,
1218066,Anis Hadj Moussa,14053619,rating-breakdown,ball-carries,ball-carries,,,,Feyenoord,90.0,,83.1,24.3,84.2,31.1,,,,unresolvable,,,,False,False,,rating-breakdown,True,83.1,24.3,84.2,31.1,ball-carry,True,,"{""playerCoordinates"": {""x"": 83.1, ""y"": 24.3}, ""passEndCoordinates"": {""x"": 84.2, ""y"": 31.1}, ""eventActionType"": ""ball-carry"", ""isHome"": true}",,
1218066,Anis Hadj Moussa,14053619,rating-breakdown,ball-carries,ball-carries,,,,Feyenoord,90.0,,67.6,12.9,97.2,27.6,,,,unresolvable,,,,False,False,,rating-breakdown,True,67.6,12.9,97.2,27.6,ball-carry,True,,"{""playerCoordinates"": {""x"": 67.6, ""y"": 12.9}, ""passEndCoordinates"": {""x"": 97.2, ""y"": 27.6}, ""eventActionType"": ""ball-carry"", ""isHome"": true}",,
1218066,Anis Hadj Moussa,14053619,rating-breakdown,ball-carries,ball-carries,,,,Feyenoord,90.0,,64.6,36.4,68.2,29.1,,,,unresolvable,,,,False,False,,rating-breakdown,True,64.6,36.4,68.2,29.1,ball-carry,True,,"{""playerCoordinates"": {""x"": 64.6, ""y"": 36.4}, ""passEndCoordinates"": {""x"": 68.2, ""y"": 29.1}, ""eventActionType"": ""ball-carry"", ""isHome"": true}",,
1218066,Anis Hadj Moussa,14053619,rating-breakdown,ball-carries,ball-carries,,,,Feyenoord,90.0,,57.2,17.5,55.1,22.2,,,,unresolvable,,,,False,False,,rating-breakdown,True,57.2,17.5,55.1,22.2,ball-carry,True,,"{""playerCoordinates"": {""x"": 57.2, ""y"": 17.5}, ""passEndCoordinates"": {""x"": 55.1, ""y"": 22.2}, ""eventActionType"": ""ball-carry"", ""isHome"": true}",,
1218066,Anis Hadj Moussa,14053619,rating-breakdown,ball-carries,ball-carries,,,,Feyenoord,90.0,,38.6,18.4,58.4,83.5,,,,unresolvable,,,,False,False,,rating-breakdown,True,38.6,18.4,58.4,83.5,ball-carry,True,,"{""playerCoordinates"": {""x"": 38.6, ""y"": 18.4}, ""passEndCoordinates"": {""x"": 58.4, ""y"": 83.5}, ""eventActionType"": ""ball-carry"", ""isHome"": true}",,
1218066,Anis Hadj Moussa,14053619,rating-breakdown,dribbles,dribbles,,,,Feyenoord,90.0,,93.6,14.4,,,True,True,1,boolean_field,success,,True,False,False,,rating-breakdown,True,93.6,14.4,,,dribble,True,False,"{""playerCoordinates"": {""x"": 93.6, ""y"": 14.4}, ""eventActionType"": ""dribble"", ""isHome"": true, ""outcome"": true, ""keypass"": false}",,
1218066,Anis Hadj Moussa,14053619,rating-breakdown,dribbles,dribbles,,,,Feyenoord,90.0,,78.6,8,,,,,,unresolvable,,,,False,False,,rating-breakdown,True,78.6,8,,,dribble,True,False,"{""playerCoordinates"": {""x"": 78.6, ""y"": 8}, ""eventActionType"": ""dribble"", ""isHome"": true, ""keypass"": false}",,
1218066,Anis Hadj Moussa,14053619,rating-breakdown,dribbles,dribbles,,,,Feyenoord,90.0,,44.6,25.7,,,True,True,1,boolean_field,success,,True,False,False,,rating-breakdown,True,44.6,25.7,,,dribble,True,False,"{""playerCoordinates"": {""x"": 44.6, ""y"": 25.7}, ""eventActionType"": ""dribble"", ""isHome"": true, ""outcome"": true, ""keypass"": false}",,
1218066,Anis Hadj Moussa,14053619,rating-breakdown,dribbles,dribbles,,,,Feyenoord,90.0,,83.8,33.4,,,True,True,1,boolean_field,success,,True,False,False,,rating-breakdown,True,83.8,33.4,,,dribble,True,False,"{""playerCoordinates"": {""x"": 83.8, ""y"": 33.4}, ""eventActionType"": ""dribble"", ""isHome"": true, ""outcome"": true, ""keypass"": false}",,
1218066,Anis Hadj Moussa,14053619,rating-breakdown,dribbles,dribbles,,,,Feyenoord,90.0,,34,7.2,,,True,True,1,boolean_field,success,,True,False,False,,rating-breakdown,True,34,7.2,,,dribble,True,False,"{""playerCoordinates"": {""x"": 34, ""y"": 7.2}, ""eventActionType"": ""dribble"", ""isHome"": true, ""outcome"": true, ""keypass"": false}",,
1218066,Anis Hadj Moussa,14053619,rating-breakdown,dribbles,dribbles,,,,Feyenoord,90.0,,56.5,5.4,,,,,,unresolvable,,,,False,False,,rating-breakdown,True,56.5,5.4,,,dribble,True,False,"{""playerCoordinates"": {""x"": 56.5, ""y"": 5.4}, ""eventActionType"": ""dribble"", ""isHome"": true, ""keypass"": false}",,
1218066,Anis Hadj Moussa,14053619,rating-breakdown,defensive,defensive,,,,Feyenoord,90.0,,37.6,27.1,,,True,True,1,boolean_field,success,,True,False,False,,rating-breakdown,True,37.6,27.1,,,ball-recovery,True,False,"{""playerCoordinates"": {""x"": 37.6, ""y"": 27.1}, ""eventActionType"": ""ball-recovery"", ""isHome"": true, ""outcome"": true, ""keypass"": false}",,
1218066,Anis Hadj Moussa,14053619,rating-breakdown,defensive,defensive,,,,Feyenoord,90.0,,65.2,15.6,,,True,True,1,boolean_field,success,,True,False,False,,rating-breakdown,True,65.2,15.6,,,ball-recovery,True,False,"{""playerCoordinates"": {""x"": 65.2, ""y"": 15.6}, ""eventActionType"": ""ball-recovery"", ""isHome"": true, ""outcome"": true, ""keypass"": false}",,
1218066,Anis Hadj Moussa,14053619,rating-breakdown,defensive,defensive,,,,Feyenoord,90.0,,40.7,10.3,,,True,True,1,boolean_field,success,,True,False,False,,rating-breakdown,True,40.7,10.3,,,ball-recovery,True,False,"{""playerCoordinates"": {""x"": 40.7, ""y"": 10.3}, ""eventActionType"": ""ball-recovery"", ""isHome"": true, ""outcome"": true, ""keypass"": false}",,
1218066,Anis Hadj Moussa,14053619,rating-breakdown,defensive,defensive,,,,Feyenoord,90.0,,38.6,18.4,,,True,True,1,boolean_field,success,,True,False,False,,rating-breakdown,True,38.6,18.4,,,ball-recovery,True,False,"{""playerCoordinates"": {""x"": 38.6, ""y"": 18.4}, ""eventActionType"": ""ball-recovery"", ""isHome"": true, ""outcome"": true, ""keypass"": false}",,
1218066,Anis Hadj Moussa,14053619,rating-breakdown,defensive,defensive,,,,Feyenoord,90.0,,55.8,3.7,,,True,True,1,boolean_field,success,,True,False,False,,rating-breakdown,True,55.8,3.7,,,ball-recovery,True,False,"{""playerCoordinates"": {""x"": 55.8, ""y"": 3.7}, ""eventActionType"": ""ball-recovery"", ""isHome"": true, ""outcome"": true, ""keypass"": false}",,
1218066,Anis Hadj Moussa,14053684,rating-breakdown,passes,passes,,,,Feyenoord,90.0,,66.7,70.3,91,39.1,True,True,1,boolean_field,success,True,,False,False,pass,rating-breakdown,True,66.7,70.3,91,39.1,pass,False,False,"{""playerCoordinates"": {""x"": 66.7, ""y"": 70.3}, ""passEndCoordinates"": {""x"": 91, ""y"": 39.1}, ""eventActionType"": ""pass"", ""isHome"": false, ""outcome"": true, ""keypass"": false, ""isLongBall"": true}",True,
1218066,Anis Hadj Moussa,14053684,rating-breakdown,passes,passes,,,,Feyenoord,90.0,,99.5,0.5,83.6,14.5,True,True,1,boolean_field,success,True,,False,False,pass,rating-breakdown,True,99.5,0.5,83.6,14.5,pass,False,False,"{""playerCoordinates"": {""x"": 99.5, ""y"": 0.5}, ""passEndCoordinates"": {""x"": 83.6, ""y"": 14.5}, ""eventActionType"": ""pass"", ""isHome"": false, ""outcome"": true, ""keypass"": false}",,
1218066,Anis Hadj Moussa,14053684,rating-breakdown,passes,passes,,,,Feyenoord,90.0,,88.9,6.7,91.8,29.4,True,True,1,boolean_field,success,True,,False,False,pass,rating-breakdown,True,88.9,6.7,91.8,29.4,pass,False,False,"{""playerCoordinates"": {""x"": 88.9, ""y"": 6.7}, ""passEndCoordinates"": {""x"": 91.8, ""y"": 29.4}, ""eventActionType"": ""pass"", ""isHome"": false, ""outcome"": true, ""keypass"": false}",,
1218066,Anis Hadj Moussa,14053684,rating-breakdown,passes,passes,,,,Feyenoord,90.0,,94,27.3,94.9,46.8,,,,unresolvable,,,,False,False,pass,rating-breakdown,True,94,27.3,94.9,46.8,pass,False,False,"{""playerCoordinates"": {""x"": 94, ""y"": 27.3}, ""passEndCoordinates"": {""x"": 94.9, ""y"": 46.8}, ""eventActionType"": ""pass"", ""isHome"": false, ""keypass"": false}",,
1218066,Anis Hadj Moussa,14053684,rating-breakdown,passes,passes,,,,Feyenoord,90.0,,36.6,5.4,34.9,6,,,,unresolvable,,,,False,False,pass,rating-breakdown,True,36.6,5.4,34.9,6,pass,False,False,"{""playerCoordinates"": {""x"": 36.6, ""y"": 5.4}, ""passEndCoordinates"": {""x"": 34.9, ""y"": 6}, ""eventActionType"": ""pass"", ""isHome"": false, ""keypass"": false}",,
1218066,Anis Hadj Moussa,14053684,rating-breakdown,passes,passes,,,,Feyenoord,90.0,,89.5,24.4,87.5,36.7,True,True,1,boolean_field,success,True,,False,True,key_pass,rating-breakdown,True,89.5,24.4,87.5,36.7,pass,False,True,"{""playerCoordinates"": {""x"": 89.5, ""y"": 24.4}, ""passEndCoordinates"": {""x"": 87.5, ""y"": 36.7}, ""eventActionType"": ""pass"", ""isHome"": false, ""outcome"": true, ""keypass"": true}",,
1218066,Anis Hadj Moussa,14053684,rating-breakdown,passes,passes,,,,Feyenoord,90.0,,99.5,0.5,97.1,51.8,True,True,1,boolean_field,success,True,,True,True,assist,rating-breakdown,True,99.5,0.5,97.1,51.8,cross,False,True,"{""playerCoordinates"": {""x"": 99.5, ""y"": 0.5}, ""passEndCoordinates"": {""x"": 97.1, ""y"": 51.8}, ""eventActionType"": ""cross"", ""isHome"": false, ""outcome"": true, ""keypass"": true, ""isAssist"": true, ""isLongBall"": true}",True,True
1218066,Anis Hadj Moussa,14053684,rating-breakdown,passes,passes,,,,Feyenoord,90.0,,25.9,27.6,36.6,45.4,True,True,1,boolean_field,success,True,,False,False,pass,rating-breakdown,True,25.9,27.6,36.6,45.4,pass,False,False,"{""playerCoordinates"": {""x"": 25.9, ""y"": 27.6}, ""passEndCoordinates"": {""x"": 36.6, ""y"": 45.4}, ""eventActionType"": ""pass"", ""isHome"": false, ""outcome"": true, ""keypass"": false}",,
1218066,Anis Hadj Moussa,14053684,rating-breakdown,passes,passes,,,,Feyenoord,90.0,,78.6,30.4,87.3,42.1,,,,unresolvable,,,,False,False,pass,rating-breakdown,True,78.6,30.4,87.3,42.1,pass,False,False,"{""playerCoordinates"": {""x"": 78.6, ""y"": 30.4}, ""passEndCoordinates"": {""x"": 87.3, ""y"": 42.1}, ""eventActionType"": ""pass"", ""isHome"": false, ""keypass"": false}",,
1218066,Anis Hadj Moussa,14053684,rating-breakdown,passes,passes,,,,Feyenoord,90.0,,71.7,5.5,59.7,3.1,True,True,1,boolean_field,success,True,,False,False,pass,rating-breakdown,True,71.7,5.5,59.7,3.1,pass,False,False,"{""playerCoordinates"": {""x"": 71.7, ""y"": 5.5}, ""passEndCoordinates"": {""x"": 59.7, ""y"": 3.1}, ""eventActionType"": ""pass"", ""isHome"": false, ""outcome"": true, ""keypass"": false}",,
1218066,Anis Hadj Moussa,14053684,rating-breakdown,passes,passes,,,,Feyenoord,90.0,,64.7,6.1,81.6,42.4,,,,unresolvable,,,,False,False,pass,rating-breakdown,True,64.7,6.1,81.6,42.4,pass,False,False,"{""playerCoordinates"": {""x"": 64.7, ""y"": 6.1}, ""passEndCoordinates"": {""x"": 81.6, ""y"": 42.4}, ""eventActionType"": ""pass"", ""isHome"": false, ""keypass"": false}",,
1218066,Anis Hadj Moussa,14053684,rating-breakdown,passes,passes,,,,Feyenoord,90.0,,95,15.1,95,16.9,,,,unresolvable,,,,False,False,pass,rating-breakdown,True,95,15.1,95,16.9,cross,False,False,"{""playerCoordinates"": {""x"": 95, ""y"": 15.1}, ""passEndCoordinates"": {""x"": 95, ""y"": 16.9}, ""eventActionType"": ""cross"", ""isHome"": false, ""keypass"": false}",,
1218066,Anis Hadj Moussa,14053684,rating-breakdown,passes,passes,,,,Feyenoord,90.0,,99.5,0.5,93.2,47.5,,,,unresolvable,,,,False,False,pass,rating-breakdown,True,99.5,0.5,93.2,47.5,cross,False,False,"{""playerCoordinates"": {""x"": 99.5, ""y"": 0.5}, ""passEndCoordinates"": {""x"": 93.2, ""y"": 47.5}, ""eventActionType"": ""cross"", ""isHome"": false, ""keypass"": false, ""isLongBall"": true}",True,
1218066,Anis Hadj Moussa,14053684,rating-breakdown,passes,passes,,,,Feyenoord,90.0,,60.4,38.5,44.2,37.8,True,True,1,boolean_field,success,True,,False,False,pass,rating-breakdown,True,60.4,38.5,44.2,37.8,pass,False,False,"{""playerCoordinates"": {""x"": 60.4, ""y"": 38.5}, ""passEndCoordinates"": {""x"": 44.2, ""y"": 37.8}, ""eventActionType"": ""pass"", ""isHome"": false, ""outcome"": true, ""keypass"": false}",,
1218066,Anis Hadj Moussa,14053684,rating-breakdown,passes,passes,,,,Feyenoord,90.0,,62.7,27,79.6,43.9,True,True,1,boolean_field,success,True,,False,False,pass,rating-breakdown,True,62.7,27,79.6,43.9,pass,False,False,"{""playerCoordinates"": {""x"": 62.7, ""y"": 27}, ""passEndCoordinates"": {""x"": 79.6, ""y"": 43.9}, ""eventActionType"": ""pass"", ""isHome"": false, ""outcome"": true, ""keypass"": false}",,
1218066,Anis Hadj Moussa,14053684,rating-breakdown,passes,passes,,,,Feyenoord,90.0,,65,47.5,84.2,95.7,True,True,1,boolean_field,success,True,,False,False,pass,rating-breakdown,True,65,47.5,84.2,95.7,pass,False,False,"{""playerCoordinates"": {""x"": 65, ""y"": 47.5}, ""passEndCoordinates"": {""x"": 84.2, ""y"": 95.7}, ""eventActionType"": ""pass"", ""isHome"": false, ""outcome"": true, ""keypass"": false, ""isLongBall"": true}",True,
1218066,Anis Hadj Moussa,14053684,rating-breakdown,passes,passes,,,,Feyenoord,90.0,,35.9,20.9,37.5,17.8,,,,unresolvable,,,,False,False,pass,rating-breakdown,True,35.9,20.9,37.5,17.8,pass,False,False,"{""playerCoordinates"": {""x"": 35.9, ""y"": 20.9}, ""passEndCoordinates"": {""x"": 37.5, ""y"": 17.8}, ""eventActionType"": ""pass"", ""isHome"": false, ""keypass"": false}",,
1218066,Anis Hadj Moussa,14053684,rating-breakdown,passes,passes,,,,Feyenoord,90.0,,99.5,0.5,95.4,54,,,,unresolvable,,,,False,False,pass,rating-breakdown,True,99.5,0.5,95.4,54,cross,False,False,"{""playerCoordinates"": {""x"": 99.5, ""y"": 0.5}, ""passEndCoordinates"": {""x"": 95.4, ""y"": 54}, ""eventActionType"": ""cross"", ""isHome"": false, ""keypass"": false, ""isLongBall"": true}",True,
1218066,Anis Hadj Moussa,14053684,rating-breakdown,passes,passes,,,,Feyenoord,90.0,,26.4,5.8,28.4,43.6,True,True,1,boolean_field,success,True,,False,False,pass,rating-breakdown,True,26.4,5.8,28.4,43.6,pass,False,False,"{""playerCoordinates"": {""x"": 26.4, ""y"": 5.8}, ""passEndCoordinates"": {""x"": 28.4, ""y"": 43.6}, ""eventActionType"": ""pass"", ""isHome"": false, ""outcome"": true, ""keypass"": false}",,
1218066,Anis Hadj Moussa,14053684,rating-breakdown,passes,passes,,,,Feyenoord,90.0,,99.5,0.5,81.4,26.8,True,True,1,boolean_field,success,True,,False,False,pass,rating-breakdown,True,99.5,0.5,81.4,26.8,pass,False,False,"{""playerCoordinates"": {""x"": 99.5, ""y"": 0.5}, ""passEndCoordinates"": {""x"": 81.4, ""y"": 26.8}, ""eventActionType"": ""pass"", ""isHome"": false, ""outcome"": true, ""keypass"": false}",,
1218066,Anis Hadj Moussa,14053684,rating-breakdown,passes,passes,,,,Feyenoord,90.0,,97.9,32.1,93.3,43.4,True,True,1,boolean_field,success,True,,False,True,key_pass,rating-breakdown,True,97.9,32.1,93.3,43.4,pass,False,True,"{""playerCoordinates"": {""x"": 97.9, ""y"": 32.1}, ""passEndCoordinates"": {""x"": 93.3, ""y"": 43.4}, ""eventActionType"": ""pass"", ""isHome"": false, ""outcome"": true, ""keypass"": true}",,
1218066,Anis Hadj Moussa,14053684,rating-breakdown,passes,passes,,,,Feyenoord,90.0,,65.9,69.7,90.2,32.2,,,,unresolvable,,,,False,False,pass,rating-breakdown,True,65.9,69.7,90.2,32.2,pass,False,False,"{""playerCoordinates"": {""x"": 65.9, ""y"": 69.7}, ""passEndCoordinates"": {""x"": 90.2, ""y"": 32.2}, ""eventActionType"": ""pass"", ""isHome"": false, ""keypass"": false, ""isLongBall"": true}",True,
1218066,Anis Hadj Moussa,14053684,rating-breakdown,passes,passes,,,,Feyenoord,90.0,,99.5,0.5,95.8,59.6,True,True,1,boolean_field,success,True,,False,True,key_pass,rating-breakdown,True,99.5,0.5,95.8,59.6,cross,False,True,"{""playerCoordinates"": {""x"": 99.5, ""y"": 0.5}, ""passEndCoordinates"": {""x"": 95.8, ""y"": 59.6}, ""eventActionType"": ""cross"", ""isHome"": false, ""outcome"": true, ""keypass"": true, ""isLongBall"": true}",True,
1218066,Anis Hadj Moussa,14053684,rating-breakdown,passes,passes,,,,Feyenoord,90.0,,61.3,31.8,81.5,45.7,True,True,1,boolean_field,success,True,,False,False,pass,rating-breakdown,True,61.3,31.8,81.5,45.7,pass,False,False,"{""playerCoordinates"": {""x"": 61.3, ""y"": 31.8}, ""passEndCoordinates"": {""x"": 81.5, ""y"": 45.7}, ""eventActionType"": ""pass"", ""isHome"": false, ""outcome"": true, ""keypass"": false}",,
1218066,Anis Hadj Moussa,14053684,rating-breakdown,passes,passes,,,,Feyenoord,90.0,,28.6,22.8,32.4,37.2,True,True,1,boolean_field,success,True,,False,False,pass,rating-breakdown,True,28.6,22.8,32.4,37.2,pass,False,False,"{""playerCoordinates"": {""x"": 28.6, ""y"": 22.8}, ""passEndCoordinates"": {""x"": 32.4, ""y"": 37.2}, ""eventActionType"": ""pass"", ""isHome"": false, ""outcome"": true, ""keypass"": false}",,
1218066,Anis Hadj Moussa,14053684,rating-breakdown,passes,passes,,,,Feyenoord,90.0,,47,30.6,92.2,66.7,,,,unresolvable,,,,False,False,pass,rating-breakdown,True,47,30.6,92.2,66.7,pass,False,False,"{""playerCoordinates"": {""x"": 47, ""y"": 30.6}, ""passEndCoordinates"": {""x"": 92.2, ""y"": 66.7}, ""eventActionType"": ""pass"", ""isHome"": false, ""keypass"": false, ""isLongBall"": true}",True,
1218066,Anis Hadj Moussa,14053684,rating-breakdown,passes,passes,,,,Feyenoord,90.0,,27.5,95.1,30.8,94.6,True,True,1,boolean_field,success,True,,False,False,pass,rating-breakdown,True,27.5,95.1,30.8,94.6,pass,False,False,"{""playerCoordinates"": {""x"": 27.5, ""y"": 95.1}, ""passEndCoordinates"": {""x"": 30.8, ""y"": 94.6}, ""eventActionType"": ""pass"", ""isHome"": false, ""outcome"": true, ""keypass"": false}",,
1218066,Anis Hadj Moussa,14053684,rating-breakdown,passes,passes,,,,Feyenoord,90.0,,93.9,1.6,94.6,3.1,,,,unresolvable,,,,False,False,pass,rating-breakdown,True,93.9,1.6,94.6,3.1,pass,False,False,"{""playerCoordinates"": {""x"": 93.9, ""y"": 1.6}, ""passEndCoordinates"": {""x"": 94.6, ""y"": 3.1}, ""eventActionType"": ""pass"", ""isHome"": false, ""keypass"": false}",,
1218066,Anis Hadj Moussa,14053684,rating-breakdown,passes,passes,,,,Feyenoord,90.0,,49.5,6,56.1,8.4,True,True,1,boolean_field,success,True,,False,False,pass,rating-breakdown,True,49.5,6,56.1,8.4,pass,False,False,"{""playerCoordinates"": {""x"": 49.5, ""y"": 6}, ""passEndCoordinates"": {""x"": 56.1, ""y"": 8.4}, ""eventActionType"": ""pass"", ""isHome"": false, ""outcome"": true, ""keypass"": false}",,
1218066,Anis Hadj Moussa,14053684,rating-breakdown,ball-carries,ball-carries,,,,Feyenoord,90.0,,83.9,11.1,89.4,9.6,,,,unresolvable,,,,False,False,,rating-breakdown,True,83.9,11.1,89.4,9.6,ball-carry,False,,"{""playerCoordinates"": {""x"": 83.9, ""y"": 11.1}, ""passEndCoordinates"": {""x"": 89.4, ""y"": 9.6}, ""eventActionType"": ""ball-carry"", ""isHome"": false}",,
1218066,Anis Hadj Moussa,14053684,rating-breakdown,ball-carries,ball-carries,,,,Feyenoord,90.0,,81.4,23.5,94,27.3,,,,unresolvable,,,,False,False,,rating-breakdown,True,81.4,23.5,94,27.3,ball-carry,False,,"{""playerCoordinates"": {""x"": 81.4, ""y"": 23.5}, ""passEndCoordinates"": {""x"": 94, ""y"": 27.3}, ""eventActionType"": ""ball-carry"", ""isHome"": false}",,
1218066,Anis Hadj Moussa,14053684,rating-breakdown,ball-carries,ball-carries,,,,Feyenoord,90.0,,77,7.2,85.6,12.5,,,,unresolvable,,,,False,False,,rating-breakdown,True,77,7.2,85.6,12.5,ball-carry,False,,"{""playerCoordinates"": {""x"": 77, ""y"": 7.2}, ""passEndCoordinates"": {""x"": 85.6, ""y"": 12.5}, ""eventActionType"": ""ball-carry"", ""isHome"": false}",,
1218066,Anis Hadj Moussa,14053684,rating-breakdown,ball-carries,ball-carries,,,,Feyenoord,90.0,,58.4,29.1,68.5,30.8,,,,unresolvable,,,,False,False,,rating-breakdown,True,58.4,29.1,68.5,30.8,ball-carry,False,,"{""playerCoordinates"": {""x"": 58.4, ""y"": 29.1}, ""passEndCoordinates"": {""x"": 68.5, ""y"": 30.8}, ""eventActionType"": ""ball-carry"", ""isHome"": false}",,
1218066,Anis Hadj Moussa,14053684,rating-breakdown,ball-carries,ball-carries,,,,Feyenoord,90.0,,68.5,30.8,78.6,30.4,,,,unresolvable,,,,False,False,,rating-breakdown,True,68.5,30.8,78.6,30.4,ball-carry,False,,"{""playerCoordinates"": {""x"": 68.5, ""y"": 30.8}, ""passEndCoordinates"": {""x"": 78.6, ""y"": 30.4}, ""eventActionType"": ""ball-carry"", ""isHome"": false}",,
1218066,Anis Hadj Moussa,14053684,rating-breakdown,ball-carries,ball-carries,,,,Feyenoord,90.0,,83.8,8.4,87.2,8,,,,unresolvable,,,,False,False,,rating-breakdown,True,83.8,8.4,87.2,8,ball-carry,False,,"{""playerCoordinates"": {""x"": 83.8, ""y"": 8.4}, ""passEndCoordinates"": {""x"": 87.2, ""y"": 8}, ""eventActionType"": ""ball-carry"", ""isHome"": false}",,
1218066,Anis Hadj Moussa,14053684,rating-breakdown,ball-carries,ball-carries,,,,Feyenoord,90.0,,59.5,13.8,62.7,27,,,,unresolvable,,,,False,False,,rating-breakdown,True,59.5,13.8,62.7,27,ball-carry,False,,"{""playerCoordinates"": {""x"": 59.5, ""y"": 13.8}, ""passEndCoordinates"": {""x"": 62.7, ""y"": 27}, ""eventActionType"": ""ball-carry"", ""isHome"": false}",,
1218066,Anis Hadj Moussa,14053684,rating-breakdown,ball-carries,ball-carries,,,,Feyenoord,90.0,,86.9,12.3,94.9,28.3,,,,unresolvable,,,,False,False,,rating-breakdown,True,86.9,12.3,94.9,28.3,ball-carry,False,,"{""playerCoordinates"": {""x"": 86.9, ""y"": 12.3}, ""passEndCoordinates"": {""x"": 94.9, ""y"": 28.3}, ""eventActionType"": ""ball-carry"", ""isHome"": false}",,
1218066,Anis Hadj Moussa,14053684,rating-breakdown,ball-carries,ball-carries,,,,Feyenoord,90.0,,54.5,6.1,50.8,3.6,,,,unresolvable,,,,False,False,,rating-breakdown,True,54.5,6.1,50.8,3.6,ball-carry,False,,"{""playerCoordinates"": {""x"": 54.5, ""y"": 6.1}, ""passEndCoordinates"": {""x"": 50.8, ""y"": 3.6}, ""eventActionType"": ""ball-carry"", ""isHome"": false}",,
1218066,Anis Hadj Moussa,14053684,rating-breakdown,ball-carries,ball-carries,,,,Feyenoord,90.0,,72.7,2.1,61.3,31.8,,,,unresolvable,,,,False,False,,rating-breakdown,True,72.7,2.1,61.3,31.8,ball-carry,False,,"{""playerCoordinates"": {""x"": 72.7, ""y"": 2.1}, ""passEndCoordinates"": {""x"": 61.3, ""y"": 31.8}, ""eventActionType"": ""ball-carry"", ""isHome"": false}",,
1218066,Anis Hadj Moussa,14053684,rating-breakdown,ball-carries,ball-carries,,,,Feyenoord,90.0,,21.5,24.1,22.3,8.8,,,,unresolvable,,,,False,False,,rating-breakdown,True,21.5,24.1,22.3,8.8,ball-carry,False,,"{""playerCoordinates"": {""x"": 21.5, ""y"": 24.1}, ""passEndCoordinates"": {""x"": 22.3, ""y"": 8.8}, ""eventActionType"": ""ball-carry"", ""isHome"": false}",,
1218066,Anis Hadj Moussa,14053684,rating-breakdown,ball-carries,ball-carries,,,,Feyenoord,90.0,,92.4,24.4,93.9,1.6,,,,unresolvable,,,,False,False,,rating-breakdown,True,92.4,24.4,93.9,1.6,ball-carry,False,,"{""playerCoordinates"": {""x"": 92.4, ""y"": 24.4}, ""passEndCoordinates"": {""x"": 93.9, ""y"": 1.6}, ""eventActionType"": ""ball-carry"", ""isHome"": false}",,
1218066,Anis Hadj Moussa,14053684,rating-breakdown,dribbles,dribbles,,,,Feyenoord,90.0,,89.4,9.6,,,,,,unresolvable,,,,False,False,,rating-breakdown,True,89.4,9.6,,,dribble,False,False,"{""playerCoordinates"": {""x"": 89.4, ""y"": 9.6}, ""eventActionType"": ""dribble"", ""isHome"": false, ""keypass"": false}",,
1218066,Anis Hadj Moussa,14053684,rating-breakdown,dribbles,dribbles,,,,Feyenoord,90.0,,85.6,12.5,,,True,True,1,boolean_field,success,,True,False,False,,rating-breakdown,True,85.6,12.5,,,dribble,False,False,"{""playerCoordinates"": {""x"": 85.6, ""y"": 12.5}, ""eventActionType"": ""dribble"", ""isHome"": false, ""outcome"": true, ""keypass"": false}",,
1218066,Anis Hadj Moussa,14053684,rating-breakdown,dribbles,dribbles,,,,Feyenoord,90.0,,87.2,8,,,,,,unresolvable,,,,False,False,,rating-breakdown,True,87.2,8,,,dribble,False,False,"{""playerCoordinates"": {""x"": 87.2, ""y"": 8}, ""eventActionType"": ""dribble"", ""isHome"": false, ""keypass"": false}",,
1218066,Anis Hadj Moussa,14053684,rating-breakdown,dribbles,dribbles,,,,Feyenoord,90.0,,92.2,30.7,,,True,True,1,boolean_field,success,,True,False,False,,rating-breakdown,True,92.2,30.7,,,dribble,False,False,"{""playerCoordinates"": {""x"": 92.2, ""y"": 30.7}, ""eventActionType"": ""dribble"", ""isHome"": false, ""outcome"": true, ""keypass"": false}",,
1218066,Anis Hadj Moussa,14053684,rating-breakdown,dribbles,dribbles,,,,Feyenoord,90.0,,73.5,42.1,,,True,True,1,boolean_field,success,,True,False,False,,rating-breakdown,True,73.5,42.1,,,dribble,False,False,"{""playerCoordinates"": {""x"": 73.5, ""y"": 42.1}, ""eventActionType"": ""dribble"", ""isHome"": false, ""outcome"": true, ""keypass"": false}",,
1218066,Anis Hadj Moussa,14053684,rating-breakdown,dribbles,dribbles,,,,Feyenoord,90.0,,71.8,35.6,,,,,,unresolvable,,,,False,False,,rating-breakdown,True,71.8,35.6,,,dribble,False,False,"{""playerCoordinates"": {""x"": 71.8, ""y"": 35.6}, ""eventActionType"": ""dribble"", ""isHome"": false, ""keypass"": false}",,
1218066,Anis Hadj Moussa,14053684,rating-breakdown,dribbles,dribbles,,,,Feyenoord,90.0,,43,7.4,,,True,True,1,boolean_field,success,,True,False,False,,rating-breakdown,True,43,7.4,,,dribble,False,False,"{""playerCoordinates"": {""x"": 43, ""y"": 7.4}, ""eventActionType"": ""dribble"", ""isHome"": false, ""outcome"": true, ""keypass"": false}",,
1218066,Anis Hadj Moussa,14053684,rating-breakdown,dribbles,dribbles,,,,Feyenoord,90.0,,75.8,63.2,,,True,True,1,boolean_field,success,,True,False,False,,rating-breakdown,True,75.8,63.2,,,dribble,False,False,"{""playerCoordinates"": {""x"": 75.8, ""y"": 63.2}, ""eventActionType"": ""dribble"", ""isHome"": false, ""outcome"": true, ""keypass"": false}",,
1218066,Anis Hadj Moussa,14053684,rating-breakdown,defensive,defensive,,,,Feyenoord,90.0,,37.3,11.1,,,True,True,1,boolean_field,success,,True,False,False,,rating-breakdown,True,37.3,11.1,,,interception,False,False,"{""playerCoordinates"": {""x"": 37.3, ""y"": 11.1}, ""eventActionType"": ""interception"", ""isHome"": false, ""outcome"": true, ""keypass"": false}",,
1218066,Anis Hadj Moussa,14053684,rating-breakdown,defensive,defensive,,,,Feyenoord,90.0,,68.5,30.8,,,True,True,1,boolean_field,success,,True,False,False,,rating-breakdown,True,68.5,30.8,,,ball-recovery,False,False,"{""playerCoordinates"": {""x"": 68.5, ""y"": 30.8}, ""eventActionType"": ""ball-recovery"", ""isHome"": false, ""outcome"": true, ""keypass"": false}",,
1218066,Anis Hadj Moussa,14053684,rating-breakdown,defensive,defensive,,,,Feyenoord,90.0,,27.2,7.5,,,True,True,1,boolean_field,success,,True,False,False,,rating-breakdown,True,27.2,7.5,,,ball-recovery,False,False,"{""playerCoordinates"": {""x"": 27.2, ""y"": 7.5}, ""eventActionType"": ""ball-recovery"", ""isHome"": false, ""outcome"": true, ""keypass"": false}",,
1218066,Anis Hadj Moussa,14053684,rating-breakdown,defensive,defensive,,,,Feyenoord,90.0,,40.6,3.2,,,,,,unresolvable,,,,False,False,,rating-breakdown,True,40.6,3.2,,,tackle,False,False,"{""playerCoordinates"": {""x"": 40.6, ""y"": 3.2}, ""eventActionType"": ""tackle"", ""isHome"": false, ""keypass"": false}",,
1218066,Anis Hadj Moussa,14053684,rating-breakdown,defensive,defensive,,,,Feyenoord,90.0,,22.3,8.8,,,True,True,1,boolean_field,success,,True,False,False,,rating-breakdown,True,22.3,8.8,,,ball-recovery,False,False,"{""playerCoordinates"": {""x"": 22.3, ""y"": 8.8}, ""eventActionType"": ""ball-recovery"", ""isHome"": false, ""outcome"": true, ""keypass"": false}",,
1218066,Anis Hadj Moussa,14053697,rating-breakdown,passes,passes,,,,Feyenoord,90.0,,58.5,10.6,43.7,25,True,True,1,boolean_field,success,True,,False,False,pass,rating-breakdown,True,58.5,10.6,43.7,25,pass,True,False,"{""playerCoordinates"": {""x"": 58.5, ""y"": 10.6}, ""passEndCoordinates"": {""x"": 43.7, ""y"": 25}, ""eventActionType"": ""pass"", ""isHome"": true, ""outcome"": true, ""keypass"": false}",,
1218066,Anis Hadj Moussa,14053697,rating-breakdown,passes,passes,,,,Feyenoord,90.0,,41.6,52.3,60.1,51.2,True,True,1,boolean_field,success,True,,False,False,pass,rating-breakdown,True,41.6,52.3,60.1,51.2,pass,True,False,"{""playerCoordinates"": {""x"": 41.6, ""y"": 52.3}, ""passEndCoordinates"": {""x"": 60.1, ""y"": 51.2}, ""eventActionType"": ""pass"", ""isHome"": true, ""outcome"": true, ""keypass"": false}",,
1218066,Anis Hadj Moussa,14053697,rating-breakdown,passes,passes,,,,Feyenoord,90.0,,34.7,23.7,71.7,39.3,,,,unresolvable,,,,False,False,pass,rating-breakdown,True,34.7,23.7,71.7,39.3,pass,True,False,"{""playerCoordinates"": {""x"": 34.7, ""y"": 23.7}, ""passEndCoordinates"": {""x"": 71.7, ""y"": 39.3}, ""eventActionType"": ""pass"", ""isHome"": true, ""keypass"": false, ""isLongBall"": true}",True,
1218066,Anis Hadj Moussa,14053697,rating-breakdown,passes,passes,,,,Feyenoord,90.0,,78.4,92.5,97.2,45.8,,,,unresolvable,,,,False,False,pass,rating-breakdown,True,78.4,92.5,97.2,45.8,cross,True,False,"{""playerCoordinates"": {""x"": 78.4, ""y"": 92.5}, ""passEndCoordinates"": {""x"": 97.2, ""y"": 45.8}, ""eventActionType"": ""cross"", ""isHome"": true, ""keypass"": false, ""isLongBall"": true}",True,
1218066,Anis Hadj Moussa,14053697,rating-breakdown,passes,passes,,,,Feyenoord,90.0,,43.2,16.6,33,19.2,True,True,1,boolean_field,success,True,,False,False,pass,rating-breakdown,True,43.2,16.6,33,19.2,pass,True,False,"{""playerCoordinates"": {""x"": 43.2, ""y"": 16.6}, ""passEndCoordinates"": {""x"": 33, ""y"": 19.2}, ""eventActionType"": ""pass"", ""isHome"": true, ""outcome"": true, ""keypass"": false}",,
1218066,Anis Hadj Moussa,14053697,rating-breakdown,passes,passes,,,,Feyenoord,90.0,,61.3,7.5,95.4,17.8,,,,unresolvable,,,,False,False,pass,rating-breakdown,True,61.3,7.5,95.4,17.8,pass,True,False,"{""playerCoordinates"": {""x"": 61.3, ""y"": 7.5}, ""passEndCoordinates"": {""x"": 95.4, ""y"": 17.8}, ""eventActionType"": ""pass"", ""isHome"": true, ""keypass"": false, ""isLongBall"": true}",True,
1218066,Anis Hadj Moussa,14053697,rating-breakdown,passes,passes,,,,Feyenoord,90.0,,66.2,18.3,67.2,32.3,True,True,1,boolean_field,success,True,,False,False,pass,rating-breakdown,True,66.2,18.3,67.2,32.3,pass,True,False,"{""playerCoordinates"": {""x"": 66.2, ""y"": 18.3}, ""passEndCoordinates"": {""x"": 67.2, ""y"": 32.3}, ""eventActionType"": ""pass"", ""isHome"": true, ""outcome"": true, ""keypass"": false}",,
1218066,Anis Hadj Moussa,14053697,rating-breakdown,passes,passes,,,,Feyenoord,90.0,,37.1,12.7,40.5,19.7,,,,unresolvable,,,,False,False,pass,rating-breakdown,True,37.1,12.7,40.5,19.7,pass,True,False,"{""playerCoordinates"": {""x"": 37.1, ""y"": 12.7}, ""passEndCoordinates"": {""x"": 40.5, ""y"": 19.7}, ""eventActionType"": ""pass"", ""isHome"": true, ""keypass"": false}",,
1218066,Anis Hadj Moussa,14053697,rating-breakdown,passes,passes,,,,Feyenoord,90.0,,61.9,37.2,89.2,30,,,,unresolvable,,,,False,False,pass,rating-breakdown,True,61.9,37.2,89.2,30,pass,True,False,"{""playerCoordinates"": {""x"": 61.9, ""y"": 37.2}, ""passEndCoordinates"": {""x"": 89.2, ""y"": 30}, ""eventActionType"": ""pass"", ""isHome"": true, ""keypass"": false}",,
1218066,Anis Hadj Moussa,14053697,rating-breakdown,passes,passes,,,,Feyenoord,90.0,,77.4,19.2,71,29.7,,,,unresolvable,,,,False,False,pass,rating-breakdown,True,77.4,19.2,71,29.7,pass,True,False,"{""playerCoordinates"": {""x"": 77.4, ""y"": 19.2}, ""passEndCoordinates"": {""x"": 71, ""y"": 29.7}, ""eventActionType"": ""pass"", ""isHome"": true, ""keypass"": false}",,
1218066,Anis Hadj Moussa,14053697,rating-breakdown,passes,passes,,,,Feyenoord,90.0,,37,13.4,31.7,19.4,True,True,1,boolean_field,success,True,,False,False,pass,rating-breakdown,True,37,13.4,31.7,19.4,pass,True,False,"{""playerCoordinates"": {""x"": 37, ""y"": 13.4}, ""passEndCoordinates"": {""x"": 31.7, ""y"": 19.4}, ""eventActionType"": ""pass"", ""isHome"": true, ""outcome"": true, ""keypass"": false}",,
1218066,Anis Hadj Moussa,14053697,rating-breakdown,passes,passes,,,,Feyenoord,90.0,,86.5,26.4,92,48.6,,,,unresolvable,,,,False,False,pass,rating-breakdown,True,86.5,26.4,92,48.6,pass,True,False,"{""playerCoordinates"": {""x"": 86.5, ""y"": 26.4}, ""passEndCoordinates"": {""x"": 92, ""y"": 48.6}, ""eventActionType"": ""pass"", ""isHome"": true, ""keypass"": false}",,
1218066,Anis Hadj Moussa,14053697,rating-breakdown,passes,passes,,,,Feyenoord,90.0,,70,5.7,60.4,11,True,True,1,boolean_field,success,True,,False,False,pass,rating-breakdown,True,70,5.7,60.4,11,pass,True,False,"{""playerCoordinates"": {""x"": 70, ""y"": 5.7}, ""passEndCoordinates"": {""x"": 60.4, ""y"": 11}, ""eventActionType"": ""pass"", ""isHome"": true, ""outcome"": true, ""keypass"": false}",,
1218066,Anis Hadj Moussa,14053697,rating-breakdown,passes,passes,,,,Feyenoord,90.0,,41.8,52.5,59.8,52.5,,,,unresolvable,,,,False,False,pass,rating-breakdown,True,41.8,52.5,59.8,52.5,pass,True,False,"{""playerCoordinates"": {""x"": 41.8, ""y"": 52.5}, ""passEndCoordinates"": {""x"": 59.8, ""y"": 52.5}, ""eventActionType"": ""pass"", ""isHome"": true, ""keypass"": false}",,
1218066,Anis Hadj Moussa,14053697,rating-breakdown,passes,passes,,,,Feyenoord,90.0,,76.5,83.1,92.7,51.4,,,,unresolvable,,,,False,False,pass,rating-breakdown,True,76.5,83.1,92.7,51.4,cross,True,False,"{""playerCoordinates"": {""x"": 76.5, ""y"": 83.1}, ""passEndCoordinates"": {""x"": 92.7, ""y"": 51.4}, ""eventActionType"": ""cross"", ""isHome"": true, ""keypass"": false}",,
1218066,Anis Hadj Moussa,14053697,rating-breakdown,passes,passes,,,,Feyenoord,90.0,,56.8,9.9,41.1,21.3,True,True,1,boolean_field,success,True,,False,False,pass,rating-breakdown,True,56.8,9.9,41.1,21.3,pass,True,False,"{""playerCoordinates"": {""x"": 56.8, ""y"": 9.9}, ""passEndCoordinates"": {""x"": 41.1, ""y"": 21.3}, ""eventActionType"": ""pass"", ""isHome"": true, ""outcome"": true, ""keypass"": false}",,
1218066,Anis Hadj Moussa,14053697,rating-breakdown,passes,passes,,,,Feyenoord,90.0,,99.3,0.2,93.5,48.7,,,,unresolvable,,,,False,False,pass,rating-breakdown,True,99.3,0.2,93.5,48.7,cross,True,False,"{""playerCoordinates"": {""x"": 99.3, ""y"": 0.2}, ""passEndCoordinates"": {""x"": 93.5, ""y"": 48.7}, ""eventActionType"": ""cross"", ""isHome"": true, ""keypass"": false, ""isLongBall"": true}",True,
1218066,Anis Hadj Moussa,14053697,rating-breakdown,passes,passes,,,,Feyenoord,90.0,,86.8,5,93.9,52.8,,,,unresolvable,,,,False,False,pass,rating-breakdown,True,86.8,5,93.9,52.8,cross,True,False,"{""playerCoordinates"": {""x"": 86.8, ""y"": 5}, ""passEndCoordinates"": {""x"": 93.9, ""y"": 52.8}, ""eventActionType"": ""cross"", ""isHome"": true, ""keypass"": false, ""isLongBall"": true}",True,
1218066,Anis Hadj Moussa,14053697,rating-breakdown,passes,passes,,,,Feyenoord,90.0,,60.8,11.5,52.7,32.7,True,True,1,boolean_field,success,True,,False,False,pass,rating-breakdown,True,60.8,11.5,52.7,32.7,pass,True,False,"{""playerCoordinates"": {""x"": 60.8, ""y"": 11.5}, ""passEndCoordinates"": {""x"": 52.7, ""y"": 32.7}, ""eventActionType"": ""pass"", ""isHome"": true, ""outcome"": true, ""keypass"": false}",,
1218066,Anis Hadj Moussa,14053697,rating-breakdown,passes,passes,,,,Feyenoord,90.0,,83.9,5.9,74.6,15.3,True,True,1,boolean_field,success,True,,False,False,pass,rating-breakdown,True,83.9,5.9,74.6,15.3,pass,True,False,"{""playerCoordinates"": {""x"": 83.9, ""y"": 5.9}, ""passEndCoordinates"": {""x"": 74.6, ""y"": 15.3}, ""eventActionType"": ""pass"", ""isHome"": true, ""outcome"": true, ""keypass"": false}",,
1218066,Anis Hadj Moussa,14053697,rating-breakdown,passes,passes,,,,Feyenoord,90.0,,63.4,7.3,73.6,31.8,,,,unresolvable,,,,False,False,pass,rating-breakdown,True,63.4,7.3,73.6,31.8,pass,True,False,"{""playerCoordinates"": {""x"": 63.4, ""y"": 7.3}, ""passEndCoordinates"": {""x"": 73.6, ""y"": 31.8}, ""eventActionType"": ""pass"", ""isHome"": true, ""keypass"": false}",,
1218066,Anis Hadj Moussa,14053697,rating-breakdown,passes,passes,,,,Feyenoord,90.0,,80.7,9.4,99.3,12.4,True,True,1,boolean_field,success,True,,False,False,pass,rating-breakdown,True,80.7,9.4,99.3,12.4,pass,True,False,"{""playerCoordinates"": {""x"": 80.7, ""y"": 9.4}, ""passEndCoordinates"": {""x"": 99.3, ""y"": 12.4}, ""eventActionType"": ""pass"", ""isHome"": true, ""outcome"": true, ""keypass"": false}",,
1218066,Anis Hadj Moussa,14053697,rating-breakdown,passes,passes,,,,Feyenoord,90.0,,99.5,0.5,91,9.7,True,True,1,boolean_field,success,True,,False,False,pass,rating-breakdown,True,99.5,0.5,91,9.7,pass,True,False,"{""playerCoordinates"": {""x"": 99.5, ""y"": 0.5}, ""passEndCoordinates"": {""x"": 91, ""y"": 9.7}, ""eventActionType"": ""pass"", ""isHome"": true, ""outcome"": true, ""keypass"": false}",,
1218066,Anis Hadj Moussa,14053697,rating-breakdown,passes,passes,,,,Feyenoord,90.0,,59.2,16.2,60.7,17.6,True,True,1,boolean_field,success,True,,False,False,pass,rating-breakdown,True,59.2,16.2,60.7,17.6,pass,True,False,"{""playerCoordinates"": {""x"": 59.2, ""y"": 16.2}, ""passEndCoordinates"": {""x"": 60.7, ""y"": 17.6}, ""eventActionType"": ""pass"", ""isHome"": true, ""outcome"": true, ""keypass"": false}",,
1218066,Anis Hadj Moussa,14053697,rating-breakdown,passes,passes,,,,Feyenoord,90.0,,68.4,8.7,74.7,12.7,True,True,1,boolean_field,success,True,,False,False,pass,rating-breakdown,True,68.4,8.7,74.7,12.7,pass,True,False,"{""playerCoordinates"": {""x"": 68.4, ""y"": 8.7}, ""passEndCoordinates"": {""x"": 74.7, ""y"": 12.7}, ""eventActionType"": ""pass"", ""isHome"": true, ""outcome"": true, ""keypass"": false}",,
1218066,Anis Hadj Moussa,14053697,rating-breakdown,passes,passes,,,,Feyenoord,90.0,,99.5,0.5,87.5,55.6,True,True,1,boolean_field,success,True,,False,False,pass,rating-breakdown,True,99.5,0.5,87.5,55.6,cross,True,False,"{""playerCoordinates"": {""x"": 99.5, ""y"": 0.5}, ""passEndCoordinates"": {""x"": 87.5, ""y"": 55.6}, ""eventActionType"": ""cross"", ""isHome"": true, ""outcome"": true, ""keypass"": false, ""isLongBall"": true}",True,
1218066,Anis Hadj Moussa,14053697,rating-breakdown,passes,passes,,,,Feyenoord,90.0,,36,16,33,52.5,True,True,1,boolean_field,success,True,,False,False,pass,rating-breakdown,True,36,16,33,52.5,pass,True,False,"{""playerCoordinates"": {""x"": 36, ""y"": 16}, ""passEndCoordinates"": {""x"": 33, ""y"": 52.5}, ""eventActionType"": ""pass"", ""isHome"": true, ""outcome"": true, ""keypass"": false}",,
1218066,Anis Hadj Moussa,14053697,rating-breakdown,passes,passes,,,,Feyenoord,90.0,,42.1,14.8,37,29.3,True,True,1,boolean_field,success,True,,False,False,pass,rating-breakdown,True,42.1,14.8,37,29.3,pass,True,False,"{""playerCoordinates"": {""x"": 42.1, ""y"": 14.8}, ""passEndCoordinates"": {""x"": 37, ""y"": 29.3}, ""eventActionType"": ""pass"", ""isHome"": true, ""outcome"": true, ""keypass"": false}",,
1218066,Anis Hadj Moussa,14053697,rating-breakdown,passes,passes,,,,Feyenoord,90.0,,77.7,26.4,97.4,39.8,,,,unresolvable,,,,False,False,pass,rating-breakdown,True,77.7,26.4,97.4,39.8,pass,True,False,"{""playerCoordinates"": {""x"": 77.7, ""y"": 26.4}, ""passEndCoordinates"": {""x"": 97.4, ""y"": 39.8}, ""eventActionType"": ""pass"", ""isHome"": true, ""keypass"": false}",,
1218066,Anis Hadj Moussa,14053697,rating-breakdown,passes,passes,,,,Feyenoord,90.0,,87.9,87.8,92.2,49.5,,,,unresolvable,,,,False,False,pass,rating-breakdown,True,87.9,87.8,92.2,49.5,cross,True,False,"{""playerCoordinates"": {""x"": 87.9, ""y"": 87.8}, ""passEndCoordinates"": {""x"": 92.2, ""y"": 49.5}, ""eventActionType"": ""cross"", ""isHome"": true, ""keypass"": false}",,
1218066,Anis Hadj Moussa,14053697,rating-breakdown,passes,passes,,,,Feyenoord,90.0,,61.2,8.5,93.1,11,True,True,1,boolean_field,success,True,,False,False,pass,rating-breakdown,True,61.2,8.5,93.1,11,pass,True,False,"{""playerCoordinates"": {""x"": 61.2, ""y"": 8.5}, ""passEndCoordinates"": {""x"": 93.1, ""y"": 11}, ""eventActionType"": ""pass"", ""isHome"": true, ""outcome"": true, ""keypass"": false, ""isLongBall"": true}",True,
1218066,Anis Hadj Moussa,14053697,rating-breakdown,passes,passes,,,,Feyenoord,90.0,,88.3,15.9,88.8,10.4,True,True,1,boolean_field,success,True,,False,False,pass,rating-breakdown,True,88.3,15.9,88.8,10.4,pass,True,False,"{""playerCoordinates"": {""x"": 88.3, ""y"": 15.9}, ""passEndCoordinates"": {""x"": 88.8, ""y"": 10.4}, ""eventActionType"": ""pass"", ""isHome"": true, ""outcome"": true, ""keypass"": false}",,
1218066,Anis Hadj Moussa,14053697,rating-breakdown,passes,passes,,,,Feyenoord,90.0,,85,14.3,86.2,39,,,,unresolvable,,,,False,False,pass,rating-breakdown,True,85,14.3,86.2,39,cross,True,False,"{""playerCoordinates"": {""x"": 85, ""y"": 14.3}, ""passEndCoordinates"": {""x"": 86.2, ""y"": 39}, ""eventActionType"": ""cross"", ""isHome"": true, ""keypass"": false}",,
1218066,Anis Hadj Moussa,14053697,rating-breakdown,passes,passes,,,,Feyenoord,90.0,,65.1,47.5,74.3,71.9,True,True,1,boolean_field,success,True,,False,False,pass,rating-breakdown,True,65.1,47.5,74.3,71.9,pass,True,False,"{""playerCoordinates"": {""x"": 65.1, ""y"": 47.5}, ""passEndCoordinates"": {""x"": 74.3, ""y"": 71.9}, ""eventActionType"": ""pass"", ""isHome"": true, ""outcome"": true, ""keypass"": false}",,
1218066,Anis Hadj Moussa,14053697,rating-breakdown,passes,passes,,,,Feyenoord,90.0,,80.7,11.1,93.7,22.7,,,,unresolvable,,,,False,False,pass,rating-breakdown,True,80.7,11.1,93.7,22.7,pass,True,False,"{""playerCoordinates"": {""x"": 80.7, ""y"": 11.1}, ""passEndCoordinates"": {""x"": 93.7, ""y"": 22.7}, ""eventActionType"": ""pass"", ""isHome"": true, ""keypass"": false}",,
1218066,Anis Hadj Moussa,14053697,rating-breakdown,passes,passes,,,,Feyenoord,90.0,,99.5,0.5,95,40.9,,,,unresolvable,,,,False,False,pass,rating-breakdown,True,99.5,0.5,95,40.9,cross,True,False,"{""playerCoordinates"": {""x"": 99.5, ""y"": 0.5}, ""passEndCoordinates"": {""x"": 95, ""y"": 40.9}, ""eventActionType"": ""cross"", ""isHome"": true, ""keypass"": false}",,
1218066,Anis Hadj Moussa,14053697,rating-breakdown,passes,passes,,,,Feyenoord,90.0,,37.2,16.4,66.3,4.7,True,True,1,boolean_field,success,True,,False,False,pass,rating-breakdown,True,37.2,16.4,66.3,4.7,pass,True,False,"{""playerCoordinates"": {""x"": 37.2, ""y"": 16.4}, ""passEndCoordinates"": {""x"": 66.3, ""y"": 4.7}, ""eventActionType"": ""pass"", ""isHome"": true, ""outcome"": true, ""keypass"": false}",,
1218066,Anis Hadj Moussa,14053697,rating-breakdown,passes,passes,,,,Feyenoord,90.0,,99.5,0.5,90,3.4,True,True,1,boolean_field,success,True,,False,False,pass,rating-breakdown,True,99.5,0.5,90,3.4,pass,True,False,"{""playerCoordinates"": {""x"": 99.5, ""y"": 0.5}, ""passEndCoordinates"": {""x"": 90, ""y"": 3.4}, ""eventActionType"": ""pass"", ""isHome"": true, ""outcome"": true, ""keypass"": false}",,
1218066,Anis Hadj Moussa,14053697,rating-breakdown,ball-carries,ball-carries,,,,Feyenoord,90.0,,33.7,50.4,41.6,52.3,,,,unresolvable,,,,False,False,,rating-breakdown,True,33.7,50.4,41.6,52.3,ball-carry,True,,"{""playerCoordinates"": {""x"": 33.7, ""y"": 50.4}, ""passEndCoordinates"": {""x"": 41.6, ""y"": 52.3}, ""eventActionType"": ""ball-carry"", ""isHome"": true}",,
1218066,Anis Hadj Moussa,14053697,rating-breakdown,ball-carries,ball-carries,,,,Feyenoord,90.0,,69.4,19.5,79.6,29.6,,,,unresolvable,,,,False,False,,rating-breakdown,True,69.4,19.5,79.6,29.6,ball-carry,True,,"{""playerCoordinates"": {""x"": 69.4, ""y"": 19.5}, ""passEndCoordinates"": {""x"": 79.6, ""y"": 29.6}, ""eventActionType"": ""ball-carry"", ""isHome"": true}",,
1218066,Anis Hadj Moussa,14053697,rating-breakdown,ball-carries,ball-carries,,,,Feyenoord,90.0,,48.5,23.9,43.2,16.6,,,,unresolvable,,,,False,False,,rating-breakdown,True,48.5,23.9,43.2,16.6,ball-carry,True,,"{""playerCoordinates"": {""x"": 48.5, ""y"": 23.9}, ""passEndCoordinates"": {""x"": 43.2, ""y"": 16.6}, ""eventActionType"": ""ball-carry"", ""isHome"": true}",,
1218066,Anis Hadj Moussa,14053697,rating-breakdown,ball-carries,ball-carries,,,,Feyenoord,90.0,,37.1,4.3,68.6,34.9,,,,unresolvable,,,,False,False,,rating-breakdown,True,37.1,4.3,68.6,34.9,ball-carry,True,,"{""playerCoordinates"": {""x"": 37.1, ""y"": 4.3}, ""passEndCoordinates"": {""x"": 68.6, ""y"": 34.9}, ""eventActionType"": ""ball-carry"", ""isHome"": true}",,
1218066,Anis Hadj Moussa,14053697,rating-breakdown,ball-carries,ball-carries,,,,Feyenoord,90.0,,34.1,13.1,37,13.4,,,,unresolvable,,,,False,False,,rating-breakdown,True,34.1,13.1,37,13.4,ball-carry,True,,"{""playerCoordinates"": {""x"": 34.1, ""y"": 13.1}, ""passEndCoordinates"": {""x"": 37, ""y"": 13.4}, ""eventActionType"": ""ball-carry"", ""isHome"": true}",,
1218066,Anis Hadj Moussa,14053697,rating-breakdown,ball-carries,ball-carries,,,,Feyenoord,90.0,,79.8,11.8,95.8,19.6,,,,unresolvable,,,,False,False,,rating-breakdown,True,79.8,11.8,95.8,19.6,ball-carry,True,,"{""playerCoordinates"": {""x"": 79.8, ""y"": 11.8}, ""passEndCoordinates"": {""x"": 95.8, ""y"": 19.6}, ""eventActionType"": ""ball-carry"", ""isHome"": true}",,
1218066,Anis Hadj Moussa,14053697,rating-breakdown,ball-carries,ball-carries,,,,Feyenoord,90.0,,63.6,5.5,60.8,11.5,,,,unresolvable,,,,False,False,,rating-breakdown,True,63.6,5.5,60.8,11.5,ball-carry,True,,"{""playerCoordinates"": {""x"": 63.6, ""y"": 5.5}, ""passEndCoordinates"": {""x"": 60.8, ""y"": 11.5}, ""eventActionType"": ""ball-carry"", ""isHome"": true}",,
1218066,Anis Hadj Moussa,14053697,rating-breakdown,ball-carries,ball-carries,,,,Feyenoord,90.0,,76.2,7.8,80.7,9.4,,,,unresolvable,,,,False,False,,rating-breakdown,True,76.2,7.8,80.7,9.4,ball-carry,True,,"{""playerCoordinates"": {""x"": 76.2, ""y"": 7.8}, ""passEndCoordinates"": {""x"": 80.7, ""y"": 9.4}, ""eventActionType"": ""ball-carry"", ""isHome"": true}",,
1218066,Anis Hadj Moussa,14053697,rating-breakdown,ball-carries,ball-carries,,,,Feyenoord,90.0,,60.1,4.7,60.1,9.6,,,,unresolvable,,,,False,False,,rating-breakdown,True,60.1,4.7,60.1,9.6,ball-carry,True,,"{""playerCoordinates"": {""x"": 60.1, ""y"": 4.7}, ""passEndCoordinates"": {""x"": 60.1, ""y"": 9.6}, ""eventActionType"": ""ball-carry"", ""isHome"": true}",,
1218066,Anis Hadj Moussa,14053697,rating-breakdown,ball-carries,ball-carries,,,,Feyenoord,90.0,,91.5,11.8,91.6,22,,,,unresolvable,,,,False,False,,rating-breakdown,True,91.5,11.8,91.6,22,ball-carry,True,,"{""playerCoordinates"": {""x"": 91.5, ""y"": 11.8}, ""passEndCoordinates"": {""x"": 91.6, ""y"": 22}, ""eventActionType"": ""ball-carry"", ""isHome"": true}",,
1218066,Anis Hadj Moussa,14053697,rating-breakdown,ball-carries,ball-carries,,,,Feyenoord,90.0,,32.3,4,39.3,4.8,,,,unresolvable,,,,False,False,,rating-breakdown,True,32.3,4,39.3,4.8,ball-carry,True,,"{""playerCoordinates"": {""x"": 32.3, ""y"": 4}, ""passEndCoordinates"": {""x"": 39.3, ""y"": 4.8}, ""eventActionType"": ""ball-carry"", ""isHome"": true}",,
1218066,Anis Hadj Moussa,14053697,rating-breakdown,ball-carries,ball-carries,,,,Feyenoord,90.0,,69,5,77.7,26.4,,,,unresolvable,,,,False,False,,rating-breakdown,True,69,5,77.7,26.4,ball-carry,True,,"{""playerCoordinates"": {""x"": 69, ""y"": 5}, ""passEndCoordinates"": {""x"": 77.7, ""y"": 26.4}, ""eventActionType"": ""ball-carry"", ""isHome"": true}",,
1218066,Anis Hadj Moussa,14053697,rating-breakdown,ball-carries,ball-carries,,,,Feyenoord,90.0,,87.7,86.8,90.7,91.2,,,,unresolvable,,,,False,False,,rating-breakdown,True,87.7,86.8,90.7,91.2,ball-carry,True,,"{""playerCoordinates"": {""x"": 87.7, ""y"": 86.8}, ""passEndCoordinates"": {""x"": 90.7, ""y"": 91.2}, ""eventActionType"": ""ball-carry"", ""isHome"": true}",,
1218066,Anis Hadj Moussa,14053697,rating-breakdown,ball-carries,ball-carries,,,,Feyenoord,90.0,,83.3,8,85,14.3,,,,unresolvable,,,,False,False,,rating-breakdown,True,83.3,8,85,14.3,ball-carry,True,,"{""playerCoordinates"": {""x"": 83.3, ""y"": 8}, ""passEndCoordinates"": {""x"": 85, ""y"": 14.3}, ""eventActionType"": ""ball-carry"", ""isHome"": true}",,
1218066,Anis Hadj Moussa,14053697,rating-breakdown,ball-carries,ball-carries,,,,Feyenoord,90.0,,63.3,35.3,69.8,41,,,,unresolvable,,,,False,False,,rating-breakdown,True,63.3,35.3,69.8,41,ball-carry,True,,"{""playerCoordinates"": {""x"": 63.3, ""y"": 35.3}, ""passEndCoordinates"": {""x"": 69.8, ""y"": 41}, ""eventActionType"": ""ball-carry"", ""isHome"": true}",,
1218066,Anis Hadj Moussa,14053697,rating-breakdown,ball-carries,ball-carries,,,,Feyenoord,90.0,,18.2,21.6,20.8,27.6,,,,unresolvable,,,,False,False,,rating-breakdown,True,18.2,21.6,20.8,27.6,ball-carry,True,,"{""playerCoordinates"": {""x"": 18.2, ""y"": 21.6}, ""passEndCoordinates"": {""x"": 20.8, ""y"": 27.6}, ""eventActionType"": ""ball-carry"", ""isHome"": true}",,
1218066,Anis Hadj Moussa,14053697,rating-breakdown,ball-carries,ball-carries,,,,Feyenoord,90.0,,90.1,39.1,90.6,46.6,,,,unresolvable,,,,False,False,,rating-breakdown,True,90.1,39.1,90.6,46.6,ball-carry,True,,"{""playerCoordinates"": {""x"": 90.1, ""y"": 39.1}, ""passEndCoordinates"": {""x"": 90.6, ""y"": 46.6}, ""eventActionType"": ""ball-carry"", ""isHome"": true}",,
1218066,Anis Hadj Moussa,14053697,rating-breakdown,dribbles,dribbles,,,,Feyenoord,90.0,,79.6,29.6,,,,,,unresolvable,,,,False,False,,rating-breakdown,True,79.6,29.6,,,dribble,True,False,"{""playerCoordinates"": {""x"": 79.6, ""y"": 29.6}, ""eventActionType"": ""dribble"", ""isHome"": true, ""keypass"": false}",,
1218066,Anis Hadj Moussa,14053697,rating-breakdown,dribbles,dribbles,,,,Feyenoord,90.0,,69.2,35.4,,,True,True,1,boolean_field,success,,True,False,False,,rating-breakdown,True,69.2,35.4,,,dribble,True,False,"{""playerCoordinates"": {""x"": 69.2, ""y"": 35.4}, ""eventActionType"": ""dribble"", ""isHome"": true, ""outcome"": true, ""keypass"": false}",,
1218066,Anis Hadj Moussa,14053697,rating-breakdown,dribbles,dribbles,,,,Feyenoord,90.0,,96,19.8,,,,,,unresolvable,,,,False,False,,rating-breakdown,True,96,19.8,,,dribble,True,False,"{""playerCoordinates"": {""x"": 96, ""y"": 19.8}, ""eventActionType"": ""dribble"", ""isHome"": true, ""keypass"": false}",,
1218066,Anis Hadj Moussa,14053697,rating-breakdown,dribbles,dribbles,,,,Feyenoord,90.0,,60.1,9.6,,,True,True,1,boolean_field,success,,True,False,False,,rating-breakdown,True,60.1,9.6,,,dribble,True,False,"{""playerCoordinates"": {""x"": 60.1, ""y"": 9.6}, ""eventActionType"": ""dribble"", ""isHome"": true, ""outcome"": true, ""keypass"": false}",,
1218066,Anis Hadj Moussa,14053697,rating-breakdown,dribbles,dribbles,,,,Feyenoord,90.0,,90.3,23.1,,,,,,unresolvable,,,,False,False,,rating-breakdown,True,90.3,23.1,,,dribble,True,False,"{""playerCoordinates"": {""x"": 90.3, ""y"": 23.1}, ""eventActionType"": ""dribble"", ""isHome"": true, ""keypass"": false}",,
1218066,Anis Hadj Moussa,14053697,rating-breakdown,dribbles,dribbles,,,,Feyenoord,90.0,,38.2,4.6,,,True,True,1,boolean_field,success,,True,False,False,,rating-breakdown,True,38.2,4.6,,,dribble,True,False,"{""playerCoordinates"": {""x"": 38.2, ""y"": 4.6}, ""eventActionType"": ""dribble"", ""isHome"": true, ""outcome"": true, ""keypass"": false}",,
1218066,Anis Hadj Moussa,14053697,rating-breakdown,dribbles,dribbles,,,,Feyenoord,90.0,,90.2,90.6,,,,,,unresolvable,,,,False,False,,rating-breakdown,True,90.2,90.6,,,dribble,True,False,"{""playerCoordinates"": {""x"": 90.2, ""y"": 90.6}, ""eventActionType"": ""dribble"", ""isHome"": true, ""keypass"": false}",,
1218066,Anis Hadj Moussa,14053697,rating-breakdown,dribbles,dribbles,,,,Feyenoord,90.0,,68.2,44.2,,,True,True,1,boolean_field,success,,True,False,False,,rating-breakdown,True,68.2,44.2,,,dribble,True,False,"{""playerCoordinates"": {""x"": 68.2, ""y"": 44.2}, ""eventActionType"": ""dribble"", ""isHome"": true, ""outcome"": true, ""keypass"": false}",,
1218066,Anis Hadj Moussa,14053697,rating-breakdown,dribbles,dribbles,,,,Feyenoord,90.0,,68.8,40.2,,,True,True,1,boolean_field,success,,True,False,False,,rating-breakdown,True,68.8,40.2,,,dribble,True,False,"{""playerCoordinates"": {""x"": 68.8, ""y"": 40.2}, ""eventActionType"": ""dribble"", ""isHome"": true, ""outcome"": true, ""keypass"": false}",,
1218066,Anis Hadj Moussa,14053697,rating-breakdown,dribbles,dribbles,,,,Feyenoord,90.0,,33.8,10.2,,,True,True,1,boolean_field,success,,True,False,False,,rating-breakdown,True,33.8,10.2,,,dribble,True,False,"{""playerCoordinates"": {""x"": 33.8, ""y"": 10.2}, ""eventActionType"": ""dribble"", ""isHome"": true, ""outcome"": true, ""keypass"": false}",,
1218066,Anis Hadj Moussa,14053697,rating-breakdown,dribbles,dribbles,,,,Feyenoord,90.0,,94.6,31,,,,,,unresolvable,,,,False,False,,rating-breakdown,True,94.6,31,,,dribble,True,False,"{""playerCoordinates"": {""x"": 94.6, ""y"": 31}, ""eventActionType"": ""dribble"", ""isHome"": true, ""keypass"": false}",,
1218066,Anis Hadj Moussa,14053697,rating-breakdown,dribbles,dribbles,,,,Feyenoord,90.0,,87.3,3.6,,,,,,unresolvable,,,,False,False,,rating-breakdown,True,87.3,3.6,,,dribble,True,False,"{""playerCoordinates"": {""x"": 87.3, ""y"": 3.6}, ""eventActionType"": ""dribble"", ""isHome"": true, ""keypass"": false}",,
1218066,Anis Hadj Moussa,14053697,rating-breakdown,defensive,defensive,,,,Feyenoord,90.0,,14.3,37,47.4,0,True,True,1,boolean_field,success,,True,False,False,,rating-breakdown,True,14.3,37,47.4,0,clearance,True,False,"{""playerCoordinates"": {""x"": 14.3, ""y"": 37}, ""passEndCoordinates"": {""x"": 47.4, ""y"": 0}, ""eventActionType"": ""clearance"", ""isHome"": true, ""outcome"": true, ""keypass"": false}",,
1218066,Anis Hadj Moussa,14053697,rating-breakdown,defensive,defensive,,,,Feyenoord,90.0,,33.7,50.4,,,True,True,1,boolean_field,success,,True,False,False,,rating-breakdown,True,33.7,50.4,,,ball-recovery,True,False,"{""playerCoordinates"": {""x"": 33.7, ""y"": 50.4}, ""eventActionType"": ""ball-recovery"", ""isHome"": true, ""outcome"": true, ""keypass"": false}",,
1218066,Anis Hadj Moussa,14053697,rating-breakdown,defensive,defensive,,,,Feyenoord,90.0,,33.4,27.2,,,True,True,1,boolean_field,success,,True,False,False,,rating-breakdown,True,33.4,27.2,,,ball-recovery,True,False,"{""playerCoordinates"": {""x"": 33.4, ""y"": 27.2}, ""eventActionType"": ""ball-recovery"", ""isHome"": true, ""outcome"": true, ""keypass"": false}",,
1218066,Anis Hadj Moussa,14053697,rating-breakdown,defensive,defensive,,,,Feyenoord,90.0,,24.4,18.8,,,True,True,1,boolean_field,success,,True,False,False,,rating-breakdown,True,24.4,18.8,,,interception,True,False,"{""playerCoordinates"": {""x"": 24.4, ""y"": 18.8}, ""eventActionType"": ""interception"", ""isHome"": true, ""outcome"": true, ""keypass"": false}",,
1218066,Anis Hadj Moussa,14053697,rating-breakdown,defensive,defensive,,,,Feyenoord,90.0,,41.6,52.5,,,True,True,1,boolean_field,success,,True,False,False,,rating-breakdown,True,41.6,52.5,,,ball-recovery,True,False,"{""playerCoordinates"": {""x"": 41.6, ""y"": 52.5}, ""eventActionType"": ""ball-recovery"", ""isHome"": true, ""outcome"": true, ""keypass"": false}",,
1218066,Anis Hadj Moussa,14053697,rating-breakdown,defensive,defensive,,,,Feyenoord,90.0,,66.8,8.9,,,True,True,1,boolean_field,success,,True,False,False,,rating-breakdown,True,66.8,8.9,,,ball-recovery,True,False,"{""playerCoordinates"": {""x"": 66.8, ""y"": 8.9}, ""eventActionType"": ""ball-recovery"", ""isHome"": true, ""outcome"": true, ""keypass"": false}",,
1218066,Anis Hadj Moussa,14053697,rating-breakdown,defensive,defensive,,,,Feyenoord,90.0,,42.1,14.3,,,True,True,1,boolean_field,success,,True,False,False,,rating-breakdown,True,42.1,14.3,,,ball-recovery,True,False,"{""playerCoordinates"": {""x"": 42.1, ""y"": 14.3}, ""eventActionType"": ""ball-recovery"", ""isHome"": true, ""outcome"": true, ""keypass"": false}",,
1218066,Anis Hadj Moussa,14053697,rating-breakdown,defensive,defensive,,,,Feyenoord,90.0,,61.2,8.5,,,True,True,1,boolean_field,success,,True,False,False,,rating-breakdown,True,61.2,8.5,,,ball-recovery,True,False,"{""playerCoordinates"": {""x"": 61.2, ""y"": 8.5}, ""eventActionType"": ""ball-recovery"", ""isHome"": true, ""outcome"": true, ""keypass"": false}",,
1218066,Anis Hadj Moussa,14053697,rating-breakdown,defensive,defensive,,,,Feyenoord,90.0,,37.1,16.4,,,True,True,1,boolean_field,success,,True,False,False,,rating-breakdown,True,37.1,16.4,,,ball-recovery,True,False,"{""playerCoordinates"": {""x"": 37.1, ""y"": 16.4}, ""eventActionType"": ""ball-recovery"", ""isHome"": true, ""outcome"": true, ""keypass"": false}",,
1218066,Anis Hadj Moussa,14053738,rating-breakdown,passes,passes,,,,Feyenoord,90.0,,77.4,3.1,68,15.8,,,,unresolvable,,,,False,False,pass,rating-breakdown,True,77.4,3.1,68,15.8,pass,True,False,"{""playerCoordinates"": {""x"": 77.4, ""y"": 3.1}, ""passEndCoordinates"": {""x"": 68, ""y"": 15.8}, ""eventActionType"": ""pass"", ""isHome"": true, ""keypass"": false}",,
1218066,Anis Hadj Moussa,14053738,rating-breakdown,passes,passes,,,,Feyenoord,90.0,,99.3,11.1,91.3,44.8,,,,unresolvable,,,,False,False,pass,rating-breakdown,True,99.3,11.1,91.3,44.8,cross,True,False,"{""playerCoordinates"": {""x"": 99.3, ""y"": 11.1}, ""passEndCoordinates"": {""x"": 91.3, ""y"": 44.8}, ""eventActionType"": ""cross"", ""isHome"": true, ""keypass"": false}",,
1218066,Anis Hadj Moussa,14053738,rating-breakdown,passes,passes,,,,Feyenoord,90.0,,98.9,81.8,92.4,49.5,True,True,1,boolean_field,success,True,,False,True,key_pass,rating-breakdown,True,98.9,81.8,92.4,49.5,cross,True,True,"{""playerCoordinates"": {""x"": 98.9, ""y"": 81.8}, ""passEndCoordinates"": {""x"": 92.4, ""y"": 49.5}, ""eventActionType"": ""cross"", ""isHome"": true, ""outcome"": true, ""keypass"": true}",,
1218066,Anis Hadj Moussa,14053738,rating-breakdown,passes,passes,,,,Feyenoord,90.0,,66.1,22.1,81.8,31.3,,,,unresolvable,,,,False,False,pass,rating-breakdown,True,66.1,22.1,81.8,31.3,pass,True,False,"{""playerCoordinates"": {""x"": 66.1, ""y"": 22.1}, ""passEndCoordinates"": {""x"": 81.8, ""y"": 31.3}, ""eventActionType"": ""pass"", ""isHome"": true, ""keypass"": false}",,
1218066,Anis Hadj Moussa,14053738,rating-breakdown,passes,passes,,,,Feyenoord,90.0,,73.1,2.1,61.4,42.7,True,True,1,boolean_field,success,True,,False,False,pass,rating-breakdown,True,73.1,2.1,61.4,42.7,pass,True,False,"{""playerCoordinates"": {""x"": 73.1, ""y"": 2.1}, ""passEndCoordinates"": {""x"": 61.4, ""y"": 42.7}, ""eventActionType"": ""pass"", ""isHome"": true, ""outcome"": true, ""keypass"": false}",,
1218066,Anis Hadj Moussa,14053738,rating-breakdown,passes,passes,,,,Feyenoord,90.0,,67.3,6.7,59.4,27.3,True,True,1,boolean_field,success,True,,False,False,pass,rating-breakdown,True,67.3,6.7,59.4,27.3,pass,True,False,"{""playerCoordinates"": {""x"": 67.3, ""y"": 6.7}, ""passEndCoordinates"": {""x"": 59.4, ""y"": 27.3}, ""eventActionType"": ""pass"", ""isHome"": true, ""outcome"": true, ""keypass"": false}",,
1218066,Anis Hadj Moussa,14053738,rating-breakdown,passes,passes,,,,Feyenoord,90.0,,92.7,16.8,89.6,11.1,True,True,1,boolean_field,success,True,,False,False,pass,rating-breakdown,True,92.7,16.8,89.6,11.1,pass,True,False,"{""playerCoordinates"": {""x"": 92.7, ""y"": 16.8}, ""passEndCoordinates"": {""x"": 89.6, ""y"": 11.1}, ""eventActionType"": ""pass"", ""isHome"": true, ""outcome"": true, ""keypass"": false}",,
1218066,Anis Hadj Moussa,14053738,rating-breakdown,passes,passes,,,,Feyenoord,90.0,,27.5,13.9,37.2,19,,,,unresolvable,,,,False,False,pass,rating-breakdown,True,27.5,13.9,37.2,19,pass,True,False,"{""playerCoordinates"": {""x"": 27.5, ""y"": 13.9}, ""passEndCoordinates"": {""x"": 37.2, ""y"": 19}, ""eventActionType"": ""pass"", ""isHome"": true, ""keypass"": false}",,
1218066,Anis Hadj Moussa,14053738,rating-breakdown,passes,passes,,,,Feyenoord,90.0,,72.4,2.9,65.1,7.4,True,True,1,boolean_field,success,True,,False,False,pass,rating-breakdown,True,72.4,2.9,65.1,7.4,pass,True,False,"{""playerCoordinates"": {""x"": 72.4, ""y"": 2.9}, ""passEndCoordinates"": {""x"": 65.1, ""y"": 7.4}, ""eventActionType"": ""pass"", ""isHome"": true, ""outcome"": true, ""keypass"": false}",,
1218066,Anis Hadj Moussa,14053738,rating-breakdown,passes,passes,,,,Feyenoord,90.0,,93.9,12.5,89.2,47.7,True,True,1,boolean_field,success,True,,False,True,key_pass,rating-breakdown,True,93.9,12.5,89.2,47.7,cross,True,True,"{""playerCoordinates"": {""x"": 93.9, ""y"": 12.5}, ""passEndCoordinates"": {""x"": 89.2, ""y"": 47.7}, ""eventActionType"": ""cross"", ""isHome"": true, ""outcome"": true, ""keypass"": true}",,
1218066,Anis Hadj Moussa,14053738,rating-breakdown,passes,passes,,,,Feyenoord,90.0,,68.2,7.4,73.5,17,True,True,1,boolean_field,success,True,,False,False,pass,rating-breakdown,True,68.2,7.4,73.5,17,pass,True,False,"{""playerCoordinates"": {""x"": 68.2, ""y"": 7.4}, ""passEndCoordinates"": {""x"": 73.5, ""y"": 17}, ""eventActionType"": ""pass"", ""isHome"": true, ""outcome"": true, ""keypass"": false}",,
1218066,Anis Hadj Moussa,14053738,rating-breakdown,passes,passes,,,,Feyenoord,90.0,,53.8,35.5,46.1,56.6,True,True,1,boolean_field,success,True,,False,False,pass,rating-breakdown,True,53.8,35.5,46.1,56.6,pass,True,False,"{""playerCoordinates"": {""x"": 53.8, ""y"": 35.5}, ""passEndCoordinates"": {""x"": 46.1, ""y"": 56.6}, ""eventActionType"": ""pass"", ""isHome"": true, ""outcome"": true, ""keypass"": false}",,
1218066,Anis Hadj Moussa,14053738,rating-breakdown,passes,passes,,,,Feyenoord,90.0,,65.6,6.5,46.3,16.5,True,True,1,boolean_field,success,True,,False,False,pass,rating-breakdown,True,65.6,6.5,46.3,16.5,pass,True,False,"{""playerCoordinates"": {""x"": 65.6, ""y"": 6.5}, ""passEndCoordinates"": {""x"": 46.3, ""y"": 16.5}, ""eventActionType"": ""pass"", ""isHome"": true, ""outcome"": true, ""keypass"": false}",,
1218066,Anis Hadj Moussa,14053738,rating-breakdown,passes,passes,,,,Feyenoord,90.0,,88.8,19.5,91.5,45.8,,,,unresolvable,,,,False,False,pass,rating-breakdown,True,88.8,19.5,91.5,45.8,cross,True,False,"{""playerCoordinates"": {""x"": 88.8, ""y"": 19.5}, ""passEndCoordinates"": {""x"": 91.5, ""y"": 45.8}, ""eventActionType"": ""cross"", ""isHome"": true, ""keypass"": false}",,
1218066,Anis Hadj Moussa,14053738,rating-breakdown,passes,passes,,,,Feyenoord,90.0,,65.1,59.5,85.3,23.5,,,,unresolvable,,,,False,False,pass,rating-breakdown,True,65.1,59.5,85.3,23.5,pass,True,False,"{""playerCoordinates"": {""x"": 65.1, ""y"": 59.5}, ""passEndCoordinates"": {""x"": 85.3, ""y"": 23.5}, ""eventActionType"": ""pass"", ""isHome"": true, ""keypass"": false, ""isLongBall"": true}",True,
1218066,Anis Hadj Moussa,14053738,rating-breakdown,passes,passes,,,,Feyenoord,90.0,,88.6,27.6,95.6,57,True,True,1,boolean_field,success,True,,False,True,key_pass,rating-breakdown,True,88.6,27.6,95.6,57,cross,True,True,"{""playerCoordinates"": {""x"": 88.6, ""y"": 27.6}, ""passEndCoordinates"": {""x"": 95.6, ""y"": 57}, ""eventActionType"": ""cross"", ""isHome"": true, ""outcome"": true, ""keypass"": true}",,
1218066,Anis Hadj Moussa,14053738,rating-breakdown,passes,passes,,,,Feyenoord,90.0,,36.1,10.1,40.2,20.4,True,True,1,boolean_field,success,True,,False,False,pass,rating-breakdown,True,36.1,10.1,40.2,20.4,pass,True,False,"{""playerCoordinates"": {""x"": 36.1, ""y"": 10.1}, ""passEndCoordinates"": {""x"": 40.2, ""y"": 20.4}, ""eventActionType"": ""pass"", ""isHome"": true, ""outcome"": true, ""keypass"": false}",,
1218066,Anis Hadj Moussa,14053738,rating-breakdown,passes,passes,,,,Feyenoord,90.0,,66,34.8,65,31.8,True,True,1,boolean_field,success,True,,False,False,pass,rating-breakdown,True,66,34.8,65,31.8,pass,True,False,"{""playerCoordinates"": {""x"": 66, ""y"": 34.8}, ""passEndCoordinates"": {""x"": 65, ""y"": 31.8}, ""eventActionType"": ""pass"", ""isHome"": true, ""outcome"": true, ""keypass"": false}",,
1218066,Anis Hadj Moussa,14053738,rating-breakdown,passes,passes,,,,Feyenoord,90.0,,68.2,5.3,56,6.4,True,True,1,boolean_field,success,True,,False,False,pass,rating-breakdown,True,68.2,5.3,56,6.4,pass,True,False,"{""playerCoordinates"": {""x"": 68.2, ""y"": 5.3}, ""passEndCoordinates"": {""x"": 56, ""y"": 6.4}, ""eventActionType"": ""pass"", ""isHome"": true, ""outcome"": true, ""keypass"": false}",,
1218066,Anis Hadj Moussa,14053738,rating-breakdown,passes,passes,,,,Feyenoord,90.0,,66.6,26.1,100,82.7,,,,unresolvable,,,,False,False,pass,rating-breakdown,True,66.6,26.1,100,82.7,pass,True,False,"{""playerCoordinates"": {""x"": 66.6, ""y"": 26.1}, ""passEndCoordinates"": {""x"": 100, ""y"": 82.7}, ""eventActionType"": ""pass"", ""isHome"": true, ""keypass"": false, ""isLongBall"": true}",True,
1218066,Anis Hadj Moussa,14053738,rating-breakdown,passes,passes,,,,Feyenoord,90.0,,16.1,25.8,17.2,27.6,,,,unresolvable,,,,False,False,pass,rating-breakdown,True,16.1,25.8,17.2,27.6,pass,True,False,"{""playerCoordinates"": {""x"": 16.1, ""y"": 25.8}, ""passEndCoordinates"": {""x"": 17.2, ""y"": 27.6}, ""eventActionType"": ""pass"", ""isHome"": true, ""keypass"": false}",,
1218066,Anis Hadj Moussa,14053738,rating-breakdown,passes,passes,,,,Feyenoord,90.0,,78.8,41,84.4,44.6,,,,unresolvable,,,,False,False,pass,rating-breakdown,True,78.8,41,84.4,44.6,pass,True,False,"{""playerCoordinates"": {""x"": 78.8, ""y"": 41}, ""passEndCoordinates"": {""x"": 84.4, ""y"": 44.6}, ""eventActionType"": ""pass"", ""isHome"": true, ""keypass"": false}",,
1218066,Anis Hadj Moussa,14053738,rating-breakdown,passes,passes,,,,Feyenoord,90.0,,84.7,10.3,93,52.2,,,,unresolvable,,,,False,False,pass,rating-breakdown,True,84.7,10.3,93,52.2,cross,True,False,"{""playerCoordinates"": {""x"": 84.7, ""y"": 10.3}, ""passEndCoordinates"": {""x"": 93, ""y"": 52.2}, ""eventActionType"": ""cross"", ""isHome"": true, ""keypass"": false}",,
1218066,Anis Hadj Moussa,14053738,rating-breakdown,passes,passes,,,,Feyenoord,90.0,,99.5,0.5,95.4,54.6,,,,unresolvable,,,,False,False,pass,rating-breakdown,True,99.5,0.5,95.4,54.6,cross,True,False,"{""playerCoordinates"": {""x"": 99.5, ""y"": 0.5}, ""passEndCoordinates"": {""x"": 95.4, ""y"": 54.6}, ""eventActionType"": ""cross"", ""isHome"": true, ""keypass"": false, ""isLongBall"": true}",True,
1218066,Anis Hadj Moussa,14053738,rating-breakdown,passes,passes,,,,Feyenoord,90.0,,63,9.8,46.6,57.6,True,True,1,boolean_field,success,True,,False,False,pass,rating-breakdown,True,63,9.8,46.6,57.6,pass,True,False,"{""playerCoordinates"": {""x"": 63, ""y"": 9.8}, ""passEndCoordinates"": {""x"": 46.6, ""y"": 57.6}, ""eventActionType"": ""pass"", ""isHome"": true, ""outcome"": true, ""keypass"": false, ""isLongBall"": true}",True,
1218066,Anis Hadj Moussa,14053738,rating-breakdown,passes,passes,,,,Feyenoord,90.0,,85.3,87.7,90,38.5,True,True,1,boolean_field,success,True,,False,False,pass,rating-breakdown,True,85.3,87.7,90,38.5,cross,True,False,"{""playerCoordinates"": {""x"": 85.3, ""y"": 87.7}, ""passEndCoordinates"": {""x"": 90, ""y"": 38.5}, ""eventActionType"": ""cross"", ""isHome"": true, ""outcome"": true, ""keypass"": false, ""isLongBall"": true}",True,
1218066,Anis Hadj Moussa,14053738,rating-breakdown,passes,passes,,,,Feyenoord,90.0,,76,68.8,93,72,True,True,1,boolean_field,success,True,,False,False,pass,rating-breakdown,True,76,68.8,93,72,pass,True,False,"{""playerCoordinates"": {""x"": 76, ""y"": 68.8}, ""passEndCoordinates"": {""x"": 93, ""y"": 72}, ""eventActionType"": ""pass"", ""isHome"": true, ""outcome"": true, ""keypass"": false}",,
1218066,Anis Hadj Moussa,14053738,rating-breakdown,passes,passes,,,,Feyenoord,90.0,,87.4,19.7,79.3,24.4,True,True,1,boolean_field,success,True,,False,True,key_pass,rating-breakdown,True,87.4,19.7,79.3,24.4,pass,True,True,"{""playerCoordinates"": {""x"": 87.4, ""y"": 19.7}, ""passEndCoordinates"": {""x"": 79.3, ""y"": 24.4}, ""eventActionType"": ""pass"", ""isHome"": true, ""outcome"": true, ""keypass"": true}",,
1218066,Anis Hadj Moussa,14053738,rating-breakdown,passes,passes,,,,Feyenoord,90.0,,72.2,7.6,100,16.8,,,,unresolvable,,,,False,False,pass,rating-breakdown,True,72.2,7.6,100,16.8,pass,True,False,"{""playerCoordinates"": {""x"": 72.2, ""y"": 7.6}, ""passEndCoordinates"": {""x"": 100, ""y"": 16.8}, ""eventActionType"": ""pass"", ""isHome"": true, ""keypass"": false}",,
1218066,Anis Hadj Moussa,14053738,rating-breakdown,passes,passes,,,,Feyenoord,90.0,,44.5,11.6,37.7,25.2,True,True,1,boolean_field,success,True,,False,False,pass,rating-breakdown,True,44.5,11.6,37.7,25.2,pass,True,False,"{""playerCoordinates"": {""x"": 44.5, ""y"": 11.6}, ""passEndCoordinates"": {""x"": 37.7, ""y"": 25.2}, ""eventActionType"": ""pass"", ""isHome"": true, ""outcome"": true, ""keypass"": false}",,
1218066,Anis Hadj Moussa,14053738,rating-breakdown,passes,passes,,,,Feyenoord,90.0,,90.5,19.1,90.7,22.5,,,,unresolvable,,,,False,False,pass,rating-breakdown,True,90.5,19.1,90.7,22.5,cross,True,False,"{""playerCoordinates"": {""x"": 90.5, ""y"": 19.1}, ""passEndCoordinates"": {""x"": 90.7, ""y"": 22.5}, ""eventActionType"": ""cross"", ""isHome"": true, ""keypass"": false}",,
1218066,Anis Hadj Moussa,14053738,rating-breakdown,passes,passes,,,,Feyenoord,90.0,,99.5,0.5,91.6,46.6,,,,unresolvable,,,,False,False,pass,rating-breakdown,True,99.5,0.5,91.6,46.6,cross,True,False,"{""playerCoordinates"": {""x"": 99.5, ""y"": 0.5}, ""passEndCoordinates"": {""x"": 91.6, ""y"": 46.6}, ""eventActionType"": ""cross"", ""isHome"": true, ""keypass"": false, ""isLongBall"": true}",True,
1218066,Anis Hadj Moussa,14053738,rating-breakdown,passes,passes,,,,Feyenoord,90.0,,40.7,21,41.5,22.5,,,,unresolvable,,,,False,False,pass,rating-breakdown,True,40.7,21,41.5,22.5,pass,True,False,"{""playerCoordinates"": {""x"": 40.7, ""y"": 21}, ""passEndCoordinates"": {""x"": 41.5, ""y"": 22.5}, ""eventActionType"": ""pass"", ""isHome"": true, ""keypass"": false}",,
1218066,Anis Hadj Moussa,14053738,rating-breakdown,ball-carries,ball-carries,,,,Feyenoord,90.0,,72.1,2.5,76.2,7,,,,unresolvable,,,,False,False,,rating-breakdown,True,72.1,2.5,76.2,7,ball-carry,True,,"{""playerCoordinates"": {""x"": 72.1, ""y"": 2.5}, ""passEndCoordinates"": {""x"": 76.2, ""y"": 7}, ""eventActionType"": ""ball-carry"", ""isHome"": true}",,
1218066,Anis Hadj Moussa,14053738,rating-breakdown,ball-carries,ball-carries,,,,Feyenoord,90.0,,71.6,6.4,77.4,3.1,,,,unresolvable,,,,False,False,,rating-breakdown,True,71.6,6.4,77.4,3.1,ball-carry,True,,"{""playerCoordinates"": {""x"": 71.6, ""y"": 6.4}, ""passEndCoordinates"": {""x"": 77.4, ""y"": 3.1}, ""eventActionType"": ""ball-carry"", ""isHome"": true}",,
1218066,Anis Hadj Moussa,14053738,rating-breakdown,ball-carries,ball-carries,,,,Feyenoord,90.0,,85.9,10.6,94.7,11.7,,,,unresolvable,,,,False,False,,rating-breakdown,True,85.9,10.6,94.7,11.7,ball-carry,True,,"{""playerCoordinates"": {""x"": 85.9, ""y"": 10.6}, ""passEndCoordinates"": {""x"": 94.7, ""y"": 11.7}, ""eventActionType"": ""ball-carry"", ""isHome"": true}",,
1218066,Anis Hadj Moussa,14053738,rating-breakdown,ball-carries,ball-carries,,,,Feyenoord,90.0,,48.4,22.1,66.8,20.7,,,,unresolvable,,,,False,False,,rating-breakdown,True,48.4,22.1,66.8,20.7,ball-carry,True,,"{""playerCoordinates"": {""x"": 48.4, ""y"": 22.1}, ""passEndCoordinates"": {""x"": 66.8, ""y"": 20.7}, ""eventActionType"": ""ball-carry"", ""isHome"": true}",,
1218066,Anis Hadj Moussa,14053738,rating-breakdown,ball-carries,ball-carries,,,,Feyenoord,90.0,,72.3,5.6,78.5,5.8,,,,unresolvable,,,,False,False,,rating-breakdown,True,72.3,5.6,78.5,5.8,ball-carry,True,,"{""playerCoordinates"": {""x"": 72.3, ""y"": 5.6}, ""passEndCoordinates"": {""x"": 78.5, ""y"": 5.8}, ""eventActionType"": ""ball-carry"", ""isHome"": true}",,
1218066,Anis Hadj Moussa,14053738,rating-breakdown,ball-carries,ball-carries,,,,Feyenoord,90.0,,78.5,5.8,73.1,2.1,,,,unresolvable,,,,False,False,,rating-breakdown,True,78.5,5.8,73.1,2.1,ball-carry,True,,"{""playerCoordinates"": {""x"": 78.5, ""y"": 5.8}, ""passEndCoordinates"": {""x"": 73.1, ""y"": 2.1}, ""eventActionType"": ""ball-carry"", ""isHome"": true}",,
1218066,Anis Hadj Moussa,14053738,rating-breakdown,ball-carries,ball-carries,,,,Feyenoord,90.0,,63.7,10.3,73.7,11.7,,,,unresolvable,,,,False,False,,rating-breakdown,True,63.7,10.3,73.7,11.7,ball-carry,True,,"{""playerCoordinates"": {""x"": 63.7, ""y"": 10.3}, ""passEndCoordinates"": {""x"": 73.7, ""y"": 11.7}, ""eventActionType"": ""ball-carry"", ""isHome"": true}",,
1218066,Anis Hadj Moussa,14053738,rating-breakdown,ball-carries,ball-carries,,,,Feyenoord,90.0,,73.7,11.7,82.1,28.9,,,,unresolvable,,,,False,False,,rating-breakdown,True,73.7,11.7,82.1,28.9,ball-carry,True,,"{""playerCoordinates"": {""x"": 73.7, ""y"": 11.7}, ""passEndCoordinates"": {""x"": 82.1, ""y"": 28.9}, ""eventActionType"": ""ball-carry"", ""isHome"": true}",,
1218066,Anis Hadj Moussa,14053738,rating-breakdown,ball-carries,ball-carries,,,,Feyenoord,90.0,,50.5,7.7,67.6,5,,,,unresolvable,,,,False,False,,rating-breakdown,True,50.5,7.7,67.6,5,ball-carry,True,,"{""playerCoordinates"": {""x"": 50.5, ""y"": 7.7}, ""passEndCoordinates"": {""x"": 67.6, ""y"": 5}, ""eventActionType"": ""ball-carry"", ""isHome"": true}",,
1218066,Anis Hadj Moussa,14053738,rating-breakdown,ball-carries,ball-carries,,,,Feyenoord,90.0,,78.2,9.7,88.4,16.4,,,,unresolvable,,,,False,False,,rating-breakdown,True,78.2,9.7,88.4,16.4,ball-carry,True,,"{""playerCoordinates"": {""x"": 78.2, ""y"": 9.7}, ""passEndCoordinates"": {""x"": 88.4, ""y"": 16.4}, ""eventActionType"": ""ball-carry"", ""isHome"": true}",,
1218066,Anis Hadj Moussa,14053738,rating-breakdown,ball-carries,ball-carries,,,,Feyenoord,90.0,,31,12.2,27.5,13.9,,,,unresolvable,,,,False,False,,rating-breakdown,True,31,12.2,27.5,13.9,ball-carry,True,,"{""playerCoordinates"": {""x"": 31, ""y"": 12.2}, ""passEndCoordinates"": {""x"": 27.5, ""y"": 13.9}, ""eventActionType"": ""ball-carry"", ""isHome"": true}",,
1218066,Anis Hadj Moussa,14053738,rating-breakdown,ball-carries,ball-carries,,,,Feyenoord,90.0,,75.6,2.5,72.4,2.9,,,,unresolvable,,,,False,False,,rating-breakdown,True,75.6,2.5,72.4,2.9,ball-carry,True,,"{""playerCoordinates"": {""x"": 75.6, ""y"": 2.5}, ""passEndCoordinates"": {""x"": 72.4, ""y"": 2.9}, ""eventActionType"": ""ball-carry"", ""isHome"": true}",,
1218066,Anis Hadj Moussa,14053738,rating-breakdown,ball-carries,ball-carries,,,,Feyenoord,90.0,,90.4,10.3,86,10.3,,,,unresolvable,,,,False,False,,rating-breakdown,True,90.4,10.3,86,10.3,ball-carry,True,,"{""playerCoordinates"": {""x"": 90.4, ""y"": 10.3}, ""passEndCoordinates"": {""x"": 86, ""y"": 10.3}, ""eventActionType"": ""ball-carry"", ""isHome"": true}",,
1218066,Anis Hadj Moussa,14053738,rating-breakdown,ball-carries,ball-carries,,,,Feyenoord,90.0,,80.8,9.2,87.9,14.4,,,,unresolvable,,,,False,False,,rating-breakdown,True,80.8,9.2,87.9,14.4,ball-carry,True,,"{""playerCoordinates"": {""x"": 80.8, ""y"": 9.2}, ""passEndCoordinates"": {""x"": 87.9, ""y"": 14.4}, ""eventActionType"": ""ball-carry"", ""isHome"": true}",,
1218066,Anis Hadj Moussa,14053738,rating-breakdown,ball-carries,ball-carries,,,,Feyenoord,90.0,,67.2,17.1,53.8,35.5,,,,unresolvable,,,,False,False,,rating-breakdown,True,67.2,17.1,53.8,35.5,ball-carry,True,,"{""playerCoordinates"": {""x"": 67.2, ""y"": 17.1}, ""passEndCoordinates"": {""x"": 53.8, ""y"": 35.5}, ""eventActionType"": ""ball-carry"", ""isHome"": true}",,
1218066,Anis Hadj Moussa,14053738,rating-breakdown,ball-carries,ball-carries,,,,Feyenoord,90.0,,87.3,14.7,90.2,17.6,,,,unresolvable,,,,False,False,,rating-breakdown,True,87.3,14.7,90.2,17.6,ball-carry,True,,"{""playerCoordinates"": {""x"": 87.3, ""y"": 14.7}, ""passEndCoordinates"": {""x"": 90.2, ""y"": 17.6}, ""eventActionType"": ""ball-carry"", ""isHome"": true}",,
1218066,Anis Hadj Moussa,14053738,rating-breakdown,ball-carries,ball-carries,,,,Feyenoord,90.0,,44.4,20,63.9,35.4,,,,unresolvable,,,,False,False,,rating-breakdown,True,44.4,20,63.9,35.4,ball-carry,True,,"{""playerCoordinates"": {""x"": 44.4, ""y"": 20}, ""passEndCoordinates"": {""x"": 63.9, ""y"": 35.4}, ""eventActionType"": ""ball-carry"", ""isHome"": true}",,
1218066,Anis Hadj Moussa,14053738,rating-breakdown,ball-carries,ball-carries,,,,Feyenoord,90.0,,35.6,9.2,44.3,8.4,,,,unresolvable,,,,False,False,,rating-breakdown,True,35.6,9.2,44.3,8.4,ball-carry,True,,"{""playerCoordinates"": {""x"": 35.6, ""y"": 9.2}, ""passEndCoordinates"": {""x"": 44.3, ""y"": 8.4}, ""eventActionType"": ""ball-carry"", ""isHome"": true}",,
1218066,Anis Hadj Moussa,14053738,rating-breakdown,ball-carries,ball-carries,,,,Feyenoord,90.0,,64.6,20.4,66.6,26.1,,,,unresolvable,,,,False,False,,rating-breakdown,True,64.6,20.4,66.6,26.1,ball-carry,True,,"{""playerCoordinates"": {""x"": 64.6, ""y"": 20.4}, ""passEndCoordinates"": {""x"": 66.6, ""y"": 26.1}, ""eventActionType"": ""ball-carry"", ""isHome"": true}",,
1218066,Anis Hadj Moussa,14053738,rating-breakdown,ball-carries,ball-carries,,,,Feyenoord,90.0,,47.4,15.9,78.8,41,,,,unresolvable,,,,False,False,,rating-breakdown,True,47.4,15.9,78.8,41,ball-carry,True,,"{""playerCoordinates"": {""x"": 47.4, ""y"": 15.9}, ""passEndCoordinates"": {""x"": 78.8, ""y"": 41}, ""eventActionType"": ""ball-carry"", ""isHome"": true}",,
1218066,Anis Hadj Moussa,14053738,rating-breakdown,ball-carries,ball-carries,,,,Feyenoord,90.0,,82.2,7.6,84.7,10.3,,,,unresolvable,,,,False,False,,rating-breakdown,True,82.2,7.6,84.7,10.3,ball-carry,True,,"{""playerCoordinates"": {""x"": 82.2, ""y"": 7.6}, ""passEndCoordinates"": {""x"": 84.7, ""y"": 10.3}, ""eventActionType"": ""ball-carry"", ""isHome"": true}",,
1218066,Anis Hadj Moussa,14053738,rating-breakdown,ball-carries,ball-carries,,,,Feyenoord,90.0,,91.2,18.8,91.3,28.2,,,,unresolvable,,,,False,False,,rating-breakdown,True,91.2,18.8,91.3,28.2,ball-carry,True,,"{""playerCoordinates"": {""x"": 91.2, ""y"": 18.8}, ""passEndCoordinates"": {""x"": 91.3, ""y"": 28.2}, ""eventActionType"": ""ball-carry"", ""isHome"": true}",,
1218066,Anis Hadj Moussa,14053738,rating-breakdown,ball-carries,ball-carries,,,,Feyenoord,90.0,,73.5,12.9,82.1,19,,,,unresolvable,,,,False,False,,rating-breakdown,True,73.5,12.9,82.1,19,ball-carry,True,,"{""playerCoordinates"": {""x"": 73.5, ""y"": 12.9}, ""passEndCoordinates"": {""x"": 82.1, ""y"": 19}, ""eventActionType"": ""ball-carry"", ""isHome"": true}",,
1218066,Anis Hadj Moussa,14053738,rating-breakdown,ball-carries,ball-carries,,,,Feyenoord,90.0,,67.9,11.9,95,28.6,,,,unresolvable,,,,False,False,,rating-breakdown,True,67.9,11.9,95,28.6,ball-carry,True,,"{""playerCoordinates"": {""x"": 67.9, ""y"": 11.9}, ""passEndCoordinates"": {""x"": 95, ""y"": 28.6}, ""eventActionType"": ""ball-carry"", ""isHome"": true}",,
1218066,Anis Hadj Moussa,14053738,rating-breakdown,ball-carries,ball-carries,,,,Feyenoord,90.0,,65.9,4.1,63,9.8,,,,unresolvable,,,,False,False,,rating-breakdown,True,65.9,4.1,63,9.8,ball-carry,True,,"{""playerCoordinates"": {""x"": 65.9, ""y"": 4.1}, ""passEndCoordinates"": {""x"": 63, ""y"": 9.8}, ""eventActionType"": ""ball-carry"", ""isHome"": true}",,
1218066,Anis Hadj Moussa,14053738,rating-breakdown,ball-carries,ball-carries,,,,Feyenoord,90.0,,77.2,3.7,87.4,19.7,,,,unresolvable,,,,False,False,,rating-breakdown,True,77.2,3.7,87.4,19.7,ball-carry,True,,"{""playerCoordinates"": {""x"": 77.2, ""y"": 3.7}, ""passEndCoordinates"": {""x"": 87.4, ""y"": 19.7}, ""eventActionType"": ""ball-carry"", ""isHome"": true}",,
1218066,Anis Hadj Moussa,14053738,rating-breakdown,ball-carries,ball-carries,,,,Feyenoord,90.0,,78.8,16.7,88.6,27.6,,,,unresolvable,,,,False,False,,rating-breakdown,True,78.8,16.7,88.6,27.6,ball-carry,True,,"{""playerCoordinates"": {""x"": 78.8, ""y"": 16.7}, ""passEndCoordinates"": {""x"": 88.6, ""y"": 27.6}, ""eventActionType"": ""ball-carry"", ""isHome"": true}",,
1218066,Anis Hadj Moussa,14053738,rating-breakdown,ball-carries,ball-carries,,,,Feyenoord,90.0,,66.2,3.3,56.5,10.2,,,,unresolvable,,,,False,False,,rating-breakdown,True,66.2,3.3,56.5,10.2,ball-carry,True,,"{""playerCoordinates"": {""x"": 66.2, ""y"": 3.3}, ""passEndCoordinates"": {""x"": 56.5, ""y"": 10.2}, ""eventActionType"": ""ball-carry"", ""isHome"": true}",,
1218066,Anis Hadj Moussa,14053738,rating-breakdown,ball-carries,ball-carries,,,,Feyenoord,90.0,,67.4,4.5,72.2,7.6,,,,unresolvable,,,,False,False,,rating-breakdown,True,67.4,4.5,72.2,7.6,ball-carry,True,,"{""playerCoordinates"": {""x"": 67.4, ""y"": 4.5}, ""passEndCoordinates"": {""x"": 72.2, ""y"": 7.6}, ""eventActionType"": ""ball-carry"", ""isHome"": true}",,
1218066,Anis Hadj Moussa,14053738,rating-breakdown,ball-carries,ball-carries,,,,Feyenoord,90.0,,59.1,5.5,44.5,11.6,,,,unresolvable,,,,False,False,,rating-breakdown,True,59.1,5.5,44.5,11.6,ball-carry,True,,"{""playerCoordinates"": {""x"": 59.1, ""y"": 5.5}, ""passEndCoordinates"": {""x"": 44.5, ""y"": 11.6}, ""eventActionType"": ""ball-carry"", ""isHome"": true}",,
1218066,Anis Hadj Moussa,14053738,rating-breakdown,ball-carries,ball-carries,,,,Feyenoord,90.0,,39.3,12.8,40.7,21,,,,unresolvable,,,,False,False,,rating-breakdown,True,39.3,12.8,40.7,21,ball-carry,True,,"{""playerCoordinates"": {""x"": 39.3, ""y"": 12.8}, ""passEndCoordinates"": {""x"": 40.7, ""y"": 21}, ""eventActionType"": ""ball-carry"", ""isHome"": true}",,
1218066,Anis Hadj Moussa,14053738,rating-breakdown,dribbles,dribbles,,,,Feyenoord,90.0,,88.3,15.8,,,,,,unresolvable,,,,False,False,,rating-breakdown,True,88.3,15.8,,,dribble,True,False,"{""playerCoordinates"": {""x"": 88.3, ""y"": 15.8}, ""eventActionType"": ""dribble"", ""isHome"": true, ""keypass"": false}",,
1218066,Anis Hadj Moussa,14053738,rating-breakdown,dribbles,dribbles,,,,Feyenoord,90.0,,86.9,10.4,,,True,True,1,boolean_field,success,,True,False,False,,rating-breakdown,True,86.9,10.4,,,dribble,True,False,"{""playerCoordinates"": {""x"": 86.9, ""y"": 10.4}, ""eventActionType"": ""dribble"", ""isHome"": true, ""outcome"": true, ""keypass"": false}",,
1218066,Anis Hadj Moussa,14053738,rating-breakdown,dribbles,dribbles,,,,Feyenoord,90.0,,44.5,8.6,,,True,True,1,boolean_field,success,,True,False,False,,rating-breakdown,True,44.5,8.6,,,dribble,True,False,"{""playerCoordinates"": {""x"": 44.5, ""y"": 8.6}, ""eventActionType"": ""dribble"", ""isHome"": true, ""outcome"": true, ""keypass"": false}",,
1218066,Anis Hadj Moussa,14053738,rating-breakdown,dribbles,dribbles,,,,Feyenoord,90.0,,81.2,19.3,,,,,,unresolvable,,,,False,False,,rating-breakdown,True,81.2,19.3,,,dribble,True,False,"{""playerCoordinates"": {""x"": 81.2, ""y"": 19.3}, ""eventActionType"": ""dribble"", ""isHome"": true, ""keypass"": false}",,
1218066,Anis Hadj Moussa,14053738,rating-breakdown,defensive,defensive,,,,Feyenoord,90.0,,78.5,5.8,,,True,True,1,boolean_field,success,,True,False,False,,rating-breakdown,True,78.5,5.8,,,ball-recovery,True,False,"{""playerCoordinates"": {""x"": 78.5, ""y"": 5.8}, ""eventActionType"": ""ball-recovery"", ""isHome"": true, ""outcome"": true, ""keypass"": false}",,
1218066,Anis Hadj Moussa,14053738,rating-breakdown,defensive,defensive,,,,Feyenoord,90.0,,73.7,11.7,,,True,True,1,boolean_field,success,,True,False,False,,rating-breakdown,True,73.7,11.7,,,ball-recovery,True,False,"{""playerCoordinates"": {""x"": 73.7, ""y"": 11.7}, ""eventActionType"": ""ball-recovery"", ""isHome"": true, ""outcome"": true, ""keypass"": false}",,
1218066,Anis Hadj Moussa,14053738,rating-breakdown,defensive,defensive,,,,Feyenoord,90.0,,41.8,8.2,,,,,,unresolvable,,,,False,False,,rating-breakdown,True,41.8,8.2,,,tackle,True,False,"{""playerCoordinates"": {""x"": 41.8, ""y"": 8.2}, ""eventActionType"": ""tackle"", ""isHome"": true, ""keypass"": false}",,
1218066,Anis Hadj Moussa,14053738,rating-breakdown,defensive,defensive,,,,Feyenoord,90.0,,50.5,7.7,,,True,True,1,boolean_field,success,,True,False,False,,rating-breakdown,True,50.5,7.7,,,ball-recovery,True,False,"{""playerCoordinates"": {""x"": 50.5, ""y"": 7.7}, ""eventActionType"": ""ball-recovery"", ""isHome"": true, ""outcome"": true, ""keypass"": false}",,
1218066,Anis Hadj Moussa,14053738,rating-breakdown,defensive,defensive,,,,Feyenoord,90.0,,35.6,9.2,,,True,True,1,boolean_field,success,,True,False,False,,rating-breakdown,True,35.6,9.2,,,ball-recovery,True,False,"{""playerCoordinates"": {""x"": 35.6, ""y"": 9.2}, ""eventActionType"": ""ball-recovery"", ""isHome"": true, ""outcome"": true, ""keypass"": false}",,
1218066,Anis Hadj Moussa,14053738,rating-breakdown,defensive,defensive,,,,Feyenoord,90.0,,47.4,15.9,,,True,True,1,boolean_field,success,,True,False,False,,rating-breakdown,True,47.4,15.9,,,ball-recovery,True,False,"{""playerCoordinates"": {""x"": 47.4, ""y"": 15.9}, ""eventActionType"": ""ball-recovery"", ""isHome"": true, ""outcome"": true, ""keypass"": false}",,
1218066,Anis Hadj Moussa,14053738,rating-breakdown,defensive,defensive,,,,Feyenoord,90.0,,39.3,12.8,,,True,True,1,boolean_field,success,,True,False,False,,rating-breakdown,True,39.3,12.8,,,ball-recovery,True,False,"{""playerCoordinates"": {""x"": 39.3, ""y"": 12.8}, ""eventActionType"": ""ball-recovery"", ""isHome"": true, ""outcome"": true, ""keypass"": false}",,
1218066,Anis Hadj Moussa,14053801,rating-breakdown,passes,passes,,,,Feyenoord,89.0,,40.1,18,43.6,27.1,True,True,1,boolean_field,success,True,,False,False,pass,rating-breakdown,True,40.1,18,43.6,27.1,pass,False,False,"{""playerCoordinates"": {""x"": 40.1, ""y"": 18}, ""passEndCoordinates"": {""x"": 43.6, ""y"": 27.1}, ""eventActionType"": ""pass"", ""isHome"": false, ""outcome"": true, ""keypass"": false}",,
1218066,Anis Hadj Moussa,14053801,rating-breakdown,passes,passes,,,,Feyenoord,89.0,,70,93,91.4,50.1,True,True,1,boolean_field,success,True,,False,True,key_pass,rating-breakdown,True,70,93,91.4,50.1,cross,False,True,"{""playerCoordinates"": {""x"": 70, ""y"": 93}, ""passEndCoordinates"": {""x"": 91.4, ""y"": 50.1}, ""eventActionType"": ""cross"", ""isHome"": false, ""outcome"": true, ""keypass"": true, ""isLongBall"": true}",True,
1218066,Anis Hadj Moussa,14053801,rating-breakdown,passes,passes,,,,Feyenoord,89.0,,42.7,10.5,43,12.3,,,,unresolvable,,,,False,False,pass,rating-breakdown,True,42.7,10.5,43,12.3,pass,False,False,"{""playerCoordinates"": {""x"": 42.7, ""y"": 10.5}, ""passEndCoordinates"": {""x"": 43, ""y"": 12.3}, ""eventActionType"": ""pass"", ""isHome"": false, ""keypass"": false}",,
1218066,Anis Hadj Moussa,14053801,rating-breakdown,passes,passes,,,,Feyenoord,89.0,,99.5,0.5,93.1,51.5,True,True,1,boolean_field,success,True,,True,True,assist,rating-breakdown,True,99.5,0.5,93.1,51.5,cross,False,True,"{""playerCoordinates"": {""x"": 99.5, ""y"": 0.5}, ""passEndCoordinates"": {""x"": 93.1, ""y"": 51.5}, ""eventActionType"": ""cross"", ""isHome"": false, ""outcome"": true, ""keypass"": true, ""isAssist"": true, ""isLongBall"": true}",True,True
1218066,Anis Hadj Moussa,14053801,rating-breakdown,passes,passes,,,,Feyenoord,89.0,,25.2,28.2,30.2,34.5,True,True,1,boolean_field,success,True,,False,False,pass,rating-breakdown,True,25.2,28.2,30.2,34.5,pass,False,False,"{""playerCoordinates"": {""x"": 25.2, ""y"": 28.2}, ""passEndCoordinates"": {""x"": 30.2, ""y"": 34.5}, ""eventActionType"": ""pass"", ""isHome"": false, ""outcome"": true, ""keypass"": false}",,
1218066,Anis Hadj Moussa,14053801,rating-breakdown,passes,passes,,,,Feyenoord,89.0,,69.6,6.5,90.4,47.5,,,,unresolvable,,,,False,False,pass,rating-breakdown,True,69.6,6.5,90.4,47.5,cross,False,False,"{""playerCoordinates"": {""x"": 69.6, ""y"": 6.5}, ""passEndCoordinates"": {""x"": 90.4, ""y"": 47.5}, ""eventActionType"": ""cross"", ""isHome"": false, ""keypass"": false, ""isLongBall"": true}",True,
1218066,Anis Hadj Moussa,14053801,rating-breakdown,passes,passes,,,,Feyenoord,89.0,,81,5.6,71.9,6.4,True,True,1,boolean_field,success,True,,False,False,pass,rating-breakdown,True,81,5.6,71.9,6.4,pass,False,False,"{""playerCoordinates"": {""x"": 81, ""y"": 5.6}, ""passEndCoordinates"": {""x"": 71.9, ""y"": 6.4}, ""eventActionType"": ""pass"", ""isHome"": false, ""outcome"": true, ""keypass"": false}",,
1218066,Anis Hadj Moussa,14053801,rating-breakdown,passes,passes,,,,Feyenoord,89.0,,70.5,2.3,65.2,10.3,,,,unresolvable,,,,False,False,pass,rating-breakdown,True,70.5,2.3,65.2,10.3,pass,False,False,"{""playerCoordinates"": {""x"": 70.5, ""y"": 2.3}, ""passEndCoordinates"": {""x"": 65.2, ""y"": 10.3}, ""eventActionType"": ""pass"", ""isHome"": false, ""keypass"": false}",,
1218066,Anis Hadj Moussa,14053801,rating-breakdown,passes,passes,,,,Feyenoord,89.0,,78.7,9.5,97.4,57.6,,,,unresolvable,,,,False,False,pass,rating-breakdown,True,78.7,9.5,97.4,57.6,cross,False,False,"{""playerCoordinates"": {""x"": 78.7, ""y"": 9.5}, ""passEndCoordinates"": {""x"": 97.4, ""y"": 57.6}, ""eventActionType"": ""cross"", ""isHome"": false, ""keypass"": false, ""isLongBall"": true}",True,
1218066,Anis Hadj Moussa,14053801,rating-breakdown,passes,passes,,,,Feyenoord,89.0,,76.5,4.3,81.3,5.2,True,True,1,boolean_field,success,True,,False,False,pass,rating-breakdown,True,76.5,4.3,81.3,5.2,pass,False,False,"{""playerCoordinates"": {""x"": 76.5, ""y"": 4.3}, ""passEndCoordinates"": {""x"": 81.3, ""y"": 5.2}, ""eventActionType"": ""pass"", ""isHome"": false, ""outcome"": true, ""keypass"": false}",,
1218066,Anis Hadj Moussa,14053801,rating-breakdown,passes,passes,,,,Feyenoord,89.0,,81.1,4.7,85.3,11,True,True,1,boolean_field,success,True,,False,False,pass,rating-breakdown,True,81.1,4.7,85.3,11,pass,False,False,"{""playerCoordinates"": {""x"": 81.1, ""y"": 4.7}, ""passEndCoordinates"": {""x"": 85.3, ""y"": 11}, ""eventActionType"": ""pass"", ""isHome"": false, ""outcome"": true, ""keypass"": false}",,
1218066,Anis Hadj Moussa,14053801,rating-breakdown,passes,passes,,,,Feyenoord,89.0,,98,18.9,93.4,35.4,,,,unresolvable,,,,False,False,pass,rating-breakdown,True,98,18.9,93.4,35.4,pass,False,False,"{""playerCoordinates"": {""x"": 98, ""y"": 18.9}, ""passEndCoordinates"": {""x"": 93.4, ""y"": 35.4}, ""eventActionType"": ""pass"", ""isHome"": false, ""keypass"": false}",,
1218066,Anis Hadj Moussa,14053801,rating-breakdown,passes,passes,,,,Feyenoord,89.0,,56,3.7,41.4,4.4,True,True,1,boolean_field,success,True,,False,False,pass,rating-breakdown,True,56,3.7,41.4,4.4,pass,False,False,"{""playerCoordinates"": {""x"": 56, ""y"": 3.7}, ""passEndCoordinates"": {""x"": 41.4, ""y"": 4.4}, ""eventActionType"": ""pass"", ""isHome"": false, ""outcome"": true, ""keypass"": false}",,
1218066,Anis Hadj Moussa,14053801,rating-breakdown,passes,passes,,,,Feyenoord,89.0,,32.1,42.4,28.5,65.5,,,,unresolvable,,,,False,False,pass,rating-breakdown,True,32.1,42.4,28.5,65.5,pass,False,False,"{""playerCoordinates"": {""x"": 32.1, ""y"": 42.4}, ""passEndCoordinates"": {""x"": 28.5, ""y"": 65.5}, ""eventActionType"": ""pass"", ""isHome"": false, ""keypass"": false}",,
1218066,Anis Hadj Moussa,14053801,rating-breakdown,passes,passes,,,,Feyenoord,89.0,,78.8,8.9,87.3,26.8,,,,unresolvable,,,,False,False,pass,rating-breakdown,True,78.8,8.9,87.3,26.8,pass,False,False,"{""playerCoordinates"": {""x"": 78.8, ""y"": 8.9}, ""passEndCoordinates"": {""x"": 87.3, ""y"": 26.8}, ""eventActionType"": ""pass"", ""isHome"": false, ""keypass"": false}",,
1218066,Anis Hadj Moussa,14053801,rating-breakdown,passes,passes,,,,Feyenoord,89.0,,34.4,19.7,71.5,5.9,,,,unresolvable,,,,False,False,pass,rating-breakdown,True,34.4,19.7,71.5,5.9,pass,False,False,"{""playerCoordinates"": {""x"": 34.4, ""y"": 19.7}, ""passEndCoordinates"": {""x"": 71.5, ""y"": 5.9}, ""eventActionType"": ""pass"", ""isHome"": false, ""keypass"": false, ""isLongBall"": true}",True,
1218066,Anis Hadj Moussa,14053801,rating-breakdown,ball-carries,ball-carries,,,,Feyenoord,89.0,,53.9,8.8,55.2,15.2,,,,unresolvable,,,,False,False,,rating-breakdown,True,53.9,8.8,55.2,15.2,ball-carry,False,,"{""playerCoordinates"": {""x"": 53.9, ""y"": 8.8}, ""passEndCoordinates"": {""x"": 55.2, ""y"": 15.2}, ""eventActionType"": ""ball-carry"", ""isHome"": false}",,
1218066,Anis Hadj Moussa,14053801,rating-breakdown,ball-carries,ball-carries,,,,Feyenoord,89.0,,73.6,23.3,89,35.7,,,,unresolvable,,,,False,False,,rating-breakdown,True,73.6,23.3,89,35.7,ball-carry,False,,"{""playerCoordinates"": {""x"": 73.6, ""y"": 23.3}, ""passEndCoordinates"": {""x"": 89, ""y"": 35.7}, ""eventActionType"": ""ball-carry"", ""isHome"": false}",,
1218066,Anis Hadj Moussa,14053801,rating-breakdown,ball-carries,ball-carries,,,,Feyenoord,89.0,,41.6,5.3,45,11.9,,,,unresolvable,,,,False,False,,rating-breakdown,True,41.6,5.3,45,11.9,ball-carry,False,,"{""playerCoordinates"": {""x"": 41.6, ""y"": 5.3}, ""passEndCoordinates"": {""x"": 45, ""y"": 11.9}, ""eventActionType"": ""ball-carry"", ""isHome"": false}",,
1218066,Anis Hadj Moussa,14053801,rating-breakdown,ball-carries,ball-carries,,,,Feyenoord,89.0,,79.5,3.4,86.6,14.4,,,,unresolvable,,,,False,False,,rating-breakdown,True,79.5,3.4,86.6,14.4,ball-carry,False,,"{""playerCoordinates"": {""x"": 79.5, ""y"": 3.4}, ""passEndCoordinates"": {""x"": 86.6, ""y"": 14.4}, ""eventActionType"": ""ball-carry"", ""isHome"": false}",,
1218066,Anis Hadj Moussa,14053801,rating-breakdown,ball-carries,ball-carries,,,,Feyenoord,89.0,,73,8,87.2,47.9,,,,unresolvable,,,,False,False,,rating-breakdown,True,73,8,87.2,47.9,ball-carry,False,,"{""playerCoordinates"": {""x"": 73, ""y"": 8}, ""passEndCoordinates"": {""x"": 87.2, ""y"": 47.9}, ""eventActionType"": ""ball-carry"", ""isHome"": false}",,
1218066,Anis Hadj Moussa,14053801,rating-breakdown,ball-carries,ball-carries,,,,Feyenoord,89.0,,92.6,29.4,95.7,35.4,,,,unresolvable,,,,False,False,,rating-breakdown,True,92.6,29.4,95.7,35.4,ball-carry,False,,"{""playerCoordinates"": {""x"": 92.6, ""y"": 29.4}, ""passEndCoordinates"": {""x"": 95.7, ""y"": 35.4}, ""eventActionType"": ""ball-carry"", ""isHome"": false}",,
1218066,Anis Hadj Moussa,14053801,rating-breakdown,ball-carries,ball-carries,,,,Feyenoord,89.0,,77.2,7.1,69.6,14.2,,,,unresolvable,,,,False,False,,rating-breakdown,True,77.2,7.1,69.6,14.2,ball-carry,False,,"{""playerCoordinates"": {""x"": 77.2, ""y"": 7.1}, ""passEndCoordinates"": {""x"": 69.6, ""y"": 14.2}, ""eventActionType"": ""ball-carry"", ""isHome"": false}",,
1218066,Anis Hadj Moussa,14053801,rating-breakdown,ball-carries,ball-carries,,,,Feyenoord,89.0,,78.2,4,94.2,13.1,,,,unresolvable,,,,False,False,,rating-breakdown,True,78.2,4,94.2,13.1,ball-carry,False,,"{""playerCoordinates"": {""x"": 78.2, ""y"": 4}, ""passEndCoordinates"": {""x"": 94.2, ""y"": 13.1}, ""eventActionType"": ""ball-carry"", ""isHome"": false}",,
1218066,Anis Hadj Moussa,14053801,rating-breakdown,ball-carries,ball-carries,,,,Feyenoord,89.0,,81.8,3.2,76.5,4.3,,,,unresolvable,,,,False,False,,rating-breakdown,True,81.8,3.2,76.5,4.3,ball-carry,False,,"{""playerCoordinates"": {""x"": 81.8, ""y"": 3.2}, ""passEndCoordinates"": {""x"": 76.5, ""y"": 4.3}, ""eventActionType"": ""ball-carry"", ""isHome"": false}",,
1218066,Anis Hadj Moussa,14053801,rating-breakdown,ball-carries,ball-carries,,,,Feyenoord,89.0,,87.4,11.1,93.2,27.7,,,,unresolvable,,,,False,False,,rating-breakdown,True,87.4,11.1,93.2,27.7,ball-carry,False,,"{""playerCoordinates"": {""x"": 87.4, ""y"": 11.1}, ""passEndCoordinates"": {""x"": 93.2, ""y"": 27.7}, ""eventActionType"": ""ball-carry"", ""isHome"": false}",,
1218066,Anis Hadj Moussa,14053801,rating-breakdown,ball-carries,ball-carries,,,,Feyenoord,89.0,,74.8,8,89.6,27,,,,unresolvable,,,,False,False,,rating-breakdown,True,74.8,8,89.6,27,ball-carry,False,,"{""playerCoordinates"": {""x"": 74.8, ""y"": 8}, ""passEndCoordinates"": {""x"": 89.6, ""y"": 27}, ""eventActionType"": ""ball-carry"", ""isHome"": false}",,
1218066,Anis Hadj Moussa,14053801,rating-breakdown,ball-carries,ball-carries,,,,Feyenoord,89.0,,79.4,2.5,78.8,8.9,,,,unresolvable,,,,False,False,,rating-breakdown,True,79.4,2.5,78.8,8.9,ball-carry,False,,"{""playerCoordinates"": {""x"": 79.4, ""y"": 2.5}, ""passEndCoordinates"": {""x"": 78.8, ""y"": 8.9}, ""eventActionType"": ""ball-carry"", ""isHome"": false}",,
1218066,Anis Hadj Moussa,14053801,rating-breakdown,ball-carries,ball-carries,,,,Feyenoord,89.0,,28,19.8,34.4,19.7,,,,unresolvable,,,,False,False,,rating-breakdown,True,28,19.8,34.4,19.7,ball-carry,False,,"{""playerCoordinates"": {""x"": 28, ""y"": 19.8}, ""passEndCoordinates"": {""x"": 34.4, ""y"": 19.7}, ""eventActionType"": ""ball-carry"", ""isHome"": false}",,
1218066,Anis Hadj Moussa,14053801,rating-breakdown,dribbles,dribbles,,,,Feyenoord,89.0,,89,35.7,,,,,,unresolvable,,,,False,False,,rating-breakdown,True,89,35.7,,,dribble,False,False,"{""playerCoordinates"": {""x"": 89, ""y"": 35.7}, ""eventActionType"": ""dribble"", ""isHome"": false, ""keypass"": false}",,
1218066,Anis Hadj Moussa,14053801,rating-breakdown,dribbles,dribbles,,,,Feyenoord,89.0,,86.6,14.4,,,,,,unresolvable,,,,False,False,,rating-breakdown,True,86.6,14.4,,,dribble,False,False,"{""playerCoordinates"": {""x"": 86.6, ""y"": 14.4}, ""eventActionType"": ""dribble"", ""isHome"": false, ""keypass"": false}",,
1218066,Anis Hadj Moussa,14053801,rating-breakdown,dribbles,dribbles,,,,Feyenoord,89.0,,94.2,13.1,,,,,,unresolvable,,,,False,False,,rating-breakdown,True,94.2,13.1,,,dribble,False,False,"{""playerCoordinates"": {""x"": 94.2, ""y"": 13.1}, ""eventActionType"": ""dribble"", ""isHome"": false, ""keypass"": false}",,
1218066,Anis Hadj Moussa,14053801,rating-breakdown,dribbles,dribbles,,,,Feyenoord,89.0,,80.6,12.5,,,True,True,1,boolean_field,success,,True,False,False,,rating-breakdown,True,80.6,12.5,,,dribble,False,False,"{""playerCoordinates"": {""x"": 80.6, ""y"": 12.5}, ""eventActionType"": ""dribble"", ""isHome"": false, ""outcome"": true, ""keypass"": false}",,
1218066,Anis Hadj Moussa,14053801,rating-breakdown,dribbles,dribbles,,,,Feyenoord,89.0,,89.6,27,,,,,,unresolvable,,,,False,False,,rating-breakdown,True,89.6,27,,,dribble,False,False,"{""playerCoordinates"": {""x"": 89.6, ""y"": 27}, ""eventActionType"": ""dribble"", ""isHome"": false, ""keypass"": false}",,
1218066,Anis Hadj Moussa,14053801,rating-breakdown,dribbles,dribbles,,,,Feyenoord,89.0,,69.8,7.9,,,,,,unresolvable,,,,False,False,,rating-breakdown,True,69.8,7.9,,,dribble,False,False,"{""playerCoordinates"": {""x"": 69.8, ""y"": 7.9}, ""eventActionType"": ""dribble"", ""isHome"": false, ""keypass"": false}",,
1218066,Anis Hadj Moussa,14053801,rating-breakdown,defensive,defensive,,,,Feyenoord,89.0,,40,18,,,True,True,1,boolean_field,success,,True,False,False,,rating-breakdown,True,40,18,,,ball-recovery,False,False,"{""playerCoordinates"": {""x"": 40, ""y"": 18}, ""eventActionType"": ""ball-recovery"", ""isHome"": false, ""outcome"": true, ""keypass"": false}",,
1218066,Anis Hadj Moussa,14053801,rating-breakdown,defensive,defensive,,,,Feyenoord,89.0,,80.8,14,,,True,True,1,boolean_field,success,,True,False,False,,rating-breakdown,True,80.8,14,,,tackle,False,False,"{""playerCoordinates"": {""x"": 80.8, ""y"": 14}, ""eventActionType"": ""tackle"", ""isHome"": false, ""outcome"": true, ""keypass"": false}",,
1218066,Anis Hadj Moussa,14053801,rating-breakdown,defensive,defensive,,,,Feyenoord,89.0,,85,15.9,,,True,True,1,boolean_field,success,,True,False,False,,rating-breakdown,True,85,15.9,,,interception,False,False,"{""playerCoordinates"": {""x"": 85, ""y"": 15.9}, ""eventActionType"": ""interception"", ""isHome"": false, ""outcome"": true, ""keypass"": false}",,
1218066,Anis Hadj Moussa,14053801,rating-breakdown,defensive,defensive,,,,Feyenoord,89.0,,81.8,3.2,,,True,True,1,boolean_field,success,,True,False,False,,rating-breakdown,True,81.8,3.2,,,ball-recovery,False,False,"{""playerCoordinates"": {""x"": 81.8, ""y"": 3.2}, ""eventActionType"": ""ball-recovery"", ""isHome"": false, ""outcome"": true, ""keypass"": false}",,
1218066,Anis Hadj Moussa,14053801,rating-breakdown,defensive,defensive,,,,Feyenoord,89.0,,56.8,3.7,,,True,True,1,boolean_field,success,,True,False,False,,rating-breakdown,True,56.8,3.7,,,ball-recovery,False,False,"{""playerCoordinates"": {""x"": 56.8, ""y"": 3.7}, ""eventActionType"": ""ball-recovery"", ""isHome"": false, ""outcome"": true, ""keypass"": false}",,
1218066,Anis Hadj Moussa,14053801,rating-breakdown,defensive,defensive,,,,Feyenoord,89.0,,69.8,4.6,,,True,True,1,boolean_field,success,,True,False,False,,rating-breakdown,True,69.8,4.6,,,ball-recovery,False,False,"{""playerCoordinates"": {""x"": 69.8, ""y"": 4.6}, ""eventActionType"": ""ball-recovery"", ""isHome"": false, ""outcome"": true, ""keypass"": false}",,
1218066,Anis Hadj Moussa,14053801,rating-breakdown,defensive,defensive,,,,Feyenoord,89.0,,36.9,30.4,,,,,,unresolvable,,,,False,False,,rating-breakdown,True,36.9,30.4,,,tackle,False,False,"{""playerCoordinates"": {""x"": 36.9, ""y"": 30.4}, ""eventActionType"": ""tackle"", ""isHome"": false, ""keypass"": false}",,
1218066,Anis Hadj Moussa,14053801,rating-breakdown,defensive,defensive,,,,Feyenoord,89.0,,28,19.8,,,True,True,1,boolean_field,success,,True,False,False,,rating-breakdown,True,28,19.8,,,ball-recovery,False,False,"{""playerCoordinates"": {""x"": 28, ""y"": 19.8}, ""eventActionType"": ""ball-recovery"", ""isHome"": false, ""outcome"": true, ""keypass"": false}",,
1218066,Anis Hadj Moussa,14028532,rating-breakdown,passes,passes,,,,Feyenoord,90.0,,33.7,5.4,26.9,21,True,True,1,boolean_field,success,True,,False,False,pass,rating-breakdown,True,33.7,5.4,26.9,21,pass,True,False,"{""playerCoordinates"": {""x"": 33.7, ""y"": 5.4}, ""passEndCoordinates"": {""x"": 26.9, ""y"": 21}, ""eventActionType"": ""pass"", ""isHome"": true, ""outcome"": true, ""keypass"": false}",,
1218066,Anis Hadj Moussa,14028532,rating-breakdown,passes,passes,,,,Feyenoord,90.0,,81.8,4.5,87,36.8,,,,unresolvable,,,,False,False,pass,rating-breakdown,True,81.8,4.5,87,36.8,cross,True,False,"{""playerCoordinates"": {""x"": 81.8, ""y"": 4.5}, ""passEndCoordinates"": {""x"": 87, ""y"": 36.8}, ""eventActionType"": ""cross"", ""isHome"": true, ""keypass"": false}",,
1218066,Anis Hadj Moussa,14028532,rating-breakdown,passes,passes,,,,Feyenoord,90.0,,80.3,15.2,78.6,18.6,,,,unresolvable,,,,False,False,pass,rating-breakdown,True,80.3,15.2,78.6,18.6,pass,True,False,"{""playerCoordinates"": {""x"": 80.3, ""y"": 15.2}, ""passEndCoordinates"": {""x"": 78.6, ""y"": 18.6}, ""eventActionType"": ""pass"", ""isHome"": true, ""keypass"": false}",,
1218066,Anis Hadj Moussa,14028532,rating-breakdown,passes,passes,,,,Feyenoord,90.0,,54.5,9.1,43.1,21.3,True,True,1,boolean_field,success,True,,False,False,pass,rating-breakdown,True,54.5,9.1,43.1,21.3,pass,True,False,"{""playerCoordinates"": {""x"": 54.5, ""y"": 9.1}, ""passEndCoordinates"": {""x"": 43.1, ""y"": 21.3}, ""eventActionType"": ""pass"", ""isHome"": true, ""outcome"": true, ""keypass"": false}",,
1218066,Anis Hadj Moussa,14028532,rating-breakdown,passes,passes,,,,Feyenoord,90.0,,78.6,32.1,90.4,51,,,,unresolvable,,,,False,False,pass,rating-breakdown,True,78.6,32.1,90.4,51,pass,True,False,"{""playerCoordinates"": {""x"": 78.6, ""y"": 32.1}, ""passEndCoordinates"": {""x"": 90.4, ""y"": 51}, ""eventActionType"": ""pass"", ""isHome"": true, ""keypass"": false}",,
1218066,Anis Hadj Moussa,14028532,rating-breakdown,passes,passes,,,,Feyenoord,90.0,,98.2,18.6,86.5,40.9,True,True,1,boolean_field,success,True,,False,False,pass,rating-breakdown,True,98.2,18.6,86.5,40.9,pass,True,False,"{""playerCoordinates"": {""x"": 98.2, ""y"": 18.6}, ""passEndCoordinates"": {""x"": 86.5, ""y"": 40.9}, ""eventActionType"": ""pass"", ""isHome"": true, ""outcome"": true, ""keypass"": false}",,
1218066,Anis Hadj Moussa,14028532,rating-breakdown,passes,passes,,,,Feyenoord,90.0,,77.4,14.5,94.9,13.5,True,True,1,boolean_field,success,True,,False,False,pass,rating-breakdown,True,77.4,14.5,94.9,13.5,pass,True,False,"{""playerCoordinates"": {""x"": 77.4, ""y"": 14.5}, ""passEndCoordinates"": {""x"": 94.9, ""y"": 13.5}, ""eventActionType"": ""pass"", ""isHome"": true, ""outcome"": true, ""keypass"": false}",,
1218066,Anis Hadj Moussa,14028532,rating-breakdown,passes,passes,,,,Feyenoord,90.0,,69.5,13.3,79.4,7.9,True,True,1,boolean_field,success,True,,False,False,pass,rating-breakdown,True,69.5,13.3,79.4,7.9,pass,True,False,"{""playerCoordinates"": {""x"": 69.5, ""y"": 13.3}, ""passEndCoordinates"": {""x"": 79.4, ""y"": 7.9}, ""eventActionType"": ""pass"", ""isHome"": true, ""outcome"": true, ""keypass"": false}",,
1218066,Anis Hadj Moussa,14028532,rating-breakdown,passes,passes,,,,Feyenoord,90.0,,97.8,25.2,91.7,43.6,,,,unresolvable,,,,False,False,pass,rating-breakdown,True,97.8,25.2,91.7,43.6,pass,True,False,"{""playerCoordinates"": {""x"": 97.8, ""y"": 25.2}, ""passEndCoordinates"": {""x"": 91.7, ""y"": 43.6}, ""eventActionType"": ""pass"", ""isHome"": true, ""keypass"": false}",,
1218066,Anis Hadj Moussa,14028532,rating-breakdown,passes,passes,,,,Feyenoord,90.0,,69.2,26.1,61.8,16.8,True,True,1,boolean_field,success,True,,False,False,pass,rating-breakdown,True,69.2,26.1,61.8,16.8,pass,True,False,"{""playerCoordinates"": {""x"": 69.2, ""y"": 26.1}, ""passEndCoordinates"": {""x"": 61.8, ""y"": 16.8}, ""eventActionType"": ""pass"", ""isHome"": true, ""outcome"": true, ""keypass"": false}",,
1218066,Anis Hadj Moussa,14028532,rating-breakdown,passes,passes,,,,Feyenoord,90.0,,77.2,21.3,69.6,15.3,True,True,1,boolean_field,success,True,,False,False,pass,rating-breakdown,True,77.2,21.3,69.6,15.3,pass,True,False,"{""playerCoordinates"": {""x"": 77.2, ""y"": 21.3}, ""passEndCoordinates"": {""x"": 69.6, ""y"": 15.3}, ""eventActionType"": ""pass"", ""isHome"": true, ""outcome"": true, ""keypass"": false}",,
1218066,Anis Hadj Moussa,14028532,rating-breakdown,passes,passes,,,,Feyenoord,90.0,,45.3,22.3,74.1,33.8,,,,unresolvable,,,,False,False,pass,rating-breakdown,True,45.3,22.3,74.1,33.8,pass,True,False,"{""playerCoordinates"": {""x"": 45.3, ""y"": 22.3}, ""passEndCoordinates"": {""x"": 74.1, ""y"": 33.8}, ""eventActionType"": ""pass"", ""isHome"": true, ""keypass"": false}",,
1218066,Anis Hadj Moussa,14028532,rating-breakdown,passes,passes,,,,Feyenoord,90.0,,69.8,33.3,87.5,43.4,,,,unresolvable,,,,False,False,pass,rating-breakdown,True,69.8,33.3,87.5,43.4,pass,True,False,"{""playerCoordinates"": {""x"": 69.8, ""y"": 33.3}, ""passEndCoordinates"": {""x"": 87.5, ""y"": 43.4}, ""eventActionType"": ""pass"", ""isHome"": true, ""keypass"": false}",,
1218066,Anis Hadj Moussa,14028532,rating-breakdown,passes,passes,,,,Feyenoord,90.0,,60,4.9,69.5,24.4,True,True,1,boolean_field,success,True,,False,False,pass,rating-breakdown,True,60,4.9,69.5,24.4,pass,True,False,"{""playerCoordinates"": {""x"": 60, ""y"": 4.9}, ""passEndCoordinates"": {""x"": 69.5, ""y"": 24.4}, ""eventActionType"": ""pass"", ""isHome"": true, ""outcome"": true, ""keypass"": false}",,
1218066,Anis Hadj Moussa,14028532,rating-breakdown,passes,passes,,,,Feyenoord,90.0,,94.8,21.4,94.4,27.6,,,,unresolvable,,,,False,False,pass,rating-breakdown,True,94.8,21.4,94.4,27.6,pass,True,False,"{""playerCoordinates"": {""x"": 94.8, ""y"": 21.4}, ""passEndCoordinates"": {""x"": 94.4, ""y"": 27.6}, ""eventActionType"": ""pass"", ""isHome"": true, ""keypass"": false}",,
1218066,Anis Hadj Moussa,14028532,rating-breakdown,passes,passes,,,,Feyenoord,90.0,,99.5,0.5,100,73.5,,,,unresolvable,,,,False,False,pass,rating-breakdown,True,99.5,0.5,100,73.5,cross,True,False,"{""playerCoordinates"": {""x"": 99.5, ""y"": 0.5}, ""passEndCoordinates"": {""x"": 100, ""y"": 73.5}, ""eventActionType"": ""cross"", ""isHome"": true, ""keypass"": false, ""isLongBall"": true}",True,
1218066,Anis Hadj Moussa,14028532,rating-breakdown,passes,passes,,,,Feyenoord,90.0,,30.7,2.5,67.4,5.8,,,,unresolvable,,,,False,False,pass,rating-breakdown,True,30.7,2.5,67.4,5.8,pass,True,False,"{""playerCoordinates"": {""x"": 30.7, ""y"": 2.5}, ""passEndCoordinates"": {""x"": 67.4, ""y"": 5.8}, ""eventActionType"": ""pass"", ""isHome"": true, ""keypass"": false, ""isLongBall"": true}",True,
1218066,Anis Hadj Moussa,14028532,rating-breakdown,passes,passes,,,,Feyenoord,90.0,,79.3,34.5,71.6,48.3,True,True,1,boolean_field,success,True,,False,False,pass,rating-breakdown,True,79.3,34.5,71.6,48.3,pass,True,False,"{""playerCoordinates"": {""x"": 79.3, ""y"": 34.5}, ""passEndCoordinates"": {""x"": 71.6, ""y"": 48.3}, ""eventActionType"": ""pass"", ""isHome"": true, ""outcome"": true, ""keypass"": false}",,
1218066,Anis Hadj Moussa,14028532,rating-breakdown,passes,passes,,,,Feyenoord,90.0,,63.5,12.4,41.9,14.7,True,True,1,boolean_field,success,True,,False,False,pass,rating-breakdown,True,63.5,12.4,41.9,14.7,pass,True,False,"{""playerCoordinates"": {""x"": 63.5, ""y"": 12.4}, ""passEndCoordinates"": {""x"": 41.9, ""y"": 14.7}, ""eventActionType"": ""pass"", ""isHome"": true, ""outcome"": true, ""keypass"": false}",,
1218066,Anis Hadj Moussa,14028532,rating-breakdown,passes,passes,,,,Feyenoord,90.0,,71.8,9.3,77.5,16.6,True,True,1,boolean_field,success,True,,False,False,pass,rating-breakdown,True,71.8,9.3,77.5,16.6,pass,True,False,"{""playerCoordinates"": {""x"": 71.8, ""y"": 9.3}, ""passEndCoordinates"": {""x"": 77.5, ""y"": 16.6}, ""eventActionType"": ""pass"", ""isHome"": true, ""outcome"": true, ""keypass"": false}",,
1218066,Anis Hadj Moussa,14028532,rating-breakdown,passes,passes,,,,Feyenoord,90.0,,65.7,5.8,57.9,17.1,True,True,1,boolean_field,success,True,,False,False,pass,rating-breakdown,True,65.7,5.8,57.9,17.1,pass,True,False,"{""playerCoordinates"": {""x"": 65.7, ""y"": 5.8}, ""passEndCoordinates"": {""x"": 57.9, ""y"": 17.1}, ""eventActionType"": ""pass"", ""isHome"": true, ""outcome"": true, ""keypass"": false}",,
1218066,Anis Hadj Moussa,14028532,rating-breakdown,passes,passes,,,,Feyenoord,90.0,,80.1,18.9,95.1,18,True,True,1,boolean_field,success,True,,False,False,pass,rating-breakdown,True,80.1,18.9,95.1,18,pass,True,False,"{""playerCoordinates"": {""x"": 80.1, ""y"": 18.9}, ""passEndCoordinates"": {""x"": 95.1, ""y"": 18}, ""eventActionType"": ""pass"", ""isHome"": true, ""outcome"": true, ""keypass"": false}",,
1218066,Anis Hadj Moussa,14028532,rating-breakdown,passes,passes,,,,Feyenoord,90.0,,67.4,13.5,63.4,4.7,True,True,1,boolean_field,success,True,,False,False,pass,rating-breakdown,True,67.4,13.5,63.4,4.7,pass,True,False,"{""playerCoordinates"": {""x"": 67.4, ""y"": 13.5}, ""passEndCoordinates"": {""x"": 63.4, ""y"": 4.7}, ""eventActionType"": ""pass"", ""isHome"": true, ""outcome"": true, ""keypass"": false}",,
1218066,Anis Hadj Moussa,14028532,rating-breakdown,passes,passes,,,,Feyenoord,90.0,,56.4,8.6,43.3,15.4,True,True,1,boolean_field,success,True,,False,False,pass,rating-breakdown,True,56.4,8.6,43.3,15.4,pass,True,False,"{""playerCoordinates"": {""x"": 56.4, ""y"": 8.6}, ""passEndCoordinates"": {""x"": 43.3, ""y"": 15.4}, ""eventActionType"": ""pass"", ""isHome"": true, ""outcome"": true, ""keypass"": false}",,
1218066,Anis Hadj Moussa,14028532,rating-breakdown,passes,passes,,,,Feyenoord,90.0,,74.6,5.1,51.4,17.5,True,True,1,boolean_field,success,True,,False,False,pass,rating-breakdown,True,74.6,5.1,51.4,17.5,pass,True,False,"{""playerCoordinates"": {""x"": 74.6, ""y"": 5.1}, ""passEndCoordinates"": {""x"": 51.4, ""y"": 17.5}, ""eventActionType"": ""pass"", ""isHome"": true, ""outcome"": true, ""keypass"": false}",,
1218066,Anis Hadj Moussa,14028532,rating-breakdown,passes,passes,,,,Feyenoord,90.0,,35.3,1.7,22.9,24.6,True,True,1,boolean_field,success,True,,False,False,pass,rating-breakdown,True,35.3,1.7,22.9,24.6,pass,True,False,"{""playerCoordinates"": {""x"": 35.3, ""y"": 1.7}, ""passEndCoordinates"": {""x"": 22.9, ""y"": 24.6}, ""eventActionType"": ""pass"", ""isHome"": true, ""outcome"": true, ""keypass"": false}",,
1218066,Anis Hadj Moussa,14028532,rating-breakdown,passes,passes,,,,Feyenoord,90.0,,29.9,0.7,28.2,25.8,True,True,1,boolean_field,success,True,,False,False,pass,rating-breakdown,True,29.9,0.7,28.2,25.8,pass,True,False,"{""playerCoordinates"": {""x"": 29.9, ""y"": 0.7}, ""passEndCoordinates"": {""x"": 28.2, ""y"": 25.8}, ""eventActionType"": ""pass"", ""isHome"": true, ""outcome"": true, ""keypass"": false}",,
1218066,Anis Hadj Moussa,14028532,rating-breakdown,passes,passes,,,,Feyenoord,90.0,,99.6,99.8,98.3,94.8,True,True,1,boolean_field,success,True,,False,False,pass,rating-breakdown,True,99.6,99.8,98.3,94.8,pass,True,False,"{""playerCoordinates"": {""x"": 99.6, ""y"": 99.8}, ""passEndCoordinates"": {""x"": 98.3, ""y"": 94.8}, ""eventActionType"": ""pass"", ""isHome"": true, ""outcome"": true, ""keypass"": false}",,
1218066,Anis Hadj Moussa,14028532,rating-breakdown,ball-carries,ball-carries,,,,Feyenoord,90.0,,90.8,10.2,80.2,11.2,,,,unresolvable,,,,False,False,,rating-breakdown,True,90.8,10.2,80.2,11.2,ball-carry,True,,"{""playerCoordinates"": {""x"": 90.8, ""y"": 10.2}, ""passEndCoordinates"": {""x"": 80.2, ""y"": 11.2}, ""eventActionType"": ""ball-carry"", ""isHome"": true}",,
1218066,Anis Hadj Moussa,14028532,rating-breakdown,ball-carries,ball-carries,,,,Feyenoord,90.0,,80.5,9,80.3,15,,,,unresolvable,,,,False,False,,rating-breakdown,True,80.5,9,80.3,15,ball-carry,True,,"{""playerCoordinates"": {""x"": 80.5, ""y"": 9}, ""passEndCoordinates"": {""x"": 80.3, ""y"": 15}, ""eventActionType"": ""ball-carry"", ""isHome"": true}",,
1218066,Anis Hadj Moussa,14028532,rating-breakdown,ball-carries,ball-carries,,,,Feyenoord,90.0,,87.2,11.5,86.3,23.8,,,,unresolvable,,,,False,False,,rating-breakdown,True,87.2,11.5,86.3,23.8,ball-carry,True,,"{""playerCoordinates"": {""x"": 87.2, ""y"": 11.5}, ""passEndCoordinates"": {""x"": 86.3, ""y"": 23.8}, ""eventActionType"": ""ball-carry"", ""isHome"": true}",,
1218066,Anis Hadj Moussa,14028532,rating-breakdown,ball-carries,ball-carries,,,,Feyenoord,90.0,,61.9,4.5,54.5,9.1,,,,unresolvable,,,,False,False,,rating-breakdown,True,61.9,4.5,54.5,9.1,ball-carry,True,,"{""playerCoordinates"": {""x"": 61.9, ""y"": 4.5}, ""passEndCoordinates"": {""x"": 54.5, ""y"": 9.1}, ""eventActionType"": ""ball-carry"", ""isHome"": true}",,
1218066,Anis Hadj Moussa,14028532,rating-breakdown,ball-carries,ball-carries,,,,Feyenoord,90.0,,73.4,17.7,78.6,32.1,,,,unresolvable,,,,False,False,,rating-breakdown,True,73.4,17.7,78.6,32.1,ball-carry,True,,"{""playerCoordinates"": {""x"": 73.4, ""y"": 17.7}, ""passEndCoordinates"": {""x"": 78.6, ""y"": 32.1}, ""eventActionType"": ""ball-carry"", ""isHome"": true}",,
1218066,Anis Hadj Moussa,14028532,rating-breakdown,ball-carries,ball-carries,,,,Feyenoord,90.0,,94.9,16.8,98.2,18.6,,,,unresolvable,,,,False,False,,rating-breakdown,True,94.9,16.8,98.2,18.6,ball-carry,True,,"{""playerCoordinates"": {""x"": 94.9, ""y"": 16.8}, ""passEndCoordinates"": {""x"": 98.2, ""y"": 18.6}, ""eventActionType"": ""ball-carry"", ""isHome"": true}",,
1218066,Anis Hadj Moussa,14028532,rating-breakdown,ball-carries,ball-carries,,,,Feyenoord,90.0,,55.3,6.6,59,6.4,,,,unresolvable,,,,False,False,,rating-breakdown,True,55.3,6.6,59,6.4,ball-carry,True,,"{""playerCoordinates"": {""x"": 55.3, ""y"": 6.6}, ""passEndCoordinates"": {""x"": 59, ""y"": 6.4}, ""eventActionType"": ""ball-carry"", ""isHome"": true}",,
1218066,Anis Hadj Moussa,14028532,rating-breakdown,ball-carries,ball-carries,,,,Feyenoord,90.0,,88,64.9,83.8,62.5,,,,unresolvable,,,,False,False,,rating-breakdown,True,88,64.9,83.8,62.5,ball-carry,True,,"{""playerCoordinates"": {""x"": 88, ""y"": 64.9}, ""passEndCoordinates"": {""x"": 83.8, ""y"": 62.5}, ""eventActionType"": ""ball-carry"", ""isHome"": true}",,
1218066,Anis Hadj Moussa,14028532,rating-breakdown,ball-carries,ball-carries,,,,Feyenoord,90.0,,68.8,7.3,69.5,13.3,,,,unresolvable,,,,False,False,,rating-breakdown,True,68.8,7.3,69.5,13.3,ball-carry,True,,"{""playerCoordinates"": {""x"": 68.8, ""y"": 7.3}, ""passEndCoordinates"": {""x"": 69.5, ""y"": 13.3}, ""eventActionType"": ""ball-carry"", ""isHome"": true}",,
1218066,Anis Hadj Moussa,14028532,rating-breakdown,ball-carries,ball-carries,,,,Feyenoord,90.0,,95.7,5.8,85.4,12.8,,,,unresolvable,,,,False,False,,rating-breakdown,True,95.7,5.8,85.4,12.8,ball-carry,True,,"{""playerCoordinates"": {""x"": 95.7, ""y"": 5.8}, ""passEndCoordinates"": {""x"": 85.4, ""y"": 12.8}, ""eventActionType"": ""ball-carry"", ""isHome"": true}",,
1218066,Anis Hadj Moussa,14028532,rating-breakdown,ball-carries,ball-carries,,,,Feyenoord,90.0,,65.9,31.6,69.2,26.1,,,,unresolvable,,,,False,False,,rating-breakdown,True,65.9,31.6,69.2,26.1,ball-carry,True,,"{""playerCoordinates"": {""x"": 65.9, ""y"": 31.6}, ""passEndCoordinates"": {""x"": 69.2, ""y"": 26.1}, ""eventActionType"": ""ball-carry"", ""isHome"": true}",,
1218066,Anis Hadj Moussa,14028532,rating-breakdown,ball-carries,ball-carries,,,,Feyenoord,90.0,,75.8,13.8,79.9,12.7,,,,unresolvable,,,,False,False,,rating-breakdown,True,75.8,13.8,79.9,12.7,ball-carry,True,,"{""playerCoordinates"": {""x"": 75.8, ""y"": 13.8}, ""passEndCoordinates"": {""x"": 79.9, ""y"": 12.7}, ""eventActionType"": ""ball-carry"", ""isHome"": true}",,
1218066,Anis Hadj Moussa,14028532,rating-breakdown,ball-carries,ball-carries,,,,Feyenoord,90.0,,79.9,12.7,95,12.5,,,,unresolvable,,,,False,False,,rating-breakdown,True,79.9,12.7,95,12.5,ball-carry,True,,"{""playerCoordinates"": {""x"": 79.9, ""y"": 12.7}, ""passEndCoordinates"": {""x"": 95, ""y"": 12.5}, ""eventActionType"": ""ball-carry"", ""isHome"": true}",,
1218066,Anis Hadj Moussa,14028532,rating-breakdown,ball-carries,ball-carries,,,,Feyenoord,90.0,,45.7,14.8,45.3,22.3,,,,unresolvable,,,,False,False,,rating-breakdown,True,45.7,14.8,45.3,22.3,ball-carry,True,,"{""playerCoordinates"": {""x"": 45.7, ""y"": 14.8}, ""passEndCoordinates"": {""x"": 45.3, ""y"": 22.3}, ""eventActionType"": ""ball-carry"", ""isHome"": true}",,
1218066,Anis Hadj Moussa,14028532,rating-breakdown,ball-carries,ball-carries,,,,Feyenoord,90.0,,67.7,25.4,49.3,32.4,,,,unresolvable,,,,False,False,,rating-breakdown,True,67.7,25.4,49.3,32.4,ball-carry,True,,"{""playerCoordinates"": {""x"": 67.7, ""y"": 25.4}, ""passEndCoordinates"": {""x"": 49.3, ""y"": 32.4}, ""eventActionType"": ""ball-carry"", ""isHome"": true}",,
1218066,Anis Hadj Moussa,14028532,rating-breakdown,ball-carries,ball-carries,,,,Feyenoord,90.0,,49.3,32.4,60.4,36.6,,,,unresolvable,,,,False,False,,rating-breakdown,True,49.3,32.4,60.4,36.6,ball-carry,True,,"{""playerCoordinates"": {""x"": 49.3, ""y"": 32.4}, ""passEndCoordinates"": {""x"": 60.4, ""y"": 36.6}, ""eventActionType"": ""ball-carry"", ""isHome"": true}",,
1218066,Anis Hadj Moussa,14028532,rating-breakdown,ball-carries,ball-carries,,,,Feyenoord,90.0,,54.3,2.9,60,4.9,,,,unresolvable,,,,False,False,,rating-breakdown,True,54.3,2.9,60,4.9,ball-carry,True,,"{""playerCoordinates"": {""x"": 54.3, ""y"": 2.9}, ""passEndCoordinates"": {""x"": 60, ""y"": 4.9}, ""eventActionType"": ""ball-carry"", ""isHome"": true}",,
1218066,Anis Hadj Moussa,14028532,rating-breakdown,ball-carries,ball-carries,,,,Feyenoord,90.0,,83.3,45,94.8,21.4,,,,unresolvable,,,,False,False,,rating-breakdown,True,83.3,45,94.8,21.4,ball-carry,True,,"{""playerCoordinates"": {""x"": 83.3, ""y"": 45}, ""passEndCoordinates"": {""x"": 94.8, ""y"": 21.4}, ""eventActionType"": ""ball-carry"", ""isHome"": true}",,
1218066,Anis Hadj Moussa,14028532,rating-breakdown,ball-carries,ball-carries,,,,Feyenoord,90.0,,74.9,15.4,79.3,34.5,,,,unresolvable,,,,False,False,,rating-breakdown,True,74.9,15.4,79.3,34.5,ball-carry,True,,"{""playerCoordinates"": {""x"": 74.9, ""y"": 15.4}, ""passEndCoordinates"": {""x"": 79.3, ""y"": 34.5}, ""eventActionType"": ""ball-carry"", ""isHome"": true}",,
1218066,Anis Hadj Moussa,14028532,rating-breakdown,ball-carries,ball-carries,,,,Feyenoord,90.0,,40.3,18,63.8,19.6,,,,unresolvable,,,,False,False,,rating-breakdown,True,40.3,18,63.8,19.6,ball-carry,True,,"{""playerCoordinates"": {""x"": 40.3, ""y"": 18}, ""passEndCoordinates"": {""x"": 63.8, ""y"": 19.6}, ""eventActionType"": ""ball-carry"", ""isHome"": true}",,
1218066,Anis Hadj Moussa,14028532,rating-breakdown,ball-carries,ball-carries,,,,Feyenoord,90.0,,28.3,29.2,34.7,23.2,,,,unresolvable,,,,False,False,,rating-breakdown,True,28.3,29.2,34.7,23.2,ball-carry,True,,"{""playerCoordinates"": {""x"": 28.3, ""y"": 29.2}, ""passEndCoordinates"": {""x"": 34.7, ""y"": 23.2}, ""eventActionType"": ""ball-carry"", ""isHome"": true}",,
1218066,Anis Hadj Moussa,14028532,rating-breakdown,ball-carries,ball-carries,,,,Feyenoord,90.0,,34.7,23.2,65.7,18.6,,,,unresolvable,,,,False,False,,rating-breakdown,True,34.7,23.2,65.7,18.6,ball-carry,True,,"{""playerCoordinates"": {""x"": 34.7, ""y"": 23.2}, ""passEndCoordinates"": {""x"": 65.7, ""y"": 18.6}, ""eventActionType"": ""ball-carry"", ""isHome"": true}",,
1218066,Anis Hadj Moussa,14028532,rating-breakdown,ball-carries,ball-carries,,,,Feyenoord,90.0,,67.1,7.4,67.4,13.5,,,,unresolvable,,,,False,False,,rating-breakdown,True,67.1,7.4,67.4,13.5,ball-carry,True,,"{""playerCoordinates"": {""x"": 67.1, ""y"": 7.4}, ""passEndCoordinates"": {""x"": 67.4, ""y"": 13.5}, ""eventActionType"": ""ball-carry"", ""isHome"": true}",,
1218066,Anis Hadj Moussa,14028532,rating-breakdown,ball-carries,ball-carries,,,,Feyenoord,90.0,,64,15.6,59.8,14.2,,,,unresolvable,,,,False,False,,rating-breakdown,True,64,15.6,59.8,14.2,ball-carry,True,,"{""playerCoordinates"": {""x"": 64, ""y"": 15.6}, ""passEndCoordinates"": {""x"": 59.8, ""y"": 14.2}, ""eventActionType"": ""ball-carry"", ""isHome"": true}",,
1218066,Anis Hadj Moussa,14028532,rating-breakdown,ball-carries,ball-carries,,,,Feyenoord,90.0,,33.4,9.4,29.5,10.2,,,,unresolvable,,,,False,False,,rating-breakdown,True,33.4,9.4,29.5,10.2,ball-carry,True,,"{""playerCoordinates"": {""x"": 33.4, ""y"": 9.4}, ""passEndCoordinates"": {""x"": 29.5, ""y"": 10.2}, ""eventActionType"": ""ball-carry"", ""isHome"": true}",,
1218066,Anis Hadj Moussa,14028532,rating-breakdown,ball-carries,ball-carries,,,,Feyenoord,90.0,,35.6,2.7,29.9,0.7,,,,unresolvable,,,,False,False,,rating-breakdown,True,35.6,2.7,29.9,0.7,ball-carry,True,,"{""playerCoordinates"": {""x"": 35.6, ""y"": 2.7}, ""passEndCoordinates"": {""x"": 29.9, ""y"": 0.7}, ""eventActionType"": ""ball-carry"", ""isHome"": true}",,
1218066,Anis Hadj Moussa,14028532,rating-breakdown,dribbles,dribbles,,,,Feyenoord,90.0,,80.3,15,,,True,True,1,boolean_field,success,,True,False,False,,rating-breakdown,True,80.3,15,,,dribble,True,False,"{""playerCoordinates"": {""x"": 80.3, ""y"": 15}, ""eventActionType"": ""dribble"", ""isHome"": true, ""outcome"": true, ""keypass"": false}",,
1218066,Anis Hadj Moussa,14028532,rating-breakdown,dribbles,dribbles,,,,Feyenoord,90.0,,94.4,14,,,,,,unresolvable,,,,False,False,,rating-breakdown,True,94.4,14,,,dribble,True,False,"{""playerCoordinates"": {""x"": 94.4, ""y"": 14}, ""eventActionType"": ""dribble"", ""isHome"": true, ""keypass"": false}",,
1218066,Anis Hadj Moussa,14028532,rating-breakdown,dribbles,dribbles,,,,Feyenoord,90.0,,92.2,6.2,,,,,,unresolvable,,,,False,False,,rating-breakdown,True,92.2,6.2,,,dribble,True,False,"{""playerCoordinates"": {""x"": 92.2, ""y"": 6.2}, ""eventActionType"": ""dribble"", ""isHome"": true, ""keypass"": false}",,
1218066,Anis Hadj Moussa,14028532,rating-breakdown,dribbles,dribbles,,,,Feyenoord,90.0,,85.5,62.2,,,True,True,1,boolean_field,success,,True,False,False,,rating-breakdown,True,85.5,62.2,,,dribble,True,False,"{""playerCoordinates"": {""x"": 85.5, ""y"": 62.2}, ""eventActionType"": ""dribble"", ""isHome"": true, ""outcome"": true, ""keypass"": false}",,
1218066,Anis Hadj Moussa,14028532,rating-breakdown,dribbles,dribbles,,,,Feyenoord,90.0,,86.2,12.7,,,True,True,1,boolean_field,success,,True,False,False,,rating-breakdown,True,86.2,12.7,,,dribble,True,False,"{""playerCoordinates"": {""x"": 86.2, ""y"": 12.7}, ""eventActionType"": ""dribble"", ""isHome"": true, ""outcome"": true, ""keypass"": false}",,
1218066,Anis Hadj Moussa,14028532,rating-breakdown,dribbles,dribbles,,,,Feyenoord,90.0,,63.8,19.6,,,True,True,1,boolean_field,success,,True,False,False,,rating-breakdown,True,63.8,19.6,,,dribble,True,False,"{""playerCoordinates"": {""x"": 63.8, ""y"": 19.6}, ""eventActionType"": ""dribble"", ""isHome"": true, ""outcome"": true, ""keypass"": false}",,
1218066,Anis Hadj Moussa,14028532,rating-breakdown,dribbles,dribbles,,,,Feyenoord,90.0,,72.8,10.5,,,,,,unresolvable,,,,False,False,,rating-breakdown,True,72.8,10.5,,,dribble,True,False,"{""playerCoordinates"": {""x"": 72.8, ""y"": 10.5}, ""eventActionType"": ""dribble"", ""isHome"": true, ""keypass"": false}",,
1218066,Anis Hadj Moussa,14028532,rating-breakdown,defensive,defensive,,,,Feyenoord,90.0,,33.5,5.2,,,True,True,1,boolean_field,success,,True,False,False,,rating-breakdown,True,33.5,5.2,,,ball-recovery,True,False,"{""playerCoordinates"": {""x"": 33.5, ""y"": 5.2}, ""eventActionType"": ""ball-recovery"", ""isHome"": true, ""outcome"": true, ""keypass"": false}",,
1218066,Anis Hadj Moussa,14028532,rating-breakdown,defensive,defensive,,,,Feyenoord,90.0,,61.9,4.5,,,True,True,1,boolean_field,success,,True,False,False,,rating-breakdown,True,61.9,4.5,,,ball-recovery,True,False,"{""playerCoordinates"": {""x"": 61.9, ""y"": 4.5}, ""eventActionType"": ""ball-recovery"", ""isHome"": true, ""outcome"": true, ""keypass"": false}",,
1218066,Anis Hadj Moussa,14028532,rating-breakdown,defensive,defensive,,,,Feyenoord,90.0,,73.4,17.7,,,True,True,1,boolean_field,success,,True,False,False,,rating-breakdown,True,73.4,17.7,,,ball-recovery,True,False,"{""playerCoordinates"": {""x"": 73.4, ""y"": 17.7}, ""eventActionType"": ""ball-recovery"", ""isHome"": true, ""outcome"": true, ""keypass"": false}",,
1218066,Anis Hadj Moussa,14028532,rating-breakdown,defensive,defensive,,,,Feyenoord,90.0,,79.9,12.7,,,True,True,1,boolean_field,success,,True,False,False,,rating-breakdown,True,79.9,12.7,,,ball-recovery,True,False,"{""playerCoordinates"": {""x"": 79.9, ""y"": 12.7}, ""eventActionType"": ""ball-recovery"", ""isHome"": true, ""outcome"": true, ""keypass"": false}",,
1218066,Anis Hadj Moussa,14028532,rating-breakdown,defensive,defensive,,,,Feyenoord,90.0,,49.3,32.4,,,True,True,1,boolean_field,success,,True,False,False,,rating-breakdown,True,49.3,32.4,,,ball-recovery,True,False,"{""playerCoordinates"": {""x"": 49.3, ""y"": 32.4}, ""eventActionType"": ""ball-recovery"", ""isHome"": true, ""outcome"": true, ""keypass"": false}",,
1218066,Anis Hadj Moussa,14028532,rating-breakdown,defensive,defensive,,,,Feyenoord,90.0,,39.9,35.5,,,True,True,1,boolean_field,success,,True,False,False,,rating-breakdown,True,39.9,35.5,,,tackle,True,False,"{""playerCoordinates"": {""x"": 39.9, ""y"": 35.5}, ""eventActionType"": ""tackle"", ""isHome"": true, ""outcome"": true, ""keypass"": false}",,
1218066,Anis Hadj Moussa,14028532,rating-breakdown,defensive,defensive,,,,Feyenoord,90.0,,34.7,23.2,,,True,True,1,boolean_field,success,,True,False,False,,rating-breakdown,True,34.7,23.2,,,ball-recovery,True,False,"{""playerCoordinates"": {""x"": 34.7, ""y"": 23.2}, ""eventActionType"": ""ball-recovery"", ""isHome"": true, ""outcome"": true, ""keypass"": false}",,
1218066,Anis Hadj Moussa,14028532,rating-breakdown,defensive,defensive,,,,Feyenoord,90.0,,35.6,2.7,,,True,True,1,boolean_field,success,,True,False,False,,rating-breakdown,True,35.6,2.7,,,ball-recovery,True,False,"{""playerCoordinates"": {""x"": 35.6, ""y"": 2.7}, ""eventActionType"": ""ball-recovery"", ""isHome"": true, ""outcome"": true, ""keypass"": false}",,
1218066,Anis Hadj Moussa,14028545,rating-breakdown,passes,passes,,,,Feyenoord,90.0,,65,6,68.3,1.8,True,True,1,boolean_field,success,True,,False,False,pass,rating-breakdown,True,65,6,68.3,1.8,pass,False,False,"{""playerCoordinates"": {""x"": 65, ""y"": 6}, ""passEndCoordinates"": {""x"": 68.3, ""y"": 1.8}, ""eventActionType"": ""pass"", ""isHome"": false, ""outcome"": true, ""keypass"": false}",,
1218066,Anis Hadj Moussa,14028545,rating-breakdown,passes,passes,,,,Feyenoord,90.0,,99.5,0.5,97.7,38.7,,,,unresolvable,,,,False,False,pass,rating-breakdown,True,99.5,0.5,97.7,38.7,cross,False,False,"{""playerCoordinates"": {""x"": 99.5, ""y"": 0.5}, ""passEndCoordinates"": {""x"": 97.7, ""y"": 38.7}, ""eventActionType"": ""cross"", ""isHome"": false, ""keypass"": false}",,
1218066,Anis Hadj Moussa,14028545,rating-breakdown,passes,passes,,,,Feyenoord,90.0,,80.8,6.7,67.1,22.2,True,True,1,boolean_field,success,True,,False,False,pass,rating-breakdown,True,80.8,6.7,67.1,22.2,pass,False,False,"{""playerCoordinates"": {""x"": 80.8, ""y"": 6.7}, ""passEndCoordinates"": {""x"": 67.1, ""y"": 22.2}, ""eventActionType"": ""pass"", ""isHome"": false, ""outcome"": true, ""keypass"": false}",,
1218066,Anis Hadj Moussa,14028545,rating-breakdown,passes,passes,,,,Feyenoord,90.0,,87.1,22.9,91.9,55.8,True,True,1,boolean_field,success,True,,False,True,key_pass,rating-breakdown,True,87.1,22.9,91.9,55.8,pass,False,True,"{""playerCoordinates"": {""x"": 87.1, ""y"": 22.9}, ""passEndCoordinates"": {""x"": 91.9, ""y"": 55.8}, ""eventActionType"": ""pass"", ""isHome"": false, ""outcome"": true, ""keypass"": true}",,
1218066,Anis Hadj Moussa,14028545,rating-breakdown,passes,passes,,,,Feyenoord,90.0,,99.5,99.5,92.9,51.4,,,,unresolvable,,,,False,False,pass,rating-breakdown,True,99.5,99.5,92.9,51.4,cross,False,False,"{""playerCoordinates"": {""x"": 99.5, ""y"": 99.5}, ""passEndCoordinates"": {""x"": 92.9, ""y"": 51.4}, ""eventActionType"": ""cross"", ""isHome"": false, ""keypass"": false, ""isLongBall"": true}",True,
1218066,Anis Hadj Moussa,14028545,rating-breakdown,passes,passes,,,,Feyenoord,90.0,,89.9,1.8,98.9,22,True,True,1,boolean_field,success,True,,False,False,pass,rating-breakdown,True,89.9,1.8,98.9,22,pass,False,False,"{""playerCoordinates"": {""x"": 89.9, ""y"": 1.8}, ""passEndCoordinates"": {""x"": 98.9, ""y"": 22}, ""eventActionType"": ""pass"", ""isHome"": false, ""outcome"": true, ""keypass"": false}",,
1218066,Anis Hadj Moussa,14028545,rating-breakdown,passes,passes,,,,Feyenoord,90.0,,87.9,14.2,94.2,24.6,True,True,1,boolean_field,success,True,,False,False,pass,rating-breakdown,True,87.9,14.2,94.2,24.6,pass,False,False,"{""playerCoordinates"": {""x"": 87.9, ""y"": 14.2}, ""passEndCoordinates"": {""x"": 94.2, ""y"": 24.6}, ""eventActionType"": ""pass"", ""isHome"": false, ""outcome"": true, ""keypass"": false}",,
1218066,Anis Hadj Moussa,14028545,rating-breakdown,passes,passes,,,,Feyenoord,90.0,,78,2.4,77.8,4.3,,,,unresolvable,,,,False,False,pass,rating-breakdown,True,78,2.4,77.8,4.3,pass,False,False,"{""playerCoordinates"": {""x"": 78, ""y"": 2.4}, ""passEndCoordinates"": {""x"": 77.8, ""y"": 4.3}, ""eventActionType"": ""pass"", ""isHome"": false, ""keypass"": false}",,
1218066,Anis Hadj Moussa,14028545,rating-breakdown,passes,passes,,,,Feyenoord,90.0,,76.3,22.5,87.5,37,True,True,1,boolean_field,success,True,,False,False,pass,rating-breakdown,True,76.3,22.5,87.5,37,pass,False,False,"{""playerCoordinates"": {""x"": 76.3, ""y"": 22.5}, ""passEndCoordinates"": {""x"": 87.5, ""y"": 37}, ""eventActionType"": ""pass"", ""isHome"": false, ""outcome"": true, ""keypass"": false}",,
1218066,Anis Hadj Moussa,14028545,rating-breakdown,passes,passes,,,,Feyenoord,90.0,,64.2,6.9,84.3,75.9,,,,unresolvable,,,,False,False,pass,rating-breakdown,True,64.2,6.9,84.3,75.9,pass,False,False,"{""playerCoordinates"": {""x"": 64.2, ""y"": 6.9}, ""passEndCoordinates"": {""x"": 84.3, ""y"": 75.9}, ""eventActionType"": ""pass"", ""isHome"": false, ""keypass"": false, ""isLongBall"": true}",True,
1218066,Anis Hadj Moussa,14028545,rating-breakdown,passes,passes,,,,Feyenoord,90.0,,82.4,18.7,93,27.3,True,True,1,boolean_field,success,True,,False,True,key_pass,rating-breakdown,True,82.4,18.7,93,27.3,pass,False,True,"{""playerCoordinates"": {""x"": 82.4, ""y"": 18.7}, ""passEndCoordinates"": {""x"": 93, ""y"": 27.3}, ""eventActionType"": ""pass"", ""isHome"": false, ""outcome"": true, ""keypass"": true}",,
1218066,Anis Hadj Moussa,14028545,rating-breakdown,passes,passes,,,,Feyenoord,90.0,,99.5,0.5,95.4,52.6,,,,unresolvable,,,,False,False,pass,rating-breakdown,True,99.5,0.5,95.4,52.6,cross,False,False,"{""playerCoordinates"": {""x"": 99.5, ""y"": 0.5}, ""passEndCoordinates"": {""x"": 95.4, ""y"": 52.6}, ""eventActionType"": ""cross"", ""isHome"": false, ""keypass"": false, ""isLongBall"": true}",True,
1218066,Anis Hadj Moussa,14028545,rating-breakdown,passes,passes,,,,Feyenoord,90.0,,64.8,8.7,59.7,0,,,,unresolvable,,,,False,False,pass,rating-breakdown,True,64.8,8.7,59.7,0,pass,False,False,"{""playerCoordinates"": {""x"": 64.8, ""y"": 8.7}, ""passEndCoordinates"": {""x"": 59.7, ""y"": 0}, ""eventActionType"": ""pass"", ""isHome"": false, ""keypass"": false}",,
1218066,Anis Hadj Moussa,14028545,rating-breakdown,passes,passes,,,,Feyenoord,90.0,,45.8,34.2,42.6,19.6,True,True,1,boolean_field,success,True,,False,False,pass,rating-breakdown,True,45.8,34.2,42.6,19.6,pass,False,False,"{""playerCoordinates"": {""x"": 45.8, ""y"": 34.2}, ""passEndCoordinates"": {""x"": 42.6, ""y"": 19.6}, ""eventActionType"": ""pass"", ""isHome"": false, ""outcome"": true, ""keypass"": false}",,
1218066,Anis Hadj Moussa,14028545,rating-breakdown,passes,passes,,,,Feyenoord,90.0,,56.3,4.3,63.6,32.1,True,True,1,boolean_field,success,True,,False,False,pass,rating-breakdown,True,56.3,4.3,63.6,32.1,pass,False,False,"{""playerCoordinates"": {""x"": 56.3, ""y"": 4.3}, ""passEndCoordinates"": {""x"": 63.6, ""y"": 32.1}, ""eventActionType"": ""pass"", ""isHome"": false, ""outcome"": true, ""keypass"": false}",,
1218066,Anis Hadj Moussa,14028545,rating-breakdown,passes,passes,,,,Feyenoord,90.0,,17.4,1.9,20.6,5.1,,,,unresolvable,,,,False,False,pass,rating-breakdown,True,17.4,1.9,20.6,5.1,pass,False,False,"{""playerCoordinates"": {""x"": 17.4, ""y"": 1.9}, ""passEndCoordinates"": {""x"": 20.6, ""y"": 5.1}, ""eventActionType"": ""pass"", ""isHome"": false, ""keypass"": false}",,
1218066,Anis Hadj Moussa,14028545,rating-breakdown,passes,passes,,,,Feyenoord,90.0,,87.2,33.4,93.6,33,True,True,1,boolean_field,success,True,,False,False,pass,rating-breakdown,True,87.2,33.4,93.6,33,pass,False,False,"{""playerCoordinates"": {""x"": 87.2, ""y"": 33.4}, ""passEndCoordinates"": {""x"": 93.6, ""y"": 33}, ""eventActionType"": ""pass"", ""isHome"": false, ""outcome"": true, ""keypass"": false}",,
1218066,Anis Hadj Moussa,14028545,rating-breakdown,passes,passes,,,,Feyenoord,90.0,,99.5,0.5,92.3,13.9,True,True,1,boolean_field,success,True,,False,False,pass,rating-breakdown,True,99.5,0.5,92.3,13.9,pass,False,False,"{""playerCoordinates"": {""x"": 99.5, ""y"": 0.5}, ""passEndCoordinates"": {""x"": 92.3, ""y"": 13.9}, ""eventActionType"": ""pass"", ""isHome"": false, ""outcome"": true, ""keypass"": false}",,
1218066,Anis Hadj Moussa,14028545,rating-breakdown,passes,passes,,,,Feyenoord,90.0,,79.8,27.6,95.9,17.7,True,True,1,boolean_field,success,True,,False,False,pass,rating-breakdown,True,79.8,27.6,95.9,17.7,pass,False,False,"{""playerCoordinates"": {""x"": 79.8, ""y"": 27.6}, ""passEndCoordinates"": {""x"": 95.9, ""y"": 17.7}, ""eventActionType"": ""pass"", ""isHome"": false, ""outcome"": true, ""keypass"": false}",,
1218066,Anis Hadj Moussa,14028545,rating-breakdown,passes,passes,,,,Feyenoord,90.0,,99.5,0.5,95.2,54.6,True,True,1,boolean_field,success,True,,False,True,key_pass,rating-breakdown,True,99.5,0.5,95.2,54.6,cross,False,True,"{""playerCoordinates"": {""x"": 99.5, ""y"": 0.5}, ""passEndCoordinates"": {""x"": 95.2, ""y"": 54.6}, ""eventActionType"": ""cross"", ""isHome"": false, ""outcome"": true, ""keypass"": true, ""isLongBall"": true}",True,
1218066,Anis Hadj Moussa,14028545,rating-breakdown,passes,passes,,,,Feyenoord,90.0,,80.7,15,91.5,19.3,,,,unresolvable,,,,False,False,pass,rating-breakdown,True,80.7,15,91.5,19.3,pass,False,False,"{""playerCoordinates"": {""x"": 80.7, ""y"": 15}, ""passEndCoordinates"": {""x"": 91.5, ""y"": 19.3}, ""eventActionType"": ""pass"", ""isHome"": false, ""keypass"": false}",,
1218066,Anis Hadj Moussa,14028545,rating-breakdown,passes,passes,,,,Feyenoord,90.0,,99.5,0.5,91.1,62.7,,,,unresolvable,,,,False,False,pass,rating-breakdown,True,99.5,0.5,91.1,62.7,cross,False,False,"{""playerCoordinates"": {""x"": 99.5, ""y"": 0.5}, ""passEndCoordinates"": {""x"": 91.1, ""y"": 62.7}, ""eventActionType"": ""cross"", ""isHome"": false, ""keypass"": false, ""isLongBall"": true}",True,
1218066,Anis Hadj Moussa,14028545,rating-breakdown,passes,passes,,,,Feyenoord,90.0,,76.2,10.6,89.7,46.3,,,,unresolvable,,,,False,False,pass,rating-breakdown,True,76.2,10.6,89.7,46.3,cross,False,False,"{""playerCoordinates"": {""x"": 76.2, ""y"": 10.6}, ""passEndCoordinates"": {""x"": 89.7, ""y"": 46.3}, ""eventActionType"": ""cross"", ""isHome"": false, ""keypass"": false}",,
1218066,Anis Hadj Moussa,14028545,rating-breakdown,passes,passes,,,,Feyenoord,90.0,,80.9,9.4,89.2,56.5,,,,unresolvable,,,,False,False,pass,rating-breakdown,True,80.9,9.4,89.2,56.5,cross,False,False,"{""playerCoordinates"": {""x"": 80.9, ""y"": 9.4}, ""passEndCoordinates"": {""x"": 89.2, ""y"": 56.5}, ""eventActionType"": ""cross"", ""isHome"": false, ""keypass"": false, ""isLongBall"": true}",True,
1218066,Anis Hadj Moussa,14028545,rating-breakdown,passes,passes,,,,Feyenoord,90.0,,93.3,20.1,92.5,20.1,,,,unresolvable,,,,False,False,pass,rating-breakdown,True,93.3,20.1,92.5,20.1,pass,False,False,"{""playerCoordinates"": {""x"": 93.3, ""y"": 20.1}, ""passEndCoordinates"": {""x"": 92.5, ""y"": 20.1}, ""eventActionType"": ""pass"", ""isHome"": false, ""keypass"": false}",,
1218066,Anis Hadj Moussa,14028545,rating-breakdown,passes,passes,,,,Feyenoord,90.0,,98.4,29.3,96.3,34.8,,,,unresolvable,,,,False,False,pass,rating-breakdown,True,98.4,29.3,96.3,34.8,pass,False,False,"{""playerCoordinates"": {""x"": 98.4, ""y"": 29.3}, ""passEndCoordinates"": {""x"": 96.3, ""y"": 34.8}, ""eventActionType"": ""pass"", ""isHome"": false, ""keypass"": false}",,
1218066,Anis Hadj Moussa,14028545,rating-breakdown,passes,passes,,,,Feyenoord,90.0,,75.8,27.3,78.9,32.2,,,,unresolvable,,,,False,False,pass,rating-breakdown,True,75.8,27.3,78.9,32.2,pass,False,False,"{""playerCoordinates"": {""x"": 75.8, ""y"": 27.3}, ""passEndCoordinates"": {""x"": 78.9, ""y"": 32.2}, ""eventActionType"": ""pass"", ""isHome"": false, ""keypass"": false}",,
1218066,Anis Hadj Moussa,14028545,rating-breakdown,passes,passes,,,,Feyenoord,90.0,,65.6,6.4,78.5,29.2,,,,unresolvable,,,,False,False,pass,rating-breakdown,True,65.6,6.4,78.5,29.2,pass,False,False,"{""playerCoordinates"": {""x"": 65.6, ""y"": 6.4}, ""passEndCoordinates"": {""x"": 78.5, ""y"": 29.2}, ""eventActionType"": ""pass"", ""isHome"": false, ""keypass"": false}",,
1218066,Anis Hadj Moussa,14028545,rating-breakdown,passes,passes,,,,Feyenoord,90.0,,79.1,7.5,84.3,15.1,,,,unresolvable,,,,False,False,pass,rating-breakdown,True,79.1,7.5,84.3,15.1,pass,False,False,"{""playerCoordinates"": {""x"": 79.1, ""y"": 7.5}, ""passEndCoordinates"": {""x"": 84.3, ""y"": 15.1}, ""eventActionType"": ""pass"", ""isHome"": false, ""keypass"": false}",,
1218066,Anis Hadj Moussa,14028545,rating-breakdown,passes,passes,,,,Feyenoord,90.0,,84.6,12.6,71.2,20.8,True,True,1,boolean_field,success,True,,False,False,pass,rating-breakdown,True,84.6,12.6,71.2,20.8,pass,False,False,"{""playerCoordinates"": {""x"": 84.6, ""y"": 12.6}, ""passEndCoordinates"": {""x"": 71.2, ""y"": 20.8}, ""eventActionType"": ""pass"", ""isHome"": false, ""outcome"": true, ""keypass"": false}",,
1218066,Anis Hadj Moussa,14028545,rating-breakdown,passes,passes,,,,Feyenoord,90.0,,80.6,33.9,93.5,12.1,True,True,1,boolean_field,success,True,,False,False,pass,rating-breakdown,True,80.6,33.9,93.5,12.1,pass,False,False,"{""playerCoordinates"": {""x"": 80.6, ""y"": 33.9}, ""passEndCoordinates"": {""x"": 93.5, ""y"": 12.1}, ""eventActionType"": ""pass"", ""isHome"": false, ""outcome"": true, ""keypass"": false}",,
1218066,Anis Hadj Moussa,14028545,rating-breakdown,passes,passes,,,,Feyenoord,90.0,,60.3,11.2,58.6,27.9,True,True,1,boolean_field,success,True,,False,False,pass,rating-breakdown,True,60.3,11.2,58.6,27.9,pass,False,False,"{""playerCoordinates"": {""x"": 60.3, ""y"": 11.2}, ""passEndCoordinates"": {""x"": 58.6, ""y"": 27.9}, ""eventActionType"": ""pass"", ""isHome"": false, ""outcome"": true, ""keypass"": false}",,
1218066,Anis Hadj Moussa,14028545,rating-breakdown,passes,passes,,,,Feyenoord,90.0,,26.3,10.3,22.8,15.1,True,True,1,boolean_field,success,True,,False,False,pass,rating-breakdown,True,26.3,10.3,22.8,15.1,pass,False,False,"{""playerCoordinates"": {""x"": 26.3, ""y"": 10.3}, ""passEndCoordinates"": {""x"": 22.8, ""y"": 15.1}, ""eventActionType"": ""pass"", ""isHome"": false, ""outcome"": true, ""keypass"": false}",,
1218066,Anis Hadj Moussa,14028545,rating-breakdown,passes,passes,,,,Feyenoord,90.0,,78.4,28.8,90.8,53.2,True,True,1,boolean_field,success,True,,False,True,key_pass,rating-breakdown,True,78.4,28.8,90.8,53.2,pass,False,True,"{""playerCoordinates"": {""x"": 78.4, ""y"": 28.8}, ""passEndCoordinates"": {""x"": 90.8, ""y"": 53.2}, ""eventActionType"": ""pass"", ""isHome"": false, ""outcome"": true, ""keypass"": true}",,
1218066,Anis Hadj Moussa,14028545,rating-breakdown,passes,passes,,,,Feyenoord,90.0,,87.7,15.3,78.1,26.7,True,True,1,boolean_field,success,True,,False,False,pass,rating-breakdown,True,87.7,15.3,78.1,26.7,pass,False,False,"{""playerCoordinates"": {""x"": 87.7, ""y"": 15.3}, ""passEndCoordinates"": {""x"": 78.1, ""y"": 26.7}, ""eventActionType"": ""pass"", ""isHome"": false, ""outcome"": true, ""keypass"": false}",,
1218066,Anis Hadj Moussa,14028545,rating-breakdown,passes,passes,,,,Feyenoord,90.0,,84.8,15.9,79.2,29.4,True,True,1,boolean_field,success,True,,False,False,pass,rating-breakdown,True,84.8,15.9,79.2,29.4,pass,False,False,"{""playerCoordinates"": {""x"": 84.8, ""y"": 15.9}, ""passEndCoordinates"": {""x"": 79.2, ""y"": 29.4}, ""eventActionType"": ""pass"", ""isHome"": false, ""outcome"": true, ""keypass"": false}",,
1218066,Anis Hadj Moussa,14028545,rating-breakdown,passes,passes,,,,Feyenoord,90.0,,87.7,17.4,95,27.6,True,True,1,boolean_field,success,True,,False,False,pass,rating-breakdown,True,87.7,17.4,95,27.6,pass,False,False,"{""playerCoordinates"": {""x"": 87.7, ""y"": 17.4}, ""passEndCoordinates"": {""x"": 95, ""y"": 27.6}, ""eventActionType"": ""pass"", ""isHome"": false, ""outcome"": true, ""keypass"": false}",,
1218066,Anis Hadj Moussa,14028545,rating-breakdown,passes,passes,,,,Feyenoord,90.0,,99.5,0.5,89.4,46.2,,,,unresolvable,,,,False,False,pass,rating-breakdown,True,99.5,0.5,89.4,46.2,cross,False,False,"{""playerCoordinates"": {""x"": 99.5, ""y"": 0.5}, ""passEndCoordinates"": {""x"": 89.4, ""y"": 46.2}, ""eventActionType"": ""cross"", ""isHome"": false, ""keypass"": false, ""isLongBall"": true}",True,
1218066,Anis Hadj Moussa,14028545,rating-breakdown,passes,passes,,,,Feyenoord,90.0,,92.1,25.9,91.4,28.9,,,,unresolvable,,,,False,False,pass,rating-breakdown,True,92.1,25.9,91.4,28.9,pass,False,False,"{""playerCoordinates"": {""x"": 92.1, ""y"": 25.9}, ""passEndCoordinates"": {""x"": 91.4, ""y"": 28.9}, ""eventActionType"": ""pass"", ""isHome"": false, ""keypass"": false}",,
1218066,Anis Hadj Moussa,14028545,rating-breakdown,passes,passes,,,,Feyenoord,90.0,,86.5,30.1,96.8,31.6,True,True,1,boolean_field,success,True,,False,False,pass,rating-breakdown,True,86.5,30.1,96.8,31.6,pass,False,False,"{""playerCoordinates"": {""x"": 86.5, ""y"": 30.1}, ""passEndCoordinates"": {""x"": 96.8, ""y"": 31.6}, ""eventActionType"": ""pass"", ""isHome"": false, ""outcome"": true, ""keypass"": false}",,
1218066,Anis Hadj Moussa,14028545,rating-breakdown,passes,passes,,,,Feyenoord,90.0,,60.9,16.3,63.9,42.3,True,True,1,boolean_field,success,True,,False,False,pass,rating-breakdown,True,60.9,16.3,63.9,42.3,pass,False,False,"{""playerCoordinates"": {""x"": 60.9, ""y"": 16.3}, ""passEndCoordinates"": {""x"": 63.9, ""y"": 42.3}, ""eventActionType"": ""pass"", ""isHome"": false, ""outcome"": true, ""keypass"": false}",,
1218066,Anis Hadj Moussa,14028545,rating-breakdown,passes,passes,,,,Feyenoord,90.0,,99.5,99.5,97.6,95.8,True,True,1,boolean_field,success,True,,False,False,pass,rating-breakdown,True,99.5,99.5,97.6,95.8,pass,False,False,"{""playerCoordinates"": {""x"": 99.5, ""y"": 99.5}, ""passEndCoordinates"": {""x"": 97.6, ""y"": 95.8}, ""eventActionType"": ""pass"", ""isHome"": false, ""outcome"": true, ""keypass"": false}",,
1218066,Anis Hadj Moussa,14028545,rating-breakdown,passes,passes,,,,Feyenoord,90.0,,89.3,29.2,84.7,37.2,True,True,1,boolean_field,success,True,,False,True,key_pass,rating-breakdown,True,89.3,29.2,84.7,37.2,pass,False,True,"{""playerCoordinates"": {""x"": 89.3, ""y"": 29.2}, ""passEndCoordinates"": {""x"": 84.7, ""y"": 37.2}, ""eventActionType"": ""pass"", ""isHome"": false, ""outcome"": true, ""keypass"": true}",,
1218066,Anis Hadj Moussa,14028545,rating-breakdown,passes,passes,,,,Feyenoord,90.0,,39.3,14.7,40.8,16.3,,,,unresolvable,,,,False,False,pass,rating-breakdown,True,39.3,14.7,40.8,16.3,pass,False,False,"{""playerCoordinates"": {""x"": 39.3, ""y"": 14.7}, ""passEndCoordinates"": {""x"": 40.8, ""y"": 16.3}, ""eventActionType"": ""pass"", ""isHome"": false, ""keypass"": false}",,
1218066,Anis Hadj Moussa,14028545,rating-breakdown,passes,passes,,,,Feyenoord,90.0,,25.2,30.5,33.8,42.1,True,True,1,boolean_field,success,True,,False,False,pass,rating-breakdown,True,25.2,30.5,33.8,42.1,pass,False,False,"{""playerCoordinates"": {""x"": 25.2, ""y"": 30.5}, ""passEndCoordinates"": {""x"": 33.8, ""y"": 42.1}, ""eventActionType"": ""pass"", ""isHome"": false, ""outcome"": true, ""keypass"": false}",,
1218066,Anis Hadj Moussa,14028545,rating-breakdown,ball-carries,ball-carries,,,,Feyenoord,90.0,,60.3,4.6,65,6,,,,unresolvable,,,,False,False,,rating-breakdown,True,60.3,4.6,65,6,ball-carry,False,,"{""playerCoordinates"": {""x"": 60.3, ""y"": 4.6}, ""passEndCoordinates"": {""x"": 65, ""y"": 6}, ""eventActionType"": ""ball-carry"", ""isHome"": false}",,
1218066,Anis Hadj Moussa,14028545,rating-breakdown,ball-carries,ball-carries,,,,Feyenoord,90.0,,75,4.8,82.1,20.2,,,,unresolvable,,,,False,False,,rating-breakdown,True,75,4.8,82.1,20.2,ball-carry,False,,"{""playerCoordinates"": {""x"": 75, ""y"": 4.8}, ""passEndCoordinates"": {""x"": 82.1, ""y"": 20.2}, ""eventActionType"": ""ball-carry"", ""isHome"": false}",,
1218066,Anis Hadj Moussa,14028545,rating-breakdown,ball-carries,ball-carries,,,,Feyenoord,90.0,,86.1,23.5,90.7,30.1,,,,unresolvable,,,,False,False,,rating-breakdown,True,86.1,23.5,90.7,30.1,ball-carry,False,,"{""playerCoordinates"": {""x"": 86.1, ""y"": 23.5}, ""passEndCoordinates"": {""x"": 90.7, ""y"": 30.1}, ""eventActionType"": ""ball-carry"", ""isHome"": false}",,
1218066,Anis Hadj Moussa,14028545,rating-breakdown,ball-carries,ball-carries,,,,Feyenoord,90.0,,83.9,6.9,80.8,6.7,,,,unresolvable,,,,False,False,,rating-breakdown,True,83.9,6.9,80.8,6.7,ball-carry,False,,"{""playerCoordinates"": {""x"": 83.9, ""y"": 6.9}, ""passEndCoordinates"": {""x"": 80.8, ""y"": 6.7}, ""eventActionType"": ""ball-carry"", ""isHome"": false}",,
1218066,Anis Hadj Moussa,14028545,rating-breakdown,ball-carries,ball-carries,,,,Feyenoord,90.0,,71.8,3.7,85.1,9.3,,,,unresolvable,,,,False,False,,rating-breakdown,True,71.8,3.7,85.1,9.3,ball-carry,False,,"{""playerCoordinates"": {""x"": 71.8, ""y"": 3.7}, ""passEndCoordinates"": {""x"": 85.1, ""y"": 9.3}, ""eventActionType"": ""ball-carry"", ""isHome"": false}",,
1218066,Anis Hadj Moussa,14028545,rating-breakdown,ball-carries,ball-carries,,,,Feyenoord,90.0,,79.5,12,87.9,14.2,,,,unresolvable,,,,False,False,,rating-breakdown,True,79.5,12,87.9,14.2,ball-carry,False,,"{""playerCoordinates"": {""x"": 79.5, ""y"": 12}, ""passEndCoordinates"": {""x"": 87.9, ""y"": 14.2}, ""eventActionType"": ""ball-carry"", ""isHome"": false}",,
1218066,Anis Hadj Moussa,14028545,rating-breakdown,ball-carries,ball-carries,,,,Feyenoord,90.0,,79.5,3.4,86.4,17.2,,,,unresolvable,,,,False,False,,rating-breakdown,True,79.5,3.4,86.4,17.2,ball-carry,False,,"{""playerCoordinates"": {""x"": 79.5, ""y"": 3.4}, ""passEndCoordinates"": {""x"": 86.4, ""y"": 17.2}, ""eventActionType"": ""ball-carry"", ""isHome"": false}",,
1218066,Anis Hadj Moussa,14028545,rating-breakdown,ball-carries,ball-carries,,,,Feyenoord,90.0,,36.5,3.3,54,4.9,,,,unresolvable,,,,False,False,,rating-breakdown,True,36.5,3.3,54,4.9,ball-carry,False,,"{""playerCoordinates"": {""x"": 36.5, ""y"": 3.3}, ""passEndCoordinates"": {""x"": 54, ""y"": 4.9}, ""eventActionType"": ""ball-carry"", ""isHome"": false}",,
1218066,Anis Hadj Moussa,14028545,rating-breakdown,ball-carries,ball-carries,,,,Feyenoord,90.0,,11.7,16.3,17.4,1.9,,,,unresolvable,,,,False,False,,rating-breakdown,True,11.7,16.3,17.4,1.9,ball-carry,False,,"{""playerCoordinates"": {""x"": 11.7, ""y"": 16.3}, ""passEndCoordinates"": {""x"": 17.4, ""y"": 1.9}, ""eventActionType"": ""ball-carry"", ""isHome"": false}",,
1218066,Anis Hadj Moussa,14028545,rating-breakdown,ball-carries,ball-carries,,,,Feyenoord,90.0,,83.8,23.8,79.8,27.6,,,,unresolvable,,,,False,False,,rating-breakdown,True,83.8,23.8,79.8,27.6,ball-carry,False,,"{""playerCoordinates"": {""x"": 83.8, ""y"": 23.8}, ""passEndCoordinates"": {""x"": 79.8, ""y"": 27.6}, ""eventActionType"": ""ball-carry"", ""isHome"": false}",,
1218066,Anis Hadj Moussa,14028545,rating-breakdown,ball-carries,ball-carries,,,,Feyenoord,90.0,,77.7,4.8,76.2,10.6,,,,unresolvable,,,,False,False,,rating-breakdown,True,77.7,4.8,76.2,10.6,ball-carry,False,,"{""playerCoordinates"": {""x"": 77.7, ""y"": 4.8}, ""passEndCoordinates"": {""x"": 76.2, ""y"": 10.6}, ""eventActionType"": ""ball-carry"", ""isHome"": false}",,
1218066,Anis Hadj Moussa,14028545,rating-breakdown,ball-carries,ball-carries,,,,Feyenoord,90.0,,83.6,15.7,93.3,20.1,,,,unresolvable,,,,False,False,,rating-breakdown,True,83.6,15.7,93.3,20.1,ball-carry,False,,"{""playerCoordinates"": {""x"": 83.6, ""y"": 15.7}, ""passEndCoordinates"": {""x"": 93.3, ""y"": 20.1}, ""eventActionType"": ""ball-carry"", ""isHome"": false}",,
1218066,Anis Hadj Moussa,14028545,rating-breakdown,ball-carries,ball-carries,,,,Feyenoord,90.0,,58.5,3.7,60.3,11.2,,,,unresolvable,,,,False,False,,rating-breakdown,True,58.5,3.7,60.3,11.2,ball-carry,False,,"{""playerCoordinates"": {""x"": 58.5, ""y"": 3.7}, ""passEndCoordinates"": {""x"": 60.3, ""y"": 11.2}, ""eventActionType"": ""ball-carry"", ""isHome"": false}",,
1218066,Anis Hadj Moussa,14028545,rating-breakdown,ball-carries,ball-carries,,,,Feyenoord,90.0,,83.9,6.4,87.7,15.3,,,,unresolvable,,,,False,False,,rating-breakdown,True,83.9,6.4,87.7,15.3,ball-carry,False,,"{""playerCoordinates"": {""x"": 83.9, ""y"": 6.4}, ""passEndCoordinates"": {""x"": 87.7, ""y"": 15.3}, ""eventActionType"": ""ball-carry"", ""isHome"": false}",,
1218066,Anis Hadj Moussa,14028545,rating-breakdown,ball-carries,ball-carries,,,,Feyenoord,90.0,,91.3,19.2,92.1,25.9,,,,unresolvable,,,,False,False,,rating-breakdown,True,91.3,19.2,92.1,25.9,ball-carry,False,,"{""playerCoordinates"": {""x"": 91.3, ""y"": 19.2}, ""passEndCoordinates"": {""x"": 92.1, ""y"": 25.9}, ""eventActionType"": ""ball-carry"", ""isHome"": false}",,
1218066,Anis Hadj Moussa,14028545,rating-breakdown,ball-carries,ball-carries,,,,Feyenoord,90.0,,93.4,33.9,89.3,29.2,,,,unresolvable,,,,False,False,,rating-breakdown,True,93.4,33.9,89.3,29.2,ball-carry,False,,"{""playerCoordinates"": {""x"": 93.4, ""y"": 33.9}, ""passEndCoordinates"": {""x"": 89.3, ""y"": 29.2}, ""eventActionType"": ""ball-carry"", ""isHome"": false}",,
1218066,Anis Hadj Moussa,14028545,rating-breakdown,ball-carries,ball-carries,,,,Feyenoord,90.0,,29.7,30.1,24.5,29.5,,,,unresolvable,,,,False,False,,rating-breakdown,True,29.7,30.1,24.5,29.5,ball-carry,False,,"{""playerCoordinates"": {""x"": 29.7, ""y"": 30.1}, ""passEndCoordinates"": {""x"": 24.5, ""y"": 29.5}, ""eventActionType"": ""ball-carry"", ""isHome"": false}",,
1218066,Anis Hadj Moussa,14028545,rating-breakdown,dribbles,dribbles,,,,Feyenoord,90.0,,83.5,3.6,,,,,,unresolvable,,,,False,False,,rating-breakdown,True,83.5,3.6,,,dribble,False,False,"{""playerCoordinates"": {""x"": 83.5, ""y"": 3.6}, ""eventActionType"": ""dribble"", ""isHome"": false, ""keypass"": false}",,
1218066,Anis Hadj Moussa,14028545,rating-breakdown,defensive,defensive,,,,Feyenoord,90.0,,36.5,3.3,,,True,True,1,boolean_field,success,,True,False,False,,rating-breakdown,True,36.5,3.3,,,ball-recovery,False,False,"{""playerCoordinates"": {""x"": 36.5, ""y"": 3.3}, ""eventActionType"": ""ball-recovery"", ""isHome"": false, ""outcome"": true, ""keypass"": false}",,
1218066,Anis Hadj Moussa,14028545,rating-breakdown,defensive,defensive,,,,Feyenoord,90.0,,11.7,16.3,,,True,True,1,boolean_field,success,,True,False,False,,rating-breakdown,True,11.7,16.3,,,ball-recovery,False,False,"{""playerCoordinates"": {""x"": 11.7, ""y"": 16.3}, ""eventActionType"": ""ball-recovery"", ""isHome"": false, ""outcome"": true, ""keypass"": false}",,
1218066,Anis Hadj Moussa,14028545,rating-breakdown,defensive,defensive,,,,Feyenoord,90.0,,69.1,10.3,,,True,True,1,boolean_field,success,,True,False,False,,rating-breakdown,True,69.1,10.3,,,ball-recovery,False,False,"{""playerCoordinates"": {""x"": 69.1, ""y"": 10.3}, ""eventActionType"": ""ball-recovery"", ""isHome"": false, ""outcome"": true, ""keypass"": false}",,
1218066,Anis Hadj Moussa,14028558,rating-breakdown,passes,passes,,,,Feyenoord,90.0,,47.6,20.6,20.6,12.1,True,True,1,boolean_field,success,True,,False,False,pass,rating-breakdown,True,47.6,20.6,20.6,12.1,pass,True,False,"{""playerCoordinates"": {""x"": 47.6, ""y"": 20.6}, ""passEndCoordinates"": {""x"": 20.6, ""y"": 12.1}, ""eventActionType"": ""pass"", ""isHome"": true, ""outcome"": true, ""keypass"": false}",,
1218066,Anis Hadj Moussa,14028558,rating-breakdown,passes,passes,,,,Feyenoord,90.0,,99.5,0.5,99.6,99.6,,,,unresolvable,,,,False,False,pass,rating-breakdown,True,99.5,0.5,99.6,99.6,cross,True,False,"{""playerCoordinates"": {""x"": 99.5, ""y"": 0.5}, ""passEndCoordinates"": {""x"": 99.6, ""y"": 99.6}, ""eventActionType"": ""cross"", ""isHome"": true, ""keypass"": false, ""isLongBall"": true}",True,
1218066,Anis Hadj Moussa,14028558,rating-breakdown,passes,passes,,,,Feyenoord,90.0,,68.1,8.6,56.1,19.1,True,True,1,boolean_field,success,True,,False,False,pass,rating-breakdown,True,68.1,8.6,56.1,19.1,pass,True,False,"{""playerCoordinates"": {""x"": 68.1, ""y"": 8.6}, ""passEndCoordinates"": {""x"": 56.1, ""y"": 19.1}, ""eventActionType"": ""pass"", ""isHome"": true, ""outcome"": true, ""keypass"": false}",,
1218066,Anis Hadj Moussa,14028558,rating-breakdown,passes,passes,,,,Feyenoord,90.0,,85.7,11.6,93.6,33.2,True,True,1,boolean_field,success,True,,False,False,pass,rating-breakdown,True,85.7,11.6,93.6,33.2,pass,True,False,"{""playerCoordinates"": {""x"": 85.7, ""y"": 11.6}, ""passEndCoordinates"": {""x"": 93.6, ""y"": 33.2}, ""eventActionType"": ""pass"", ""isHome"": true, ""outcome"": true, ""keypass"": false}",,
1218066,Anis Hadj Moussa,14028558,rating-breakdown,passes,passes,,,,Feyenoord,90.0,,99.5,0.5,97,49.1,,,,unresolvable,,,,False,False,pass,rating-breakdown,True,99.5,0.5,97,49.1,cross,True,False,"{""playerCoordinates"": {""x"": 99.5, ""y"": 0.5}, ""passEndCoordinates"": {""x"": 97, ""y"": 49.1}, ""eventActionType"": ""cross"", ""isHome"": true, ""keypass"": false, ""isLongBall"": true}",True,
1218066,Anis Hadj Moussa,14028558,rating-breakdown,passes,passes,,,,Feyenoord,90.0,,99.5,99.5,89.5,61.7,,,,unresolvable,,,,False,False,pass,rating-breakdown,True,99.5,99.5,89.5,61.7,cross,True,False,"{""playerCoordinates"": {""x"": 99.5, ""y"": 99.5}, ""passEndCoordinates"": {""x"": 89.5, ""y"": 61.7}, ""eventActionType"": ""cross"", ""isHome"": true, ""keypass"": false}",,
1218066,Anis Hadj Moussa,14028558,rating-breakdown,passes,passes,,,,Feyenoord,90.0,,75.4,14.7,100,65,,,,unresolvable,,,,False,False,pass,rating-breakdown,True,75.4,14.7,100,65,cross,True,False,"{""playerCoordinates"": {""x"": 75.4, ""y"": 14.7}, ""passEndCoordinates"": {""x"": 100, ""y"": 65}, ""eventActionType"": ""cross"", ""isHome"": true, ""keypass"": false, ""isLongBall"": true}",True,
1218066,Anis Hadj Moussa,14028558,rating-breakdown,passes,passes,,,,Feyenoord,90.0,,99.5,99.5,93.5,57.7,,,,unresolvable,,,,False,False,pass,rating-breakdown,True,99.5,99.5,93.5,57.7,cross,True,False,"{""playerCoordinates"": {""x"": 99.5, ""y"": 99.5}, ""passEndCoordinates"": {""x"": 93.5, ""y"": 57.7}, ""eventActionType"": ""cross"", ""isHome"": true, ""keypass"": false}",,
1218066,Anis Hadj Moussa,14028558,rating-breakdown,passes,passes,,,,Feyenoord,90.0,,99.1,70.3,97.9,68,,,,unresolvable,,,,False,False,pass,rating-breakdown,True,99.1,70.3,97.9,68,pass,True,False,"{""playerCoordinates"": {""x"": 99.1, ""y"": 70.3}, ""passEndCoordinates"": {""x"": 97.9, ""y"": 68}, ""eventActionType"": ""pass"", ""isHome"": true, ""keypass"": false}",,
1218066,Anis Hadj Moussa,14028558,rating-breakdown,passes,passes,,,,Feyenoord,90.0,,99.5,99.5,92.4,60.1,True,True,1,boolean_field,success,True,,False,True,key_pass,rating-breakdown,True,99.5,99.5,92.4,60.1,cross,True,True,"{""playerCoordinates"": {""x"": 99.5, ""y"": 99.5}, ""passEndCoordinates"": {""x"": 92.4, ""y"": 60.1}, ""eventActionType"": ""cross"", ""isHome"": true, ""outcome"": true, ""keypass"": true}",,
1218066,Anis Hadj Moussa,14028558,rating-breakdown,passes,passes,,,,Feyenoord,90.0,,99.5,99.5,94.6,59.4,,,,unresolvable,,,,False,False,pass,rating-breakdown,True,99.5,99.5,94.6,59.4,cross,True,False,"{""playerCoordinates"": {""x"": 99.5, ""y"": 99.5}, ""passEndCoordinates"": {""x"": 94.6, ""y"": 59.4}, ""eventActionType"": ""cross"", ""isHome"": true, ""keypass"": false}",,
1218066,Anis Hadj Moussa,14028558,rating-breakdown,passes,passes,,,,Feyenoord,90.0,,89.3,93.1,87.7,56.7,True,True,1,boolean_field,success,True,,False,False,pass,rating-breakdown,True,89.3,93.1,87.7,56.7,cross,True,False,"{""playerCoordinates"": {""x"": 89.3, ""y"": 93.1}, ""passEndCoordinates"": {""x"": 87.7, ""y"": 56.7}, ""eventActionType"": ""cross"", ""isHome"": true, ""outcome"": true, ""keypass"": false}",,
1218066,Anis Hadj Moussa,14028558,rating-breakdown,passes,passes,,,,Feyenoord,90.0,,28.3,13.2,66.4,100,,,,unresolvable,,,,False,False,pass,rating-breakdown,True,28.3,13.2,66.4,100,pass,True,False,"{""playerCoordinates"": {""x"": 28.3, ""y"": 13.2}, ""passEndCoordinates"": {""x"": 66.4, ""y"": 100}, ""eventActionType"": ""pass"", ""isHome"": true, ""keypass"": false, ""isLongBall"": true}",True,
1218066,Anis Hadj Moussa,14028558,rating-breakdown,passes,passes,,,,Feyenoord,90.0,,9.2,18.1,37.7,36,,,,unresolvable,,,,False,False,pass,rating-breakdown,True,9.2,18.1,37.7,36,pass,True,False,"{""playerCoordinates"": {""x"": 9.2, ""y"": 18.1}, ""passEndCoordinates"": {""x"": 37.7, ""y"": 36}, ""eventActionType"": ""pass"", ""isHome"": true, ""keypass"": false, ""isLongBall"": true}",True,
1218066,Anis Hadj Moussa,14028558,rating-breakdown,passes,passes,,,,Feyenoord,90.0,,92.7,32.2,86,40.9,True,True,1,boolean_field,success,True,,False,False,pass,rating-breakdown,True,92.7,32.2,86,40.9,pass,True,False,"{""playerCoordinates"": {""x"": 92.7, ""y"": 32.2}, ""passEndCoordinates"": {""x"": 86, ""y"": 40.9}, ""eventActionType"": ""pass"", ""isHome"": true, ""outcome"": true, ""keypass"": false}",,
1218066,Anis Hadj Moussa,14028558,rating-breakdown,passes,passes,,,,Feyenoord,90.0,,84.5,25.8,88.5,63,,,,unresolvable,,,,False,False,pass,rating-breakdown,True,84.5,25.8,88.5,63,cross,True,False,"{""playerCoordinates"": {""x"": 84.5, ""y"": 25.8}, ""passEndCoordinates"": {""x"": 88.5, ""y"": 63}, ""eventActionType"": ""cross"", ""isHome"": true, ""keypass"": false}",,
1218066,Anis Hadj Moussa,14028558,rating-breakdown,passes,passes,,,,Feyenoord,90.0,,96.4,25.9,92.1,58.3,,,,unresolvable,,,,False,False,pass,rating-breakdown,True,96.4,25.9,92.1,58.3,cross,True,False,"{""playerCoordinates"": {""x"": 96.4, ""y"": 25.9}, ""passEndCoordinates"": {""x"": 92.1, ""y"": 58.3}, ""eventActionType"": ""cross"", ""isHome"": true, ""keypass"": false}",,
1218066,Anis Hadj Moussa,14028558,rating-breakdown,passes,passes,,,,Feyenoord,90.0,,44.3,31,63.4,18.6,True,True,1,boolean_field,success,True,,False,False,pass,rating-breakdown,True,44.3,31,63.4,18.6,pass,True,False,"{""playerCoordinates"": {""x"": 44.3, ""y"": 31}, ""passEndCoordinates"": {""x"": 63.4, ""y"": 18.6}, ""eventActionType"": ""pass"", ""isHome"": true, ""outcome"": true, ""keypass"": false}",,
1218066,Anis Hadj Moussa,14028558,rating-breakdown,passes,passes,,,,Feyenoord,90.0,,68.1,23.1,85,54.2,True,True,1,boolean_field,success,True,,False,False,pass,rating-breakdown,True,68.1,23.1,85,54.2,pass,True,False,"{""playerCoordinates"": {""x"": 68.1, ""y"": 23.1}, ""passEndCoordinates"": {""x"": 85, ""y"": 54.2}, ""eventActionType"": ""pass"", ""isHome"": true, ""outcome"": true, ""keypass"": false}",,
1218066,Anis Hadj Moussa,14028558,rating-breakdown,passes,passes,,,,Feyenoord,90.0,,72.4,26.7,77,29.5,,,,unresolvable,,,,False,False,pass,rating-breakdown,True,72.4,26.7,77,29.5,pass,True,False,"{""playerCoordinates"": {""x"": 72.4, ""y"": 26.7}, ""passEndCoordinates"": {""x"": 77, ""y"": 29.5}, ""eventActionType"": ""pass"", ""isHome"": true, ""keypass"": false}",,
1218066,Anis Hadj Moussa,14028558,rating-breakdown,passes,passes,,,,Feyenoord,90.0,,99.6,0.3,91.9,53.1,,,,unresolvable,,,,False,False,pass,rating-breakdown,True,99.6,0.3,91.9,53.1,cross,True,False,"{""playerCoordinates"": {""x"": 99.6, ""y"": 0.3}, ""passEndCoordinates"": {""x"": 91.9, ""y"": 53.1}, ""eventActionType"": ""cross"", ""isHome"": true, ""keypass"": false, ""isLongBall"": true}",True,
1218066,Anis Hadj Moussa,14028558,rating-breakdown,passes,passes,,,,Feyenoord,90.0,,73.7,73.8,100,17.4,,,,unresolvable,,,,False,False,pass,rating-breakdown,True,73.7,73.8,100,17.4,cross,True,False,"{""playerCoordinates"": {""x"": 73.7, ""y"": 73.8}, ""passEndCoordinates"": {""x"": 100, ""y"": 17.4}, ""eventActionType"": ""cross"", ""isHome"": true, ""keypass"": false, ""isLongBall"": true}",True,
1218066,Anis Hadj Moussa,14028558,rating-breakdown,passes,passes,,,,Feyenoord,90.0,,77.2,32.8,86.9,51.3,,,,unresolvable,,,,False,False,pass,rating-breakdown,True,77.2,32.8,86.9,51.3,pass,True,False,"{""playerCoordinates"": {""x"": 77.2, ""y"": 32.8}, ""passEndCoordinates"": {""x"": 86.9, ""y"": 51.3}, ""eventActionType"": ""pass"", ""isHome"": true, ""keypass"": false}",,
1218066,Anis Hadj Moussa,14028558,rating-breakdown,passes,passes,,,,Feyenoord,90.0,,98.1,23.8,84.6,23.5,,,,unresolvable,,,,False,False,pass,rating-breakdown,True,98.1,23.8,84.6,23.5,pass,True,False,"{""playerCoordinates"": {""x"": 98.1, ""y"": 23.8}, ""passEndCoordinates"": {""x"": 84.6, ""y"": 23.5}, ""eventActionType"": ""pass"", ""isHome"": true, ""keypass"": false}",,
1218066,Anis Hadj Moussa,14028558,rating-breakdown,passes,passes,,,,Feyenoord,90.0,,51.3,4.8,79.3,23.2,,,,unresolvable,,,,False,False,pass,rating-breakdown,True,51.3,4.8,79.3,23.2,pass,True,False,"{""playerCoordinates"": {""x"": 51.3, ""y"": 4.8}, ""passEndCoordinates"": {""x"": 79.3, ""y"": 23.2}, ""eventActionType"": ""pass"", ""isHome"": true, ""keypass"": false}",,
1218066,Anis Hadj Moussa,14028558,rating-breakdown,passes,passes,,,,Feyenoord,90.0,,60.3,10.6,46.8,22.3,True,True,1,boolean_field,success,True,,False,False,pass,rating-breakdown,True,60.3,10.6,46.8,22.3,pass,True,False,"{""playerCoordinates"": {""x"": 60.3, ""y"": 10.6}, ""passEndCoordinates"": {""x"": 46.8, ""y"": 22.3}, ""eventActionType"": ""pass"", ""isHome"": true, ""outcome"": true, ""keypass"": false}",,
1218066,Anis Hadj Moussa,14028558,rating-breakdown,passes,passes,,,,Feyenoord,90.0,,92.9,25.6,85,65.8,True,True,1,boolean_field,success,True,,False,True,key_pass,rating-breakdown,True,92.9,25.6,85,65.8,pass,True,True,"{""playerCoordinates"": {""x"": 92.9, ""y"": 25.6}, ""passEndCoordinates"": {""x"": 85, ""y"": 65.8}, ""eventActionType"": ""pass"", ""isHome"": true, ""outcome"": true, ""keypass"": true}",,
1218066,Anis Hadj Moussa,14028558,rating-breakdown,passes,passes,,,,Feyenoord,90.0,,69.2,30,90.7,35.5,,,,unresolvable,,,,False,False,pass,rating-breakdown,True,69.2,30,90.7,35.5,pass,True,False,"{""playerCoordinates"": {""x"": 69.2, ""y"": 30}, ""passEndCoordinates"": {""x"": 90.7, ""y"": 35.5}, ""eventActionType"": ""pass"", ""isHome"": true, ""keypass"": false}",,
1218066,Anis Hadj Moussa,14028558,rating-breakdown,ball-carries,ball-carries,,,,Feyenoord,90.0,,73.8,5.1,75.4,14.7,,,,unresolvable,,,,False,False,,rating-breakdown,True,73.8,5.1,75.4,14.7,ball-carry,True,,"{""playerCoordinates"": {""x"": 73.8, ""y"": 5.1}, ""passEndCoordinates"": {""x"": 75.4, ""y"": 14.7}, ""eventActionType"": ""ball-carry"", ""isHome"": true}",,
1218066,Anis Hadj Moussa,14028558,rating-breakdown,ball-carries,ball-carries,,,,Feyenoord,90.0,,76.4,36.8,78.4,43.2,,,,unresolvable,,,,False,False,,rating-breakdown,True,76.4,36.8,78.4,43.2,ball-carry,True,,"{""playerCoordinates"": {""x"": 76.4, ""y"": 36.8}, ""passEndCoordinates"": {""x"": 78.4, ""y"": 43.2}, ""eventActionType"": ""ball-carry"", ""isHome"": true}",,
1218066,Anis Hadj Moussa,14028558,rating-breakdown,ball-carries,ball-carries,,,,Feyenoord,90.0,,88.9,94.1,98,69.4,,,,unresolvable,,,,False,False,,rating-breakdown,True,88.9,94.1,98,69.4,ball-carry,True,,"{""playerCoordinates"": {""x"": 88.9, ""y"": 94.1}, ""passEndCoordinates"": {""x"": 98, ""y"": 69.4}, ""eventActionType"": ""ball-carry"", ""isHome"": true}",,
1218066,Anis Hadj Moussa,14028558,rating-breakdown,ball-carries,ball-carries,,,,Feyenoord,90.0,,25.1,5.7,28.3,13.2,,,,unresolvable,,,,False,False,,rating-breakdown,True,25.1,5.7,28.3,13.2,ball-carry,True,,"{""playerCoordinates"": {""x"": 25.1, ""y"": 5.7}, ""passEndCoordinates"": {""x"": 28.3, ""y"": 13.2}, ""eventActionType"": ""ball-carry"", ""isHome"": true}",,
1218066,Anis Hadj Moussa,14028558,rating-breakdown,ball-carries,ball-carries,,,,Feyenoord,90.0,,84.7,12.4,84.5,25.8,,,,unresolvable,,,,False,False,,rating-breakdown,True,84.7,12.4,84.5,25.8,ball-carry,True,,"{""playerCoordinates"": {""x"": 84.7, ""y"": 12.4}, ""passEndCoordinates"": {""x"": 84.5, ""y"": 25.8}, ""eventActionType"": ""ball-carry"", ""isHome"": true}",,
1218066,Anis Hadj Moussa,14028558,rating-breakdown,ball-carries,ball-carries,,,,Feyenoord,90.0,,78,8.5,96.4,25.9,,,,unresolvable,,,,False,False,,rating-breakdown,True,78,8.5,96.4,25.9,ball-carry,True,,"{""playerCoordinates"": {""x"": 78, ""y"": 8.5}, ""passEndCoordinates"": {""x"": 96.4, ""y"": 25.9}, ""eventActionType"": ""ball-carry"", ""isHome"": true}",,
1218066,Anis Hadj Moussa,14028558,rating-breakdown,ball-carries,ball-carries,,,,Feyenoord,90.0,,35.8,4.6,44.3,31,,,,unresolvable,,,,False,False,,rating-breakdown,True,35.8,4.6,44.3,31,ball-carry,True,,"{""playerCoordinates"": {""x"": 35.8, ""y"": 4.6}, ""passEndCoordinates"": {""x"": 44.3, ""y"": 31}, ""eventActionType"": ""ball-carry"", ""isHome"": true}",,
1218066,Anis Hadj Moussa,14028558,rating-breakdown,ball-carries,ball-carries,,,,Feyenoord,90.0,,68.9,9,67.2,16.3,,,,unresolvable,,,,False,False,,rating-breakdown,True,68.9,9,67.2,16.3,ball-carry,True,,"{""playerCoordinates"": {""x"": 68.9, ""y"": 9}, ""passEndCoordinates"": {""x"": 67.2, ""y"": 16.3}, ""eventActionType"": ""ball-carry"", ""isHome"": true}",,
1218066,Anis Hadj Moussa,14028558,rating-breakdown,ball-carries,ball-carries,,,,Feyenoord,90.0,,70.4,26.4,77.2,32.8,,,,unresolvable,,,,False,False,,rating-breakdown,True,70.4,26.4,77.2,32.8,ball-carry,True,,"{""playerCoordinates"": {""x"": 70.4, ""y"": 26.4}, ""passEndCoordinates"": {""x"": 77.2, ""y"": 32.8}, ""eventActionType"": ""ball-carry"", ""isHome"": true}",,
1218066,Anis Hadj Moussa,14028558,rating-breakdown,ball-carries,ball-carries,,,,Feyenoord,90.0,,72.2,32.2,89.4,41.7,,,,unresolvable,,,,False,False,,rating-breakdown,True,72.2,32.2,89.4,41.7,ball-carry,True,,"{""playerCoordinates"": {""x"": 72.2, ""y"": 32.2}, ""passEndCoordinates"": {""x"": 89.4, ""y"": 41.7}, ""eventActionType"": ""ball-carry"", ""isHome"": true}",,
1218066,Anis Hadj Moussa,14028558,rating-breakdown,ball-carries,ball-carries,,,,Feyenoord,90.0,,77,11.5,94.2,29.8,,,,unresolvable,,,,False,False,,rating-breakdown,True,77,11.5,94.2,29.8,ball-carry,True,,"{""playerCoordinates"": {""x"": 77, ""y"": 11.5}, ""passEndCoordinates"": {""x"": 94.2, ""y"": 29.8}, ""eventActionType"": ""ball-carry"", ""isHome"": true}",,
1218066,Anis Hadj Moussa,14028558,rating-breakdown,ball-carries,ball-carries,,,,Feyenoord,90.0,,97,26.2,92.9,25.6,,,,unresolvable,,,,False,False,,rating-breakdown,True,97,26.2,92.9,25.6,ball-carry,True,,"{""playerCoordinates"": {""x"": 97, ""y"": 26.2}, ""passEndCoordinates"": {""x"": 92.9, ""y"": 25.6}, ""eventActionType"": ""ball-carry"", ""isHome"": true}",,
1218066,Anis Hadj Moussa,14028558,rating-breakdown,ball-carries,ball-carries,,,,Feyenoord,90.0,,68.8,10.2,69.2,30,,,,unresolvable,,,,False,False,,rating-breakdown,True,68.8,10.2,69.2,30,ball-carry,True,,"{""playerCoordinates"": {""x"": 68.8, ""y"": 10.2}, ""passEndCoordinates"": {""x"": 69.2, ""y"": 30}, ""eventActionType"": ""ball-carry"", ""isHome"": true}",,
1218066,Anis Hadj Moussa,14028558,rating-breakdown,dribbles,dribbles,,,,Feyenoord,90.0,,78.5,43.5,,,,,,unresolvable,,,,False,False,,rating-breakdown,True,78.5,43.5,,,dribble,True,False,"{""playerCoordinates"": {""x"": 78.5, ""y"": 43.5}, ""eventActionType"": ""dribble"", ""isHome"": true, ""keypass"": false}",,
1218066,Anis Hadj Moussa,14028558,rating-breakdown,dribbles,dribbles,,,,Feyenoord,90.0,,95.6,71.6,,,True,True,1,boolean_field,success,,True,False,False,,rating-breakdown,True,95.6,71.6,,,dribble,True,False,"{""playerCoordinates"": {""x"": 95.6, ""y"": 71.6}, ""eventActionType"": ""dribble"", ""isHome"": true, ""outcome"": true, ""keypass"": false}",,
1218066,Anis Hadj Moussa,14028558,rating-breakdown,dribbles,dribbles,,,,Feyenoord,90.0,,67.7,16,,,True,True,1,boolean_field,success,,True,False,False,,rating-breakdown,True,67.7,16,,,dribble,True,False,"{""playerCoordinates"": {""x"": 67.7, ""y"": 16}, ""eventActionType"": ""dribble"", ""isHome"": true, ""outcome"": true, ""keypass"": false}",,
1218066,Anis Hadj Moussa,14028558,rating-breakdown,dribbles,dribbles,,,,Feyenoord,90.0,,93.9,29.2,,,,,,unresolvable,,,,False,False,,rating-breakdown,True,93.9,29.2,,,dribble,True,False,"{""playerCoordinates"": {""x"": 93.9, ""y"": 29.2}, ""eventActionType"": ""dribble"", ""isHome"": true, ""keypass"": false}",,
1218066,Anis Hadj Moussa,14028558,rating-breakdown,dribbles,dribbles,,,,Feyenoord,90.0,,44,5.3,,,,,,unresolvable,,,,False,False,,rating-breakdown,True,44,5.3,,,dribble,True,False,"{""playerCoordinates"": {""x"": 44, ""y"": 5.3}, ""eventActionType"": ""dribble"", ""isHome"": true, ""keypass"": false}",,
1218066,Anis Hadj Moussa,14028558,rating-breakdown,defensive,defensive,,,,Feyenoord,90.0,,25.1,5.7,,,True,True,1,boolean_field,success,,True,False,False,,rating-breakdown,True,25.1,5.7,,,ball-recovery,True,False,"{""playerCoordinates"": {""x"": 25.1, ""y"": 5.7}, ""eventActionType"": ""ball-recovery"", ""isHome"": true, ""outcome"": true, ""keypass"": false}",,
1218066,Anis Hadj Moussa,14028558,rating-breakdown,defensive,defensive,,,,Feyenoord,90.0,,8.4,20.1,,,True,True,1,boolean_field,success,,True,False,False,,rating-breakdown,True,8.4,20.1,,,ball-recovery,True,False,"{""playerCoordinates"": {""x"": 8.4, ""y"": 20.1}, ""eventActionType"": ""ball-recovery"", ""isHome"": true, ""outcome"": true, ""keypass"": false}",,
1218066,Anis Hadj Moussa,14028558,rating-breakdown,defensive,defensive,,,,Feyenoord,90.0,,68.9,9,,,True,True,1,boolean_field,success,,True,False,False,,rating-breakdown,True,68.9,9,,,ball-recovery,True,False,"{""playerCoordinates"": {""x"": 68.9, ""y"": 9}, ""eventActionType"": ""ball-recovery"", ""isHome"": true, ""outcome"": true, ""keypass"": false}",,
1218066,Anis Hadj Moussa,14028529,rating-breakdown,passes,passes,,,,Feyenoord,90.0,,70.2,3.8,63.2,26.4,True,True,1,boolean_field,success,True,,False,False,pass,rating-breakdown,True,70.2,3.8,63.2,26.4,pass,False,False,"{""playerCoordinates"": {""x"": 70.2, ""y"": 3.8}, ""passEndCoordinates"": {""x"": 63.2, ""y"": 26.4}, ""eventActionType"": ""pass"", ""isHome"": false, ""outcome"": true, ""keypass"": false}",,
1218066,Anis Hadj Moussa,14028529,rating-breakdown,passes,passes,,,,Feyenoord,90.0,,85.5,31.7,89,38.5,True,True,1,boolean_field,success,True,,False,True,key_pass,rating-breakdown,True,85.5,31.7,89,38.5,pass,False,True,"{""playerCoordinates"": {""x"": 85.5, ""y"": 31.7}, ""passEndCoordinates"": {""x"": 89, ""y"": 38.5}, ""eventActionType"": ""pass"", ""isHome"": false, ""outcome"": true, ""keypass"": true}",,
1218066,Anis Hadj Moussa,14028529,rating-breakdown,passes,passes,,,,Feyenoord,90.0,,72.2,20.9,95.6,50.5,,,,unresolvable,,,,False,False,pass,rating-breakdown,True,72.2,20.9,95.6,50.5,cross,False,False,"{""playerCoordinates"": {""x"": 72.2, ""y"": 20.9}, ""passEndCoordinates"": {""x"": 95.6, ""y"": 50.5}, ""eventActionType"": ""cross"", ""isHome"": false, ""keypass"": false}",,
1218066,Anis Hadj Moussa,14028529,rating-breakdown,passes,passes,,,,Feyenoord,90.0,,76.1,48.8,76.7,75.7,True,True,1,boolean_field,success,True,,False,False,pass,rating-breakdown,True,76.1,48.8,76.7,75.7,pass,False,False,"{""playerCoordinates"": {""x"": 76.1, ""y"": 48.8}, ""passEndCoordinates"": {""x"": 76.7, ""y"": 75.7}, ""eventActionType"": ""pass"", ""isHome"": false, ""outcome"": true, ""keypass"": false}",,
1218066,Anis Hadj Moussa,14028529,rating-breakdown,passes,passes,,,,Feyenoord,90.0,,70.6,90.6,63.5,93,True,True,1,boolean_field,success,True,,False,False,pass,rating-breakdown,True,70.6,90.6,63.5,93,pass,False,False,"{""playerCoordinates"": {""x"": 70.6, ""y"": 90.6}, ""passEndCoordinates"": {""x"": 63.5, ""y"": 93}, ""eventActionType"": ""pass"", ""isHome"": false, ""outcome"": true, ""keypass"": false}",,
1218066,Anis Hadj Moussa,14028529,rating-breakdown,passes,passes,,,,Feyenoord,90.0,,85.3,62.7,87.7,65.7,True,True,1,boolean_field,success,True,,False,False,pass,rating-breakdown,True,85.3,62.7,87.7,65.7,pass,False,False,"{""playerCoordinates"": {""x"": 85.3, ""y"": 62.7}, ""passEndCoordinates"": {""x"": 87.7, ""y"": 65.7}, ""eventActionType"": ""pass"", ""isHome"": false, ""outcome"": true, ""keypass"": false}",,
1218066,Anis Hadj Moussa,14028529,rating-breakdown,passes,passes,,,,Feyenoord,90.0,,66.2,2.6,61.9,11.6,True,True,1,boolean_field,success,True,,False,False,pass,rating-breakdown,True,66.2,2.6,61.9,11.6,pass,False,False,"{""playerCoordinates"": {""x"": 66.2, ""y"": 2.6}, ""passEndCoordinates"": {""x"": 61.9, ""y"": 11.6}, ""eventActionType"": ""pass"", ""isHome"": false, ""outcome"": true, ""keypass"": false}",,
1218066,Anis Hadj Moussa,14028529,rating-breakdown,passes,passes,,,,Feyenoord,90.0,,85.3,6.8,89,31.9,True,True,1,boolean_field,success,True,,False,False,pass,rating-breakdown,True,85.3,6.8,89,31.9,cross,False,False,"{""playerCoordinates"": {""x"": 85.3, ""y"": 6.8}, ""passEndCoordinates"": {""x"": 89, ""y"": 31.9}, ""eventActionType"": ""cross"", ""isHome"": false, ""outcome"": true, ""keypass"": false}",,
1218066,Anis Hadj Moussa,14028529,rating-breakdown,passes,passes,,,,Feyenoord,90.0,,99.8,99.2,93,92.7,True,True,1,boolean_field,success,True,,False,False,pass,rating-breakdown,True,99.8,99.2,93,92.7,pass,False,False,"{""playerCoordinates"": {""x"": 99.8, ""y"": 99.2}, ""passEndCoordinates"": {""x"": 93, ""y"": 92.7}, ""eventActionType"": ""pass"", ""isHome"": false, ""outcome"": true, ""keypass"": false}",,
1218066,Anis Hadj Moussa,14028529,rating-breakdown,passes,passes,,,,Feyenoord,90.0,,96.4,40.3,92.6,57.7,True,True,1,boolean_field,success,True,,False,True,key_pass,rating-breakdown,True,96.4,40.3,92.6,57.7,pass,False,True,"{""playerCoordinates"": {""x"": 96.4, ""y"": 40.3}, ""passEndCoordinates"": {""x"": 92.6, ""y"": 57.7}, ""eventActionType"": ""pass"", ""isHome"": false, ""outcome"": true, ""keypass"": true}",,
1218066,Anis Hadj Moussa,14028529,rating-breakdown,passes,passes,,,,Feyenoord,90.0,,99.5,99.5,91.6,52.4,,,,unresolvable,,,,False,False,pass,rating-breakdown,True,99.5,99.5,91.6,52.4,cross,False,False,"{""playerCoordinates"": {""x"": 99.5, ""y"": 99.5}, ""passEndCoordinates"": {""x"": 91.6, ""y"": 52.4}, ""eventActionType"": ""cross"", ""isHome"": false, ""keypass"": false, ""isLongBall"": true}",True,
1218066,Anis Hadj Moussa,14028529,rating-breakdown,passes,passes,,,,Feyenoord,90.0,,78.7,87.1,79.5,79.7,,,,unresolvable,,,,False,False,pass,rating-breakdown,True,78.7,87.1,79.5,79.7,pass,False,False,"{""playerCoordinates"": {""x"": 78.7, ""y"": 87.1}, ""passEndCoordinates"": {""x"": 79.5, ""y"": 79.7}, ""eventActionType"": ""pass"", ""isHome"": false, ""keypass"": false}",,
1218066,Anis Hadj Moussa,14028529,rating-breakdown,passes,passes,,,,Feyenoord,90.0,,80.5,33.9,90.3,33.6,True,True,1,boolean_field,success,True,,False,False,pass,rating-breakdown,True,80.5,33.9,90.3,33.6,pass,False,False,"{""playerCoordinates"": {""x"": 80.5, ""y"": 33.9}, ""passEndCoordinates"": {""x"": 90.3, ""y"": 33.6}, ""eventActionType"": ""pass"", ""isHome"": false, ""outcome"": true, ""keypass"": false}",,
1218066,Anis Hadj Moussa,14028529,rating-breakdown,passes,passes,,,,Feyenoord,90.0,,99.4,0.4,96.4,45.5,,,,unresolvable,,,,False,False,pass,rating-breakdown,True,99.4,0.4,96.4,45.5,cross,False,False,"{""playerCoordinates"": {""x"": 99.4, ""y"": 0.4}, ""passEndCoordinates"": {""x"": 96.4, ""y"": 45.5}, ""eventActionType"": ""cross"", ""isHome"": false, ""keypass"": false}",,
1218066,Anis Hadj Moussa,14028529,rating-breakdown,passes,passes,,,,Feyenoord,90.0,,98,28,96.6,40.5,,,,unresolvable,,,,False,False,pass,rating-breakdown,True,98,28,96.6,40.5,pass,False,False,"{""playerCoordinates"": {""x"": 98, ""y"": 28}, ""passEndCoordinates"": {""x"": 96.6, ""y"": 40.5}, ""eventActionType"": ""pass"", ""isHome"": false, ""keypass"": false}",,
1218066,Anis Hadj Moussa,14028529,rating-breakdown,passes,passes,,,,Feyenoord,90.0,,99.9,0.5,95,49.1,,,,unresolvable,,,,False,False,pass,rating-breakdown,True,99.9,0.5,95,49.1,cross,False,False,"{""playerCoordinates"": {""x"": 99.9, ""y"": 0.5}, ""passEndCoordinates"": {""x"": 95, ""y"": 49.1}, ""eventActionType"": ""cross"", ""isHome"": false, ""keypass"": false, ""isLongBall"": true}",True,
1218066,Anis Hadj Moussa,14028529,rating-breakdown,passes,passes,,,,Feyenoord,90.0,,77.8,21.9,90.3,43.4,True,True,1,boolean_field,success,True,,False,True,key_pass,rating-breakdown,True,77.8,21.9,90.3,43.4,pass,False,True,"{""playerCoordinates"": {""x"": 77.8, ""y"": 21.9}, ""passEndCoordinates"": {""x"": 90.3, ""y"": 43.4}, ""eventActionType"": ""pass"", ""isHome"": false, ""outcome"": true, ""keypass"": true}",,
1218066,Anis Hadj Moussa,14028529,rating-breakdown,passes,passes,,,,Feyenoord,90.0,,99.5,0.5,91.3,4.1,True,True,1,boolean_field,success,True,,False,False,pass,rating-breakdown,True,99.5,0.5,91.3,4.1,pass,False,False,"{""playerCoordinates"": {""x"": 99.5, ""y"": 0.5}, ""passEndCoordinates"": {""x"": 91.3, ""y"": 4.1}, ""eventActionType"": ""pass"", ""isHome"": false, ""outcome"": true, ""keypass"": false}",,
1218066,Anis Hadj Moussa,14028529,rating-breakdown,passes,passes,,,,Feyenoord,90.0,,81.9,15.3,87.3,29.1,True,True,1,boolean_field,success,True,,False,False,pass,rating-breakdown,True,81.9,15.3,87.3,29.1,pass,False,False,"{""playerCoordinates"": {""x"": 81.9, ""y"": 15.3}, ""passEndCoordinates"": {""x"": 87.3, ""y"": 29.1}, ""eventActionType"": ""pass"", ""isHome"": false, ""outcome"": true, ""keypass"": false}",,
1218066,Anis Hadj Moussa,14028529,rating-breakdown,passes,passes,,,,Feyenoord,90.0,,79.5,31.3,85.3,26.5,True,True,1,boolean_field,success,True,,False,False,pass,rating-breakdown,True,79.5,31.3,85.3,26.5,pass,False,False,"{""playerCoordinates"": {""x"": 79.5, ""y"": 31.3}, ""passEndCoordinates"": {""x"": 85.3, ""y"": 26.5}, ""eventActionType"": ""pass"", ""isHome"": false, ""outcome"": true, ""keypass"": false}",,
1218066,Anis Hadj Moussa,14028529,rating-breakdown,passes,passes,,,,Feyenoord,90.0,,87.1,8.6,95.2,49,,,,unresolvable,,,,False,False,pass,rating-breakdown,True,87.1,8.6,95.2,49,cross,False,False,"{""playerCoordinates"": {""x"": 87.1, ""y"": 8.6}, ""passEndCoordinates"": {""x"": 95.2, ""y"": 49}, ""eventActionType"": ""cross"", ""isHome"": false, ""keypass"": false}",,
1218066,Anis Hadj Moussa,14028529,rating-breakdown,passes,passes,,,,Feyenoord,90.0,,99.6,99.3,92.7,55.6,True,True,1,boolean_field,success,True,,False,True,key_pass,rating-breakdown,True,99.6,99.3,92.7,55.6,cross,False,True,"{""playerCoordinates"": {""x"": 99.6, ""y"": 99.3}, ""passEndCoordinates"": {""x"": 92.7, ""y"": 55.6}, ""eventActionType"": ""cross"", ""isHome"": false, ""outcome"": true, ""keypass"": true}",,
1218066,Anis Hadj Moussa,14028529,rating-breakdown,passes,passes,,,,Feyenoord,90.0,,89.5,93,79.2,72.9,True,True,1,boolean_field,success,True,,False,False,pass,rating-breakdown,True,89.5,93,79.2,72.9,pass,False,False,"{""playerCoordinates"": {""x"": 89.5, ""y"": 93}, ""passEndCoordinates"": {""x"": 79.2, ""y"": 72.9}, ""eventActionType"": ""pass"", ""isHome"": false, ""outcome"": true, ""keypass"": false}",,
1218066,Anis Hadj Moussa,14028529,rating-breakdown,passes,passes,,,,Feyenoord,90.0,,83.6,17.4,97.1,10.7,,,,unresolvable,,,,False,False,pass,rating-breakdown,True,83.6,17.4,97.1,10.7,pass,False,False,"{""playerCoordinates"": {""x"": 83.6, ""y"": 17.4}, ""passEndCoordinates"": {""x"": 97.1, ""y"": 10.7}, ""eventActionType"": ""pass"", ""isHome"": false, ""keypass"": false}",,
1218066,Anis Hadj Moussa,14028529,rating-breakdown,passes,passes,,,,Feyenoord,90.0,,99.5,0.5,96.2,47.2,,,,unresolvable,,,,False,False,pass,rating-breakdown,True,99.5,0.5,96.2,47.2,cross,False,False,"{""playerCoordinates"": {""x"": 99.5, ""y"": 0.5}, ""passEndCoordinates"": {""x"": 96.2, ""y"": 47.2}, ""eventActionType"": ""cross"", ""isHome"": false, ""keypass"": false}",,
1218066,Anis Hadj Moussa,14028529,rating-breakdown,passes,passes,,,,Feyenoord,90.0,,64,10.6,82.6,3.7,True,True,1,boolean_field,success,True,,False,False,pass,rating-breakdown,True,64,10.6,82.6,3.7,pass,False,False,"{""playerCoordinates"": {""x"": 64, ""y"": 10.6}, ""passEndCoordinates"": {""x"": 82.6, ""y"": 3.7}, ""eventActionType"": ""pass"", ""isHome"": false, ""outcome"": true, ""keypass"": false}",,
1218066,Anis Hadj Moussa,14028529,rating-breakdown,passes,passes,,,,Feyenoord,90.0,,23.6,1.9,23.6,5.4,,,,unresolvable,,,,False,False,pass,rating-breakdown,True,23.6,1.9,23.6,5.4,pass,False,False,"{""playerCoordinates"": {""x"": 23.6, ""y"": 1.9}, ""passEndCoordinates"": {""x"": 23.6, ""y"": 5.4}, ""eventActionType"": ""pass"", ""isHome"": false, ""keypass"": false}",,
1218066,Anis Hadj Moussa,14028529,rating-breakdown,passes,passes,,,,Feyenoord,90.0,,89.1,30.4,86.8,43.3,True,True,1,boolean_field,success,True,,False,True,key_pass,rating-breakdown,True,89.1,30.4,86.8,43.3,pass,False,True,"{""playerCoordinates"": {""x"": 89.1, ""y"": 30.4}, ""passEndCoordinates"": {""x"": 86.8, ""y"": 43.3}, ""eventActionType"": ""pass"", ""isHome"": false, ""outcome"": true, ""keypass"": true}",,
1218066,Anis Hadj Moussa,14028529,rating-breakdown,passes,passes,,,,Feyenoord,90.0,,99.5,99.6,95.5,50,,,,unresolvable,,,,False,False,pass,rating-breakdown,True,99.5,99.6,95.5,50,cross,False,False,"{""playerCoordinates"": {""x"": 99.5, ""y"": 99.6}, ""passEndCoordinates"": {""x"": 95.5, ""y"": 50}, ""eventActionType"": ""cross"", ""isHome"": false, ""keypass"": false, ""isLongBall"": true}",True,
1218066,Anis Hadj Moussa,14028529,rating-breakdown,passes,passes,,,,Feyenoord,90.0,,65.5,27.6,52.7,20.4,True,True,1,boolean_field,success,True,,False,False,pass,rating-breakdown,True,65.5,27.6,52.7,20.4,pass,False,False,"{""playerCoordinates"": {""x"": 65.5, ""y"": 27.6}, ""passEndCoordinates"": {""x"": 52.7, ""y"": 20.4}, ""eventActionType"": ""pass"", ""isHome"": false, ""outcome"": true, ""keypass"": false}",,
1218066,Anis Hadj Moussa,14028529,rating-breakdown,passes,passes,,,,Feyenoord,90.0,,99.5,0.5,90,50.6,,,,unresolvable,,,,False,False,pass,rating-breakdown,True,99.5,0.5,90,50.6,cross,False,False,"{""playerCoordinates"": {""x"": 99.5, ""y"": 0.5}, ""passEndCoordinates"": {""x"": 90, ""y"": 50.6}, ""eventActionType"": ""cross"", ""isHome"": false, ""keypass"": false, ""isLongBall"": true}",True,
1218066,Anis Hadj Moussa,14028529,rating-breakdown,passes,passes,,,,Feyenoord,90.0,,99.5,99.5,92.8,48.1,True,True,1,boolean_field,success,True,,False,True,key_pass,rating-breakdown,True,99.5,99.5,92.8,48.1,cross,False,True,"{""playerCoordinates"": {""x"": 99.5, ""y"": 99.5}, ""passEndCoordinates"": {""x"": 92.8, ""y"": 48.1}, ""eventActionType"": ""cross"", ""isHome"": false, ""outcome"": true, ""keypass"": true, ""isLongBall"": true}",True,
1218066,Anis Hadj Moussa,14028529,rating-breakdown,passes,passes,,,,Feyenoord,90.0,,60.7,22.1,59.3,37.1,True,True,1,boolean_field,success,True,,False,False,pass,rating-breakdown,True,60.7,22.1,59.3,37.1,pass,False,False,"{""playerCoordinates"": {""x"": 60.7, ""y"": 22.1}, ""passEndCoordinates"": {""x"": 59.3, ""y"": 37.1}, ""eventActionType"": ""pass"", ""isHome"": false, ""outcome"": true, ""keypass"": false}",,
1218066,Anis Hadj Moussa,14028529,rating-breakdown,passes,passes,,,,Feyenoord,90.0,,69.4,68.8,74.1,84.8,True,True,1,boolean_field,success,True,,False,False,pass,rating-breakdown,True,69.4,68.8,74.1,84.8,pass,False,False,"{""playerCoordinates"": {""x"": 69.4, ""y"": 68.8}, ""passEndCoordinates"": {""x"": 74.1, ""y"": 84.8}, ""eventActionType"": ""pass"", ""isHome"": false, ""outcome"": true, ""keypass"": false}",,
1218066,Anis Hadj Moussa,14028529,rating-breakdown,passes,passes,,,,Feyenoord,90.0,,77.1,94.1,70,89.6,True,True,1,boolean_field,success,True,,False,False,pass,rating-breakdown,True,77.1,94.1,70,89.6,pass,False,False,"{""playerCoordinates"": {""x"": 77.1, ""y"": 94.1}, ""passEndCoordinates"": {""x"": 70, ""y"": 89.6}, ""eventActionType"": ""pass"", ""isHome"": false, ""outcome"": true, ""keypass"": false}",,
1218066,Anis Hadj Moussa,14028529,rating-breakdown,passes,passes,,,,Feyenoord,90.0,,99.5,99.5,83.3,48.7,,,,unresolvable,,,,False,False,pass,rating-breakdown,True,99.5,99.5,83.3,48.7,cross,False,False,"{""playerCoordinates"": {""x"": 99.5, ""y"": 99.5}, ""passEndCoordinates"": {""x"": 83.3, ""y"": 48.7}, ""eventActionType"": ""cross"", ""isHome"": false, ""keypass"": false, ""isLongBall"": true}",True,
1218066,Anis Hadj Moussa,14028529,rating-breakdown,passes,passes,,,,Feyenoord,90.0,,99.6,99.5,89.6,53.9,True,True,1,boolean_field,success,True,,False,False,pass,rating-breakdown,True,99.6,99.5,89.6,53.9,cross,False,False,"{""playerCoordinates"": {""x"": 99.6, ""y"": 99.5}, ""passEndCoordinates"": {""x"": 89.6, ""y"": 53.9}, ""eventActionType"": ""cross"", ""isHome"": false, ""outcome"": true, ""keypass"": false, ""isLongBall"": true}",True,
1218066,Anis Hadj Moussa,14028529,rating-breakdown,passes,passes,,,,Feyenoord,90.0,,84.5,29.8,96.1,26.5,True,True,1,boolean_field,success,True,,False,False,pass,rating-breakdown,True,84.5,29.8,96.1,26.5,pass,False,False,"{""playerCoordinates"": {""x"": 84.5, ""y"": 29.8}, ""passEndCoordinates"": {""x"": 96.1, ""y"": 26.5}, ""eventActionType"": ""pass"", ""isHome"": false, ""outcome"": true, ""keypass"": false}",,
1218066,Anis Hadj Moussa,14028529,rating-breakdown,passes,passes,,,,Feyenoord,90.0,,75.6,23.3,90.7,63.6,,,,unresolvable,,,,False,False,pass,rating-breakdown,True,75.6,23.3,90.7,63.6,cross,False,False,"{""playerCoordinates"": {""x"": 75.6, ""y"": 23.3}, ""passEndCoordinates"": {""x"": 90.7, ""y"": 63.6}, ""eventActionType"": ""cross"", ""isHome"": false, ""keypass"": false}",,
1218066,Anis Hadj Moussa,14028529,rating-breakdown,passes,passes,,,,Feyenoord,90.0,,34.5,3.1,40.7,2.6,True,True,1,boolean_field,success,True,,False,False,pass,rating-breakdown,True,34.5,3.1,40.7,2.6,pass,False,False,"{""playerCoordinates"": {""x"": 34.5, ""y"": 3.1}, ""passEndCoordinates"": {""x"": 40.7, ""y"": 2.6}, ""eventActionType"": ""pass"", ""isHome"": false, ""outcome"": true, ""keypass"": false}",,
1218066,Anis Hadj Moussa,14028529,rating-breakdown,passes,passes,,,,Feyenoord,90.0,,71,4.7,67.1,16.1,True,True,1,boolean_field,success,True,,False,False,pass,rating-breakdown,True,71,4.7,67.1,16.1,pass,False,False,"{""playerCoordinates"": {""x"": 71, ""y"": 4.7}, ""passEndCoordinates"": {""x"": 67.1, ""y"": 16.1}, ""eventActionType"": ""pass"", ""isHome"": false, ""outcome"": true, ""keypass"": false}",,
1218066,Anis Hadj Moussa,14028529,rating-breakdown,passes,passes,,,,Feyenoord,90.0,,66.8,3.2,100,17.4,,,,unresolvable,,,,False,False,pass,rating-breakdown,True,66.8,3.2,100,17.4,pass,False,False,"{""playerCoordinates"": {""x"": 66.8, ""y"": 3.2}, ""passEndCoordinates"": {""x"": 100, ""y"": 17.4}, ""eventActionType"": ""pass"", ""isHome"": false, ""keypass"": false, ""isLongBall"": true}",True,
1218066,Anis Hadj Moussa,14028529,rating-breakdown,passes,passes,,,,Feyenoord,90.0,,81.5,8.9,77.2,11.1,True,True,1,boolean_field,success,True,,False,False,pass,rating-breakdown,True,81.5,8.9,77.2,11.1,pass,False,False,"{""playerCoordinates"": {""x"": 81.5, ""y"": 8.9}, ""passEndCoordinates"": {""x"": 77.2, ""y"": 11.1}, ""eventActionType"": ""pass"", ""isHome"": false, ""outcome"": true, ""keypass"": false}",,
1218066,Anis Hadj Moussa,14028529,rating-breakdown,passes,passes,,,,Feyenoord,90.0,,80,8.2,72.6,14.3,True,True,1,boolean_field,success,True,,False,False,pass,rating-breakdown,True,80,8.2,72.6,14.3,pass,False,False,"{""playerCoordinates"": {""x"": 80, ""y"": 8.2}, ""passEndCoordinates"": {""x"": 72.6, ""y"": 14.3}, ""eventActionType"": ""pass"", ""isHome"": false, ""outcome"": true, ""keypass"": false}",,
1218066,Anis Hadj Moussa,14028529,rating-breakdown,passes,passes,,,,Feyenoord,90.0,,74.7,11,75.2,27.3,True,True,1,boolean_field,success,True,,False,False,pass,rating-breakdown,True,74.7,11,75.2,27.3,pass,False,False,"{""playerCoordinates"": {""x"": 74.7, ""y"": 11}, ""passEndCoordinates"": {""x"": 75.2, ""y"": 27.3}, ""eventActionType"": ""pass"", ""isHome"": false, ""outcome"": true, ""keypass"": false}",,
1218066,Anis Hadj Moussa,14028529,rating-breakdown,passes,passes,,,,Feyenoord,90.0,,90.3,11.1,85.5,7,True,True,1,boolean_field,success,True,,False,False,pass,rating-breakdown,True,90.3,11.1,85.5,7,pass,False,False,"{""playerCoordinates"": {""x"": 90.3, ""y"": 11.1}, ""passEndCoordinates"": {""x"": 85.5, ""y"": 7}, ""eventActionType"": ""pass"", ""isHome"": false, ""outcome"": true, ""keypass"": false}",,
1218066,Anis Hadj Moussa,14028529,rating-breakdown,passes,passes,,,,Feyenoord,90.0,,39.5,6.5,22.6,49.1,True,True,1,boolean_field,success,True,,False,False,pass,rating-breakdown,True,39.5,6.5,22.6,49.1,pass,False,False,"{""playerCoordinates"": {""x"": 39.5, ""y"": 6.5}, ""passEndCoordinates"": {""x"": 22.6, ""y"": 49.1}, ""eventActionType"": ""pass"", ""isHome"": false, ""outcome"": true, ""keypass"": false, ""isLongBall"": true}",True,
1218066,Anis Hadj Moussa,14028529,rating-breakdown,passes,passes,,,,Feyenoord,90.0,,46.1,12.6,45.1,11.3,,,,unresolvable,,,,False,False,pass,rating-breakdown,True,46.1,12.6,45.1,11.3,pass,False,False,"{""playerCoordinates"": {""x"": 46.1, ""y"": 12.6}, ""passEndCoordinates"": {""x"": 45.1, ""y"": 11.3}, ""eventActionType"": ""pass"", ""isHome"": false, ""keypass"": false}",,
1218066,Anis Hadj Moussa,14028529,rating-breakdown,passes,passes,,,,Feyenoord,90.0,,54.2,25.8,68.5,77.5,,,,unresolvable,,,,False,False,pass,rating-breakdown,True,54.2,25.8,68.5,77.5,pass,False,False,"{""playerCoordinates"": {""x"": 54.2, ""y"": 25.8}, ""passEndCoordinates"": {""x"": 68.5, ""y"": 77.5}, ""eventActionType"": ""pass"", ""isHome"": false, ""keypass"": false, ""isLongBall"": true}",True,
1218066,Anis Hadj Moussa,14028529,rating-breakdown,ball-carries,ball-carries,,,,Feyenoord,90.0,,81.6,38.3,85.2,33.4,,,,unresolvable,,,,False,False,,rating-breakdown,True,81.6,38.3,85.2,33.4,ball-carry,False,,"{""playerCoordinates"": {""x"": 81.6, ""y"": 38.3}, ""passEndCoordinates"": {""x"": 85.2, ""y"": 33.4}, ""eventActionType"": ""ball-carry"", ""isHome"": false}",,
1218066,Anis Hadj Moussa,14028529,rating-breakdown,ball-carries,ball-carries,,,,Feyenoord,90.0,,67.4,2.6,81.2,15.6,,,,unresolvable,,,,False,False,,rating-breakdown,True,67.4,2.6,81.2,15.6,ball-carry,False,,"{""playerCoordinates"": {""x"": 67.4, ""y"": 2.6}, ""passEndCoordinates"": {""x"": 81.2, ""y"": 15.6}, ""eventActionType"": ""ball-carry"", ""isHome"": false}",,
1218066,Anis Hadj Moussa,14028529,rating-breakdown,ball-carries,ball-carries,,,,Feyenoord,90.0,,82.4,55.8,85.3,62.7,,,,unresolvable,,,,False,False,,rating-breakdown,True,82.4,55.8,85.3,62.7,ball-carry,False,,"{""playerCoordinates"": {""x"": 82.4, ""y"": 55.8}, ""passEndCoordinates"": {""x"": 85.3, ""y"": 62.7}, ""eventActionType"": ""ball-carry"", ""isHome"": false}",,
1218066,Anis Hadj Moussa,14028529,rating-breakdown,ball-carries,ball-carries,,,,Feyenoord,90.0,,36.8,3.2,42.6,2.6,,,,unresolvable,,,,False,False,,rating-breakdown,True,36.8,3.2,42.6,2.6,ball-carry,False,,"{""playerCoordinates"": {""x"": 36.8, ""y"": 3.2}, ""passEndCoordinates"": {""x"": 42.6, ""y"": 2.6}, ""eventActionType"": ""ball-carry"", ""isHome"": false}",,
1218066,Anis Hadj Moussa,14028529,rating-breakdown,ball-carries,ball-carries,,,,Feyenoord,90.0,,87.6,41.8,93.7,39.7,,,,unresolvable,,,,False,False,,rating-breakdown,True,87.6,41.8,93.7,39.7,ball-carry,False,,"{""playerCoordinates"": {""x"": 87.6, ""y"": 41.8}, ""passEndCoordinates"": {""x"": 93.7, ""y"": 39.7}, ""eventActionType"": ""ball-carry"", ""isHome"": false}",,
1218066,Anis Hadj Moussa,14028529,rating-breakdown,ball-carries,ball-carries,,,,Feyenoord,90.0,,92,91.4,88.2,89.2,,,,unresolvable,,,,False,False,,rating-breakdown,True,92,91.4,88.2,89.2,ball-carry,False,,"{""playerCoordinates"": {""x"": 92, ""y"": 91.4}, ""passEndCoordinates"": {""x"": 88.2, ""y"": 89.2}, ""eventActionType"": ""ball-carry"", ""isHome"": false}",,
1218066,Anis Hadj Moussa,14028529,rating-breakdown,ball-carries,ball-carries,,,,Feyenoord,90.0,,74.4,18,77.5,25.3,,,,unresolvable,,,,False,False,,rating-breakdown,True,74.4,18,77.5,25.3,ball-carry,False,,"{""playerCoordinates"": {""x"": 74.4, ""y"": 18}, ""passEndCoordinates"": {""x"": 77.5, ""y"": 25.3}, ""eventActionType"": ""ball-carry"", ""isHome"": false}",,
1218066,Anis Hadj Moussa,14028529,rating-breakdown,ball-carries,ball-carries,,,,Feyenoord,90.0,,78.1,3.1,87,25.9,,,,unresolvable,,,,False,False,,rating-breakdown,True,78.1,3.1,87,25.9,ball-carry,False,,"{""playerCoordinates"": {""x"": 78.1, ""y"": 3.1}, ""passEndCoordinates"": {""x"": 87, ""y"": 25.9}, ""eventActionType"": ""ball-carry"", ""isHome"": false}",,
1218066,Anis Hadj Moussa,14028529,rating-breakdown,ball-carries,ball-carries,,,,Feyenoord,90.0,,78.5,32.3,78,37.6,,,,unresolvable,,,,False,False,,rating-breakdown,True,78.5,32.3,78,37.6,ball-carry,False,,"{""playerCoordinates"": {""x"": 78.5, ""y"": 32.3}, ""passEndCoordinates"": {""x"": 78, ""y"": 37.6}, ""eventActionType"": ""ball-carry"", ""isHome"": false}",,
1218066,Anis Hadj Moussa,14028529,rating-breakdown,ball-carries,ball-carries,,,,Feyenoord,90.0,,77.1,23.1,89.1,30.4,,,,unresolvable,,,,False,False,,rating-breakdown,True,77.1,23.1,89.1,30.4,ball-carry,False,,"{""playerCoordinates"": {""x"": 77.1, ""y"": 23.1}, ""passEndCoordinates"": {""x"": 89.1, ""y"": 30.4}, ""eventActionType"": ""ball-carry"", ""isHome"": false}",,
1218066,Anis Hadj Moussa,14028529,rating-breakdown,ball-carries,ball-carries,,,,Feyenoord,90.0,,68.1,33.4,65.5,27.6,,,,unresolvable,,,,False,False,,rating-breakdown,True,68.1,33.4,65.5,27.6,ball-carry,False,,"{""playerCoordinates"": {""x"": 68.1, ""y"": 33.4}, ""passEndCoordinates"": {""x"": 65.5, ""y"": 27.6}, ""eventActionType"": ""ball-carry"", ""isHome"": false}",,
1218066,Anis Hadj Moussa,14028529,rating-breakdown,ball-carries,ball-carries,,,,Feyenoord,90.0,,73.3,47,69.4,68.8,,,,unresolvable,,,,False,False,,rating-breakdown,True,73.3,47,69.4,68.8,ball-carry,False,,"{""playerCoordinates"": {""x"": 73.3, ""y"": 47}, ""passEndCoordinates"": {""x"": 69.4, ""y"": 68.8}, ""eventActionType"": ""ball-carry"", ""isHome"": false}",,
1218066,Anis Hadj Moussa,14028529,rating-breakdown,ball-carries,ball-carries,,,,Feyenoord,90.0,,72.3,22.7,85.8,41.2,,,,unresolvable,,,,False,False,,rating-breakdown,True,72.3,22.7,85.8,41.2,ball-carry,False,,"{""playerCoordinates"": {""x"": 72.3, ""y"": 22.7}, ""passEndCoordinates"": {""x"": 85.8, ""y"": 41.2}, ""eventActionType"": ""ball-carry"", ""isHome"": false}",,
1218066,Anis Hadj Moussa,14028529,rating-breakdown,ball-carries,ball-carries,,,,Feyenoord,90.0,,72.7,24.1,84.5,29.8,,,,unresolvable,,,,False,False,,rating-breakdown,True,72.7,24.1,84.5,29.8,ball-carry,False,,"{""playerCoordinates"": {""x"": 72.7, ""y"": 24.1}, ""passEndCoordinates"": {""x"": 84.5, ""y"": 29.8}, ""eventActionType"": ""ball-carry"", ""isHome"": false}",,
1218066,Anis Hadj Moussa,14028529,rating-breakdown,ball-carries,ball-carries,,,,Feyenoord,90.0,,73,3.7,75.6,23.3,,,,unresolvable,,,,False,False,,rating-breakdown,True,73,3.7,75.6,23.3,ball-carry,False,,"{""playerCoordinates"": {""x"": 73, ""y"": 3.7}, ""passEndCoordinates"": {""x"": 75.6, ""y"": 23.3}, ""eventActionType"": ""ball-carry"", ""isHome"": false}",,
1218066,Anis Hadj Moussa,14028529,rating-breakdown,ball-carries,ball-carries,,,,Feyenoord,90.0,,84.4,31.6,85.7,41.3,,,,unresolvable,,,,False,False,,rating-breakdown,True,84.4,31.6,85.7,41.3,ball-carry,False,,"{""playerCoordinates"": {""x"": 84.4, ""y"": 31.6}, ""passEndCoordinates"": {""x"": 85.7, ""y"": 41.3}, ""eventActionType"": ""ball-carry"", ""isHome"": false}",,
1218066,Anis Hadj Moussa,14028529,rating-breakdown,ball-carries,ball-carries,,,,Feyenoord,90.0,,84.5,27.4,91.7,34,,,,unresolvable,,,,False,False,,rating-breakdown,True,84.5,27.4,91.7,34,ball-carry,False,,"{""playerCoordinates"": {""x"": 84.5, ""y"": 27.4}, ""passEndCoordinates"": {""x"": 91.7, ""y"": 34}, ""eventActionType"": ""ball-carry"", ""isHome"": false}",,
1218066,Anis Hadj Moussa,14028529,rating-breakdown,ball-carries,ball-carries,,,,Feyenoord,90.0,,83,7,80,8.2,,,,unresolvable,,,,False,False,,rating-breakdown,True,83,7,80,8.2,ball-carry,False,,"{""playerCoordinates"": {""x"": 83, ""y"": 7}, ""passEndCoordinates"": {""x"": 80, ""y"": 8.2}, ""eventActionType"": ""ball-carry"", ""isHome"": false}",,
1218066,Anis Hadj Moussa,14028529,rating-breakdown,ball-carries,ball-carries,,,,Feyenoord,90.0,,76.9,17.1,74.7,11,,,,unresolvable,,,,False,False,,rating-breakdown,True,76.9,17.1,74.7,11,ball-carry,False,,"{""playerCoordinates"": {""x"": 76.9, ""y"": 17.1}, ""passEndCoordinates"": {""x"": 74.7, ""y"": 11}, ""eventActionType"": ""ball-carry"", ""isHome"": false}",,
1218066,Anis Hadj Moussa,14028529,rating-breakdown,ball-carries,ball-carries,,,,Feyenoord,90.0,,42.9,3.1,39.5,6.5,,,,unresolvable,,,,False,False,,rating-breakdown,True,42.9,3.1,39.5,6.5,ball-carry,False,,"{""playerCoordinates"": {""x"": 42.9, ""y"": 3.1}, ""passEndCoordinates"": {""x"": 39.5, ""y"": 6.5}, ""eventActionType"": ""ball-carry"", ""isHome"": false}",,
1218066,Anis Hadj Moussa,14028529,rating-breakdown,ball-carries,ball-carries,,,,Feyenoord,90.0,,48.4,15.9,46.1,12.6,,,,unresolvable,,,,False,False,,rating-breakdown,True,48.4,15.9,46.1,12.6,ball-carry,False,,"{""playerCoordinates"": {""x"": 48.4, ""y"": 15.9}, ""passEndCoordinates"": {""x"": 46.1, ""y"": 12.6}, ""eventActionType"": ""ball-carry"", ""isHome"": false}",,
1218066,Anis Hadj Moussa,14028529,rating-breakdown,ball-carries,ball-carries,,,,Feyenoord,90.0,,52.5,18.9,54.2,25.8,,,,unresolvable,,,,False,False,,rating-breakdown,True,52.5,18.9,54.2,25.8,ball-carry,False,,"{""playerCoordinates"": {""x"": 52.5, ""y"": 18.9}, ""passEndCoordinates"": {""x"": 54.2, ""y"": 25.8}, ""eventActionType"": ""ball-carry"", ""isHome"": false}",,
1218066,Anis Hadj Moussa,14028529,rating-breakdown,dribbles,dribbles,,,,Feyenoord,90.0,,81.2,15.6,,,True,True,1,boolean_field,success,,True,False,False,,rating-breakdown,True,81.2,15.6,,,dribble,False,False,"{""playerCoordinates"": {""x"": 81.2, ""y"": 15.6}, ""eventActionType"": ""dribble"", ""isHome"": false, ""outcome"": true, ""keypass"": false}",,
1218066,Anis Hadj Moussa,14028529,rating-breakdown,dribbles,dribbles,,,,Feyenoord,90.0,,42.6,2.6,,,,,,unresolvable,,,,False,False,,rating-breakdown,True,42.6,2.6,,,dribble,False,False,"{""playerCoordinates"": {""x"": 42.6, ""y"": 2.6}, ""eventActionType"": ""dribble"", ""isHome"": false, ""keypass"": false}",,
1218066,Anis Hadj Moussa,14028529,rating-breakdown,dribbles,dribbles,,,,Feyenoord,90.0,,92.8,40,,,True,True,1,boolean_field,success,,True,False,False,,rating-breakdown,True,92.8,40,,,dribble,False,False,"{""playerCoordinates"": {""x"": 92.8, ""y"": 40}, ""eventActionType"": ""dribble"", ""isHome"": false, ""outcome"": true, ""keypass"": false}",,
1218066,Anis Hadj Moussa,14028529,rating-breakdown,dribbles,dribbles,,,,Feyenoord,90.0,,88.2,89.2,,,True,True,1,boolean_field,success,,True,False,False,,rating-breakdown,True,88.2,89.2,,,dribble,False,False,"{""playerCoordinates"": {""x"": 88.2, ""y"": 89.2}, ""eventActionType"": ""dribble"", ""isHome"": false, ""outcome"": true, ""keypass"": false}",,
1218066,Anis Hadj Moussa,14028529,rating-breakdown,dribbles,dribbles,,,,Feyenoord,90.0,,86.8,25.4,,,,,,unresolvable,,,,False,False,,rating-breakdown,True,86.8,25.4,,,dribble,False,False,"{""playerCoordinates"": {""x"": 86.8, ""y"": 25.4}, ""eventActionType"": ""dribble"", ""isHome"": false, ""keypass"": false}",,
1218066,Anis Hadj Moussa,14028529,rating-breakdown,dribbles,dribbles,,,,Feyenoord,90.0,,94.4,34.2,,,,,,unresolvable,,,,False,False,,rating-breakdown,True,94.4,34.2,,,dribble,False,False,"{""playerCoordinates"": {""x"": 94.4, ""y"": 34.2}, ""eventActionType"": ""dribble"", ""isHome"": false, ""keypass"": false}",,
1218066,Anis Hadj Moussa,14028529,rating-breakdown,defensive,defensive,,,,Feyenoord,90.0,,74.4,18,,,True,True,1,boolean_field,success,,True,False,False,,rating-breakdown,True,74.4,18,,,ball-recovery,False,False,"{""playerCoordinates"": {""x"": 74.4, ""y"": 18}, ""eventActionType"": ""ball-recovery"", ""isHome"": false, ""outcome"": true, ""keypass"": false}",,
1218066,Anis Hadj Moussa,14028529,rating-breakdown,defensive,defensive,,,,Feyenoord,90.0,,29.9,21.9,,,True,True,1,boolean_field,success,,True,False,False,,rating-breakdown,True,29.9,21.9,,,ball-recovery,False,False,"{""playerCoordinates"": {""x"": 29.9, ""y"": 21.9}, ""eventActionType"": ""ball-recovery"", ""isHome"": false, ""outcome"": true, ""keypass"": false}",,
1218066,Anis Hadj Moussa,14028529,rating-breakdown,defensive,defensive,,,,Feyenoord,90.0,,54,11.4,,,True,True,1,boolean_field,success,,True,False,False,,rating-breakdown,True,54,11.4,,,tackle,False,False,"{""playerCoordinates"": {""x"": 54, ""y"": 11.4}, ""eventActionType"": ""tackle"", ""isHome"": false, ""outcome"": true, ""keypass"": false}",,
