player_id,player_name,event_id,endpoint,category,action_type,match_date,home_team,away_team,team,minutes_played_matchlog,minute,x,y,end_x,end_y,success,successful,success_flag,success_source,outcome,accurate,won,is_assist,is_key_pass,pass_subtype,_endpoint,endpoint_available,playerCoordinates_x,playerCoordinates_y,passEndCoordinates_x,passEndCoordinates_y,eventActionType,isHome,keypass,_raw_action,isLongBall,isAssist
1154605,Désiré Doué,14061185,rating-breakdown,passes,passes,,,,Paris Saint-Germain,29.0,,70.6,85.4,56.8,81.8,True,True,1,boolean_field,success,True,,False,False,pass,rating-breakdown,True,70.6,85.4,56.8,81.8,pass,False,False,"{""playerCoordinates"": {""x"": 70.6, ""y"": 85.4}, ""passEndCoordinates"": {""x"": 56.8, ""y"": 81.8}, ""eventActionType"": ""pass"", ""isHome"": false, ""outcome"": true, ""keypass"": false}",,
1154605,Désiré Doué,14061185,rating-breakdown,passes,passes,,,,Paris Saint-Germain,29.0,,90.6,84.7,90.6,72.6,True,True,1,boolean_field,success,True,,False,True,key_pass,rating-breakdown,True,90.6,84.7,90.6,72.6,pass,False,True,"{""playerCoordinates"": {""x"": 90.6, ""y"": 84.7}, ""passEndCoordinates"": {""x"": 90.6, ""y"": 72.6}, ""eventActionType"": ""pass"", ""isHome"": false, ""outcome"": true, ""keypass"": true}",,
1154605,Désiré Doué,14061185,rating-breakdown,passes,passes,,,,Paris Saint-Germain,29.0,,76.3,9.5,83.8,7.6,True,True,1,boolean_field,success,True,,False,False,pass,rating-breakdown,True,76.3,9.5,83.8,7.6,pass,False,False,"{""playerCoordinates"": {""x"": 76.3, ""y"": 9.5}, ""passEndCoordinates"": {""x"": 83.8, ""y"": 7.6}, ""eventActionType"": ""pass"", ""isHome"": false, ""outcome"": true, ""keypass"": false}",,
1154605,Désiré Doué,14061185,rating-breakdown,passes,passes,,,,Paris Saint-Germain,29.0,,63.7,54.6,63.9,39.7,True,True,1,boolean_field,success,True,,False,False,pass,rating-breakdown,True,63.7,54.6,63.9,39.7,pass,False,False,"{""playerCoordinates"": {""x"": 63.7, ""y"": 54.6}, ""passEndCoordinates"": {""x"": 63.9, ""y"": 39.7}, ""eventActionType"": ""pass"", ""isHome"": false, ""outcome"": true, ""keypass"": false}",,
1154605,Désiré Doué,14061185,rating-breakdown,passes,passes,,,,Paris Saint-Germain,29.0,,76.5,26.7,87,13.5,True,True,1,boolean_field,success,True,,False,False,pass,rating-breakdown,True,76.5,26.7,87,13.5,pass,False,False,"{""playerCoordinates"": {""x"": 76.5, ""y"": 26.7}, ""passEndCoordinates"": {""x"": 87, ""y"": 13.5}, ""eventActionType"": ""pass"", ""isHome"": false, ""outcome"": true, ""keypass"": false}",,
1154605,Désiré Doué,14061185,rating-breakdown,passes,passes,,,,Paris Saint-Germain,29.0,,57.9,82.6,75.8,9.5,True,True,1,boolean_field,success,True,,False,False,pass,rating-breakdown,True,57.9,82.6,75.8,9.5,pass,False,False,"{""playerCoordinates"": {""x"": 57.9, ""y"": 82.6}, ""passEndCoordinates"": {""x"": 75.8, ""y"": 9.5}, ""eventActionType"": ""pass"", ""isHome"": false, ""outcome"": true, ""keypass"": false, ""isLongBall"": true}",True,
1154605,Désiré Doué,14061185,rating-breakdown,passes,passes,,,,Paris Saint-Germain,29.0,,30.4,79.4,23.5,70.8,True,True,1,boolean_field,success,True,,False,False,pass,rating-breakdown,True,30.4,79.4,23.5,70.8,pass,False,False,"{""playerCoordinates"": {""x"": 30.4, ""y"": 79.4}, ""passEndCoordinates"": {""x"": 23.5, ""y"": 70.8}, ""eventActionType"": ""pass"", ""isHome"": false, ""outcome"": true, ""keypass"": false}",,
1154605,Désiré Doué,14061185,rating-breakdown,passes,passes,,,,Paris Saint-Germain,29.0,,77.3,26.8,74.3,49.1,True,True,1,boolean_field,success,True,,False,False,pass,rating-breakdown,True,77.3,26.8,74.3,49.1,pass,False,False,"{""playerCoordinates"": {""x"": 77.3, ""y"": 26.8}, ""passEndCoordinates"": {""x"": 74.3, ""y"": 49.1}, ""eventActionType"": ""pass"", ""isHome"": false, ""outcome"": true, ""keypass"": false}",,
1154605,Désiré Doué,14061185,rating-breakdown,passes,passes,,,,Paris Saint-Germain,29.0,,84,86.3,68.8,80.6,True,True,1,boolean_field,success,True,,False,False,pass,rating-breakdown,True,84,86.3,68.8,80.6,pass,False,False,"{""playerCoordinates"": {""x"": 84, ""y"": 86.3}, ""passEndCoordinates"": {""x"": 68.8, ""y"": 80.6}, ""eventActionType"": ""pass"", ""isHome"": false, ""outcome"": true, ""keypass"": false}",,
1154605,Désiré Doué,14061185,rating-breakdown,passes,passes,,,,Paris Saint-Germain,29.0,,76.9,89.7,92.6,52.3,,,,unresolvable,,,,False,False,pass,rating-breakdown,True,76.9,89.7,92.6,52.3,cross,False,False,"{""playerCoordinates"": {""x"": 76.9, ""y"": 89.7}, ""passEndCoordinates"": {""x"": 92.6, ""y"": 52.3}, ""eventActionType"": ""cross"", ""isHome"": false, ""keypass"": false}",,
1154605,Désiré Doué,14061185,rating-breakdown,passes,passes,,,,Paris Saint-Germain,29.0,,67.3,71.8,82.3,78.8,True,True,1,boolean_field,success,True,,False,True,key_pass,rating-breakdown,True,67.3,71.8,82.3,78.8,pass,False,True,"{""playerCoordinates"": {""x"": 67.3, ""y"": 71.8}, ""passEndCoordinates"": {""x"": 82.3, ""y"": 78.8}, ""eventActionType"": ""pass"", ""isHome"": false, ""outcome"": true, ""keypass"": true}",,
1154605,Désiré Doué,14061185,rating-breakdown,passes,passes,,,,Paris Saint-Germain,29.0,,47.4,87.2,52.5,96.6,True,True,1,boolean_field,success,True,,False,False,pass,rating-breakdown,True,47.4,87.2,52.5,96.6,pass,False,False,"{""playerCoordinates"": {""x"": 47.4, ""y"": 87.2}, ""passEndCoordinates"": {""x"": 52.5, ""y"": 96.6}, ""eventActionType"": ""pass"", ""isHome"": false, ""outcome"": true, ""keypass"": false}",,
1154605,Désiré Doué,14061185,rating-breakdown,passes,passes,,,,Paris Saint-Germain,29.0,,59.8,34.6,60.8,65.1,True,True,1,boolean_field,success,True,,False,False,pass,rating-breakdown,True,59.8,34.6,60.8,65.1,pass,False,False,"{""playerCoordinates"": {""x"": 59.8, ""y"": 34.6}, ""passEndCoordinates"": {""x"": 60.8, ""y"": 65.1}, ""eventActionType"": ""pass"", ""isHome"": false, ""outcome"": true, ""keypass"": false}",,
1154605,Désiré Doué,14061185,rating-breakdown,passes,passes,,,,Paris Saint-Germain,29.0,,55.4,60.2,49.1,52.4,,,,unresolvable,,,,False,False,pass,rating-breakdown,True,55.4,60.2,49.1,52.4,pass,False,False,"{""playerCoordinates"": {""x"": 55.4, ""y"": 60.2}, ""passEndCoordinates"": {""x"": 49.1, ""y"": 52.4}, ""eventActionType"": ""pass"", ""isHome"": false, ""keypass"": false}",,
1154605,Désiré Doué,14061185,rating-breakdown,passes,passes,,,,Paris Saint-Germain,29.0,,45.1,62.7,63.2,93.8,True,True,1,boolean_field,success,True,,False,True,key_pass,rating-breakdown,True,45.1,62.7,63.2,93.8,pass,False,True,"{""playerCoordinates"": {""x"": 45.1, ""y"": 62.7}, ""passEndCoordinates"": {""x"": 63.2, ""y"": 93.8}, ""eventActionType"": ""pass"", ""isHome"": false, ""outcome"": true, ""keypass"": true}",,
1154605,Désiré Doué,14061185,rating-breakdown,passes,passes,,,,Paris Saint-Germain,29.0,,60.5,72.3,61.5,58.4,True,True,1,boolean_field,success,True,,False,False,pass,rating-breakdown,True,60.5,72.3,61.5,58.4,pass,False,False,"{""playerCoordinates"": {""x"": 60.5, ""y"": 72.3}, ""passEndCoordinates"": {""x"": 61.5, ""y"": 58.4}, ""eventActionType"": ""pass"", ""isHome"": false, ""outcome"": true, ""keypass"": false}",,
1154605,Désiré Doué,14061185,rating-breakdown,passes,passes,,,,Paris Saint-Germain,29.0,,59.9,59.7,62.4,40,True,True,1,boolean_field,success,True,,False,False,pass,rating-breakdown,True,59.9,59.7,62.4,40,pass,False,False,"{""playerCoordinates"": {""x"": 59.9, ""y"": 59.7}, ""passEndCoordinates"": {""x"": 62.4, ""y"": 40}, ""eventActionType"": ""pass"", ""isHome"": false, ""outcome"": true, ""keypass"": false}",,
1154605,Désiré Doué,14061185,rating-breakdown,passes,passes,,,,Paris Saint-Germain,29.0,,69.1,33,77.1,35.7,True,True,1,boolean_field,success,True,,False,False,pass,rating-breakdown,True,69.1,33,77.1,35.7,pass,False,False,"{""playerCoordinates"": {""x"": 69.1, ""y"": 33}, ""passEndCoordinates"": {""x"": 77.1, ""y"": 35.7}, ""eventActionType"": ""pass"", ""isHome"": false, ""outcome"": true, ""keypass"": false}",,
1154605,Désiré Doué,14061185,rating-breakdown,passes,passes,,,,Paris Saint-Germain,29.0,,67.3,32.5,73.8,23.7,True,True,1,boolean_field,success,True,,False,False,pass,rating-breakdown,True,67.3,32.5,73.8,23.7,pass,False,False,"{""playerCoordinates"": {""x"": 67.3, ""y"": 32.5}, ""passEndCoordinates"": {""x"": 73.8, ""y"": 23.7}, ""eventActionType"": ""pass"", ""isHome"": false, ""outcome"": true, ""keypass"": false}",,
1154605,Désiré Doué,14061185,rating-breakdown,passes,passes,,,,Paris Saint-Germain,29.0,,88.3,32.2,92,30.1,True,True,1,boolean_field,success,True,,False,True,key_pass,rating-breakdown,True,88.3,32.2,92,30.1,pass,False,True,"{""playerCoordinates"": {""x"": 88.3, ""y"": 32.2}, ""passEndCoordinates"": {""x"": 92, ""y"": 30.1}, ""eventActionType"": ""pass"", ""isHome"": false, ""outcome"": true, ""keypass"": true}",,
1154605,Désiré Doué,14061185,rating-breakdown,ball-carries,ball-carries,,,,Paris Saint-Germain,29.0,,73.2,91.8,90.6,84.7,,,,unresolvable,,,,False,False,,rating-breakdown,True,73.2,91.8,90.6,84.7,ball-carry,False,,"{""playerCoordinates"": {""x"": 73.2, ""y"": 91.8}, ""passEndCoordinates"": {""x"": 90.6, ""y"": 84.7}, ""eventActionType"": ""ball-carry"", ""isHome"": false}",,
1154605,Désiré Doué,14061185,rating-breakdown,ball-carries,ball-carries,,,,Paris Saint-Germain,29.0,,53.4,91.4,63.7,54.6,,,,unresolvable,,,,False,False,,rating-breakdown,True,53.4,91.4,63.7,54.6,ball-carry,False,,"{""playerCoordinates"": {""x"": 53.4, ""y"": 91.4}, ""passEndCoordinates"": {""x"": 63.7, ""y"": 54.6}, ""eventActionType"": ""ball-carry"", ""isHome"": false}",,
1154605,Désiré Doué,14061185,rating-breakdown,ball-carries,ball-carries,,,,Paris Saint-Germain,29.0,,60.5,86.5,57.9,82.6,,,,unresolvable,,,,False,False,,rating-breakdown,True,60.5,86.5,57.9,82.6,ball-carry,False,,"{""playerCoordinates"": {""x"": 60.5, ""y"": 86.5}, ""passEndCoordinates"": {""x"": 57.9, ""y"": 82.6}, ""eventActionType"": ""ball-carry"", ""isHome"": false}",,
1154605,Désiré Doué,14061185,rating-breakdown,ball-carries,ball-carries,,,,Paris Saint-Germain,29.0,,72.5,78.5,75.1,64.9,,,,unresolvable,,,,False,False,,rating-breakdown,True,72.5,78.5,75.1,64.9,ball-carry,False,,"{""playerCoordinates"": {""x"": 72.5, ""y"": 78.5}, ""passEndCoordinates"": {""x"": 75.1, ""y"": 64.9}, ""eventActionType"": ""ball-carry"", ""isHome"": false}",,
1154605,Désiré Doué,14061185,rating-breakdown,ball-carries,ball-carries,,,,Paris Saint-Germain,29.0,,33.6,81.8,41.3,84.2,,,,unresolvable,,,,False,False,,rating-breakdown,True,33.6,81.8,41.3,84.2,ball-carry,False,,"{""playerCoordinates"": {""x"": 33.6, ""y"": 81.8}, ""passEndCoordinates"": {""x"": 41.3, ""y"": 84.2}, ""eventActionType"": ""ball-carry"", ""isHome"": false}",,
1154605,Désiré Doué,14061185,rating-breakdown,ball-carries,ball-carries,,,,Paris Saint-Germain,29.0,,41.3,84.2,67.3,71.8,,,,unresolvable,,,,False,False,,rating-breakdown,True,41.3,84.2,67.3,71.8,ball-carry,False,,"{""playerCoordinates"": {""x"": 41.3, ""y"": 84.2}, ""passEndCoordinates"": {""x"": 67.3, ""y"": 71.8}, ""eventActionType"": ""ball-carry"", ""isHome"": false}",,
1154605,Désiré Doué,14061185,rating-breakdown,ball-carries,ball-carries,,,,Paris Saint-Germain,29.0,,56.3,15.8,59.8,34.6,,,,unresolvable,,,,False,False,,rating-breakdown,True,56.3,15.8,59.8,34.6,ball-carry,False,,"{""playerCoordinates"": {""x"": 56.3, ""y"": 15.8}, ""passEndCoordinates"": {""x"": 59.8, ""y"": 34.6}, ""eventActionType"": ""ball-carry"", ""isHome"": false}",,
1154605,Désiré Doué,14061185,rating-breakdown,ball-carries,ball-carries,,,,Paris Saint-Germain,29.0,,23.5,42.2,45.1,62.7,,,,unresolvable,,,,False,False,,rating-breakdown,True,23.5,42.2,45.1,62.7,ball-carry,False,,"{""playerCoordinates"": {""x"": 23.5, ""y"": 42.2}, ""passEndCoordinates"": {""x"": 45.1, ""y"": 62.7}, ""eventActionType"": ""ball-carry"", ""isHome"": false}",,
1154605,Désiré Doué,14061185,rating-breakdown,ball-carries,ball-carries,,,,Paris Saint-Germain,29.0,,47.4,82.1,60.5,72.3,,,,unresolvable,,,,False,False,,rating-breakdown,True,47.4,82.1,60.5,72.3,ball-carry,False,,"{""playerCoordinates"": {""x"": 47.4, ""y"": 82.1}, ""passEndCoordinates"": {""x"": 60.5, ""y"": 72.3}, ""eventActionType"": ""ball-carry"", ""isHome"": false}",,
1154605,Désiré Doué,14061185,rating-breakdown,ball-carries,ball-carries,,,,Paris Saint-Germain,29.0,,39.1,69.3,66.6,70.2,,,,unresolvable,,,,False,False,,rating-breakdown,True,39.1,69.3,66.6,70.2,ball-carry,False,,"{""playerCoordinates"": {""x"": 39.1, ""y"": 69.3}, ""passEndCoordinates"": {""x"": 66.6, ""y"": 70.2}, ""eventActionType"": ""ball-carry"", ""isHome"": false}",,
1154605,Désiré Doué,14061185,rating-breakdown,ball-carries,ball-carries,,,,Paris Saint-Germain,29.0,,82.2,26.4,88.3,32.2,,,,unresolvable,,,,False,False,,rating-breakdown,True,82.2,26.4,88.3,32.2,ball-carry,False,,"{""playerCoordinates"": {""x"": 82.2, ""y"": 26.4}, ""passEndCoordinates"": {""x"": 88.3, ""y"": 32.2}, ""eventActionType"": ""ball-carry"", ""isHome"": false}",,
1154605,Désiré Doué,14061185,rating-breakdown,dribbles,dribbles,,,,Paris Saint-Germain,29.0,,66.6,70.2,,,,,,unresolvable,,,,False,False,,rating-breakdown,True,66.6,70.2,,,dribble,False,False,"{""playerCoordinates"": {""x"": 66.6, ""y"": 70.2}, ""eventActionType"": ""dribble"", ""isHome"": false, ""keypass"": false}",,
1154605,Désiré Doué,14061185,rating-breakdown,dribbles,dribbles,,,,Paris Saint-Germain,29.0,,71.8,59.1,,,,,,unresolvable,,,,False,False,,rating-breakdown,True,71.8,59.1,,,dribble,False,False,"{""playerCoordinates"": {""x"": 71.8, ""y"": 59.1}, ""eventActionType"": ""dribble"", ""isHome"": false, ""keypass"": false}",,
1154605,Désiré Doué,14061185,rating-breakdown,defensive,defensive,,,,Paris Saint-Germain,29.0,,74.8,5.8,,,True,True,1,boolean_field,success,,True,False,False,,rating-breakdown,True,74.8,5.8,,,tackle,False,False,"{""playerCoordinates"": {""x"": 74.8, ""y"": 5.8}, ""eventActionType"": ""tackle"", ""isHome"": false, ""outcome"": true, ""keypass"": false}",,
1154605,Désiré Doué,14061185,rating-breakdown,defensive,defensive,,,,Paris Saint-Germain,29.0,,80.3,25.6,,,True,True,1,boolean_field,success,,True,False,False,,rating-breakdown,True,80.3,25.6,,,interception,False,False,"{""playerCoordinates"": {""x"": 80.3, ""y"": 25.6}, ""eventActionType"": ""interception"", ""isHome"": false, ""outcome"": true, ""keypass"": false}",,
1154605,Désiré Doué,14061185,rating-breakdown,defensive,defensive,,,,Paris Saint-Germain,29.0,,76.3,9.5,,,True,True,1,boolean_field,success,,True,False,False,,rating-breakdown,True,76.3,9.5,,,ball-recovery,False,False,"{""playerCoordinates"": {""x"": 76.3, ""y"": 9.5}, ""eventActionType"": ""ball-recovery"", ""isHome"": false, ""outcome"": true, ""keypass"": false}",,
1154605,Désiré Doué,14061185,rating-breakdown,defensive,defensive,,,,Paris Saint-Germain,29.0,,41.3,84.2,,,True,True,1,boolean_field,success,,True,False,False,,rating-breakdown,True,41.3,84.2,,,ball-recovery,False,False,"{""playerCoordinates"": {""x"": 41.3, ""y"": 84.2}, ""eventActionType"": ""ball-recovery"", ""isHome"": false, ""outcome"": true, ""keypass"": false}",,
1154605,Désiré Doué,14061185,rating-breakdown,defensive,defensive,,,,Paris Saint-Germain,29.0,,70.1,57.6,,,True,True,1,boolean_field,success,,True,False,False,,rating-breakdown,True,70.1,57.6,,,ball-recovery,False,False,"{""playerCoordinates"": {""x"": 70.1, ""y"": 57.6}, ""eventActionType"": ""ball-recovery"", ""isHome"": false, ""outcome"": true, ""keypass"": false}",,
1154605,Désiré Doué,14061185,rating-breakdown,defensive,defensive,,,,Paris Saint-Germain,29.0,,44.8,92.8,,,True,True,1,boolean_field,success,,True,False,False,,rating-breakdown,True,44.8,92.8,,,tackle,False,False,"{""playerCoordinates"": {""x"": 44.8, ""y"": 92.8}, ""eventActionType"": ""tackle"", ""isHome"": false, ""outcome"": true, ""keypass"": false}",,
1154605,Désiré Doué,14065702,rating-breakdown,passes,passes,,,,Paris Saint-Germain,77.0,,68.9,12.3,59,27.6,True,True,1,boolean_field,success,True,,False,False,pass,rating-breakdown,True,68.9,12.3,59,27.6,pass,True,False,"{""playerCoordinates"": {""x"": 68.9, ""y"": 12.3}, ""passEndCoordinates"": {""x"": 59, ""y"": 27.6}, ""eventActionType"": ""pass"", ""isHome"": true, ""outcome"": true, ""keypass"": false}",,
1154605,Désiré Doué,14065702,rating-breakdown,passes,passes,,,,Paris Saint-Germain,77.0,,79.3,19.2,81.3,9.2,True,True,1,boolean_field,success,True,,False,False,pass,rating-breakdown,True,79.3,19.2,81.3,9.2,pass,True,False,"{""playerCoordinates"": {""x"": 79.3, ""y"": 19.2}, ""passEndCoordinates"": {""x"": 81.3, ""y"": 9.2}, ""eventActionType"": ""pass"", ""isHome"": true, ""outcome"": true, ""keypass"": false}",,
1154605,Désiré Doué,14065702,rating-breakdown,passes,passes,,,,Paris Saint-Germain,77.0,,80.3,8.8,86.5,11.6,True,True,1,boolean_field,success,True,,False,False,pass,rating-breakdown,True,80.3,8.8,86.5,11.6,pass,True,False,"{""playerCoordinates"": {""x"": 80.3, ""y"": 8.8}, ""passEndCoordinates"": {""x"": 86.5, ""y"": 11.6}, ""eventActionType"": ""pass"", ""isHome"": true, ""outcome"": true, ""keypass"": false}",,
1154605,Désiré Doué,14065702,rating-breakdown,passes,passes,,,,Paris Saint-Germain,77.0,,63.3,14.4,58.7,12.5,True,True,1,boolean_field,success,True,,False,False,pass,rating-breakdown,True,63.3,14.4,58.7,12.5,pass,True,False,"{""playerCoordinates"": {""x"": 63.3, ""y"": 14.4}, ""passEndCoordinates"": {""x"": 58.7, ""y"": 12.5}, ""eventActionType"": ""pass"", ""isHome"": true, ""outcome"": true, ""keypass"": false}",,
1154605,Désiré Doué,14065702,rating-breakdown,passes,passes,,,,Paris Saint-Germain,77.0,,63.1,8.3,62.2,18.5,True,True,1,boolean_field,success,True,,False,False,pass,rating-breakdown,True,63.1,8.3,62.2,18.5,pass,True,False,"{""playerCoordinates"": {""x"": 63.1, ""y"": 8.3}, ""passEndCoordinates"": {""x"": 62.2, ""y"": 18.5}, ""eventActionType"": ""pass"", ""isHome"": true, ""outcome"": true, ""keypass"": false}",,
1154605,Désiré Doué,14065702,rating-breakdown,passes,passes,,,,Paris Saint-Germain,77.0,,82.7,16.1,89.6,6.8,True,True,1,boolean_field,success,True,,False,False,pass,rating-breakdown,True,82.7,16.1,89.6,6.8,pass,True,False,"{""playerCoordinates"": {""x"": 82.7, ""y"": 16.1}, ""passEndCoordinates"": {""x"": 89.6, ""y"": 6.8}, ""eventActionType"": ""pass"", ""isHome"": true, ""outcome"": true, ""keypass"": false}",,
1154605,Désiré Doué,14065702,rating-breakdown,passes,passes,,,,Paris Saint-Germain,77.0,,68.2,14.7,70.4,22.7,,,,unresolvable,,,,False,False,pass,rating-breakdown,True,68.2,14.7,70.4,22.7,pass,True,False,"{""playerCoordinates"": {""x"": 68.2, ""y"": 14.7}, ""passEndCoordinates"": {""x"": 70.4, ""y"": 22.7}, ""eventActionType"": ""pass"", ""isHome"": true, ""keypass"": false}",,
1154605,Désiré Doué,14065702,rating-breakdown,passes,passes,,,,Paris Saint-Germain,77.0,,70,67.8,58.9,55.1,True,True,1,boolean_field,success,True,,False,False,pass,rating-breakdown,True,70,67.8,58.9,55.1,pass,True,False,"{""playerCoordinates"": {""x"": 70, ""y"": 67.8}, ""passEndCoordinates"": {""x"": 58.9, ""y"": 55.1}, ""eventActionType"": ""pass"", ""isHome"": true, ""outcome"": true, ""keypass"": false}",,
1154605,Désiré Doué,14065702,rating-breakdown,passes,passes,,,,Paris Saint-Germain,77.0,,69.6,17.1,63.6,7.9,True,True,1,boolean_field,success,True,,False,False,pass,rating-breakdown,True,69.6,17.1,63.6,7.9,pass,True,False,"{""playerCoordinates"": {""x"": 69.6, ""y"": 17.1}, ""passEndCoordinates"": {""x"": 63.6, ""y"": 7.9}, ""eventActionType"": ""pass"", ""isHome"": true, ""outcome"": true, ""keypass"": false}",,
1154605,Désiré Doué,14065702,rating-breakdown,passes,passes,,,,Paris Saint-Germain,77.0,,70.4,9.4,67.1,26.2,True,True,1,boolean_field,success,True,,False,False,pass,rating-breakdown,True,70.4,9.4,67.1,26.2,pass,True,False,"{""playerCoordinates"": {""x"": 70.4, ""y"": 9.4}, ""passEndCoordinates"": {""x"": 67.1, ""y"": 26.2}, ""eventActionType"": ""pass"", ""isHome"": true, ""outcome"": true, ""keypass"": false}",,
1154605,Désiré Doué,14065702,rating-breakdown,passes,passes,,,,Paris Saint-Germain,77.0,,75.6,39.4,73.3,56.3,True,True,1,boolean_field,success,True,,False,False,pass,rating-breakdown,True,75.6,39.4,73.3,56.3,pass,True,False,"{""playerCoordinates"": {""x"": 75.6, ""y"": 39.4}, ""passEndCoordinates"": {""x"": 73.3, ""y"": 56.3}, ""eventActionType"": ""pass"", ""isHome"": true, ""outcome"": true, ""keypass"": false}",,
1154605,Désiré Doué,14065702,rating-breakdown,passes,passes,,,,Paris Saint-Germain,77.0,,71.6,54.5,68,59.4,True,True,1,boolean_field,success,True,,False,False,pass,rating-breakdown,True,71.6,54.5,68,59.4,pass,True,False,"{""playerCoordinates"": {""x"": 71.6, ""y"": 54.5}, ""passEndCoordinates"": {""x"": 68, ""y"": 59.4}, ""eventActionType"": ""pass"", ""isHome"": true, ""outcome"": true, ""keypass"": false}",,
1154605,Désiré Doué,14065702,rating-breakdown,passes,passes,,,,Paris Saint-Germain,77.0,,99.5,99.5,94.4,69.3,True,True,1,boolean_field,success,True,,False,False,pass,rating-breakdown,True,99.5,99.5,94.4,69.3,cross,True,False,"{""playerCoordinates"": {""x"": 99.5, ""y"": 99.5}, ""passEndCoordinates"": {""x"": 94.4, ""y"": 69.3}, ""eventActionType"": ""cross"", ""isHome"": true, ""outcome"": true, ""keypass"": false}",,
1154605,Désiré Doué,14065702,rating-breakdown,passes,passes,,,,Paris Saint-Germain,77.0,,75.4,84.5,78.4,75.1,,,,unresolvable,,,,False,False,pass,rating-breakdown,True,75.4,84.5,78.4,75.1,cross,True,False,"{""playerCoordinates"": {""x"": 75.4, ""y"": 84.5}, ""passEndCoordinates"": {""x"": 78.4, ""y"": 75.1}, ""eventActionType"": ""cross"", ""isHome"": true, ""keypass"": false}",,
1154605,Désiré Doué,14065702,rating-breakdown,passes,passes,,,,Paris Saint-Germain,77.0,,95.6,91.2,93.1,62,,,,unresolvable,,,,False,False,pass,rating-breakdown,True,95.6,91.2,93.1,62,cross,True,False,"{""playerCoordinates"": {""x"": 95.6, ""y"": 91.2}, ""passEndCoordinates"": {""x"": 93.1, ""y"": 62}, ""eventActionType"": ""cross"", ""isHome"": true, ""keypass"": false}",,
1154605,Désiré Doué,14065702,rating-breakdown,passes,passes,,,,Paris Saint-Germain,77.0,,74.6,95.3,70.8,80.2,True,True,1,boolean_field,success,True,,False,False,pass,rating-breakdown,True,74.6,95.3,70.8,80.2,pass,True,False,"{""playerCoordinates"": {""x"": 74.6, ""y"": 95.3}, ""passEndCoordinates"": {""x"": 70.8, ""y"": 80.2}, ""eventActionType"": ""pass"", ""isHome"": true, ""outcome"": true, ""keypass"": false}",,
1154605,Désiré Doué,14065702,rating-breakdown,passes,passes,,,,Paris Saint-Germain,77.0,,81.6,94.1,71.3,87.4,True,True,1,boolean_field,success,True,,False,False,pass,rating-breakdown,True,81.6,94.1,71.3,87.4,pass,True,False,"{""playerCoordinates"": {""x"": 81.6, ""y"": 94.1}, ""passEndCoordinates"": {""x"": 71.3, ""y"": 87.4}, ""eventActionType"": ""pass"", ""isHome"": true, ""outcome"": true, ""keypass"": false}",,
1154605,Désiré Doué,14065702,rating-breakdown,passes,passes,,,,Paris Saint-Germain,77.0,,99.5,99.5,78.8,86.2,True,True,1,boolean_field,success,True,,False,False,pass,rating-breakdown,True,99.5,99.5,78.8,86.2,pass,True,False,"{""playerCoordinates"": {""x"": 99.5, ""y"": 99.5}, ""passEndCoordinates"": {""x"": 78.8, ""y"": 86.2}, ""eventActionType"": ""pass"", ""isHome"": true, ""outcome"": true, ""keypass"": false}",,
1154605,Désiré Doué,14065702,rating-breakdown,passes,passes,,,,Paris Saint-Germain,77.0,,94.9,18.8,96.9,50.6,,,,unresolvable,,,,False,False,pass,rating-breakdown,True,94.9,18.8,96.9,50.6,cross,True,False,"{""playerCoordinates"": {""x"": 94.9, ""y"": 18.8}, ""passEndCoordinates"": {""x"": 96.9, ""y"": 50.6}, ""eventActionType"": ""cross"", ""isHome"": true, ""keypass"": false}",,
1154605,Désiré Doué,14065702,rating-breakdown,passes,passes,,,,Paris Saint-Germain,77.0,,81.9,16.7,80.1,23.1,True,True,1,boolean_field,success,True,,False,False,pass,rating-breakdown,True,81.9,16.7,80.1,23.1,pass,True,False,"{""playerCoordinates"": {""x"": 81.9, ""y"": 16.7}, ""passEndCoordinates"": {""x"": 80.1, ""y"": 23.1}, ""eventActionType"": ""pass"", ""isHome"": true, ""outcome"": true, ""keypass"": false}",,
1154605,Désiré Doué,14065702,rating-breakdown,passes,passes,,,,Paris Saint-Germain,77.0,,75.9,23.3,78.3,15.3,True,True,1,boolean_field,success,True,,False,False,pass,rating-breakdown,True,75.9,23.3,78.3,15.3,pass,True,False,"{""playerCoordinates"": {""x"": 75.9, ""y"": 23.3}, ""passEndCoordinates"": {""x"": 78.3, ""y"": 15.3}, ""eventActionType"": ""pass"", ""isHome"": true, ""outcome"": true, ""keypass"": false}",,
1154605,Désiré Doué,14065702,rating-breakdown,passes,passes,,,,Paris Saint-Germain,77.0,,99.5,0.5,90.8,34.2,,,,unresolvable,,,,False,False,pass,rating-breakdown,True,99.5,0.5,90.8,34.2,cross,True,False,"{""playerCoordinates"": {""x"": 99.5, ""y"": 0.5}, ""passEndCoordinates"": {""x"": 90.8, ""y"": 34.2}, ""eventActionType"": ""cross"", ""isHome"": true, ""keypass"": false}",,
1154605,Désiré Doué,14065702,rating-breakdown,passes,passes,,,,Paris Saint-Germain,77.0,,71,95.1,60.4,88.3,True,True,1,boolean_field,success,True,,False,False,pass,rating-breakdown,True,71,95.1,60.4,88.3,pass,True,False,"{""playerCoordinates"": {""x"": 71, ""y"": 95.1}, ""passEndCoordinates"": {""x"": 60.4, ""y"": 88.3}, ""eventActionType"": ""pass"", ""isHome"": true, ""outcome"": true, ""keypass"": false}",,
1154605,Désiré Doué,14065702,rating-breakdown,passes,passes,,,,Paris Saint-Germain,77.0,,71.6,60.5,72.2,33.4,True,True,1,boolean_field,success,True,,False,False,pass,rating-breakdown,True,71.6,60.5,72.2,33.4,pass,True,False,"{""playerCoordinates"": {""x"": 71.6, ""y"": 60.5}, ""passEndCoordinates"": {""x"": 72.2, ""y"": 33.4}, ""eventActionType"": ""pass"", ""isHome"": true, ""outcome"": true, ""keypass"": false}",,
1154605,Désiré Doué,14065702,rating-breakdown,passes,passes,,,,Paris Saint-Germain,77.0,,71.7,38.9,74.4,42.1,,,,unresolvable,,,,False,False,pass,rating-breakdown,True,71.7,38.9,74.4,42.1,pass,True,False,"{""playerCoordinates"": {""x"": 71.7, ""y"": 38.9}, ""passEndCoordinates"": {""x"": 74.4, ""y"": 42.1}, ""eventActionType"": ""pass"", ""isHome"": true, ""keypass"": false}",,
1154605,Désiré Doué,14065702,rating-breakdown,passes,passes,,,,Paris Saint-Germain,77.0,,72.8,82.6,67.5,39.5,True,True,1,boolean_field,success,True,,False,False,pass,rating-breakdown,True,72.8,82.6,67.5,39.5,pass,True,False,"{""playerCoordinates"": {""x"": 72.8, ""y"": 82.6}, ""passEndCoordinates"": {""x"": 67.5, ""y"": 39.5}, ""eventActionType"": ""pass"", ""isHome"": true, ""outcome"": true, ""keypass"": false}",,
1154605,Désiré Doué,14065702,rating-breakdown,passes,passes,,,,Paris Saint-Germain,77.0,,93.6,76.7,79.6,72,True,True,1,boolean_field,success,True,,False,False,pass,rating-breakdown,True,93.6,76.7,79.6,72,pass,True,False,"{""playerCoordinates"": {""x"": 93.6, ""y"": 76.7}, ""passEndCoordinates"": {""x"": 79.6, ""y"": 72}, ""eventActionType"": ""pass"", ""isHome"": true, ""outcome"": true, ""keypass"": false}",,
1154605,Désiré Doué,14065702,rating-breakdown,passes,passes,,,,Paris Saint-Germain,77.0,,79.8,69.4,77.5,68.1,True,True,1,boolean_field,success,True,,False,False,pass,rating-breakdown,True,79.8,69.4,77.5,68.1,pass,True,False,"{""playerCoordinates"": {""x"": 79.8, ""y"": 69.4}, ""passEndCoordinates"": {""x"": 77.5, ""y"": 68.1}, ""eventActionType"": ""pass"", ""isHome"": true, ""outcome"": true, ""keypass"": false}",,
1154605,Désiré Doué,14065702,rating-breakdown,passes,passes,,,,Paris Saint-Germain,77.0,,94.1,86.5,89.3,44.3,,,,unresolvable,,,,False,False,pass,rating-breakdown,True,94.1,86.5,89.3,44.3,cross,True,False,"{""playerCoordinates"": {""x"": 94.1, ""y"": 86.5}, ""passEndCoordinates"": {""x"": 89.3, ""y"": 44.3}, ""eventActionType"": ""cross"", ""isHome"": true, ""keypass"": false}",,
1154605,Désiré Doué,14065702,rating-breakdown,passes,passes,,,,Paris Saint-Germain,77.0,,58.7,41.2,68,32.4,True,True,1,boolean_field,success,True,,False,False,pass,rating-breakdown,True,58.7,41.2,68,32.4,pass,True,False,"{""playerCoordinates"": {""x"": 58.7, ""y"": 41.2}, ""passEndCoordinates"": {""x"": 68, ""y"": 32.4}, ""eventActionType"": ""pass"", ""isHome"": true, ""outcome"": true, ""keypass"": false}",,
1154605,Désiré Doué,14065702,rating-breakdown,passes,passes,,,,Paris Saint-Germain,77.0,,73.8,72,70.3,62.3,True,True,1,boolean_field,success,True,,False,False,pass,rating-breakdown,True,73.8,72,70.3,62.3,pass,True,False,"{""playerCoordinates"": {""x"": 73.8, ""y"": 72}, ""passEndCoordinates"": {""x"": 70.3, ""y"": 62.3}, ""eventActionType"": ""pass"", ""isHome"": true, ""outcome"": true, ""keypass"": false}",,
1154605,Désiré Doué,14065702,rating-breakdown,passes,passes,,,,Paris Saint-Germain,77.0,,61,5.6,54.7,12.3,True,True,1,boolean_field,success,True,,False,False,pass,rating-breakdown,True,61,5.6,54.7,12.3,pass,True,False,"{""playerCoordinates"": {""x"": 61, ""y"": 5.6}, ""passEndCoordinates"": {""x"": 54.7, ""y"": 12.3}, ""eventActionType"": ""pass"", ""isHome"": true, ""outcome"": true, ""keypass"": false}",,
1154605,Désiré Doué,14065702,rating-breakdown,passes,passes,,,,Paris Saint-Germain,77.0,,76,25.2,89.9,10.9,True,True,1,boolean_field,success,True,,False,False,pass,rating-breakdown,True,76,25.2,89.9,10.9,pass,True,False,"{""playerCoordinates"": {""x"": 76, ""y"": 25.2}, ""passEndCoordinates"": {""x"": 89.9, ""y"": 10.9}, ""eventActionType"": ""pass"", ""isHome"": true, ""outcome"": true, ""keypass"": false}",,
1154605,Désiré Doué,14065702,rating-breakdown,passes,passes,,,,Paris Saint-Germain,77.0,,88.2,75.1,88.2,62.4,,,,unresolvable,,,,False,False,pass,rating-breakdown,True,88.2,75.1,88.2,62.4,pass,True,False,"{""playerCoordinates"": {""x"": 88.2, ""y"": 75.1}, ""passEndCoordinates"": {""x"": 88.2, ""y"": 62.4}, ""eventActionType"": ""pass"", ""isHome"": true, ""keypass"": false}",,
1154605,Désiré Doué,14065702,rating-breakdown,passes,passes,,,,Paris Saint-Germain,77.0,,76.9,91.8,73.2,83.8,True,True,1,boolean_field,success,True,,False,False,pass,rating-breakdown,True,76.9,91.8,73.2,83.8,pass,True,False,"{""playerCoordinates"": {""x"": 76.9, ""y"": 91.8}, ""passEndCoordinates"": {""x"": 73.2, ""y"": 83.8}, ""eventActionType"": ""pass"", ""isHome"": true, ""outcome"": true, ""keypass"": false}",,
1154605,Désiré Doué,14065702,rating-breakdown,passes,passes,,,,Paris Saint-Germain,77.0,,55.6,92.4,87.8,81.5,True,True,1,boolean_field,success,True,,False,False,pass,rating-breakdown,True,55.6,92.4,87.8,81.5,pass,True,False,"{""playerCoordinates"": {""x"": 55.6, ""y"": 92.4}, ""passEndCoordinates"": {""x"": 87.8, ""y"": 81.5}, ""eventActionType"": ""pass"", ""isHome"": true, ""outcome"": true, ""keypass"": false, ""isLongBall"": true}",True,
1154605,Désiré Doué,14065702,rating-breakdown,passes,passes,,,,Paris Saint-Germain,77.0,,59.9,89.1,51.5,74.7,True,True,1,boolean_field,success,True,,False,False,pass,rating-breakdown,True,59.9,89.1,51.5,74.7,pass,True,False,"{""playerCoordinates"": {""x"": 59.9, ""y"": 89.1}, ""passEndCoordinates"": {""x"": 51.5, ""y"": 74.7}, ""eventActionType"": ""pass"", ""isHome"": true, ""outcome"": true, ""keypass"": false}",,
1154605,Désiré Doué,14065702,rating-breakdown,passes,passes,,,,Paris Saint-Germain,77.0,,63.8,85,60,78.7,True,True,1,boolean_field,success,True,,False,False,pass,rating-breakdown,True,63.8,85,60,78.7,pass,True,False,"{""playerCoordinates"": {""x"": 63.8, ""y"": 85}, ""passEndCoordinates"": {""x"": 60, ""y"": 78.7}, ""eventActionType"": ""pass"", ""isHome"": true, ""outcome"": true, ""keypass"": false}",,
1154605,Désiré Doué,14065702,rating-breakdown,passes,passes,,,,Paris Saint-Germain,77.0,,62.5,74.1,59.3,73.3,True,True,1,boolean_field,success,True,,False,False,pass,rating-breakdown,True,62.5,74.1,59.3,73.3,pass,True,False,"{""playerCoordinates"": {""x"": 62.5, ""y"": 74.1}, ""passEndCoordinates"": {""x"": 59.3, ""y"": 73.3}, ""eventActionType"": ""pass"", ""isHome"": true, ""outcome"": true, ""keypass"": false}",,
1154605,Désiré Doué,14065702,rating-breakdown,passes,passes,,,,Paris Saint-Germain,77.0,,90.5,71.2,88.8,53.9,,,,unresolvable,,,,False,False,pass,rating-breakdown,True,90.5,71.2,88.8,53.9,pass,True,False,"{""playerCoordinates"": {""x"": 90.5, ""y"": 71.2}, ""passEndCoordinates"": {""x"": 88.8, ""y"": 53.9}, ""eventActionType"": ""pass"", ""isHome"": true, ""keypass"": false}",,
1154605,Désiré Doué,14065702,rating-breakdown,passes,passes,,,,Paris Saint-Germain,77.0,,69.9,75.1,62.5,52.2,True,True,1,boolean_field,success,True,,False,False,pass,rating-breakdown,True,69.9,75.1,62.5,52.2,pass,True,False,"{""playerCoordinates"": {""x"": 69.9, ""y"": 75.1}, ""passEndCoordinates"": {""x"": 62.5, ""y"": 52.2}, ""eventActionType"": ""pass"", ""isHome"": true, ""outcome"": true, ""keypass"": false}",,
1154605,Désiré Doué,14065702,rating-breakdown,passes,passes,,,,Paris Saint-Germain,77.0,,92.6,75.6,90.9,66.6,,,,unresolvable,,,,False,False,pass,rating-breakdown,True,92.6,75.6,90.9,66.6,pass,True,False,"{""playerCoordinates"": {""x"": 92.6, ""y"": 75.6}, ""passEndCoordinates"": {""x"": 90.9, ""y"": 66.6}, ""eventActionType"": ""pass"", ""isHome"": true, ""keypass"": false}",,
1154605,Désiré Doué,14065702,rating-breakdown,passes,passes,,,,Paris Saint-Germain,77.0,,75.7,81.1,75.1,67.8,True,True,1,boolean_field,success,True,,False,False,pass,rating-breakdown,True,75.7,81.1,75.1,67.8,pass,True,False,"{""playerCoordinates"": {""x"": 75.7, ""y"": 81.1}, ""passEndCoordinates"": {""x"": 75.1, ""y"": 67.8}, ""eventActionType"": ""pass"", ""isHome"": true, ""outcome"": true, ""keypass"": false}",,
1154605,Désiré Doué,14065702,rating-breakdown,passes,passes,,,,Paris Saint-Germain,77.0,,55.1,3.2,60.4,9.8,True,True,1,boolean_field,success,True,,False,False,pass,rating-breakdown,True,55.1,3.2,60.4,9.8,pass,True,False,"{""playerCoordinates"": {""x"": 55.1, ""y"": 3.2}, ""passEndCoordinates"": {""x"": 60.4, ""y"": 9.8}, ""eventActionType"": ""pass"", ""isHome"": true, ""outcome"": true, ""keypass"": false}",,
1154605,Désiré Doué,14065702,rating-breakdown,passes,passes,,,,Paris Saint-Germain,77.0,,84.4,23.3,76.2,24,True,True,1,boolean_field,success,True,,False,False,pass,rating-breakdown,True,84.4,23.3,76.2,24,pass,True,False,"{""playerCoordinates"": {""x"": 84.4, ""y"": 23.3}, ""passEndCoordinates"": {""x"": 76.2, ""y"": 24}, ""eventActionType"": ""pass"", ""isHome"": true, ""outcome"": true, ""keypass"": false}",,
1154605,Désiré Doué,14065702,rating-breakdown,passes,passes,,,,Paris Saint-Germain,77.0,,69.7,88.7,60.2,85.4,True,True,1,boolean_field,success,True,,False,False,pass,rating-breakdown,True,69.7,88.7,60.2,85.4,pass,True,False,"{""playerCoordinates"": {""x"": 69.7, ""y"": 88.7}, ""passEndCoordinates"": {""x"": 60.2, ""y"": 85.4}, ""eventActionType"": ""pass"", ""isHome"": true, ""outcome"": true, ""keypass"": false}",,
1154605,Désiré Doué,14065702,rating-breakdown,passes,passes,,,,Paris Saint-Germain,77.0,,67.4,91.1,67.7,80.5,True,True,1,boolean_field,success,True,,False,False,pass,rating-breakdown,True,67.4,91.1,67.7,80.5,pass,True,False,"{""playerCoordinates"": {""x"": 67.4, ""y"": 91.1}, ""passEndCoordinates"": {""x"": 67.7, ""y"": 80.5}, ""eventActionType"": ""pass"", ""isHome"": true, ""outcome"": true, ""keypass"": false}",,
1154605,Désiré Doué,14065702,rating-breakdown,passes,passes,,,,Paris Saint-Germain,77.0,,75.4,4.9,79.8,23,True,True,1,boolean_field,success,True,,False,False,pass,rating-breakdown,True,75.4,4.9,79.8,23,pass,True,False,"{""playerCoordinates"": {""x"": 75.4, ""y"": 4.9}, ""passEndCoordinates"": {""x"": 79.8, ""y"": 23}, ""eventActionType"": ""pass"", ""isHome"": true, ""outcome"": true, ""keypass"": false}",,
1154605,Désiré Doué,14065702,rating-breakdown,passes,passes,,,,Paris Saint-Germain,77.0,,83.6,10.6,94.3,7.3,,,,unresolvable,,,,False,False,pass,rating-breakdown,True,83.6,10.6,94.3,7.3,pass,True,False,"{""playerCoordinates"": {""x"": 83.6, ""y"": 10.6}, ""passEndCoordinates"": {""x"": 94.3, ""y"": 7.3}, ""eventActionType"": ""pass"", ""isHome"": true, ""keypass"": false}",,
1154605,Désiré Doué,14065702,rating-breakdown,passes,passes,,,,Paris Saint-Germain,77.0,,71.9,63.4,75.5,55.7,True,True,1,boolean_field,success,True,,False,False,pass,rating-breakdown,True,71.9,63.4,75.5,55.7,pass,True,False,"{""playerCoordinates"": {""x"": 71.9, ""y"": 63.4}, ""passEndCoordinates"": {""x"": 75.5, ""y"": 55.7}, ""eventActionType"": ""pass"", ""isHome"": true, ""outcome"": true, ""keypass"": false}",,
1154605,Désiré Doué,14065702,rating-breakdown,passes,passes,,,,Paris Saint-Germain,77.0,,75.1,66,79.3,58.3,True,True,1,boolean_field,success,True,,False,True,key_pass,rating-breakdown,True,75.1,66,79.3,58.3,pass,True,True,"{""playerCoordinates"": {""x"": 75.1, ""y"": 66}, ""passEndCoordinates"": {""x"": 79.3, ""y"": 58.3}, ""eventActionType"": ""pass"", ""isHome"": true, ""outcome"": true, ""keypass"": true}",,
1154605,Désiré Doué,14065702,rating-breakdown,passes,passes,,,,Paris Saint-Germain,77.0,,72.8,79.7,68.9,61.8,True,True,1,boolean_field,success,True,,False,False,pass,rating-breakdown,True,72.8,79.7,68.9,61.8,pass,True,False,"{""playerCoordinates"": {""x"": 72.8, ""y"": 79.7}, ""passEndCoordinates"": {""x"": 68.9, ""y"": 61.8}, ""eventActionType"": ""pass"", ""isHome"": true, ""outcome"": true, ""keypass"": false}",,
1154605,Désiré Doué,14065702,rating-breakdown,passes,passes,,,,Paris Saint-Germain,77.0,,80.7,83.2,73.3,73.6,True,True,1,boolean_field,success,True,,False,False,pass,rating-breakdown,True,80.7,83.2,73.3,73.6,pass,True,False,"{""playerCoordinates"": {""x"": 80.7, ""y"": 83.2}, ""passEndCoordinates"": {""x"": 73.3, ""y"": 73.6}, ""eventActionType"": ""pass"", ""isHome"": true, ""outcome"": true, ""keypass"": false}",,
1154605,Désiré Doué,14065702,rating-breakdown,passes,passes,,,,Paris Saint-Germain,77.0,,67.8,55.7,62.2,36.7,True,True,1,boolean_field,success,True,,False,False,pass,rating-breakdown,True,67.8,55.7,62.2,36.7,pass,True,False,"{""playerCoordinates"": {""x"": 67.8, ""y"": 55.7}, ""passEndCoordinates"": {""x"": 62.2, ""y"": 36.7}, ""eventActionType"": ""pass"", ""isHome"": true, ""outcome"": true, ""keypass"": false}",,
1154605,Désiré Doué,14065702,rating-breakdown,passes,passes,,,,Paris Saint-Germain,77.0,,70,36,73.7,19.2,True,True,1,boolean_field,success,True,,False,False,pass,rating-breakdown,True,70,36,73.7,19.2,pass,True,False,"{""playerCoordinates"": {""x"": 70, ""y"": 36}, ""passEndCoordinates"": {""x"": 73.7, ""y"": 19.2}, ""eventActionType"": ""pass"", ""isHome"": true, ""outcome"": true, ""keypass"": false}",,
1154605,Désiré Doué,14065702,rating-breakdown,passes,passes,,,,Paris Saint-Germain,77.0,,70.9,27.4,69.7,44.2,True,True,1,boolean_field,success,True,,False,False,pass,rating-breakdown,True,70.9,27.4,69.7,44.2,pass,True,False,"{""playerCoordinates"": {""x"": 70.9, ""y"": 27.4}, ""passEndCoordinates"": {""x"": 69.7, ""y"": 44.2}, ""eventActionType"": ""pass"", ""isHome"": true, ""outcome"": true, ""keypass"": false}",,
1154605,Désiré Doué,14065702,rating-breakdown,passes,passes,,,,Paris Saint-Germain,77.0,,87.5,76.9,87.9,74.7,,,,unresolvable,,,,False,False,pass,rating-breakdown,True,87.5,76.9,87.9,74.7,cross,True,False,"{""playerCoordinates"": {""x"": 87.5, ""y"": 76.9}, ""passEndCoordinates"": {""x"": 87.9, ""y"": 74.7}, ""eventActionType"": ""cross"", ""isHome"": true, ""keypass"": false}",,
1154605,Désiré Doué,14065702,rating-breakdown,dribbles,dribbles,,,,Paris Saint-Germain,77.0,,71.4,7.4,,,,,,unresolvable,,,,False,False,,rating-breakdown,True,71.4,7.4,,,dribble,True,False,"{""playerCoordinates"": {""x"": 71.4, ""y"": 7.4}, ""eventActionType"": ""dribble"", ""isHome"": true, ""keypass"": false}",,
1154605,Désiré Doué,14065702,rating-breakdown,dribbles,dribbles,,,,Paris Saint-Germain,77.0,,91.4,90.7,,,True,True,1,boolean_field,success,,True,False,False,,rating-breakdown,True,91.4,90.7,,,dribble,True,False,"{""playerCoordinates"": {""x"": 91.4, ""y"": 90.7}, ""eventActionType"": ""dribble"", ""isHome"": true, ""outcome"": true, ""keypass"": false}",,
1154605,Désiré Doué,14065702,rating-breakdown,dribbles,dribbles,,,,Paris Saint-Germain,77.0,,78.7,19.6,,,,,,unresolvable,,,,False,False,,rating-breakdown,True,78.7,19.6,,,dribble,True,False,"{""playerCoordinates"": {""x"": 78.7, ""y"": 19.6}, ""eventActionType"": ""dribble"", ""isHome"": true, ""keypass"": false}",,
1154605,Désiré Doué,14065702,rating-breakdown,dribbles,dribbles,,,,Paris Saint-Germain,77.0,,81.1,93.2,,,True,True,1,boolean_field,success,,True,False,False,,rating-breakdown,True,81.1,93.2,,,dribble,True,False,"{""playerCoordinates"": {""x"": 81.1, ""y"": 93.2}, ""eventActionType"": ""dribble"", ""isHome"": true, ""outcome"": true, ""keypass"": false}",,
1154605,Désiré Doué,14065702,rating-breakdown,dribbles,dribbles,,,,Paris Saint-Germain,77.0,,81,93,,,True,True,1,boolean_field,success,,True,False,False,,rating-breakdown,True,81,93,,,dribble,True,False,"{""playerCoordinates"": {""x"": 81, ""y"": 93}, ""eventActionType"": ""dribble"", ""isHome"": true, ""outcome"": true, ""keypass"": false}",,
1154605,Désiré Doué,14065702,rating-breakdown,dribbles,dribbles,,,,Paris Saint-Germain,77.0,,97.4,89,,,,,,unresolvable,,,,False,False,,rating-breakdown,True,97.4,89,,,dribble,True,False,"{""playerCoordinates"": {""x"": 97.4, ""y"": 89}, ""eventActionType"": ""dribble"", ""isHome"": true, ""keypass"": false}",,
1154605,Désiré Doué,14065702,rating-breakdown,defensive,defensive,,,,Paris Saint-Germain,77.0,,64,6,,,,,,unresolvable,,,,False,False,,rating-breakdown,True,64,6,,,tackle,True,False,"{""playerCoordinates"": {""x"": 64, ""y"": 6}, ""eventActionType"": ""tackle"", ""isHome"": true, ""keypass"": false}",,
1154605,Désiré Doué,14065702,rating-breakdown,defensive,defensive,,,,Paris Saint-Germain,77.0,,68.4,2.6,,,True,True,1,boolean_field,success,,True,False,False,,rating-breakdown,True,68.4,2.6,,,tackle,True,False,"{""playerCoordinates"": {""x"": 68.4, ""y"": 2.6}, ""eventActionType"": ""tackle"", ""isHome"": true, ""outcome"": true, ""keypass"": false}",,
1154605,Désiré Doué,14065702,rating-breakdown,defensive,defensive,,,,Paris Saint-Germain,77.0,,84.9,84.7,,,True,True,1,boolean_field,success,,True,False,False,,rating-breakdown,True,84.9,84.7,,,interception,True,False,"{""playerCoordinates"": {""x"": 84.9, ""y"": 84.7}, ""eventActionType"": ""interception"", ""isHome"": true, ""outcome"": true, ""keypass"": false}",,
1154605,Désiré Doué,14065702,rating-breakdown,defensive,defensive,,,,Paris Saint-Germain,77.0,,73.8,72,,,True,True,1,boolean_field,success,,True,False,False,,rating-breakdown,True,73.8,72,,,ball-recovery,True,False,"{""playerCoordinates"": {""x"": 73.8, ""y"": 72}, ""eventActionType"": ""ball-recovery"", ""isHome"": true, ""outcome"": true, ""keypass"": false}",,
1154605,Désiré Doué,14065702,rating-breakdown,defensive,defensive,,,,Paris Saint-Germain,77.0,,77,70,,,True,True,1,boolean_field,success,,True,False,False,,rating-breakdown,True,77,70,,,tackle,True,False,"{""playerCoordinates"": {""x"": 77, ""y"": 70}, ""eventActionType"": ""tackle"", ""isHome"": true, ""outcome"": true, ""keypass"": false}",,
1154605,Désiré Doué,14065702,rating-breakdown,defensive,defensive,,,,Paris Saint-Germain,77.0,,64.2,4.2,,,True,True,1,boolean_field,success,,True,False,False,,rating-breakdown,True,64.2,4.2,,,tackle,True,False,"{""playerCoordinates"": {""x"": 64.2, ""y"": 4.2}, ""eventActionType"": ""tackle"", ""isHome"": true, ""outcome"": true, ""keypass"": false}",,
1154605,Désiré Doué,14065702,rating-breakdown,defensive,defensive,,,,Paris Saint-Germain,77.0,,78.3,51.5,,,True,True,1,boolean_field,success,,True,False,False,,rating-breakdown,True,78.3,51.5,,,ball-recovery,True,False,"{""playerCoordinates"": {""x"": 78.3, ""y"": 51.5}, ""eventActionType"": ""ball-recovery"", ""isHome"": true, ""outcome"": true, ""keypass"": false}",,
1154605,Désiré Doué,14065702,rating-breakdown,defensive,defensive,,,,Paris Saint-Germain,77.0,,55.1,3.2,,,True,True,1,boolean_field,success,,True,False,False,,rating-breakdown,True,55.1,3.2,,,ball-recovery,True,False,"{""playerCoordinates"": {""x"": 55.1, ""y"": 3.2}, ""eventActionType"": ""ball-recovery"", ""isHome"": true, ""outcome"": true, ""keypass"": false}",,
1154605,Désiré Doué,14065705,rating-breakdown,passes,passes,,,,Paris Saint-Germain,63.0,,61.2,15,45.8,19.2,True,True,1,boolean_field,success,True,,False,False,pass,rating-breakdown,True,61.2,15,45.8,19.2,pass,False,False,"{""playerCoordinates"": {""x"": 61.2, ""y"": 15}, ""passEndCoordinates"": {""x"": 45.8, ""y"": 19.2}, ""eventActionType"": ""pass"", ""isHome"": false, ""outcome"": true, ""keypass"": false}",,
1154605,Désiré Doué,14065705,rating-breakdown,passes,passes,,,,Paris Saint-Germain,63.0,,37.5,8.8,46.6,30.4,,,,unresolvable,,,,False,False,pass,rating-breakdown,True,37.5,8.8,46.6,30.4,pass,False,False,"{""playerCoordinates"": {""x"": 37.5, ""y"": 8.8}, ""passEndCoordinates"": {""x"": 46.6, ""y"": 30.4}, ""eventActionType"": ""pass"", ""isHome"": false, ""keypass"": false}",,
1154605,Désiré Doué,14065705,rating-breakdown,passes,passes,,,,Paris Saint-Germain,63.0,,32.9,12.9,22.8,12,True,True,1,boolean_field,success,True,,False,False,pass,rating-breakdown,True,32.9,12.9,22.8,12,pass,False,False,"{""playerCoordinates"": {""x"": 32.9, ""y"": 12.9}, ""passEndCoordinates"": {""x"": 22.8, ""y"": 12}, ""eventActionType"": ""pass"", ""isHome"": false, ""outcome"": true, ""keypass"": false}",,
1154605,Désiré Doué,14065705,rating-breakdown,passes,passes,,,,Paris Saint-Germain,63.0,,72.4,70.9,65,66.1,True,True,1,boolean_field,success,True,,False,False,pass,rating-breakdown,True,72.4,70.9,65,66.1,pass,False,False,"{""playerCoordinates"": {""x"": 72.4, ""y"": 70.9}, ""passEndCoordinates"": {""x"": 65, ""y"": 66.1}, ""eventActionType"": ""pass"", ""isHome"": false, ""outcome"": true, ""keypass"": false}",,
1154605,Désiré Doué,14065705,rating-breakdown,passes,passes,,,,Paris Saint-Germain,63.0,,68,8.5,55.4,7.5,True,True,1,boolean_field,success,True,,False,False,pass,rating-breakdown,True,68,8.5,55.4,7.5,pass,False,False,"{""playerCoordinates"": {""x"": 68, ""y"": 8.5}, ""passEndCoordinates"": {""x"": 55.4, ""y"": 7.5}, ""eventActionType"": ""pass"", ""isHome"": false, ""outcome"": true, ""keypass"": false}",,
1154605,Désiré Doué,14065705,rating-breakdown,passes,passes,,,,Paris Saint-Germain,63.0,,69.3,78.4,61.8,78.4,True,True,1,boolean_field,success,True,,False,False,pass,rating-breakdown,True,69.3,78.4,61.8,78.4,pass,False,False,"{""playerCoordinates"": {""x"": 69.3, ""y"": 78.4}, ""passEndCoordinates"": {""x"": 61.8, ""y"": 78.4}, ""eventActionType"": ""pass"", ""isHome"": false, ""outcome"": true, ""keypass"": false}",,
1154605,Désiré Doué,14065705,rating-breakdown,passes,passes,,,,Paris Saint-Germain,63.0,,71.3,44.4,96.1,25.2,True,True,1,boolean_field,success,True,,False,False,pass,rating-breakdown,True,71.3,44.4,96.1,25.2,pass,False,False,"{""playerCoordinates"": {""x"": 71.3, ""y"": 44.4}, ""passEndCoordinates"": {""x"": 96.1, ""y"": 25.2}, ""eventActionType"": ""pass"", ""isHome"": false, ""outcome"": true, ""keypass"": false}",,
1154605,Désiré Doué,14065705,rating-breakdown,passes,passes,,,,Paris Saint-Germain,63.0,,13.4,91.6,11.4,78.7,True,True,1,boolean_field,success,True,,False,False,pass,rating-breakdown,True,13.4,91.6,11.4,78.7,pass,False,False,"{""playerCoordinates"": {""x"": 13.4, ""y"": 91.6}, ""passEndCoordinates"": {""x"": 11.4, ""y"": 78.7}, ""eventActionType"": ""pass"", ""isHome"": false, ""outcome"": true, ""keypass"": false}",,
1154605,Désiré Doué,14065705,rating-breakdown,passes,passes,,,,Paris Saint-Germain,63.0,,56.8,74.5,64.2,81.4,True,True,1,boolean_field,success,True,,False,False,pass,rating-breakdown,True,56.8,74.5,64.2,81.4,pass,False,False,"{""playerCoordinates"": {""x"": 56.8, ""y"": 74.5}, ""passEndCoordinates"": {""x"": 64.2, ""y"": 81.4}, ""eventActionType"": ""pass"", ""isHome"": false, ""outcome"": true, ""keypass"": false}",,
1154605,Désiré Doué,14065705,rating-breakdown,passes,passes,,,,Paris Saint-Germain,63.0,,54.3,50.1,49.3,81,True,True,1,boolean_field,success,True,,False,False,pass,rating-breakdown,True,54.3,50.1,49.3,81,pass,False,False,"{""playerCoordinates"": {""x"": 54.3, ""y"": 50.1}, ""passEndCoordinates"": {""x"": 49.3, ""y"": 81}, ""eventActionType"": ""pass"", ""isHome"": false, ""outcome"": true, ""keypass"": false}",,
1154605,Désiré Doué,14065705,rating-breakdown,passes,passes,,,,Paris Saint-Germain,63.0,,70.6,89.7,71.9,8.4,,,,unresolvable,,,,False,False,pass,rating-breakdown,True,70.6,89.7,71.9,8.4,pass,False,False,"{""playerCoordinates"": {""x"": 70.6, ""y"": 89.7}, ""passEndCoordinates"": {""x"": 71.9, ""y"": 8.4}, ""eventActionType"": ""pass"", ""isHome"": false, ""keypass"": false, ""isLongBall"": true}",True,
1154605,Désiré Doué,14065705,rating-breakdown,passes,passes,,,,Paris Saint-Germain,63.0,,79.7,8.2,71,20.5,True,True,1,boolean_field,success,True,,False,False,pass,rating-breakdown,True,79.7,8.2,71,20.5,pass,False,False,"{""playerCoordinates"": {""x"": 79.7, ""y"": 8.2}, ""passEndCoordinates"": {""x"": 71, ""y"": 20.5}, ""eventActionType"": ""pass"", ""isHome"": false, ""outcome"": true, ""keypass"": false}",,
1154605,Désiré Doué,14065705,rating-breakdown,passes,passes,,,,Paris Saint-Germain,63.0,,99.5,99.5,82.2,87,True,True,1,boolean_field,success,True,,False,False,pass,rating-breakdown,True,99.5,99.5,82.2,87,pass,False,False,"{""playerCoordinates"": {""x"": 99.5, ""y"": 99.5}, ""passEndCoordinates"": {""x"": 82.2, ""y"": 87}, ""eventActionType"": ""pass"", ""isHome"": false, ""outcome"": true, ""keypass"": false}",,
1154605,Désiré Doué,14065705,rating-breakdown,passes,passes,,,,Paris Saint-Germain,63.0,,46.1,27.1,42.4,39,True,True,1,boolean_field,success,True,,False,False,pass,rating-breakdown,True,46.1,27.1,42.4,39,pass,False,False,"{""playerCoordinates"": {""x"": 46.1, ""y"": 27.1}, ""passEndCoordinates"": {""x"": 42.4, ""y"": 39}, ""eventActionType"": ""pass"", ""isHome"": false, ""outcome"": true, ""keypass"": false}",,
1154605,Désiré Doué,14065705,rating-breakdown,passes,passes,,,,Paris Saint-Germain,63.0,,45.7,54.9,38.1,62.7,True,True,1,boolean_field,success,True,,False,True,key_pass,rating-breakdown,True,45.7,54.9,38.1,62.7,pass,False,True,"{""playerCoordinates"": {""x"": 45.7, ""y"": 54.9}, ""passEndCoordinates"": {""x"": 38.1, ""y"": 62.7}, ""eventActionType"": ""pass"", ""isHome"": false, ""outcome"": true, ""keypass"": true}",,
1154605,Désiré Doué,14065705,rating-breakdown,passes,passes,,,,Paris Saint-Germain,63.0,,73.2,19,90.9,12,True,True,1,boolean_field,success,True,,False,False,pass,rating-breakdown,True,73.2,19,90.9,12,pass,False,False,"{""playerCoordinates"": {""x"": 73.2, ""y"": 19}, ""passEndCoordinates"": {""x"": 90.9, ""y"": 12}, ""eventActionType"": ""pass"", ""isHome"": false, ""outcome"": true, ""keypass"": false}",,
1154605,Désiré Doué,14065705,rating-breakdown,passes,passes,,,,Paris Saint-Germain,63.0,,74.2,9.1,64.5,11.7,True,True,1,boolean_field,success,True,,False,False,pass,rating-breakdown,True,74.2,9.1,64.5,11.7,pass,False,False,"{""playerCoordinates"": {""x"": 74.2, ""y"": 9.1}, ""passEndCoordinates"": {""x"": 64.5, ""y"": 11.7}, ""eventActionType"": ""pass"", ""isHome"": false, ""outcome"": true, ""keypass"": false}",,
1154605,Désiré Doué,14065705,rating-breakdown,passes,passes,,,,Paris Saint-Germain,63.0,,86,11.3,76.5,14.8,True,True,1,boolean_field,success,True,,False,False,pass,rating-breakdown,True,86,11.3,76.5,14.8,pass,False,False,"{""playerCoordinates"": {""x"": 86, ""y"": 11.3}, ""passEndCoordinates"": {""x"": 76.5, ""y"": 14.8}, ""eventActionType"": ""pass"", ""isHome"": false, ""outcome"": true, ""keypass"": false}",,
1154605,Désiré Doué,14065705,rating-breakdown,passes,passes,,,,Paris Saint-Germain,63.0,,93.7,11.7,95.2,44.8,,,,unresolvable,,,,False,False,pass,rating-breakdown,True,93.7,11.7,95.2,44.8,cross,False,False,"{""playerCoordinates"": {""x"": 93.7, ""y"": 11.7}, ""passEndCoordinates"": {""x"": 95.2, ""y"": 44.8}, ""eventActionType"": ""cross"", ""isHome"": false, ""keypass"": false}",,
1154605,Désiré Doué,14065705,rating-breakdown,passes,passes,,,,Paris Saint-Germain,63.0,,97.6,22.3,94.7,41.9,,,,unresolvable,,,,False,False,pass,rating-breakdown,True,97.6,22.3,94.7,41.9,pass,False,False,"{""playerCoordinates"": {""x"": 97.6, ""y"": 22.3}, ""passEndCoordinates"": {""x"": 94.7, ""y"": 41.9}, ""eventActionType"": ""pass"", ""isHome"": false, ""keypass"": false}",,
1154605,Désiré Doué,14065705,rating-breakdown,passes,passes,,,,Paris Saint-Germain,63.0,,24.5,80.7,25.5,67,True,True,1,boolean_field,success,True,,False,False,pass,rating-breakdown,True,24.5,80.7,25.5,67,pass,False,False,"{""playerCoordinates"": {""x"": 24.5, ""y"": 80.7}, ""passEndCoordinates"": {""x"": 25.5, ""y"": 67}, ""eventActionType"": ""pass"", ""isHome"": false, ""outcome"": true, ""keypass"": false}",,
1154605,Désiré Doué,14065705,rating-breakdown,passes,passes,,,,Paris Saint-Germain,63.0,,66.6,90.4,58.6,70.3,True,True,1,boolean_field,success,True,,False,False,pass,rating-breakdown,True,66.6,90.4,58.6,70.3,pass,False,False,"{""playerCoordinates"": {""x"": 66.6, ""y"": 90.4}, ""passEndCoordinates"": {""x"": 58.6, ""y"": 70.3}, ""eventActionType"": ""pass"", ""isHome"": false, ""outcome"": true, ""keypass"": false}",,
1154605,Désiré Doué,14065705,rating-breakdown,passes,passes,,,,Paris Saint-Germain,63.0,,59.9,88.8,59.9,70.2,True,True,1,boolean_field,success,True,,False,False,pass,rating-breakdown,True,59.9,88.8,59.9,70.2,pass,False,False,"{""playerCoordinates"": {""x"": 59.9, ""y"": 88.8}, ""passEndCoordinates"": {""x"": 59.9, ""y"": 70.2}, ""eventActionType"": ""pass"", ""isHome"": false, ""outcome"": true, ""keypass"": false}",,
1154605,Désiré Doué,14065705,rating-breakdown,passes,passes,,,,Paris Saint-Germain,63.0,,91.4,88.3,76.4,90.6,True,True,1,boolean_field,success,True,,False,False,pass,rating-breakdown,True,91.4,88.3,76.4,90.6,pass,False,False,"{""playerCoordinates"": {""x"": 91.4, ""y"": 88.3}, ""passEndCoordinates"": {""x"": 76.4, ""y"": 90.6}, ""eventActionType"": ""pass"", ""isHome"": false, ""outcome"": true, ""keypass"": false}",,
1154605,Désiré Doué,14065705,rating-breakdown,passes,passes,,,,Paris Saint-Germain,63.0,,72.2,27.7,70.6,47.1,True,True,1,boolean_field,success,True,,False,False,pass,rating-breakdown,True,72.2,27.7,70.6,47.1,pass,False,False,"{""playerCoordinates"": {""x"": 72.2, ""y"": 27.7}, ""passEndCoordinates"": {""x"": 70.6, ""y"": 47.1}, ""eventActionType"": ""pass"", ""isHome"": false, ""outcome"": true, ""keypass"": false}",,
1154605,Désiré Doué,14065705,rating-breakdown,dribbles,dribbles,,,,Paris Saint-Germain,63.0,,71.4,30.2,,,True,True,1,boolean_field,success,,True,False,False,,rating-breakdown,True,71.4,30.2,,,dribble,False,False,"{""playerCoordinates"": {""x"": 71.4, ""y"": 30.2}, ""eventActionType"": ""dribble"", ""isHome"": false, ""outcome"": true, ""keypass"": false}",,
1154605,Désiré Doué,14065705,rating-breakdown,dribbles,dribbles,,,,Paris Saint-Germain,63.0,,34.3,86.2,,,,,,unresolvable,,,,False,False,,rating-breakdown,True,34.3,86.2,,,dribble,False,False,"{""playerCoordinates"": {""x"": 34.3, ""y"": 86.2}, ""eventActionType"": ""dribble"", ""isHome"": false, ""keypass"": false}",,
1154605,Désiré Doué,14065705,rating-breakdown,dribbles,dribbles,,,,Paris Saint-Germain,63.0,,90.8,79.8,,,,,,unresolvable,,,,False,False,,rating-breakdown,True,90.8,79.8,,,dribble,False,False,"{""playerCoordinates"": {""x"": 90.8, ""y"": 79.8}, ""eventActionType"": ""dribble"", ""isHome"": false, ""keypass"": false}",,
1154605,Désiré Doué,14065705,rating-breakdown,dribbles,dribbles,,,,Paris Saint-Germain,63.0,,87,70.2,,,,,,unresolvable,,,,False,False,,rating-breakdown,True,87,70.2,,,dribble,False,False,"{""playerCoordinates"": {""x"": 87, ""y"": 70.2}, ""eventActionType"": ""dribble"", ""isHome"": false, ""keypass"": false}",,
1154605,Désiré Doué,14065705,rating-breakdown,defensive,defensive,,,,Paris Saint-Germain,63.0,,37.5,8.8,,,True,True,1,boolean_field,success,,True,False,False,,rating-breakdown,True,37.5,8.8,,,ball-recovery,False,False,"{""playerCoordinates"": {""x"": 37.5, ""y"": 8.8}, ""eventActionType"": ""ball-recovery"", ""isHome"": false, ""outcome"": true, ""keypass"": false}",,
1154605,Désiré Doué,14065705,rating-breakdown,defensive,defensive,,,,Paris Saint-Germain,63.0,,34.2,14.2,,,True,True,1,boolean_field,success,,True,False,False,,rating-breakdown,True,34.2,14.2,,,ball-recovery,False,False,"{""playerCoordinates"": {""x"": 34.2, ""y"": 14.2}, ""eventActionType"": ""ball-recovery"", ""isHome"": false, ""outcome"": true, ""keypass"": false}",,
1154605,Désiré Doué,14065705,rating-breakdown,defensive,defensive,,,,Paris Saint-Germain,63.0,,18.3,70,,,True,True,1,boolean_field,success,,True,False,False,,rating-breakdown,True,18.3,70,,,block,False,False,"{""playerCoordinates"": {""x"": 18.3, ""y"": 70}, ""eventActionType"": ""block"", ""isHome"": false, ""outcome"": true, ""keypass"": false}",,
1154605,Désiré Doué,14065705,rating-breakdown,defensive,defensive,,,,Paris Saint-Germain,63.0,,18.6,91.8,,,True,True,1,boolean_field,success,,True,False,False,,rating-breakdown,True,18.6,91.8,,,ball-recovery,False,False,"{""playerCoordinates"": {""x"": 18.6, ""y"": 91.8}, ""eventActionType"": ""ball-recovery"", ""isHome"": false, ""outcome"": true, ""keypass"": false}",,
1154605,Désiré Doué,14065705,rating-breakdown,defensive,defensive,,,,Paris Saint-Germain,63.0,,70.2,26.7,,,True,True,1,boolean_field,success,,True,False,False,,rating-breakdown,True,70.2,26.7,,,ball-recovery,False,False,"{""playerCoordinates"": {""x"": 70.2, ""y"": 26.7}, ""eventActionType"": ""ball-recovery"", ""isHome"": false, ""outcome"": true, ""keypass"": false}",,
1154605,Désiré Doué,14167897,rating-breakdown,passes,passes,,,,Paris Saint-Germain,61.0,,50.2,49.8,74.9,100,,,,unresolvable,,,,False,False,pass,rating-breakdown,True,50.2,49.8,74.9,100,pass,True,False,"{""playerCoordinates"": {""x"": 50.2, ""y"": 49.8}, ""passEndCoordinates"": {""x"": 74.9, ""y"": 100}, ""eventActionType"": ""pass"", ""isHome"": true, ""keypass"": false, ""isLongBall"": true}",True,
1154605,Désiré Doué,14167897,rating-breakdown,passes,passes,,,,Paris Saint-Germain,61.0,,98.8,29.5,93.1,38.1,,,,unresolvable,,,,False,False,pass,rating-breakdown,True,98.8,29.5,93.1,38.1,pass,True,False,"{""playerCoordinates"": {""x"": 98.8, ""y"": 29.5}, ""passEndCoordinates"": {""x"": 93.1, ""y"": 38.1}, ""eventActionType"": ""pass"", ""isHome"": true, ""keypass"": false}",,
1154605,Désiré Doué,14167897,rating-breakdown,passes,passes,,,,Paris Saint-Germain,61.0,,65.8,59.2,62.6,51.1,True,True,1,boolean_field,success,True,,False,False,pass,rating-breakdown,True,65.8,59.2,62.6,51.1,pass,True,False,"{""playerCoordinates"": {""x"": 65.8, ""y"": 59.2}, ""passEndCoordinates"": {""x"": 62.6, ""y"": 51.1}, ""eventActionType"": ""pass"", ""isHome"": true, ""outcome"": true, ""keypass"": false}",,
1154605,Désiré Doué,14167897,rating-breakdown,passes,passes,,,,Paris Saint-Germain,61.0,,66.3,52.9,70.3,13,True,True,1,boolean_field,success,True,,False,False,pass,rating-breakdown,True,66.3,52.9,70.3,13,pass,True,False,"{""playerCoordinates"": {""x"": 66.3, ""y"": 52.9}, ""passEndCoordinates"": {""x"": 70.3, ""y"": 13}, ""eventActionType"": ""pass"", ""isHome"": true, ""outcome"": true, ""keypass"": false}",,
1154605,Désiré Doué,14167897,rating-breakdown,passes,passes,,,,Paris Saint-Germain,61.0,,91.4,74.4,91.2,60.7,True,True,1,boolean_field,success,True,,True,True,assist,rating-breakdown,True,91.4,74.4,91.2,60.7,pass,True,True,"{""playerCoordinates"": {""x"": 91.4, ""y"": 74.4}, ""passEndCoordinates"": {""x"": 91.2, ""y"": 60.7}, ""eventActionType"": ""pass"", ""isHome"": true, ""outcome"": true, ""keypass"": true, ""isAssist"": true}",,True
1154605,Désiré Doué,14167897,rating-breakdown,passes,passes,,,,Paris Saint-Germain,61.0,,14.2,71.5,30.2,9.9,True,True,1,boolean_field,success,True,,False,False,pass,rating-breakdown,True,14.2,71.5,30.2,9.9,pass,True,False,"{""playerCoordinates"": {""x"": 14.2, ""y"": 71.5}, ""passEndCoordinates"": {""x"": 30.2, ""y"": 9.9}, ""eventActionType"": ""pass"", ""isHome"": true, ""outcome"": true, ""keypass"": false, ""isLongBall"": true}",True,
1154605,Désiré Doué,14167897,rating-breakdown,passes,passes,,,,Paris Saint-Germain,61.0,,46.6,47.5,33.3,32.2,True,True,1,boolean_field,success,True,,False,False,pass,rating-breakdown,True,46.6,47.5,33.3,32.2,pass,True,False,"{""playerCoordinates"": {""x"": 46.6, ""y"": 47.5}, ""passEndCoordinates"": {""x"": 33.3, ""y"": 32.2}, ""eventActionType"": ""pass"", ""isHome"": true, ""outcome"": true, ""keypass"": false}",,
1154605,Désiré Doué,14167897,rating-breakdown,passes,passes,,,,Paris Saint-Germain,61.0,,60.1,75.7,79.3,75.9,,,,unresolvable,,,,False,False,pass,rating-breakdown,True,60.1,75.7,79.3,75.9,pass,True,False,"{""playerCoordinates"": {""x"": 60.1, ""y"": 75.7}, ""passEndCoordinates"": {""x"": 79.3, ""y"": 75.9}, ""eventActionType"": ""pass"", ""isHome"": true, ""keypass"": false}",,
1154605,Désiré Doué,14167897,rating-breakdown,passes,passes,,,,Paris Saint-Germain,61.0,,71,32.7,71,19.2,True,True,1,boolean_field,success,True,,False,False,pass,rating-breakdown,True,71,32.7,71,19.2,pass,True,False,"{""playerCoordinates"": {""x"": 71, ""y"": 32.7}, ""passEndCoordinates"": {""x"": 71, ""y"": 19.2}, ""eventActionType"": ""pass"", ""isHome"": true, ""outcome"": true, ""keypass"": false}",,
1154605,Désiré Doué,14167897,rating-breakdown,passes,passes,,,,Paris Saint-Germain,61.0,,70.5,34.3,66.6,23.5,True,True,1,boolean_field,success,True,,False,False,pass,rating-breakdown,True,70.5,34.3,66.6,23.5,pass,True,False,"{""playerCoordinates"": {""x"": 70.5, ""y"": 34.3}, ""passEndCoordinates"": {""x"": 66.6, ""y"": 23.5}, ""eventActionType"": ""pass"", ""isHome"": true, ""outcome"": true, ""keypass"": false}",,
1154605,Désiré Doué,14167897,rating-breakdown,passes,passes,,,,Paris Saint-Germain,61.0,,53.1,44.4,42.7,27.3,True,True,1,boolean_field,success,True,,False,False,pass,rating-breakdown,True,53.1,44.4,42.7,27.3,pass,True,False,"{""playerCoordinates"": {""x"": 53.1, ""y"": 44.4}, ""passEndCoordinates"": {""x"": 42.7, ""y"": 27.3}, ""eventActionType"": ""pass"", ""isHome"": true, ""outcome"": true, ""keypass"": false}",,
1154605,Désiré Doué,14167897,rating-breakdown,passes,passes,,,,Paris Saint-Germain,61.0,,59.7,21,89,88.8,,,,unresolvable,,,,False,False,pass,rating-breakdown,True,59.7,21,89,88.8,pass,True,False,"{""playerCoordinates"": {""x"": 59.7, ""y"": 21}, ""passEndCoordinates"": {""x"": 89, ""y"": 88.8}, ""eventActionType"": ""pass"", ""isHome"": true, ""keypass"": false, ""isLongBall"": true}",True,
1154605,Désiré Doué,14167897,rating-breakdown,passes,passes,,,,Paris Saint-Germain,61.0,,35.5,37.2,45.9,18.6,True,True,1,boolean_field,success,True,,False,False,pass,rating-breakdown,True,35.5,37.2,45.9,18.6,pass,True,False,"{""playerCoordinates"": {""x"": 35.5, ""y"": 37.2}, ""passEndCoordinates"": {""x"": 45.9, ""y"": 18.6}, ""eventActionType"": ""pass"", ""isHome"": true, ""outcome"": true, ""keypass"": false}",,
1154605,Désiré Doué,14167897,rating-breakdown,passes,passes,,,,Paris Saint-Germain,61.0,,41.9,32.4,39.6,13.3,True,True,1,boolean_field,success,True,,False,False,pass,rating-breakdown,True,41.9,32.4,39.6,13.3,pass,True,False,"{""playerCoordinates"": {""x"": 41.9, ""y"": 32.4}, ""passEndCoordinates"": {""x"": 39.6, ""y"": 13.3}, ""eventActionType"": ""pass"", ""isHome"": true, ""outcome"": true, ""keypass"": false}",,
1154605,Désiré Doué,14167897,rating-breakdown,passes,passes,,,,Paris Saint-Germain,61.0,,42.6,29.8,54.1,5.8,True,True,1,boolean_field,success,True,,False,False,pass,rating-breakdown,True,42.6,29.8,54.1,5.8,pass,True,False,"{""playerCoordinates"": {""x"": 42.6, ""y"": 29.8}, ""passEndCoordinates"": {""x"": 54.1, ""y"": 5.8}, ""eventActionType"": ""pass"", ""isHome"": true, ""outcome"": true, ""keypass"": false}",,
1154605,Désiré Doué,14167897,rating-breakdown,passes,passes,,,,Paris Saint-Germain,61.0,,45.7,30.7,39.7,46.2,True,True,1,boolean_field,success,True,,False,False,pass,rating-breakdown,True,45.7,30.7,39.7,46.2,pass,True,False,"{""playerCoordinates"": {""x"": 45.7, ""y"": 30.7}, ""passEndCoordinates"": {""x"": 39.7, ""y"": 46.2}, ""eventActionType"": ""pass"", ""isHome"": true, ""outcome"": true, ""keypass"": false}",,
1154605,Désiré Doué,14167897,rating-breakdown,passes,passes,,,,Paris Saint-Germain,61.0,,56.8,85.6,37.2,78.3,True,True,1,boolean_field,success,True,,False,False,pass,rating-breakdown,True,56.8,85.6,37.2,78.3,pass,True,False,"{""playerCoordinates"": {""x"": 56.8, ""y"": 85.6}, ""passEndCoordinates"": {""x"": 37.2, ""y"": 78.3}, ""eventActionType"": ""pass"", ""isHome"": true, ""outcome"": true, ""keypass"": false}",,
1154605,Désiré Doué,14167897,rating-breakdown,passes,passes,,,,Paris Saint-Germain,61.0,,31,68.2,10,43.2,True,True,1,boolean_field,success,True,,False,False,pass,rating-breakdown,True,31,68.2,10,43.2,pass,True,False,"{""playerCoordinates"": {""x"": 31, ""y"": 68.2}, ""passEndCoordinates"": {""x"": 10, ""y"": 43.2}, ""eventActionType"": ""pass"", ""isHome"": true, ""outcome"": true, ""keypass"": false}",,
1154605,Désiré Doué,14167897,rating-breakdown,passes,passes,,,,Paris Saint-Germain,61.0,,26.1,46.6,36.9,9.3,True,True,1,boolean_field,success,True,,False,False,pass,rating-breakdown,True,26.1,46.6,36.9,9.3,pass,True,False,"{""playerCoordinates"": {""x"": 26.1, ""y"": 46.6}, ""passEndCoordinates"": {""x"": 36.9, ""y"": 9.3}, ""eventActionType"": ""pass"", ""isHome"": true, ""outcome"": true, ""keypass"": false}",,
1154605,Désiré Doué,14167897,rating-breakdown,passes,passes,,,,Paris Saint-Germain,61.0,,76.7,63.9,89.3,76.3,True,True,1,boolean_field,success,True,,False,False,pass,rating-breakdown,True,76.7,63.9,89.3,76.3,pass,True,False,"{""playerCoordinates"": {""x"": 76.7, ""y"": 63.9}, ""passEndCoordinates"": {""x"": 89.3, ""y"": 76.3}, ""eventActionType"": ""pass"", ""isHome"": true, ""outcome"": true, ""keypass"": false}",,
1154605,Désiré Doué,14167897,rating-breakdown,passes,passes,,,,Paris Saint-Germain,61.0,,94.9,71.7,93.7,69.3,True,True,1,boolean_field,success,True,,False,False,pass,rating-breakdown,True,94.9,71.7,93.7,69.3,pass,True,False,"{""playerCoordinates"": {""x"": 94.9, ""y"": 71.7}, ""passEndCoordinates"": {""x"": 93.7, ""y"": 69.3}, ""eventActionType"": ""pass"", ""isHome"": true, ""outcome"": true, ""keypass"": false}",,
1154605,Désiré Doué,14167897,rating-breakdown,passes,passes,,,,Paris Saint-Germain,61.0,,32.2,69,25.4,55.8,True,True,1,boolean_field,success,True,,False,False,pass,rating-breakdown,True,32.2,69,25.4,55.8,pass,True,False,"{""playerCoordinates"": {""x"": 32.2, ""y"": 69}, ""passEndCoordinates"": {""x"": 25.4, ""y"": 55.8}, ""eventActionType"": ""pass"", ""isHome"": true, ""outcome"": true, ""keypass"": false}",,
1154605,Désiré Doué,14167897,rating-breakdown,passes,passes,,,,Paris Saint-Germain,61.0,,12.8,82.2,11.1,92.8,True,True,1,boolean_field,success,True,,False,False,pass,rating-breakdown,True,12.8,82.2,11.1,92.8,pass,True,False,"{""playerCoordinates"": {""x"": 12.8, ""y"": 82.2}, ""passEndCoordinates"": {""x"": 11.1, ""y"": 92.8}, ""eventActionType"": ""pass"", ""isHome"": true, ""outcome"": true, ""keypass"": false}",,
1154605,Désiré Doué,14167897,rating-breakdown,passes,passes,,,,Paris Saint-Germain,61.0,,6.2,81,3.7,64.6,True,True,1,boolean_field,success,True,,False,False,pass,rating-breakdown,True,6.2,81,3.7,64.6,pass,True,False,"{""playerCoordinates"": {""x"": 6.2, ""y"": 81}, ""passEndCoordinates"": {""x"": 3.7, ""y"": 64.6}, ""eventActionType"": ""pass"", ""isHome"": true, ""outcome"": true, ""keypass"": false}",,
1154605,Désiré Doué,14167897,rating-breakdown,passes,passes,,,,Paris Saint-Germain,61.0,,21.7,82.2,28.1,88,True,True,1,boolean_field,success,True,,False,True,key_pass,rating-breakdown,True,21.7,82.2,28.1,88,pass,True,True,"{""playerCoordinates"": {""x"": 21.7, ""y"": 82.2}, ""passEndCoordinates"": {""x"": 28.1, ""y"": 88}, ""eventActionType"": ""pass"", ""isHome"": true, ""outcome"": true, ""keypass"": true}",,
1154605,Désiré Doué,14167897,rating-breakdown,passes,passes,,,,Paris Saint-Germain,61.0,,56.5,44.4,65.9,9.4,True,True,1,boolean_field,success,True,,False,False,pass,rating-breakdown,True,56.5,44.4,65.9,9.4,pass,True,False,"{""playerCoordinates"": {""x"": 56.5, ""y"": 44.4}, ""passEndCoordinates"": {""x"": 65.9, ""y"": 9.4}, ""eventActionType"": ""pass"", ""isHome"": true, ""outcome"": true, ""keypass"": false}",,
1154605,Désiré Doué,14167897,rating-breakdown,passes,passes,,,,Paris Saint-Germain,61.0,,67.3,30.4,55.4,61.8,True,True,1,boolean_field,success,True,,False,False,pass,rating-breakdown,True,67.3,30.4,55.4,61.8,pass,True,False,"{""playerCoordinates"": {""x"": 67.3, ""y"": 30.4}, ""passEndCoordinates"": {""x"": 55.4, ""y"": 61.8}, ""eventActionType"": ""pass"", ""isHome"": true, ""outcome"": true, ""keypass"": false}",,
1154605,Désiré Doué,14167897,rating-breakdown,passes,passes,,,,Paris Saint-Germain,61.0,,50.3,49.6,58.5,66.9,True,True,1,boolean_field,success,True,,False,False,pass,rating-breakdown,True,50.3,49.6,58.5,66.9,pass,True,False,"{""playerCoordinates"": {""x"": 50.3, ""y"": 49.6}, ""passEndCoordinates"": {""x"": 58.5, ""y"": 66.9}, ""eventActionType"": ""pass"", ""isHome"": true, ""outcome"": true, ""keypass"": false}",,
1154605,Désiré Doué,14167897,rating-breakdown,passes,passes,,,,Paris Saint-Germain,61.0,,63.1,56.5,39.7,58.6,True,True,1,boolean_field,success,True,,False,False,pass,rating-breakdown,True,63.1,56.5,39.7,58.6,pass,True,False,"{""playerCoordinates"": {""x"": 63.1, ""y"": 56.5}, ""passEndCoordinates"": {""x"": 39.7, ""y"": 58.6}, ""eventActionType"": ""pass"", ""isHome"": true, ""outcome"": true, ""keypass"": false}",,
1154605,Désiré Doué,14167897,rating-breakdown,passes,passes,,,,Paris Saint-Germain,61.0,,20,81.6,7,76,True,True,1,boolean_field,success,True,,False,False,pass,rating-breakdown,True,20,81.6,7,76,pass,True,False,"{""playerCoordinates"": {""x"": 20, ""y"": 81.6}, ""passEndCoordinates"": {""x"": 7, ""y"": 76}, ""eventActionType"": ""pass"", ""isHome"": true, ""outcome"": true, ""keypass"": false}",,
1154605,Désiré Doué,14167897,rating-breakdown,passes,passes,,,,Paris Saint-Germain,61.0,,18.5,29.1,18.3,13,True,True,1,boolean_field,success,True,,False,False,pass,rating-breakdown,True,18.5,29.1,18.3,13,pass,True,False,"{""playerCoordinates"": {""x"": 18.5, ""y"": 29.1}, ""passEndCoordinates"": {""x"": 18.3, ""y"": 13}, ""eventActionType"": ""pass"", ""isHome"": true, ""outcome"": true, ""keypass"": false}",,
1154605,Désiré Doué,14167897,rating-breakdown,passes,passes,,,,Paris Saint-Germain,61.0,,39.5,57.6,36.5,46.2,True,True,1,boolean_field,success,True,,False,False,pass,rating-breakdown,True,39.5,57.6,36.5,46.2,pass,True,False,"{""playerCoordinates"": {""x"": 39.5, ""y"": 57.6}, ""passEndCoordinates"": {""x"": 36.5, ""y"": 46.2}, ""eventActionType"": ""pass"", ""isHome"": true, ""outcome"": true, ""keypass"": false}",,
1154605,Désiré Doué,14167897,rating-breakdown,passes,passes,,,,Paris Saint-Germain,61.0,,45,65.8,36.4,85.8,True,True,1,boolean_field,success,True,,False,False,pass,rating-breakdown,True,45,65.8,36.4,85.8,pass,True,False,"{""playerCoordinates"": {""x"": 45, ""y"": 65.8}, ""passEndCoordinates"": {""x"": 36.4, ""y"": 85.8}, ""eventActionType"": ""pass"", ""isHome"": true, ""outcome"": true, ""keypass"": false}",,
1154605,Désiré Doué,14167897,rating-breakdown,passes,passes,,,,Paris Saint-Germain,61.0,,34.6,93,42.5,91.8,True,True,1,boolean_field,success,True,,False,False,pass,rating-breakdown,True,34.6,93,42.5,91.8,pass,True,False,"{""playerCoordinates"": {""x"": 34.6, ""y"": 93}, ""passEndCoordinates"": {""x"": 42.5, ""y"": 91.8}, ""eventActionType"": ""pass"", ""isHome"": true, ""outcome"": true, ""keypass"": false}",,
1154605,Désiré Doué,14167897,rating-breakdown,passes,passes,,,,Paris Saint-Germain,61.0,,44.2,54.4,37.1,49,True,True,1,boolean_field,success,True,,False,False,pass,rating-breakdown,True,44.2,54.4,37.1,49,pass,True,False,"{""playerCoordinates"": {""x"": 44.2, ""y"": 54.4}, ""passEndCoordinates"": {""x"": 37.1, ""y"": 49}, ""eventActionType"": ""pass"", ""isHome"": true, ""outcome"": true, ""keypass"": false}",,
1154605,Désiré Doué,14167897,rating-breakdown,passes,passes,,,,Paris Saint-Germain,61.0,,71.1,89.7,63.9,54.7,True,True,1,boolean_field,success,True,,False,False,pass,rating-breakdown,True,71.1,89.7,63.9,54.7,pass,True,False,"{""playerCoordinates"": {""x"": 71.1, ""y"": 89.7}, ""passEndCoordinates"": {""x"": 63.9, ""y"": 54.7}, ""eventActionType"": ""pass"", ""isHome"": true, ""outcome"": true, ""keypass"": false}",,
1154605,Désiré Doué,14167897,rating-breakdown,passes,passes,,,,Paris Saint-Germain,61.0,,55.9,93.9,59.2,87,True,True,1,boolean_field,success,True,,False,False,pass,rating-breakdown,True,55.9,93.9,59.2,87,pass,True,False,"{""playerCoordinates"": {""x"": 55.9, ""y"": 93.9}, ""passEndCoordinates"": {""x"": 59.2, ""y"": 87}, ""eventActionType"": ""pass"", ""isHome"": true, ""outcome"": true, ""keypass"": false}",,
1154605,Désiré Doué,14167897,rating-breakdown,passes,passes,,,,Paris Saint-Germain,61.0,,6.1,87.4,10.4,76.6,,,,unresolvable,,,,False,False,pass,rating-breakdown,True,6.1,87.4,10.4,76.6,pass,True,False,"{""playerCoordinates"": {""x"": 6.1, ""y"": 87.4}, ""passEndCoordinates"": {""x"": 10.4, ""y"": 76.6}, ""eventActionType"": ""pass"", ""isHome"": true, ""keypass"": false}",,
1154605,Désiré Doué,14167897,rating-breakdown,passes,passes,,,,Paris Saint-Germain,61.0,,50.1,50.1,73.7,100,,,,unresolvable,,,,False,False,pass,rating-breakdown,True,50.1,50.1,73.7,100,pass,True,False,"{""playerCoordinates"": {""x"": 50.1, ""y"": 50.1}, ""passEndCoordinates"": {""x"": 73.7, ""y"": 100}, ""eventActionType"": ""pass"", ""isHome"": true, ""keypass"": false, ""isLongBall"": true}",True,
1154605,Désiré Doué,14167897,rating-breakdown,passes,passes,,,,Paris Saint-Germain,61.0,,48,90.9,32.7,86.8,True,True,1,boolean_field,success,True,,False,False,pass,rating-breakdown,True,48,90.9,32.7,86.8,pass,True,False,"{""playerCoordinates"": {""x"": 48, ""y"": 90.9}, ""passEndCoordinates"": {""x"": 32.7, ""y"": 86.8}, ""eventActionType"": ""pass"", ""isHome"": true, ""outcome"": true, ""keypass"": false}",,
1154605,Désiré Doué,14167897,rating-breakdown,passes,passes,,,,Paris Saint-Germain,61.0,,37.1,86.4,54.1,80.5,,,,unresolvable,,,,False,False,pass,rating-breakdown,True,37.1,86.4,54.1,80.5,pass,True,False,"{""playerCoordinates"": {""x"": 37.1, ""y"": 86.4}, ""passEndCoordinates"": {""x"": 54.1, ""y"": 80.5}, ""eventActionType"": ""pass"", ""isHome"": true, ""keypass"": false}",,
1154605,Désiré Doué,14167897,rating-breakdown,passes,passes,,,,Paris Saint-Germain,61.0,,50.1,50.4,76.7,100,,,,unresolvable,,,,False,False,pass,rating-breakdown,True,50.1,50.4,76.7,100,pass,True,False,"{""playerCoordinates"": {""x"": 50.1, ""y"": 50.4}, ""passEndCoordinates"": {""x"": 76.7, ""y"": 100}, ""eventActionType"": ""pass"", ""isHome"": true, ""keypass"": false, ""isLongBall"": true}",True,
1154605,Désiré Doué,14167897,rating-breakdown,passes,passes,,,,Paris Saint-Germain,61.0,,69.2,52.2,77.1,53.7,,,,unresolvable,,,,False,False,pass,rating-breakdown,True,69.2,52.2,77.1,53.7,pass,True,False,"{""playerCoordinates"": {""x"": 69.2, ""y"": 52.2}, ""passEndCoordinates"": {""x"": 77.1, ""y"": 53.7}, ""eventActionType"": ""pass"", ""isHome"": true, ""keypass"": false}",,
1154605,Désiré Doué,14167897,rating-breakdown,passes,passes,,,,Paris Saint-Germain,61.0,,45,88.3,36.8,65.4,True,True,1,boolean_field,success,True,,False,False,pass,rating-breakdown,True,45,88.3,36.8,65.4,pass,True,False,"{""playerCoordinates"": {""x"": 45, ""y"": 88.3}, ""passEndCoordinates"": {""x"": 36.8, ""y"": 65.4}, ""eventActionType"": ""pass"", ""isHome"": true, ""outcome"": true, ""keypass"": false}",,
1154605,Désiré Doué,14167897,rating-breakdown,passes,passes,,,,Paris Saint-Germain,61.0,,32.4,91.9,30.2,85,True,True,1,boolean_field,success,True,,False,False,pass,rating-breakdown,True,32.4,91.9,30.2,85,pass,True,False,"{""playerCoordinates"": {""x"": 32.4, ""y"": 91.9}, ""passEndCoordinates"": {""x"": 30.2, ""y"": 85}, ""eventActionType"": ""pass"", ""isHome"": true, ""outcome"": true, ""keypass"": false}",,
1154605,Désiré Doué,14167897,rating-breakdown,passes,passes,,,,Paris Saint-Germain,61.0,,37.4,90.9,26.8,54.1,True,True,1,boolean_field,success,True,,False,False,pass,rating-breakdown,True,37.4,90.9,26.8,54.1,pass,True,False,"{""playerCoordinates"": {""x"": 37.4, ""y"": 90.9}, ""passEndCoordinates"": {""x"": 26.8, ""y"": 54.1}, ""eventActionType"": ""pass"", ""isHome"": true, ""outcome"": true, ""keypass"": false}",,
1154605,Désiré Doué,14167897,rating-breakdown,passes,passes,,,,Paris Saint-Germain,61.0,,45.7,92.1,40.2,80.8,True,True,1,boolean_field,success,True,,False,False,pass,rating-breakdown,True,45.7,92.1,40.2,80.8,pass,True,False,"{""playerCoordinates"": {""x"": 45.7, ""y"": 92.1}, ""passEndCoordinates"": {""x"": 40.2, ""y"": 80.8}, ""eventActionType"": ""pass"", ""isHome"": true, ""outcome"": true, ""keypass"": false}",,
1154605,Désiré Doué,14167897,rating-breakdown,passes,passes,,,,Paris Saint-Germain,61.0,,31,93.4,16.6,64.2,True,True,1,boolean_field,success,True,,False,False,pass,rating-breakdown,True,31,93.4,16.6,64.2,pass,True,False,"{""playerCoordinates"": {""x"": 31, ""y"": 93.4}, ""passEndCoordinates"": {""x"": 16.6, ""y"": 64.2}, ""eventActionType"": ""pass"", ""isHome"": true, ""outcome"": true, ""keypass"": false}",,
1154605,Désiré Doué,14167897,rating-breakdown,passes,passes,,,,Paris Saint-Germain,61.0,,84.8,77.1,82.5,67.3,True,True,1,boolean_field,success,True,,False,False,pass,rating-breakdown,True,84.8,77.1,82.5,67.3,pass,True,False,"{""playerCoordinates"": {""x"": 84.8, ""y"": 77.1}, ""passEndCoordinates"": {""x"": 82.5, ""y"": 67.3}, ""eventActionType"": ""pass"", ""isHome"": true, ""outcome"": true, ""keypass"": false}",,
1154605,Désiré Doué,14167897,rating-breakdown,dribbles,dribbles,,,,Paris Saint-Germain,61.0,,68.6,78.4,,,,,,unresolvable,,,,False,False,,rating-breakdown,True,68.6,78.4,,,dribble,True,False,"{""playerCoordinates"": {""x"": 68.6, ""y"": 78.4}, ""eventActionType"": ""dribble"", ""isHome"": true, ""keypass"": false}",,
1154605,Désiré Doué,14167897,rating-breakdown,dribbles,dribbles,,,,Paris Saint-Germain,61.0,,88.4,25,,,,,,unresolvable,,,,False,False,,rating-breakdown,True,88.4,25,,,dribble,True,False,"{""playerCoordinates"": {""x"": 88.4, ""y"": 25}, ""eventActionType"": ""dribble"", ""isHome"": true, ""keypass"": false}",,
1154605,Désiré Doué,14167897,rating-breakdown,dribbles,dribbles,,,,Paris Saint-Germain,61.0,,85.4,22.6,,,,,,unresolvable,,,,False,False,,rating-breakdown,True,85.4,22.6,,,dribble,True,False,"{""playerCoordinates"": {""x"": 85.4, ""y"": 22.6}, ""eventActionType"": ""dribble"", ""isHome"": true, ""keypass"": false}",,
1154605,Désiré Doué,14167897,rating-breakdown,dribbles,dribbles,,,,Paris Saint-Germain,61.0,,76.2,76.8,,,,,,unresolvable,,,,False,False,,rating-breakdown,True,76.2,76.8,,,dribble,True,False,"{""playerCoordinates"": {""x"": 76.2, ""y"": 76.8}, ""eventActionType"": ""dribble"", ""isHome"": true, ""keypass"": false}",,
1154605,Désiré Doué,14167897,rating-breakdown,dribbles,dribbles,,,,Paris Saint-Germain,61.0,,84.8,71.8,,,,,,unresolvable,,,,False,False,,rating-breakdown,True,84.8,71.8,,,dribble,True,False,"{""playerCoordinates"": {""x"": 84.8, ""y"": 71.8}, ""eventActionType"": ""dribble"", ""isHome"": true, ""keypass"": false}",,
1154605,Désiré Doué,14167897,rating-breakdown,dribbles,dribbles,,,,Paris Saint-Germain,61.0,,41.4,90.4,,,,,,unresolvable,,,,False,False,,rating-breakdown,True,41.4,90.4,,,dribble,True,False,"{""playerCoordinates"": {""x"": 41.4, ""y"": 90.4}, ""eventActionType"": ""dribble"", ""isHome"": true, ""keypass"": false}",,
1154605,Désiré Doué,14167897,rating-breakdown,dribbles,dribbles,,,,Paris Saint-Germain,61.0,,76.8,95.8,,,,,,unresolvable,,,,False,False,,rating-breakdown,True,76.8,95.8,,,dribble,True,False,"{""playerCoordinates"": {""x"": 76.8, ""y"": 95.8}, ""eventActionType"": ""dribble"", ""isHome"": true, ""keypass"": false}",,
1154605,Désiré Doué,14167897,rating-breakdown,dribbles,dribbles,,,,Paris Saint-Germain,61.0,,79,81.2,,,,,,unresolvable,,,,False,False,,rating-breakdown,True,79,81.2,,,dribble,True,False,"{""playerCoordinates"": {""x"": 79, ""y"": 81.2}, ""eventActionType"": ""dribble"", ""isHome"": true, ""keypass"": false}",,
1154605,Désiré Doué,14167897,rating-breakdown,dribbles,dribbles,,,,Paris Saint-Germain,61.0,,75.2,71.8,,,,,,unresolvable,,,,False,False,,rating-breakdown,True,75.2,71.8,,,dribble,True,False,"{""playerCoordinates"": {""x"": 75.2, ""y"": 71.8}, ""eventActionType"": ""dribble"", ""isHome"": true, ""keypass"": false}",,
1154605,Désiré Doué,14167897,rating-breakdown,defensive,defensive,,,,Paris Saint-Germain,61.0,,40.2,88.7,,,True,True,1,boolean_field,success,,True,False,False,,rating-breakdown,True,40.2,88.7,,,tackle,True,False,"{""playerCoordinates"": {""x"": 40.2, ""y"": 88.7}, ""eventActionType"": ""tackle"", ""isHome"": true, ""outcome"": true, ""keypass"": false}",,
1154605,Désiré Doué,14167897,rating-breakdown,defensive,defensive,,,,Paris Saint-Germain,61.0,,71.8,43.3,,,,,,unresolvable,,,,False,False,,rating-breakdown,True,71.8,43.3,,,tackle,True,False,"{""playerCoordinates"": {""x"": 71.8, ""y"": 43.3}, ""eventActionType"": ""tackle"", ""isHome"": true, ""keypass"": false}",,
1154605,Désiré Doué,14167897,rating-breakdown,defensive,defensive,,,,Paris Saint-Germain,61.0,,56.6,92.8,,,True,True,1,boolean_field,success,,True,False,False,,rating-breakdown,True,56.6,92.8,,,tackle,True,False,"{""playerCoordinates"": {""x"": 56.6, ""y"": 92.8}, ""eventActionType"": ""tackle"", ""isHome"": true, ""outcome"": true, ""keypass"": false}",,
1154605,Désiré Doué,14167897,rating-breakdown,defensive,defensive,,,,Paris Saint-Germain,61.0,,34.4,92.2,,,True,True,1,boolean_field,success,,True,False,False,,rating-breakdown,True,34.4,92.2,,,ball-recovery,True,False,"{""playerCoordinates"": {""x"": 34.4, ""y"": 92.2}, ""eventActionType"": ""ball-recovery"", ""isHome"": true, ""outcome"": true, ""keypass"": false}",,
1154605,Désiré Doué,14167897,rating-breakdown,defensive,defensive,,,,Paris Saint-Germain,61.0,,5.5,80.7,,,True,True,1,boolean_field,success,,True,False,False,,rating-breakdown,True,5.5,80.7,,,ball-recovery,True,False,"{""playerCoordinates"": {""x"": 5.5, ""y"": 80.7}, ""eventActionType"": ""ball-recovery"", ""isHome"": true, ""outcome"": true, ""keypass"": false}",,
1154605,Désiré Doué,14167927,rating-breakdown,passes,passes,,,,Paris Saint-Germain,20.0,,40.9,69.4,29.5,73.6,True,True,1,boolean_field,success,True,,False,False,pass,rating-breakdown,True,40.9,69.4,29.5,73.6,pass,False,False,"{""playerCoordinates"": {""x"": 40.9, ""y"": 69.4}, ""passEndCoordinates"": {""x"": 29.5, ""y"": 73.6}, ""eventActionType"": ""pass"", ""isHome"": false, ""outcome"": true, ""keypass"": false}",,
1154605,Désiré Doué,14167927,rating-breakdown,passes,passes,,,,Paris Saint-Germain,20.0,,73.5,59.1,79,49,True,True,1,boolean_field,success,True,,False,False,pass,rating-breakdown,True,73.5,59.1,79,49,pass,False,False,"{""playerCoordinates"": {""x"": 73.5, ""y"": 59.1}, ""passEndCoordinates"": {""x"": 79, ""y"": 49}, ""eventActionType"": ""pass"", ""isHome"": false, ""outcome"": true, ""keypass"": false}",,
1154605,Désiré Doué,14167927,rating-breakdown,passes,passes,,,,Paris Saint-Germain,20.0,,86.5,18.4,96.8,15.1,True,True,1,boolean_field,success,True,,False,False,pass,rating-breakdown,True,86.5,18.4,96.8,15.1,pass,False,False,"{""playerCoordinates"": {""x"": 86.5, ""y"": 18.4}, ""passEndCoordinates"": {""x"": 96.8, ""y"": 15.1}, ""eventActionType"": ""pass"", ""isHome"": false, ""outcome"": true, ""keypass"": false}",,
1154605,Désiré Doué,14167927,rating-breakdown,passes,passes,,,,Paris Saint-Germain,20.0,,66.6,94,64.4,81.1,True,True,1,boolean_field,success,True,,False,False,pass,rating-breakdown,True,66.6,94,64.4,81.1,pass,False,False,"{""playerCoordinates"": {""x"": 66.6, ""y"": 94}, ""passEndCoordinates"": {""x"": 64.4, ""y"": 81.1}, ""eventActionType"": ""pass"", ""isHome"": false, ""outcome"": true, ""keypass"": false}",,
1154605,Désiré Doué,14167927,rating-breakdown,passes,passes,,,,Paris Saint-Germain,20.0,,10.4,26.1,24.1,31.9,True,True,1,boolean_field,success,True,,False,False,pass,rating-breakdown,True,10.4,26.1,24.1,31.9,pass,False,False,"{""playerCoordinates"": {""x"": 10.4, ""y"": 26.1}, ""passEndCoordinates"": {""x"": 24.1, ""y"": 31.9}, ""eventActionType"": ""pass"", ""isHome"": false, ""outcome"": true, ""keypass"": false}",,
1154605,Désiré Doué,14167927,rating-breakdown,passes,passes,,,,Paris Saint-Germain,20.0,,72.8,96.1,48.4,93.7,True,True,1,boolean_field,success,True,,False,False,pass,rating-breakdown,True,72.8,96.1,48.4,93.7,pass,False,False,"{""playerCoordinates"": {""x"": 72.8, ""y"": 96.1}, ""passEndCoordinates"": {""x"": 48.4, ""y"": 93.7}, ""eventActionType"": ""pass"", ""isHome"": false, ""outcome"": true, ""keypass"": false}",,
1154605,Désiré Doué,14167927,rating-breakdown,passes,passes,,,,Paris Saint-Germain,20.0,,77.4,75,72.3,66,True,True,1,boolean_field,success,True,,False,False,pass,rating-breakdown,True,77.4,75,72.3,66,pass,False,False,"{""playerCoordinates"": {""x"": 77.4, ""y"": 75}, ""passEndCoordinates"": {""x"": 72.3, ""y"": 66}, ""eventActionType"": ""pass"", ""isHome"": false, ""outcome"": true, ""keypass"": false}",,
1154605,Désiré Doué,14167927,rating-breakdown,passes,passes,,,,Paris Saint-Germain,20.0,,76.5,54.9,72.8,63.3,True,True,1,boolean_field,success,True,,False,False,pass,rating-breakdown,True,76.5,54.9,72.8,63.3,pass,False,False,"{""playerCoordinates"": {""x"": 76.5, ""y"": 54.9}, ""passEndCoordinates"": {""x"": 72.8, ""y"": 63.3}, ""eventActionType"": ""pass"", ""isHome"": false, ""outcome"": true, ""keypass"": false}",,
1154605,Désiré Doué,14167927,rating-breakdown,passes,passes,,,,Paris Saint-Germain,20.0,,85.1,34.9,90.2,33.9,,,,unresolvable,,,,False,False,pass,rating-breakdown,True,85.1,34.9,90.2,33.9,pass,False,False,"{""playerCoordinates"": {""x"": 85.1, ""y"": 34.9}, ""passEndCoordinates"": {""x"": 90.2, ""y"": 33.9}, ""eventActionType"": ""pass"", ""isHome"": false, ""keypass"": false}",,
1154605,Désiré Doué,14167927,rating-breakdown,passes,passes,,,,Paris Saint-Germain,20.0,,71.7,95.1,68.3,78.1,True,True,1,boolean_field,success,True,,False,False,pass,rating-breakdown,True,71.7,95.1,68.3,78.1,pass,False,False,"{""playerCoordinates"": {""x"": 71.7, ""y"": 95.1}, ""passEndCoordinates"": {""x"": 68.3, ""y"": 78.1}, ""eventActionType"": ""pass"", ""isHome"": false, ""outcome"": true, ""keypass"": false}",,
1154605,Désiré Doué,14167927,rating-breakdown,passes,passes,,,,Paris Saint-Germain,20.0,,81.5,28.9,72.4,32.4,True,True,1,boolean_field,success,True,,False,False,pass,rating-breakdown,True,81.5,28.9,72.4,32.4,pass,False,False,"{""playerCoordinates"": {""x"": 81.5, ""y"": 28.9}, ""passEndCoordinates"": {""x"": 72.4, ""y"": 32.4}, ""eventActionType"": ""pass"", ""isHome"": false, ""outcome"": true, ""keypass"": false}",,
1154605,Désiré Doué,14167927,rating-breakdown,passes,passes,,,,Paris Saint-Germain,20.0,,74.1,22.2,73.5,32.7,True,True,1,boolean_field,success,True,,False,False,pass,rating-breakdown,True,74.1,22.2,73.5,32.7,pass,False,False,"{""playerCoordinates"": {""x"": 74.1, ""y"": 22.2}, ""passEndCoordinates"": {""x"": 73.5, ""y"": 32.7}, ""eventActionType"": ""pass"", ""isHome"": false, ""outcome"": true, ""keypass"": false}",,
1154605,Désiré Doué,14167927,rating-breakdown,passes,passes,,,,Paris Saint-Germain,20.0,,97.4,34.3,93,49.6,,,,unresolvable,,,,False,False,pass,rating-breakdown,True,97.4,34.3,93,49.6,pass,False,False,"{""playerCoordinates"": {""x"": 97.4, ""y"": 34.3}, ""passEndCoordinates"": {""x"": 93, ""y"": 49.6}, ""eventActionType"": ""pass"", ""isHome"": false, ""keypass"": false}",,
1154605,Désiré Doué,14167927,rating-breakdown,passes,passes,,,,Paris Saint-Germain,20.0,,82.7,21.1,90.1,17.4,True,True,1,boolean_field,success,True,,False,False,pass,rating-breakdown,True,82.7,21.1,90.1,17.4,pass,False,False,"{""playerCoordinates"": {""x"": 82.7, ""y"": 21.1}, ""passEndCoordinates"": {""x"": 90.1, ""y"": 17.4}, ""eventActionType"": ""pass"", ""isHome"": false, ""outcome"": true, ""keypass"": false}",,
1154605,Désiré Doué,14167927,rating-breakdown,passes,passes,,,,Paris Saint-Germain,20.0,,77.8,88,57.7,86.1,True,True,1,boolean_field,success,True,,False,False,pass,rating-breakdown,True,77.8,88,57.7,86.1,pass,False,False,"{""playerCoordinates"": {""x"": 77.8, ""y"": 88}, ""passEndCoordinates"": {""x"": 57.7, ""y"": 86.1}, ""eventActionType"": ""pass"", ""isHome"": false, ""outcome"": true, ""keypass"": false}",,
1154605,Désiré Doué,14167927,rating-breakdown,passes,passes,,,,Paris Saint-Germain,20.0,,42.4,36.6,35.1,52.8,True,True,1,boolean_field,success,True,,False,False,pass,rating-breakdown,True,42.4,36.6,35.1,52.8,pass,False,False,"{""playerCoordinates"": {""x"": 42.4, ""y"": 36.6}, ""passEndCoordinates"": {""x"": 35.1, ""y"": 52.8}, ""eventActionType"": ""pass"", ""isHome"": false, ""outcome"": true, ""keypass"": false}",,
1154605,Désiré Doué,14167927,rating-breakdown,passes,passes,,,,Paris Saint-Germain,20.0,,70,87,91,87,True,True,1,boolean_field,success,True,,False,False,pass,rating-breakdown,True,70,87,91,87,pass,False,False,"{""playerCoordinates"": {""x"": 70, ""y"": 87}, ""passEndCoordinates"": {""x"": 91, ""y"": 87}, ""eventActionType"": ""pass"", ""isHome"": false, ""outcome"": true, ""keypass"": false}",,
1154605,Désiré Doué,14167927,rating-breakdown,passes,passes,,,,Paris Saint-Germain,20.0,,99.5,99.5,93.1,93.9,True,True,1,boolean_field,success,True,,False,False,pass,rating-breakdown,True,99.5,99.5,93.1,93.9,pass,False,False,"{""playerCoordinates"": {""x"": 99.5, ""y"": 99.5}, ""passEndCoordinates"": {""x"": 93.1, ""y"": 93.9}, ""eventActionType"": ""pass"", ""isHome"": false, ""outcome"": true, ""keypass"": false}",,
1154605,Désiré Doué,14167927,rating-breakdown,passes,passes,,,,Paris Saint-Germain,20.0,,80.5,74,99.4,45.4,,,,unresolvable,,,,False,False,pass,rating-breakdown,True,80.5,74,99.4,45.4,cross,False,False,"{""playerCoordinates"": {""x"": 80.5, ""y"": 74}, ""passEndCoordinates"": {""x"": 99.4, ""y"": 45.4}, ""eventActionType"": ""cross"", ""isHome"": false, ""keypass"": false}",,
1154605,Désiré Doué,14167927,rating-breakdown,passes,passes,,,,Paris Saint-Germain,20.0,,66.1,11.5,56,8.7,True,True,1,boolean_field,success,True,,False,False,pass,rating-breakdown,True,66.1,11.5,56,8.7,pass,False,False,"{""playerCoordinates"": {""x"": 66.1, ""y"": 11.5}, ""passEndCoordinates"": {""x"": 56, ""y"": 8.7}, ""eventActionType"": ""pass"", ""isHome"": false, ""outcome"": true, ""keypass"": false}",,
1154605,Désiré Doué,14167927,rating-breakdown,passes,passes,,,,Paris Saint-Germain,20.0,,69.1,9.6,72.9,0.7,True,True,1,boolean_field,success,True,,False,False,pass,rating-breakdown,True,69.1,9.6,72.9,0.7,pass,False,False,"{""playerCoordinates"": {""x"": 69.1, ""y"": 9.6}, ""passEndCoordinates"": {""x"": 72.9, ""y"": 0.7}, ""eventActionType"": ""pass"", ""isHome"": false, ""outcome"": true, ""keypass"": false}",,
1154605,Désiré Doué,14167927,rating-breakdown,passes,passes,,,,Paris Saint-Germain,20.0,,83.7,20.5,94.2,22.2,True,True,1,boolean_field,success,True,,False,False,pass,rating-breakdown,True,83.7,20.5,94.2,22.2,pass,False,False,"{""playerCoordinates"": {""x"": 83.7, ""y"": 20.5}, ""passEndCoordinates"": {""x"": 94.2, ""y"": 22.2}, ""eventActionType"": ""pass"", ""isHome"": false, ""outcome"": true, ""keypass"": false}",,
1154605,Désiré Doué,14167927,rating-breakdown,dribbles,dribbles,,,,Paris Saint-Germain,20.0,,62.8,53.3,,,True,True,1,boolean_field,success,,True,False,False,,rating-breakdown,True,62.8,53.3,,,dribble,False,False,"{""playerCoordinates"": {""x"": 62.8, ""y"": 53.3}, ""eventActionType"": ""dribble"", ""isHome"": false, ""outcome"": true, ""keypass"": false}",,
1154605,Désiré Doué,14167927,rating-breakdown,dribbles,dribbles,,,,Paris Saint-Germain,20.0,,48.8,40.4,,,True,True,1,boolean_field,success,,True,False,False,,rating-breakdown,True,48.8,40.4,,,dribble,False,False,"{""playerCoordinates"": {""x"": 48.8, ""y"": 40.4}, ""eventActionType"": ""dribble"", ""isHome"": false, ""outcome"": true, ""keypass"": false}",,
1154605,Désiré Doué,14167927,rating-breakdown,defensive,defensive,,,,Paris Saint-Germain,20.0,,40.9,69.4,,,True,True,1,boolean_field,success,,True,False,False,,rating-breakdown,True,40.9,69.4,,,ball-recovery,False,False,"{""playerCoordinates"": {""x"": 40.9, ""y"": 69.4}, ""eventActionType"": ""ball-recovery"", ""isHome"": false, ""outcome"": true, ""keypass"": false}",,
1154605,Désiré Doué,14167927,rating-breakdown,defensive,defensive,,,,Paris Saint-Germain,20.0,,73.5,59.1,,,True,True,1,boolean_field,success,,True,False,False,,rating-breakdown,True,73.5,59.1,,,ball-recovery,False,False,"{""playerCoordinates"": {""x"": 73.5, ""y"": 59.1}, ""eventActionType"": ""ball-recovery"", ""isHome"": false, ""outcome"": true, ""keypass"": false}",,
1154605,Désiré Doué,14167927,rating-breakdown,defensive,defensive,,,,Paris Saint-Germain,20.0,,10.4,26.1,,,True,True,1,boolean_field,success,,True,False,False,,rating-breakdown,True,10.4,26.1,,,ball-recovery,False,False,"{""playerCoordinates"": {""x"": 10.4, ""y"": 26.1}, ""eventActionType"": ""ball-recovery"", ""isHome"": false, ""outcome"": true, ""keypass"": false}",,
1154605,Désiré Doué,14064505,rating-breakdown,passes,passes,,,,Paris Saint-Germain,63.0,,50.1,50.1,73.1,88.9,,,,unresolvable,,,,False,False,pass,rating-breakdown,True,50.1,50.1,73.1,88.9,pass,False,False,"{""playerCoordinates"": {""x"": 50.1, ""y"": 50.1}, ""passEndCoordinates"": {""x"": 73.1, ""y"": 88.9}, ""eventActionType"": ""pass"", ""isHome"": false, ""keypass"": false, ""isLongBall"": true}",True,
1154605,Désiré Doué,14064505,rating-breakdown,passes,passes,,,,Paris Saint-Germain,63.0,,44.1,95.4,34.4,36.7,True,True,1,boolean_field,success,True,,False,False,pass,rating-breakdown,True,44.1,95.4,34.4,36.7,pass,False,False,"{""playerCoordinates"": {""x"": 44.1, ""y"": 95.4}, ""passEndCoordinates"": {""x"": 34.4, ""y"": 36.7}, ""eventActionType"": ""pass"", ""isHome"": false, ""outcome"": true, ""keypass"": false, ""isLongBall"": true}",True,
1154605,Désiré Doué,14064505,rating-breakdown,passes,passes,,,,Paris Saint-Germain,63.0,,94.4,28.2,88.9,15,True,True,1,boolean_field,success,True,,False,False,pass,rating-breakdown,True,94.4,28.2,88.9,15,pass,False,False,"{""playerCoordinates"": {""x"": 94.4, ""y"": 28.2}, ""passEndCoordinates"": {""x"": 88.9, ""y"": 15}, ""eventActionType"": ""pass"", ""isHome"": false, ""outcome"": true, ""keypass"": false}",,
1154605,Désiré Doué,14064505,rating-breakdown,passes,passes,,,,Paris Saint-Germain,63.0,,63.4,9.9,64,16,,,,unresolvable,,,,False,False,pass,rating-breakdown,True,63.4,9.9,64,16,pass,False,False,"{""playerCoordinates"": {""x"": 63.4, ""y"": 9.9}, ""passEndCoordinates"": {""x"": 64, ""y"": 16}, ""eventActionType"": ""pass"", ""isHome"": false, ""keypass"": false}",,
1154605,Désiré Doué,14064505,rating-breakdown,passes,passes,,,,Paris Saint-Germain,63.0,,58.7,11.5,51.5,38.5,True,True,1,boolean_field,success,True,,False,False,pass,rating-breakdown,True,58.7,11.5,51.5,38.5,pass,False,False,"{""playerCoordinates"": {""x"": 58.7, ""y"": 11.5}, ""passEndCoordinates"": {""x"": 51.5, ""y"": 38.5}, ""eventActionType"": ""pass"", ""isHome"": false, ""outcome"": true, ""keypass"": false}",,
1154605,Désiré Doué,14064505,rating-breakdown,passes,passes,,,,Paris Saint-Germain,63.0,,57.7,90.7,42.4,52.2,True,True,1,boolean_field,success,True,,False,False,pass,rating-breakdown,True,57.7,90.7,42.4,52.2,pass,False,False,"{""playerCoordinates"": {""x"": 57.7, ""y"": 90.7}, ""passEndCoordinates"": {""x"": 42.4, ""y"": 52.2}, ""eventActionType"": ""pass"", ""isHome"": false, ""outcome"": true, ""keypass"": false}",,
1154605,Désiré Doué,14064505,rating-breakdown,passes,passes,,,,Paris Saint-Germain,63.0,,58,91.2,39.6,86.2,True,True,1,boolean_field,success,True,,False,False,pass,rating-breakdown,True,58,91.2,39.6,86.2,pass,False,False,"{""playerCoordinates"": {""x"": 58, ""y"": 91.2}, ""passEndCoordinates"": {""x"": 39.6, ""y"": 86.2}, ""eventActionType"": ""pass"", ""isHome"": false, ""outcome"": true, ""keypass"": false}",,
1154605,Désiré Doué,14064505,rating-breakdown,passes,passes,,,,Paris Saint-Germain,63.0,,81.6,87.9,70.8,79.8,True,True,1,boolean_field,success,True,,False,False,pass,rating-breakdown,True,81.6,87.9,70.8,79.8,pass,False,False,"{""playerCoordinates"": {""x"": 81.6, ""y"": 87.9}, ""passEndCoordinates"": {""x"": 70.8, ""y"": 79.8}, ""eventActionType"": ""pass"", ""isHome"": false, ""outcome"": true, ""keypass"": false}",,
1154605,Désiré Doué,14064505,rating-breakdown,passes,passes,,,,Paris Saint-Germain,63.0,,67.1,87.6,65.9,94.8,True,True,1,boolean_field,success,True,,False,False,pass,rating-breakdown,True,67.1,87.6,65.9,94.8,pass,False,False,"{""playerCoordinates"": {""x"": 67.1, ""y"": 87.6}, ""passEndCoordinates"": {""x"": 65.9, ""y"": 94.8}, ""eventActionType"": ""pass"", ""isHome"": false, ""outcome"": true, ""keypass"": false}",,
1154605,Désiré Doué,14064505,rating-breakdown,passes,passes,,,,Paris Saint-Germain,63.0,,64.9,67.9,56.3,61,True,True,1,boolean_field,success,True,,False,False,pass,rating-breakdown,True,64.9,67.9,56.3,61,pass,False,False,"{""playerCoordinates"": {""x"": 64.9, ""y"": 67.9}, ""passEndCoordinates"": {""x"": 56.3, ""y"": 61}, ""eventActionType"": ""pass"", ""isHome"": false, ""outcome"": true, ""keypass"": false}",,
1154605,Désiré Doué,14064505,rating-breakdown,passes,passes,,,,Paris Saint-Germain,63.0,,58,93.1,58.3,84,True,True,1,boolean_field,success,True,,False,False,pass,rating-breakdown,True,58,93.1,58.3,84,pass,False,False,"{""playerCoordinates"": {""x"": 58, ""y"": 93.1}, ""passEndCoordinates"": {""x"": 58.3, ""y"": 84}, ""eventActionType"": ""pass"", ""isHome"": false, ""outcome"": true, ""keypass"": false}",,
1154605,Désiré Doué,14064505,rating-breakdown,passes,passes,,,,Paris Saint-Germain,63.0,,57.7,79.3,83.8,96,True,True,1,boolean_field,success,True,,False,False,pass,rating-breakdown,True,57.7,79.3,83.8,96,pass,False,False,"{""playerCoordinates"": {""x"": 57.7, ""y"": 79.3}, ""passEndCoordinates"": {""x"": 83.8, ""y"": 96}, ""eventActionType"": ""pass"", ""isHome"": false, ""outcome"": true, ""keypass"": false}",,
1154605,Désiré Doué,14064505,rating-breakdown,passes,passes,,,,Paris Saint-Germain,63.0,,59.6,84.9,70.3,100,,,,unresolvable,,,,False,False,pass,rating-breakdown,True,59.6,84.9,70.3,100,pass,False,False,"{""playerCoordinates"": {""x"": 59.6, ""y"": 84.9}, ""passEndCoordinates"": {""x"": 70.3, ""y"": 100}, ""eventActionType"": ""pass"", ""isHome"": false, ""keypass"": false}",,
1154605,Désiré Doué,14064505,rating-breakdown,passes,passes,,,,Paris Saint-Germain,63.0,,57.8,89.8,44.3,84.6,True,True,1,boolean_field,success,True,,False,False,pass,rating-breakdown,True,57.8,89.8,44.3,84.6,pass,False,False,"{""playerCoordinates"": {""x"": 57.8, ""y"": 89.8}, ""passEndCoordinates"": {""x"": 44.3, ""y"": 84.6}, ""eventActionType"": ""pass"", ""isHome"": false, ""outcome"": true, ""keypass"": false}",,
1154605,Désiré Doué,14064505,rating-breakdown,passes,passes,,,,Paris Saint-Germain,63.0,,71.3,89.2,73.9,60.9,,,,unresolvable,,,,False,False,pass,rating-breakdown,True,71.3,89.2,73.9,60.9,pass,False,False,"{""playerCoordinates"": {""x"": 71.3, ""y"": 89.2}, ""passEndCoordinates"": {""x"": 73.9, ""y"": 60.9}, ""eventActionType"": ""pass"", ""isHome"": false, ""keypass"": false}",,
1154605,Désiré Doué,14064505,rating-breakdown,passes,passes,,,,Paris Saint-Germain,63.0,,62.6,90.9,54.5,73.5,True,True,1,boolean_field,success,True,,False,False,pass,rating-breakdown,True,62.6,90.9,54.5,73.5,pass,False,False,"{""playerCoordinates"": {""x"": 62.6, ""y"": 90.9}, ""passEndCoordinates"": {""x"": 54.5, ""y"": 73.5}, ""eventActionType"": ""pass"", ""isHome"": false, ""outcome"": true, ""keypass"": false}",,
1154605,Désiré Doué,14064505,rating-breakdown,passes,passes,,,,Paris Saint-Germain,63.0,,65.2,37.3,59.9,22,True,True,1,boolean_field,success,True,,False,False,pass,rating-breakdown,True,65.2,37.3,59.9,22,pass,False,False,"{""playerCoordinates"": {""x"": 65.2, ""y"": 37.3}, ""passEndCoordinates"": {""x"": 59.9, ""y"": 22}, ""eventActionType"": ""pass"", ""isHome"": false, ""outcome"": true, ""keypass"": false}",,
1154605,Désiré Doué,14064505,rating-breakdown,passes,passes,,,,Paris Saint-Germain,63.0,,91.4,8.7,89.3,15.3,,,,unresolvable,,,,False,False,pass,rating-breakdown,True,91.4,8.7,89.3,15.3,pass,False,False,"{""playerCoordinates"": {""x"": 91.4, ""y"": 8.7}, ""passEndCoordinates"": {""x"": 89.3, ""y"": 15.3}, ""eventActionType"": ""pass"", ""isHome"": false, ""keypass"": false}",,
1154605,Désiré Doué,14064505,rating-breakdown,passes,passes,,,,Paris Saint-Germain,63.0,,36.5,39.9,38.6,47.8,True,True,1,boolean_field,success,True,,False,False,pass,rating-breakdown,True,36.5,39.9,38.6,47.8,pass,False,False,"{""playerCoordinates"": {""x"": 36.5, ""y"": 39.9}, ""passEndCoordinates"": {""x"": 38.6, ""y"": 47.8}, ""eventActionType"": ""pass"", ""isHome"": false, ""outcome"": true, ""keypass"": false}",,
1154605,Désiré Doué,14064505,rating-breakdown,passes,passes,,,,Paris Saint-Germain,63.0,,76.4,6.4,60,18,True,True,1,boolean_field,success,True,,False,False,pass,rating-breakdown,True,76.4,6.4,60,18,pass,False,False,"{""playerCoordinates"": {""x"": 76.4, ""y"": 6.4}, ""passEndCoordinates"": {""x"": 60, ""y"": 18}, ""eventActionType"": ""pass"", ""isHome"": false, ""outcome"": true, ""keypass"": false}",,
1154605,Désiré Doué,14064505,rating-breakdown,passes,passes,,,,Paris Saint-Germain,63.0,,74.6,7.3,58.2,24.6,True,True,1,boolean_field,success,True,,False,False,pass,rating-breakdown,True,74.6,7.3,58.2,24.6,pass,False,False,"{""playerCoordinates"": {""x"": 74.6, ""y"": 7.3}, ""passEndCoordinates"": {""x"": 58.2, ""y"": 24.6}, ""eventActionType"": ""pass"", ""isHome"": false, ""outcome"": true, ""keypass"": false}",,
1154605,Désiré Doué,14064505,rating-breakdown,passes,passes,,,,Paris Saint-Germain,63.0,,68.6,52.2,71.6,60.3,True,True,1,boolean_field,success,True,,False,False,pass,rating-breakdown,True,68.6,52.2,71.6,60.3,pass,False,False,"{""playerCoordinates"": {""x"": 68.6, ""y"": 52.2}, ""passEndCoordinates"": {""x"": 71.6, ""y"": 60.3}, ""eventActionType"": ""pass"", ""isHome"": false, ""outcome"": true, ""keypass"": false}",,
1154605,Désiré Doué,14064505,rating-breakdown,passes,passes,,,,Paris Saint-Germain,63.0,,61.2,14.7,53.5,14.4,True,True,1,boolean_field,success,True,,False,False,pass,rating-breakdown,True,61.2,14.7,53.5,14.4,pass,False,False,"{""playerCoordinates"": {""x"": 61.2, ""y"": 14.7}, ""passEndCoordinates"": {""x"": 53.5, ""y"": 14.4}, ""eventActionType"": ""pass"", ""isHome"": false, ""outcome"": true, ""keypass"": false}",,
1154605,Désiré Doué,14064505,rating-breakdown,passes,passes,,,,Paris Saint-Germain,63.0,,57.7,34.6,50.9,63,True,True,1,boolean_field,success,True,,False,False,pass,rating-breakdown,True,57.7,34.6,50.9,63,pass,False,False,"{""playerCoordinates"": {""x"": 57.7, ""y"": 34.6}, ""passEndCoordinates"": {""x"": 50.9, ""y"": 63}, ""eventActionType"": ""pass"", ""isHome"": false, ""outcome"": true, ""keypass"": false}",,
1154605,Désiré Doué,14064505,rating-breakdown,passes,passes,,,,Paris Saint-Germain,63.0,,56.9,77.2,46.7,91.5,True,True,1,boolean_field,success,True,,False,False,pass,rating-breakdown,True,56.9,77.2,46.7,91.5,pass,False,False,"{""playerCoordinates"": {""x"": 56.9, ""y"": 77.2}, ""passEndCoordinates"": {""x"": 46.7, ""y"": 91.5}, ""eventActionType"": ""pass"", ""isHome"": false, ""outcome"": true, ""keypass"": false}",,
1154605,Désiré Doué,14064505,rating-breakdown,passes,passes,,,,Paris Saint-Germain,63.0,,62.3,85.8,58.7,64.3,True,True,1,boolean_field,success,True,,False,False,pass,rating-breakdown,True,62.3,85.8,58.7,64.3,pass,False,False,"{""playerCoordinates"": {""x"": 62.3, ""y"": 85.8}, ""passEndCoordinates"": {""x"": 58.7, ""y"": 64.3}, ""eventActionType"": ""pass"", ""isHome"": false, ""outcome"": true, ""keypass"": false}",,
1154605,Désiré Doué,14064505,rating-breakdown,passes,passes,,,,Paris Saint-Germain,63.0,,71.6,34.5,71.7,19.8,True,True,1,boolean_field,success,True,,False,False,pass,rating-breakdown,True,71.6,34.5,71.7,19.8,pass,False,False,"{""playerCoordinates"": {""x"": 71.6, ""y"": 34.5}, ""passEndCoordinates"": {""x"": 71.7, ""y"": 19.8}, ""eventActionType"": ""pass"", ""isHome"": false, ""outcome"": true, ""keypass"": false}",,
1154605,Désiré Doué,14064505,rating-breakdown,passes,passes,,,,Paris Saint-Germain,63.0,,90.3,11.7,74.6,18.4,True,True,1,boolean_field,success,True,,False,False,pass,rating-breakdown,True,90.3,11.7,74.6,18.4,pass,False,False,"{""playerCoordinates"": {""x"": 90.3, ""y"": 11.7}, ""passEndCoordinates"": {""x"": 74.6, ""y"": 18.4}, ""eventActionType"": ""pass"", ""isHome"": false, ""outcome"": true, ""keypass"": false}",,
1154605,Désiré Doué,14064505,rating-breakdown,passes,passes,,,,Paris Saint-Germain,63.0,,86.5,12,92.2,58.9,True,True,1,boolean_field,success,True,,False,True,key_pass,rating-breakdown,True,86.5,12,92.2,58.9,cross,False,True,"{""playerCoordinates"": {""x"": 86.5, ""y"": 12}, ""passEndCoordinates"": {""x"": 92.2, ""y"": 58.9}, ""eventActionType"": ""cross"", ""isHome"": false, ""outcome"": true, ""keypass"": true, ""isLongBall"": true}",True,
1154605,Désiré Doué,14064505,rating-breakdown,passes,passes,,,,Paris Saint-Germain,63.0,,50.1,49.2,47.1,21,True,True,1,boolean_field,success,True,,False,False,pass,rating-breakdown,True,50.1,49.2,47.1,21,pass,False,False,"{""playerCoordinates"": {""x"": 50.1, ""y"": 49.2}, ""passEndCoordinates"": {""x"": 47.1, ""y"": 21}, ""eventActionType"": ""pass"", ""isHome"": false, ""outcome"": true, ""keypass"": false}",,
1154605,Désiré Doué,14064505,rating-breakdown,passes,passes,,,,Paris Saint-Germain,63.0,,74,33.6,69,25.2,True,True,1,boolean_field,success,True,,False,False,pass,rating-breakdown,True,74,33.6,69,25.2,pass,False,False,"{""playerCoordinates"": {""x"": 74, ""y"": 33.6}, ""passEndCoordinates"": {""x"": 69, ""y"": 25.2}, ""eventActionType"": ""pass"", ""isHome"": false, ""outcome"": true, ""keypass"": false}",,
1154605,Désiré Doué,14064505,rating-breakdown,passes,passes,,,,Paris Saint-Germain,63.0,,80.6,81.1,68.9,85,True,True,1,boolean_field,success,True,,False,False,pass,rating-breakdown,True,80.6,81.1,68.9,85,pass,False,False,"{""playerCoordinates"": {""x"": 80.6, ""y"": 81.1}, ""passEndCoordinates"": {""x"": 68.9, ""y"": 85}, ""eventActionType"": ""pass"", ""isHome"": false, ""outcome"": true, ""keypass"": false}",,
1154605,Désiré Doué,14064505,rating-breakdown,passes,passes,,,,Paris Saint-Germain,63.0,,78.1,74.2,91.9,72,,,,unresolvable,,,,False,False,pass,rating-breakdown,True,78.1,74.2,91.9,72,pass,False,False,"{""playerCoordinates"": {""x"": 78.1, ""y"": 74.2}, ""passEndCoordinates"": {""x"": 91.9, ""y"": 72}, ""eventActionType"": ""pass"", ""isHome"": false, ""keypass"": false}",,
1154605,Désiré Doué,14064505,rating-breakdown,passes,passes,,,,Paris Saint-Germain,63.0,,77.1,85.3,72.7,79,True,True,1,boolean_field,success,True,,False,False,pass,rating-breakdown,True,77.1,85.3,72.7,79,pass,False,False,"{""playerCoordinates"": {""x"": 77.1, ""y"": 85.3}, ""passEndCoordinates"": {""x"": 72.7, ""y"": 79}, ""eventActionType"": ""pass"", ""isHome"": false, ""outcome"": true, ""keypass"": false}",,
1154605,Désiré Doué,14064505,rating-breakdown,passes,passes,,,,Paris Saint-Germain,63.0,,77.3,87.6,93.2,91.3,True,True,1,boolean_field,success,True,,False,False,pass,rating-breakdown,True,77.3,87.6,93.2,91.3,pass,False,False,"{""playerCoordinates"": {""x"": 77.3, ""y"": 87.6}, ""passEndCoordinates"": {""x"": 93.2, ""y"": 91.3}, ""eventActionType"": ""pass"", ""isHome"": false, ""outcome"": true, ""keypass"": false}",,
1154605,Désiré Doué,14064505,rating-breakdown,passes,passes,,,,Paris Saint-Germain,63.0,,86.9,83.4,82.5,91.5,True,True,1,boolean_field,success,True,,False,False,pass,rating-breakdown,True,86.9,83.4,82.5,91.5,pass,False,False,"{""playerCoordinates"": {""x"": 86.9, ""y"": 83.4}, ""passEndCoordinates"": {""x"": 82.5, ""y"": 91.5}, ""eventActionType"": ""pass"", ""isHome"": false, ""outcome"": true, ""keypass"": false}",,
1154605,Désiré Doué,14064505,rating-breakdown,passes,passes,,,,Paris Saint-Germain,63.0,,95.4,87.3,94.7,78.9,,,,unresolvable,,,,False,False,pass,rating-breakdown,True,95.4,87.3,94.7,78.9,cross,False,False,"{""playerCoordinates"": {""x"": 95.4, ""y"": 87.3}, ""passEndCoordinates"": {""x"": 94.7, ""y"": 78.9}, ""eventActionType"": ""cross"", ""isHome"": false, ""keypass"": false}",,
1154605,Désiré Doué,14064505,rating-breakdown,dribbles,dribbles,,,,Paris Saint-Germain,63.0,,87.2,73,,,,,,unresolvable,,,,False,False,,rating-breakdown,True,87.2,73,,,dribble,False,False,"{""playerCoordinates"": {""x"": 87.2, ""y"": 73}, ""eventActionType"": ""dribble"", ""isHome"": false, ""keypass"": false}",,
1154605,Désiré Doué,14064505,rating-breakdown,dribbles,dribbles,,,,Paris Saint-Germain,63.0,,86.4,87.8,,,,,,unresolvable,,,,False,False,,rating-breakdown,True,86.4,87.8,,,dribble,False,False,"{""playerCoordinates"": {""x"": 86.4, ""y"": 87.8}, ""eventActionType"": ""dribble"", ""isHome"": false, ""keypass"": false}",,
1154605,Désiré Doué,14064505,rating-breakdown,dribbles,dribbles,,,,Paris Saint-Germain,63.0,,72.2,88.2,,,,,,unresolvable,,,,False,False,,rating-breakdown,True,72.2,88.2,,,dribble,False,False,"{""playerCoordinates"": {""x"": 72.2, ""y"": 88.2}, ""eventActionType"": ""dribble"", ""isHome"": false, ""keypass"": false}",,
1154605,Désiré Doué,14064505,rating-breakdown,defensive,defensive,,,,Paris Saint-Germain,63.0,,39.8,34.4,,,True,True,1,boolean_field,success,,True,False,False,,rating-breakdown,True,39.8,34.4,,,tackle,False,False,"{""playerCoordinates"": {""x"": 39.8, ""y"": 34.4}, ""eventActionType"": ""tackle"", ""isHome"": false, ""outcome"": true, ""keypass"": false}",,
1154605,Désiré Doué,14064505,rating-breakdown,defensive,defensive,,,,Paris Saint-Germain,63.0,,76.4,62.2,,,,,,unresolvable,,,,False,False,,rating-breakdown,True,76.4,62.2,,,tackle,False,False,"{""playerCoordinates"": {""x"": 76.4, ""y"": 62.2}, ""eventActionType"": ""tackle"", ""isHome"": false, ""keypass"": false}",,
1154605,Désiré Doué,14064442,rating-breakdown,passes,passes,,,,Paris Saint-Germain,45.0,,73,69,86,82.2,True,True,1,boolean_field,success,True,,False,False,pass,rating-breakdown,True,73,69,86,82.2,pass,False,False,"{""playerCoordinates"": {""x"": 73, ""y"": 69}, ""passEndCoordinates"": {""x"": 86, ""y"": 82.2}, ""eventActionType"": ""pass"", ""isHome"": false, ""outcome"": true, ""keypass"": false}",,
1154605,Désiré Doué,14064442,rating-breakdown,passes,passes,,,,Paris Saint-Germain,45.0,,65.8,75.3,94.1,91,True,True,1,boolean_field,success,True,,False,False,pass,rating-breakdown,True,65.8,75.3,94.1,91,pass,False,False,"{""playerCoordinates"": {""x"": 65.8, ""y"": 75.3}, ""passEndCoordinates"": {""x"": 94.1, ""y"": 91}, ""eventActionType"": ""pass"", ""isHome"": false, ""outcome"": true, ""keypass"": false}",,
1154605,Désiré Doué,14064442,rating-breakdown,passes,passes,,,,Paris Saint-Germain,45.0,,99.5,99.5,92.5,92.1,True,True,1,boolean_field,success,True,,False,False,pass,rating-breakdown,True,99.5,99.5,92.5,92.1,pass,False,False,"{""playerCoordinates"": {""x"": 99.5, ""y"": 99.5}, ""passEndCoordinates"": {""x"": 92.5, ""y"": 92.1}, ""eventActionType"": ""pass"", ""isHome"": false, ""outcome"": true, ""keypass"": false}",,
1154605,Désiré Doué,14064442,rating-breakdown,passes,passes,,,,Paris Saint-Germain,45.0,,82.4,88.3,75.4,67.9,True,True,1,boolean_field,success,True,,False,False,pass,rating-breakdown,True,82.4,88.3,75.4,67.9,pass,False,False,"{""playerCoordinates"": {""x"": 82.4, ""y"": 88.3}, ""passEndCoordinates"": {""x"": 75.4, ""y"": 67.9}, ""eventActionType"": ""pass"", ""isHome"": false, ""outcome"": true, ""keypass"": false}",,
1154605,Désiré Doué,14064442,rating-breakdown,passes,passes,,,,Paris Saint-Germain,45.0,,69.2,81.4,66.7,26.5,True,True,1,boolean_field,success,True,,False,False,pass,rating-breakdown,True,69.2,81.4,66.7,26.5,pass,False,False,"{""playerCoordinates"": {""x"": 69.2, ""y"": 81.4}, ""passEndCoordinates"": {""x"": 66.7, ""y"": 26.5}, ""eventActionType"": ""pass"", ""isHome"": false, ""outcome"": true, ""keypass"": false, ""isLongBall"": true}",True,
1154605,Désiré Doué,14064442,rating-breakdown,passes,passes,,,,Paris Saint-Germain,45.0,,73.8,21.3,68.5,22.5,True,True,1,boolean_field,success,True,,False,False,pass,rating-breakdown,True,73.8,21.3,68.5,22.5,pass,False,False,"{""playerCoordinates"": {""x"": 73.8, ""y"": 21.3}, ""passEndCoordinates"": {""x"": 68.5, ""y"": 22.5}, ""eventActionType"": ""pass"", ""isHome"": false, ""outcome"": true, ""keypass"": false}",,
1154605,Désiré Doué,14064442,rating-breakdown,passes,passes,,,,Paris Saint-Germain,45.0,,63.4,97.3,64.4,84.1,True,True,1,boolean_field,success,True,,False,False,pass,rating-breakdown,True,63.4,97.3,64.4,84.1,pass,False,False,"{""playerCoordinates"": {""x"": 63.4, ""y"": 97.3}, ""passEndCoordinates"": {""x"": 64.4, ""y"": 84.1}, ""eventActionType"": ""pass"", ""isHome"": false, ""outcome"": true, ""keypass"": false}",,
1154605,Désiré Doué,14064442,rating-breakdown,passes,passes,,,,Paris Saint-Germain,45.0,,87.2,59.2,85.2,48.4,True,True,1,boolean_field,success,True,,False,True,key_pass,rating-breakdown,True,87.2,59.2,85.2,48.4,pass,False,True,"{""playerCoordinates"": {""x"": 87.2, ""y"": 59.2}, ""passEndCoordinates"": {""x"": 85.2, ""y"": 48.4}, ""eventActionType"": ""pass"", ""isHome"": false, ""outcome"": true, ""keypass"": true}",,
1154605,Désiré Doué,14064442,rating-breakdown,passes,passes,,,,Paris Saint-Germain,45.0,,43.8,64.9,31.8,73,True,True,1,boolean_field,success,True,,False,False,pass,rating-breakdown,True,43.8,64.9,31.8,73,pass,False,False,"{""playerCoordinates"": {""x"": 43.8, ""y"": 64.9}, ""passEndCoordinates"": {""x"": 31.8, ""y"": 73}, ""eventActionType"": ""pass"", ""isHome"": false, ""outcome"": true, ""keypass"": false}",,
1154605,Désiré Doué,14064442,rating-breakdown,passes,passes,,,,Paris Saint-Germain,45.0,,48,42.3,68,41.7,,,,unresolvable,,,,False,False,pass,rating-breakdown,True,48,42.3,68,41.7,pass,False,False,"{""playerCoordinates"": {""x"": 48, ""y"": 42.3}, ""passEndCoordinates"": {""x"": 68, ""y"": 41.7}, ""eventActionType"": ""pass"", ""isHome"": false, ""keypass"": false}",,
1154605,Désiré Doué,14064442,rating-breakdown,passes,passes,,,,Paris Saint-Germain,45.0,,42.3,67.6,32.5,61.8,True,True,1,boolean_field,success,True,,False,False,pass,rating-breakdown,True,42.3,67.6,32.5,61.8,pass,False,False,"{""playerCoordinates"": {""x"": 42.3, ""y"": 67.6}, ""passEndCoordinates"": {""x"": 32.5, ""y"": 61.8}, ""eventActionType"": ""pass"", ""isHome"": false, ""outcome"": true, ""keypass"": false}",,
1154605,Désiré Doué,14064442,rating-breakdown,passes,passes,,,,Paris Saint-Germain,45.0,,17.9,81.4,24.5,90.3,True,True,1,boolean_field,success,True,,False,False,pass,rating-breakdown,True,17.9,81.4,24.5,90.3,pass,False,False,"{""playerCoordinates"": {""x"": 17.9, ""y"": 81.4}, ""passEndCoordinates"": {""x"": 24.5, ""y"": 90.3}, ""eventActionType"": ""pass"", ""isHome"": false, ""outcome"": true, ""keypass"": false}",,
1154605,Désiré Doué,14064442,rating-breakdown,passes,passes,,,,Paris Saint-Germain,45.0,,19.4,96.9,46.2,89.1,,,,unresolvable,,,,False,False,pass,rating-breakdown,True,19.4,96.9,46.2,89.1,pass,False,False,"{""playerCoordinates"": {""x"": 19.4, ""y"": 96.9}, ""passEndCoordinates"": {""x"": 46.2, ""y"": 89.1}, ""eventActionType"": ""pass"", ""isHome"": false, ""keypass"": false}",,
1154605,Désiré Doué,14064442,rating-breakdown,passes,passes,,,,Paris Saint-Germain,45.0,,74.6,72.3,98.5,69,,,,unresolvable,,,,False,False,pass,rating-breakdown,True,74.6,72.3,98.5,69,pass,False,False,"{""playerCoordinates"": {""x"": 74.6, ""y"": 72.3}, ""passEndCoordinates"": {""x"": 98.5, ""y"": 69}, ""eventActionType"": ""pass"", ""isHome"": false, ""keypass"": false}",,
1154605,Désiré Doué,14064442,rating-breakdown,passes,passes,,,,Paris Saint-Germain,45.0,,49.1,92.7,35.2,88,True,True,1,boolean_field,success,True,,False,False,pass,rating-breakdown,True,49.1,92.7,35.2,88,pass,False,False,"{""playerCoordinates"": {""x"": 49.1, ""y"": 92.7}, ""passEndCoordinates"": {""x"": 35.2, ""y"": 88}, ""eventActionType"": ""pass"", ""isHome"": false, ""outcome"": true, ""keypass"": false}",,
1154605,Désiré Doué,14064442,rating-breakdown,passes,passes,,,,Paris Saint-Germain,45.0,,95.3,28.3,91.2,43.6,,,,unresolvable,,,,False,False,pass,rating-breakdown,True,95.3,28.3,91.2,43.6,pass,False,False,"{""playerCoordinates"": {""x"": 95.3, ""y"": 28.3}, ""passEndCoordinates"": {""x"": 91.2, ""y"": 43.6}, ""eventActionType"": ""pass"", ""isHome"": false, ""keypass"": false}",,
1154605,Désiré Doué,14064442,rating-breakdown,passes,passes,,,,Paris Saint-Germain,45.0,,54.6,87.6,36.6,84.7,True,True,1,boolean_field,success,True,,False,False,pass,rating-breakdown,True,54.6,87.6,36.6,84.7,pass,False,False,"{""playerCoordinates"": {""x"": 54.6, ""y"": 87.6}, ""passEndCoordinates"": {""x"": 36.6, ""y"": 84.7}, ""eventActionType"": ""pass"", ""isHome"": false, ""outcome"": true, ""keypass"": false}",,
1154605,Désiré Doué,14064442,rating-breakdown,passes,passes,,,,Paris Saint-Germain,45.0,,39.9,83.4,35.6,85.5,True,True,1,boolean_field,success,True,,False,False,pass,rating-breakdown,True,39.9,83.4,35.6,85.5,pass,False,False,"{""playerCoordinates"": {""x"": 39.9, ""y"": 83.4}, ""passEndCoordinates"": {""x"": 35.6, ""y"": 85.5}, ""eventActionType"": ""pass"", ""isHome"": false, ""outcome"": true, ""keypass"": false}",,
1154605,Désiré Doué,14064442,rating-breakdown,passes,passes,,,,Paris Saint-Germain,45.0,,43.5,68.7,37.2,58.8,True,True,1,boolean_field,success,True,,False,False,pass,rating-breakdown,True,43.5,68.7,37.2,58.8,pass,False,False,"{""playerCoordinates"": {""x"": 43.5, ""y"": 68.7}, ""passEndCoordinates"": {""x"": 37.2, ""y"": 58.8}, ""eventActionType"": ""pass"", ""isHome"": false, ""outcome"": true, ""keypass"": false}",,
1154605,Désiré Doué,14064442,rating-breakdown,passes,passes,,,,Paris Saint-Germain,45.0,,45.3,86.8,47.5,56.1,True,True,1,boolean_field,success,True,,False,False,pass,rating-breakdown,True,45.3,86.8,47.5,56.1,pass,False,False,"{""playerCoordinates"": {""x"": 45.3, ""y"": 86.8}, ""passEndCoordinates"": {""x"": 47.5, ""y"": 56.1}, ""eventActionType"": ""pass"", ""isHome"": false, ""outcome"": true, ""keypass"": false}",,
1154605,Désiré Doué,14064442,rating-breakdown,passes,passes,,,,Paris Saint-Germain,45.0,,76.7,97.6,58.1,92.8,True,True,1,boolean_field,success,True,,False,False,pass,rating-breakdown,True,76.7,97.6,58.1,92.8,pass,False,False,"{""playerCoordinates"": {""x"": 76.7, ""y"": 97.6}, ""passEndCoordinates"": {""x"": 58.1, ""y"": 92.8}, ""eventActionType"": ""pass"", ""isHome"": false, ""outcome"": true, ""keypass"": false}",,
1154605,Désiré Doué,14064442,rating-breakdown,passes,passes,,,,Paris Saint-Germain,45.0,,71.1,87.7,73.8,85.3,,,,unresolvable,,,,False,False,pass,rating-breakdown,True,71.1,87.7,73.8,85.3,pass,False,False,"{""playerCoordinates"": {""x"": 71.1, ""y"": 87.7}, ""passEndCoordinates"": {""x"": 73.8, ""y"": 85.3}, ""eventActionType"": ""pass"", ""isHome"": false, ""keypass"": false}",,
1154605,Désiré Doué,14064442,rating-breakdown,passes,passes,,,,Paris Saint-Germain,45.0,,42.9,82.9,76,87.1,,,,unresolvable,,,,False,False,pass,rating-breakdown,True,42.9,82.9,76,87.1,pass,False,False,"{""playerCoordinates"": {""x"": 42.9, ""y"": 82.9}, ""passEndCoordinates"": {""x"": 76, ""y"": 87.1}, ""eventActionType"": ""pass"", ""isHome"": false, ""keypass"": false, ""isLongBall"": true}",True,
1154605,Désiré Doué,14064442,rating-breakdown,passes,passes,,,,Paris Saint-Germain,45.0,,78.4,79.1,74.2,75.2,True,True,1,boolean_field,success,True,,False,False,pass,rating-breakdown,True,78.4,79.1,74.2,75.2,pass,False,False,"{""playerCoordinates"": {""x"": 78.4, ""y"": 79.1}, ""passEndCoordinates"": {""x"": 74.2, ""y"": 75.2}, ""eventActionType"": ""pass"", ""isHome"": false, ""outcome"": true, ""keypass"": false}",,
1154605,Désiré Doué,14064442,rating-breakdown,passes,passes,,,,Paris Saint-Germain,45.0,,85,64.9,77,51,,,,unresolvable,,,,False,False,pass,rating-breakdown,True,85,64.9,77,51,pass,False,False,"{""playerCoordinates"": {""x"": 85, ""y"": 64.9}, ""passEndCoordinates"": {""x"": 77, ""y"": 51}, ""eventActionType"": ""pass"", ""isHome"": false, ""keypass"": false}",,
1154605,Désiré Doué,14064442,rating-breakdown,passes,passes,,,,Paris Saint-Germain,45.0,,74.7,86.5,86.3,72.4,,,,unresolvable,,,,False,False,pass,rating-breakdown,True,74.7,86.5,86.3,72.4,pass,False,False,"{""playerCoordinates"": {""x"": 74.7, ""y"": 86.5}, ""passEndCoordinates"": {""x"": 86.3, ""y"": 72.4}, ""eventActionType"": ""pass"", ""isHome"": false, ""keypass"": false}",,
1154605,Désiré Doué,14064442,rating-breakdown,dribbles,dribbles,,,,Paris Saint-Germain,45.0,,90.4,84.4,,,True,True,1,boolean_field,success,,True,False,False,,rating-breakdown,True,90.4,84.4,,,dribble,False,False,"{""playerCoordinates"": {""x"": 90.4, ""y"": 84.4}, ""eventActionType"": ""dribble"", ""isHome"": false, ""outcome"": true, ""keypass"": false}",,
1154605,Désiré Doué,14064442,rating-breakdown,defensive,defensive,,,,Paris Saint-Germain,45.0,,41.6,42.2,,,True,True,1,boolean_field,success,,True,False,False,,rating-breakdown,True,41.6,42.2,,,tackle,False,False,"{""playerCoordinates"": {""x"": 41.6, ""y"": 42.2}, ""eventActionType"": ""tackle"", ""isHome"": false, ""outcome"": true, ""keypass"": false}",,
1154605,Désiré Doué,14064442,rating-breakdown,defensive,defensive,,,,Paris Saint-Germain,45.0,,65,60.3,,,True,True,1,boolean_field,success,,True,False,False,,rating-breakdown,True,65,60.3,,,ball-recovery,False,False,"{""playerCoordinates"": {""x"": 65, ""y"": 60.3}, ""eventActionType"": ""ball-recovery"", ""isHome"": false, ""outcome"": true, ""keypass"": false}",,
1154605,Désiré Doué,14064442,rating-breakdown,defensive,defensive,,,,Paris Saint-Germain,45.0,,13.7,41.4,20.5,48.9,True,True,1,boolean_field,success,,True,False,False,,rating-breakdown,True,13.7,41.4,20.5,48.9,clearance,False,False,"{""playerCoordinates"": {""x"": 13.7, ""y"": 41.4}, ""passEndCoordinates"": {""x"": 20.5, ""y"": 48.9}, ""eventActionType"": ""clearance"", ""isHome"": false, ""outcome"": true, ""keypass"": false}",,
1154605,Désiré Doué,14064464,rating-breakdown,passes,passes,,,,Paris Saint-Germain,84.0,,71.3,33.6,74.2,34.7,,,,unresolvable,,,,False,False,pass,rating-breakdown,True,71.3,33.6,74.2,34.7,pass,True,False,"{""playerCoordinates"": {""x"": 71.3, ""y"": 33.6}, ""passEndCoordinates"": {""x"": 74.2, ""y"": 34.7}, ""eventActionType"": ""pass"", ""isHome"": true, ""keypass"": false}",,
1154605,Désiré Doué,14064464,rating-breakdown,passes,passes,,,,Paris Saint-Germain,84.0,,31.7,7.7,0,11.5,,,,unresolvable,,,,False,False,pass,rating-breakdown,True,31.7,7.7,0,11.5,pass,True,False,"{""playerCoordinates"": {""x"": 31.7, ""y"": 7.7}, ""passEndCoordinates"": {""x"": 0, ""y"": 11.5}, ""eventActionType"": ""pass"", ""isHome"": true, ""keypass"": false, ""isLongBall"": true}",True,
1154605,Désiré Doué,14064464,rating-breakdown,passes,passes,,,,Paris Saint-Germain,84.0,,84.9,48.5,89.4,55.6,,,,unresolvable,,,,False,False,pass,rating-breakdown,True,84.9,48.5,89.4,55.6,pass,True,False,"{""playerCoordinates"": {""x"": 84.9, ""y"": 48.5}, ""passEndCoordinates"": {""x"": 89.4, ""y"": 55.6}, ""eventActionType"": ""pass"", ""isHome"": true, ""keypass"": false}",,
1154605,Désiré Doué,14064464,rating-breakdown,passes,passes,,,,Paris Saint-Germain,84.0,,62.1,14.2,60.1,29.8,True,True,1,boolean_field,success,True,,False,False,pass,rating-breakdown,True,62.1,14.2,60.1,29.8,pass,True,False,"{""playerCoordinates"": {""x"": 62.1, ""y"": 14.2}, ""passEndCoordinates"": {""x"": 60.1, ""y"": 29.8}, ""eventActionType"": ""pass"", ""isHome"": true, ""outcome"": true, ""keypass"": false}",,
1154605,Désiré Doué,14064464,rating-breakdown,passes,passes,,,,Paris Saint-Germain,84.0,,88,2.2,84.1,3.3,True,True,1,boolean_field,success,True,,False,False,pass,rating-breakdown,True,88,2.2,84.1,3.3,pass,True,False,"{""playerCoordinates"": {""x"": 88, ""y"": 2.2}, ""passEndCoordinates"": {""x"": 84.1, ""y"": 3.3}, ""eventActionType"": ""pass"", ""isHome"": true, ""outcome"": true, ""keypass"": false}",,
1154605,Désiré Doué,14064464,rating-breakdown,passes,passes,,,,Paris Saint-Germain,84.0,,92.6,18,90.8,100,,,,unresolvable,,,,False,False,pass,rating-breakdown,True,92.6,18,90.8,100,cross,True,False,"{""playerCoordinates"": {""x"": 92.6, ""y"": 18}, ""passEndCoordinates"": {""x"": 90.8, ""y"": 100}, ""eventActionType"": ""cross"", ""isHome"": true, ""keypass"": false, ""isLongBall"": true}",True,
1154605,Désiré Doué,14064464,rating-breakdown,passes,passes,,,,Paris Saint-Germain,84.0,,57.8,9.7,52.9,15.4,True,True,1,boolean_field,success,True,,False,False,pass,rating-breakdown,True,57.8,9.7,52.9,15.4,pass,True,False,"{""playerCoordinates"": {""x"": 57.8, ""y"": 9.7}, ""passEndCoordinates"": {""x"": 52.9, ""y"": 15.4}, ""eventActionType"": ""pass"", ""isHome"": true, ""outcome"": true, ""keypass"": false}",,
1154605,Désiré Doué,14064464,rating-breakdown,passes,passes,,,,Paris Saint-Germain,84.0,,67.6,10,63.8,18.9,True,True,1,boolean_field,success,True,,False,False,pass,rating-breakdown,True,67.6,10,63.8,18.9,pass,True,False,"{""playerCoordinates"": {""x"": 67.6, ""y"": 10}, ""passEndCoordinates"": {""x"": 63.8, ""y"": 18.9}, ""eventActionType"": ""pass"", ""isHome"": true, ""outcome"": true, ""keypass"": false}",,
1154605,Désiré Doué,14064464,rating-breakdown,passes,passes,,,,Paris Saint-Germain,84.0,,66.1,48.6,60.5,25.9,True,True,1,boolean_field,success,True,,False,False,pass,rating-breakdown,True,66.1,48.6,60.5,25.9,pass,True,False,"{""playerCoordinates"": {""x"": 66.1, ""y"": 48.6}, ""passEndCoordinates"": {""x"": 60.5, ""y"": 25.9}, ""eventActionType"": ""pass"", ""isHome"": true, ""outcome"": true, ""keypass"": false}",,
1154605,Désiré Doué,14064464,rating-breakdown,passes,passes,,,,Paris Saint-Germain,84.0,,91.8,8.8,91,50.6,,,,unresolvable,,,,False,False,pass,rating-breakdown,True,91.8,8.8,91,50.6,cross,True,False,"{""playerCoordinates"": {""x"": 91.8, ""y"": 8.8}, ""passEndCoordinates"": {""x"": 91, ""y"": 50.6}, ""eventActionType"": ""cross"", ""isHome"": true, ""keypass"": false}",,
1154605,Désiré Doué,14064464,rating-breakdown,passes,passes,,,,Paris Saint-Germain,84.0,,87.6,15,74.4,23.8,True,True,1,boolean_field,success,True,,False,False,pass,rating-breakdown,True,87.6,15,74.4,23.8,pass,True,False,"{""playerCoordinates"": {""x"": 87.6, ""y"": 15}, ""passEndCoordinates"": {""x"": 74.4, ""y"": 23.8}, ""eventActionType"": ""pass"", ""isHome"": true, ""outcome"": true, ""keypass"": false}",,
1154605,Désiré Doué,14064464,rating-breakdown,passes,passes,,,,Paris Saint-Germain,84.0,,44.1,19.1,33.1,51.4,True,True,1,boolean_field,success,True,,False,False,pass,rating-breakdown,True,44.1,19.1,33.1,51.4,pass,True,False,"{""playerCoordinates"": {""x"": 44.1, ""y"": 19.1}, ""passEndCoordinates"": {""x"": 33.1, ""y"": 51.4}, ""eventActionType"": ""pass"", ""isHome"": true, ""outcome"": true, ""keypass"": false}",,
1154605,Désiré Doué,14064464,rating-breakdown,passes,passes,,,,Paris Saint-Germain,84.0,,65.2,9.4,67.3,12.4,,,,unresolvable,,,,False,False,pass,rating-breakdown,True,65.2,9.4,67.3,12.4,pass,True,False,"{""playerCoordinates"": {""x"": 65.2, ""y"": 9.4}, ""passEndCoordinates"": {""x"": 67.3, ""y"": 12.4}, ""eventActionType"": ""pass"", ""isHome"": true, ""keypass"": false}",,
1154605,Désiré Doué,14064464,rating-breakdown,passes,passes,,,,Paris Saint-Germain,84.0,,73.5,12.1,73.5,14.8,,,,unresolvable,,,,False,False,pass,rating-breakdown,True,73.5,12.1,73.5,14.8,pass,True,False,"{""playerCoordinates"": {""x"": 73.5, ""y"": 12.1}, ""passEndCoordinates"": {""x"": 73.5, ""y"": 14.8}, ""eventActionType"": ""pass"", ""isHome"": true, ""keypass"": false}",,
1154605,Désiré Doué,14064464,rating-breakdown,passes,passes,,,,Paris Saint-Germain,84.0,,42,23.7,36.5,0,,,,unresolvable,,,,False,False,pass,rating-breakdown,True,42,23.7,36.5,0,pass,True,False,"{""playerCoordinates"": {""x"": 42, ""y"": 23.7}, ""passEndCoordinates"": {""x"": 36.5, ""y"": 0}, ""eventActionType"": ""pass"", ""isHome"": true, ""keypass"": false}",,
1154605,Désiré Doué,14064464,rating-breakdown,passes,passes,,,,Paris Saint-Germain,84.0,,68,3,86.9,15.4,True,True,1,boolean_field,success,True,,False,False,pass,rating-breakdown,True,68,3,86.9,15.4,pass,True,False,"{""playerCoordinates"": {""x"": 68, ""y"": 3}, ""passEndCoordinates"": {""x"": 86.9, ""y"": 15.4}, ""eventActionType"": ""pass"", ""isHome"": true, ""outcome"": true, ""keypass"": false}",,
1154605,Désiré Doué,14064464,rating-breakdown,passes,passes,,,,Paris Saint-Germain,84.0,,68.9,49.1,74.9,73.2,True,True,1,boolean_field,success,True,,False,False,pass,rating-breakdown,True,68.9,49.1,74.9,73.2,pass,True,False,"{""playerCoordinates"": {""x"": 68.9, ""y"": 49.1}, ""passEndCoordinates"": {""x"": 74.9, ""y"": 73.2}, ""eventActionType"": ""pass"", ""isHome"": true, ""outcome"": true, ""keypass"": false}",,
1154605,Désiré Doué,14064464,rating-breakdown,passes,passes,,,,Paris Saint-Germain,84.0,,57.4,52.4,79.9,66.4,,,,unresolvable,,,,False,False,pass,rating-breakdown,True,57.4,52.4,79.9,66.4,pass,True,False,"{""playerCoordinates"": {""x"": 57.4, ""y"": 52.4}, ""passEndCoordinates"": {""x"": 79.9, ""y"": 66.4}, ""eventActionType"": ""pass"", ""isHome"": true, ""keypass"": false}",,
1154605,Désiré Doué,14064464,rating-breakdown,passes,passes,,,,Paris Saint-Germain,84.0,,57.2,17.9,53.8,51.7,True,True,1,boolean_field,success,True,,False,False,pass,rating-breakdown,True,57.2,17.9,53.8,51.7,pass,True,False,"{""playerCoordinates"": {""x"": 57.2, ""y"": 17.9}, ""passEndCoordinates"": {""x"": 53.8, ""y"": 51.7}, ""eventActionType"": ""pass"", ""isHome"": true, ""outcome"": true, ""keypass"": false}",,
1154605,Désiré Doué,14064464,rating-breakdown,passes,passes,,,,Paris Saint-Germain,84.0,,39.3,39.7,39.6,15.6,True,True,1,boolean_field,success,True,,False,False,pass,rating-breakdown,True,39.3,39.7,39.6,15.6,pass,True,False,"{""playerCoordinates"": {""x"": 39.3, ""y"": 39.7}, ""passEndCoordinates"": {""x"": 39.6, ""y"": 15.6}, ""eventActionType"": ""pass"", ""isHome"": true, ""outcome"": true, ""keypass"": false}",,
1154605,Désiré Doué,14064464,rating-breakdown,passes,passes,,,,Paris Saint-Germain,84.0,,60.4,70.8,68.9,84.7,True,True,1,boolean_field,success,True,,False,False,pass,rating-breakdown,True,60.4,70.8,68.9,84.7,pass,True,False,"{""playerCoordinates"": {""x"": 60.4, ""y"": 70.8}, ""passEndCoordinates"": {""x"": 68.9, ""y"": 84.7}, ""eventActionType"": ""pass"", ""isHome"": true, ""outcome"": true, ""keypass"": false}",,
1154605,Désiré Doué,14064464,rating-breakdown,passes,passes,,,,Paris Saint-Germain,84.0,,71.7,95.5,70.8,73.2,True,True,1,boolean_field,success,True,,False,False,pass,rating-breakdown,True,71.7,95.5,70.8,73.2,pass,True,False,"{""playerCoordinates"": {""x"": 71.7, ""y"": 95.5}, ""passEndCoordinates"": {""x"": 70.8, ""y"": 73.2}, ""eventActionType"": ""pass"", ""isHome"": true, ""outcome"": true, ""keypass"": false}",,
1154605,Désiré Doué,14064464,rating-breakdown,passes,passes,,,,Paris Saint-Germain,84.0,,53.3,5.3,46,30.6,True,True,1,boolean_field,success,True,,False,False,pass,rating-breakdown,True,53.3,5.3,46,30.6,pass,True,False,"{""playerCoordinates"": {""x"": 53.3, ""y"": 5.3}, ""passEndCoordinates"": {""x"": 46, ""y"": 30.6}, ""eventActionType"": ""pass"", ""isHome"": true, ""outcome"": true, ""keypass"": false}",,
1154605,Désiré Doué,14064464,rating-breakdown,passes,passes,,,,Paris Saint-Germain,84.0,,84.4,4.4,75.1,3.5,True,True,1,boolean_field,success,True,,False,False,pass,rating-breakdown,True,84.4,4.4,75.1,3.5,pass,True,False,"{""playerCoordinates"": {""x"": 84.4, ""y"": 4.4}, ""passEndCoordinates"": {""x"": 75.1, ""y"": 3.5}, ""eventActionType"": ""pass"", ""isHome"": true, ""outcome"": true, ""keypass"": false}",,
1154605,Désiré Doué,14064464,rating-breakdown,passes,passes,,,,Paris Saint-Germain,84.0,,79.9,13.9,84.8,17.4,,,,unresolvable,,,,False,False,pass,rating-breakdown,True,79.9,13.9,84.8,17.4,cross,True,False,"{""playerCoordinates"": {""x"": 79.9, ""y"": 13.9}, ""passEndCoordinates"": {""x"": 84.8, ""y"": 17.4}, ""eventActionType"": ""cross"", ""isHome"": true, ""keypass"": false}",,
1154605,Désiré Doué,14064464,rating-breakdown,passes,passes,,,,Paris Saint-Germain,84.0,,91.5,23.6,100,67,,,,unresolvable,,,,False,False,pass,rating-breakdown,True,91.5,23.6,100,67,cross,True,False,"{""playerCoordinates"": {""x"": 91.5, ""y"": 23.6}, ""passEndCoordinates"": {""x"": 100, ""y"": 67}, ""eventActionType"": ""cross"", ""isHome"": true, ""keypass"": false}",,
1154605,Désiré Doué,14064464,rating-breakdown,passes,passes,,,,Paris Saint-Germain,84.0,,45.3,3,38.1,18,True,True,1,boolean_field,success,True,,False,False,pass,rating-breakdown,True,45.3,3,38.1,18,pass,True,False,"{""playerCoordinates"": {""x"": 45.3, ""y"": 3}, ""passEndCoordinates"": {""x"": 38.1, ""y"": 18}, ""eventActionType"": ""pass"", ""isHome"": true, ""outcome"": true, ""keypass"": false}",,
1154605,Désiré Doué,14064464,rating-breakdown,passes,passes,,,,Paris Saint-Germain,84.0,,20.8,9.8,28.6,6.2,,,,unresolvable,,,,False,False,pass,rating-breakdown,True,20.8,9.8,28.6,6.2,pass,True,False,"{""playerCoordinates"": {""x"": 20.8, ""y"": 9.8}, ""passEndCoordinates"": {""x"": 28.6, ""y"": 6.2}, ""eventActionType"": ""pass"", ""isHome"": true, ""keypass"": false}",,
1154605,Désiré Doué,14064464,rating-breakdown,passes,passes,,,,Paris Saint-Germain,84.0,,33.9,12.4,25.6,28.8,True,True,1,boolean_field,success,True,,False,False,pass,rating-breakdown,True,33.9,12.4,25.6,28.8,pass,True,False,"{""playerCoordinates"": {""x"": 33.9, ""y"": 12.4}, ""passEndCoordinates"": {""x"": 25.6, ""y"": 28.8}, ""eventActionType"": ""pass"", ""isHome"": true, ""outcome"": true, ""keypass"": false}",,
1154605,Désiré Doué,14064464,rating-breakdown,passes,passes,,,,Paris Saint-Germain,84.0,,56.3,6.3,45.1,17.7,True,True,1,boolean_field,success,True,,False,False,pass,rating-breakdown,True,56.3,6.3,45.1,17.7,pass,True,False,"{""playerCoordinates"": {""x"": 56.3, ""y"": 6.3}, ""passEndCoordinates"": {""x"": 45.1, ""y"": 17.7}, ""eventActionType"": ""pass"", ""isHome"": true, ""outcome"": true, ""keypass"": false}",,
1154605,Désiré Doué,14064464,rating-breakdown,passes,passes,,,,Paris Saint-Germain,84.0,,67.6,11.8,63.5,27.3,True,True,1,boolean_field,success,True,,False,False,pass,rating-breakdown,True,67.6,11.8,63.5,27.3,pass,True,False,"{""playerCoordinates"": {""x"": 67.6, ""y"": 11.8}, ""passEndCoordinates"": {""x"": 63.5, ""y"": 27.3}, ""eventActionType"": ""pass"", ""isHome"": true, ""outcome"": true, ""keypass"": false}",,
1154605,Désiré Doué,14064464,rating-breakdown,passes,passes,,,,Paris Saint-Germain,84.0,,85.9,17.7,80.8,21.2,True,True,1,boolean_field,success,True,,False,False,pass,rating-breakdown,True,85.9,17.7,80.8,21.2,pass,True,False,"{""playerCoordinates"": {""x"": 85.9, ""y"": 17.7}, ""passEndCoordinates"": {""x"": 80.8, ""y"": 21.2}, ""eventActionType"": ""pass"", ""isHome"": true, ""outcome"": true, ""keypass"": false}",,
1154605,Désiré Doué,14064464,rating-breakdown,passes,passes,,,,Paris Saint-Germain,84.0,,80,14.5,73.6,28.3,True,True,1,boolean_field,success,True,,False,False,pass,rating-breakdown,True,80,14.5,73.6,28.3,pass,True,False,"{""playerCoordinates"": {""x"": 80, ""y"": 14.5}, ""passEndCoordinates"": {""x"": 73.6, ""y"": 28.3}, ""eventActionType"": ""pass"", ""isHome"": true, ""outcome"": true, ""keypass"": false}",,
1154605,Désiré Doué,14064464,rating-breakdown,passes,passes,,,,Paris Saint-Germain,84.0,,41.3,24.8,40.8,37.9,True,True,1,boolean_field,success,True,,False,False,pass,rating-breakdown,True,41.3,24.8,40.8,37.9,pass,True,False,"{""playerCoordinates"": {""x"": 41.3, ""y"": 24.8}, ""passEndCoordinates"": {""x"": 40.8, ""y"": 37.9}, ""eventActionType"": ""pass"", ""isHome"": true, ""outcome"": true, ""keypass"": false}",,
1154605,Désiré Doué,14064464,rating-breakdown,passes,passes,,,,Paris Saint-Germain,84.0,,69.2,87.6,95,77,True,True,1,boolean_field,success,True,,False,False,pass,rating-breakdown,True,69.2,87.6,95,77,pass,True,False,"{""playerCoordinates"": {""x"": 69.2, ""y"": 87.6}, ""passEndCoordinates"": {""x"": 95, ""y"": 77}, ""eventActionType"": ""pass"", ""isHome"": true, ""outcome"": true, ""keypass"": false}",,
1154605,Désiré Doué,14064464,rating-breakdown,passes,passes,,,,Paris Saint-Germain,84.0,,66.3,6.3,65.4,21.8,True,True,1,boolean_field,success,True,,False,False,pass,rating-breakdown,True,66.3,6.3,65.4,21.8,pass,True,False,"{""playerCoordinates"": {""x"": 66.3, ""y"": 6.3}, ""passEndCoordinates"": {""x"": 65.4, ""y"": 21.8}, ""eventActionType"": ""pass"", ""isHome"": true, ""outcome"": true, ""keypass"": false}",,
1154605,Désiré Doué,14064464,rating-breakdown,passes,passes,,,,Paris Saint-Germain,84.0,,63.8,70.5,60.8,86.8,True,True,1,boolean_field,success,True,,False,False,pass,rating-breakdown,True,63.8,70.5,60.8,86.8,pass,True,False,"{""playerCoordinates"": {""x"": 63.8, ""y"": 70.5}, ""passEndCoordinates"": {""x"": 60.8, ""y"": 86.8}, ""eventActionType"": ""pass"", ""isHome"": true, ""outcome"": true, ""keypass"": false}",,
1154605,Désiré Doué,14064464,rating-breakdown,passes,passes,,,,Paris Saint-Germain,84.0,,79.8,92.6,74.3,74.3,True,True,1,boolean_field,success,True,,False,False,pass,rating-breakdown,True,79.8,92.6,74.3,74.3,pass,True,False,"{""playerCoordinates"": {""x"": 79.8, ""y"": 92.6}, ""passEndCoordinates"": {""x"": 74.3, ""y"": 74.3}, ""eventActionType"": ""pass"", ""isHome"": true, ""outcome"": true, ""keypass"": false}",,
1154605,Désiré Doué,14064464,rating-breakdown,passes,passes,,,,Paris Saint-Germain,84.0,,70.9,95.5,73.1,83.8,True,True,1,boolean_field,success,True,,False,False,pass,rating-breakdown,True,70.9,95.5,73.1,83.8,pass,True,False,"{""playerCoordinates"": {""x"": 70.9, ""y"": 95.5}, ""passEndCoordinates"": {""x"": 73.1, ""y"": 83.8}, ""eventActionType"": ""pass"", ""isHome"": true, ""outcome"": true, ""keypass"": false}",,
1154605,Désiré Doué,14064464,rating-breakdown,passes,passes,,,,Paris Saint-Germain,84.0,,76.7,87.4,70.5,73.5,True,True,1,boolean_field,success,True,,False,False,pass,rating-breakdown,True,76.7,87.4,70.5,73.5,pass,True,False,"{""playerCoordinates"": {""x"": 76.7, ""y"": 87.4}, ""passEndCoordinates"": {""x"": 70.5, ""y"": 73.5}, ""eventActionType"": ""pass"", ""isHome"": true, ""outcome"": true, ""keypass"": false}",,
1154605,Désiré Doué,14064464,rating-breakdown,passes,passes,,,,Paris Saint-Germain,84.0,,47,9.4,37.3,34.6,True,True,1,boolean_field,success,True,,False,False,pass,rating-breakdown,True,47,9.4,37.3,34.6,pass,True,False,"{""playerCoordinates"": {""x"": 47, ""y"": 9.4}, ""passEndCoordinates"": {""x"": 37.3, ""y"": 34.6}, ""eventActionType"": ""pass"", ""isHome"": true, ""outcome"": true, ""keypass"": false}",,
1154605,Désiré Doué,14064464,rating-breakdown,passes,passes,,,,Paris Saint-Germain,84.0,,77.3,79,72,88.7,True,True,1,boolean_field,success,True,,False,False,pass,rating-breakdown,True,77.3,79,72,88.7,pass,True,False,"{""playerCoordinates"": {""x"": 77.3, ""y"": 79}, ""passEndCoordinates"": {""x"": 72, ""y"": 88.7}, ""eventActionType"": ""pass"", ""isHome"": true, ""outcome"": true, ""keypass"": false}",,
1154605,Désiré Doué,14064464,rating-breakdown,passes,passes,,,,Paris Saint-Germain,84.0,,74.3,41.2,81.8,47.7,True,True,1,boolean_field,success,True,,True,True,assist,rating-breakdown,True,74.3,41.2,81.8,47.7,pass,True,True,"{""playerCoordinates"": {""x"": 74.3, ""y"": 41.2}, ""passEndCoordinates"": {""x"": 81.8, ""y"": 47.7}, ""eventActionType"": ""pass"", ""isHome"": true, ""outcome"": true, ""keypass"": true, ""isAssist"": true}",,True
1154605,Désiré Doué,14064464,rating-breakdown,passes,passes,,,,Paris Saint-Germain,84.0,,36.3,7.9,42.4,15,True,True,1,boolean_field,success,True,,False,False,pass,rating-breakdown,True,36.3,7.9,42.4,15,pass,True,False,"{""playerCoordinates"": {""x"": 36.3, ""y"": 7.9}, ""passEndCoordinates"": {""x"": 42.4, ""y"": 15}, ""eventActionType"": ""pass"", ""isHome"": true, ""outcome"": true, ""keypass"": false}",,
1154605,Désiré Doué,14064464,rating-breakdown,passes,passes,,,,Paris Saint-Germain,84.0,,65.8,91.7,78.2,85.3,,,,unresolvable,,,,False,False,pass,rating-breakdown,True,65.8,91.7,78.2,85.3,pass,True,False,"{""playerCoordinates"": {""x"": 65.8, ""y"": 91.7}, ""passEndCoordinates"": {""x"": 78.2, ""y"": 85.3}, ""eventActionType"": ""pass"", ""isHome"": true, ""keypass"": false}",,
1154605,Désiré Doué,14064464,rating-breakdown,passes,passes,,,,Paris Saint-Germain,84.0,,67.6,86.7,67.6,70.6,True,True,1,boolean_field,success,True,,False,False,pass,rating-breakdown,True,67.6,86.7,67.6,70.6,pass,True,False,"{""playerCoordinates"": {""x"": 67.6, ""y"": 86.7}, ""passEndCoordinates"": {""x"": 67.6, ""y"": 70.6}, ""eventActionType"": ""pass"", ""isHome"": true, ""outcome"": true, ""keypass"": false}",,
1154605,Désiré Doué,14064464,rating-breakdown,passes,passes,,,,Paris Saint-Germain,84.0,,86.6,20.1,93.2,45.5,,,,unresolvable,,,,False,False,pass,rating-breakdown,True,86.6,20.1,93.2,45.5,cross,True,False,"{""playerCoordinates"": {""x"": 86.6, ""y"": 20.1}, ""passEndCoordinates"": {""x"": 93.2, ""y"": 45.5}, ""eventActionType"": ""cross"", ""isHome"": true, ""keypass"": false}",,
1154605,Désiré Doué,14064464,rating-breakdown,passes,passes,,,,Paris Saint-Germain,84.0,,54.4,18.9,43.7,4.7,True,True,1,boolean_field,success,True,,False,False,pass,rating-breakdown,True,54.4,18.9,43.7,4.7,pass,True,False,"{""playerCoordinates"": {""x"": 54.4, ""y"": 18.9}, ""passEndCoordinates"": {""x"": 43.7, ""y"": 4.7}, ""eventActionType"": ""pass"", ""isHome"": true, ""outcome"": true, ""keypass"": false}",,
1154605,Désiré Doué,14064464,rating-breakdown,passes,passes,,,,Paris Saint-Germain,84.0,,37.6,3.9,29,12.6,True,True,1,boolean_field,success,True,,False,False,pass,rating-breakdown,True,37.6,3.9,29,12.6,pass,True,False,"{""playerCoordinates"": {""x"": 37.6, ""y"": 3.9}, ""passEndCoordinates"": {""x"": 29, ""y"": 12.6}, ""eventActionType"": ""pass"", ""isHome"": true, ""outcome"": true, ""keypass"": false}",,
1154605,Désiré Doué,14064464,rating-breakdown,passes,passes,,,,Paris Saint-Germain,84.0,,99.5,0.5,76.6,19.7,True,True,1,boolean_field,success,True,,False,False,pass,rating-breakdown,True,99.5,0.5,76.6,19.7,pass,True,False,"{""playerCoordinates"": {""x"": 99.5, ""y"": 0.5}, ""passEndCoordinates"": {""x"": 76.6, ""y"": 19.7}, ""eventActionType"": ""pass"", ""isHome"": true, ""outcome"": true, ""keypass"": false}",,
1154605,Désiré Doué,14064464,rating-breakdown,passes,passes,,,,Paris Saint-Germain,84.0,,84.4,5.4,72.9,24.5,True,True,1,boolean_field,success,True,,False,False,pass,rating-breakdown,True,84.4,5.4,72.9,24.5,pass,True,False,"{""playerCoordinates"": {""x"": 84.4, ""y"": 5.4}, ""passEndCoordinates"": {""x"": 72.9, ""y"": 24.5}, ""eventActionType"": ""pass"", ""isHome"": true, ""outcome"": true, ""keypass"": false}",,
1154605,Désiré Doué,14064464,rating-breakdown,ball-carries,ball-carries,,,,Paris Saint-Germain,84.0,,70.6,4.8,71.3,33.6,,,,unresolvable,,,,False,False,,rating-breakdown,True,70.6,4.8,71.3,33.6,ball-carry,True,,"{""playerCoordinates"": {""x"": 70.6, ""y"": 4.8}, ""passEndCoordinates"": {""x"": 71.3, ""y"": 33.6}, ""eventActionType"": ""ball-carry"", ""isHome"": true}",,
1154605,Désiré Doué,14064464,rating-breakdown,ball-carries,ball-carries,,,,Paris Saint-Germain,84.0,,62.5,9.8,62.1,14.2,,,,unresolvable,,,,False,False,,rating-breakdown,True,62.5,9.8,62.1,14.2,ball-carry,True,,"{""playerCoordinates"": {""x"": 62.5, ""y"": 9.8}, ""passEndCoordinates"": {""x"": 62.1, ""y"": 14.2}, ""eventActionType"": ""ball-carry"", ""isHome"": true}",,
1154605,Désiré Doué,14064464,rating-breakdown,ball-carries,ball-carries,,,,Paris Saint-Germain,84.0,,92.9,16.3,88,2.2,,,,unresolvable,,,,False,False,,rating-breakdown,True,92.9,16.3,88,2.2,ball-carry,True,,"{""playerCoordinates"": {""x"": 92.9, ""y"": 16.3}, ""passEndCoordinates"": {""x"": 88, ""y"": 2.2}, ""eventActionType"": ""ball-carry"", ""isHome"": true}",,
1154605,Désiré Doué,14064464,rating-breakdown,ball-carries,ball-carries,,,,Paris Saint-Germain,84.0,,84,9.1,92.6,18,,,,unresolvable,,,,False,False,,rating-breakdown,True,84,9.1,92.6,18,ball-carry,True,,"{""playerCoordinates"": {""x"": 84, ""y"": 9.1}, ""passEndCoordinates"": {""x"": 92.6, ""y"": 18}, ""eventActionType"": ""ball-carry"", ""isHome"": true}",,
1154605,Désiré Doué,14064464,rating-breakdown,ball-carries,ball-carries,,,,Paris Saint-Germain,84.0,,55.2,4.4,57.8,9.7,,,,unresolvable,,,,False,False,,rating-breakdown,True,55.2,4.4,57.8,9.7,ball-carry,True,,"{""playerCoordinates"": {""x"": 55.2, ""y"": 4.4}, ""passEndCoordinates"": {""x"": 57.8, ""y"": 9.7}, ""eventActionType"": ""ball-carry"", ""isHome"": true}",,
1154605,Désiré Doué,14064464,rating-breakdown,ball-carries,ball-carries,,,,Paris Saint-Germain,84.0,,73.4,5.1,67.6,10,,,,unresolvable,,,,False,False,,rating-breakdown,True,73.4,5.1,67.6,10,ball-carry,True,,"{""playerCoordinates"": {""x"": 73.4, ""y"": 5.1}, ""passEndCoordinates"": {""x"": 67.6, ""y"": 10}, ""eventActionType"": ""ball-carry"", ""isHome"": true}",,
1154605,Désiré Doué,14064464,rating-breakdown,ball-carries,ball-carries,,,,Paris Saint-Germain,84.0,,84.3,13.2,87.6,15,,,,unresolvable,,,,False,False,,rating-breakdown,True,84.3,13.2,87.6,15,ball-carry,True,,"{""playerCoordinates"": {""x"": 84.3, ""y"": 13.2}, ""passEndCoordinates"": {""x"": 87.6, ""y"": 15}, ""eventActionType"": ""ball-carry"", ""isHome"": true}",,
1154605,Désiré Doué,14064464,rating-breakdown,ball-carries,ball-carries,,,,Paris Saint-Germain,84.0,,46.7,7.7,44.1,19.1,,,,unresolvable,,,,False,False,,rating-breakdown,True,46.7,7.7,44.1,19.1,ball-carry,True,,"{""playerCoordinates"": {""x"": 46.7, ""y"": 7.7}, ""passEndCoordinates"": {""x"": 44.1, ""y"": 19.1}, ""eventActionType"": ""ball-carry"", ""isHome"": true}",,
1154605,Désiré Doué,14064464,rating-breakdown,ball-carries,ball-carries,,,,Paris Saint-Germain,84.0,,65.2,10.4,69.5,1.5,,,,unresolvable,,,,False,False,,rating-breakdown,True,65.2,10.4,69.5,1.5,ball-carry,True,,"{""playerCoordinates"": {""x"": 65.2, ""y"": 10.4}, ""passEndCoordinates"": {""x"": 69.5, ""y"": 1.5}, ""eventActionType"": ""ball-carry"", ""isHome"": true}",,
1154605,Désiré Doué,14064464,rating-breakdown,ball-carries,ball-carries,,,,Paris Saint-Germain,84.0,,69.5,1.5,65.2,9.4,,,,unresolvable,,,,False,False,,rating-breakdown,True,69.5,1.5,65.2,9.4,ball-carry,True,,"{""playerCoordinates"": {""x"": 69.5, ""y"": 1.5}, ""passEndCoordinates"": {""x"": 65.2, ""y"": 9.4}, ""eventActionType"": ""ball-carry"", ""isHome"": true}",,
1154605,Désiré Doué,14064464,rating-breakdown,ball-carries,ball-carries,,,,Paris Saint-Germain,84.0,,40.2,27.9,42,23.7,,,,unresolvable,,,,False,False,,rating-breakdown,True,40.2,27.9,42,23.7,ball-carry,True,,"{""playerCoordinates"": {""x"": 40.2, ""y"": 27.9}, ""passEndCoordinates"": {""x"": 42, ""y"": 23.7}, ""eventActionType"": ""ball-carry"", ""isHome"": true}",,
1154605,Désiré Doué,14064464,rating-breakdown,ball-carries,ball-carries,,,,Paris Saint-Germain,84.0,,64.8,3.6,68,3,,,,unresolvable,,,,False,False,,rating-breakdown,True,64.8,3.6,68,3,ball-carry,True,,"{""playerCoordinates"": {""x"": 64.8, ""y"": 3.6}, ""passEndCoordinates"": {""x"": 68, ""y"": 3}, ""eventActionType"": ""ball-carry"", ""isHome"": true}",,
1154605,Désiré Doué,14064464,rating-breakdown,ball-carries,ball-carries,,,,Paris Saint-Germain,84.0,,58.7,3.9,57.2,17.9,,,,unresolvable,,,,False,False,,rating-breakdown,True,58.7,3.9,57.2,17.9,ball-carry,True,,"{""playerCoordinates"": {""x"": 58.7, ""y"": 3.9}, ""passEndCoordinates"": {""x"": 57.2, ""y"": 17.9}, ""eventActionType"": ""ball-carry"", ""isHome"": true}",,
1154605,Désiré Doué,14064464,rating-breakdown,ball-carries,ball-carries,,,,Paris Saint-Germain,84.0,,34.1,48.8,39.3,39.7,,,,unresolvable,,,,False,False,,rating-breakdown,True,34.1,48.8,39.3,39.7,ball-carry,True,,"{""playerCoordinates"": {""x"": 34.1, ""y"": 48.8}, ""passEndCoordinates"": {""x"": 39.3, ""y"": 39.7}, ""eventActionType"": ""ball-carry"", ""isHome"": true}",,
1154605,Désiré Doué,14064464,rating-breakdown,ball-carries,ball-carries,,,,Paris Saint-Germain,84.0,,60,63.3,60.4,70.8,,,,unresolvable,,,,False,False,,rating-breakdown,True,60,63.3,60.4,70.8,ball-carry,True,,"{""playerCoordinates"": {""x"": 60, ""y"": 63.3}, ""passEndCoordinates"": {""x"": 60.4, ""y"": 70.8}, ""eventActionType"": ""ball-carry"", ""isHome"": true}",,
1154605,Désiré Doué,14064464,rating-breakdown,ball-carries,ball-carries,,,,Paris Saint-Germain,84.0,,63.6,69.7,74.2,57.6,,,,unresolvable,,,,False,False,,rating-breakdown,True,63.6,69.7,74.2,57.6,ball-carry,True,,"{""playerCoordinates"": {""x"": 63.6, ""y"": 69.7}, ""passEndCoordinates"": {""x"": 74.2, ""y"": 57.6}, ""eventActionType"": ""ball-carry"", ""isHome"": true}",,
1154605,Désiré Doué,14064464,rating-breakdown,ball-carries,ball-carries,,,,Paris Saint-Germain,84.0,,66.1,95,71.7,95.5,,,,unresolvable,,,,False,False,,rating-breakdown,True,66.1,95,71.7,95.5,ball-carry,True,,"{""playerCoordinates"": {""x"": 66.1, ""y"": 95}, ""passEndCoordinates"": {""x"": 71.7, ""y"": 95.5}, ""eventActionType"": ""ball-carry"", ""isHome"": true}",,
1154605,Désiré Doué,14064464,rating-breakdown,ball-carries,ball-carries,,,,Paris Saint-Germain,84.0,,84.1,2.9,91.8,24.2,,,,unresolvable,,,,False,False,,rating-breakdown,True,84.1,2.9,91.8,24.2,ball-carry,True,,"{""playerCoordinates"": {""x"": 84.1, ""y"": 2.9}, ""passEndCoordinates"": {""x"": 91.8, ""y"": 24.2}, ""eventActionType"": ""ball-carry"", ""isHome"": true}",,
1154605,Désiré Doué,14064464,rating-breakdown,ball-carries,ball-carries,,,,Paris Saint-Germain,84.0,,76.1,13.2,81.7,18.5,,,,unresolvable,,,,False,False,,rating-breakdown,True,76.1,13.2,81.7,18.5,ball-carry,True,,"{""playerCoordinates"": {""x"": 76.1, ""y"": 13.2}, ""passEndCoordinates"": {""x"": 81.7, ""y"": 18.5}, ""eventActionType"": ""ball-carry"", ""isHome"": true}",,
1154605,Désiré Doué,14064464,rating-breakdown,ball-carries,ball-carries,,,,Paris Saint-Germain,84.0,,53.4,2.4,45.3,3,,,,unresolvable,,,,False,False,,rating-breakdown,True,53.4,2.4,45.3,3,ball-carry,True,,"{""playerCoordinates"": {""x"": 53.4, ""y"": 2.4}, ""passEndCoordinates"": {""x"": 45.3, ""y"": 3}, ""eventActionType"": ""ball-carry"", ""isHome"": true}",,
1154605,Désiré Doué,14064464,rating-breakdown,ball-carries,ball-carries,,,,Paris Saint-Germain,84.0,,60.1,4.4,56.3,6.3,,,,unresolvable,,,,False,False,,rating-breakdown,True,60.1,4.4,56.3,6.3,ball-carry,True,,"{""playerCoordinates"": {""x"": 60.1, ""y"": 4.4}, ""passEndCoordinates"": {""x"": 56.3, ""y"": 6.3}, ""eventActionType"": ""ball-carry"", ""isHome"": true}",,
1154605,Désiré Doué,14064464,rating-breakdown,ball-carries,ball-carries,,,,Paris Saint-Germain,84.0,,70.3,7.7,67.6,11.8,,,,unresolvable,,,,False,False,,rating-breakdown,True,70.3,7.7,67.6,11.8,ball-carry,True,,"{""playerCoordinates"": {""x"": 70.3, ""y"": 7.7}, ""passEndCoordinates"": {""x"": 67.6, ""y"": 11.8}, ""eventActionType"": ""ball-carry"", ""isHome"": true}",,
1154605,Désiré Doué,14064464,rating-breakdown,ball-carries,ball-carries,,,,Paris Saint-Germain,84.0,,79,18.5,85.9,17.7,,,,unresolvable,,,,False,False,,rating-breakdown,True,79,18.5,85.9,17.7,ball-carry,True,,"{""playerCoordinates"": {""x"": 79, ""y"": 18.5}, ""passEndCoordinates"": {""x"": 85.9, ""y"": 17.7}, ""eventActionType"": ""ball-carry"", ""isHome"": true}",,
1154605,Désiré Doué,14064464,rating-breakdown,ball-carries,ball-carries,,,,Paris Saint-Germain,84.0,,74.9,34.7,79.6,22.8,,,,unresolvable,,,,False,False,,rating-breakdown,True,74.9,34.7,79.6,22.8,ball-carry,True,,"{""playerCoordinates"": {""x"": 74.9, ""y"": 34.7}, ""passEndCoordinates"": {""x"": 79.6, ""y"": 22.8}, ""eventActionType"": ""ball-carry"", ""isHome"": true}",,
1154605,Désiré Doué,14064464,rating-breakdown,ball-carries,ball-carries,,,,Paris Saint-Germain,84.0,,39.7,28.9,41.3,24.8,,,,unresolvable,,,,False,False,,rating-breakdown,True,39.7,28.9,41.3,24.8,ball-carry,True,,"{""playerCoordinates"": {""x"": 39.7, ""y"": 28.9}, ""passEndCoordinates"": {""x"": 41.3, ""y"": 24.8}, ""eventActionType"": ""ball-carry"", ""isHome"": true}",,
1154605,Désiré Doué,14064464,rating-breakdown,ball-carries,ball-carries,,,,Paris Saint-Germain,84.0,,69.4,96.4,69.2,87.6,,,,unresolvable,,,,False,False,,rating-breakdown,True,69.4,96.4,69.2,87.6,ball-carry,True,,"{""playerCoordinates"": {""x"": 69.4, ""y"": 96.4}, ""passEndCoordinates"": {""x"": 69.2, ""y"": 87.6}, ""eventActionType"": ""ball-carry"", ""isHome"": true}",,
1154605,Désiré Doué,14064464,rating-breakdown,ball-carries,ball-carries,,,,Paris Saint-Germain,84.0,,80.2,97,76.7,87.4,,,,unresolvable,,,,False,False,,rating-breakdown,True,80.2,97,76.7,87.4,ball-carry,True,,"{""playerCoordinates"": {""x"": 80.2, ""y"": 97}, ""passEndCoordinates"": {""x"": 76.7, ""y"": 87.4}, ""eventActionType"": ""ball-carry"", ""isHome"": true}",,
1154605,Désiré Doué,14064464,rating-breakdown,ball-carries,ball-carries,,,,Paris Saint-Germain,84.0,,76.9,75.6,75.6,65.9,,,,unresolvable,,,,False,False,,rating-breakdown,True,76.9,75.6,75.6,65.9,ball-carry,True,,"{""playerCoordinates"": {""x"": 76.9, ""y"": 75.6}, ""passEndCoordinates"": {""x"": 75.6, ""y"": 65.9}, ""eventActionType"": ""ball-carry"", ""isHome"": true}",,
1154605,Désiré Doué,14064464,rating-breakdown,ball-carries,ball-carries,,,,Paris Saint-Germain,84.0,,74.8,13.6,79.1,17.6,,,,unresolvable,,,,False,False,,rating-breakdown,True,74.8,13.6,79.1,17.6,ball-carry,True,,"{""playerCoordinates"": {""x"": 74.8, ""y"": 13.6}, ""passEndCoordinates"": {""x"": 79.1, ""y"": 17.6}, ""eventActionType"": ""ball-carry"", ""isHome"": true}",,
1154605,Désiré Doué,14064464,rating-breakdown,ball-carries,ball-carries,,,,Paris Saint-Germain,84.0,,57.1,3.3,48.3,11.3,,,,unresolvable,,,,False,False,,rating-breakdown,True,57.1,3.3,48.3,11.3,ball-carry,True,,"{""playerCoordinates"": {""x"": 57.1, ""y"": 3.3}, ""passEndCoordinates"": {""x"": 48.3, ""y"": 11.3}, ""eventActionType"": ""ball-carry"", ""isHome"": true}",,
1154605,Désiré Doué,14064464,rating-breakdown,ball-carries,ball-carries,,,,Paris Saint-Germain,84.0,,75.2,73.5,77.3,79,,,,unresolvable,,,,False,False,,rating-breakdown,True,75.2,73.5,77.3,79,ball-carry,True,,"{""playerCoordinates"": {""x"": 75.2, ""y"": 73.5}, ""passEndCoordinates"": {""x"": 77.3, ""y"": 79}, ""eventActionType"": ""ball-carry"", ""isHome"": true}",,
1154605,Désiré Doué,14064464,rating-breakdown,ball-carries,ball-carries,,,,Paris Saint-Germain,84.0,,29.5,95,55.6,89.8,,,,unresolvable,,,,False,False,,rating-breakdown,True,29.5,95,55.6,89.8,ball-carry,True,,"{""playerCoordinates"": {""x"": 29.5, ""y"": 95}, ""passEndCoordinates"": {""x"": 55.6, ""y"": 89.8}, ""eventActionType"": ""ball-carry"", ""isHome"": true}",,
1154605,Désiré Doué,14064464,rating-breakdown,ball-carries,ball-carries,,,,Paris Saint-Germain,84.0,,54.3,91.2,65.8,91.7,,,,unresolvable,,,,False,False,,rating-breakdown,True,54.3,91.2,65.8,91.7,ball-carry,True,,"{""playerCoordinates"": {""x"": 54.3, ""y"": 91.2}, ""passEndCoordinates"": {""x"": 65.8, ""y"": 91.7}, ""eventActionType"": ""ball-carry"", ""isHome"": true}",,
1154605,Désiré Doué,14064464,rating-breakdown,ball-carries,ball-carries,,,,Paris Saint-Germain,84.0,,58.4,95.9,67.6,86.7,,,,unresolvable,,,,False,False,,rating-breakdown,True,58.4,95.9,67.6,86.7,ball-carry,True,,"{""playerCoordinates"": {""x"": 58.4, ""y"": 95.9}, ""passEndCoordinates"": {""x"": 67.6, ""y"": 86.7}, ""eventActionType"": ""ball-carry"", ""isHome"": true}",,
1154605,Désiré Doué,14064464,rating-breakdown,ball-carries,ball-carries,,,,Paris Saint-Germain,84.0,,61.8,14.8,54.4,18.9,,,,unresolvable,,,,False,False,,rating-breakdown,True,61.8,14.8,54.4,18.9,ball-carry,True,,"{""playerCoordinates"": {""x"": 61.8, ""y"": 14.8}, ""passEndCoordinates"": {""x"": 54.4, ""y"": 18.9}, ""eventActionType"": ""ball-carry"", ""isHome"": true}",,
1154605,Désiré Doué,14064464,rating-breakdown,dribbles,dribbles,,,,Paris Saint-Germain,84.0,,76.2,55.8,,,True,True,1,boolean_field,success,,True,False,False,,rating-breakdown,True,76.2,55.8,,,dribble,True,False,"{""playerCoordinates"": {""x"": 76.2, ""y"": 55.8}, ""eventActionType"": ""dribble"", ""isHome"": true, ""outcome"": true, ""keypass"": false}",,
1154605,Désiré Doué,14064464,rating-breakdown,dribbles,dribbles,,,,Paris Saint-Germain,84.0,,70.6,54.6,,,True,True,1,boolean_field,success,,True,False,False,,rating-breakdown,True,70.6,54.6,,,dribble,True,False,"{""playerCoordinates"": {""x"": 70.6, ""y"": 54.6}, ""eventActionType"": ""dribble"", ""isHome"": true, ""outcome"": true, ""keypass"": false}",,
1154605,Désiré Doué,14064464,rating-breakdown,dribbles,dribbles,,,,Paris Saint-Germain,84.0,,92.1,24.1,,,,,,unresolvable,,,,False,False,,rating-breakdown,True,92.1,24.1,,,dribble,True,False,"{""playerCoordinates"": {""x"": 92.1, ""y"": 24.1}, ""eventActionType"": ""dribble"", ""isHome"": true, ""keypass"": false}",,
1154605,Désiré Doué,14064464,rating-breakdown,dribbles,dribbles,,,,Paris Saint-Germain,84.0,,79.4,23,,,,,,unresolvable,,,,False,False,,rating-breakdown,True,79.4,23,,,dribble,True,False,"{""playerCoordinates"": {""x"": 79.4, ""y"": 23}, ""eventActionType"": ""dribble"", ""isHome"": true, ""keypass"": false}",,
1154605,Désiré Doué,14064464,rating-breakdown,dribbles,dribbles,,,,Paris Saint-Germain,84.0,,75.6,66.2,,,True,True,1,boolean_field,success,,True,False,False,,rating-breakdown,True,75.6,66.2,,,dribble,True,False,"{""playerCoordinates"": {""x"": 75.6, ""y"": 66.2}, ""eventActionType"": ""dribble"", ""isHome"": true, ""outcome"": true, ""keypass"": false}",,
1154605,Désiré Doué,14064464,rating-breakdown,dribbles,dribbles,,,,Paris Saint-Germain,84.0,,56.3,92.6,,,True,True,1,boolean_field,success,,True,False,False,,rating-breakdown,True,56.3,92.6,,,dribble,True,False,"{""playerCoordinates"": {""x"": 56.3, ""y"": 92.6}, ""eventActionType"": ""dribble"", ""isHome"": true, ""outcome"": true, ""keypass"": false}",,
1154605,Désiré Doué,14064464,rating-breakdown,dribbles,dribbles,,,,Paris Saint-Germain,84.0,,39.6,89,,,True,True,1,boolean_field,success,,True,False,False,,rating-breakdown,True,39.6,89,,,dribble,True,False,"{""playerCoordinates"": {""x"": 39.6, ""y"": 89}, ""eventActionType"": ""dribble"", ""isHome"": true, ""outcome"": true, ""keypass"": false}",,
1154605,Désiré Doué,14064464,rating-breakdown,defensive,defensive,,,,Paris Saint-Germain,84.0,,69.5,1.5,,,True,True,1,boolean_field,success,,True,False,False,,rating-breakdown,True,69.5,1.5,,,ball-recovery,True,False,"{""playerCoordinates"": {""x"": 69.5, ""y"": 1.5}, ""eventActionType"": ""ball-recovery"", ""isHome"": true, ""outcome"": true, ""keypass"": false}",,
1154605,Désiré Doué,14064464,rating-breakdown,defensive,defensive,,,,Paris Saint-Germain,84.0,,55.9,40.7,,,,,,unresolvable,,,,False,False,,rating-breakdown,True,55.9,40.7,,,tackle,True,False,"{""playerCoordinates"": {""x"": 55.9, ""y"": 40.7}, ""eventActionType"": ""tackle"", ""isHome"": true, ""keypass"": false}",,
1154605,Désiré Doué,14064464,rating-breakdown,defensive,defensive,,,,Paris Saint-Germain,84.0,,20.8,9.8,,,True,True,1,boolean_field,success,,True,False,False,,rating-breakdown,True,20.8,9.8,,,ball-recovery,True,False,"{""playerCoordinates"": {""x"": 20.8, ""y"": 9.8}, ""eventActionType"": ""ball-recovery"", ""isHome"": true, ""outcome"": true, ""keypass"": false}",,
1154605,Désiré Doué,14064464,rating-breakdown,defensive,defensive,,,,Paris Saint-Germain,84.0,,74.9,34.7,,,True,True,1,boolean_field,success,,True,False,False,,rating-breakdown,True,74.9,34.7,,,ball-recovery,True,False,"{""playerCoordinates"": {""x"": 74.9, ""y"": 34.7}, ""eventActionType"": ""ball-recovery"", ""isHome"": true, ""outcome"": true, ""keypass"": false}",,
1154605,Désiré Doué,14064464,rating-breakdown,defensive,defensive,,,,Paris Saint-Germain,84.0,,39.7,28.9,,,True,True,1,boolean_field,success,,True,False,False,,rating-breakdown,True,39.7,28.9,,,ball-recovery,True,False,"{""playerCoordinates"": {""x"": 39.7, ""y"": 28.9}, ""eventActionType"": ""ball-recovery"", ""isHome"": true, ""outcome"": true, ""keypass"": false}",,
1154605,Désiré Doué,14064470,rating-breakdown,passes,passes,,,,Paris Saint-Germain,29.0,,26.3,67.3,68,100,,,,unresolvable,,,,False,False,pass,rating-breakdown,True,26.3,67.3,68,100,pass,False,False,"{""playerCoordinates"": {""x"": 26.3, ""y"": 67.3}, ""passEndCoordinates"": {""x"": 68, ""y"": 100}, ""eventActionType"": ""pass"", ""isHome"": false, ""keypass"": false, ""isLongBall"": true}",True,
1154605,Désiré Doué,14064470,rating-breakdown,passes,passes,,,,Paris Saint-Germain,29.0,,62.8,12,61.8,32.2,True,True,1,boolean_field,success,True,,False,False,pass,rating-breakdown,True,62.8,12,61.8,32.2,pass,False,False,"{""playerCoordinates"": {""x"": 62.8, ""y"": 12}, ""passEndCoordinates"": {""x"": 61.8, ""y"": 32.2}, ""eventActionType"": ""pass"", ""isHome"": false, ""outcome"": true, ""keypass"": false}",,
1154605,Désiré Doué,14064470,rating-breakdown,passes,passes,,,,Paris Saint-Germain,29.0,,21.1,12.7,11.9,12.7,True,True,1,boolean_field,success,True,,False,False,pass,rating-breakdown,True,21.1,12.7,11.9,12.7,pass,False,False,"{""playerCoordinates"": {""x"": 21.1, ""y"": 12.7}, ""passEndCoordinates"": {""x"": 11.9, ""y"": 12.7}, ""eventActionType"": ""pass"", ""isHome"": false, ""outcome"": true, ""keypass"": false}",,
1154605,Désiré Doué,14064470,rating-breakdown,passes,passes,,,,Paris Saint-Germain,29.0,,44.1,73.9,77.9,84.1,True,True,1,boolean_field,success,True,,False,False,pass,rating-breakdown,True,44.1,73.9,77.9,84.1,pass,False,False,"{""playerCoordinates"": {""x"": 44.1, ""y"": 73.9}, ""passEndCoordinates"": {""x"": 77.9, ""y"": 84.1}, ""eventActionType"": ""pass"", ""isHome"": false, ""outcome"": true, ""keypass"": false, ""isLongBall"": true}",True,
1154605,Désiré Doué,14064470,rating-breakdown,passes,passes,,,,Paris Saint-Germain,29.0,,28.1,21.1,22.3,29.1,True,True,1,boolean_field,success,True,,False,False,pass,rating-breakdown,True,28.1,21.1,22.3,29.1,pass,False,False,"{""playerCoordinates"": {""x"": 28.1, ""y"": 21.1}, ""passEndCoordinates"": {""x"": 22.3, ""y"": 29.1}, ""eventActionType"": ""pass"", ""isHome"": false, ""outcome"": true, ""keypass"": false}",,
1154605,Désiré Doué,14064470,rating-breakdown,passes,passes,,,,Paris Saint-Germain,29.0,,61.4,69.9,50.6,77.7,True,True,1,boolean_field,success,True,,False,False,pass,rating-breakdown,True,61.4,69.9,50.6,77.7,pass,False,False,"{""playerCoordinates"": {""x"": 61.4, ""y"": 69.9}, ""passEndCoordinates"": {""x"": 50.6, ""y"": 77.7}, ""eventActionType"": ""pass"", ""isHome"": false, ""outcome"": true, ""keypass"": false}",,
1154605,Désiré Doué,14064470,rating-breakdown,passes,passes,,,,Paris Saint-Germain,29.0,,58,87.7,58.4,67,True,True,1,boolean_field,success,True,,False,False,pass,rating-breakdown,True,58,87.7,58.4,67,pass,False,False,"{""playerCoordinates"": {""x"": 58, ""y"": 87.7}, ""passEndCoordinates"": {""x"": 58.4, ""y"": 67}, ""eventActionType"": ""pass"", ""isHome"": false, ""outcome"": true, ""keypass"": false}",,
1154605,Désiré Doué,14064470,rating-breakdown,passes,passes,,,,Paris Saint-Germain,29.0,,62.9,91.5,56.9,86.4,True,True,1,boolean_field,success,True,,False,False,pass,rating-breakdown,True,62.9,91.5,56.9,86.4,pass,False,False,"{""playerCoordinates"": {""x"": 62.9, ""y"": 91.5}, ""passEndCoordinates"": {""x"": 56.9, ""y"": 86.4}, ""eventActionType"": ""pass"", ""isHome"": false, ""outcome"": true, ""keypass"": false}",,
1154605,Désiré Doué,14064470,rating-breakdown,passes,passes,,,,Paris Saint-Germain,29.0,,52.4,31,93.3,76.3,True,True,1,boolean_field,success,True,,False,False,pass,rating-breakdown,True,52.4,31,93.3,76.3,pass,False,False,"{""playerCoordinates"": {""x"": 52.4, ""y"": 31}, ""passEndCoordinates"": {""x"": 93.3, ""y"": 76.3}, ""eventActionType"": ""pass"", ""isHome"": false, ""outcome"": true, ""keypass"": false, ""isLongBall"": true}",True,
1154605,Désiré Doué,14064470,rating-breakdown,passes,passes,,,,Paris Saint-Germain,29.0,,60.3,27.1,57,36.4,True,True,1,boolean_field,success,True,,False,False,pass,rating-breakdown,True,60.3,27.1,57,36.4,pass,False,False,"{""playerCoordinates"": {""x"": 60.3, ""y"": 27.1}, ""passEndCoordinates"": {""x"": 57, ""y"": 36.4}, ""eventActionType"": ""pass"", ""isHome"": false, ""outcome"": true, ""keypass"": false}",,
1154605,Désiré Doué,14064470,rating-breakdown,passes,passes,,,,Paris Saint-Germain,29.0,,76.3,29.7,88.6,46.5,,,,unresolvable,,,,False,False,pass,rating-breakdown,True,76.3,29.7,88.6,46.5,pass,False,False,"{""playerCoordinates"": {""x"": 76.3, ""y"": 29.7}, ""passEndCoordinates"": {""x"": 88.6, ""y"": 46.5}, ""eventActionType"": ""pass"", ""isHome"": false, ""keypass"": false}",,
1154605,Désiré Doué,14064470,rating-breakdown,passes,passes,,,,Paris Saint-Germain,29.0,,40.3,5.1,66.8,4,True,True,1,boolean_field,success,True,,False,False,pass,rating-breakdown,True,40.3,5.1,66.8,4,pass,False,False,"{""playerCoordinates"": {""x"": 40.3, ""y"": 5.1}, ""passEndCoordinates"": {""x"": 66.8, ""y"": 4}, ""eventActionType"": ""pass"", ""isHome"": false, ""outcome"": true, ""keypass"": false}",,
1154605,Désiré Doué,14064470,rating-breakdown,ball-carries,ball-carries,,,,Paris Saint-Germain,29.0,,64.1,5.1,62.8,12,,,,unresolvable,,,,False,False,,rating-breakdown,True,64.1,5.1,62.8,12,ball-carry,False,,"{""playerCoordinates"": {""x"": 64.1, ""y"": 5.1}, ""passEndCoordinates"": {""x"": 62.8, ""y"": 12}, ""eventActionType"": ""ball-carry"", ""isHome"": false}",,
1154605,Désiré Doué,14064470,rating-breakdown,ball-carries,ball-carries,,,,Paris Saint-Germain,29.0,,39.2,72.4,44.1,73.9,,,,unresolvable,,,,False,False,,rating-breakdown,True,39.2,72.4,44.1,73.9,ball-carry,False,,"{""playerCoordinates"": {""x"": 39.2, ""y"": 72.4}, ""passEndCoordinates"": {""x"": 44.1, ""y"": 73.9}, ""eventActionType"": ""ball-carry"", ""isHome"": false}",,
1154605,Désiré Doué,14064470,rating-breakdown,ball-carries,ball-carries,,,,Paris Saint-Germain,29.0,,23.9,22.8,28.1,21.1,,,,unresolvable,,,,False,False,,rating-breakdown,True,23.9,22.8,28.1,21.1,ball-carry,False,,"{""playerCoordinates"": {""x"": 23.9, ""y"": 22.8}, ""passEndCoordinates"": {""x"": 28.1, ""y"": 21.1}, ""eventActionType"": ""ball-carry"", ""isHome"": false}",,
1154605,Désiré Doué,14064470,rating-breakdown,ball-carries,ball-carries,,,,Paris Saint-Germain,29.0,,28.8,11.5,52.4,31,,,,unresolvable,,,,False,False,,rating-breakdown,True,28.8,11.5,52.4,31,ball-carry,False,,"{""playerCoordinates"": {""x"": 28.8, ""y"": 11.5}, ""passEndCoordinates"": {""x"": 52.4, ""y"": 31}, ""eventActionType"": ""ball-carry"", ""isHome"": false}",,
1154605,Désiré Doué,14064470,rating-breakdown,ball-carries,ball-carries,,,,Paris Saint-Germain,29.0,,37.6,35.7,27.5,35.7,,,,unresolvable,,,,False,False,,rating-breakdown,True,37.6,35.7,27.5,35.7,ball-carry,False,,"{""playerCoordinates"": {""x"": 37.6, ""y"": 35.7}, ""passEndCoordinates"": {""x"": 27.5, ""y"": 35.7}, ""eventActionType"": ""ball-carry"", ""isHome"": false}",,
1154605,Désiré Doué,14064470,rating-breakdown,defensive,defensive,,,,Paris Saint-Germain,29.0,,24.8,67.9,,,True,True,1,boolean_field,success,,True,False,False,,rating-breakdown,True,24.8,67.9,,,ball-recovery,False,False,"{""playerCoordinates"": {""x"": 24.8, ""y"": 67.9}, ""eventActionType"": ""ball-recovery"", ""isHome"": false, ""outcome"": true, ""keypass"": false}",,
1154605,Désiré Doué,14064470,rating-breakdown,defensive,defensive,,,,Paris Saint-Germain,29.0,,28.8,11.5,,,True,True,1,boolean_field,success,,True,False,False,,rating-breakdown,True,28.8,11.5,,,ball-recovery,False,False,"{""playerCoordinates"": {""x"": 28.8, ""y"": 11.5}, ""eventActionType"": ""ball-recovery"", ""isHome"": false, ""outcome"": true, ""keypass"": false}",,
1154605,Désiré Doué,14064477,rating-breakdown,passes,passes,,,,Paris Saint-Germain,45.0,,44.6,90.9,36.8,84.4,True,True,1,boolean_field,success,True,,False,False,pass,rating-breakdown,True,44.6,90.9,36.8,84.4,pass,False,False,"{""playerCoordinates"": {""x"": 44.6, ""y"": 90.9}, ""passEndCoordinates"": {""x"": 36.8, ""y"": 84.4}, ""eventActionType"": ""pass"", ""isHome"": false, ""outcome"": true, ""keypass"": false}",,
1154605,Désiré Doué,14064477,rating-breakdown,passes,passes,,,,Paris Saint-Germain,45.0,,56,92.3,42.5,90.6,True,True,1,boolean_field,success,True,,False,False,pass,rating-breakdown,True,56,92.3,42.5,90.6,pass,False,False,"{""playerCoordinates"": {""x"": 56, ""y"": 92.3}, ""passEndCoordinates"": {""x"": 42.5, ""y"": 90.6}, ""eventActionType"": ""pass"", ""isHome"": false, ""outcome"": true, ""keypass"": false}",,
1154605,Désiré Doué,14064477,rating-breakdown,passes,passes,,,,Paris Saint-Germain,45.0,,34.3,72.8,29.3,80.6,True,True,1,boolean_field,success,True,,False,False,pass,rating-breakdown,True,34.3,72.8,29.3,80.6,pass,False,False,"{""playerCoordinates"": {""x"": 34.3, ""y"": 72.8}, ""passEndCoordinates"": {""x"": 29.3, ""y"": 80.6}, ""eventActionType"": ""pass"", ""isHome"": false, ""outcome"": true, ""keypass"": false}",,
1154605,Désiré Doué,14064477,rating-breakdown,passes,passes,,,,Paris Saint-Germain,45.0,,63,65.4,43.4,68.2,True,True,1,boolean_field,success,True,,False,False,pass,rating-breakdown,True,63,65.4,43.4,68.2,pass,False,False,"{""playerCoordinates"": {""x"": 63, ""y"": 65.4}, ""passEndCoordinates"": {""x"": 43.4, ""y"": 68.2}, ""eventActionType"": ""pass"", ""isHome"": false, ""outcome"": true, ""keypass"": false}",,
1154605,Désiré Doué,14064477,rating-breakdown,passes,passes,,,,Paris Saint-Germain,45.0,,65.2,89,56.9,75.3,True,True,1,boolean_field,success,True,,False,False,pass,rating-breakdown,True,65.2,89,56.9,75.3,pass,False,False,"{""playerCoordinates"": {""x"": 65.2, ""y"": 89}, ""passEndCoordinates"": {""x"": 56.9, ""y"": 75.3}, ""eventActionType"": ""pass"", ""isHome"": false, ""outcome"": true, ""keypass"": false}",,
1154605,Désiré Doué,14064477,rating-breakdown,passes,passes,,,,Paris Saint-Germain,45.0,,63.8,92.9,56.8,74.7,True,True,1,boolean_field,success,True,,False,False,pass,rating-breakdown,True,63.8,92.9,56.8,74.7,pass,False,False,"{""playerCoordinates"": {""x"": 63.8, ""y"": 92.9}, ""passEndCoordinates"": {""x"": 56.8, ""y"": 74.7}, ""eventActionType"": ""pass"", ""isHome"": false, ""outcome"": true, ""keypass"": false}",,
1154605,Désiré Doué,14064477,rating-breakdown,passes,passes,,,,Paris Saint-Germain,45.0,,78.2,84.4,92,73.5,True,True,1,boolean_field,success,True,,False,False,pass,rating-breakdown,True,78.2,84.4,92,73.5,pass,False,False,"{""playerCoordinates"": {""x"": 78.2, ""y"": 84.4}, ""passEndCoordinates"": {""x"": 92, ""y"": 73.5}, ""eventActionType"": ""pass"", ""isHome"": false, ""outcome"": true, ""keypass"": false}",,
1154605,Désiré Doué,14064477,rating-breakdown,passes,passes,,,,Paris Saint-Germain,45.0,,74.3,92.7,68.4,86,True,True,1,boolean_field,success,True,,False,False,pass,rating-breakdown,True,74.3,92.7,68.4,86,pass,False,False,"{""playerCoordinates"": {""x"": 74.3, ""y"": 92.7}, ""passEndCoordinates"": {""x"": 68.4, ""y"": 86}, ""eventActionType"": ""pass"", ""isHome"": false, ""outcome"": true, ""keypass"": false}",,
1154605,Désiré Doué,14064477,rating-breakdown,passes,passes,,,,Paris Saint-Germain,45.0,,80,94,73.1,82.4,True,True,1,boolean_field,success,True,,False,False,pass,rating-breakdown,True,80,94,73.1,82.4,pass,False,False,"{""playerCoordinates"": {""x"": 80, ""y"": 94}, ""passEndCoordinates"": {""x"": 73.1, ""y"": 82.4}, ""eventActionType"": ""pass"", ""isHome"": false, ""outcome"": true, ""keypass"": false}",,
1154605,Désiré Doué,14064477,rating-breakdown,passes,passes,,,,Paris Saint-Germain,45.0,,93.5,74.7,92,70.7,,,,unresolvable,,,,False,False,pass,rating-breakdown,True,93.5,74.7,92,70.7,pass,False,False,"{""playerCoordinates"": {""x"": 93.5, ""y"": 74.7}, ""passEndCoordinates"": {""x"": 92, ""y"": 70.7}, ""eventActionType"": ""pass"", ""isHome"": false, ""keypass"": false}",,
1154605,Désiré Doué,14064477,rating-breakdown,passes,passes,,,,Paris Saint-Germain,45.0,,71.2,92.9,68,83.8,True,True,1,boolean_field,success,True,,False,False,pass,rating-breakdown,True,71.2,92.9,68,83.8,pass,False,False,"{""playerCoordinates"": {""x"": 71.2, ""y"": 92.9}, ""passEndCoordinates"": {""x"": 68, ""y"": 83.8}, ""eventActionType"": ""pass"", ""isHome"": false, ""outcome"": true, ""keypass"": false}",,
1154605,Désiré Doué,14064477,rating-breakdown,passes,passes,,,,Paris Saint-Germain,45.0,,74.3,55.4,69.1,31.5,True,True,1,boolean_field,success,True,,False,False,pass,rating-breakdown,True,74.3,55.4,69.1,31.5,pass,False,False,"{""playerCoordinates"": {""x"": 74.3, ""y"": 55.4}, ""passEndCoordinates"": {""x"": 69.1, ""y"": 31.5}, ""eventActionType"": ""pass"", ""isHome"": false, ""outcome"": true, ""keypass"": false}",,
1154605,Désiré Doué,14064477,rating-breakdown,passes,passes,,,,Paris Saint-Germain,45.0,,77.8,28.4,79.2,30.1,,,,unresolvable,,,,False,False,pass,rating-breakdown,True,77.8,28.4,79.2,30.1,pass,False,False,"{""playerCoordinates"": {""x"": 77.8, ""y"": 28.4}, ""passEndCoordinates"": {""x"": 79.2, ""y"": 30.1}, ""eventActionType"": ""pass"", ""isHome"": false, ""keypass"": false}",,
1154605,Désiré Doué,14064477,rating-breakdown,passes,passes,,,,Paris Saint-Germain,45.0,,74.9,68.8,72.2,39.5,True,True,1,boolean_field,success,True,,False,False,pass,rating-breakdown,True,74.9,68.8,72.2,39.5,pass,False,False,"{""playerCoordinates"": {""x"": 74.9, ""y"": 68.8}, ""passEndCoordinates"": {""x"": 72.2, ""y"": 39.5}, ""eventActionType"": ""pass"", ""isHome"": false, ""outcome"": true, ""keypass"": false}",,
1154605,Désiré Doué,14064477,rating-breakdown,passes,passes,,,,Paris Saint-Germain,45.0,,86.2,78.5,87.5,72.1,True,True,1,boolean_field,success,True,,False,False,pass,rating-breakdown,True,86.2,78.5,87.5,72.1,pass,False,False,"{""playerCoordinates"": {""x"": 86.2, ""y"": 78.5}, ""passEndCoordinates"": {""x"": 87.5, ""y"": 72.1}, ""eventActionType"": ""pass"", ""isHome"": false, ""outcome"": true, ""keypass"": false}",,
1154605,Désiré Doué,14064477,rating-breakdown,passes,passes,,,,Paris Saint-Germain,45.0,,55.2,94.9,41.8,92,True,True,1,boolean_field,success,True,,False,False,pass,rating-breakdown,True,55.2,94.9,41.8,92,pass,False,False,"{""playerCoordinates"": {""x"": 55.2, ""y"": 94.9}, ""passEndCoordinates"": {""x"": 41.8, ""y"": 92}, ""eventActionType"": ""pass"", ""isHome"": false, ""outcome"": true, ""keypass"": false}",,
1154605,Désiré Doué,14064477,rating-breakdown,passes,passes,,,,Paris Saint-Germain,45.0,,54.2,95.7,40.4,90.4,True,True,1,boolean_field,success,True,,False,False,pass,rating-breakdown,True,54.2,95.7,40.4,90.4,pass,False,False,"{""playerCoordinates"": {""x"": 54.2, ""y"": 95.7}, ""passEndCoordinates"": {""x"": 40.4, ""y"": 90.4}, ""eventActionType"": ""pass"", ""isHome"": false, ""outcome"": true, ""keypass"": false}",,
1154605,Désiré Doué,14064477,rating-breakdown,passes,passes,,,,Paris Saint-Germain,45.0,,71.3,77.3,72.9,67.9,True,True,1,boolean_field,success,True,,False,False,pass,rating-breakdown,True,71.3,77.3,72.9,67.9,pass,False,False,"{""playerCoordinates"": {""x"": 71.3, ""y"": 77.3}, ""passEndCoordinates"": {""x"": 72.9, ""y"": 67.9}, ""eventActionType"": ""pass"", ""isHome"": false, ""outcome"": true, ""keypass"": false}",,
1154605,Désiré Doué,14064477,rating-breakdown,passes,passes,,,,Paris Saint-Germain,45.0,,78.2,57.7,72.9,52.8,True,True,1,boolean_field,success,True,,False,False,pass,rating-breakdown,True,78.2,57.7,72.9,52.8,pass,False,False,"{""playerCoordinates"": {""x"": 78.2, ""y"": 57.7}, ""passEndCoordinates"": {""x"": 72.9, ""y"": 52.8}, ""eventActionType"": ""pass"", ""isHome"": false, ""outcome"": true, ""keypass"": false}",,
1154605,Désiré Doué,14064477,rating-breakdown,passes,passes,,,,Paris Saint-Germain,45.0,,78.5,6.2,70.3,23.3,True,True,1,boolean_field,success,True,,False,False,pass,rating-breakdown,True,78.5,6.2,70.3,23.3,pass,False,False,"{""playerCoordinates"": {""x"": 78.5, ""y"": 6.2}, ""passEndCoordinates"": {""x"": 70.3, ""y"": 23.3}, ""eventActionType"": ""pass"", ""isHome"": false, ""outcome"": true, ""keypass"": false}",,
1154605,Désiré Doué,14064477,rating-breakdown,passes,passes,,,,Paris Saint-Germain,45.0,,75,92.4,56.4,46.5,True,True,1,boolean_field,success,True,,False,False,pass,rating-breakdown,True,75,92.4,56.4,46.5,pass,False,False,"{""playerCoordinates"": {""x"": 75, ""y"": 92.4}, ""passEndCoordinates"": {""x"": 56.4, ""y"": 46.5}, ""eventActionType"": ""pass"", ""isHome"": false, ""outcome"": true, ""keypass"": false, ""isLongBall"": true}",True,
1154605,Désiré Doué,14064477,rating-breakdown,passes,passes,,,,Paris Saint-Germain,45.0,,75.3,92,86.3,86.3,True,True,1,boolean_field,success,True,,False,False,pass,rating-breakdown,True,75.3,92,86.3,86.3,pass,False,False,"{""playerCoordinates"": {""x"": 75.3, ""y"": 92}, ""passEndCoordinates"": {""x"": 86.3, ""y"": 86.3}, ""eventActionType"": ""pass"", ""isHome"": false, ""outcome"": true, ""keypass"": false}",,
1154605,Désiré Doué,14064477,rating-breakdown,passes,passes,,,,Paris Saint-Germain,45.0,,47.1,92.4,31.8,79,True,True,1,boolean_field,success,True,,False,False,pass,rating-breakdown,True,47.1,92.4,31.8,79,pass,False,False,"{""playerCoordinates"": {""x"": 47.1, ""y"": 92.4}, ""passEndCoordinates"": {""x"": 31.8, ""y"": 79}, ""eventActionType"": ""pass"", ""isHome"": false, ""outcome"": true, ""keypass"": false}",,
1154605,Désiré Doué,14064477,rating-breakdown,passes,passes,,,,Paris Saint-Germain,45.0,,39.8,94,31.5,95.8,True,True,1,boolean_field,success,True,,False,False,pass,rating-breakdown,True,39.8,94,31.5,95.8,pass,False,False,"{""playerCoordinates"": {""x"": 39.8, ""y"": 94}, ""passEndCoordinates"": {""x"": 31.5, ""y"": 95.8}, ""eventActionType"": ""pass"", ""isHome"": false, ""outcome"": true, ""keypass"": false}",,
1154605,Désiré Doué,14064477,rating-breakdown,passes,passes,,,,Paris Saint-Germain,45.0,,27.8,80.2,34.7,6.8,True,True,1,boolean_field,success,True,,False,False,pass,rating-breakdown,True,27.8,80.2,34.7,6.8,pass,False,False,"{""playerCoordinates"": {""x"": 27.8, ""y"": 80.2}, ""passEndCoordinates"": {""x"": 34.7, ""y"": 6.8}, ""eventActionType"": ""pass"", ""isHome"": false, ""outcome"": true, ""keypass"": false, ""isLongBall"": true}",True,
1154605,Désiré Doué,14064477,rating-breakdown,passes,passes,,,,Paris Saint-Germain,45.0,,33.9,36.2,44.9,12.5,,,,unresolvable,,,,False,False,pass,rating-breakdown,True,33.9,36.2,44.9,12.5,pass,False,False,"{""playerCoordinates"": {""x"": 33.9, ""y"": 36.2}, ""passEndCoordinates"": {""x"": 44.9, ""y"": 12.5}, ""eventActionType"": ""pass"", ""isHome"": false, ""keypass"": false}",,
1154605,Désiré Doué,14064477,rating-breakdown,passes,passes,,,,Paris Saint-Germain,45.0,,47,10.5,42.7,23.2,True,True,1,boolean_field,success,True,,False,False,pass,rating-breakdown,True,47,10.5,42.7,23.2,pass,False,False,"{""playerCoordinates"": {""x"": 47, ""y"": 10.5}, ""passEndCoordinates"": {""x"": 42.7, ""y"": 23.2}, ""eventActionType"": ""pass"", ""isHome"": false, ""outcome"": true, ""keypass"": false}",,
1154605,Désiré Doué,14064477,rating-breakdown,passes,passes,,,,Paris Saint-Germain,45.0,,43.4,88.7,34.3,85.3,True,True,1,boolean_field,success,True,,False,False,pass,rating-breakdown,True,43.4,88.7,34.3,85.3,pass,False,False,"{""playerCoordinates"": {""x"": 43.4, ""y"": 88.7}, ""passEndCoordinates"": {""x"": 34.3, ""y"": 85.3}, ""eventActionType"": ""pass"", ""isHome"": false, ""outcome"": true, ""keypass"": false}",,
1154605,Désiré Doué,14064477,rating-breakdown,passes,passes,,,,Paris Saint-Germain,45.0,,57.6,86.3,36.5,81.2,True,True,1,boolean_field,success,True,,False,False,pass,rating-breakdown,True,57.6,86.3,36.5,81.2,pass,False,False,"{""playerCoordinates"": {""x"": 57.6, ""y"": 86.3}, ""passEndCoordinates"": {""x"": 36.5, ""y"": 81.2}, ""eventActionType"": ""pass"", ""isHome"": false, ""outcome"": true, ""keypass"": false}",,
1154605,Désiré Doué,14064477,rating-breakdown,ball-carries,ball-carries,,,,Paris Saint-Germain,45.0,,64.9,94.7,65.2,89,,,,unresolvable,,,,False,False,,rating-breakdown,True,64.9,94.7,65.2,89,ball-carry,False,,"{""playerCoordinates"": {""x"": 64.9, ""y"": 94.7}, ""passEndCoordinates"": {""x"": 65.2, ""y"": 89}, ""eventActionType"": ""ball-carry"", ""isHome"": false}",,
1154605,Désiré Doué,14064477,rating-breakdown,ball-carries,ball-carries,,,,Paris Saint-Germain,45.0,,55.1,92,53.1,95.4,,,,unresolvable,,,,False,False,,rating-breakdown,True,55.1,92,53.1,95.4,ball-carry,False,,"{""playerCoordinates"": {""x"": 55.1, ""y"": 92}, ""passEndCoordinates"": {""x"": 53.1, ""y"": 95.4}, ""eventActionType"": ""ball-carry"", ""isHome"": false}",,
1154605,Désiré Doué,14064477,rating-breakdown,ball-carries,ball-carries,,,,Paris Saint-Germain,45.0,,71,94.1,72,88.6,,,,unresolvable,,,,False,False,,rating-breakdown,True,71,94.1,72,88.6,ball-carry,False,,"{""playerCoordinates"": {""x"": 71, ""y"": 94.1}, ""passEndCoordinates"": {""x"": 72, ""y"": 88.6}, ""eventActionType"": ""ball-carry"", ""isHome"": false}",,
1154605,Désiré Doué,14064477,rating-breakdown,ball-carries,ball-carries,,,,Paris Saint-Germain,45.0,,75.4,96.4,79.9,90.3,,,,unresolvable,,,,False,False,,rating-breakdown,True,75.4,96.4,79.9,90.3,ball-carry,False,,"{""playerCoordinates"": {""x"": 75.4, ""y"": 96.4}, ""passEndCoordinates"": {""x"": 79.9, ""y"": 90.3}, ""eventActionType"": ""ball-carry"", ""isHome"": false}",,
1154605,Désiré Doué,14064477,rating-breakdown,ball-carries,ball-carries,,,,Paris Saint-Germain,45.0,,65.9,94.1,74.3,92.7,,,,unresolvable,,,,False,False,,rating-breakdown,True,65.9,94.1,74.3,92.7,ball-carry,False,,"{""playerCoordinates"": {""x"": 65.9, ""y"": 94.1}, ""passEndCoordinates"": {""x"": 74.3, ""y"": 92.7}, ""eventActionType"": ""ball-carry"", ""isHome"": false}",,
1154605,Désiré Doué,14064477,rating-breakdown,ball-carries,ball-carries,,,,Paris Saint-Germain,45.0,,73,92.9,84.3,87.6,,,,unresolvable,,,,False,False,,rating-breakdown,True,73,92.9,84.3,87.6,ball-carry,False,,"{""playerCoordinates"": {""x"": 73, ""y"": 92.9}, ""passEndCoordinates"": {""x"": 84.3, ""y"": 87.6}, ""eventActionType"": ""ball-carry"", ""isHome"": false}",,
1154605,Désiré Doué,14064477,rating-breakdown,ball-carries,ball-carries,,,,Paris Saint-Germain,45.0,,74.7,96.1,80,94,,,,unresolvable,,,,False,False,,rating-breakdown,True,74.7,96.1,80,94,ball-carry,False,,"{""playerCoordinates"": {""x"": 74.7, ""y"": 96.1}, ""passEndCoordinates"": {""x"": 80, ""y"": 94}, ""eventActionType"": ""ball-carry"", ""isHome"": false}",,
1154605,Désiré Doué,14064477,rating-breakdown,ball-carries,ball-carries,,,,Paris Saint-Germain,45.0,,71.9,83,74.3,55.4,,,,unresolvable,,,,False,False,,rating-breakdown,True,71.9,83,74.3,55.4,ball-carry,False,,"{""playerCoordinates"": {""x"": 71.9, ""y"": 83}, ""passEndCoordinates"": {""x"": 74.3, ""y"": 55.4}, ""eventActionType"": ""ball-carry"", ""isHome"": false}",,
1154605,Désiré Doué,14064477,rating-breakdown,ball-carries,ball-carries,,,,Paris Saint-Germain,45.0,,71.3,92.7,76.1,72.6,,,,unresolvable,,,,False,False,,rating-breakdown,True,71.3,92.7,76.1,72.6,ball-carry,False,,"{""playerCoordinates"": {""x"": 71.3, ""y"": 92.7}, ""passEndCoordinates"": {""x"": 76.1, ""y"": 72.6}, ""eventActionType"": ""ball-carry"", ""isHome"": false}",,
1154605,Désiré Doué,14064477,rating-breakdown,ball-carries,ball-carries,,,,Paris Saint-Germain,45.0,,68.3,83,71.3,77.3,,,,unresolvable,,,,False,False,,rating-breakdown,True,68.3,83,71.3,77.3,ball-carry,False,,"{""playerCoordinates"": {""x"": 68.3, ""y"": 83}, ""passEndCoordinates"": {""x"": 71.3, ""y"": 77.3}, ""eventActionType"": ""ball-carry"", ""isHome"": false}",,
1154605,Désiré Doué,14064477,rating-breakdown,ball-carries,ball-carries,,,,Paris Saint-Germain,45.0,,71.3,92.7,75,92.4,,,,unresolvable,,,,False,False,,rating-breakdown,True,71.3,92.7,75,92.4,ball-carry,False,,"{""playerCoordinates"": {""x"": 71.3, ""y"": 92.7}, ""passEndCoordinates"": {""x"": 75, ""y"": 92.4}, ""eventActionType"": ""ball-carry"", ""isHome"": false}",,
1154605,Désiré Doué,14064477,rating-breakdown,ball-carries,ball-carries,,,,Paris Saint-Germain,45.0,,53.8,78.4,73.4,88.7,,,,unresolvable,,,,False,False,,rating-breakdown,True,53.8,78.4,73.4,88.7,ball-carry,False,,"{""playerCoordinates"": {""x"": 53.8, ""y"": 78.4}, ""passEndCoordinates"": {""x"": 73.4, ""y"": 88.7}, ""eventActionType"": ""ball-carry"", ""isHome"": false}",,
1154605,Désiré Doué,14064477,rating-breakdown,ball-carries,ball-carries,,,,Paris Saint-Germain,45.0,,23.3,77.3,29.1,83.9,,,,unresolvable,,,,False,False,,rating-breakdown,True,23.3,77.3,29.1,83.9,ball-carry,False,,"{""playerCoordinates"": {""x"": 23.3, ""y"": 77.3}, ""passEndCoordinates"": {""x"": 29.1, ""y"": 83.9}, ""eventActionType"": ""ball-carry"", ""isHome"": false}",,
1154605,Désiré Doué,14064477,rating-breakdown,dribbles,dribbles,,,,Paris Saint-Germain,45.0,,79.8,90.6,,,True,True,1,boolean_field,success,,True,False,False,,rating-breakdown,True,79.8,90.6,,,dribble,False,False,"{""playerCoordinates"": {""x"": 79.8, ""y"": 90.6}, ""eventActionType"": ""dribble"", ""isHome"": false, ""outcome"": true, ""keypass"": false}",,
1154605,Désiré Doué,14064477,rating-breakdown,dribbles,dribbles,,,,Paris Saint-Germain,45.0,,77.2,92.2,,,True,True,1,boolean_field,success,,True,False,False,,rating-breakdown,True,77.2,92.2,,,dribble,False,False,"{""playerCoordinates"": {""x"": 77.2, ""y"": 92.2}, ""eventActionType"": ""dribble"", ""isHome"": false, ""outcome"": true, ""keypass"": false}",,
1154605,Désiré Doué,14064477,rating-breakdown,dribbles,dribbles,,,,Paris Saint-Germain,45.0,,76.4,72.9,,,True,True,1,boolean_field,success,,True,False,False,,rating-breakdown,True,76.4,72.9,,,dribble,False,False,"{""playerCoordinates"": {""x"": 76.4, ""y"": 72.9}, ""eventActionType"": ""dribble"", ""isHome"": false, ""outcome"": true, ""keypass"": false}",,
1154605,Désiré Doué,14064477,rating-breakdown,defensive,defensive,,,,Paris Saint-Germain,45.0,,54.7,95,,,,,,unresolvable,,,,False,False,,rating-breakdown,True,54.7,95,,,tackle,False,False,"{""playerCoordinates"": {""x"": 54.7, ""y"": 95}, ""eventActionType"": ""tackle"", ""isHome"": false, ""keypass"": false}",,
1154605,Désiré Doué,14064477,rating-breakdown,defensive,defensive,,,,Paris Saint-Germain,45.0,,42.2,96.8,,,True,True,1,boolean_field,success,,True,False,False,,rating-breakdown,True,42.2,96.8,,,tackle,False,False,"{""playerCoordinates"": {""x"": 42.2, ""y"": 96.8}, ""eventActionType"": ""tackle"", ""isHome"": false, ""outcome"": true, ""keypass"": false}",,
1154605,Désiré Doué,14064477,rating-breakdown,defensive,defensive,,,,Paris Saint-Germain,45.0,,16.6,70.8,,,True,True,1,boolean_field,success,,True,False,False,,rating-breakdown,True,16.6,70.8,,,interception,False,False,"{""playerCoordinates"": {""x"": 16.6, ""y"": 70.8}, ""eventActionType"": ""interception"", ""isHome"": false, ""outcome"": true, ""keypass"": false}",,
1154605,Désiré Doué,14064485,rating-breakdown,passes,passes,,,,Paris Saint-Germain,62.0,,67.9,8.5,76.7,24,,,,unresolvable,,,,False,False,pass,rating-breakdown,True,67.9,8.5,76.7,24,pass,True,False,"{""playerCoordinates"": {""x"": 67.9, ""y"": 8.5}, ""passEndCoordinates"": {""x"": 76.7, ""y"": 24}, ""eventActionType"": ""pass"", ""isHome"": true, ""keypass"": false}",,
1154605,Désiré Doué,14064485,rating-breakdown,passes,passes,,,,Paris Saint-Germain,62.0,,31.2,10,25.6,10.7,True,True,1,boolean_field,success,True,,False,False,pass,rating-breakdown,True,31.2,10,25.6,10.7,pass,True,False,"{""playerCoordinates"": {""x"": 31.2, ""y"": 10}, ""passEndCoordinates"": {""x"": 25.6, ""y"": 10.7}, ""eventActionType"": ""pass"", ""isHome"": true, ""outcome"": true, ""keypass"": false}",,
1154605,Désiré Doué,14064485,rating-breakdown,passes,passes,,,,Paris Saint-Germain,62.0,,92.7,86,89.8,92.4,True,True,1,boolean_field,success,True,,False,False,pass,rating-breakdown,True,92.7,86,89.8,92.4,pass,True,False,"{""playerCoordinates"": {""x"": 92.7, ""y"": 86}, ""passEndCoordinates"": {""x"": 89.8, ""y"": 92.4}, ""eventActionType"": ""pass"", ""isHome"": true, ""outcome"": true, ""keypass"": false}",,
1154605,Désiré Doué,14064485,rating-breakdown,passes,passes,,,,Paris Saint-Germain,62.0,,86,91.4,100,34.2,,,,unresolvable,,,,False,False,pass,rating-breakdown,True,86,91.4,100,34.2,cross,True,False,"{""playerCoordinates"": {""x"": 86, ""y"": 91.4}, ""passEndCoordinates"": {""x"": 100, ""y"": 34.2}, ""eventActionType"": ""cross"", ""isHome"": true, ""keypass"": false, ""isLongBall"": true}",True,
1154605,Désiré Doué,14064485,rating-breakdown,passes,passes,,,,Paris Saint-Germain,62.0,,28.6,7.3,22,5.3,True,True,1,boolean_field,success,True,,False,False,pass,rating-breakdown,True,28.6,7.3,22,5.3,pass,True,False,"{""playerCoordinates"": {""x"": 28.6, ""y"": 7.3}, ""passEndCoordinates"": {""x"": 22, ""y"": 5.3}, ""eventActionType"": ""pass"", ""isHome"": true, ""outcome"": true, ""keypass"": false}",,
1154605,Désiré Doué,14064485,rating-breakdown,passes,passes,,,,Paris Saint-Germain,62.0,,59.4,8.4,41.9,19.7,True,True,1,boolean_field,success,True,,False,False,pass,rating-breakdown,True,59.4,8.4,41.9,19.7,pass,True,False,"{""playerCoordinates"": {""x"": 59.4, ""y"": 8.4}, ""passEndCoordinates"": {""x"": 41.9, ""y"": 19.7}, ""eventActionType"": ""pass"", ""isHome"": true, ""outcome"": true, ""keypass"": false}",,
1154605,Désiré Doué,14064485,rating-breakdown,passes,passes,,,,Paris Saint-Germain,62.0,,35.6,86.9,71.9,78.7,True,True,1,boolean_field,success,True,,False,False,pass,rating-breakdown,True,35.6,86.9,71.9,78.7,pass,True,False,"{""playerCoordinates"": {""x"": 35.6, ""y"": 86.9}, ""passEndCoordinates"": {""x"": 71.9, ""y"": 78.7}, ""eventActionType"": ""pass"", ""isHome"": true, ""outcome"": true, ""keypass"": false, ""isLongBall"": true}",True,
1154605,Désiré Doué,14064485,rating-breakdown,passes,passes,,,,Paris Saint-Germain,62.0,,57.8,25.9,43.3,49.6,True,True,1,boolean_field,success,True,,False,False,pass,rating-breakdown,True,57.8,25.9,43.3,49.6,pass,True,False,"{""playerCoordinates"": {""x"": 57.8, ""y"": 25.9}, ""passEndCoordinates"": {""x"": 43.3, ""y"": 49.6}, ""eventActionType"": ""pass"", ""isHome"": true, ""outcome"": true, ""keypass"": false}",,
1154605,Désiré Doué,14064485,rating-breakdown,passes,passes,,,,Paris Saint-Germain,62.0,,59.3,77.8,69,87.4,,,,unresolvable,,,,False,False,pass,rating-breakdown,True,59.3,77.8,69,87.4,pass,True,False,"{""playerCoordinates"": {""x"": 59.3, ""y"": 77.8}, ""passEndCoordinates"": {""x"": 69, ""y"": 87.4}, ""eventActionType"": ""pass"", ""isHome"": true, ""keypass"": false}",,
1154605,Désiré Doué,14064485,rating-breakdown,passes,passes,,,,Paris Saint-Germain,62.0,,26.4,31.9,27.8,37.2,,,,unresolvable,,,,False,False,pass,rating-breakdown,True,26.4,31.9,27.8,37.2,pass,True,False,"{""playerCoordinates"": {""x"": 26.4, ""y"": 31.9}, ""passEndCoordinates"": {""x"": 27.8, ""y"": 37.2}, ""eventActionType"": ""pass"", ""isHome"": true, ""keypass"": false}",,
1154605,Désiré Doué,14064485,rating-breakdown,passes,passes,,,,Paris Saint-Germain,62.0,,40.5,11.7,43.9,8.2,,,,unresolvable,,,,False,False,pass,rating-breakdown,True,40.5,11.7,43.9,8.2,pass,True,False,"{""playerCoordinates"": {""x"": 40.5, ""y"": 11.7}, ""passEndCoordinates"": {""x"": 43.9, ""y"": 8.2}, ""eventActionType"": ""pass"", ""isHome"": true, ""keypass"": false}",,
1154605,Désiré Doué,14064485,rating-breakdown,passes,passes,,,,Paris Saint-Germain,62.0,,55,15.2,42.2,32.3,True,True,1,boolean_field,success,True,,False,False,pass,rating-breakdown,True,55,15.2,42.2,32.3,pass,True,False,"{""playerCoordinates"": {""x"": 55, ""y"": 15.2}, ""passEndCoordinates"": {""x"": 42.2, ""y"": 32.3}, ""eventActionType"": ""pass"", ""isHome"": true, ""outcome"": true, ""keypass"": false}",,
1154605,Désiré Doué,14064485,rating-breakdown,passes,passes,,,,Paris Saint-Germain,62.0,,51.4,17.3,36.6,25,True,True,1,boolean_field,success,True,,False,False,pass,rating-breakdown,True,51.4,17.3,36.6,25,pass,True,False,"{""playerCoordinates"": {""x"": 51.4, ""y"": 17.3}, ""passEndCoordinates"": {""x"": 36.6, ""y"": 25}, ""eventActionType"": ""pass"", ""isHome"": true, ""outcome"": true, ""keypass"": false}",,
1154605,Désiré Doué,14064485,rating-breakdown,passes,passes,,,,Paris Saint-Germain,62.0,,67.4,55.4,56.6,49.6,True,True,1,boolean_field,success,True,,False,False,pass,rating-breakdown,True,67.4,55.4,56.6,49.6,pass,True,False,"{""playerCoordinates"": {""x"": 67.4, ""y"": 55.4}, ""passEndCoordinates"": {""x"": 56.6, ""y"": 49.6}, ""eventActionType"": ""pass"", ""isHome"": true, ""outcome"": true, ""keypass"": false}",,
1154605,Désiré Doué,14064485,rating-breakdown,passes,passes,,,,Paris Saint-Germain,62.0,,72.7,23,71.3,37.6,True,True,1,boolean_field,success,True,,False,False,pass,rating-breakdown,True,72.7,23,71.3,37.6,pass,True,False,"{""playerCoordinates"": {""x"": 72.7, ""y"": 23}, ""passEndCoordinates"": {""x"": 71.3, ""y"": 37.6}, ""eventActionType"": ""pass"", ""isHome"": true, ""outcome"": true, ""keypass"": false}",,
1154605,Désiré Doué,14064485,rating-breakdown,passes,passes,,,,Paris Saint-Germain,62.0,,58.1,13.4,59.6,32.1,True,True,1,boolean_field,success,True,,False,False,pass,rating-breakdown,True,58.1,13.4,59.6,32.1,pass,True,False,"{""playerCoordinates"": {""x"": 58.1, ""y"": 13.4}, ""passEndCoordinates"": {""x"": 59.6, ""y"": 32.1}, ""eventActionType"": ""pass"", ""isHome"": true, ""outcome"": true, ""keypass"": false}",,
1154605,Désiré Doué,14064485,rating-breakdown,passes,passes,,,,Paris Saint-Germain,62.0,,73.4,65.2,70.7,45.8,True,True,1,boolean_field,success,True,,False,False,pass,rating-breakdown,True,73.4,65.2,70.7,45.8,pass,True,False,"{""playerCoordinates"": {""x"": 73.4, ""y"": 65.2}, ""passEndCoordinates"": {""x"": 70.7, ""y"": 45.8}, ""eventActionType"": ""pass"", ""isHome"": true, ""outcome"": true, ""keypass"": false}",,
1154605,Désiré Doué,14064485,rating-breakdown,passes,passes,,,,Paris Saint-Germain,62.0,,80.5,9.1,69.6,31.2,True,True,1,boolean_field,success,True,,False,False,pass,rating-breakdown,True,80.5,9.1,69.6,31.2,pass,True,False,"{""playerCoordinates"": {""x"": 80.5, ""y"": 9.1}, ""passEndCoordinates"": {""x"": 69.6, ""y"": 31.2}, ""eventActionType"": ""pass"", ""isHome"": true, ""outcome"": true, ""keypass"": false}",,
1154605,Désiré Doué,14064485,rating-breakdown,passes,passes,,,,Paris Saint-Germain,62.0,,60.9,2.5,53.7,22.1,True,True,1,boolean_field,success,True,,False,False,pass,rating-breakdown,True,60.9,2.5,53.7,22.1,pass,True,False,"{""playerCoordinates"": {""x"": 60.9, ""y"": 2.5}, ""passEndCoordinates"": {""x"": 53.7, ""y"": 22.1}, ""eventActionType"": ""pass"", ""isHome"": true, ""outcome"": true, ""keypass"": false}",,
1154605,Désiré Doué,14064485,rating-breakdown,passes,passes,,,,Paris Saint-Germain,62.0,,73.8,24.4,71.2,42.5,True,True,1,boolean_field,success,True,,False,False,pass,rating-breakdown,True,73.8,24.4,71.2,42.5,pass,True,False,"{""playerCoordinates"": {""x"": 73.8, ""y"": 24.4}, ""passEndCoordinates"": {""x"": 71.2, ""y"": 42.5}, ""eventActionType"": ""pass"", ""isHome"": true, ""outcome"": true, ""keypass"": false}",,
1154605,Désiré Doué,14064485,rating-breakdown,passes,passes,,,,Paris Saint-Germain,62.0,,55.6,10,54.5,29.5,True,True,1,boolean_field,success,True,,False,False,pass,rating-breakdown,True,55.6,10,54.5,29.5,pass,True,False,"{""playerCoordinates"": {""x"": 55.6, ""y"": 10}, ""passEndCoordinates"": {""x"": 54.5, ""y"": 29.5}, ""eventActionType"": ""pass"", ""isHome"": true, ""outcome"": true, ""keypass"": false}",,
1154605,Désiré Doué,14064485,rating-breakdown,passes,passes,,,,Paris Saint-Germain,62.0,,95.6,22.5,78.6,88.9,,,,unresolvable,,,,False,False,pass,rating-breakdown,True,95.6,22.5,78.6,88.9,cross,True,False,"{""playerCoordinates"": {""x"": 95.6, ""y"": 22.5}, ""passEndCoordinates"": {""x"": 78.6, ""y"": 88.9}, ""eventActionType"": ""cross"", ""isHome"": true, ""keypass"": false, ""isLongBall"": true}",True,
1154605,Désiré Doué,14064485,rating-breakdown,passes,passes,,,,Paris Saint-Germain,62.0,,33.7,12.5,35.3,30.6,,,,unresolvable,,,,False,False,pass,rating-breakdown,True,33.7,12.5,35.3,30.6,pass,True,False,"{""playerCoordinates"": {""x"": 33.7, ""y"": 12.5}, ""passEndCoordinates"": {""x"": 35.3, ""y"": 30.6}, ""eventActionType"": ""pass"", ""isHome"": true, ""keypass"": false}",,
1154605,Désiré Doué,14064485,rating-breakdown,passes,passes,,,,Paris Saint-Germain,62.0,,38,7.6,30.9,27.6,True,True,1,boolean_field,success,True,,False,False,pass,rating-breakdown,True,38,7.6,30.9,27.6,pass,True,False,"{""playerCoordinates"": {""x"": 38, ""y"": 7.6}, ""passEndCoordinates"": {""x"": 30.9, ""y"": 27.6}, ""eventActionType"": ""pass"", ""isHome"": true, ""outcome"": true, ""keypass"": false}",,
1154605,Désiré Doué,14064485,rating-breakdown,passes,passes,,,,Paris Saint-Germain,62.0,,33.4,21.5,26.6,11.7,True,True,1,boolean_field,success,True,,False,False,pass,rating-breakdown,True,33.4,21.5,26.6,11.7,pass,True,False,"{""playerCoordinates"": {""x"": 33.4, ""y"": 21.5}, ""passEndCoordinates"": {""x"": 26.6, ""y"": 11.7}, ""eventActionType"": ""pass"", ""isHome"": true, ""outcome"": true, ""keypass"": false}",,
1154605,Désiré Doué,14064485,rating-breakdown,passes,passes,,,,Paris Saint-Germain,62.0,,64.1,49.9,73,80.9,True,True,1,boolean_field,success,True,,False,False,pass,rating-breakdown,True,64.1,49.9,73,80.9,pass,True,False,"{""playerCoordinates"": {""x"": 64.1, ""y"": 49.9}, ""passEndCoordinates"": {""x"": 73, ""y"": 80.9}, ""eventActionType"": ""pass"", ""isHome"": true, ""outcome"": true, ""keypass"": false}",,
1154605,Désiré Doué,14064485,rating-breakdown,passes,passes,,,,Paris Saint-Germain,62.0,,80.1,7.4,88.2,26.7,True,True,1,boolean_field,success,True,,False,False,pass,rating-breakdown,True,80.1,7.4,88.2,26.7,pass,True,False,"{""playerCoordinates"": {""x"": 80.1, ""y"": 7.4}, ""passEndCoordinates"": {""x"": 88.2, ""y"": 26.7}, ""eventActionType"": ""pass"", ""isHome"": true, ""outcome"": true, ""keypass"": false}",,
1154605,Désiré Doué,14064485,rating-breakdown,passes,passes,,,,Paris Saint-Germain,62.0,,95.2,22.7,82.7,37.7,True,True,1,boolean_field,success,True,,False,False,pass,rating-breakdown,True,95.2,22.7,82.7,37.7,pass,True,False,"{""playerCoordinates"": {""x"": 95.2, ""y"": 22.7}, ""passEndCoordinates"": {""x"": 82.7, ""y"": 37.7}, ""eventActionType"": ""pass"", ""isHome"": true, ""outcome"": true, ""keypass"": false}",,
1154605,Désiré Doué,14064485,rating-breakdown,passes,passes,,,,Paris Saint-Germain,62.0,,48.1,18.5,31.2,32.1,True,True,1,boolean_field,success,True,,False,False,pass,rating-breakdown,True,48.1,18.5,31.2,32.1,pass,True,False,"{""playerCoordinates"": {""x"": 48.1, ""y"": 18.5}, ""passEndCoordinates"": {""x"": 31.2, ""y"": 32.1}, ""eventActionType"": ""pass"", ""isHome"": true, ""outcome"": true, ""keypass"": false}",,
1154605,Désiré Doué,14064485,rating-breakdown,passes,passes,,,,Paris Saint-Germain,62.0,,60.2,4,51.3,20.3,True,True,1,boolean_field,success,True,,False,False,pass,rating-breakdown,True,60.2,4,51.3,20.3,pass,True,False,"{""playerCoordinates"": {""x"": 60.2, ""y"": 4}, ""passEndCoordinates"": {""x"": 51.3, ""y"": 20.3}, ""eventActionType"": ""pass"", ""isHome"": true, ""outcome"": true, ""keypass"": false}",,
1154605,Désiré Doué,14064485,rating-breakdown,ball-carries,ball-carries,,,,Paris Saint-Germain,62.0,,34.9,11.7,31.2,10,,,,unresolvable,,,,False,False,,rating-breakdown,True,34.9,11.7,31.2,10,ball-carry,True,,"{""playerCoordinates"": {""x"": 34.9, ""y"": 11.7}, ""passEndCoordinates"": {""x"": 31.2, ""y"": 10}, ""eventActionType"": ""ball-carry"", ""isHome"": true}",,
1154605,Désiré Doué,14064485,rating-breakdown,ball-carries,ball-carries,,,,Paris Saint-Germain,62.0,,80.1,17.4,86.6,28.9,,,,unresolvable,,,,False,False,,rating-breakdown,True,80.1,17.4,86.6,28.9,ball-carry,True,,"{""playerCoordinates"": {""x"": 80.1, ""y"": 17.4}, ""passEndCoordinates"": {""x"": 86.6, ""y"": 28.9}, ""eventActionType"": ""ball-carry"", ""isHome"": true}",,
1154605,Désiré Doué,14064485,rating-breakdown,ball-carries,ball-carries,,,,Paris Saint-Germain,62.0,,75.6,94.1,86,91.4,,,,unresolvable,,,,False,False,,rating-breakdown,True,75.6,94.1,86,91.4,ball-carry,True,,"{""playerCoordinates"": {""x"": 75.6, ""y"": 94.1}, ""passEndCoordinates"": {""x"": 86, ""y"": 91.4}, ""eventActionType"": ""ball-carry"", ""isHome"": true}",,
1154605,Désiré Doué,14064485,rating-breakdown,ball-carries,ball-carries,,,,Paris Saint-Germain,62.0,,59.1,3.1,59.4,8.4,,,,unresolvable,,,,False,False,,rating-breakdown,True,59.1,3.1,59.4,8.4,ball-carry,True,,"{""playerCoordinates"": {""x"": 59.1, ""y"": 3.1}, ""passEndCoordinates"": {""x"": 59.4, ""y"": 8.4}, ""eventActionType"": ""ball-carry"", ""isHome"": true}",,
1154605,Désiré Doué,14064485,rating-breakdown,ball-carries,ball-carries,,,,Paris Saint-Germain,62.0,,33,83,35.6,86.9,,,,unresolvable,,,,False,False,,rating-breakdown,True,33,83,35.6,86.9,ball-carry,True,,"{""playerCoordinates"": {""x"": 33, ""y"": 83}, ""passEndCoordinates"": {""x"": 35.6, ""y"": 86.9}, ""eventActionType"": ""ball-carry"", ""isHome"": true}",,
1154605,Désiré Doué,14064485,rating-breakdown,ball-carries,ball-carries,,,,Paris Saint-Germain,62.0,,63.2,8.5,57.8,25.9,,,,unresolvable,,,,False,False,,rating-breakdown,True,63.2,8.5,57.8,25.9,ball-carry,True,,"{""playerCoordinates"": {""x"": 63.2, ""y"": 8.5}, ""passEndCoordinates"": {""x"": 57.8, ""y"": 25.9}, ""eventActionType"": ""ball-carry"", ""isHome"": true}",,
1154605,Désiré Doué,14064485,rating-breakdown,ball-carries,ball-carries,,,,Paris Saint-Germain,62.0,,33.5,35.5,26.4,31.9,,,,unresolvable,,,,False,False,,rating-breakdown,True,33.5,35.5,26.4,31.9,ball-carry,True,,"{""playerCoordinates"": {""x"": 33.5, ""y"": 35.5}, ""passEndCoordinates"": {""x"": 26.4, ""y"": 31.9}, ""eventActionType"": ""ball-carry"", ""isHome"": true}",,
1154605,Désiré Doué,14064485,rating-breakdown,ball-carries,ball-carries,,,,Paris Saint-Germain,62.0,,82.2,49.4,84.5,58.4,,,,unresolvable,,,,False,False,,rating-breakdown,True,82.2,49.4,84.5,58.4,ball-carry,True,,"{""playerCoordinates"": {""x"": 82.2, ""y"": 49.4}, ""passEndCoordinates"": {""x"": 84.5, ""y"": 58.4}, ""eventActionType"": ""ball-carry"", ""isHome"": true}",,
1154605,Désiré Doué,14064485,rating-breakdown,ball-carries,ball-carries,,,,Paris Saint-Germain,62.0,,42.9,12.9,55.8,8.6,,,,unresolvable,,,,False,False,,rating-breakdown,True,42.9,12.9,55.8,8.6,ball-carry,True,,"{""playerCoordinates"": {""x"": 42.9, ""y"": 12.9}, ""passEndCoordinates"": {""x"": 55.8, ""y"": 8.6}, ""eventActionType"": ""ball-carry"", ""isHome"": true}",,
1154605,Désiré Doué,14064485,rating-breakdown,ball-carries,ball-carries,,,,Paris Saint-Germain,62.0,,55.8,8.6,55,15.2,,,,unresolvable,,,,False,False,,rating-breakdown,True,55.8,8.6,55,15.2,ball-carry,True,,"{""playerCoordinates"": {""x"": 55.8, ""y"": 8.6}, ""passEndCoordinates"": {""x"": 55, ""y"": 15.2}, ""eventActionType"": ""ball-carry"", ""isHome"": true}",,
1154605,Désiré Doué,14064485,rating-breakdown,ball-carries,ball-carries,,,,Paris Saint-Germain,62.0,,59.6,5.9,51.4,17.3,,,,unresolvable,,,,False,False,,rating-breakdown,True,59.6,5.9,51.4,17.3,ball-carry,True,,"{""playerCoordinates"": {""x"": 59.6, ""y"": 5.9}, ""passEndCoordinates"": {""x"": 51.4, ""y"": 17.3}, ""eventActionType"": ""ball-carry"", ""isHome"": true}",,
1154605,Désiré Doué,14064485,rating-breakdown,ball-carries,ball-carries,,,,Paris Saint-Germain,62.0,,84.7,26.7,89,27,,,,unresolvable,,,,False,False,,rating-breakdown,True,84.7,26.7,89,27,ball-carry,True,,"{""playerCoordinates"": {""x"": 84.7, ""y"": 26.7}, ""passEndCoordinates"": {""x"": 89, ""y"": 27}, ""eventActionType"": ""ball-carry"", ""isHome"": true}",,
1154605,Désiré Doué,14064485,rating-breakdown,ball-carries,ball-carries,,,,Paris Saint-Germain,62.0,,86.2,34.5,90.8,34.2,,,,unresolvable,,,,False,False,,rating-breakdown,True,86.2,34.5,90.8,34.2,ball-carry,True,,"{""playerCoordinates"": {""x"": 86.2, ""y"": 34.5}, ""passEndCoordinates"": {""x"": 90.8, ""y"": 34.2}, ""eventActionType"": ""ball-carry"", ""isHome"": true}",,
1154605,Désiré Doué,14064485,rating-breakdown,ball-carries,ball-carries,,,,Paris Saint-Germain,62.0,,78.7,3.4,80.5,9.1,,,,unresolvable,,,,False,False,,rating-breakdown,True,78.7,3.4,80.5,9.1,ball-carry,True,,"{""playerCoordinates"": {""x"": 78.7, ""y"": 3.4}, ""passEndCoordinates"": {""x"": 80.5, ""y"": 9.1}, ""eventActionType"": ""ball-carry"", ""isHome"": true}",,
1154605,Désiré Doué,14064485,rating-breakdown,ball-carries,ball-carries,,,,Paris Saint-Germain,62.0,,28.7,5.5,41.2,7.4,,,,unresolvable,,,,False,False,,rating-breakdown,True,28.7,5.5,41.2,7.4,ball-carry,True,,"{""playerCoordinates"": {""x"": 28.7, ""y"": 5.5}, ""passEndCoordinates"": {""x"": 41.2, ""y"": 7.4}, ""eventActionType"": ""ball-carry"", ""isHome"": true}",,
1154605,Désiré Doué,14064485,rating-breakdown,ball-carries,ball-carries,,,,Paris Saint-Germain,62.0,,74.6,5.3,95.6,22.5,,,,unresolvable,,,,False,False,,rating-breakdown,True,74.6,5.3,95.6,22.5,ball-carry,True,,"{""playerCoordinates"": {""x"": 74.6, ""y"": 5.3}, ""passEndCoordinates"": {""x"": 95.6, ""y"": 22.5}, ""eventActionType"": ""ball-carry"", ""isHome"": true}",,
1154605,Désiré Doué,14064485,rating-breakdown,ball-carries,ball-carries,,,,Paris Saint-Germain,62.0,,36.3,15.3,31.8,10.4,,,,unresolvable,,,,False,False,,rating-breakdown,True,36.3,15.3,31.8,10.4,ball-carry,True,,"{""playerCoordinates"": {""x"": 36.3, ""y"": 15.3}, ""passEndCoordinates"": {""x"": 31.8, ""y"": 10.4}, ""eventActionType"": ""ball-carry"", ""isHome"": true}",,
1154605,Désiré Doué,14064485,rating-breakdown,ball-carries,ball-carries,,,,Paris Saint-Germain,62.0,,35.8,24.1,64.1,49.9,,,,unresolvable,,,,False,False,,rating-breakdown,True,35.8,24.1,64.1,49.9,ball-carry,True,,"{""playerCoordinates"": {""x"": 35.8, ""y"": 24.1}, ""passEndCoordinates"": {""x"": 64.1, ""y"": 49.9}, ""eventActionType"": ""ball-carry"", ""isHome"": true}",,
1154605,Désiré Doué,14064485,rating-breakdown,ball-carries,ball-carries,,,,Paris Saint-Germain,62.0,,74.6,9.1,80.1,7.4,,,,unresolvable,,,,False,False,,rating-breakdown,True,74.6,9.1,80.1,7.4,ball-carry,True,,"{""playerCoordinates"": {""x"": 74.6, ""y"": 9.1}, ""passEndCoordinates"": {""x"": 80.1, ""y"": 7.4}, ""eventActionType"": ""ball-carry"", ""isHome"": true}",,
1154605,Désiré Doué,14064485,rating-breakdown,ball-carries,ball-carries,,,,Paris Saint-Germain,62.0,,58.1,23,48.1,18.5,,,,unresolvable,,,,False,False,,rating-breakdown,True,58.1,23,48.1,18.5,ball-carry,True,,"{""playerCoordinates"": {""x"": 58.1, ""y"": 23}, ""passEndCoordinates"": {""x"": 48.1, ""y"": 18.5}, ""eventActionType"": ""ball-carry"", ""isHome"": true}",,
1154605,Désiré Doué,14064485,rating-breakdown,ball-carries,ball-carries,,,,Paris Saint-Germain,62.0,,72.5,15.8,79.9,35.7,,,,unresolvable,,,,False,False,,rating-breakdown,True,72.5,15.8,79.9,35.7,ball-carry,True,,"{""playerCoordinates"": {""x"": 72.5, ""y"": 15.8}, ""passEndCoordinates"": {""x"": 79.9, ""y"": 35.7}, ""eventActionType"": ""ball-carry"", ""isHome"": true}",,
1154605,Désiré Doué,14064485,rating-breakdown,dribbles,dribbles,,,,Paris Saint-Germain,62.0,,28,5.8,,,,,,unresolvable,,,,False,False,,rating-breakdown,True,28,5.8,,,dribble,True,False,"{""playerCoordinates"": {""x"": 28, ""y"": 5.8}, ""eventActionType"": ""dribble"", ""isHome"": true, ""keypass"": false}",,
1154605,Désiré Doué,14064485,rating-breakdown,dribbles,dribbles,,,,Paris Saint-Germain,62.0,,89,27,,,,,,unresolvable,,,,False,False,,rating-breakdown,True,89,27,,,dribble,True,False,"{""playerCoordinates"": {""x"": 89, ""y"": 27}, ""eventActionType"": ""dribble"", ""isHome"": true, ""keypass"": false}",,
1154605,Désiré Doué,14064485,rating-breakdown,dribbles,dribbles,,,,Paris Saint-Germain,62.0,,44.7,2.6,,,,,,unresolvable,,,,False,False,,rating-breakdown,True,44.7,2.6,,,dribble,True,False,"{""playerCoordinates"": {""x"": 44.7, ""y"": 2.6}, ""eventActionType"": ""dribble"", ""isHome"": true, ""keypass"": false}",,
1154605,Désiré Doué,14064485,rating-breakdown,dribbles,dribbles,,,,Paris Saint-Germain,62.0,,32.8,11,,,,,,unresolvable,,,,False,False,,rating-breakdown,True,32.8,11,,,dribble,True,False,"{""playerCoordinates"": {""x"": 32.8, ""y"": 11}, ""eventActionType"": ""dribble"", ""isHome"": true, ""keypass"": false}",,
1154605,Désiré Doué,14064485,rating-breakdown,defensive,defensive,,,,Paris Saint-Germain,62.0,,55.8,8.6,,,True,True,1,boolean_field,success,,True,False,False,,rating-breakdown,True,55.8,8.6,,,ball-recovery,True,False,"{""playerCoordinates"": {""x"": 55.8, ""y"": 8.6}, ""eventActionType"": ""ball-recovery"", ""isHome"": true, ""outcome"": true, ""keypass"": false}",,
1154605,Désiré Doué,14064485,rating-breakdown,defensive,defensive,,,,Paris Saint-Germain,62.0,,69,66.1,,,True,True,1,boolean_field,success,,True,False,False,,rating-breakdown,True,69,66.1,,,tackle,True,False,"{""playerCoordinates"": {""x"": 69, ""y"": 66.1}, ""eventActionType"": ""tackle"", ""isHome"": true, ""outcome"": true, ""keypass"": false}",,
1154605,Désiré Doué,14064485,rating-breakdown,defensive,defensive,,,,Paris Saint-Germain,62.0,,28.7,5.5,,,True,True,1,boolean_field,success,,True,False,False,,rating-breakdown,True,28.7,5.5,,,ball-recovery,True,False,"{""playerCoordinates"": {""x"": 28.7, ""y"": 5.5}, ""eventActionType"": ""ball-recovery"", ""isHome"": true, ""outcome"": true, ""keypass"": false}",,
1154605,Désiré Doué,14064485,rating-breakdown,defensive,defensive,,,,Paris Saint-Germain,62.0,,36.3,15.3,,,True,True,1,boolean_field,success,,True,False,False,,rating-breakdown,True,36.3,15.3,,,ball-recovery,True,False,"{""playerCoordinates"": {""x"": 36.3, ""y"": 15.3}, ""eventActionType"": ""ball-recovery"", ""isHome"": true, ""outcome"": true, ""keypass"": false}",,
1154605,Désiré Doué,14064499,rating-breakdown,passes,passes,,,,Paris Saint-Germain,60.0,,66.4,10.3,71.1,2.4,True,True,1,boolean_field,success,True,,False,False,pass,rating-breakdown,True,66.4,10.3,71.1,2.4,pass,False,False,"{""playerCoordinates"": {""x"": 66.4, ""y"": 10.3}, ""passEndCoordinates"": {""x"": 71.1, ""y"": 2.4}, ""eventActionType"": ""pass"", ""isHome"": false, ""outcome"": true, ""keypass"": false}",,
1154605,Désiré Doué,14064499,rating-breakdown,passes,passes,,,,Paris Saint-Germain,60.0,,39.2,6,31.3,19.3,True,True,1,boolean_field,success,True,,False,False,pass,rating-breakdown,True,39.2,6,31.3,19.3,pass,False,False,"{""playerCoordinates"": {""x"": 39.2, ""y"": 6}, ""passEndCoordinates"": {""x"": 31.3, ""y"": 19.3}, ""eventActionType"": ""pass"", ""isHome"": false, ""outcome"": true, ""keypass"": false}",,
1154605,Désiré Doué,14064499,rating-breakdown,passes,passes,,,,Paris Saint-Germain,60.0,,44,9,31.3,19.6,True,True,1,boolean_field,success,True,,False,False,pass,rating-breakdown,True,44,9,31.3,19.6,pass,False,False,"{""playerCoordinates"": {""x"": 44, ""y"": 9}, ""passEndCoordinates"": {""x"": 31.3, ""y"": 19.6}, ""eventActionType"": ""pass"", ""isHome"": false, ""outcome"": true, ""keypass"": false}",,
1154605,Désiré Doué,14064499,rating-breakdown,passes,passes,,,,Paris Saint-Germain,60.0,,39.5,4.8,39.7,11.7,,,,unresolvable,,,,False,False,pass,rating-breakdown,True,39.5,4.8,39.7,11.7,pass,False,False,"{""playerCoordinates"": {""x"": 39.5, ""y"": 4.8}, ""passEndCoordinates"": {""x"": 39.7, ""y"": 11.7}, ""eventActionType"": ""pass"", ""isHome"": false, ""keypass"": false}",,
1154605,Désiré Doué,14064499,rating-breakdown,passes,passes,,,,Paris Saint-Germain,60.0,,45.8,23.7,40.7,31.5,True,True,1,boolean_field,success,True,,False,False,pass,rating-breakdown,True,45.8,23.7,40.7,31.5,pass,False,False,"{""playerCoordinates"": {""x"": 45.8, ""y"": 23.7}, ""passEndCoordinates"": {""x"": 40.7, ""y"": 31.5}, ""eventActionType"": ""pass"", ""isHome"": false, ""outcome"": true, ""keypass"": false}",,
1154605,Désiré Doué,14064499,rating-breakdown,passes,passes,,,,Paris Saint-Germain,60.0,,73.9,15.9,66.3,8.1,True,True,1,boolean_field,success,True,,False,False,pass,rating-breakdown,True,73.9,15.9,66.3,8.1,pass,False,False,"{""playerCoordinates"": {""x"": 73.9, ""y"": 15.9}, ""passEndCoordinates"": {""x"": 66.3, ""y"": 8.1}, ""eventActionType"": ""pass"", ""isHome"": false, ""outcome"": true, ""keypass"": false}",,
1154605,Désiré Doué,14064499,rating-breakdown,passes,passes,,,,Paris Saint-Germain,60.0,,70.7,37.8,88.5,31.3,,,,unresolvable,,,,False,False,pass,rating-breakdown,True,70.7,37.8,88.5,31.3,pass,False,False,"{""playerCoordinates"": {""x"": 70.7, ""y"": 37.8}, ""passEndCoordinates"": {""x"": 88.5, ""y"": 31.3}, ""eventActionType"": ""pass"", ""isHome"": false, ""keypass"": false}",,
1154605,Désiré Doué,14064499,rating-breakdown,passes,passes,,,,Paris Saint-Germain,60.0,,65.2,5.2,39.2,10.5,True,True,1,boolean_field,success,True,,False,False,pass,rating-breakdown,True,65.2,5.2,39.2,10.5,pass,False,False,"{""playerCoordinates"": {""x"": 65.2, ""y"": 5.2}, ""passEndCoordinates"": {""x"": 39.2, ""y"": 10.5}, ""eventActionType"": ""pass"", ""isHome"": false, ""outcome"": true, ""keypass"": false}",,
1154605,Désiré Doué,14064499,rating-breakdown,passes,passes,,,,Paris Saint-Germain,60.0,,61.4,3.3,55,9.3,True,True,1,boolean_field,success,True,,False,False,pass,rating-breakdown,True,61.4,3.3,55,9.3,pass,False,False,"{""playerCoordinates"": {""x"": 61.4, ""y"": 3.3}, ""passEndCoordinates"": {""x"": 55, ""y"": 9.3}, ""eventActionType"": ""pass"", ""isHome"": false, ""outcome"": true, ""keypass"": false}",,
1154605,Désiré Doué,14064499,rating-breakdown,passes,passes,,,,Paris Saint-Germain,60.0,,65,5.2,53.9,12.7,True,True,1,boolean_field,success,True,,False,False,pass,rating-breakdown,True,65,5.2,53.9,12.7,pass,False,False,"{""playerCoordinates"": {""x"": 65, ""y"": 5.2}, ""passEndCoordinates"": {""x"": 53.9, ""y"": 12.7}, ""eventActionType"": ""pass"", ""isHome"": false, ""outcome"": true, ""keypass"": false}",,
1154605,Désiré Doué,14064499,rating-breakdown,passes,passes,,,,Paris Saint-Germain,60.0,,43.9,3.1,67.8,2.5,,,,unresolvable,,,,False,False,pass,rating-breakdown,True,43.9,3.1,67.8,2.5,pass,False,False,"{""playerCoordinates"": {""x"": 43.9, ""y"": 3.1}, ""passEndCoordinates"": {""x"": 67.8, ""y"": 2.5}, ""eventActionType"": ""pass"", ""isHome"": false, ""keypass"": false}",,
1154605,Désiré Doué,14064499,rating-breakdown,passes,passes,,,,Paris Saint-Germain,60.0,,73,17.5,71.7,30,True,True,1,boolean_field,success,True,,False,False,pass,rating-breakdown,True,73,17.5,71.7,30,pass,False,False,"{""playerCoordinates"": {""x"": 73, ""y"": 17.5}, ""passEndCoordinates"": {""x"": 71.7, ""y"": 30}, ""eventActionType"": ""pass"", ""isHome"": false, ""outcome"": true, ""keypass"": false}",,
1154605,Désiré Doué,14064499,rating-breakdown,passes,passes,,,,Paris Saint-Germain,60.0,,93.8,15.3,78.4,15.4,True,True,1,boolean_field,success,True,,False,False,pass,rating-breakdown,True,93.8,15.3,78.4,15.4,pass,False,False,"{""playerCoordinates"": {""x"": 93.8, ""y"": 15.3}, ""passEndCoordinates"": {""x"": 78.4, ""y"": 15.4}, ""eventActionType"": ""pass"", ""isHome"": false, ""outcome"": true, ""keypass"": false}",,
1154605,Désiré Doué,14064499,rating-breakdown,passes,passes,,,,Paris Saint-Germain,60.0,,88.5,31,78.3,30,True,True,1,boolean_field,success,True,,False,False,pass,rating-breakdown,True,88.5,31,78.3,30,pass,False,False,"{""playerCoordinates"": {""x"": 88.5, ""y"": 31}, ""passEndCoordinates"": {""x"": 78.3, ""y"": 30}, ""eventActionType"": ""pass"", ""isHome"": false, ""outcome"": true, ""keypass"": false}",,
1154605,Désiré Doué,14064499,rating-breakdown,passes,passes,,,,Paris Saint-Germain,60.0,,72.9,16,66.4,28.5,True,True,1,boolean_field,success,True,,False,False,pass,rating-breakdown,True,72.9,16,66.4,28.5,pass,False,False,"{""playerCoordinates"": {""x"": 72.9, ""y"": 16}, ""passEndCoordinates"": {""x"": 66.4, ""y"": 28.5}, ""eventActionType"": ""pass"", ""isHome"": false, ""outcome"": true, ""keypass"": false}",,
1154605,Désiré Doué,14064499,rating-breakdown,passes,passes,,,,Paris Saint-Germain,60.0,,71.4,20.2,64.6,14.2,True,True,1,boolean_field,success,True,,False,False,pass,rating-breakdown,True,71.4,20.2,64.6,14.2,pass,False,False,"{""playerCoordinates"": {""x"": 71.4, ""y"": 20.2}, ""passEndCoordinates"": {""x"": 64.6, ""y"": 14.2}, ""eventActionType"": ""pass"", ""isHome"": false, ""outcome"": true, ""keypass"": false}",,
1154605,Désiré Doué,14064499,rating-breakdown,passes,passes,,,,Paris Saint-Germain,60.0,,58.3,4,62.5,10.3,True,True,1,boolean_field,success,True,,False,False,pass,rating-breakdown,True,58.3,4,62.5,10.3,pass,False,False,"{""playerCoordinates"": {""x"": 58.3, ""y"": 4}, ""passEndCoordinates"": {""x"": 62.5, ""y"": 10.3}, ""eventActionType"": ""pass"", ""isHome"": false, ""outcome"": true, ""keypass"": false}",,
1154605,Désiré Doué,14064499,rating-breakdown,passes,passes,,,,Paris Saint-Germain,60.0,,42.5,9.6,31.1,15.1,True,True,1,boolean_field,success,True,,False,False,pass,rating-breakdown,True,42.5,9.6,31.1,15.1,pass,False,False,"{""playerCoordinates"": {""x"": 42.5, ""y"": 9.6}, ""passEndCoordinates"": {""x"": 31.1, ""y"": 15.1}, ""eventActionType"": ""pass"", ""isHome"": false, ""outcome"": true, ""keypass"": false}",,
1154605,Désiré Doué,14064499,rating-breakdown,passes,passes,,,,Paris Saint-Germain,60.0,,69.2,30.1,57,57.7,True,True,1,boolean_field,success,True,,False,False,pass,rating-breakdown,True,69.2,30.1,57,57.7,pass,False,False,"{""playerCoordinates"": {""x"": 69.2, ""y"": 30.1}, ""passEndCoordinates"": {""x"": 57, ""y"": 57.7}, ""eventActionType"": ""pass"", ""isHome"": false, ""outcome"": true, ""keypass"": false}",,
1154605,Désiré Doué,14064499,rating-breakdown,passes,passes,,,,Paris Saint-Germain,60.0,,77.3,92.8,72,90.3,True,True,1,boolean_field,success,True,,False,False,pass,rating-breakdown,True,77.3,92.8,72,90.3,pass,False,False,"{""playerCoordinates"": {""x"": 77.3, ""y"": 92.8}, ""passEndCoordinates"": {""x"": 72, ""y"": 90.3}, ""eventActionType"": ""pass"", ""isHome"": false, ""outcome"": true, ""keypass"": false}",,
1154605,Désiré Doué,14064499,rating-breakdown,passes,passes,,,,Paris Saint-Germain,60.0,,75.9,94.9,84,93.4,True,True,1,boolean_field,success,True,,False,False,pass,rating-breakdown,True,75.9,94.9,84,93.4,pass,False,False,"{""playerCoordinates"": {""x"": 75.9, ""y"": 94.9}, ""passEndCoordinates"": {""x"": 84, ""y"": 93.4}, ""eventActionType"": ""pass"", ""isHome"": false, ""outcome"": true, ""keypass"": false}",,
1154605,Désiré Doué,14064499,rating-breakdown,passes,passes,,,,Paris Saint-Germain,60.0,,89.7,78.9,93.9,47.7,,,,unresolvable,,,,False,False,pass,rating-breakdown,True,89.7,78.9,93.9,47.7,cross,False,False,"{""playerCoordinates"": {""x"": 89.7, ""y"": 78.9}, ""passEndCoordinates"": {""x"": 93.9, ""y"": 47.7}, ""eventActionType"": ""cross"", ""isHome"": false, ""keypass"": false}",,
1154605,Désiré Doué,14064499,rating-breakdown,passes,passes,,,,Paris Saint-Germain,60.0,,88,12,90.9,25.2,,,,unresolvable,,,,False,False,pass,rating-breakdown,True,88,12,90.9,25.2,cross,False,False,"{""playerCoordinates"": {""x"": 88, ""y"": 12}, ""passEndCoordinates"": {""x"": 90.9, ""y"": 25.2}, ""eventActionType"": ""cross"", ""isHome"": false, ""keypass"": false}",,
1154605,Désiré Doué,14064499,rating-breakdown,passes,passes,,,,Paris Saint-Germain,60.0,,85.2,63.6,90.2,67.3,True,True,1,boolean_field,success,True,,False,True,key_pass,rating-breakdown,True,85.2,63.6,90.2,67.3,pass,False,True,"{""playerCoordinates"": {""x"": 85.2, ""y"": 63.6}, ""passEndCoordinates"": {""x"": 90.2, ""y"": 67.3}, ""eventActionType"": ""pass"", ""isHome"": false, ""outcome"": true, ""keypass"": true}",,
1154605,Désiré Doué,14064499,rating-breakdown,passes,passes,,,,Paris Saint-Germain,60.0,,46.2,74.1,39.3,69.3,True,True,1,boolean_field,success,True,,False,False,pass,rating-breakdown,True,46.2,74.1,39.3,69.3,pass,False,False,"{""playerCoordinates"": {""x"": 46.2, ""y"": 74.1}, ""passEndCoordinates"": {""x"": 39.3, ""y"": 69.3}, ""eventActionType"": ""pass"", ""isHome"": false, ""outcome"": true, ""keypass"": false}",,
1154605,Désiré Doué,14064499,rating-breakdown,passes,passes,,,,Paris Saint-Germain,60.0,,60.1,4.3,60,11.1,True,True,1,boolean_field,success,True,,False,False,pass,rating-breakdown,True,60.1,4.3,60,11.1,pass,False,False,"{""playerCoordinates"": {""x"": 60.1, ""y"": 4.3}, ""passEndCoordinates"": {""x"": 60, ""y"": 11.1}, ""eventActionType"": ""pass"", ""isHome"": false, ""outcome"": true, ""keypass"": false}",,
1154605,Désiré Doué,14064499,rating-breakdown,passes,passes,,,,Paris Saint-Germain,60.0,,57.6,5.4,68.5,5.5,True,True,1,boolean_field,success,True,,False,False,pass,rating-breakdown,True,57.6,5.4,68.5,5.5,pass,False,False,"{""playerCoordinates"": {""x"": 57.6, ""y"": 5.4}, ""passEndCoordinates"": {""x"": 68.5, ""y"": 5.5}, ""eventActionType"": ""pass"", ""isHome"": false, ""outcome"": true, ""keypass"": false}",,
1154605,Désiré Doué,14064499,rating-breakdown,passes,passes,,,,Paris Saint-Germain,60.0,,94.4,16.2,94.7,20.5,,,,unresolvable,,,,False,False,pass,rating-breakdown,True,94.4,16.2,94.7,20.5,cross,False,False,"{""playerCoordinates"": {""x"": 94.4, ""y"": 16.2}, ""passEndCoordinates"": {""x"": 94.7, ""y"": 20.5}, ""eventActionType"": ""cross"", ""isHome"": false, ""keypass"": false}",,
1154605,Désiré Doué,14064499,rating-breakdown,passes,passes,,,,Paris Saint-Germain,60.0,,94.8,4,91.5,2.2,True,True,1,boolean_field,success,True,,False,False,pass,rating-breakdown,True,94.8,4,91.5,2.2,pass,False,False,"{""playerCoordinates"": {""x"": 94.8, ""y"": 4}, ""passEndCoordinates"": {""x"": 91.5, ""y"": 2.2}, ""eventActionType"": ""pass"", ""isHome"": false, ""outcome"": true, ""keypass"": false}",,
1154605,Désiré Doué,14064499,rating-breakdown,passes,passes,,,,Paris Saint-Germain,60.0,,83.1,17,82,54.1,,,,unresolvable,,,,False,False,pass,rating-breakdown,True,83.1,17,82,54.1,pass,False,False,"{""playerCoordinates"": {""x"": 83.1, ""y"": 17}, ""passEndCoordinates"": {""x"": 82, ""y"": 54.1}, ""eventActionType"": ""pass"", ""isHome"": false, ""keypass"": false}",,
1154605,Désiré Doué,14064499,rating-breakdown,passes,passes,,,,Paris Saint-Germain,60.0,,56.8,3.6,67,18.3,True,True,1,boolean_field,success,True,,False,False,pass,rating-breakdown,True,56.8,3.6,67,18.3,pass,False,False,"{""playerCoordinates"": {""x"": 56.8, ""y"": 3.6}, ""passEndCoordinates"": {""x"": 67, ""y"": 18.3}, ""eventActionType"": ""pass"", ""isHome"": false, ""outcome"": true, ""keypass"": false}",,
1154605,Désiré Doué,14064499,rating-breakdown,passes,passes,,,,Paris Saint-Germain,60.0,,76.3,10.5,80.5,31.2,True,True,1,boolean_field,success,True,,False,False,pass,rating-breakdown,True,76.3,10.5,80.5,31.2,pass,False,False,"{""playerCoordinates"": {""x"": 76.3, ""y"": 10.5}, ""passEndCoordinates"": {""x"": 80.5, ""y"": 31.2}, ""eventActionType"": ""pass"", ""isHome"": false, ""outcome"": true, ""keypass"": false}",,
1154605,Désiré Doué,14064499,rating-breakdown,passes,passes,,,,Paris Saint-Germain,60.0,,94.6,82.4,94.9,77.1,,,,unresolvable,,,,False,False,pass,rating-breakdown,True,94.6,82.4,94.9,77.1,cross,False,False,"{""playerCoordinates"": {""x"": 94.6, ""y"": 82.4}, ""passEndCoordinates"": {""x"": 94.9, ""y"": 77.1}, ""eventActionType"": ""cross"", ""isHome"": false, ""keypass"": false}",,
1154605,Désiré Doué,14064499,rating-breakdown,passes,passes,,,,Paris Saint-Germain,60.0,,53.3,14.1,45.1,30.4,True,True,1,boolean_field,success,True,,False,False,pass,rating-breakdown,True,53.3,14.1,45.1,30.4,pass,False,False,"{""playerCoordinates"": {""x"": 53.3, ""y"": 14.1}, ""passEndCoordinates"": {""x"": 45.1, ""y"": 30.4}, ""eventActionType"": ""pass"", ""isHome"": false, ""outcome"": true, ""keypass"": false}",,
1154605,Désiré Doué,14064499,rating-breakdown,passes,passes,,,,Paris Saint-Germain,60.0,,69.6,10,68.4,27.7,True,True,1,boolean_field,success,True,,False,False,pass,rating-breakdown,True,69.6,10,68.4,27.7,pass,False,False,"{""playerCoordinates"": {""x"": 69.6, ""y"": 10}, ""passEndCoordinates"": {""x"": 68.4, ""y"": 27.7}, ""eventActionType"": ""pass"", ""isHome"": false, ""outcome"": true, ""keypass"": false}",,
1154605,Désiré Doué,14064499,rating-breakdown,passes,passes,,,,Paris Saint-Germain,60.0,,79.7,34.8,88.3,36.7,True,True,1,boolean_field,success,True,,False,False,pass,rating-breakdown,True,79.7,34.8,88.3,36.7,pass,False,False,"{""playerCoordinates"": {""x"": 79.7, ""y"": 34.8}, ""passEndCoordinates"": {""x"": 88.3, ""y"": 36.7}, ""eventActionType"": ""pass"", ""isHome"": false, ""outcome"": true, ""keypass"": false}",,
1154605,Désiré Doué,14064499,rating-breakdown,passes,passes,,,,Paris Saint-Germain,60.0,,79.7,5.5,86.4,44.2,True,True,1,boolean_field,success,True,,False,True,key_pass,rating-breakdown,True,79.7,5.5,86.4,44.2,cross,False,True,"{""playerCoordinates"": {""x"": 79.7, ""y"": 5.5}, ""passEndCoordinates"": {""x"": 86.4, ""y"": 44.2}, ""eventActionType"": ""cross"", ""isHome"": false, ""outcome"": true, ""keypass"": true}",,
1154605,Désiré Doué,14064499,rating-breakdown,passes,passes,,,,Paris Saint-Germain,60.0,,70.8,6.9,69.7,20.7,True,True,1,boolean_field,success,True,,False,False,pass,rating-breakdown,True,70.8,6.9,69.7,20.7,pass,False,False,"{""playerCoordinates"": {""x"": 70.8, ""y"": 6.9}, ""passEndCoordinates"": {""x"": 69.7, ""y"": 20.7}, ""eventActionType"": ""pass"", ""isHome"": false, ""outcome"": true, ""keypass"": false}",,
1154605,Désiré Doué,14064499,rating-breakdown,passes,passes,,,,Paris Saint-Germain,60.0,,68.3,56.8,65,74.8,True,True,1,boolean_field,success,True,,False,False,pass,rating-breakdown,True,68.3,56.8,65,74.8,pass,False,False,"{""playerCoordinates"": {""x"": 68.3, ""y"": 56.8}, ""passEndCoordinates"": {""x"": 65, ""y"": 74.8}, ""eventActionType"": ""pass"", ""isHome"": false, ""outcome"": true, ""keypass"": false}",,
1154605,Désiré Doué,14064499,rating-breakdown,passes,passes,,,,Paris Saint-Germain,60.0,,69.5,41.4,70.1,62.1,True,True,1,boolean_field,success,True,,False,False,pass,rating-breakdown,True,69.5,41.4,70.1,62.1,pass,False,False,"{""playerCoordinates"": {""x"": 69.5, ""y"": 41.4}, ""passEndCoordinates"": {""x"": 70.1, ""y"": 62.1}, ""eventActionType"": ""pass"", ""isHome"": false, ""outcome"": true, ""keypass"": false}",,
1154605,Désiré Doué,14064499,rating-breakdown,passes,passes,,,,Paris Saint-Germain,60.0,,76.2,26.1,69.8,32.2,True,True,1,boolean_field,success,True,,False,False,pass,rating-breakdown,True,76.2,26.1,69.8,32.2,pass,False,False,"{""playerCoordinates"": {""x"": 76.2, ""y"": 26.1}, ""passEndCoordinates"": {""x"": 69.8, ""y"": 32.2}, ""eventActionType"": ""pass"", ""isHome"": false, ""outcome"": true, ""keypass"": false}",,
1154605,Désiré Doué,14064499,rating-breakdown,ball-carries,ball-carries,,,,Paris Saint-Germain,60.0,,54.7,2.5,44,9,,,,unresolvable,,,,False,False,,rating-breakdown,True,54.7,2.5,44,9,ball-carry,False,,"{""playerCoordinates"": {""x"": 54.7, ""y"": 2.5}, ""passEndCoordinates"": {""x"": 44, ""y"": 9}, ""eventActionType"": ""ball-carry"", ""isHome"": false}",,
1154605,Désiré Doué,14064499,rating-breakdown,ball-carries,ball-carries,,,,Paris Saint-Germain,60.0,,63.8,33.4,80,35.2,,,,unresolvable,,,,False,False,,rating-breakdown,True,63.8,33.4,80,35.2,ball-carry,False,,"{""playerCoordinates"": {""x"": 63.8, ""y"": 33.4}, ""passEndCoordinates"": {""x"": 80, ""y"": 35.2}, ""eventActionType"": ""ball-carry"", ""isHome"": false}",,
1154605,Désiré Doué,14064499,rating-breakdown,ball-carries,ball-carries,,,,Paris Saint-Germain,60.0,,26.5,28.9,29.7,23.4,,,,unresolvable,,,,False,False,,rating-breakdown,True,26.5,28.9,29.7,23.4,ball-carry,False,,"{""playerCoordinates"": {""x"": 26.5, ""y"": 28.9}, ""passEndCoordinates"": {""x"": 29.7, ""y"": 23.4}, ""eventActionType"": ""ball-carry"", ""isHome"": false}",,
1154605,Désiré Doué,14064499,rating-breakdown,ball-carries,ball-carries,,,,Paris Saint-Germain,60.0,,29.1,2.7,32.8,4,,,,unresolvable,,,,False,False,,rating-breakdown,True,29.1,2.7,32.8,4,ball-carry,False,,"{""playerCoordinates"": {""x"": 29.1, ""y"": 2.7}, ""passEndCoordinates"": {""x"": 32.8, ""y"": 4}, ""eventActionType"": ""ball-carry"", ""isHome"": false}",,
1154605,Désiré Doué,14064499,rating-breakdown,ball-carries,ball-carries,,,,Paris Saint-Germain,60.0,,54.7,13.8,73,17.5,,,,unresolvable,,,,False,False,,rating-breakdown,True,54.7,13.8,73,17.5,ball-carry,False,,"{""playerCoordinates"": {""x"": 54.7, ""y"": 13.8}, ""passEndCoordinates"": {""x"": 73, ""y"": 17.5}, ""eventActionType"": ""ball-carry"", ""isHome"": false}",,
1154605,Désiré Doué,14064499,rating-breakdown,ball-carries,ball-carries,,,,Paris Saint-Germain,60.0,,93.6,20.5,93.8,15.3,,,,unresolvable,,,,False,False,,rating-breakdown,True,93.6,20.5,93.8,15.3,ball-carry,False,,"{""playerCoordinates"": {""x"": 93.6, ""y"": 20.5}, ""passEndCoordinates"": {""x"": 93.8, ""y"": 15.3}, ""eventActionType"": ""ball-carry"", ""isHome"": false}",,
1154605,Désiré Doué,14064499,rating-breakdown,ball-carries,ball-carries,,,,Paris Saint-Germain,60.0,,67.4,3.9,72.9,16,,,,unresolvable,,,,False,False,,rating-breakdown,True,67.4,3.9,72.9,16,ball-carry,False,,"{""playerCoordinates"": {""x"": 67.4, ""y"": 3.9}, ""passEndCoordinates"": {""x"": 72.9, ""y"": 16}, ""eventActionType"": ""ball-carry"", ""isHome"": false}",,
1154605,Désiré Doué,14064499,rating-breakdown,ball-carries,ball-carries,,,,Paris Saint-Germain,60.0,,71.7,25.2,71.4,20.2,,,,unresolvable,,,,False,False,,rating-breakdown,True,71.7,25.2,71.4,20.2,ball-carry,False,,"{""playerCoordinates"": {""x"": 71.7, ""y"": 25.2}, ""passEndCoordinates"": {""x"": 71.4, ""y"": 20.2}, ""eventActionType"": ""ball-carry"", ""isHome"": false}",,
1154605,Désiré Doué,14064499,rating-breakdown,ball-carries,ball-carries,,,,Paris Saint-Germain,60.0,,55.9,5.4,42.5,9.6,,,,unresolvable,,,,False,False,,rating-breakdown,True,55.9,5.4,42.5,9.6,ball-carry,False,,"{""playerCoordinates"": {""x"": 55.9, ""y"": 5.4}, ""passEndCoordinates"": {""x"": 42.5, ""y"": 9.6}, ""eventActionType"": ""ball-carry"", ""isHome"": false}",,
1154605,Désiré Doué,14064499,rating-breakdown,ball-carries,ball-carries,,,,Paris Saint-Germain,60.0,,62.3,7.2,87.4,34.3,,,,unresolvable,,,,False,False,,rating-breakdown,True,62.3,7.2,87.4,34.3,ball-carry,False,,"{""playerCoordinates"": {""x"": 62.3, ""y"": 7.2}, ""passEndCoordinates"": {""x"": 87.4, ""y"": 34.3}, ""eventActionType"": ""ball-carry"", ""isHome"": false}",,
1154605,Désiré Doué,14064499,rating-breakdown,ball-carries,ball-carries,,,,Paris Saint-Germain,60.0,,70.6,25,69.2,30.1,,,,unresolvable,,,,False,False,,rating-breakdown,True,70.6,25,69.2,30.1,ball-carry,False,,"{""playerCoordinates"": {""x"": 70.6, ""y"": 25}, ""passEndCoordinates"": {""x"": 69.2, ""y"": 30.1}, ""eventActionType"": ""ball-carry"", ""isHome"": false}",,
1154605,Désiré Doué,14064499,rating-breakdown,ball-carries,ball-carries,,,,Paris Saint-Germain,60.0,,66.6,87.4,73.8,89.4,,,,unresolvable,,,,False,False,,rating-breakdown,True,66.6,87.4,73.8,89.4,ball-carry,False,,"{""playerCoordinates"": {""x"": 66.6, ""y"": 87.4}, ""passEndCoordinates"": {""x"": 73.8, ""y"": 89.4}, ""eventActionType"": ""ball-carry"", ""isHome"": false}",,
1154605,Désiré Doué,14064499,rating-breakdown,ball-carries,ball-carries,,,,Paris Saint-Germain,60.0,,74.9,7.6,88,12,,,,unresolvable,,,,False,False,,rating-breakdown,True,74.9,7.6,88,12,ball-carry,False,,"{""playerCoordinates"": {""x"": 74.9, ""y"": 7.6}, ""passEndCoordinates"": {""x"": 88, ""y"": 12}, ""eventActionType"": ""ball-carry"", ""isHome"": false}",,
1154605,Désiré Doué,14064499,rating-breakdown,ball-carries,ball-carries,,,,Paris Saint-Germain,60.0,,82.2,63.4,85.2,63.6,,,,unresolvable,,,,False,False,,rating-breakdown,True,82.2,63.4,85.2,63.6,ball-carry,False,,"{""playerCoordinates"": {""x"": 82.2, ""y"": 63.4}, ""passEndCoordinates"": {""x"": 85.2, ""y"": 63.6}, ""eventActionType"": ""ball-carry"", ""isHome"": false}",,
1154605,Désiré Doué,14064499,rating-breakdown,ball-carries,ball-carries,,,,Paris Saint-Germain,60.0,,79.4,93.3,94,83.1,,,,unresolvable,,,,False,False,,rating-breakdown,True,79.4,93.3,94,83.1,ball-carry,False,,"{""playerCoordinates"": {""x"": 79.4, ""y"": 93.3}, ""passEndCoordinates"": {""x"": 94, ""y"": 83.1}, ""eventActionType"": ""ball-carry"", ""isHome"": false}",,
1154605,Désiré Doué,14064499,rating-breakdown,ball-carries,ball-carries,,,,Paris Saint-Germain,60.0,,72,3.1,69.6,10,,,,unresolvable,,,,False,False,,rating-breakdown,True,72,3.1,69.6,10,ball-carry,False,,"{""playerCoordinates"": {""x"": 72, ""y"": 3.1}, ""passEndCoordinates"": {""x"": 69.6, ""y"": 10}, ""eventActionType"": ""ball-carry"", ""isHome"": false}",,
1154605,Désiré Doué,14064499,rating-breakdown,ball-carries,ball-carries,,,,Paris Saint-Germain,60.0,,82.4,26.7,79.7,34.8,,,,unresolvable,,,,False,False,,rating-breakdown,True,82.4,26.7,79.7,34.8,ball-carry,False,,"{""playerCoordinates"": {""x"": 82.4, ""y"": 26.7}, ""passEndCoordinates"": {""x"": 79.7, ""y"": 34.8}, ""eventActionType"": ""ball-carry"", ""isHome"": false}",,
1154605,Désiré Doué,14064499,rating-breakdown,ball-carries,ball-carries,,,,Paris Saint-Germain,60.0,,77.8,6.3,70.8,6.9,,,,unresolvable,,,,False,False,,rating-breakdown,True,77.8,6.3,70.8,6.9,ball-carry,False,,"{""playerCoordinates"": {""x"": 77.8, ""y"": 6.3}, ""passEndCoordinates"": {""x"": 70.8, ""y"": 6.9}, ""eventActionType"": ""ball-carry"", ""isHome"": false}",,
1154605,Désiré Doué,14064499,rating-breakdown,ball-carries,ball-carries,,,,Paris Saint-Germain,60.0,,64.4,32.1,68.3,56.8,,,,unresolvable,,,,False,False,,rating-breakdown,True,64.4,32.1,68.3,56.8,ball-carry,False,,"{""playerCoordinates"": {""x"": 64.4, ""y"": 32.1}, ""passEndCoordinates"": {""x"": 68.3, ""y"": 56.8}, ""eventActionType"": ""ball-carry"", ""isHome"": false}",,
1154605,Désiré Doué,14064499,rating-breakdown,ball-carries,ball-carries,,,,Paris Saint-Germain,60.0,,81.1,27.3,76.2,26.1,,,,unresolvable,,,,False,False,,rating-breakdown,True,81.1,27.3,76.2,26.1,ball-carry,False,,"{""playerCoordinates"": {""x"": 81.1, ""y"": 27.3}, ""passEndCoordinates"": {""x"": 76.2, ""y"": 26.1}, ""eventActionType"": ""ball-carry"", ""isHome"": false}",,
1154605,Désiré Doué,14064499,rating-breakdown,ball-carries,ball-carries,,,,Paris Saint-Germain,60.0,,91,35.8,90.1,40.9,,,,unresolvable,,,,False,False,,rating-breakdown,True,91,35.8,90.1,40.9,ball-carry,False,,"{""playerCoordinates"": {""x"": 91, ""y"": 35.8}, ""passEndCoordinates"": {""x"": 90.1, ""y"": 40.9}, ""eventActionType"": ""ball-carry"", ""isHome"": false}",,
1154605,Désiré Doué,14064499,rating-breakdown,dribbles,dribbles,,,,Paris Saint-Germain,60.0,,41.8,17.4,,,True,True,1,boolean_field,success,,True,False,False,,rating-breakdown,True,41.8,17.4,,,dribble,False,False,"{""playerCoordinates"": {""x"": 41.8, ""y"": 17.4}, ""eventActionType"": ""dribble"", ""isHome"": false, ""outcome"": true, ""keypass"": false}",,
1154605,Désiré Doué,14064499,rating-breakdown,dribbles,dribbles,,,,Paris Saint-Germain,60.0,,66.6,5.8,,,True,True,1,boolean_field,success,,True,False,False,,rating-breakdown,True,66.6,5.8,,,dribble,False,False,"{""playerCoordinates"": {""x"": 66.6, ""y"": 5.8}, ""eventActionType"": ""dribble"", ""isHome"": false, ""outcome"": true, ""keypass"": false}",,
1154605,Désiré Doué,14064499,rating-breakdown,dribbles,dribbles,,,,Paris Saint-Germain,60.0,,86.9,26.4,,,,,,unresolvable,,,,False,False,,rating-breakdown,True,86.9,26.4,,,dribble,False,False,"{""playerCoordinates"": {""x"": 86.9, ""y"": 26.4}, ""eventActionType"": ""dribble"", ""isHome"": false, ""keypass"": false}",,
1154605,Désiré Doué,14064499,rating-breakdown,defensive,defensive,,,,Paris Saint-Germain,60.0,,42.5,13.6,,,True,True,1,boolean_field,success,,True,False,False,,rating-breakdown,True,42.5,13.6,,,ball-recovery,False,False,"{""playerCoordinates"": {""x"": 42.5, ""y"": 13.6}, ""eventActionType"": ""ball-recovery"", ""isHome"": false, ""outcome"": true, ""keypass"": false}",,
1154605,Désiré Doué,14064499,rating-breakdown,defensive,defensive,,,,Paris Saint-Germain,60.0,,29.8,23.1,,,,,,unresolvable,,,,False,False,,rating-breakdown,True,29.8,23.1,,,tackle,False,False,"{""playerCoordinates"": {""x"": 29.8, ""y"": 23.1}, ""eventActionType"": ""tackle"", ""isHome"": false, ""keypass"": false}",,
1154605,Désiré Doué,14064499,rating-breakdown,defensive,defensive,,,,Paris Saint-Germain,60.0,,64,4.8,,,True,True,1,boolean_field,success,,True,False,False,,rating-breakdown,True,64,4.8,,,ball-recovery,False,False,"{""playerCoordinates"": {""x"": 64, ""y"": 4.8}, ""eventActionType"": ""ball-recovery"", ""isHome"": false, ""outcome"": true, ""keypass"": false}",,
1154605,Désiré Doué,14064499,rating-breakdown,defensive,defensive,,,,Paris Saint-Germain,60.0,,66.6,87.4,,,True,True,1,boolean_field,success,,True,False,False,,rating-breakdown,True,66.6,87.4,,,ball-recovery,False,False,"{""playerCoordinates"": {""x"": 66.6, ""y"": 87.4}, ""eventActionType"": ""ball-recovery"", ""isHome"": false, ""outcome"": true, ""keypass"": false}",,
1154605,Désiré Doué,14064499,rating-breakdown,defensive,defensive,,,,Paris Saint-Germain,60.0,,26.8,27.3,,,True,True,1,boolean_field,success,,True,False,False,,rating-breakdown,True,26.8,27.3,,,ball-recovery,False,False,"{""playerCoordinates"": {""x"": 26.8, ""y"": 27.3}, ""eventActionType"": ""ball-recovery"", ""isHome"": false, ""outcome"": true, ""keypass"": false}",,
1154605,Désiré Doué,14167865,rating-breakdown,passes,passes,,,,Paris Saint-Germain,45.0,,33.8,24.7,26.9,5.2,True,True,1,boolean_field,success,True,,False,False,pass,rating-breakdown,True,33.8,24.7,26.9,5.2,pass,True,False,"{""playerCoordinates"": {""x"": 33.8, ""y"": 24.7}, ""passEndCoordinates"": {""x"": 26.9, ""y"": 5.2}, ""eventActionType"": ""pass"", ""isHome"": true, ""outcome"": true, ""keypass"": false}",,
1154605,Désiré Doué,14167865,rating-breakdown,passes,passes,,,,Paris Saint-Germain,45.0,,27.6,22.8,21.2,7.6,True,True,1,boolean_field,success,True,,False,False,pass,rating-breakdown,True,27.6,22.8,21.2,7.6,pass,True,False,"{""playerCoordinates"": {""x"": 27.6, ""y"": 22.8}, ""passEndCoordinates"": {""x"": 21.2, ""y"": 7.6}, ""eventActionType"": ""pass"", ""isHome"": true, ""outcome"": true, ""keypass"": false}",,
1154605,Désiré Doué,14167865,rating-breakdown,passes,passes,,,,Paris Saint-Germain,45.0,,46,31.9,60.8,22.5,True,True,1,boolean_field,success,True,,False,False,pass,rating-breakdown,True,46,31.9,60.8,22.5,pass,True,False,"{""playerCoordinates"": {""x"": 46, ""y"": 31.9}, ""passEndCoordinates"": {""x"": 60.8, ""y"": 22.5}, ""eventActionType"": ""pass"", ""isHome"": true, ""outcome"": true, ""keypass"": false}",,
1154605,Désiré Doué,14167865,rating-breakdown,passes,passes,,,,Paris Saint-Germain,45.0,,41.3,61.1,61.9,93.6,True,True,1,boolean_field,success,True,,False,True,key_pass,rating-breakdown,True,41.3,61.1,61.9,93.6,pass,True,True,"{""playerCoordinates"": {""x"": 41.3, ""y"": 61.1}, ""passEndCoordinates"": {""x"": 61.9, ""y"": 93.6}, ""eventActionType"": ""pass"", ""isHome"": true, ""outcome"": true, ""keypass"": true}",,
1154605,Désiré Doué,14167865,rating-breakdown,passes,passes,,,,Paris Saint-Germain,45.0,,89.2,18.3,78.6,38.9,True,True,1,boolean_field,success,True,,False,False,pass,rating-breakdown,True,89.2,18.3,78.6,38.9,pass,True,False,"{""playerCoordinates"": {""x"": 89.2, ""y"": 18.3}, ""passEndCoordinates"": {""x"": 78.6, ""y"": 38.9}, ""eventActionType"": ""pass"", ""isHome"": true, ""outcome"": true, ""keypass"": false}",,
1154605,Désiré Doué,14167865,rating-breakdown,passes,passes,,,,Paris Saint-Germain,45.0,,63.5,19.1,64.4,3.9,True,True,1,boolean_field,success,True,,False,False,pass,rating-breakdown,True,63.5,19.1,64.4,3.9,pass,True,False,"{""playerCoordinates"": {""x"": 63.5, ""y"": 19.1}, ""passEndCoordinates"": {""x"": 64.4, ""y"": 3.9}, ""eventActionType"": ""pass"", ""isHome"": true, ""outcome"": true, ""keypass"": false}",,
1154605,Désiré Doué,14167865,rating-breakdown,passes,passes,,,,Paris Saint-Germain,45.0,,44.6,16.6,39.5,7.6,True,True,1,boolean_field,success,True,,False,False,pass,rating-breakdown,True,44.6,16.6,39.5,7.6,pass,True,False,"{""playerCoordinates"": {""x"": 44.6, ""y"": 16.6}, ""passEndCoordinates"": {""x"": 39.5, ""y"": 7.6}, ""eventActionType"": ""pass"", ""isHome"": true, ""outcome"": true, ""keypass"": false}",,
1154605,Désiré Doué,14167865,rating-breakdown,passes,passes,,,,Paris Saint-Germain,45.0,,41.4,25.8,80.9,17.6,True,True,1,boolean_field,success,True,,False,False,pass,rating-breakdown,True,41.4,25.8,80.9,17.6,pass,True,False,"{""playerCoordinates"": {""x"": 41.4, ""y"": 25.8}, ""passEndCoordinates"": {""x"": 80.9, ""y"": 17.6}, ""eventActionType"": ""pass"", ""isHome"": true, ""outcome"": true, ""keypass"": false, ""isLongBall"": true}",True,
1154605,Désiré Doué,14167865,rating-breakdown,passes,passes,,,,Paris Saint-Germain,45.0,,31.5,11.1,9.2,8.6,True,True,1,boolean_field,success,True,,False,False,pass,rating-breakdown,True,31.5,11.1,9.2,8.6,pass,True,False,"{""playerCoordinates"": {""x"": 31.5, ""y"": 11.1}, ""passEndCoordinates"": {""x"": 9.2, ""y"": 8.6}, ""eventActionType"": ""pass"", ""isHome"": true, ""outcome"": true, ""keypass"": false}",,
1154605,Désiré Doué,14167865,rating-breakdown,passes,passes,,,,Paris Saint-Germain,45.0,,28.3,4.5,26.9,23.3,True,True,1,boolean_field,success,True,,False,False,pass,rating-breakdown,True,28.3,4.5,26.9,23.3,pass,True,False,"{""playerCoordinates"": {""x"": 28.3, ""y"": 4.5}, ""passEndCoordinates"": {""x"": 26.9, ""y"": 23.3}, ""eventActionType"": ""pass"", ""isHome"": true, ""outcome"": true, ""keypass"": false}",,
1154605,Désiré Doué,14167865,rating-breakdown,passes,passes,,,,Paris Saint-Germain,45.0,,19.1,4.2,6.2,17.3,True,True,1,boolean_field,success,True,,False,False,pass,rating-breakdown,True,19.1,4.2,6.2,17.3,pass,True,False,"{""playerCoordinates"": {""x"": 19.1, ""y"": 4.2}, ""passEndCoordinates"": {""x"": 6.2, ""y"": 17.3}, ""eventActionType"": ""pass"", ""isHome"": true, ""outcome"": true, ""keypass"": false}",,
1154605,Désiré Doué,14167865,rating-breakdown,passes,passes,,,,Paris Saint-Germain,45.0,,14.7,3.2,12.6,8.1,,,,unresolvable,,,,False,False,pass,rating-breakdown,True,14.7,3.2,12.6,8.1,pass,True,False,"{""playerCoordinates"": {""x"": 14.7, ""y"": 3.2}, ""passEndCoordinates"": {""x"": 12.6, ""y"": 8.1}, ""eventActionType"": ""pass"", ""isHome"": true, ""keypass"": false}",,
1154605,Désiré Doué,14167865,rating-breakdown,passes,passes,,,,Paris Saint-Germain,45.0,,90.2,23,85,36.4,True,True,1,boolean_field,success,True,,False,False,pass,rating-breakdown,True,90.2,23,85,36.4,pass,True,False,"{""playerCoordinates"": {""x"": 90.2, ""y"": 23}, ""passEndCoordinates"": {""x"": 85, ""y"": 36.4}, ""eventActionType"": ""pass"", ""isHome"": true, ""outcome"": true, ""keypass"": false}",,
1154605,Désiré Doué,14167865,rating-breakdown,passes,passes,,,,Paris Saint-Germain,45.0,,64.2,5.9,67.7,20.1,True,True,1,boolean_field,success,True,,False,False,pass,rating-breakdown,True,64.2,5.9,67.7,20.1,pass,True,False,"{""playerCoordinates"": {""x"": 64.2, ""y"": 5.9}, ""passEndCoordinates"": {""x"": 67.7, ""y"": 20.1}, ""eventActionType"": ""pass"", ""isHome"": true, ""outcome"": true, ""keypass"": false}",,
1154605,Désiré Doué,14167865,rating-breakdown,passes,passes,,,,Paris Saint-Germain,45.0,,64.9,14.8,59.2,26.7,True,True,1,boolean_field,success,True,,False,False,pass,rating-breakdown,True,64.9,14.8,59.2,26.7,pass,True,False,"{""playerCoordinates"": {""x"": 64.9, ""y"": 14.8}, ""passEndCoordinates"": {""x"": 59.2, ""y"": 26.7}, ""eventActionType"": ""pass"", ""isHome"": true, ""outcome"": true, ""keypass"": false}",,
1154605,Désiré Doué,14167865,rating-breakdown,passes,passes,,,,Paris Saint-Germain,45.0,,70.9,75.2,76.5,86.4,True,True,1,boolean_field,success,True,,False,False,pass,rating-breakdown,True,70.9,75.2,76.5,86.4,pass,True,False,"{""playerCoordinates"": {""x"": 70.9, ""y"": 75.2}, ""passEndCoordinates"": {""x"": 76.5, ""y"": 86.4}, ""eventActionType"": ""pass"", ""isHome"": true, ""outcome"": true, ""keypass"": false}",,
1154605,Désiré Doué,14167865,rating-breakdown,passes,passes,,,,Paris Saint-Germain,45.0,,73.7,76.8,62.7,81,True,True,1,boolean_field,success,True,,False,False,pass,rating-breakdown,True,73.7,76.8,62.7,81,pass,True,False,"{""playerCoordinates"": {""x"": 73.7, ""y"": 76.8}, ""passEndCoordinates"": {""x"": 62.7, ""y"": 81}, ""eventActionType"": ""pass"", ""isHome"": true, ""outcome"": true, ""keypass"": false}",,
1154605,Désiré Doué,14167865,rating-breakdown,passes,passes,,,,Paris Saint-Germain,45.0,,38.8,92.4,31.1,81.4,True,True,1,boolean_field,success,True,,False,False,pass,rating-breakdown,True,38.8,92.4,31.1,81.4,pass,True,False,"{""playerCoordinates"": {""x"": 38.8, ""y"": 92.4}, ""passEndCoordinates"": {""x"": 31.1, ""y"": 81.4}, ""eventActionType"": ""pass"", ""isHome"": true, ""outcome"": true, ""keypass"": false}",,
1154605,Désiré Doué,14167865,rating-breakdown,passes,passes,,,,Paris Saint-Germain,45.0,,54.7,4.4,44.8,21.5,True,True,1,boolean_field,success,True,,False,False,pass,rating-breakdown,True,54.7,4.4,44.8,21.5,pass,True,False,"{""playerCoordinates"": {""x"": 54.7, ""y"": 4.4}, ""passEndCoordinates"": {""x"": 44.8, ""y"": 21.5}, ""eventActionType"": ""pass"", ""isHome"": true, ""outcome"": true, ""keypass"": false}",,
1154605,Désiré Doué,14167865,rating-breakdown,passes,passes,,,,Paris Saint-Germain,45.0,,77.6,30.9,71.1,34.4,,,,unresolvable,,,,False,False,pass,rating-breakdown,True,77.6,30.9,71.1,34.4,pass,True,False,"{""playerCoordinates"": {""x"": 77.6, ""y"": 30.9}, ""passEndCoordinates"": {""x"": 71.1, ""y"": 34.4}, ""eventActionType"": ""pass"", ""isHome"": true, ""keypass"": false}",,
1154605,Désiré Doué,14167865,rating-breakdown,passes,passes,,,,Paris Saint-Germain,45.0,,23.3,10.6,27.1,26.3,True,True,1,boolean_field,success,True,,False,False,pass,rating-breakdown,True,23.3,10.6,27.1,26.3,pass,True,False,"{""playerCoordinates"": {""x"": 23.3, ""y"": 10.6}, ""passEndCoordinates"": {""x"": 27.1, ""y"": 26.3}, ""eventActionType"": ""pass"", ""isHome"": true, ""outcome"": true, ""keypass"": false}",,
1154605,Désiré Doué,14167865,rating-breakdown,passes,passes,,,,Paris Saint-Germain,45.0,,55,92.3,62.2,68.3,True,True,1,boolean_field,success,True,,False,False,pass,rating-breakdown,True,55,92.3,62.2,68.3,pass,True,False,"{""playerCoordinates"": {""x"": 55, ""y"": 92.3}, ""passEndCoordinates"": {""x"": 62.2, ""y"": 68.3}, ""eventActionType"": ""pass"", ""isHome"": true, ""outcome"": true, ""keypass"": false}",,
1154605,Désiré Doué,14167865,rating-breakdown,passes,passes,,,,Paris Saint-Germain,45.0,,61.4,81.7,80.2,70,,,,unresolvable,,,,False,False,pass,rating-breakdown,True,61.4,81.7,80.2,70,pass,True,False,"{""playerCoordinates"": {""x"": 61.4, ""y"": 81.7}, ""passEndCoordinates"": {""x"": 80.2, ""y"": 70}, ""eventActionType"": ""pass"", ""isHome"": true, ""keypass"": false}",,
1154605,Désiré Doué,14167865,rating-breakdown,passes,passes,,,,Paris Saint-Germain,45.0,,79.1,46.1,72.1,55.7,True,True,1,boolean_field,success,True,,False,False,pass,rating-breakdown,True,79.1,46.1,72.1,55.7,pass,True,False,"{""playerCoordinates"": {""x"": 79.1, ""y"": 46.1}, ""passEndCoordinates"": {""x"": 72.1, ""y"": 55.7}, ""eventActionType"": ""pass"", ""isHome"": true, ""outcome"": true, ""keypass"": false}",,
1154605,Désiré Doué,14167865,rating-breakdown,passes,passes,,,,Paris Saint-Germain,45.0,,63.2,8.2,60.7,25.2,True,True,1,boolean_field,success,True,,False,False,pass,rating-breakdown,True,63.2,8.2,60.7,25.2,pass,True,False,"{""playerCoordinates"": {""x"": 63.2, ""y"": 8.2}, ""passEndCoordinates"": {""x"": 60.7, ""y"": 25.2}, ""eventActionType"": ""pass"", ""isHome"": true, ""outcome"": true, ""keypass"": false}",,
1154605,Désiré Doué,14167865,rating-breakdown,passes,passes,,,,Paris Saint-Germain,45.0,,57.5,37.4,36,22.2,True,True,1,boolean_field,success,True,,False,False,pass,rating-breakdown,True,57.5,37.4,36,22.2,pass,True,False,"{""playerCoordinates"": {""x"": 57.5, ""y"": 37.4}, ""passEndCoordinates"": {""x"": 36, ""y"": 22.2}, ""eventActionType"": ""pass"", ""isHome"": true, ""outcome"": true, ""keypass"": false}",,
1154605,Désiré Doué,14167865,rating-breakdown,passes,passes,,,,Paris Saint-Germain,45.0,,52.9,7.1,51.5,18.8,True,True,1,boolean_field,success,True,,False,False,pass,rating-breakdown,True,52.9,7.1,51.5,18.8,pass,True,False,"{""playerCoordinates"": {""x"": 52.9, ""y"": 7.1}, ""passEndCoordinates"": {""x"": 51.5, ""y"": 18.8}, ""eventActionType"": ""pass"", ""isHome"": true, ""outcome"": true, ""keypass"": false}",,
1154605,Désiré Doué,14167865,rating-breakdown,passes,passes,,,,Paris Saint-Germain,45.0,,62.1,23.7,44.3,46.6,True,True,1,boolean_field,success,True,,False,False,pass,rating-breakdown,True,62.1,23.7,44.3,46.6,pass,True,False,"{""playerCoordinates"": {""x"": 62.1, ""y"": 23.7}, ""passEndCoordinates"": {""x"": 44.3, ""y"": 46.6}, ""eventActionType"": ""pass"", ""isHome"": true, ""outcome"": true, ""keypass"": false}",,
1154605,Désiré Doué,14167865,rating-breakdown,passes,passes,,,,Paris Saint-Germain,45.0,,65.1,32.6,72.2,5.4,True,True,1,boolean_field,success,True,,False,False,pass,rating-breakdown,True,65.1,32.6,72.2,5.4,pass,True,False,"{""playerCoordinates"": {""x"": 65.1, ""y"": 32.6}, ""passEndCoordinates"": {""x"": 72.2, ""y"": 5.4}, ""eventActionType"": ""pass"", ""isHome"": true, ""outcome"": true, ""keypass"": false}",,
1154605,Désiré Doué,14167865,rating-breakdown,passes,passes,,,,Paris Saint-Germain,45.0,,65.3,20,70.1,35.4,True,True,1,boolean_field,success,True,,False,False,pass,rating-breakdown,True,65.3,20,70.1,35.4,pass,True,False,"{""playerCoordinates"": {""x"": 65.3, ""y"": 20}, ""passEndCoordinates"": {""x"": 70.1, ""y"": 35.4}, ""eventActionType"": ""pass"", ""isHome"": true, ""outcome"": true, ""keypass"": false}",,
1154605,Désiré Doué,14167865,rating-breakdown,passes,passes,,,,Paris Saint-Germain,45.0,,64.3,30,63,68.5,True,True,1,boolean_field,success,True,,False,False,pass,rating-breakdown,True,64.3,30,63,68.5,pass,True,False,"{""playerCoordinates"": {""x"": 64.3, ""y"": 30}, ""passEndCoordinates"": {""x"": 63, ""y"": 68.5}, ""eventActionType"": ""pass"", ""isHome"": true, ""outcome"": true, ""keypass"": false}",,
1154605,Désiré Doué,14167865,rating-breakdown,passes,passes,,,,Paris Saint-Germain,45.0,,69.5,65.1,67.7,47,True,True,1,boolean_field,success,True,,False,False,pass,rating-breakdown,True,69.5,65.1,67.7,47,pass,True,False,"{""playerCoordinates"": {""x"": 69.5, ""y"": 65.1}, ""passEndCoordinates"": {""x"": 67.7, ""y"": 47}, ""eventActionType"": ""pass"", ""isHome"": true, ""outcome"": true, ""keypass"": false}",,
1154605,Désiré Doué,14167865,rating-breakdown,passes,passes,,,,Paris Saint-Germain,45.0,,84.5,10.4,73.3,17.6,True,True,1,boolean_field,success,True,,False,False,pass,rating-breakdown,True,84.5,10.4,73.3,17.6,pass,True,False,"{""playerCoordinates"": {""x"": 84.5, ""y"": 10.4}, ""passEndCoordinates"": {""x"": 73.3, ""y"": 17.6}, ""eventActionType"": ""pass"", ""isHome"": true, ""outcome"": true, ""keypass"": false}",,
1154605,Désiré Doué,14167865,rating-breakdown,ball-carries,ball-carries,,,,Paris Saint-Germain,45.0,,69.4,29.9,85.5,40.3,,,,unresolvable,,,,False,False,,rating-breakdown,True,69.4,29.9,85.5,40.3,ball-carry,True,,"{""playerCoordinates"": {""x"": 69.4, ""y"": 29.9}, ""passEndCoordinates"": {""x"": 85.5, ""y"": 40.3}, ""eventActionType"": ""ball-carry"", ""isHome"": true}",,
1154605,Désiré Doué,14167865,rating-breakdown,ball-carries,ball-carries,,,,Paris Saint-Germain,45.0,,36.1,59.9,41.3,61.1,,,,unresolvable,,,,False,False,,rating-breakdown,True,36.1,59.9,41.3,61.1,ball-carry,True,,"{""playerCoordinates"": {""x"": 36.1, ""y"": 59.9}, ""passEndCoordinates"": {""x"": 41.3, ""y"": 61.1}, ""eventActionType"": ""ball-carry"", ""isHome"": true}",,
1154605,Désiré Doué,14167865,rating-breakdown,ball-carries,ball-carries,,,,Paris Saint-Germain,45.0,,88.8,12.1,89.2,18.3,,,,unresolvable,,,,False,False,,rating-breakdown,True,88.8,12.1,89.2,18.3,ball-carry,True,,"{""playerCoordinates"": {""x"": 88.8, ""y"": 12.1}, ""passEndCoordinates"": {""x"": 89.2, ""y"": 18.3}, ""eventActionType"": ""ball-carry"", ""isHome"": true}",,
1154605,Désiré Doué,14167865,rating-breakdown,ball-carries,ball-carries,,,,Paris Saint-Germain,45.0,,42.6,8.9,63.5,19.1,,,,unresolvable,,,,False,False,,rating-breakdown,True,42.6,8.9,63.5,19.1,ball-carry,True,,"{""playerCoordinates"": {""x"": 42.6, ""y"": 8.9}, ""passEndCoordinates"": {""x"": 63.5, ""y"": 19.1}, ""eventActionType"": ""ball-carry"", ""isHome"": true}",,
1154605,Désiré Doué,14167865,rating-breakdown,ball-carries,ball-carries,,,,Paris Saint-Germain,45.0,,37.4,4.4,31.5,11.1,,,,unresolvable,,,,False,False,,rating-breakdown,True,37.4,4.4,31.5,11.1,ball-carry,True,,"{""playerCoordinates"": {""x"": 37.4, ""y"": 4.4}, ""passEndCoordinates"": {""x"": 31.5, ""y"": 11.1}, ""eventActionType"": ""ball-carry"", ""isHome"": true}",,
1154605,Désiré Doué,14167865,rating-breakdown,ball-carries,ball-carries,,,,Paris Saint-Germain,45.0,,42.5,84.1,38.8,92.4,,,,unresolvable,,,,False,False,,rating-breakdown,True,42.5,84.1,38.8,92.4,ball-carry,True,,"{""playerCoordinates"": {""x"": 42.5, ""y"": 84.1}, ""passEndCoordinates"": {""x"": 38.8, ""y"": 92.4}, ""eventActionType"": ""ball-carry"", ""isHome"": true}",,
1154605,Désiré Doué,14167865,rating-breakdown,ball-carries,ball-carries,,,,Paris Saint-Germain,45.0,,27.5,5,23.3,10.6,,,,unresolvable,,,,False,False,,rating-breakdown,True,27.5,5,23.3,10.6,ball-carry,True,,"{""playerCoordinates"": {""x"": 27.5, ""y"": 5}, ""passEndCoordinates"": {""x"": 23.3, ""y"": 10.6}, ""eventActionType"": ""ball-carry"", ""isHome"": true}",,
1154605,Désiré Doué,14167865,rating-breakdown,ball-carries,ball-carries,,,,Paris Saint-Germain,45.0,,67.7,75,73.7,78.7,,,,unresolvable,,,,False,False,,rating-breakdown,True,67.7,75,73.7,78.7,ball-carry,True,,"{""playerCoordinates"": {""x"": 67.7, ""y"": 75}, ""passEndCoordinates"": {""x"": 73.7, ""y"": 78.7}, ""eventActionType"": ""ball-carry"", ""isHome"": true}",,
1154605,Désiré Doué,14167865,rating-breakdown,ball-carries,ball-carries,,,,Paris Saint-Germain,45.0,,37.7,4.5,52.9,7.1,,,,unresolvable,,,,False,False,,rating-breakdown,True,37.7,4.5,52.9,7.1,ball-carry,True,,"{""playerCoordinates"": {""x"": 37.7, ""y"": 4.5}, ""passEndCoordinates"": {""x"": 52.9, ""y"": 7.1}, ""eventActionType"": ""ball-carry"", ""isHome"": true}",,
1154605,Désiré Doué,14167865,rating-breakdown,ball-carries,ball-carries,,,,Paris Saint-Germain,45.0,,55.6,41.4,54.6,46.8,,,,unresolvable,,,,False,False,,rating-breakdown,True,55.6,41.4,54.6,46.8,ball-carry,True,,"{""playerCoordinates"": {""x"": 55.6, ""y"": 41.4}, ""passEndCoordinates"": {""x"": 54.6, ""y"": 46.8}, ""eventActionType"": ""ball-carry"", ""isHome"": true}",,
1154605,Désiré Doué,14167865,rating-breakdown,ball-carries,ball-carries,,,,Paris Saint-Germain,45.0,,75.9,5,84.5,10.4,,,,unresolvable,,,,False,False,,rating-breakdown,True,75.9,5,84.5,10.4,ball-carry,True,,"{""playerCoordinates"": {""x"": 75.9, ""y"": 5}, ""passEndCoordinates"": {""x"": 84.5, ""y"": 10.4}, ""eventActionType"": ""ball-carry"", ""isHome"": true}",,
1154605,Désiré Doué,14167865,rating-breakdown,dribbles,dribbles,,,,Paris Saint-Germain,45.0,,72.8,78,,,True,True,1,boolean_field,success,,True,False,False,,rating-breakdown,True,72.8,78,,,dribble,True,False,"{""playerCoordinates"": {""x"": 72.8, ""y"": 78}, ""eventActionType"": ""dribble"", ""isHome"": true, ""outcome"": true, ""keypass"": false}",,
1154605,Désiré Doué,14167865,rating-breakdown,dribbles,dribbles,,,,Paris Saint-Germain,45.0,,76.7,74.4,,,,,,unresolvable,,,,False,False,,rating-breakdown,True,76.7,74.4,,,dribble,True,False,"{""playerCoordinates"": {""x"": 76.7, ""y"": 74.4}, ""eventActionType"": ""dribble"", ""isHome"": true, ""keypass"": false}",,
1154605,Désiré Doué,14167865,rating-breakdown,dribbles,dribbles,,,,Paris Saint-Germain,45.0,,62.4,60.4,,,True,True,1,boolean_field,success,,True,False,False,,rating-breakdown,True,62.4,60.4,,,dribble,True,False,"{""playerCoordinates"": {""x"": 62.4, ""y"": 60.4}, ""eventActionType"": ""dribble"", ""isHome"": true, ""outcome"": true, ""keypass"": false}",,
1154605,Désiré Doué,14167865,rating-breakdown,defensive,defensive,,,,Paris Saint-Germain,45.0,,71.6,46.2,,,True,True,1,boolean_field,success,,True,False,False,,rating-breakdown,True,71.6,46.2,,,tackle,True,False,"{""playerCoordinates"": {""x"": 71.6, ""y"": 46.2}, ""eventActionType"": ""tackle"", ""isHome"": true, ""outcome"": true, ""keypass"": false}",,
1154605,Désiré Doué,14167877,rating-breakdown,passes,passes,,,,Paris Saint-Germain,29.0,,38,38.8,71.7,16.5,,,,unresolvable,,,,False,False,pass,rating-breakdown,True,38,38.8,71.7,16.5,pass,False,False,"{""playerCoordinates"": {""x"": 38, ""y"": 38.8}, ""passEndCoordinates"": {""x"": 71.7, ""y"": 16.5}, ""eventActionType"": ""pass"", ""isHome"": false, ""keypass"": false, ""isLongBall"": true}",True,
1154605,Désiré Doué,14167877,rating-breakdown,passes,passes,,,,Paris Saint-Germain,29.0,,38.2,84.1,58.6,95.6,True,True,1,boolean_field,success,True,,False,False,pass,rating-breakdown,True,38.2,84.1,58.6,95.6,pass,False,False,"{""playerCoordinates"": {""x"": 38.2, ""y"": 84.1}, ""passEndCoordinates"": {""x"": 58.6, ""y"": 95.6}, ""eventActionType"": ""pass"", ""isHome"": false, ""outcome"": true, ""keypass"": false}",,
1154605,Désiré Doué,14167877,rating-breakdown,passes,passes,,,,Paris Saint-Germain,29.0,,54.7,82.4,42.6,79,True,True,1,boolean_field,success,True,,False,False,pass,rating-breakdown,True,54.7,82.4,42.6,79,pass,False,False,"{""playerCoordinates"": {""x"": 54.7, ""y"": 82.4}, ""passEndCoordinates"": {""x"": 42.6, ""y"": 79}, ""eventActionType"": ""pass"", ""isHome"": false, ""outcome"": true, ""keypass"": false}",,
1154605,Désiré Doué,14167877,rating-breakdown,passes,passes,,,,Paris Saint-Germain,29.0,,69.1,75.3,89.4,90.2,True,True,1,boolean_field,success,True,,False,False,pass,rating-breakdown,True,69.1,75.3,89.4,90.2,pass,False,False,"{""playerCoordinates"": {""x"": 69.1, ""y"": 75.3}, ""passEndCoordinates"": {""x"": 89.4, ""y"": 90.2}, ""eventActionType"": ""pass"", ""isHome"": false, ""outcome"": true, ""keypass"": false}",,
1154605,Désiré Doué,14167877,rating-breakdown,passes,passes,,,,Paris Saint-Germain,29.0,,72.4,93.8,55.3,83,True,True,1,boolean_field,success,True,,False,False,pass,rating-breakdown,True,72.4,93.8,55.3,83,pass,False,False,"{""playerCoordinates"": {""x"": 72.4, ""y"": 93.8}, ""passEndCoordinates"": {""x"": 55.3, ""y"": 83}, ""eventActionType"": ""pass"", ""isHome"": false, ""outcome"": true, ""keypass"": false}",,
1154605,Désiré Doué,14167877,rating-breakdown,passes,passes,,,,Paris Saint-Germain,29.0,,99.5,99.5,94.9,46.8,,,,unresolvable,,,,False,False,pass,rating-breakdown,True,99.5,99.5,94.9,46.8,cross,False,False,"{""playerCoordinates"": {""x"": 99.5, ""y"": 99.5}, ""passEndCoordinates"": {""x"": 94.9, ""y"": 46.8}, ""eventActionType"": ""cross"", ""isHome"": false, ""keypass"": false, ""isLongBall"": true}",True,
1154605,Désiré Doué,14167877,rating-breakdown,passes,passes,,,,Paris Saint-Germain,29.0,,71.2,73.2,57.4,91.7,True,True,1,boolean_field,success,True,,False,False,pass,rating-breakdown,True,71.2,73.2,57.4,91.7,pass,False,False,"{""playerCoordinates"": {""x"": 71.2, ""y"": 73.2}, ""passEndCoordinates"": {""x"": 57.4, ""y"": 91.7}, ""eventActionType"": ""pass"", ""isHome"": false, ""outcome"": true, ""keypass"": false}",,
1154605,Désiré Doué,14167877,rating-breakdown,passes,passes,,,,Paris Saint-Germain,29.0,,79.3,32.3,74.3,25.1,True,True,1,boolean_field,success,True,,False,False,pass,rating-breakdown,True,79.3,32.3,74.3,25.1,pass,False,False,"{""playerCoordinates"": {""x"": 79.3, ""y"": 32.3}, ""passEndCoordinates"": {""x"": 74.3, ""y"": 25.1}, ""eventActionType"": ""pass"", ""isHome"": false, ""outcome"": true, ""keypass"": false}",,
1154605,Désiré Doué,14167877,rating-breakdown,passes,passes,,,,Paris Saint-Germain,29.0,,61.3,91.8,41.3,81.2,True,True,1,boolean_field,success,True,,False,False,pass,rating-breakdown,True,61.3,91.8,41.3,81.2,pass,False,False,"{""playerCoordinates"": {""x"": 61.3, ""y"": 91.8}, ""passEndCoordinates"": {""x"": 41.3, ""y"": 81.2}, ""eventActionType"": ""pass"", ""isHome"": false, ""outcome"": true, ""keypass"": false}",,
1154605,Désiré Doué,14167877,rating-breakdown,passes,passes,,,,Paris Saint-Germain,29.0,,59.7,94.3,89.1,85.9,True,True,1,boolean_field,success,True,,False,False,pass,rating-breakdown,True,59.7,94.3,89.1,85.9,pass,False,False,"{""playerCoordinates"": {""x"": 59.7, ""y"": 94.3}, ""passEndCoordinates"": {""x"": 89.1, ""y"": 85.9}, ""eventActionType"": ""pass"", ""isHome"": false, ""outcome"": true, ""keypass"": false}",,
1154605,Désiré Doué,14167877,rating-breakdown,passes,passes,,,,Paris Saint-Germain,29.0,,97.6,67.9,96.9,65.8,,,,unresolvable,,,,False,False,pass,rating-breakdown,True,97.6,67.9,96.9,65.8,pass,False,False,"{""playerCoordinates"": {""x"": 97.6, ""y"": 67.9}, ""passEndCoordinates"": {""x"": 96.9, ""y"": 65.8}, ""eventActionType"": ""pass"", ""isHome"": false, ""keypass"": false}",,
1154605,Désiré Doué,14167877,rating-breakdown,passes,passes,,,,Paris Saint-Germain,29.0,,41.4,66.4,35.1,77.7,True,True,1,boolean_field,success,True,,False,False,pass,rating-breakdown,True,41.4,66.4,35.1,77.7,pass,False,False,"{""playerCoordinates"": {""x"": 41.4, ""y"": 66.4}, ""passEndCoordinates"": {""x"": 35.1, ""y"": 77.7}, ""eventActionType"": ""pass"", ""isHome"": false, ""outcome"": true, ""keypass"": false}",,
1154605,Désiré Doué,14167877,rating-breakdown,passes,passes,,,,Paris Saint-Germain,29.0,,53.8,73,37.5,76.2,True,True,1,boolean_field,success,True,,False,False,pass,rating-breakdown,True,53.8,73,37.5,76.2,pass,False,False,"{""playerCoordinates"": {""x"": 53.8, ""y"": 73}, ""passEndCoordinates"": {""x"": 37.5, ""y"": 76.2}, ""eventActionType"": ""pass"", ""isHome"": false, ""outcome"": true, ""keypass"": false}",,
1154605,Désiré Doué,14167877,rating-breakdown,passes,passes,,,,Paris Saint-Germain,29.0,,75.8,62,87.3,32.4,True,True,1,boolean_field,success,True,,False,True,key_pass,rating-breakdown,True,75.8,62,87.3,32.4,pass,False,True,"{""playerCoordinates"": {""x"": 75.8, ""y"": 62}, ""passEndCoordinates"": {""x"": 87.3, ""y"": 32.4}, ""eventActionType"": ""pass"", ""isHome"": false, ""outcome"": true, ""keypass"": true}",,
1154605,Désiré Doué,14167877,rating-breakdown,passes,passes,,,,Paris Saint-Germain,29.0,,40.6,71.8,68,91.2,True,True,1,boolean_field,success,True,,False,False,pass,rating-breakdown,True,40.6,71.8,68,91.2,pass,False,False,"{""playerCoordinates"": {""x"": 40.6, ""y"": 71.8}, ""passEndCoordinates"": {""x"": 68, ""y"": 91.2}, ""eventActionType"": ""pass"", ""isHome"": false, ""outcome"": true, ""keypass"": false}",,
1154605,Désiré Doué,14167877,rating-breakdown,passes,passes,,,,Paris Saint-Germain,29.0,,55.4,71.2,63.6,96.1,True,True,1,boolean_field,success,True,,False,False,pass,rating-breakdown,True,55.4,71.2,63.6,96.1,pass,False,False,"{""playerCoordinates"": {""x"": 55.4, ""y"": 71.2}, ""passEndCoordinates"": {""x"": 63.6, ""y"": 96.1}, ""eventActionType"": ""pass"", ""isHome"": false, ""outcome"": true, ""keypass"": false}",,
1154605,Désiré Doué,14167877,rating-breakdown,passes,passes,,,,Paris Saint-Germain,29.0,,52.9,94.4,59.2,96.2,True,True,1,boolean_field,success,True,,False,False,pass,rating-breakdown,True,52.9,94.4,59.2,96.2,pass,False,False,"{""playerCoordinates"": {""x"": 52.9, ""y"": 94.4}, ""passEndCoordinates"": {""x"": 59.2, ""y"": 96.2}, ""eventActionType"": ""pass"", ""isHome"": false, ""outcome"": true, ""keypass"": false}",,
1154605,Désiré Doué,14167877,rating-breakdown,passes,passes,,,,Paris Saint-Germain,29.0,,52.2,93.5,46.6,85.3,True,True,1,boolean_field,success,True,,False,False,pass,rating-breakdown,True,52.2,93.5,46.6,85.3,pass,False,False,"{""playerCoordinates"": {""x"": 52.2, ""y"": 93.5}, ""passEndCoordinates"": {""x"": 46.6, ""y"": 85.3}, ""eventActionType"": ""pass"", ""isHome"": false, ""outcome"": true, ""keypass"": false}",,
1154605,Désiré Doué,14167877,rating-breakdown,passes,passes,,,,Paris Saint-Germain,29.0,,73.5,80.6,76.1,96.7,True,True,1,boolean_field,success,True,,False,False,pass,rating-breakdown,True,73.5,80.6,76.1,96.7,pass,False,False,"{""playerCoordinates"": {""x"": 73.5, ""y"": 80.6}, ""passEndCoordinates"": {""x"": 76.1, ""y"": 96.7}, ""eventActionType"": ""pass"", ""isHome"": false, ""outcome"": true, ""keypass"": false}",,
1154605,Désiré Doué,14167877,rating-breakdown,passes,passes,,,,Paris Saint-Germain,29.0,,69.8,88.4,75.3,96.8,True,True,1,boolean_field,success,True,,False,False,pass,rating-breakdown,True,69.8,88.4,75.3,96.8,pass,False,False,"{""playerCoordinates"": {""x"": 69.8, ""y"": 88.4}, ""passEndCoordinates"": {""x"": 75.3, ""y"": 96.8}, ""eventActionType"": ""pass"", ""isHome"": false, ""outcome"": true, ""keypass"": false}",,
1154605,Désiré Doué,14167877,rating-breakdown,passes,passes,,,,Paris Saint-Germain,29.0,,21.9,80.8,28.5,94.6,True,True,1,boolean_field,success,True,,False,False,pass,rating-breakdown,True,21.9,80.8,28.5,94.6,pass,False,False,"{""playerCoordinates"": {""x"": 21.9, ""y"": 80.8}, ""passEndCoordinates"": {""x"": 28.5, ""y"": 94.6}, ""eventActionType"": ""pass"", ""isHome"": false, ""outcome"": true, ""keypass"": false}",,
1154605,Désiré Doué,14167877,rating-breakdown,passes,passes,,,,Paris Saint-Germain,29.0,,75.9,68.5,68.3,58.5,,,,unresolvable,,,,False,False,pass,rating-breakdown,True,75.9,68.5,68.3,58.5,pass,False,False,"{""playerCoordinates"": {""x"": 75.9, ""y"": 68.5}, ""passEndCoordinates"": {""x"": 68.3, ""y"": 58.5}, ""eventActionType"": ""pass"", ""isHome"": false, ""keypass"": false}",,
1154605,Désiré Doué,14167877,rating-breakdown,passes,passes,,,,Paris Saint-Germain,29.0,,54.4,95.3,41.6,89.9,True,True,1,boolean_field,success,True,,False,False,pass,rating-breakdown,True,54.4,95.3,41.6,89.9,pass,False,False,"{""playerCoordinates"": {""x"": 54.4, ""y"": 95.3}, ""passEndCoordinates"": {""x"": 41.6, ""y"": 89.9}, ""eventActionType"": ""pass"", ""isHome"": false, ""outcome"": true, ""keypass"": false}",,
1154605,Désiré Doué,14167877,rating-breakdown,ball-carries,ball-carries,,,,Paris Saint-Germain,29.0,,36.1,44.4,37.9,38.9,,,,unresolvable,,,,False,False,,rating-breakdown,True,36.1,44.4,37.9,38.9,ball-carry,False,,"{""playerCoordinates"": {""x"": 36.1, ""y"": 44.4}, ""passEndCoordinates"": {""x"": 37.9, ""y"": 38.9}, ""eventActionType"": ""ball-carry"", ""isHome"": false}",,
1154605,Désiré Doué,14167877,rating-breakdown,ball-carries,ball-carries,,,,Paris Saint-Germain,29.0,,37.7,78.3,38.2,84.1,,,,unresolvable,,,,False,False,,rating-breakdown,True,37.7,78.3,38.2,84.1,ball-carry,False,,"{""playerCoordinates"": {""x"": 37.7, ""y"": 78.3}, ""passEndCoordinates"": {""x"": 38.2, ""y"": 84.1}, ""eventActionType"": ""ball-carry"", ""isHome"": false}",,
1154605,Désiré Doué,14167877,rating-breakdown,ball-carries,ball-carries,,,,Paris Saint-Germain,29.0,,55.4,86.7,54.7,82.4,,,,unresolvable,,,,False,False,,rating-breakdown,True,55.4,86.7,54.7,82.4,ball-carry,False,,"{""playerCoordinates"": {""x"": 55.4, ""y"": 86.7}, ""passEndCoordinates"": {""x"": 54.7, ""y"": 82.4}, ""eventActionType"": ""ball-carry"", ""isHome"": false}",,
1154605,Désiré Doué,14167877,rating-breakdown,ball-carries,ball-carries,,,,Paris Saint-Germain,29.0,,74.1,49.1,79.2,49.5,,,,unresolvable,,,,False,False,,rating-breakdown,True,74.1,49.1,79.2,49.5,ball-carry,False,,"{""playerCoordinates"": {""x"": 74.1, ""y"": 49.1}, ""passEndCoordinates"": {""x"": 79.2, ""y"": 49.5}, ""eventActionType"": ""ball-carry"", ""isHome"": false}",,
1154605,Désiré Doué,14167877,rating-breakdown,ball-carries,ball-carries,,,,Paris Saint-Germain,29.0,,70.8,74.6,75.8,62,,,,unresolvable,,,,False,False,,rating-breakdown,True,70.8,74.6,75.8,62,ball-carry,False,,"{""playerCoordinates"": {""x"": 70.8, ""y"": 74.6}, ""passEndCoordinates"": {""x"": 75.8, ""y"": 62}, ""eventActionType"": ""ball-carry"", ""isHome"": false}",,
1154605,Désiré Doué,14167877,rating-breakdown,ball-carries,ball-carries,,,,Paris Saint-Germain,29.0,,77.3,16,85.9,26.4,,,,unresolvable,,,,False,False,,rating-breakdown,True,77.3,16,85.9,26.4,ball-carry,False,,"{""playerCoordinates"": {""x"": 77.3, ""y"": 16}, ""passEndCoordinates"": {""x"": 85.9, ""y"": 26.4}, ""eventActionType"": ""ball-carry"", ""isHome"": false}",,
1154605,Désiré Doué,14167877,rating-breakdown,ball-carries,ball-carries,,,,Paris Saint-Germain,29.0,,34.4,87.3,40.6,71.8,,,,unresolvable,,,,False,False,,rating-breakdown,True,34.4,87.3,40.6,71.8,ball-carry,False,,"{""playerCoordinates"": {""x"": 34.4, ""y"": 87.3}, ""passEndCoordinates"": {""x"": 40.6, ""y"": 71.8}, ""eventActionType"": ""ball-carry"", ""isHome"": false}",,
1154605,Désiré Doué,14167877,rating-breakdown,ball-carries,ball-carries,,,,Paris Saint-Germain,29.0,,46.6,64.4,55.4,71.2,,,,unresolvable,,,,False,False,,rating-breakdown,True,46.6,64.4,55.4,71.2,ball-carry,False,,"{""playerCoordinates"": {""x"": 46.6, ""y"": 64.4}, ""passEndCoordinates"": {""x"": 55.4, ""y"": 71.2}, ""eventActionType"": ""ball-carry"", ""isHome"": false}",,
1154605,Désiré Doué,14167877,rating-breakdown,ball-carries,ball-carries,,,,Paris Saint-Germain,29.0,,44.9,96.8,52.9,94.4,,,,unresolvable,,,,False,False,,rating-breakdown,True,44.9,96.8,52.9,94.4,ball-carry,False,,"{""playerCoordinates"": {""x"": 44.9, ""y"": 96.8}, ""passEndCoordinates"": {""x"": 52.9, ""y"": 94.4}, ""eventActionType"": ""ball-carry"", ""isHome"": false}",,
1154605,Désiré Doué,14167877,rating-breakdown,ball-carries,ball-carries,,,,Paris Saint-Germain,29.0,,24.8,75.3,21.9,80.8,,,,unresolvable,,,,False,False,,rating-breakdown,True,24.8,75.3,21.9,80.8,ball-carry,False,,"{""playerCoordinates"": {""x"": 24.8, ""y"": 75.3}, ""passEndCoordinates"": {""x"": 21.9, ""y"": 80.8}, ""eventActionType"": ""ball-carry"", ""isHome"": false}",,
1154605,Désiré Doué,14167877,rating-breakdown,defensive,defensive,,,,Paris Saint-Germain,29.0,,37.9,38.9,,,True,True,1,boolean_field,success,,True,False,False,,rating-breakdown,True,37.9,38.9,,,ball-recovery,False,False,"{""playerCoordinates"": {""x"": 37.9, ""y"": 38.9}, ""eventActionType"": ""ball-recovery"", ""isHome"": false, ""outcome"": true, ""keypass"": false}",,
1154605,Désiré Doué,14167912,rating-breakdown,passes,passes,,,,Paris Saint-Germain,60.0,,26.2,9.6,39.2,33.6,True,True,1,boolean_field,success,True,,False,False,pass,rating-breakdown,True,26.2,9.6,39.2,33.6,pass,True,False,"{""playerCoordinates"": {""x"": 26.2, ""y"": 9.6}, ""passEndCoordinates"": {""x"": 39.2, ""y"": 33.6}, ""eventActionType"": ""pass"", ""isHome"": true, ""outcome"": true, ""keypass"": false}",,
1154605,Désiré Doué,14167912,rating-breakdown,passes,passes,,,,Paris Saint-Germain,60.0,,67.6,10.8,64.2,16,True,True,1,boolean_field,success,True,,False,False,pass,rating-breakdown,True,67.6,10.8,64.2,16,pass,True,False,"{""playerCoordinates"": {""x"": 67.6, ""y"": 10.8}, ""passEndCoordinates"": {""x"": 64.2, ""y"": 16}, ""eventActionType"": ""pass"", ""isHome"": true, ""outcome"": true, ""keypass"": false}",,
1154605,Désiré Doué,14167912,rating-breakdown,passes,passes,,,,Paris Saint-Germain,60.0,,63.1,10.8,72.8,32.1,,,,unresolvable,,,,False,False,pass,rating-breakdown,True,63.1,10.8,72.8,32.1,pass,True,False,"{""playerCoordinates"": {""x"": 63.1, ""y"": 10.8}, ""passEndCoordinates"": {""x"": 72.8, ""y"": 32.1}, ""eventActionType"": ""pass"", ""isHome"": true, ""keypass"": false}",,
1154605,Désiré Doué,14167912,rating-breakdown,passes,passes,,,,Paris Saint-Germain,60.0,,88.2,7.8,72.4,19.2,True,True,1,boolean_field,success,True,,False,False,pass,rating-breakdown,True,88.2,7.8,72.4,19.2,pass,True,False,"{""playerCoordinates"": {""x"": 88.2, ""y"": 7.8}, ""passEndCoordinates"": {""x"": 72.4, ""y"": 19.2}, ""eventActionType"": ""pass"", ""isHome"": true, ""outcome"": true, ""keypass"": false}",,
1154605,Désiré Doué,14167912,rating-breakdown,passes,passes,,,,Paris Saint-Germain,60.0,,55.3,6.7,57.2,18,True,True,1,boolean_field,success,True,,False,False,pass,rating-breakdown,True,55.3,6.7,57.2,18,pass,True,False,"{""playerCoordinates"": {""x"": 55.3, ""y"": 6.7}, ""passEndCoordinates"": {""x"": 57.2, ""y"": 18}, ""eventActionType"": ""pass"", ""isHome"": true, ""outcome"": true, ""keypass"": false}",,
1154605,Désiré Doué,14167912,rating-breakdown,passes,passes,,,,Paris Saint-Germain,60.0,,80.1,6.9,70.8,23.5,True,True,1,boolean_field,success,True,,False,False,pass,rating-breakdown,True,80.1,6.9,70.8,23.5,pass,True,False,"{""playerCoordinates"": {""x"": 80.1, ""y"": 6.9}, ""passEndCoordinates"": {""x"": 70.8, ""y"": 23.5}, ""eventActionType"": ""pass"", ""isHome"": true, ""outcome"": true, ""keypass"": false}",,
1154605,Désiré Doué,14167912,rating-breakdown,passes,passes,,,,Paris Saint-Germain,60.0,,73.2,28.9,62.7,28.6,True,True,1,boolean_field,success,True,,False,False,pass,rating-breakdown,True,73.2,28.9,62.7,28.6,pass,True,False,"{""playerCoordinates"": {""x"": 73.2, ""y"": 28.9}, ""passEndCoordinates"": {""x"": 62.7, ""y"": 28.6}, ""eventActionType"": ""pass"", ""isHome"": true, ""outcome"": true, ""keypass"": false}",,
1154605,Désiré Doué,14167912,rating-breakdown,passes,passes,,,,Paris Saint-Germain,60.0,,81.2,3.3,75.6,6.9,True,True,1,boolean_field,success,True,,False,False,pass,rating-breakdown,True,81.2,3.3,75.6,6.9,pass,True,False,"{""playerCoordinates"": {""x"": 81.2, ""y"": 3.3}, ""passEndCoordinates"": {""x"": 75.6, ""y"": 6.9}, ""eventActionType"": ""pass"", ""isHome"": true, ""outcome"": true, ""keypass"": false}",,
1154605,Désiré Doué,14167912,rating-breakdown,passes,passes,,,,Paris Saint-Germain,60.0,,73.4,7.9,63.1,24,True,True,1,boolean_field,success,True,,False,False,pass,rating-breakdown,True,73.4,7.9,63.1,24,pass,True,False,"{""playerCoordinates"": {""x"": 73.4, ""y"": 7.9}, ""passEndCoordinates"": {""x"": 63.1, ""y"": 24}, ""eventActionType"": ""pass"", ""isHome"": true, ""outcome"": true, ""keypass"": false}",,
1154605,Désiré Doué,14167912,rating-breakdown,passes,passes,,,,Paris Saint-Germain,60.0,,70.6,15.4,71.7,7.5,True,True,1,boolean_field,success,True,,False,False,pass,rating-breakdown,True,70.6,15.4,71.7,7.5,pass,True,False,"{""playerCoordinates"": {""x"": 70.6, ""y"": 15.4}, ""passEndCoordinates"": {""x"": 71.7, ""y"": 7.5}, ""eventActionType"": ""pass"", ""isHome"": true, ""outcome"": true, ""keypass"": false}",,
1154605,Désiré Doué,14167912,rating-breakdown,passes,passes,,,,Paris Saint-Germain,60.0,,70.8,16.3,71,7.9,True,True,1,boolean_field,success,True,,False,False,pass,rating-breakdown,True,70.8,16.3,71,7.9,pass,True,False,"{""playerCoordinates"": {""x"": 70.8, ""y"": 16.3}, ""passEndCoordinates"": {""x"": 71, ""y"": 7.9}, ""eventActionType"": ""pass"", ""isHome"": true, ""outcome"": true, ""keypass"": false}",,
1154605,Désiré Doué,14167912,rating-breakdown,passes,passes,,,,Paris Saint-Germain,60.0,,77.1,23.4,75,51.3,True,True,1,boolean_field,success,True,,False,False,pass,rating-breakdown,True,77.1,23.4,75,51.3,pass,True,False,"{""playerCoordinates"": {""x"": 77.1, ""y"": 23.4}, ""passEndCoordinates"": {""x"": 75, ""y"": 51.3}, ""eventActionType"": ""pass"", ""isHome"": true, ""outcome"": true, ""keypass"": false}",,
1154605,Désiré Doué,14167912,rating-breakdown,passes,passes,,,,Paris Saint-Germain,60.0,,77.4,85,71.8,67.6,True,True,1,boolean_field,success,True,,False,False,pass,rating-breakdown,True,77.4,85,71.8,67.6,pass,True,False,"{""playerCoordinates"": {""x"": 77.4, ""y"": 85}, ""passEndCoordinates"": {""x"": 71.8, ""y"": 67.6}, ""eventActionType"": ""pass"", ""isHome"": true, ""outcome"": true, ""keypass"": false}",,
1154605,Désiré Doué,14167912,rating-breakdown,passes,passes,,,,Paris Saint-Germain,60.0,,81.4,71.7,79.7,85.9,True,True,1,boolean_field,success,True,,False,False,pass,rating-breakdown,True,81.4,71.7,79.7,85.9,pass,True,False,"{""playerCoordinates"": {""x"": 81.4, ""y"": 71.7}, ""passEndCoordinates"": {""x"": 79.7, ""y"": 85.9}, ""eventActionType"": ""pass"", ""isHome"": true, ""outcome"": true, ""keypass"": false}",,
1154605,Désiré Doué,14167912,rating-breakdown,passes,passes,,,,Paris Saint-Germain,60.0,,99.5,99.5,93.8,31.9,True,True,1,boolean_field,success,True,,False,False,pass,rating-breakdown,True,99.5,99.5,93.8,31.9,cross,True,False,"{""playerCoordinates"": {""x"": 99.5, ""y"": 99.5}, ""passEndCoordinates"": {""x"": 93.8, ""y"": 31.9}, ""eventActionType"": ""cross"", ""isHome"": true, ""outcome"": true, ""keypass"": false, ""isLongBall"": true}",True,
1154605,Désiré Doué,14167912,rating-breakdown,passes,passes,,,,Paris Saint-Germain,60.0,,83.8,89.1,72.8,78.6,True,True,1,boolean_field,success,True,,False,False,pass,rating-breakdown,True,83.8,89.1,72.8,78.6,pass,True,False,"{""playerCoordinates"": {""x"": 83.8, ""y"": 89.1}, ""passEndCoordinates"": {""x"": 72.8, ""y"": 78.6}, ""eventActionType"": ""pass"", ""isHome"": true, ""outcome"": true, ""keypass"": false}",,
1154605,Désiré Doué,14167912,rating-breakdown,passes,passes,,,,Paris Saint-Germain,60.0,,61.9,10.8,35.7,23.1,True,True,1,boolean_field,success,True,,False,False,pass,rating-breakdown,True,61.9,10.8,35.7,23.1,pass,True,False,"{""playerCoordinates"": {""x"": 61.9, ""y"": 10.8}, ""passEndCoordinates"": {""x"": 35.7, ""y"": 23.1}, ""eventActionType"": ""pass"", ""isHome"": true, ""outcome"": true, ""keypass"": false}",,
1154605,Désiré Doué,14167912,rating-breakdown,passes,passes,,,,Paris Saint-Germain,60.0,,92.2,29.8,85.9,73.3,True,True,1,boolean_field,success,True,,False,False,pass,rating-breakdown,True,92.2,29.8,85.9,73.3,pass,True,False,"{""playerCoordinates"": {""x"": 92.2, ""y"": 29.8}, ""passEndCoordinates"": {""x"": 85.9, ""y"": 73.3}, ""eventActionType"": ""pass"", ""isHome"": true, ""outcome"": true, ""keypass"": false}",,
1154605,Désiré Doué,14167912,rating-breakdown,passes,passes,,,,Paris Saint-Germain,60.0,,73.9,10.6,55.9,25.5,True,True,1,boolean_field,success,True,,False,False,pass,rating-breakdown,True,73.9,10.6,55.9,25.5,pass,True,False,"{""playerCoordinates"": {""x"": 73.9, ""y"": 10.6}, ""passEndCoordinates"": {""x"": 55.9, ""y"": 25.5}, ""eventActionType"": ""pass"", ""isHome"": true, ""outcome"": true, ""keypass"": false}",,
1154605,Désiré Doué,14167912,rating-breakdown,passes,passes,,,,Paris Saint-Germain,60.0,,91.8,14.4,78.5,20.1,True,True,1,boolean_field,success,True,,False,False,pass,rating-breakdown,True,91.8,14.4,78.5,20.1,pass,True,False,"{""playerCoordinates"": {""x"": 91.8, ""y"": 14.4}, ""passEndCoordinates"": {""x"": 78.5, ""y"": 20.1}, ""eventActionType"": ""pass"", ""isHome"": true, ""outcome"": true, ""keypass"": false}",,
1154605,Désiré Doué,14167912,rating-breakdown,passes,passes,,,,Paris Saint-Germain,60.0,,76.7,21,76.7,22.2,,,,unresolvable,,,,False,False,pass,rating-breakdown,True,76.7,21,76.7,22.2,pass,True,False,"{""playerCoordinates"": {""x"": 76.7, ""y"": 21}, ""passEndCoordinates"": {""x"": 76.7, ""y"": 22.2}, ""eventActionType"": ""pass"", ""isHome"": true, ""keypass"": false}",,
1154605,Désiré Doué,14167912,rating-breakdown,passes,passes,,,,Paris Saint-Germain,60.0,,42.2,94.8,73,69,,,,unresolvable,,,,False,False,pass,rating-breakdown,True,42.2,94.8,73,69,pass,True,False,"{""playerCoordinates"": {""x"": 42.2, ""y"": 94.8}, ""passEndCoordinates"": {""x"": 73, ""y"": 69}, ""eventActionType"": ""pass"", ""isHome"": true, ""keypass"": false, ""isLongBall"": true}",True,
1154605,Désiré Doué,14167912,rating-breakdown,passes,passes,,,,Paris Saint-Germain,60.0,,65.6,71.2,84.8,80.8,True,True,1,boolean_field,success,True,,False,False,pass,rating-breakdown,True,65.6,71.2,84.8,80.8,pass,True,False,"{""playerCoordinates"": {""x"": 65.6, ""y"": 71.2}, ""passEndCoordinates"": {""x"": 84.8, ""y"": 80.8}, ""eventActionType"": ""pass"", ""isHome"": true, ""outcome"": true, ""keypass"": false}",,
1154605,Désiré Doué,14167912,rating-breakdown,passes,passes,,,,Paris Saint-Germain,60.0,,99.5,0.5,90,30.3,,,,unresolvable,,,,False,False,pass,rating-breakdown,True,99.5,0.5,90,30.3,cross,True,False,"{""playerCoordinates"": {""x"": 99.5, ""y"": 0.5}, ""passEndCoordinates"": {""x"": 90, ""y"": 30.3}, ""eventActionType"": ""cross"", ""isHome"": true, ""keypass"": false}",,
1154605,Désiré Doué,14167912,rating-breakdown,passes,passes,,,,Paris Saint-Germain,60.0,,35.5,15.3,45,25.2,True,True,1,boolean_field,success,True,,False,False,pass,rating-breakdown,True,35.5,15.3,45,25.2,pass,True,False,"{""playerCoordinates"": {""x"": 35.5, ""y"": 15.3}, ""passEndCoordinates"": {""x"": 45, ""y"": 25.2}, ""eventActionType"": ""pass"", ""isHome"": true, ""outcome"": true, ""keypass"": false}",,
1154605,Désiré Doué,14167912,rating-breakdown,passes,passes,,,,Paris Saint-Germain,60.0,,70.8,13.9,57.7,17.8,True,True,1,boolean_field,success,True,,False,False,pass,rating-breakdown,True,70.8,13.9,57.7,17.8,pass,True,False,"{""playerCoordinates"": {""x"": 70.8, ""y"": 13.9}, ""passEndCoordinates"": {""x"": 57.7, ""y"": 17.8}, ""eventActionType"": ""pass"", ""isHome"": true, ""outcome"": true, ""keypass"": false}",,
1154605,Désiré Doué,14167912,rating-breakdown,passes,passes,,,,Paris Saint-Germain,60.0,,69.2,11.7,65.6,3,True,True,1,boolean_field,success,True,,False,False,pass,rating-breakdown,True,69.2,11.7,65.6,3,pass,True,False,"{""playerCoordinates"": {""x"": 69.2, ""y"": 11.7}, ""passEndCoordinates"": {""x"": 65.6, ""y"": 3}, ""eventActionType"": ""pass"", ""isHome"": true, ""outcome"": true, ""keypass"": false}",,
1154605,Désiré Doué,14167912,rating-breakdown,passes,passes,,,,Paris Saint-Germain,60.0,,82.4,19.3,93.5,17.7,True,True,1,boolean_field,success,True,,False,False,pass,rating-breakdown,True,82.4,19.3,93.5,17.7,pass,True,False,"{""playerCoordinates"": {""x"": 82.4, ""y"": 19.3}, ""passEndCoordinates"": {""x"": 93.5, ""y"": 17.7}, ""eventActionType"": ""pass"", ""isHome"": true, ""outcome"": true, ""keypass"": false}",,
1154605,Désiré Doué,14167912,rating-breakdown,passes,passes,,,,Paris Saint-Germain,60.0,,84.2,22,83.5,45.7,True,True,1,boolean_field,success,True,,False,False,pass,rating-breakdown,True,84.2,22,83.5,45.7,pass,True,False,"{""playerCoordinates"": {""x"": 84.2, ""y"": 22}, ""passEndCoordinates"": {""x"": 83.5, ""y"": 45.7}, ""eventActionType"": ""pass"", ""isHome"": true, ""outcome"": true, ""keypass"": false}",,
1154605,Désiré Doué,14167912,rating-breakdown,passes,passes,,,,Paris Saint-Germain,60.0,,74.2,70.5,83.4,85.6,True,True,1,boolean_field,success,True,,False,False,pass,rating-breakdown,True,74.2,70.5,83.4,85.6,pass,True,False,"{""playerCoordinates"": {""x"": 74.2, ""y"": 70.5}, ""passEndCoordinates"": {""x"": 83.4, ""y"": 85.6}, ""eventActionType"": ""pass"", ""isHome"": true, ""outcome"": true, ""keypass"": false}",,
1154605,Désiré Doué,14167912,rating-breakdown,passes,passes,,,,Paris Saint-Germain,60.0,,99.5,99.4,92.6,86.5,True,True,1,boolean_field,success,True,,False,False,pass,rating-breakdown,True,99.5,99.4,92.6,86.5,pass,True,False,"{""playerCoordinates"": {""x"": 99.5, ""y"": 99.4}, ""passEndCoordinates"": {""x"": 92.6, ""y"": 86.5}, ""eventActionType"": ""pass"", ""isHome"": true, ""outcome"": true, ""keypass"": false}",,
1154605,Désiré Doué,14167912,rating-breakdown,passes,passes,,,,Paris Saint-Germain,60.0,,82.8,82.6,100,28.6,,,,unresolvable,,,,False,False,pass,rating-breakdown,True,82.8,82.6,100,28.6,cross,True,False,"{""playerCoordinates"": {""x"": 82.8, ""y"": 82.6}, ""passEndCoordinates"": {""x"": 100, ""y"": 28.6}, ""eventActionType"": ""cross"", ""isHome"": true, ""keypass"": false, ""isLongBall"": true}",True,
1154605,Désiré Doué,14167912,rating-breakdown,passes,passes,,,,Paris Saint-Germain,60.0,,54.1,7.6,69.5,6.7,,,,unresolvable,,,,False,False,pass,rating-breakdown,True,54.1,7.6,69.5,6.7,pass,True,False,"{""playerCoordinates"": {""x"": 54.1, ""y"": 7.6}, ""passEndCoordinates"": {""x"": 69.5, ""y"": 6.7}, ""eventActionType"": ""pass"", ""isHome"": true, ""keypass"": false}",,
1154605,Désiré Doué,14167912,rating-breakdown,passes,passes,,,,Paris Saint-Germain,60.0,,75,85.3,84.8,96.4,True,True,1,boolean_field,success,True,,False,False,pass,rating-breakdown,True,75,85.3,84.8,96.4,pass,True,False,"{""playerCoordinates"": {""x"": 75, ""y"": 85.3}, ""passEndCoordinates"": {""x"": 84.8, ""y"": 96.4}, ""eventActionType"": ""pass"", ""isHome"": true, ""outcome"": true, ""keypass"": false}",,
1154605,Désiré Doué,14167912,rating-breakdown,passes,passes,,,,Paris Saint-Germain,60.0,,71.6,86.1,63.8,89.5,True,True,1,boolean_field,success,True,,False,False,pass,rating-breakdown,True,71.6,86.1,63.8,89.5,pass,True,False,"{""playerCoordinates"": {""x"": 71.6, ""y"": 86.1}, ""passEndCoordinates"": {""x"": 63.8, ""y"": 89.5}, ""eventActionType"": ""pass"", ""isHome"": true, ""outcome"": true, ""keypass"": false}",,
1154605,Désiré Doué,14167912,rating-breakdown,passes,passes,,,,Paris Saint-Germain,60.0,,62.8,51,49.2,44.1,True,True,1,boolean_field,success,True,,False,False,pass,rating-breakdown,True,62.8,51,49.2,44.1,pass,True,False,"{""playerCoordinates"": {""x"": 62.8, ""y"": 51}, ""passEndCoordinates"": {""x"": 49.2, ""y"": 44.1}, ""eventActionType"": ""pass"", ""isHome"": true, ""outcome"": true, ""keypass"": false}",,
1154605,Désiré Doué,14167912,rating-breakdown,passes,passes,,,,Paris Saint-Germain,60.0,,62.9,81.1,82.3,87.6,True,True,1,boolean_field,success,True,,False,False,pass,rating-breakdown,True,62.9,81.1,82.3,87.6,pass,True,False,"{""playerCoordinates"": {""x"": 62.9, ""y"": 81.1}, ""passEndCoordinates"": {""x"": 82.3, ""y"": 87.6}, ""eventActionType"": ""pass"", ""isHome"": true, ""outcome"": true, ""keypass"": false}",,
1154605,Désiré Doué,14167912,rating-breakdown,passes,passes,,,,Paris Saint-Germain,60.0,,79.2,72.1,99.2,82.9,True,True,1,boolean_field,success,True,,False,False,pass,rating-breakdown,True,79.2,72.1,99.2,82.9,pass,True,False,"{""playerCoordinates"": {""x"": 79.2, ""y"": 72.1}, ""passEndCoordinates"": {""x"": 99.2, ""y"": 82.9}, ""eventActionType"": ""pass"", ""isHome"": true, ""outcome"": true, ""keypass"": false}",,
1154605,Désiré Doué,14167912,rating-breakdown,passes,passes,,,,Paris Saint-Germain,60.0,,99.5,99.5,90,92.4,True,True,1,boolean_field,success,True,,False,False,pass,rating-breakdown,True,99.5,99.5,90,92.4,pass,True,False,"{""playerCoordinates"": {""x"": 99.5, ""y"": 99.5}, ""passEndCoordinates"": {""x"": 90, ""y"": 92.4}, ""eventActionType"": ""pass"", ""isHome"": true, ""outcome"": true, ""keypass"": false}",,
1154605,Désiré Doué,14167912,rating-breakdown,passes,passes,,,,Paris Saint-Germain,60.0,,89.4,77.5,81.1,52.2,,,,unresolvable,,,,False,False,pass,rating-breakdown,True,89.4,77.5,81.1,52.2,pass,True,False,"{""playerCoordinates"": {""x"": 89.4, ""y"": 77.5}, ""passEndCoordinates"": {""x"": 81.1, ""y"": 52.2}, ""eventActionType"": ""pass"", ""isHome"": true, ""keypass"": false}",,
1154605,Désiré Doué,14167912,rating-breakdown,passes,passes,,,,Paris Saint-Germain,60.0,,62.1,81,70,63,True,True,1,boolean_field,success,True,,False,False,pass,rating-breakdown,True,62.1,81,70,63,pass,True,False,"{""playerCoordinates"": {""x"": 62.1, ""y"": 81}, ""passEndCoordinates"": {""x"": 70, ""y"": 63}, ""eventActionType"": ""pass"", ""isHome"": true, ""outcome"": true, ""keypass"": false}",,
1154605,Désiré Doué,14167912,rating-breakdown,passes,passes,,,,Paris Saint-Germain,60.0,,27.1,79.9,34.8,70.5,True,True,1,boolean_field,success,True,,False,False,pass,rating-breakdown,True,27.1,79.9,34.8,70.5,pass,True,False,"{""playerCoordinates"": {""x"": 27.1, ""y"": 79.9}, ""passEndCoordinates"": {""x"": 34.8, ""y"": 70.5}, ""eventActionType"": ""pass"", ""isHome"": true, ""outcome"": true, ""keypass"": false}",,
1154605,Désiré Doué,14167912,rating-breakdown,passes,passes,,,,Paris Saint-Germain,60.0,,24.3,88.3,32.2,70.8,True,True,1,boolean_field,success,True,,False,False,pass,rating-breakdown,True,24.3,88.3,32.2,70.8,pass,True,False,"{""playerCoordinates"": {""x"": 24.3, ""y"": 88.3}, ""passEndCoordinates"": {""x"": 32.2, ""y"": 70.8}, ""eventActionType"": ""pass"", ""isHome"": true, ""outcome"": true, ""keypass"": false}",,
1154605,Désiré Doué,14167912,rating-breakdown,passes,passes,,,,Paris Saint-Germain,60.0,,43.9,87,64.2,81.3,,,,unresolvable,,,,False,False,pass,rating-breakdown,True,43.9,87,64.2,81.3,pass,True,False,"{""playerCoordinates"": {""x"": 43.9, ""y"": 87}, ""passEndCoordinates"": {""x"": 64.2, ""y"": 81.3}, ""eventActionType"": ""pass"", ""isHome"": true, ""keypass"": false}",,
1154605,Désiré Doué,14167912,rating-breakdown,passes,passes,,,,Paris Saint-Germain,60.0,,82.1,33.3,87.3,29.1,True,True,1,boolean_field,success,True,,False,True,key_pass,rating-breakdown,True,82.1,33.3,87.3,29.1,pass,True,True,"{""playerCoordinates"": {""x"": 82.1, ""y"": 33.3}, ""passEndCoordinates"": {""x"": 87.3, ""y"": 29.1}, ""eventActionType"": ""pass"", ""isHome"": true, ""outcome"": true, ""keypass"": true}",,
1154605,Désiré Doué,14167912,rating-breakdown,passes,passes,,,,Paris Saint-Germain,60.0,,72.6,95.2,85.2,91.9,True,True,1,boolean_field,success,True,,False,False,pass,rating-breakdown,True,72.6,95.2,85.2,91.9,pass,True,False,"{""playerCoordinates"": {""x"": 72.6, ""y"": 95.2}, ""passEndCoordinates"": {""x"": 85.2, ""y"": 91.9}, ""eventActionType"": ""pass"", ""isHome"": true, ""outcome"": true, ""keypass"": false}",,
1154605,Désiré Doué,14167912,rating-breakdown,passes,passes,,,,Paris Saint-Germain,60.0,,71.5,25.6,64.9,31.6,True,True,1,boolean_field,success,True,,False,False,pass,rating-breakdown,True,71.5,25.6,64.9,31.6,pass,True,False,"{""playerCoordinates"": {""x"": 71.5, ""y"": 25.6}, ""passEndCoordinates"": {""x"": 64.9, ""y"": 31.6}, ""eventActionType"": ""pass"", ""isHome"": true, ""outcome"": true, ""keypass"": false}",,
1154605,Désiré Doué,14167912,rating-breakdown,passes,passes,,,,Paris Saint-Germain,60.0,,76.3,27.1,79.4,24.1,,,,unresolvable,,,,False,False,pass,rating-breakdown,True,76.3,27.1,79.4,24.1,pass,True,False,"{""playerCoordinates"": {""x"": 76.3, ""y"": 27.1}, ""passEndCoordinates"": {""x"": 79.4, ""y"": 24.1}, ""eventActionType"": ""pass"", ""isHome"": true, ""keypass"": false}",,
1154605,Désiré Doué,14167912,rating-breakdown,passes,passes,,,,Paris Saint-Germain,60.0,,50.1,49.9,37.5,50.5,True,True,1,boolean_field,success,True,,False,False,pass,rating-breakdown,True,50.1,49.9,37.5,50.5,pass,True,False,"{""playerCoordinates"": {""x"": 50.1, ""y"": 49.9}, ""passEndCoordinates"": {""x"": 37.5, ""y"": 50.5}, ""eventActionType"": ""pass"", ""isHome"": true, ""outcome"": true, ""keypass"": false}",,
1154605,Désiré Doué,14167912,rating-breakdown,passes,passes,,,,Paris Saint-Germain,60.0,,57.3,89.1,79.7,94,True,True,1,boolean_field,success,True,,False,False,pass,rating-breakdown,True,57.3,89.1,79.7,94,pass,True,False,"{""playerCoordinates"": {""x"": 57.3, ""y"": 89.1}, ""passEndCoordinates"": {""x"": 79.7, ""y"": 94}, ""eventActionType"": ""pass"", ""isHome"": true, ""outcome"": true, ""keypass"": false}",,
1154605,Désiré Doué,14167912,rating-breakdown,ball-carries,ball-carries,,,,Paris Saint-Germain,60.0,,63.9,5.8,63.1,10.8,,,,unresolvable,,,,False,False,,rating-breakdown,True,63.9,5.8,63.1,10.8,ball-carry,True,,"{""playerCoordinates"": {""x"": 63.9, ""y"": 5.8}, ""passEndCoordinates"": {""x"": 63.1, ""y"": 10.8}, ""eventActionType"": ""ball-carry"", ""isHome"": true}",,
1154605,Désiré Doué,14167912,rating-breakdown,ball-carries,ball-carries,,,,Paris Saint-Germain,60.0,,74.6,3.7,80.1,6.9,,,,unresolvable,,,,False,False,,rating-breakdown,True,74.6,3.7,80.1,6.9,ball-carry,True,,"{""playerCoordinates"": {""x"": 74.6, ""y"": 3.7}, ""passEndCoordinates"": {""x"": 80.1, ""y"": 6.9}, ""eventActionType"": ""ball-carry"", ""isHome"": true}",,
1154605,Désiré Doué,14167912,rating-breakdown,ball-carries,ball-carries,,,,Paris Saint-Germain,60.0,,83.9,9.4,77.1,23.4,,,,unresolvable,,,,False,False,,rating-breakdown,True,83.9,9.4,77.1,23.4,ball-carry,True,,"{""playerCoordinates"": {""x"": 83.9, ""y"": 9.4}, ""passEndCoordinates"": {""x"": 77.1, ""y"": 23.4}, ""eventActionType"": ""ball-carry"", ""isHome"": true}",,
1154605,Désiré Doué,14167912,rating-breakdown,ball-carries,ball-carries,,,,Paris Saint-Germain,60.0,,73.2,94.5,77.4,85,,,,unresolvable,,,,False,False,,rating-breakdown,True,73.2,94.5,77.4,85,ball-carry,True,,"{""playerCoordinates"": {""x"": 73.2, ""y"": 94.5}, ""passEndCoordinates"": {""x"": 77.4, ""y"": 85}, ""eventActionType"": ""ball-carry"", ""isHome"": true}",,
1154605,Désiré Doué,14167912,rating-breakdown,ball-carries,ball-carries,,,,Paris Saint-Germain,60.0,,71.4,60.6,81.4,71.7,,,,unresolvable,,,,False,False,,rating-breakdown,True,71.4,60.6,81.4,71.7,ball-carry,True,,"{""playerCoordinates"": {""x"": 71.4, ""y"": 60.6}, ""passEndCoordinates"": {""x"": 81.4, ""y"": 71.7}, ""eventActionType"": ""ball-carry"", ""isHome"": true}",,
1154605,Désiré Doué,14167912,rating-breakdown,ball-carries,ball-carries,,,,Paris Saint-Germain,60.0,,81.2,96.9,83.8,89.1,,,,unresolvable,,,,False,False,,rating-breakdown,True,81.2,96.9,83.8,89.1,ball-carry,True,,"{""playerCoordinates"": {""x"": 81.2, ""y"": 96.9}, ""passEndCoordinates"": {""x"": 83.8, ""y"": 89.1}, ""eventActionType"": ""ball-carry"", ""isHome"": true}",,
1154605,Désiré Doué,14167912,rating-breakdown,ball-carries,ball-carries,,,,Paris Saint-Germain,60.0,,70.2,8.5,61.9,10.8,,,,unresolvable,,,,False,False,,rating-breakdown,True,70.2,8.5,61.9,10.8,ball-carry,True,,"{""playerCoordinates"": {""x"": 70.2, ""y"": 8.5}, ""passEndCoordinates"": {""x"": 61.9, ""y"": 10.8}, ""eventActionType"": ""ball-carry"", ""isHome"": true}",,
1154605,Désiré Doué,14167912,rating-breakdown,ball-carries,ball-carries,,,,Paris Saint-Germain,60.0,,77,19.2,92.2,29.8,,,,unresolvable,,,,False,False,,rating-breakdown,True,77,19.2,92.2,29.8,ball-carry,True,,"{""playerCoordinates"": {""x"": 77, ""y"": 19.2}, ""passEndCoordinates"": {""x"": 92.2, ""y"": 29.8}, ""eventActionType"": ""ball-carry"", ""isHome"": true}",,
1154605,Désiré Doué,14167912,rating-breakdown,ball-carries,ball-carries,,,,Paris Saint-Germain,60.0,,75.8,2.8,73.9,10.6,,,,unresolvable,,,,False,False,,rating-breakdown,True,75.8,2.8,73.9,10.6,ball-carry,True,,"{""playerCoordinates"": {""x"": 75.8, ""y"": 2.8}, ""passEndCoordinates"": {""x"": 73.9, ""y"": 10.6}, ""eventActionType"": ""ball-carry"", ""isHome"": true}",,
1154605,Désiré Doué,14167912,rating-breakdown,ball-carries,ball-carries,,,,Paris Saint-Germain,60.0,,84.5,21,91.8,14.4,,,,unresolvable,,,,False,False,,rating-breakdown,True,84.5,21,91.8,14.4,ball-carry,True,,"{""playerCoordinates"": {""x"": 84.5, ""y"": 21}, ""passEndCoordinates"": {""x"": 91.8, ""y"": 14.4}, ""eventActionType"": ""ball-carry"", ""isHome"": true}",,
1154605,Désiré Doué,14167912,rating-breakdown,ball-carries,ball-carries,,,,Paris Saint-Germain,60.0,,80,14.1,76.7,21,,,,unresolvable,,,,False,False,,rating-breakdown,True,80,14.1,76.7,21,ball-carry,True,,"{""playerCoordinates"": {""x"": 80, ""y"": 14.1}, ""passEndCoordinates"": {""x"": 76.7, ""y"": 21}, ""eventActionType"": ""ball-carry"", ""isHome"": true}",,
1154605,Désiré Doué,14167912,rating-breakdown,ball-carries,ball-carries,,,,Paris Saint-Germain,60.0,,38.4,96.1,42.2,94.8,,,,unresolvable,,,,False,False,,rating-breakdown,True,38.4,96.1,42.2,94.8,ball-carry,True,,"{""playerCoordinates"": {""x"": 38.4, ""y"": 96.1}, ""passEndCoordinates"": {""x"": 42.2, ""y"": 94.8}, ""eventActionType"": ""ball-carry"", ""isHome"": true}",,
1154605,Désiré Doué,14167912,rating-breakdown,ball-carries,ball-carries,,,,Paris Saint-Germain,60.0,,88.6,15.4,82.4,19.3,,,,unresolvable,,,,False,False,,rating-breakdown,True,88.6,15.4,82.4,19.3,ball-carry,True,,"{""playerCoordinates"": {""x"": 88.6, ""y"": 15.4}, ""passEndCoordinates"": {""x"": 82.4, ""y"": 19.3}, ""eventActionType"": ""ball-carry"", ""isHome"": true}",,
1154605,Désiré Doué,14167912,rating-breakdown,ball-carries,ball-carries,,,,Paris Saint-Germain,60.0,,70.5,69.1,74.2,70.5,,,,unresolvable,,,,False,False,,rating-breakdown,True,70.5,69.1,74.2,70.5,ball-carry,True,,"{""playerCoordinates"": {""x"": 70.5, ""y"": 69.1}, ""passEndCoordinates"": {""x"": 74.2, ""y"": 70.5}, ""eventActionType"": ""ball-carry"", ""isHome"": true}",,
1154605,Désiré Doué,14167912,rating-breakdown,ball-carries,ball-carries,,,,Paris Saint-Germain,60.0,,85,88.3,82.8,82.6,,,,unresolvable,,,,False,False,,rating-breakdown,True,85,88.3,82.8,82.6,ball-carry,True,,"{""playerCoordinates"": {""x"": 85, ""y"": 88.3}, ""passEndCoordinates"": {""x"": 82.8, ""y"": 82.6}, ""eventActionType"": ""ball-carry"", ""isHome"": true}",,
1154605,Désiré Doué,14167912,rating-breakdown,ball-carries,ball-carries,,,,Paris Saint-Germain,60.0,,41.2,19.2,54.1,7.6,,,,unresolvable,,,,False,False,,rating-breakdown,True,41.2,19.2,54.1,7.6,ball-carry,True,,"{""playerCoordinates"": {""x"": 41.2, ""y"": 19.2}, ""passEndCoordinates"": {""x"": 54.1, ""y"": 7.6}, ""eventActionType"": ""ball-carry"", ""isHome"": true}",,
1154605,Désiré Doué,14167912,rating-breakdown,ball-carries,ball-carries,,,,Paris Saint-Germain,60.0,,64.5,57.3,62.8,51,,,,unresolvable,,,,False,False,,rating-breakdown,True,64.5,57.3,62.8,51,ball-carry,True,,"{""playerCoordinates"": {""x"": 64.5, ""y"": 57.3}, ""passEndCoordinates"": {""x"": 62.8, ""y"": 51}, ""eventActionType"": ""ball-carry"", ""isHome"": true}",,
1154605,Désiré Doué,14167912,rating-breakdown,ball-carries,ball-carries,,,,Paris Saint-Germain,60.0,,58.1,80.5,62.9,81.1,,,,unresolvable,,,,False,False,,rating-breakdown,True,58.1,80.5,62.9,81.1,ball-carry,True,,"{""playerCoordinates"": {""x"": 58.1, ""y"": 80.5}, ""passEndCoordinates"": {""x"": 62.9, ""y"": 81.1}, ""eventActionType"": ""ball-carry"", ""isHome"": true}",,
1154605,Désiré Doué,14167912,rating-breakdown,ball-carries,ball-carries,,,,Paris Saint-Germain,60.0,,35.8,90.4,62.1,81,,,,unresolvable,,,,False,False,,rating-breakdown,True,35.8,90.4,62.1,81,ball-carry,True,,"{""playerCoordinates"": {""x"": 35.8, ""y"": 90.4}, ""passEndCoordinates"": {""x"": 62.1, ""y"": 81}, ""eventActionType"": ""ball-carry"", ""isHome"": true}",,
1154605,Désiré Doué,14167912,rating-breakdown,ball-carries,ball-carries,,,,Paris Saint-Germain,60.0,,26.1,84.3,22.9,87.4,,,,unresolvable,,,,False,False,,rating-breakdown,True,26.1,84.3,22.9,87.4,ball-carry,True,,"{""playerCoordinates"": {""x"": 26.1, ""y"": 84.3}, ""passEndCoordinates"": {""x"": 22.9, ""y"": 87.4}, ""eventActionType"": ""ball-carry"", ""isHome"": true}",,
1154605,Désiré Doué,14167912,rating-breakdown,ball-carries,ball-carries,,,,Paris Saint-Germain,60.0,,28.5,76.5,24.3,88.3,,,,unresolvable,,,,False,False,,rating-breakdown,True,28.5,76.5,24.3,88.3,ball-carry,True,,"{""playerCoordinates"": {""x"": 28.5, ""y"": 76.5}, ""passEndCoordinates"": {""x"": 24.3, ""y"": 88.3}, ""eventActionType"": ""ball-carry"", ""isHome"": true}",,
1154605,Désiré Doué,14167912,rating-breakdown,ball-carries,ball-carries,,,,Paris Saint-Germain,60.0,,40.9,87.7,43.9,87,,,,unresolvable,,,,False,False,,rating-breakdown,True,40.9,87.7,43.9,87,ball-carry,True,,"{""playerCoordinates"": {""x"": 40.9, ""y"": 87.7}, ""passEndCoordinates"": {""x"": 43.9, ""y"": 87}, ""eventActionType"": ""ball-carry"", ""isHome"": true}",,
1154605,Désiré Doué,14167912,rating-breakdown,ball-carries,ball-carries,,,,Paris Saint-Germain,60.0,,80.6,43,79.7,36.6,,,,unresolvable,,,,False,False,,rating-breakdown,True,80.6,43,79.7,36.6,ball-carry,True,,"{""playerCoordinates"": {""x"": 80.6, ""y"": 43}, ""passEndCoordinates"": {""x"": 79.7, ""y"": 36.6}, ""eventActionType"": ""ball-carry"", ""isHome"": true}",,
1154605,Désiré Doué,14167912,rating-breakdown,ball-carries,ball-carries,,,,Paris Saint-Germain,60.0,,40.1,91.8,57.3,89.1,,,,unresolvable,,,,False,False,,rating-breakdown,True,40.1,91.8,57.3,89.1,ball-carry,True,,"{""playerCoordinates"": {""x"": 40.1, ""y"": 91.8}, ""passEndCoordinates"": {""x"": 57.3, ""y"": 89.1}, ""eventActionType"": ""ball-carry"", ""isHome"": true}",,
1154605,Désiré Doué,14167912,rating-breakdown,dribbles,dribbles,,,,Paris Saint-Germain,60.0,,72,94.2,,,,,,unresolvable,,,,False,False,,rating-breakdown,True,72,94.2,,,dribble,True,False,"{""playerCoordinates"": {""x"": 72, ""y"": 94.2}, ""eventActionType"": ""dribble"", ""isHome"": true, ""keypass"": false}",,
1154605,Désiré Doué,14167912,rating-breakdown,defensive,defensive,,,,Paris Saint-Germain,60.0,,25.2,9.1,,,True,True,1,boolean_field,success,,True,False,False,,rating-breakdown,True,25.2,9.1,,,ball-recovery,True,False,"{""playerCoordinates"": {""x"": 25.2, ""y"": 9.1}, ""eventActionType"": ""ball-recovery"", ""isHome"": true, ""outcome"": true, ""keypass"": false}",,
1154605,Désiré Doué,14167912,rating-breakdown,defensive,defensive,,,,Paris Saint-Germain,60.0,,85.8,15.7,,,True,True,1,boolean_field,success,,True,False,False,,rating-breakdown,True,85.8,15.7,,,interception,True,False,"{""playerCoordinates"": {""x"": 85.8, ""y"": 15.7}, ""eventActionType"": ""interception"", ""isHome"": true, ""outcome"": true, ""keypass"": false}",,
1154605,Désiré Doué,14167912,rating-breakdown,defensive,defensive,,,,Paris Saint-Germain,60.0,,88,7.8,,,True,True,1,boolean_field,success,,True,False,False,,rating-breakdown,True,88,7.8,,,ball-recovery,True,False,"{""playerCoordinates"": {""x"": 88, ""y"": 7.8}, ""eventActionType"": ""ball-recovery"", ""isHome"": true, ""outcome"": true, ""keypass"": false}",,
1154605,Désiré Doué,14167912,rating-breakdown,defensive,defensive,,,,Paris Saint-Germain,60.0,,64.2,30,,,,,,unresolvable,,,,False,False,,rating-breakdown,True,64.2,30,,,tackle,True,False,"{""playerCoordinates"": {""x"": 64.2, ""y"": 30}, ""eventActionType"": ""tackle"", ""isHome"": true, ""keypass"": false}",,
1154605,Désiré Doué,14167912,rating-breakdown,defensive,defensive,,,,Paris Saint-Germain,60.0,,82.5,14.4,,,True,True,1,boolean_field,success,,True,False,False,,rating-breakdown,True,82.5,14.4,,,interception,True,False,"{""playerCoordinates"": {""x"": 82.5, ""y"": 14.4}, ""eventActionType"": ""interception"", ""isHome"": true, ""outcome"": true, ""keypass"": false}",,
1154605,Désiré Doué,14167912,rating-breakdown,defensive,defensive,,,,Paris Saint-Germain,60.0,,65.6,71.2,,,True,True,1,boolean_field,success,,True,False,False,,rating-breakdown,True,65.6,71.2,,,ball-recovery,True,False,"{""playerCoordinates"": {""x"": 65.6, ""y"": 71.2}, ""eventActionType"": ""ball-recovery"", ""isHome"": true, ""outcome"": true, ""keypass"": false}",,
1154605,Désiré Doué,14167912,rating-breakdown,defensive,defensive,,,,Paris Saint-Germain,60.0,,82.9,25.2,,,True,True,1,boolean_field,success,,True,False,False,,rating-breakdown,True,82.9,25.2,,,ball-recovery,True,False,"{""playerCoordinates"": {""x"": 82.9, ""y"": 25.2}, ""eventActionType"": ""ball-recovery"", ""isHome"": true, ""outcome"": true, ""keypass"": false}",,
1154605,Désiré Doué,14167912,rating-breakdown,defensive,defensive,,,,Paris Saint-Germain,60.0,,33.3,83.4,,,True,True,1,boolean_field,success,,True,False,False,,rating-breakdown,True,33.3,83.4,,,tackle,True,False,"{""playerCoordinates"": {""x"": 33.3, ""y"": 83.4}, ""eventActionType"": ""tackle"", ""isHome"": true, ""outcome"": true, ""keypass"": false}",,
1154605,Désiré Doué,14167912,rating-breakdown,defensive,defensive,,,,Paris Saint-Germain,60.0,,26.1,84.3,,,True,True,1,boolean_field,success,,True,False,False,,rating-breakdown,True,26.1,84.3,,,ball-recovery,True,False,"{""playerCoordinates"": {""x"": 26.1, ""y"": 84.3}, ""eventActionType"": ""ball-recovery"", ""isHome"": true, ""outcome"": true, ""keypass"": false}",,
1154605,Désiré Doué,14167914,rating-breakdown,passes,passes,,,,Paris Saint-Germain,90.0,,54.2,7.7,37.1,22.3,True,True,1,boolean_field,success,True,,False,False,pass,rating-breakdown,True,54.2,7.7,37.1,22.3,pass,True,False,"{""playerCoordinates"": {""x"": 54.2, ""y"": 7.7}, ""passEndCoordinates"": {""x"": 37.1, ""y"": 22.3}, ""eventActionType"": ""pass"", ""isHome"": true, ""outcome"": true, ""keypass"": false}",,
1154605,Désiré Doué,14167914,rating-breakdown,passes,passes,,,,Paris Saint-Germain,90.0,,68.3,5.4,58.2,6.8,True,True,1,boolean_field,success,True,,False,False,pass,rating-breakdown,True,68.3,5.4,58.2,6.8,pass,True,False,"{""playerCoordinates"": {""x"": 68.3, ""y"": 5.4}, ""passEndCoordinates"": {""x"": 58.2, ""y"": 6.8}, ""eventActionType"": ""pass"", ""isHome"": true, ""outcome"": true, ""keypass"": false}",,
1154605,Désiré Doué,14167914,rating-breakdown,passes,passes,,,,Paris Saint-Germain,90.0,,58,20.3,44.8,20.8,True,True,1,boolean_field,success,True,,False,False,pass,rating-breakdown,True,58,20.3,44.8,20.8,pass,True,False,"{""playerCoordinates"": {""x"": 58, ""y"": 20.3}, ""passEndCoordinates"": {""x"": 44.8, ""y"": 20.8}, ""eventActionType"": ""pass"", ""isHome"": true, ""outcome"": true, ""keypass"": false}",,
1154605,Désiré Doué,14167914,rating-breakdown,passes,passes,,,,Paris Saint-Germain,90.0,,34.5,11.9,38.3,22.2,True,True,1,boolean_field,success,True,,False,False,pass,rating-breakdown,True,34.5,11.9,38.3,22.2,pass,True,False,"{""playerCoordinates"": {""x"": 34.5, ""y"": 11.9}, ""passEndCoordinates"": {""x"": 38.3, ""y"": 22.2}, ""eventActionType"": ""pass"", ""isHome"": true, ""outcome"": true, ""keypass"": false}",,
1154605,Désiré Doué,14167914,rating-breakdown,passes,passes,,,,Paris Saint-Germain,90.0,,68.5,11.4,66.7,25.6,True,True,1,boolean_field,success,True,,False,False,pass,rating-breakdown,True,68.5,11.4,66.7,25.6,pass,True,False,"{""playerCoordinates"": {""x"": 68.5, ""y"": 11.4}, ""passEndCoordinates"": {""x"": 66.7, ""y"": 25.6}, ""eventActionType"": ""pass"", ""isHome"": true, ""outcome"": true, ""keypass"": false}",,
1154605,Désiré Doué,14167914,rating-breakdown,passes,passes,,,,Paris Saint-Germain,90.0,,68.6,11.3,92.3,16.7,True,True,1,boolean_field,success,True,,False,False,pass,rating-breakdown,True,68.6,11.3,92.3,16.7,pass,True,False,"{""playerCoordinates"": {""x"": 68.6, ""y"": 11.3}, ""passEndCoordinates"": {""x"": 92.3, ""y"": 16.7}, ""eventActionType"": ""pass"", ""isHome"": true, ""outcome"": true, ""keypass"": false}",,
1154605,Désiré Doué,14167914,rating-breakdown,passes,passes,,,,Paris Saint-Germain,90.0,,69.8,30.9,60.3,45.2,True,True,1,boolean_field,success,True,,False,False,pass,rating-breakdown,True,69.8,30.9,60.3,45.2,pass,True,False,"{""playerCoordinates"": {""x"": 69.8, ""y"": 30.9}, ""passEndCoordinates"": {""x"": 60.3, ""y"": 45.2}, ""eventActionType"": ""pass"", ""isHome"": true, ""outcome"": true, ""keypass"": false}",,
1154605,Désiré Doué,14167914,rating-breakdown,passes,passes,,,,Paris Saint-Germain,90.0,,92.5,85.4,88,92.8,True,True,1,boolean_field,success,True,,False,False,pass,rating-breakdown,True,92.5,85.4,88,92.8,pass,True,False,"{""playerCoordinates"": {""x"": 92.5, ""y"": 85.4}, ""passEndCoordinates"": {""x"": 88, ""y"": 92.8}, ""eventActionType"": ""pass"", ""isHome"": true, ""outcome"": true, ""keypass"": false}",,
1154605,Désiré Doué,14167914,rating-breakdown,passes,passes,,,,Paris Saint-Germain,90.0,,58.5,7.4,78.7,73.3,True,True,1,boolean_field,success,True,,False,False,pass,rating-breakdown,True,58.5,7.4,78.7,73.3,pass,True,False,"{""playerCoordinates"": {""x"": 58.5, ""y"": 7.4}, ""passEndCoordinates"": {""x"": 78.7, ""y"": 73.3}, ""eventActionType"": ""pass"", ""isHome"": true, ""outcome"": true, ""keypass"": false, ""isLongBall"": true}",True,
1154605,Désiré Doué,14167914,rating-breakdown,passes,passes,,,,Paris Saint-Germain,90.0,,87.5,16.9,78.6,26.7,True,True,1,boolean_field,success,True,,False,False,pass,rating-breakdown,True,87.5,16.9,78.6,26.7,pass,True,False,"{""playerCoordinates"": {""x"": 87.5, ""y"": 16.9}, ""passEndCoordinates"": {""x"": 78.6, ""y"": 26.7}, ""eventActionType"": ""pass"", ""isHome"": true, ""outcome"": true, ""keypass"": false}",,
1154605,Désiré Doué,14167914,rating-breakdown,passes,passes,,,,Paris Saint-Germain,90.0,,22,35,25.4,13.8,True,True,1,boolean_field,success,True,,False,False,pass,rating-breakdown,True,22,35,25.4,13.8,pass,True,False,"{""playerCoordinates"": {""x"": 22, ""y"": 35}, ""passEndCoordinates"": {""x"": 25.4, ""y"": 13.8}, ""eventActionType"": ""pass"", ""isHome"": true, ""outcome"": true, ""keypass"": false}",,
1154605,Désiré Doué,14167914,rating-breakdown,passes,passes,,,,Paris Saint-Germain,90.0,,83.7,54,87.4,59.9,True,True,1,boolean_field,success,True,,False,True,key_pass,rating-breakdown,True,83.7,54,87.4,59.9,pass,True,True,"{""playerCoordinates"": {""x"": 83.7, ""y"": 54}, ""passEndCoordinates"": {""x"": 87.4, ""y"": 59.9}, ""eventActionType"": ""pass"", ""isHome"": true, ""outcome"": true, ""keypass"": true}",,
1154605,Désiré Doué,14167914,rating-breakdown,passes,passes,,,,Paris Saint-Germain,90.0,,3.7,83.6,60.2,88.6,,,,unresolvable,,,,False,False,pass,rating-breakdown,True,3.7,83.6,60.2,88.6,pass,True,False,"{""playerCoordinates"": {""x"": 3.7, ""y"": 83.6}, ""passEndCoordinates"": {""x"": 60.2, ""y"": 88.6}, ""eventActionType"": ""pass"", ""isHome"": true, ""keypass"": false, ""isLongBall"": true}",True,
1154605,Désiré Doué,14167914,rating-breakdown,passes,passes,,,,Paris Saint-Germain,90.0,,32.1,4,22,7.4,True,True,1,boolean_field,success,True,,False,False,pass,rating-breakdown,True,32.1,4,22,7.4,pass,True,False,"{""playerCoordinates"": {""x"": 32.1, ""y"": 4}, ""passEndCoordinates"": {""x"": 22, ""y"": 7.4}, ""eventActionType"": ""pass"", ""isHome"": true, ""outcome"": true, ""keypass"": false}",,
1154605,Désiré Doué,14167914,rating-breakdown,passes,passes,,,,Paris Saint-Germain,90.0,,96.5,25.5,94.3,50.7,,,,unresolvable,,,,False,False,pass,rating-breakdown,True,96.5,25.5,94.3,50.7,cross,True,False,"{""playerCoordinates"": {""x"": 96.5, ""y"": 25.5}, ""passEndCoordinates"": {""x"": 94.3, ""y"": 50.7}, ""eventActionType"": ""cross"", ""isHome"": true, ""keypass"": false}",,
1154605,Désiré Doué,14167914,rating-breakdown,passes,passes,,,,Paris Saint-Germain,90.0,,72.1,9.5,81,10.1,True,True,1,boolean_field,success,True,,False,False,pass,rating-breakdown,True,72.1,9.5,81,10.1,pass,True,False,"{""playerCoordinates"": {""x"": 72.1, ""y"": 9.5}, ""passEndCoordinates"": {""x"": 81, ""y"": 10.1}, ""eventActionType"": ""pass"", ""isHome"": true, ""outcome"": true, ""keypass"": false}",,
1154605,Désiré Doué,14167914,rating-breakdown,passes,passes,,,,Paris Saint-Germain,90.0,,63.6,80.3,51.1,57.9,True,True,1,boolean_field,success,True,,False,False,pass,rating-breakdown,True,63.6,80.3,51.1,57.9,pass,True,False,"{""playerCoordinates"": {""x"": 63.6, ""y"": 80.3}, ""passEndCoordinates"": {""x"": 51.1, ""y"": 57.9}, ""eventActionType"": ""pass"", ""isHome"": true, ""outcome"": true, ""keypass"": false}",,
1154605,Désiré Doué,14167914,rating-breakdown,passes,passes,,,,Paris Saint-Germain,90.0,,90.1,13.2,74.3,13.7,True,True,1,boolean_field,success,True,,False,False,pass,rating-breakdown,True,90.1,13.2,74.3,13.7,pass,True,False,"{""playerCoordinates"": {""x"": 90.1, ""y"": 13.2}, ""passEndCoordinates"": {""x"": 74.3, ""y"": 13.7}, ""eventActionType"": ""pass"", ""isHome"": true, ""outcome"": true, ""keypass"": false}",,
1154605,Désiré Doué,14167914,rating-breakdown,passes,passes,,,,Paris Saint-Germain,90.0,,29.3,12.6,13.6,29.7,True,True,1,boolean_field,success,True,,False,False,pass,rating-breakdown,True,29.3,12.6,13.6,29.7,pass,True,False,"{""playerCoordinates"": {""x"": 29.3, ""y"": 12.6}, ""passEndCoordinates"": {""x"": 13.6, ""y"": 29.7}, ""eventActionType"": ""pass"", ""isHome"": true, ""outcome"": true, ""keypass"": false}",,
1154605,Désiré Doué,14167914,rating-breakdown,passes,passes,,,,Paris Saint-Germain,90.0,,72.5,10.2,87.8,64.7,,,,unresolvable,,,,False,False,pass,rating-breakdown,True,72.5,10.2,87.8,64.7,pass,True,False,"{""playerCoordinates"": {""x"": 72.5, ""y"": 10.2}, ""passEndCoordinates"": {""x"": 87.8, ""y"": 64.7}, ""eventActionType"": ""pass"", ""isHome"": true, ""keypass"": false, ""isLongBall"": true}",True,
1154605,Désiré Doué,14167914,rating-breakdown,passes,passes,,,,Paris Saint-Germain,90.0,,72.4,68.9,77.8,78.6,True,True,1,boolean_field,success,True,,False,False,pass,rating-breakdown,True,72.4,68.9,77.8,78.6,pass,True,False,"{""playerCoordinates"": {""x"": 72.4, ""y"": 68.9}, ""passEndCoordinates"": {""x"": 77.8, ""y"": 78.6}, ""eventActionType"": ""pass"", ""isHome"": true, ""outcome"": true, ""keypass"": false}",,
1154605,Désiré Doué,14167914,rating-breakdown,passes,passes,,,,Paris Saint-Germain,90.0,,65.4,94.6,64.5,84.9,True,True,1,boolean_field,success,True,,False,False,pass,rating-breakdown,True,65.4,94.6,64.5,84.9,pass,True,False,"{""playerCoordinates"": {""x"": 65.4, ""y"": 94.6}, ""passEndCoordinates"": {""x"": 64.5, ""y"": 84.9}, ""eventActionType"": ""pass"", ""isHome"": true, ""outcome"": true, ""keypass"": false}",,
1154605,Désiré Doué,14167914,rating-breakdown,passes,passes,,,,Paris Saint-Germain,90.0,,46.6,84.9,32.6,89.8,True,True,1,boolean_field,success,True,,False,False,pass,rating-breakdown,True,46.6,84.9,32.6,89.8,pass,True,False,"{""playerCoordinates"": {""x"": 46.6, ""y"": 84.9}, ""passEndCoordinates"": {""x"": 32.6, ""y"": 89.8}, ""eventActionType"": ""pass"", ""isHome"": true, ""outcome"": true, ""keypass"": false}",,
1154605,Désiré Doué,14167914,rating-breakdown,passes,passes,,,,Paris Saint-Germain,90.0,,60.6,73.5,58.4,64.7,True,True,1,boolean_field,success,True,,False,False,pass,rating-breakdown,True,60.6,73.5,58.4,64.7,pass,True,False,"{""playerCoordinates"": {""x"": 60.6, ""y"": 73.5}, ""passEndCoordinates"": {""x"": 58.4, ""y"": 64.7}, ""eventActionType"": ""pass"", ""isHome"": true, ""outcome"": true, ""keypass"": false}",,
1154605,Désiré Doué,14167914,rating-breakdown,passes,passes,,,,Paris Saint-Germain,90.0,,65.3,98.4,59.6,70.9,True,True,1,boolean_field,success,True,,False,False,pass,rating-breakdown,True,65.3,98.4,59.6,70.9,pass,True,False,"{""playerCoordinates"": {""x"": 65.3, ""y"": 98.4}, ""passEndCoordinates"": {""x"": 59.6, ""y"": 70.9}, ""eventActionType"": ""pass"", ""isHome"": true, ""outcome"": true, ""keypass"": false}",,
1154605,Désiré Doué,14167914,rating-breakdown,passes,passes,,,,Paris Saint-Germain,90.0,,66.4,89.8,69.9,97.2,True,True,1,boolean_field,success,True,,False,False,pass,rating-breakdown,True,66.4,89.8,69.9,97.2,pass,True,False,"{""playerCoordinates"": {""x"": 66.4, ""y"": 89.8}, ""passEndCoordinates"": {""x"": 69.9, ""y"": 97.2}, ""eventActionType"": ""pass"", ""isHome"": true, ""outcome"": true, ""keypass"": false}",,
1154605,Désiré Doué,14167914,rating-breakdown,passes,passes,,,,Paris Saint-Germain,90.0,,67.4,96.3,68.6,91.6,,,,unresolvable,,,,False,False,pass,rating-breakdown,True,67.4,96.3,68.6,91.6,pass,True,False,"{""playerCoordinates"": {""x"": 67.4, ""y"": 96.3}, ""passEndCoordinates"": {""x"": 68.6, ""y"": 91.6}, ""eventActionType"": ""pass"", ""isHome"": true, ""keypass"": false}",,
1154605,Désiré Doué,14167914,rating-breakdown,passes,passes,,,,Paris Saint-Germain,90.0,,77.9,27.7,77.7,27.9,,,,unresolvable,,,,False,False,pass,rating-breakdown,True,77.9,27.7,77.7,27.9,pass,True,False,"{""playerCoordinates"": {""x"": 77.9, ""y"": 27.7}, ""passEndCoordinates"": {""x"": 77.7, ""y"": 27.9}, ""eventActionType"": ""pass"", ""isHome"": true, ""keypass"": false}",,
1154605,Désiré Doué,14167914,rating-breakdown,passes,passes,,,,Paris Saint-Germain,90.0,,76,9.5,73.7,4.8,True,True,1,boolean_field,success,True,,False,False,pass,rating-breakdown,True,76,9.5,73.7,4.8,pass,True,False,"{""playerCoordinates"": {""x"": 76, ""y"": 9.5}, ""passEndCoordinates"": {""x"": 73.7, ""y"": 4.8}, ""eventActionType"": ""pass"", ""isHome"": true, ""outcome"": true, ""keypass"": false}",,
1154605,Désiré Doué,14167914,rating-breakdown,passes,passes,,,,Paris Saint-Germain,90.0,,78.9,65.9,86.4,66.2,,,,unresolvable,,,,False,False,pass,rating-breakdown,True,78.9,65.9,86.4,66.2,pass,True,False,"{""playerCoordinates"": {""x"": 78.9, ""y"": 65.9}, ""passEndCoordinates"": {""x"": 86.4, ""y"": 66.2}, ""eventActionType"": ""pass"", ""isHome"": true, ""keypass"": false}",,
1154605,Désiré Doué,14167914,rating-breakdown,passes,passes,,,,Paris Saint-Germain,90.0,,52.6,8,57.1,9.9,True,True,1,boolean_field,success,True,,False,False,pass,rating-breakdown,True,52.6,8,57.1,9.9,pass,True,False,"{""playerCoordinates"": {""x"": 52.6, ""y"": 8}, ""passEndCoordinates"": {""x"": 57.1, ""y"": 9.9}, ""eventActionType"": ""pass"", ""isHome"": true, ""outcome"": true, ""keypass"": false}",,
1154605,Désiré Doué,14167914,rating-breakdown,passes,passes,,,,Paris Saint-Germain,90.0,,52.7,12,33.5,47.4,True,True,1,boolean_field,success,True,,False,False,pass,rating-breakdown,True,52.7,12,33.5,47.4,pass,True,False,"{""playerCoordinates"": {""x"": 52.7, ""y"": 12}, ""passEndCoordinates"": {""x"": 33.5, ""y"": 47.4}, ""eventActionType"": ""pass"", ""isHome"": true, ""outcome"": true, ""keypass"": false}",,
1154605,Désiré Doué,14167914,rating-breakdown,passes,passes,,,,Paris Saint-Germain,90.0,,41.8,29.4,58.3,1.6,True,True,1,boolean_field,success,True,,False,False,pass,rating-breakdown,True,41.8,29.4,58.3,1.6,pass,True,False,"{""playerCoordinates"": {""x"": 41.8, ""y"": 29.4}, ""passEndCoordinates"": {""x"": 58.3, ""y"": 1.6}, ""eventActionType"": ""pass"", ""isHome"": true, ""outcome"": true, ""keypass"": false}",,
1154605,Désiré Doué,14167914,rating-breakdown,passes,passes,,,,Paris Saint-Germain,90.0,,47.7,14.3,57.1,36.3,,,,unresolvable,,,,False,False,pass,rating-breakdown,True,47.7,14.3,57.1,36.3,pass,True,False,"{""playerCoordinates"": {""x"": 47.7, ""y"": 14.3}, ""passEndCoordinates"": {""x"": 57.1, ""y"": 36.3}, ""eventActionType"": ""pass"", ""isHome"": true, ""keypass"": false}",,
1154605,Désiré Doué,14167914,rating-breakdown,passes,passes,,,,Paris Saint-Germain,90.0,,75.6,89.9,69.9,83.7,True,True,1,boolean_field,success,True,,False,False,pass,rating-breakdown,True,75.6,89.9,69.9,83.7,pass,True,False,"{""playerCoordinates"": {""x"": 75.6, ""y"": 89.9}, ""passEndCoordinates"": {""x"": 69.9, ""y"": 83.7}, ""eventActionType"": ""pass"", ""isHome"": true, ""outcome"": true, ""keypass"": false}",,
1154605,Désiré Doué,14167914,rating-breakdown,passes,passes,,,,Paris Saint-Germain,90.0,,95.5,24.6,91.6,56.3,,,,unresolvable,,,,False,False,pass,rating-breakdown,True,95.5,24.6,91.6,56.3,cross,True,False,"{""playerCoordinates"": {""x"": 95.5, ""y"": 24.6}, ""passEndCoordinates"": {""x"": 91.6, ""y"": 56.3}, ""eventActionType"": ""cross"", ""isHome"": true, ""keypass"": false}",,
1154605,Désiré Doué,14167914,rating-breakdown,passes,passes,,,,Paris Saint-Germain,90.0,,55.7,37.7,39,56.3,True,True,1,boolean_field,success,True,,False,False,pass,rating-breakdown,True,55.7,37.7,39,56.3,pass,True,False,"{""playerCoordinates"": {""x"": 55.7, ""y"": 37.7}, ""passEndCoordinates"": {""x"": 39, ""y"": 56.3}, ""eventActionType"": ""pass"", ""isHome"": true, ""outcome"": true, ""keypass"": false}",,
1154605,Désiré Doué,14167914,rating-breakdown,passes,passes,,,,Paris Saint-Germain,90.0,,69.1,23.4,68,19.4,True,True,1,boolean_field,success,True,,False,False,pass,rating-breakdown,True,69.1,23.4,68,19.4,pass,True,False,"{""playerCoordinates"": {""x"": 69.1, ""y"": 23.4}, ""passEndCoordinates"": {""x"": 68, ""y"": 19.4}, ""eventActionType"": ""pass"", ""isHome"": true, ""outcome"": true, ""keypass"": false}",,
1154605,Désiré Doué,14167914,rating-breakdown,passes,passes,,,,Paris Saint-Germain,90.0,,72.5,4.3,85.8,32.3,True,True,1,boolean_field,success,True,,False,False,pass,rating-breakdown,True,72.5,4.3,85.8,32.3,pass,True,False,"{""playerCoordinates"": {""x"": 72.5, ""y"": 4.3}, ""passEndCoordinates"": {""x"": 85.8, ""y"": 32.3}, ""eventActionType"": ""pass"", ""isHome"": true, ""outcome"": true, ""keypass"": false}",,
1154605,Désiré Doué,14167914,rating-breakdown,passes,passes,,,,Paris Saint-Germain,90.0,,74.2,27,73.8,45.4,True,True,1,boolean_field,success,True,,False,False,pass,rating-breakdown,True,74.2,27,73.8,45.4,pass,True,False,"{""playerCoordinates"": {""x"": 74.2, ""y"": 27}, ""passEndCoordinates"": {""x"": 73.8, ""y"": 45.4}, ""eventActionType"": ""pass"", ""isHome"": true, ""outcome"": true, ""keypass"": false}",,
1154605,Désiré Doué,14167914,rating-breakdown,passes,passes,,,,Paris Saint-Germain,90.0,,41.4,6.8,31.1,7.1,True,True,1,boolean_field,success,True,,False,False,pass,rating-breakdown,True,41.4,6.8,31.1,7.1,pass,True,False,"{""playerCoordinates"": {""x"": 41.4, ""y"": 6.8}, ""passEndCoordinates"": {""x"": 31.1, ""y"": 7.1}, ""eventActionType"": ""pass"", ""isHome"": true, ""outcome"": true, ""keypass"": false}",,
1154605,Désiré Doué,14167914,rating-breakdown,passes,passes,,,,Paris Saint-Germain,90.0,,57.6,8.9,47.9,10.2,True,True,1,boolean_field,success,True,,False,False,pass,rating-breakdown,True,57.6,8.9,47.9,10.2,pass,True,False,"{""playerCoordinates"": {""x"": 57.6, ""y"": 8.9}, ""passEndCoordinates"": {""x"": 47.9, ""y"": 10.2}, ""eventActionType"": ""pass"", ""isHome"": true, ""outcome"": true, ""keypass"": false}",,
1154605,Désiré Doué,14167914,rating-breakdown,passes,passes,,,,Paris Saint-Germain,90.0,,70.5,13.7,63.1,12.8,True,True,1,boolean_field,success,True,,False,False,pass,rating-breakdown,True,70.5,13.7,63.1,12.8,pass,True,False,"{""playerCoordinates"": {""x"": 70.5, ""y"": 13.7}, ""passEndCoordinates"": {""x"": 63.1, ""y"": 12.8}, ""eventActionType"": ""pass"", ""isHome"": true, ""outcome"": true, ""keypass"": false}",,
1154605,Désiré Doué,14167914,rating-breakdown,passes,passes,,,,Paris Saint-Germain,90.0,,67.6,5.5,73.2,4,True,True,1,boolean_field,success,True,,False,False,pass,rating-breakdown,True,67.6,5.5,73.2,4,pass,True,False,"{""playerCoordinates"": {""x"": 67.6, ""y"": 5.5}, ""passEndCoordinates"": {""x"": 73.2, ""y"": 4}, ""eventActionType"": ""pass"", ""isHome"": true, ""outcome"": true, ""keypass"": false}",,
1154605,Désiré Doué,14167914,rating-breakdown,passes,passes,,,,Paris Saint-Germain,90.0,,57.7,21.2,61.3,16.6,True,True,1,boolean_field,success,True,,False,False,pass,rating-breakdown,True,57.7,21.2,61.3,16.6,pass,True,False,"{""playerCoordinates"": {""x"": 57.7, ""y"": 21.2}, ""passEndCoordinates"": {""x"": 61.3, ""y"": 16.6}, ""eventActionType"": ""pass"", ""isHome"": true, ""outcome"": true, ""keypass"": false}",,
1154605,Désiré Doué,14167914,rating-breakdown,passes,passes,,,,Paris Saint-Germain,90.0,,73.4,52.6,76.9,52.6,,,,unresolvable,,,,False,False,pass,rating-breakdown,True,73.4,52.6,76.9,52.6,pass,True,False,"{""playerCoordinates"": {""x"": 73.4, ""y"": 52.6}, ""passEndCoordinates"": {""x"": 76.9, ""y"": 52.6}, ""eventActionType"": ""pass"", ""isHome"": true, ""keypass"": false}",,
1154605,Désiré Doué,14167914,rating-breakdown,passes,passes,,,,Paris Saint-Germain,90.0,,46.7,87.7,62.8,95.5,True,True,1,boolean_field,success,True,,False,False,pass,rating-breakdown,True,46.7,87.7,62.8,95.5,pass,True,False,"{""playerCoordinates"": {""x"": 46.7, ""y"": 87.7}, ""passEndCoordinates"": {""x"": 62.8, ""y"": 95.5}, ""eventActionType"": ""pass"", ""isHome"": true, ""outcome"": true, ""keypass"": false}",,
1154605,Désiré Doué,14167914,rating-breakdown,passes,passes,,,,Paris Saint-Germain,90.0,,44.4,87.2,26.1,73.8,True,True,1,boolean_field,success,True,,False,False,pass,rating-breakdown,True,44.4,87.2,26.1,73.8,pass,True,False,"{""playerCoordinates"": {""x"": 44.4, ""y"": 87.2}, ""passEndCoordinates"": {""x"": 26.1, ""y"": 73.8}, ""eventActionType"": ""pass"", ""isHome"": true, ""outcome"": true, ""keypass"": false}",,
1154605,Désiré Doué,14167914,rating-breakdown,passes,passes,,,,Paris Saint-Germain,90.0,,44.6,83.1,32.7,85.5,True,True,1,boolean_field,success,True,,False,False,pass,rating-breakdown,True,44.6,83.1,32.7,85.5,pass,True,False,"{""playerCoordinates"": {""x"": 44.6, ""y"": 83.1}, ""passEndCoordinates"": {""x"": 32.7, ""y"": 85.5}, ""eventActionType"": ""pass"", ""isHome"": true, ""outcome"": true, ""keypass"": false}",,
1154605,Désiré Doué,14167914,rating-breakdown,passes,passes,,,,Paris Saint-Germain,90.0,,75.8,16,72.3,25.9,,,,unresolvable,,,,False,False,pass,rating-breakdown,True,75.8,16,72.3,25.9,pass,True,False,"{""playerCoordinates"": {""x"": 75.8, ""y"": 16}, ""passEndCoordinates"": {""x"": 72.3, ""y"": 25.9}, ""eventActionType"": ""pass"", ""isHome"": true, ""keypass"": false}",,
1154605,Désiré Doué,14167914,rating-breakdown,passes,passes,,,,Paris Saint-Germain,90.0,,66.4,77.5,60.2,73.6,True,True,1,boolean_field,success,True,,False,False,pass,rating-breakdown,True,66.4,77.5,60.2,73.6,pass,True,False,"{""playerCoordinates"": {""x"": 66.4, ""y"": 77.5}, ""passEndCoordinates"": {""x"": 60.2, ""y"": 73.6}, ""eventActionType"": ""pass"", ""isHome"": true, ""outcome"": true, ""keypass"": false}",,
1154605,Désiré Doué,14167914,rating-breakdown,passes,passes,,,,Paris Saint-Germain,90.0,,87.6,74.8,89.3,39.3,,,,unresolvable,,,,False,False,pass,rating-breakdown,True,87.6,74.8,89.3,39.3,cross,True,False,"{""playerCoordinates"": {""x"": 87.6, ""y"": 74.8}, ""passEndCoordinates"": {""x"": 89.3, ""y"": 39.3}, ""eventActionType"": ""cross"", ""isHome"": true, ""keypass"": false}",,
1154605,Désiré Doué,14167914,rating-breakdown,passes,passes,,,,Paris Saint-Germain,90.0,,68.7,87.7,60.3,87.2,True,True,1,boolean_field,success,True,,False,False,pass,rating-breakdown,True,68.7,87.7,60.3,87.2,pass,True,False,"{""playerCoordinates"": {""x"": 68.7, ""y"": 87.7}, ""passEndCoordinates"": {""x"": 60.3, ""y"": 87.2}, ""eventActionType"": ""pass"", ""isHome"": true, ""outcome"": true, ""keypass"": false}",,
1154605,Désiré Doué,14167914,rating-breakdown,passes,passes,,,,Paris Saint-Germain,90.0,,64.8,96.9,56.2,91,True,True,1,boolean_field,success,True,,False,False,pass,rating-breakdown,True,64.8,96.9,56.2,91,pass,True,False,"{""playerCoordinates"": {""x"": 64.8, ""y"": 96.9}, ""passEndCoordinates"": {""x"": 56.2, ""y"": 91}, ""eventActionType"": ""pass"", ""isHome"": true, ""outcome"": true, ""keypass"": false}",,
1154605,Désiré Doué,14167914,rating-breakdown,passes,passes,,,,Paris Saint-Germain,90.0,,85.4,73,85.4,65.6,,,,unresolvable,,,,False,False,pass,rating-breakdown,True,85.4,73,85.4,65.6,pass,True,False,"{""playerCoordinates"": {""x"": 85.4, ""y"": 73}, ""passEndCoordinates"": {""x"": 85.4, ""y"": 65.6}, ""eventActionType"": ""pass"", ""isHome"": true, ""keypass"": false}",,
1154605,Désiré Doué,14167914,rating-breakdown,passes,passes,,,,Paris Saint-Germain,90.0,,60.6,80.4,36.2,82.5,True,True,1,boolean_field,success,True,,False,False,pass,rating-breakdown,True,60.6,80.4,36.2,82.5,pass,True,False,"{""playerCoordinates"": {""x"": 60.6, ""y"": 80.4}, ""passEndCoordinates"": {""x"": 36.2, ""y"": 82.5}, ""eventActionType"": ""pass"", ""isHome"": true, ""outcome"": true, ""keypass"": false}",,
1154605,Désiré Doué,14167914,rating-breakdown,passes,passes,,,,Paris Saint-Germain,90.0,,62.5,94.9,72.2,93.8,,,,unresolvable,,,,False,False,pass,rating-breakdown,True,62.5,94.9,72.2,93.8,pass,True,False,"{""playerCoordinates"": {""x"": 62.5, ""y"": 94.9}, ""passEndCoordinates"": {""x"": 72.2, ""y"": 93.8}, ""eventActionType"": ""pass"", ""isHome"": true, ""keypass"": false}",,
1154605,Désiré Doué,14167914,rating-breakdown,passes,passes,,,,Paris Saint-Germain,90.0,,55.1,91.1,55.2,94.8,True,True,1,boolean_field,success,True,,False,False,pass,rating-breakdown,True,55.1,91.1,55.2,94.8,pass,True,False,"{""playerCoordinates"": {""x"": 55.1, ""y"": 91.1}, ""passEndCoordinates"": {""x"": 55.2, ""y"": 94.8}, ""eventActionType"": ""pass"", ""isHome"": true, ""outcome"": true, ""keypass"": false}",,
1154605,Désiré Doué,14167914,rating-breakdown,passes,passes,,,,Paris Saint-Germain,90.0,,99.5,0.5,76.9,17.5,True,True,1,boolean_field,success,True,,False,True,key_pass,rating-breakdown,True,99.5,0.5,76.9,17.5,pass,True,True,"{""playerCoordinates"": {""x"": 99.5, ""y"": 0.5}, ""passEndCoordinates"": {""x"": 76.9, ""y"": 17.5}, ""eventActionType"": ""pass"", ""isHome"": true, ""outcome"": true, ""keypass"": true}",,
1154605,Désiré Doué,14167914,rating-breakdown,passes,passes,,,,Paris Saint-Germain,90.0,,55.2,8.3,60.9,5.4,True,True,1,boolean_field,success,True,,False,False,pass,rating-breakdown,True,55.2,8.3,60.9,5.4,pass,True,False,"{""playerCoordinates"": {""x"": 55.2, ""y"": 8.3}, ""passEndCoordinates"": {""x"": 60.9, ""y"": 5.4}, ""eventActionType"": ""pass"", ""isHome"": true, ""outcome"": true, ""keypass"": false}",,
1154605,Désiré Doué,14167914,rating-breakdown,passes,passes,,,,Paris Saint-Germain,90.0,,54.4,13.7,40.9,29.7,True,True,1,boolean_field,success,True,,False,False,pass,rating-breakdown,True,54.4,13.7,40.9,29.7,pass,True,False,"{""playerCoordinates"": {""x"": 54.4, ""y"": 13.7}, ""passEndCoordinates"": {""x"": 40.9, ""y"": 29.7}, ""eventActionType"": ""pass"", ""isHome"": true, ""outcome"": true, ""keypass"": false}",,
1154605,Désiré Doué,14167914,rating-breakdown,passes,passes,,,,Paris Saint-Germain,90.0,,86.5,67,83.6,64.3,,,,unresolvable,,,,False,False,pass,rating-breakdown,True,86.5,67,83.6,64.3,pass,True,False,"{""playerCoordinates"": {""x"": 86.5, ""y"": 67}, ""passEndCoordinates"": {""x"": 83.6, ""y"": 64.3}, ""eventActionType"": ""pass"", ""isHome"": true, ""keypass"": false}",,
1154605,Désiré Doué,14167914,rating-breakdown,ball-carries,ball-carries,,,,Paris Saint-Germain,90.0,,57.3,6.8,54.2,7.7,,,,unresolvable,,,,False,False,,rating-breakdown,True,57.3,6.8,54.2,7.7,ball-carry,True,,"{""playerCoordinates"": {""x"": 57.3, ""y"": 6.8}, ""passEndCoordinates"": {""x"": 54.2, ""y"": 7.7}, ""eventActionType"": ""ball-carry"", ""isHome"": true}",,
1154605,Désiré Doué,14167914,rating-breakdown,ball-carries,ball-carries,,,,Paris Saint-Germain,90.0,,60.6,17.8,58,20.3,,,,unresolvable,,,,False,False,,rating-breakdown,True,60.6,17.8,58,20.3,ball-carry,True,,"{""playerCoordinates"": {""x"": 60.6, ""y"": 17.8}, ""passEndCoordinates"": {""x"": 58, ""y"": 20.3}, ""eventActionType"": ""ball-carry"", ""isHome"": true}",,
1154605,Désiré Doué,14167914,rating-breakdown,ball-carries,ball-carries,,,,Paris Saint-Germain,90.0,,68.3,3.4,68.5,11.4,,,,unresolvable,,,,False,False,,rating-breakdown,True,68.3,3.4,68.5,11.4,ball-carry,True,,"{""playerCoordinates"": {""x"": 68.3, ""y"": 3.4}, ""passEndCoordinates"": {""x"": 68.5, ""y"": 11.4}, ""eventActionType"": ""ball-carry"", ""isHome"": true}",,
1154605,Désiré Doué,14167914,rating-breakdown,ball-carries,ball-carries,,,,Paris Saint-Germain,90.0,,74.6,16,69.8,30.9,,,,unresolvable,,,,False,False,,rating-breakdown,True,74.6,16,69.8,30.9,ball-carry,True,,"{""playerCoordinates"": {""x"": 74.6, ""y"": 16}, ""passEndCoordinates"": {""x"": 69.8, ""y"": 30.9}, ""eventActionType"": ""ball-carry"", ""isHome"": true}",,
1154605,Désiré Doué,14167914,rating-breakdown,ball-carries,ball-carries,,,,Paris Saint-Germain,90.0,,44.4,7.1,58.5,7.4,,,,unresolvable,,,,False,False,,rating-breakdown,True,44.4,7.1,58.5,7.4,ball-carry,True,,"{""playerCoordinates"": {""x"": 44.4, ""y"": 7.1}, ""passEndCoordinates"": {""x"": 58.5, ""y"": 7.4}, ""eventActionType"": ""ball-carry"", ""isHome"": true}",,
1154605,Désiré Doué,14167914,rating-breakdown,ball-carries,ball-carries,,,,Paris Saint-Germain,90.0,,90.1,9.2,87.5,16.9,,,,unresolvable,,,,False,False,,rating-breakdown,True,90.1,9.2,87.5,16.9,ball-carry,True,,"{""playerCoordinates"": {""x"": 90.1, ""y"": 9.2}, ""passEndCoordinates"": {""x"": 87.5, ""y"": 16.9}, ""eventActionType"": ""ball-carry"", ""isHome"": true}",,
1154605,Désiré Doué,14167914,rating-breakdown,ball-carries,ball-carries,,,,Paris Saint-Germain,90.0,,17.6,51.7,20.3,44.9,,,,unresolvable,,,,False,False,,rating-breakdown,True,17.6,51.7,20.3,44.9,ball-carry,True,,"{""playerCoordinates"": {""x"": 17.6, ""y"": 51.7}, ""passEndCoordinates"": {""x"": 20.3, ""y"": 44.9}, ""eventActionType"": ""ball-carry"", ""isHome"": true}",,
1154605,Désiré Doué,14167914,rating-breakdown,ball-carries,ball-carries,,,,Paris Saint-Germain,90.0,,20.3,44.9,22,35,,,,unresolvable,,,,False,False,,rating-breakdown,True,20.3,44.9,22,35,ball-carry,True,,"{""playerCoordinates"": {""x"": 20.3, ""y"": 44.9}, ""passEndCoordinates"": {""x"": 22, ""y"": 35}, ""eventActionType"": ""ball-carry"", ""isHome"": true}",,
1154605,Désiré Doué,14167914,rating-breakdown,ball-carries,ball-carries,,,,Paris Saint-Germain,90.0,,96.3,20.8,96.5,25.5,,,,unresolvable,,,,False,False,,rating-breakdown,True,96.3,20.8,96.5,25.5,ball-carry,True,,"{""playerCoordinates"": {""x"": 96.3, ""y"": 20.8}, ""passEndCoordinates"": {""x"": 96.5, ""y"": 25.5}, ""eventActionType"": ""ball-carry"", ""isHome"": true}",,
1154605,Désiré Doué,14167914,rating-breakdown,ball-carries,ball-carries,,,,Paris Saint-Germain,90.0,,71.2,3.7,72.1,9.5,,,,unresolvable,,,,False,False,,rating-breakdown,True,71.2,3.7,72.1,9.5,ball-carry,True,,"{""playerCoordinates"": {""x"": 71.2, ""y"": 3.7}, ""passEndCoordinates"": {""x"": 72.1, ""y"": 9.5}, ""eventActionType"": ""ball-carry"", ""isHome"": true}",,
1154605,Désiré Doué,14167914,rating-breakdown,ball-carries,ball-carries,,,,Paris Saint-Germain,90.0,,66.1,86.3,63.6,80.3,,,,unresolvable,,,,False,False,,rating-breakdown,True,66.1,86.3,63.6,80.3,ball-carry,True,,"{""playerCoordinates"": {""x"": 66.1, ""y"": 86.3}, ""passEndCoordinates"": {""x"": 63.6, ""y"": 80.3}, ""eventActionType"": ""ball-carry"", ""isHome"": true}",,
1154605,Désiré Doué,14167914,rating-breakdown,ball-carries,ball-carries,,,,Paris Saint-Germain,90.0,,63.5,7.1,59,10.6,,,,unresolvable,,,,False,False,,rating-breakdown,True,63.5,7.1,59,10.6,ball-carry,True,,"{""playerCoordinates"": {""x"": 63.5, ""y"": 7.1}, ""passEndCoordinates"": {""x"": 59, ""y"": 10.6}, ""eventActionType"": ""ball-carry"", ""isHome"": true}",,
1154605,Désiré Doué,14167914,rating-breakdown,ball-carries,ball-carries,,,,Paris Saint-Germain,90.0,,89.9,19.1,90.1,13.2,,,,unresolvable,,,,False,False,,rating-breakdown,True,89.9,19.1,90.1,13.2,ball-carry,True,,"{""playerCoordinates"": {""x"": 89.9, ""y"": 19.1}, ""passEndCoordinates"": {""x"": 90.1, ""y"": 13.2}, ""eventActionType"": ""ball-carry"", ""isHome"": true}",,
1154605,Désiré Doué,14167914,rating-breakdown,ball-carries,ball-carries,,,,Paris Saint-Germain,90.0,,32.6,11.7,29.3,12.6,,,,unresolvable,,,,False,False,,rating-breakdown,True,32.6,11.7,29.3,12.6,ball-carry,True,,"{""playerCoordinates"": {""x"": 32.6, ""y"": 11.7}, ""passEndCoordinates"": {""x"": 29.3, ""y"": 12.6}, ""eventActionType"": ""ball-carry"", ""isHome"": true}",,
1154605,Désiré Doué,14167914,rating-breakdown,ball-carries,ball-carries,,,,Paris Saint-Germain,90.0,,60.5,2.8,72.5,10.2,,,,unresolvable,,,,False,False,,rating-breakdown,True,60.5,2.8,72.5,10.2,ball-carry,True,,"{""playerCoordinates"": {""x"": 60.5, ""y"": 2.8}, ""passEndCoordinates"": {""x"": 72.5, ""y"": 10.2}, ""eventActionType"": ""ball-carry"", ""isHome"": true}",,
1154605,Désiré Doué,14167914,rating-breakdown,ball-carries,ball-carries,,,,Paris Saint-Germain,90.0,,61.4,80.1,66.1,79.2,,,,unresolvable,,,,False,False,,rating-breakdown,True,61.4,80.1,66.1,79.2,ball-carry,True,,"{""playerCoordinates"": {""x"": 61.4, ""y"": 80.1}, ""passEndCoordinates"": {""x"": 66.1, ""y"": 79.2}, ""eventActionType"": ""ball-carry"", ""isHome"": true}",,
1154605,Désiré Doué,14167914,rating-breakdown,ball-carries,ball-carries,,,,Paris Saint-Germain,90.0,,85.2,27.1,77.9,27.7,,,,unresolvable,,,,False,False,,rating-breakdown,True,85.2,27.1,77.9,27.7,ball-carry,True,,"{""playerCoordinates"": {""x"": 85.2, ""y"": 27.1}, ""passEndCoordinates"": {""x"": 77.9, ""y"": 27.7}, ""eventActionType"": ""ball-carry"", ""isHome"": true}",,
1154605,Désiré Doué,14167914,rating-breakdown,ball-carries,ball-carries,,,,Paris Saint-Germain,90.0,,57.7,8.4,47.7,14.3,,,,unresolvable,,,,False,False,,rating-breakdown,True,57.7,8.4,47.7,14.3,ball-carry,True,,"{""playerCoordinates"": {""x"": 57.7, ""y"": 8.4}, ""passEndCoordinates"": {""x"": 47.7, ""y"": 14.3}, ""eventActionType"": ""ball-carry"", ""isHome"": true}",,
1154605,Désiré Doué,14167914,rating-breakdown,ball-carries,ball-carries,,,,Paris Saint-Germain,90.0,,73.9,97.3,75.6,89.9,,,,unresolvable,,,,False,False,,rating-breakdown,True,73.9,97.3,75.6,89.9,ball-carry,True,,"{""playerCoordinates"": {""x"": 73.9, ""y"": 97.3}, ""passEndCoordinates"": {""x"": 75.6, ""y"": 89.9}, ""eventActionType"": ""ball-carry"", ""isHome"": true}",,
1154605,Désiré Doué,14167914,rating-breakdown,ball-carries,ball-carries,,,,Paris Saint-Germain,90.0,,64.6,4.3,74.1,14.2,,,,unresolvable,,,,False,False,,rating-breakdown,True,64.6,4.3,74.1,14.2,ball-carry,True,,"{""playerCoordinates"": {""x"": 64.6, ""y"": 4.3}, ""passEndCoordinates"": {""x"": 74.1, ""y"": 14.2}, ""eventActionType"": ""ball-carry"", ""isHome"": true}",,
1154605,Désiré Doué,14167914,rating-breakdown,ball-carries,ball-carries,,,,Paris Saint-Germain,90.0,,57.6,30.6,56.1,36.5,,,,unresolvable,,,,False,False,,rating-breakdown,True,57.6,30.6,56.1,36.5,ball-carry,True,,"{""playerCoordinates"": {""x"": 57.6, ""y"": 30.6}, ""passEndCoordinates"": {""x"": 56.1, ""y"": 36.5}, ""eventActionType"": ""ball-carry"", ""isHome"": true}",,
1154605,Désiré Doué,14167914,rating-breakdown,ball-carries,ball-carries,,,,Paris Saint-Germain,90.0,,68.9,14.8,74.2,27,,,,unresolvable,,,,False,False,,rating-breakdown,True,68.9,14.8,74.2,27,ball-carry,True,,"{""playerCoordinates"": {""x"": 68.9, ""y"": 14.8}, ""passEndCoordinates"": {""x"": 74.2, ""y"": 27}, ""eventActionType"": ""ball-carry"", ""isHome"": true}",,
1154605,Désiré Doué,14167914,rating-breakdown,ball-carries,ball-carries,,,,Paris Saint-Germain,90.0,,65.9,9.5,67.6,5.5,,,,unresolvable,,,,False,False,,rating-breakdown,True,65.9,9.5,67.6,5.5,ball-carry,True,,"{""playerCoordinates"": {""x"": 65.9, ""y"": 9.5}, ""passEndCoordinates"": {""x"": 67.6, ""y"": 5.5}, ""eventActionType"": ""ball-carry"", ""isHome"": true}",,
1154605,Désiré Doué,14167914,rating-breakdown,ball-carries,ball-carries,,,,Paris Saint-Germain,90.0,,47.2,90.2,44.4,87.2,,,,unresolvable,,,,False,False,,rating-breakdown,True,47.2,90.2,44.4,87.2,ball-carry,True,,"{""playerCoordinates"": {""x"": 47.2, ""y"": 90.2}, ""passEndCoordinates"": {""x"": 44.4, ""y"": 87.2}, ""eventActionType"": ""ball-carry"", ""isHome"": true}",,
1154605,Désiré Doué,14167914,rating-breakdown,ball-carries,ball-carries,,,,Paris Saint-Germain,90.0,,89.7,71.5,87.6,74.8,,,,unresolvable,,,,False,False,,rating-breakdown,True,89.7,71.5,87.6,74.8,ball-carry,True,,"{""playerCoordinates"": {""x"": 89.7, ""y"": 71.5}, ""passEndCoordinates"": {""x"": 87.6, ""y"": 74.8}, ""eventActionType"": ""ball-carry"", ""isHome"": true}",,
1154605,Désiré Doué,14167914,rating-breakdown,ball-carries,ball-carries,,,,Paris Saint-Germain,90.0,,80.8,86.5,75.7,91.9,,,,unresolvable,,,,False,False,,rating-breakdown,True,80.8,86.5,75.7,91.9,ball-carry,True,,"{""playerCoordinates"": {""x"": 80.8, ""y"": 86.5}, ""passEndCoordinates"": {""x"": 75.7, ""y"": 91.9}, ""eventActionType"": ""ball-carry"", ""isHome"": true}",,
1154605,Désiré Doué,14167914,rating-breakdown,ball-carries,ball-carries,,,,Paris Saint-Germain,90.0,,82.7,67.6,86.5,67,,,,unresolvable,,,,False,False,,rating-breakdown,True,82.7,67.6,86.5,67,ball-carry,True,,"{""playerCoordinates"": {""x"": 82.7, ""y"": 67.6}, ""passEndCoordinates"": {""x"": 86.5, ""y"": 67}, ""eventActionType"": ""ball-carry"", ""isHome"": true}",,
1154605,Désiré Doué,14167914,rating-breakdown,dribbles,dribbles,,,,Paris Saint-Germain,90.0,,73.8,13.9,,,True,True,1,boolean_field,success,,True,False,False,,rating-breakdown,True,73.8,13.9,,,dribble,True,False,"{""playerCoordinates"": {""x"": 73.8, ""y"": 13.9}, ""eventActionType"": ""dribble"", ""isHome"": true, ""outcome"": true, ""keypass"": false}",,
1154605,Désiré Doué,14167914,rating-breakdown,defensive,defensive,,,,Paris Saint-Germain,90.0,,34.5,11.9,,,True,True,1,boolean_field,success,,True,False,False,,rating-breakdown,True,34.5,11.9,,,ball-recovery,True,False,"{""playerCoordinates"": {""x"": 34.5, ""y"": 11.9}, ""eventActionType"": ""ball-recovery"", ""isHome"": true, ""outcome"": true, ""keypass"": false}",,
1154605,Désiré Doué,14167914,rating-breakdown,defensive,defensive,,,,Paris Saint-Germain,90.0,,44.4,7.1,,,True,True,1,boolean_field,success,,True,False,False,,rating-breakdown,True,44.4,7.1,,,ball-recovery,True,False,"{""playerCoordinates"": {""x"": 44.4, ""y"": 7.1}, ""eventActionType"": ""ball-recovery"", ""isHome"": true, ""outcome"": true, ""keypass"": false}",,
1154605,Désiré Doué,14167914,rating-breakdown,defensive,defensive,,,,Paris Saint-Germain,90.0,,20.3,44.9,,,True,True,1,boolean_field,success,,True,False,False,,rating-breakdown,True,20.3,44.9,,,ball-recovery,True,False,"{""playerCoordinates"": {""x"": 20.3, ""y"": 44.9}, ""eventActionType"": ""ball-recovery"", ""isHome"": true, ""outcome"": true, ""keypass"": false}",,
1154605,Désiré Doué,14167914,rating-breakdown,defensive,defensive,,,,Paris Saint-Germain,90.0,,3.7,58.3,,,True,True,1,boolean_field,success,,True,False,False,,rating-breakdown,True,3.7,58.3,,,block,True,False,"{""playerCoordinates"": {""x"": 3.7, ""y"": 58.3}, ""eventActionType"": ""block"", ""isHome"": true, ""outcome"": true, ""keypass"": false}",,
1154605,Désiré Doué,14167914,rating-breakdown,defensive,defensive,,,,Paris Saint-Germain,90.0,,5.2,71.8,,,True,True,1,boolean_field,success,,True,False,False,,rating-breakdown,True,5.2,71.8,,,tackle,True,False,"{""playerCoordinates"": {""x"": 5.2, ""y"": 71.8}, ""eventActionType"": ""tackle"", ""isHome"": true, ""outcome"": true, ""keypass"": false}",,
1154605,Désiré Doué,14167914,rating-breakdown,defensive,defensive,,,,Paris Saint-Germain,90.0,,4.3,83.1,,,True,True,1,boolean_field,success,,True,False,False,,rating-breakdown,True,4.3,83.1,,,ball-recovery,True,False,"{""playerCoordinates"": {""x"": 4.3, ""y"": 83.1}, ""eventActionType"": ""ball-recovery"", ""isHome"": true, ""outcome"": true, ""keypass"": false}",,
1154605,Désiré Doué,14167914,rating-breakdown,defensive,defensive,,,,Paris Saint-Germain,90.0,,7.9,67.3,33.2,91.7,True,True,1,boolean_field,success,,True,False,False,,rating-breakdown,True,7.9,67.3,33.2,91.7,clearance,True,False,"{""playerCoordinates"": {""x"": 7.9, ""y"": 67.3}, ""passEndCoordinates"": {""x"": 33.2, ""y"": 91.7}, ""eventActionType"": ""clearance"", ""isHome"": true, ""outcome"": true, ""keypass"": false}",,
1154605,Désiré Doué,14167914,rating-breakdown,defensive,defensive,,,,Paris Saint-Germain,90.0,,64.6,6.6,,,True,True,1,boolean_field,success,,True,False,False,,rating-breakdown,True,64.6,6.6,,,tackle,True,False,"{""playerCoordinates"": {""x"": 64.6, ""y"": 6.6}, ""eventActionType"": ""tackle"", ""isHome"": true, ""outcome"": true, ""keypass"": false}",,
1154605,Désiré Doué,14167914,rating-breakdown,defensive,defensive,,,,Paris Saint-Germain,90.0,,64.6,4.3,,,True,True,1,boolean_field,success,,True,False,False,,rating-breakdown,True,64.6,4.3,,,ball-recovery,True,False,"{""playerCoordinates"": {""x"": 64.6, ""y"": 4.3}, ""eventActionType"": ""ball-recovery"", ""isHome"": true, ""outcome"": true, ""keypass"": false}",,
1154605,Désiré Doué,14167914,rating-breakdown,defensive,defensive,,,,Paris Saint-Germain,90.0,,56.1,36.5,,,True,True,1,boolean_field,success,,True,False,False,,rating-breakdown,True,56.1,36.5,,,ball-recovery,True,False,"{""playerCoordinates"": {""x"": 56.1, ""y"": 36.5}, ""eventActionType"": ""ball-recovery"", ""isHome"": true, ""outcome"": true, ""keypass"": false}",,
1154605,Désiré Doué,14167944,rating-breakdown,passes,passes,,,,Paris Saint-Germain,76.0,,46.2,6.1,33.3,25.5,True,True,1,boolean_field,success,True,,False,False,pass,rating-breakdown,True,46.2,6.1,33.3,25.5,pass,False,False,"{""playerCoordinates"": {""x"": 46.2, ""y"": 6.1}, ""passEndCoordinates"": {""x"": 33.3, ""y"": 25.5}, ""eventActionType"": ""pass"", ""isHome"": false, ""outcome"": true, ""keypass"": false}",,
1154605,Désiré Doué,14167944,rating-breakdown,passes,passes,,,,Paris Saint-Germain,76.0,,59.2,15.8,55.5,21.3,,,,unresolvable,,,,False,False,pass,rating-breakdown,True,59.2,15.8,55.5,21.3,pass,False,False,"{""playerCoordinates"": {""x"": 59.2, ""y"": 15.8}, ""passEndCoordinates"": {""x"": 55.5, ""y"": 21.3}, ""eventActionType"": ""pass"", ""isHome"": false, ""keypass"": false}",,
1154605,Désiré Doué,14167944,rating-breakdown,passes,passes,,,,Paris Saint-Germain,76.0,,41.9,7.9,26.5,20.7,True,True,1,boolean_field,success,True,,False,False,pass,rating-breakdown,True,41.9,7.9,26.5,20.7,pass,False,False,"{""playerCoordinates"": {""x"": 41.9, ""y"": 7.9}, ""passEndCoordinates"": {""x"": 26.5, ""y"": 20.7}, ""eventActionType"": ""pass"", ""isHome"": false, ""outcome"": true, ""keypass"": false}",,
1154605,Désiré Doué,14167944,rating-breakdown,passes,passes,,,,Paris Saint-Germain,76.0,,86.7,58.4,81.2,43.7,True,True,1,boolean_field,success,True,,False,True,key_pass,rating-breakdown,True,86.7,58.4,81.2,43.7,pass,False,True,"{""playerCoordinates"": {""x"": 86.7, ""y"": 58.4}, ""passEndCoordinates"": {""x"": 81.2, ""y"": 43.7}, ""eventActionType"": ""pass"", ""isHome"": false, ""outcome"": true, ""keypass"": true}",,
1154605,Désiré Doué,14167944,rating-breakdown,passes,passes,,,,Paris Saint-Germain,76.0,,89.1,23.3,89.8,11,True,True,1,boolean_field,success,True,,False,False,pass,rating-breakdown,True,89.1,23.3,89.8,11,pass,False,False,"{""playerCoordinates"": {""x"": 89.1, ""y"": 23.3}, ""passEndCoordinates"": {""x"": 89.8, ""y"": 11}, ""eventActionType"": ""pass"", ""isHome"": false, ""outcome"": true, ""keypass"": false}",,
1154605,Désiré Doué,14167944,rating-breakdown,passes,passes,,,,Paris Saint-Germain,76.0,,37.6,8.3,26.8,25,True,True,1,boolean_field,success,True,,False,False,pass,rating-breakdown,True,37.6,8.3,26.8,25,pass,False,False,"{""playerCoordinates"": {""x"": 37.6, ""y"": 8.3}, ""passEndCoordinates"": {""x"": 26.8, ""y"": 25}, ""eventActionType"": ""pass"", ""isHome"": false, ""outcome"": true, ""keypass"": false}",,
1154605,Désiré Doué,14167944,rating-breakdown,passes,passes,,,,Paris Saint-Germain,76.0,,33.6,14.9,26.6,28.5,True,True,1,boolean_field,success,True,,False,False,pass,rating-breakdown,True,33.6,14.9,26.6,28.5,pass,False,False,"{""playerCoordinates"": {""x"": 33.6, ""y"": 14.9}, ""passEndCoordinates"": {""x"": 26.6, ""y"": 28.5}, ""eventActionType"": ""pass"", ""isHome"": false, ""outcome"": true, ""keypass"": false}",,
1154605,Désiré Doué,14167944,rating-breakdown,passes,passes,,,,Paris Saint-Germain,76.0,,68.8,11.3,61.1,38.5,True,True,1,boolean_field,success,True,,False,False,pass,rating-breakdown,True,68.8,11.3,61.1,38.5,pass,False,False,"{""playerCoordinates"": {""x"": 68.8, ""y"": 11.3}, ""passEndCoordinates"": {""x"": 61.1, ""y"": 38.5}, ""eventActionType"": ""pass"", ""isHome"": false, ""outcome"": true, ""keypass"": false}",,
1154605,Désiré Doué,14167944,rating-breakdown,passes,passes,,,,Paris Saint-Germain,76.0,,77.7,64,90.9,67.1,True,True,1,boolean_field,success,True,,False,True,key_pass,rating-breakdown,True,77.7,64,90.9,67.1,pass,False,True,"{""playerCoordinates"": {""x"": 77.7, ""y"": 64}, ""passEndCoordinates"": {""x"": 90.9, ""y"": 67.1}, ""eventActionType"": ""pass"", ""isHome"": false, ""outcome"": true, ""keypass"": true}",,
1154605,Désiré Doué,14167944,rating-breakdown,passes,passes,,,,Paris Saint-Germain,76.0,,54.2,8,43.4,40.3,True,True,1,boolean_field,success,True,,False,False,pass,rating-breakdown,True,54.2,8,43.4,40.3,pass,False,False,"{""playerCoordinates"": {""x"": 54.2, ""y"": 8}, ""passEndCoordinates"": {""x"": 43.4, ""y"": 40.3}, ""eventActionType"": ""pass"", ""isHome"": false, ""outcome"": true, ""keypass"": false}",,
1154605,Désiré Doué,14167944,rating-breakdown,passes,passes,,,,Paris Saint-Germain,76.0,,55,43.6,58.9,18.3,True,True,1,boolean_field,success,True,,False,False,pass,rating-breakdown,True,55,43.6,58.9,18.3,pass,False,False,"{""playerCoordinates"": {""x"": 55, ""y"": 43.6}, ""passEndCoordinates"": {""x"": 58.9, ""y"": 18.3}, ""eventActionType"": ""pass"", ""isHome"": false, ""outcome"": true, ""keypass"": false}",,
1154605,Désiré Doué,14167944,rating-breakdown,passes,passes,,,,Paris Saint-Germain,76.0,,77.3,9.1,96.7,7,True,True,1,boolean_field,success,True,,False,False,pass,rating-breakdown,True,77.3,9.1,96.7,7,pass,False,False,"{""playerCoordinates"": {""x"": 77.3, ""y"": 9.1}, ""passEndCoordinates"": {""x"": 96.7, ""y"": 7}, ""eventActionType"": ""pass"", ""isHome"": false, ""outcome"": true, ""keypass"": false}",,
1154605,Désiré Doué,14167944,rating-breakdown,passes,passes,,,,Paris Saint-Germain,76.0,,86.9,4.4,91,21.3,True,True,1,boolean_field,success,True,,False,False,pass,rating-breakdown,True,86.9,4.4,91,21.3,pass,False,False,"{""playerCoordinates"": {""x"": 86.9, ""y"": 4.4}, ""passEndCoordinates"": {""x"": 91, ""y"": 21.3}, ""eventActionType"": ""pass"", ""isHome"": false, ""outcome"": true, ""keypass"": false}",,
1154605,Désiré Doué,14167944,rating-breakdown,passes,passes,,,,Paris Saint-Germain,76.0,,73.3,7.9,69.9,20.1,True,True,1,boolean_field,success,True,,False,False,pass,rating-breakdown,True,73.3,7.9,69.9,20.1,pass,False,False,"{""playerCoordinates"": {""x"": 73.3, ""y"": 7.9}, ""passEndCoordinates"": {""x"": 69.9, ""y"": 20.1}, ""eventActionType"": ""pass"", ""isHome"": false, ""outcome"": true, ""keypass"": false}",,
1154605,Désiré Doué,14167944,rating-breakdown,passes,passes,,,,Paris Saint-Germain,76.0,,69.4,22.4,76.7,18.5,,,,unresolvable,,,,False,False,pass,rating-breakdown,True,69.4,22.4,76.7,18.5,pass,False,False,"{""playerCoordinates"": {""x"": 69.4, ""y"": 22.4}, ""passEndCoordinates"": {""x"": 76.7, ""y"": 18.5}, ""eventActionType"": ""pass"", ""isHome"": false, ""keypass"": false}",,
1154605,Désiré Doué,14167944,rating-breakdown,passes,passes,,,,Paris Saint-Germain,76.0,,99.5,99.5,100,20.1,,,,unresolvable,,,,False,False,pass,rating-breakdown,True,99.5,99.5,100,20.1,cross,False,False,"{""playerCoordinates"": {""x"": 99.5, ""y"": 99.5}, ""passEndCoordinates"": {""x"": 100, ""y"": 20.1}, ""eventActionType"": ""cross"", ""isHome"": false, ""keypass"": false, ""isLongBall"": true}",True,
1154605,Désiré Doué,14167944,rating-breakdown,passes,passes,,,,Paris Saint-Germain,76.0,,30.4,56.7,24,36.3,True,True,1,boolean_field,success,True,,False,False,pass,rating-breakdown,True,30.4,56.7,24,36.3,pass,False,False,"{""playerCoordinates"": {""x"": 30.4, ""y"": 56.7}, ""passEndCoordinates"": {""x"": 24, ""y"": 36.3}, ""eventActionType"": ""pass"", ""isHome"": false, ""outcome"": true, ""keypass"": false}",,
1154605,Désiré Doué,14167944,rating-breakdown,passes,passes,,,,Paris Saint-Germain,76.0,,63.5,93.2,42.5,92.6,True,True,1,boolean_field,success,True,,False,False,pass,rating-breakdown,True,63.5,93.2,42.5,92.6,pass,False,False,"{""playerCoordinates"": {""x"": 63.5, ""y"": 93.2}, ""passEndCoordinates"": {""x"": 42.5, ""y"": 92.6}, ""eventActionType"": ""pass"", ""isHome"": false, ""outcome"": true, ""keypass"": false}",,
1154605,Désiré Doué,14167944,rating-breakdown,passes,passes,,,,Paris Saint-Germain,76.0,,30.3,22.4,21.9,18.3,True,True,1,boolean_field,success,True,,False,False,pass,rating-breakdown,True,30.3,22.4,21.9,18.3,pass,False,False,"{""playerCoordinates"": {""x"": 30.3, ""y"": 22.4}, ""passEndCoordinates"": {""x"": 21.9, ""y"": 18.3}, ""eventActionType"": ""pass"", ""isHome"": false, ""outcome"": true, ""keypass"": false}",,
1154605,Désiré Doué,14167944,rating-breakdown,passes,passes,,,,Paris Saint-Germain,76.0,,35.2,3.7,20,6.7,True,True,1,boolean_field,success,True,,False,False,pass,rating-breakdown,True,35.2,3.7,20,6.7,pass,False,False,"{""playerCoordinates"": {""x"": 35.2, ""y"": 3.7}, ""passEndCoordinates"": {""x"": 20, ""y"": 6.7}, ""eventActionType"": ""pass"", ""isHome"": false, ""outcome"": true, ""keypass"": false}",,
1154605,Désiré Doué,14167944,rating-breakdown,passes,passes,,,,Paris Saint-Germain,76.0,,87.3,25.9,89.5,49.5,True,True,1,boolean_field,success,True,,False,True,key_pass,rating-breakdown,True,87.3,25.9,89.5,49.5,pass,False,True,"{""playerCoordinates"": {""x"": 87.3, ""y"": 25.9}, ""passEndCoordinates"": {""x"": 89.5, ""y"": 49.5}, ""eventActionType"": ""pass"", ""isHome"": false, ""outcome"": true, ""keypass"": true}",,
1154605,Désiré Doué,14167944,rating-breakdown,passes,passes,,,,Paris Saint-Germain,76.0,,42.5,11.9,20.1,17.3,True,True,1,boolean_field,success,True,,False,False,pass,rating-breakdown,True,42.5,11.9,20.1,17.3,pass,False,False,"{""playerCoordinates"": {""x"": 42.5, ""y"": 11.9}, ""passEndCoordinates"": {""x"": 20.1, ""y"": 17.3}, ""eventActionType"": ""pass"", ""isHome"": false, ""outcome"": true, ""keypass"": false}",,
1154605,Désiré Doué,14167944,rating-breakdown,passes,passes,,,,Paris Saint-Germain,76.0,,45.7,4.9,61.7,19.1,True,True,1,boolean_field,success,True,,False,False,pass,rating-breakdown,True,45.7,4.9,61.7,19.1,pass,False,False,"{""playerCoordinates"": {""x"": 45.7, ""y"": 4.9}, ""passEndCoordinates"": {""x"": 61.7, ""y"": 19.1}, ""eventActionType"": ""pass"", ""isHome"": false, ""outcome"": true, ""keypass"": false}",,
1154605,Désiré Doué,14167944,rating-breakdown,passes,passes,,,,Paris Saint-Germain,76.0,,54.2,65.2,43.6,19.2,True,True,1,boolean_field,success,True,,False,False,pass,rating-breakdown,True,54.2,65.2,43.6,19.2,pass,False,False,"{""playerCoordinates"": {""x"": 54.2, ""y"": 65.2}, ""passEndCoordinates"": {""x"": 43.6, ""y"": 19.2}, ""eventActionType"": ""pass"", ""isHome"": false, ""outcome"": true, ""keypass"": false, ""isLongBall"": true}",True,
1154605,Désiré Doué,14167944,rating-breakdown,passes,passes,,,,Paris Saint-Germain,76.0,,39.9,6.4,67.7,5.8,,,,unresolvable,,,,False,False,pass,rating-breakdown,True,39.9,6.4,67.7,5.8,pass,False,False,"{""playerCoordinates"": {""x"": 39.9, ""y"": 6.4}, ""passEndCoordinates"": {""x"": 67.7, ""y"": 5.8}, ""eventActionType"": ""pass"", ""isHome"": false, ""keypass"": false}",,
1154605,Désiré Doué,14167944,rating-breakdown,passes,passes,,,,Paris Saint-Germain,76.0,,40.1,13.8,42.2,32.5,True,True,1,boolean_field,success,True,,False,False,pass,rating-breakdown,True,40.1,13.8,42.2,32.5,pass,False,False,"{""playerCoordinates"": {""x"": 40.1, ""y"": 13.8}, ""passEndCoordinates"": {""x"": 42.2, ""y"": 32.5}, ""eventActionType"": ""pass"", ""isHome"": false, ""outcome"": true, ""keypass"": false}",,
1154605,Désiré Doué,14167944,rating-breakdown,passes,passes,,,,Paris Saint-Germain,76.0,,62.5,14.1,58.8,37.7,True,True,1,boolean_field,success,True,,False,False,pass,rating-breakdown,True,62.5,14.1,58.8,37.7,pass,False,False,"{""playerCoordinates"": {""x"": 62.5, ""y"": 14.1}, ""passEndCoordinates"": {""x"": 58.8, ""y"": 37.7}, ""eventActionType"": ""pass"", ""isHome"": false, ""outcome"": true, ""keypass"": false}",,
1154605,Désiré Doué,14167944,rating-breakdown,passes,passes,,,,Paris Saint-Germain,76.0,,40.5,14.4,47.8,7.7,True,True,1,boolean_field,success,True,,False,False,pass,rating-breakdown,True,40.5,14.4,47.8,7.7,pass,False,False,"{""playerCoordinates"": {""x"": 40.5, ""y"": 14.4}, ""passEndCoordinates"": {""x"": 47.8, ""y"": 7.7}, ""eventActionType"": ""pass"", ""isHome"": false, ""outcome"": true, ""keypass"": false}",,
1154605,Désiré Doué,14167944,rating-breakdown,passes,passes,,,,Paris Saint-Germain,76.0,,93.6,68.9,89.2,54,,,,unresolvable,,,,False,False,pass,rating-breakdown,True,93.6,68.9,89.2,54,pass,False,False,"{""playerCoordinates"": {""x"": 93.6, ""y"": 68.9}, ""passEndCoordinates"": {""x"": 89.2, ""y"": 54}, ""eventActionType"": ""pass"", ""isHome"": false, ""keypass"": false}",,
1154605,Désiré Doué,14167944,rating-breakdown,passes,passes,,,,Paris Saint-Germain,76.0,,59.5,61.2,77,76.3,True,True,1,boolean_field,success,True,,False,False,pass,rating-breakdown,True,59.5,61.2,77,76.3,pass,False,False,"{""playerCoordinates"": {""x"": 59.5, ""y"": 61.2}, ""passEndCoordinates"": {""x"": 77, ""y"": 76.3}, ""eventActionType"": ""pass"", ""isHome"": false, ""outcome"": true, ""keypass"": false}",,
1154605,Désiré Doué,14167944,rating-breakdown,passes,passes,,,,Paris Saint-Germain,76.0,,45.4,64,46.7,72.8,True,True,1,boolean_field,success,True,,False,False,pass,rating-breakdown,True,45.4,64,46.7,72.8,pass,False,False,"{""playerCoordinates"": {""x"": 45.4, ""y"": 64}, ""passEndCoordinates"": {""x"": 46.7, ""y"": 72.8}, ""eventActionType"": ""pass"", ""isHome"": false, ""outcome"": true, ""keypass"": false}",,
1154605,Désiré Doué,14167944,rating-breakdown,passes,passes,,,,Paris Saint-Germain,76.0,,56.9,54.5,41.3,79,True,True,1,boolean_field,success,True,,False,False,pass,rating-breakdown,True,56.9,54.5,41.3,79,pass,False,False,"{""playerCoordinates"": {""x"": 56.9, ""y"": 54.5}, ""passEndCoordinates"": {""x"": 41.3, ""y"": 79}, ""eventActionType"": ""pass"", ""isHome"": false, ""outcome"": true, ""keypass"": false}",,
1154605,Désiré Doué,14167944,rating-breakdown,passes,passes,,,,Paris Saint-Germain,76.0,,56.8,58.7,60.6,27.1,True,True,1,boolean_field,success,True,,False,False,pass,rating-breakdown,True,56.8,58.7,60.6,27.1,pass,False,False,"{""playerCoordinates"": {""x"": 56.8, ""y"": 58.7}, ""passEndCoordinates"": {""x"": 60.6, ""y"": 27.1}, ""eventActionType"": ""pass"", ""isHome"": false, ""outcome"": true, ""keypass"": false}",,
1154605,Désiré Doué,14167944,rating-breakdown,passes,passes,,,,Paris Saint-Germain,76.0,,71.5,45.7,65.6,35.4,True,True,1,boolean_field,success,True,,False,False,pass,rating-breakdown,True,71.5,45.7,65.6,35.4,pass,False,False,"{""playerCoordinates"": {""x"": 71.5, ""y"": 45.7}, ""passEndCoordinates"": {""x"": 65.6, ""y"": 35.4}, ""eventActionType"": ""pass"", ""isHome"": false, ""outcome"": true, ""keypass"": false}",,
1154605,Désiré Doué,14167944,rating-breakdown,passes,passes,,,,Paris Saint-Germain,76.0,,69.2,55.5,75.9,36,True,True,1,boolean_field,success,True,,False,False,pass,rating-breakdown,True,69.2,55.5,75.9,36,pass,False,False,"{""playerCoordinates"": {""x"": 69.2, ""y"": 55.5}, ""passEndCoordinates"": {""x"": 75.9, ""y"": 36}, ""eventActionType"": ""pass"", ""isHome"": false, ""outcome"": true, ""keypass"": false}",,
1154605,Désiré Doué,14167944,rating-breakdown,passes,passes,,,,Paris Saint-Germain,76.0,,75.9,45.1,69.1,44.9,True,True,1,boolean_field,success,True,,False,False,pass,rating-breakdown,True,75.9,45.1,69.1,44.9,pass,False,False,"{""playerCoordinates"": {""x"": 75.9, ""y"": 45.1}, ""passEndCoordinates"": {""x"": 69.1, ""y"": 44.9}, ""eventActionType"": ""pass"", ""isHome"": false, ""outcome"": true, ""keypass"": false}",,
1154605,Désiré Doué,14167944,rating-breakdown,passes,passes,,,,Paris Saint-Germain,76.0,,78.9,38.9,67.9,34.8,True,True,1,boolean_field,success,True,,False,False,pass,rating-breakdown,True,78.9,38.9,67.9,34.8,pass,False,False,"{""playerCoordinates"": {""x"": 78.9, ""y"": 38.9}, ""passEndCoordinates"": {""x"": 67.9, ""y"": 34.8}, ""eventActionType"": ""pass"", ""isHome"": false, ""outcome"": true, ""keypass"": false}",,
1154605,Désiré Doué,14167944,rating-breakdown,ball-carries,ball-carries,,,,Paris Saint-Germain,76.0,,53.1,5.8,46.2,6.1,,,,unresolvable,,,,False,False,,rating-breakdown,True,53.1,5.8,46.2,6.1,ball-carry,False,,"{""playerCoordinates"": {""x"": 53.1, ""y"": 5.8}, ""passEndCoordinates"": {""x"": 46.2, ""y"": 6.1}, ""eventActionType"": ""ball-carry"", ""isHome"": false}",,
1154605,Désiré Doué,14167944,rating-breakdown,ball-carries,ball-carries,,,,Paris Saint-Germain,76.0,,56.7,4.3,41.9,7.9,,,,unresolvable,,,,False,False,,rating-breakdown,True,56.7,4.3,41.9,7.9,ball-carry,False,,"{""playerCoordinates"": {""x"": 56.7, ""y"": 4.3}, ""passEndCoordinates"": {""x"": 41.9, ""y"": 7.9}, ""eventActionType"": ""ball-carry"", ""isHome"": false}",,
1154605,Désiré Doué,14167944,rating-breakdown,ball-carries,ball-carries,,,,Paris Saint-Germain,76.0,,41.3,6.7,37.6,8.3,,,,unresolvable,,,,False,False,,rating-breakdown,True,41.3,6.7,37.6,8.3,ball-carry,False,,"{""playerCoordinates"": {""x"": 41.3, ""y"": 6.7}, ""passEndCoordinates"": {""x"": 37.6, ""y"": 8.3}, ""eventActionType"": ""ball-carry"", ""isHome"": false}",,
1154605,Désiré Doué,14167944,rating-breakdown,ball-carries,ball-carries,,,,Paris Saint-Germain,76.0,,73,7,68.8,11.3,,,,unresolvable,,,,False,False,,rating-breakdown,True,73,7,68.8,11.3,ball-carry,False,,"{""playerCoordinates"": {""x"": 73, ""y"": 7}, ""passEndCoordinates"": {""x"": 68.8, ""y"": 11.3}, ""eventActionType"": ""ball-carry"", ""isHome"": false}",,
1154605,Désiré Doué,14167944,rating-breakdown,ball-carries,ball-carries,,,,Paris Saint-Germain,76.0,,83.1,5.9,86.9,4.4,,,,unresolvable,,,,False,False,,rating-breakdown,True,83.1,5.9,86.9,4.4,ball-carry,False,,"{""playerCoordinates"": {""x"": 83.1, ""y"": 5.9}, ""passEndCoordinates"": {""x"": 86.9, ""y"": 4.4}, ""eventActionType"": ""ball-carry"", ""isHome"": false}",,
1154605,Désiré Doué,14167944,rating-breakdown,ball-carries,ball-carries,,,,Paris Saint-Germain,76.0,,67.8,7.6,67.7,22.3,,,,unresolvable,,,,False,False,,rating-breakdown,True,67.8,7.6,67.7,22.3,ball-carry,False,,"{""playerCoordinates"": {""x"": 67.8, ""y"": 7.6}, ""passEndCoordinates"": {""x"": 67.7, ""y"": 22.3}, ""eventActionType"": ""ball-carry"", ""isHome"": false}",,
1154605,Désiré Doué,14167944,rating-breakdown,ball-carries,ball-carries,,,,Paris Saint-Germain,76.0,,77.2,93.6,84.1,74.1,,,,unresolvable,,,,False,False,,rating-breakdown,True,77.2,93.6,84.1,74.1,ball-carry,False,,"{""playerCoordinates"": {""x"": 77.2, ""y"": 93.6}, ""passEndCoordinates"": {""x"": 84.1, ""y"": 74.1}, ""eventActionType"": ""ball-carry"", ""isHome"": false}",,
1154605,Désiré Doué,14167944,rating-breakdown,ball-carries,ball-carries,,,,Paris Saint-Germain,76.0,,60.1,75.3,54.2,65.2,,,,unresolvable,,,,False,False,,rating-breakdown,True,60.1,75.3,54.2,65.2,ball-carry,False,,"{""playerCoordinates"": {""x"": 60.1, ""y"": 75.3}, ""passEndCoordinates"": {""x"": 54.2, ""y"": 65.2}, ""eventActionType"": ""ball-carry"", ""isHome"": false}",,
1154605,Désiré Doué,14167944,rating-breakdown,ball-carries,ball-carries,,,,Paris Saint-Germain,76.0,,86,52.6,89,51.3,,,,unresolvable,,,,False,False,,rating-breakdown,True,86,52.6,89,51.3,ball-carry,False,,"{""playerCoordinates"": {""x"": 86, ""y"": 52.6}, ""passEndCoordinates"": {""x"": 89, ""y"": 51.3}, ""eventActionType"": ""ball-carry"", ""isHome"": false}",,
1154605,Désiré Doué,14167944,rating-breakdown,ball-carries,ball-carries,,,,Paris Saint-Germain,76.0,,97.8,4.1,92,4.6,,,,unresolvable,,,,False,False,,rating-breakdown,True,97.8,4.1,92,4.6,ball-carry,False,,"{""playerCoordinates"": {""x"": 97.8, ""y"": 4.1}, ""passEndCoordinates"": {""x"": 92, ""y"": 4.6}, ""eventActionType"": ""ball-carry"", ""isHome"": false}",,
1154605,Désiré Doué,14167944,rating-breakdown,ball-carries,ball-carries,,,,Paris Saint-Germain,76.0,,43.1,13.4,38.9,8.2,,,,unresolvable,,,,False,False,,rating-breakdown,True,43.1,13.4,38.9,8.2,ball-carry,False,,"{""playerCoordinates"": {""x"": 43.1, ""y"": 13.4}, ""passEndCoordinates"": {""x"": 38.9, ""y"": 8.2}, ""eventActionType"": ""ball-carry"", ""isHome"": false}",,
1154605,Désiré Doué,14167944,rating-breakdown,ball-carries,ball-carries,,,,Paris Saint-Germain,76.0,,74.5,26.2,87.7,46.7,,,,unresolvable,,,,False,False,,rating-breakdown,True,74.5,26.2,87.7,46.7,ball-carry,False,,"{""playerCoordinates"": {""x"": 74.5, ""y"": 26.2}, ""passEndCoordinates"": {""x"": 87.7, ""y"": 46.7}, ""eventActionType"": ""ball-carry"", ""isHome"": false}",,
1154605,Désiré Doué,14167944,rating-breakdown,ball-carries,ball-carries,,,,Paris Saint-Germain,76.0,,89.8,65.8,93.6,68.9,,,,unresolvable,,,,False,False,,rating-breakdown,True,89.8,65.8,93.6,68.9,ball-carry,False,,"{""playerCoordinates"": {""x"": 89.8, ""y"": 65.8}, ""passEndCoordinates"": {""x"": 93.6, ""y"": 68.9}, ""eventActionType"": ""ball-carry"", ""isHome"": false}",,
1154605,Désiré Doué,14167944,rating-breakdown,ball-carries,ball-carries,,,,Paris Saint-Germain,76.0,,67.8,50.3,70.4,54,,,,unresolvable,,,,False,False,,rating-breakdown,True,67.8,50.3,70.4,54,ball-carry,False,,"{""playerCoordinates"": {""x"": 67.8, ""y"": 50.3}, ""passEndCoordinates"": {""x"": 70.4, ""y"": 54}, ""eventActionType"": ""ball-carry"", ""isHome"": false}",,
1154605,Désiré Doué,14167944,rating-breakdown,ball-carries,ball-carries,,,,Paris Saint-Germain,76.0,,47.1,53.1,59.5,61.2,,,,unresolvable,,,,False,False,,rating-breakdown,True,47.1,53.1,59.5,61.2,ball-carry,False,,"{""playerCoordinates"": {""x"": 47.1, ""y"": 53.1}, ""passEndCoordinates"": {""x"": 59.5, ""y"": 61.2}, ""eventActionType"": ""ball-carry"", ""isHome"": false}",,
1154605,Désiré Doué,14167944,rating-breakdown,ball-carries,ball-carries,,,,Paris Saint-Germain,76.0,,83.8,55.2,86.2,52.7,,,,unresolvable,,,,False,False,,rating-breakdown,True,83.8,55.2,86.2,52.7,ball-carry,False,,"{""playerCoordinates"": {""x"": 83.8, ""y"": 55.2}, ""passEndCoordinates"": {""x"": 86.2, ""y"": 52.7}, ""eventActionType"": ""ball-carry"", ""isHome"": false}",,
1154605,Désiré Doué,14167944,rating-breakdown,ball-carries,ball-carries,,,,Paris Saint-Germain,76.0,,47.9,68.1,45.4,64,,,,unresolvable,,,,False,False,,rating-breakdown,True,47.9,68.1,45.4,64,ball-carry,False,,"{""playerCoordinates"": {""x"": 47.9, ""y"": 68.1}, ""passEndCoordinates"": {""x"": 45.4, ""y"": 64}, ""eventActionType"": ""ball-carry"", ""isHome"": false}",,
1154605,Désiré Doué,14167944,rating-breakdown,dribbles,dribbles,,,,Paris Saint-Germain,76.0,,73.8,26,,,,,,unresolvable,,,,False,False,,rating-breakdown,True,73.8,26,,,dribble,False,False,"{""playerCoordinates"": {""x"": 73.8, ""y"": 26}, ""eventActionType"": ""dribble"", ""isHome"": false, ""keypass"": false}",,
1154605,Désiré Doué,14167944,rating-breakdown,dribbles,dribbles,,,,Paris Saint-Germain,76.0,,70.6,15.8,,,True,True,1,boolean_field,success,,True,False,False,,rating-breakdown,True,70.6,15.8,,,dribble,False,False,"{""playerCoordinates"": {""x"": 70.6, ""y"": 15.8}, ""eventActionType"": ""dribble"", ""isHome"": false, ""outcome"": true, ""keypass"": false}",,
1154605,Désiré Doué,14167944,rating-breakdown,dribbles,dribbles,,,,Paris Saint-Germain,76.0,,86.4,49.4,,,True,True,1,boolean_field,success,,True,False,False,,rating-breakdown,True,86.4,49.4,,,dribble,False,False,"{""playerCoordinates"": {""x"": 86.4, ""y"": 49.4}, ""eventActionType"": ""dribble"", ""isHome"": false, ""outcome"": true, ""keypass"": false}",,
1154605,Désiré Doué,14167944,rating-breakdown,defensive,defensive,,,,Paris Saint-Germain,76.0,,73.9,23.7,,,,,,unresolvable,,,,False,False,,rating-breakdown,True,73.9,23.7,,,tackle,False,False,"{""playerCoordinates"": {""x"": 73.9, ""y"": 23.7}, ""eventActionType"": ""tackle"", ""isHome"": false, ""keypass"": false}",,
1154605,Désiré Doué,14167944,rating-breakdown,defensive,defensive,,,,Paris Saint-Germain,76.0,,77.2,93.6,,,True,True,1,boolean_field,success,,True,False,False,,rating-breakdown,True,77.2,93.6,,,ball-recovery,False,False,"{""playerCoordinates"": {""x"": 77.2, ""y"": 93.6}, ""eventActionType"": ""ball-recovery"", ""isHome"": false, ""outcome"": true, ""keypass"": false}",,
1154605,Désiré Doué,14167944,rating-breakdown,defensive,defensive,,,,Paris Saint-Germain,76.0,,30.3,22.4,,,True,True,1,boolean_field,success,,True,False,False,,rating-breakdown,True,30.3,22.4,,,ball-recovery,False,False,"{""playerCoordinates"": {""x"": 30.3, ""y"": 22.4}, ""eventActionType"": ""ball-recovery"", ""isHome"": false, ""outcome"": true, ""keypass"": false}",,
1154605,Désiré Doué,14167944,rating-breakdown,defensive,defensive,,,,Paris Saint-Germain,76.0,,95.3,15.8,,,True,True,1,boolean_field,success,,True,False,False,,rating-breakdown,True,95.3,15.8,,,interception,False,False,"{""playerCoordinates"": {""x"": 95.3, ""y"": 15.8}, ""eventActionType"": ""interception"", ""isHome"": false, ""outcome"": true, ""keypass"": false}",,
1154605,Désiré Doué,14167944,rating-breakdown,defensive,defensive,,,,Paris Saint-Germain,76.0,,47.1,53.1,,,True,True,1,boolean_field,success,,True,False,False,,rating-breakdown,True,47.1,53.1,,,ball-recovery,False,False,"{""playerCoordinates"": {""x"": 47.1, ""y"": 53.1}, ""eventActionType"": ""ball-recovery"", ""isHome"": false, ""outcome"": true, ""keypass"": false}",,
1154605,Désiré Doué,14167955,rating-breakdown,passes,passes,,,,Paris Saint-Germain,87.0,,30.8,67.8,24.5,92.7,True,True,1,boolean_field,success,True,,False,False,pass,rating-breakdown,True,30.8,67.8,24.5,92.7,pass,True,False,"{""playerCoordinates"": {""x"": 30.8, ""y"": 67.8}, ""passEndCoordinates"": {""x"": 24.5, ""y"": 92.7}, ""eventActionType"": ""pass"", ""isHome"": true, ""outcome"": true, ""keypass"": false}",,
1154605,Désiré Doué,14167955,rating-breakdown,passes,passes,,,,Paris Saint-Germain,87.0,,38.2,84.3,38.5,96.4,True,True,1,boolean_field,success,True,,False,False,pass,rating-breakdown,True,38.2,84.3,38.5,96.4,pass,True,False,"{""playerCoordinates"": {""x"": 38.2, ""y"": 84.3}, ""passEndCoordinates"": {""x"": 38.5, ""y"": 96.4}, ""eventActionType"": ""pass"", ""isHome"": true, ""outcome"": true, ""keypass"": false}",,
1154605,Désiré Doué,14167955,rating-breakdown,passes,passes,,,,Paris Saint-Germain,87.0,,72.3,42.3,85.3,30.9,True,True,1,boolean_field,success,True,,False,False,pass,rating-breakdown,True,72.3,42.3,85.3,30.9,pass,True,False,"{""playerCoordinates"": {""x"": 72.3, ""y"": 42.3}, ""passEndCoordinates"": {""x"": 85.3, ""y"": 30.9}, ""eventActionType"": ""pass"", ""isHome"": true, ""outcome"": true, ""keypass"": false}",,
1154605,Désiré Doué,14167955,rating-breakdown,passes,passes,,,,Paris Saint-Germain,87.0,,56,9.1,63.4,9.1,True,True,1,boolean_field,success,True,,False,False,pass,rating-breakdown,True,56,9.1,63.4,9.1,pass,True,False,"{""playerCoordinates"": {""x"": 56, ""y"": 9.1}, ""passEndCoordinates"": {""x"": 63.4, ""y"": 9.1}, ""eventActionType"": ""pass"", ""isHome"": true, ""outcome"": true, ""keypass"": false}",,
1154605,Désiré Doué,14167955,rating-breakdown,passes,passes,,,,Paris Saint-Germain,87.0,,62.2,69.4,53.6,74.1,True,True,1,boolean_field,success,True,,False,False,pass,rating-breakdown,True,62.2,69.4,53.6,74.1,pass,True,False,"{""playerCoordinates"": {""x"": 62.2, ""y"": 69.4}, ""passEndCoordinates"": {""x"": 53.6, ""y"": 74.1}, ""eventActionType"": ""pass"", ""isHome"": true, ""outcome"": true, ""keypass"": false}",,
1154605,Désiré Doué,14167955,rating-breakdown,passes,passes,,,,Paris Saint-Germain,87.0,,70.9,76.3,64.3,87.7,True,True,1,boolean_field,success,True,,False,False,pass,rating-breakdown,True,70.9,76.3,64.3,87.7,pass,True,False,"{""playerCoordinates"": {""x"": 70.9, ""y"": 76.3}, ""passEndCoordinates"": {""x"": 64.3, ""y"": 87.7}, ""eventActionType"": ""pass"", ""isHome"": true, ""outcome"": true, ""keypass"": false}",,
1154605,Désiré Doué,14167955,rating-breakdown,passes,passes,,,,Paris Saint-Germain,87.0,,60.3,62.8,64.9,93.7,True,True,1,boolean_field,success,True,,False,False,pass,rating-breakdown,True,60.3,62.8,64.9,93.7,pass,True,False,"{""playerCoordinates"": {""x"": 60.3, ""y"": 62.8}, ""passEndCoordinates"": {""x"": 64.9, ""y"": 93.7}, ""eventActionType"": ""pass"", ""isHome"": true, ""outcome"": true, ""keypass"": false}",,
1154605,Désiré Doué,14167955,rating-breakdown,passes,passes,,,,Paris Saint-Germain,87.0,,63,84.9,45,87.4,True,True,1,boolean_field,success,True,,False,False,pass,rating-breakdown,True,63,84.9,45,87.4,pass,True,False,"{""playerCoordinates"": {""x"": 63, ""y"": 84.9}, ""passEndCoordinates"": {""x"": 45, ""y"": 87.4}, ""eventActionType"": ""pass"", ""isHome"": true, ""outcome"": true, ""keypass"": false}",,
1154605,Désiré Doué,14167955,rating-breakdown,passes,passes,,,,Paris Saint-Germain,87.0,,34.8,58,38.7,88.9,True,True,1,boolean_field,success,True,,False,False,pass,rating-breakdown,True,34.8,58,38.7,88.9,pass,True,False,"{""playerCoordinates"": {""x"": 34.8, ""y"": 58}, ""passEndCoordinates"": {""x"": 38.7, ""y"": 88.9}, ""eventActionType"": ""pass"", ""isHome"": true, ""outcome"": true, ""keypass"": false}",,
1154605,Désiré Doué,14167955,rating-breakdown,passes,passes,,,,Paris Saint-Germain,87.0,,42.2,90.6,31.8,81.1,True,True,1,boolean_field,success,True,,False,False,pass,rating-breakdown,True,42.2,90.6,31.8,81.1,pass,True,False,"{""playerCoordinates"": {""x"": 42.2, ""y"": 90.6}, ""passEndCoordinates"": {""x"": 31.8, ""y"": 81.1}, ""eventActionType"": ""pass"", ""isHome"": true, ""outcome"": true, ""keypass"": false}",,
1154605,Désiré Doué,14167955,rating-breakdown,passes,passes,,,,Paris Saint-Germain,87.0,,43.6,86.5,36.5,70,,,,unresolvable,,,,False,False,pass,rating-breakdown,True,43.6,86.5,36.5,70,pass,True,False,"{""playerCoordinates"": {""x"": 43.6, ""y"": 86.5}, ""passEndCoordinates"": {""x"": 36.5, ""y"": 70}, ""eventActionType"": ""pass"", ""isHome"": true, ""keypass"": false}",,
1154605,Désiré Doué,14167955,rating-breakdown,passes,passes,,,,Paris Saint-Germain,87.0,,28.5,77.2,39.2,89.4,,,,unresolvable,,,,False,False,pass,rating-breakdown,True,28.5,77.2,39.2,89.4,pass,True,False,"{""playerCoordinates"": {""x"": 28.5, ""y"": 77.2}, ""passEndCoordinates"": {""x"": 39.2, ""y"": 89.4}, ""eventActionType"": ""pass"", ""isHome"": true, ""keypass"": false}",,
1154605,Désiré Doué,14167955,rating-breakdown,passes,passes,,,,Paris Saint-Germain,87.0,,51,86.4,42.9,66.3,True,True,1,boolean_field,success,True,,False,False,pass,rating-breakdown,True,51,86.4,42.9,66.3,pass,True,False,"{""playerCoordinates"": {""x"": 51, ""y"": 86.4}, ""passEndCoordinates"": {""x"": 42.9, ""y"": 66.3}, ""eventActionType"": ""pass"", ""isHome"": true, ""outcome"": true, ""keypass"": false}",,
1154605,Désiré Doué,14167955,rating-breakdown,passes,passes,,,,Paris Saint-Germain,87.0,,77.7,63.4,75.7,58.8,True,True,1,boolean_field,success,True,,False,False,pass,rating-breakdown,True,77.7,63.4,75.7,58.8,pass,True,False,"{""playerCoordinates"": {""x"": 77.7, ""y"": 63.4}, ""passEndCoordinates"": {""x"": 75.7, ""y"": 58.8}, ""eventActionType"": ""pass"", ""isHome"": true, ""outcome"": true, ""keypass"": false}",,
1154605,Désiré Doué,14167955,rating-breakdown,passes,passes,,,,Paris Saint-Germain,87.0,,42.2,65.2,32.6,60.9,True,True,1,boolean_field,success,True,,False,False,pass,rating-breakdown,True,42.2,65.2,32.6,60.9,pass,True,False,"{""playerCoordinates"": {""x"": 42.2, ""y"": 65.2}, ""passEndCoordinates"": {""x"": 32.6, ""y"": 60.9}, ""eventActionType"": ""pass"", ""isHome"": true, ""outcome"": true, ""keypass"": false}",,
1154605,Désiré Doué,14167955,rating-breakdown,passes,passes,,,,Paris Saint-Germain,87.0,,74.7,80.7,82.2,91.2,True,True,1,boolean_field,success,True,,False,False,pass,rating-breakdown,True,74.7,80.7,82.2,91.2,pass,True,False,"{""playerCoordinates"": {""x"": 74.7, ""y"": 80.7}, ""passEndCoordinates"": {""x"": 82.2, ""y"": 91.2}, ""eventActionType"": ""pass"", ""isHome"": true, ""outcome"": true, ""keypass"": false}",,
1154605,Désiré Doué,14167955,rating-breakdown,passes,passes,,,,Paris Saint-Germain,87.0,,86.4,83.5,86.9,80.5,,,,unresolvable,,,,False,False,pass,rating-breakdown,True,86.4,83.5,86.9,80.5,cross,True,False,"{""playerCoordinates"": {""x"": 86.4, ""y"": 83.5}, ""passEndCoordinates"": {""x"": 86.9, ""y"": 80.5}, ""eventActionType"": ""cross"", ""isHome"": true, ""keypass"": false}",,
1154605,Désiré Doué,14167955,rating-breakdown,passes,passes,,,,Paris Saint-Germain,87.0,,62.4,87.3,50.3,53.8,True,True,1,boolean_field,success,True,,False,False,pass,rating-breakdown,True,62.4,87.3,50.3,53.8,pass,True,False,"{""playerCoordinates"": {""x"": 62.4, ""y"": 87.3}, ""passEndCoordinates"": {""x"": 50.3, ""y"": 53.8}, ""eventActionType"": ""pass"", ""isHome"": true, ""outcome"": true, ""keypass"": false}",,
1154605,Désiré Doué,14167955,rating-breakdown,passes,passes,,,,Paris Saint-Germain,87.0,,35.5,82,37.3,41.1,True,True,1,boolean_field,success,True,,False,False,pass,rating-breakdown,True,35.5,82,37.3,41.1,pass,True,False,"{""playerCoordinates"": {""x"": 35.5, ""y"": 82}, ""passEndCoordinates"": {""x"": 37.3, ""y"": 41.1}, ""eventActionType"": ""pass"", ""isHome"": true, ""outcome"": true, ""keypass"": false}",,
1154605,Désiré Doué,14167955,rating-breakdown,passes,passes,,,,Paris Saint-Germain,87.0,,61.4,84.7,84.7,80.7,,,,unresolvable,,,,False,False,pass,rating-breakdown,True,61.4,84.7,84.7,80.7,pass,True,False,"{""playerCoordinates"": {""x"": 61.4, ""y"": 84.7}, ""passEndCoordinates"": {""x"": 84.7, ""y"": 80.7}, ""eventActionType"": ""pass"", ""isHome"": true, ""keypass"": false}",,
1154605,Désiré Doué,14167955,rating-breakdown,passes,passes,,,,Paris Saint-Germain,87.0,,71.6,81.6,69,51.4,True,True,1,boolean_field,success,True,,False,False,pass,rating-breakdown,True,71.6,81.6,69,51.4,pass,True,False,"{""playerCoordinates"": {""x"": 71.6, ""y"": 81.6}, ""passEndCoordinates"": {""x"": 69, ""y"": 51.4}, ""eventActionType"": ""pass"", ""isHome"": true, ""outcome"": true, ""keypass"": false}",,
1154605,Désiré Doué,14167955,rating-breakdown,passes,passes,,,,Paris Saint-Germain,87.0,,70.3,80.8,100,61.3,,,,unresolvable,,,,False,False,pass,rating-breakdown,True,70.3,80.8,100,61.3,pass,True,False,"{""playerCoordinates"": {""x"": 70.3, ""y"": 80.8}, ""passEndCoordinates"": {""x"": 100, ""y"": 61.3}, ""eventActionType"": ""pass"", ""isHome"": true, ""keypass"": false, ""isLongBall"": true}",True,
1154605,Désiré Doué,14167955,rating-breakdown,passes,passes,,,,Paris Saint-Germain,87.0,,50.2,93.1,46.7,73,True,True,1,boolean_field,success,True,,False,False,pass,rating-breakdown,True,50.2,93.1,46.7,73,pass,True,False,"{""playerCoordinates"": {""x"": 50.2, ""y"": 93.1}, ""passEndCoordinates"": {""x"": 46.7, ""y"": 73}, ""eventActionType"": ""pass"", ""isHome"": true, ""outcome"": true, ""keypass"": false}",,
1154605,Désiré Doué,14167955,rating-breakdown,passes,passes,,,,Paris Saint-Germain,87.0,,69.8,80.4,92.8,63.3,True,True,1,boolean_field,success,True,,False,False,pass,rating-breakdown,True,69.8,80.4,92.8,63.3,pass,True,False,"{""playerCoordinates"": {""x"": 69.8, ""y"": 80.4}, ""passEndCoordinates"": {""x"": 92.8, ""y"": 63.3}, ""eventActionType"": ""pass"", ""isHome"": true, ""outcome"": true, ""keypass"": false}",,
1154605,Désiré Doué,14167955,rating-breakdown,passes,passes,,,,Paris Saint-Germain,87.0,,28.3,89.2,36.3,73,True,True,1,boolean_field,success,True,,False,False,pass,rating-breakdown,True,28.3,89.2,36.3,73,pass,True,False,"{""playerCoordinates"": {""x"": 28.3, ""y"": 89.2}, ""passEndCoordinates"": {""x"": 36.3, ""y"": 73}, ""eventActionType"": ""pass"", ""isHome"": true, ""outcome"": true, ""keypass"": false}",,
1154605,Désiré Doué,14167955,rating-breakdown,passes,passes,,,,Paris Saint-Germain,87.0,,62.9,88.8,58.7,70.8,True,True,1,boolean_field,success,True,,False,False,pass,rating-breakdown,True,62.9,88.8,58.7,70.8,pass,True,False,"{""playerCoordinates"": {""x"": 62.9, ""y"": 88.8}, ""passEndCoordinates"": {""x"": 58.7, ""y"": 70.8}, ""eventActionType"": ""pass"", ""isHome"": true, ""outcome"": true, ""keypass"": false}",,
1154605,Désiré Doué,14167955,rating-breakdown,passes,passes,,,,Paris Saint-Germain,87.0,,60,91.5,47.5,82.5,True,True,1,boolean_field,success,True,,False,False,pass,rating-breakdown,True,60,91.5,47.5,82.5,pass,True,False,"{""playerCoordinates"": {""x"": 60, ""y"": 91.5}, ""passEndCoordinates"": {""x"": 47.5, ""y"": 82.5}, ""eventActionType"": ""pass"", ""isHome"": true, ""outcome"": true, ""keypass"": false}",,
1154605,Désiré Doué,14167955,rating-breakdown,passes,passes,,,,Paris Saint-Germain,87.0,,69.2,68.1,79.8,84.9,True,True,1,boolean_field,success,True,,False,False,pass,rating-breakdown,True,69.2,68.1,79.8,84.9,pass,True,False,"{""playerCoordinates"": {""x"": 69.2, ""y"": 68.1}, ""passEndCoordinates"": {""x"": 79.8, ""y"": 84.9}, ""eventActionType"": ""pass"", ""isHome"": true, ""outcome"": true, ""keypass"": false}",,
1154605,Désiré Doué,14167955,rating-breakdown,passes,passes,,,,Paris Saint-Germain,87.0,,80.7,90.4,67.3,82.6,True,True,1,boolean_field,success,True,,False,False,pass,rating-breakdown,True,80.7,90.4,67.3,82.6,pass,True,False,"{""playerCoordinates"": {""x"": 80.7, ""y"": 90.4}, ""passEndCoordinates"": {""x"": 67.3, ""y"": 82.6}, ""eventActionType"": ""pass"", ""isHome"": true, ""outcome"": true, ""keypass"": false}",,
1154605,Désiré Doué,14167955,rating-breakdown,passes,passes,,,,Paris Saint-Germain,87.0,,64.3,72.9,60.5,27.7,True,True,1,boolean_field,success,True,,False,False,pass,rating-breakdown,True,64.3,72.9,60.5,27.7,pass,True,False,"{""playerCoordinates"": {""x"": 64.3, ""y"": 72.9}, ""passEndCoordinates"": {""x"": 60.5, ""y"": 27.7}, ""eventActionType"": ""pass"", ""isHome"": true, ""outcome"": true, ""keypass"": false}",,
1154605,Désiré Doué,14167955,rating-breakdown,passes,passes,,,,Paris Saint-Germain,87.0,,81.4,92.4,93.6,87.7,,,,unresolvable,,,,False,False,pass,rating-breakdown,True,81.4,92.4,93.6,87.7,pass,True,False,"{""playerCoordinates"": {""x"": 81.4, ""y"": 92.4}, ""passEndCoordinates"": {""x"": 93.6, ""y"": 87.7}, ""eventActionType"": ""pass"", ""isHome"": true, ""keypass"": false}",,
1154605,Désiré Doué,14167955,rating-breakdown,passes,passes,,,,Paris Saint-Germain,87.0,,57,83.7,48.8,71.1,True,True,1,boolean_field,success,True,,False,False,pass,rating-breakdown,True,57,83.7,48.8,71.1,pass,True,False,"{""playerCoordinates"": {""x"": 57, ""y"": 83.7}, ""passEndCoordinates"": {""x"": 48.8, ""y"": 71.1}, ""eventActionType"": ""pass"", ""isHome"": true, ""outcome"": true, ""keypass"": false}",,
1154605,Désiré Doué,14167955,rating-breakdown,passes,passes,,,,Paris Saint-Germain,87.0,,87.1,48.3,79.8,64.2,,,,unresolvable,,,,False,False,pass,rating-breakdown,True,87.1,48.3,79.8,64.2,pass,True,False,"{""playerCoordinates"": {""x"": 87.1, ""y"": 48.3}, ""passEndCoordinates"": {""x"": 79.8, ""y"": 64.2}, ""eventActionType"": ""pass"", ""isHome"": true, ""keypass"": false}",,
1154605,Désiré Doué,14167955,rating-breakdown,passes,passes,,,,Paris Saint-Germain,87.0,,51.6,95.5,46.8,85.9,True,True,1,boolean_field,success,True,,False,False,pass,rating-breakdown,True,51.6,95.5,46.8,85.9,pass,True,False,"{""playerCoordinates"": {""x"": 51.6, ""y"": 95.5}, ""passEndCoordinates"": {""x"": 46.8, ""y"": 85.9}, ""eventActionType"": ""pass"", ""isHome"": true, ""outcome"": true, ""keypass"": false}",,
1154605,Désiré Doué,14167955,rating-breakdown,passes,passes,,,,Paris Saint-Germain,87.0,,72.9,31.2,79,11.8,True,True,1,boolean_field,success,True,,False,False,pass,rating-breakdown,True,72.9,31.2,79,11.8,pass,True,False,"{""playerCoordinates"": {""x"": 72.9, ""y"": 31.2}, ""passEndCoordinates"": {""x"": 79, ""y"": 11.8}, ""eventActionType"": ""pass"", ""isHome"": true, ""outcome"": true, ""keypass"": false}",,
1154605,Désiré Doué,14167955,rating-breakdown,passes,passes,,,,Paris Saint-Germain,87.0,,98.1,25.6,94.6,45.1,,,,unresolvable,,,,False,False,pass,rating-breakdown,True,98.1,25.6,94.6,45.1,pass,True,False,"{""playerCoordinates"": {""x"": 98.1, ""y"": 25.6}, ""passEndCoordinates"": {""x"": 94.6, ""y"": 45.1}, ""eventActionType"": ""pass"", ""isHome"": true, ""keypass"": false}",,
1154605,Désiré Doué,14167955,rating-breakdown,passes,passes,,,,Paris Saint-Germain,87.0,,36.4,41.4,45,25.9,,,,unresolvable,,,,False,False,pass,rating-breakdown,True,36.4,41.4,45,25.9,pass,True,False,"{""playerCoordinates"": {""x"": 36.4, ""y"": 41.4}, ""passEndCoordinates"": {""x"": 45, ""y"": 25.9}, ""eventActionType"": ""pass"", ""isHome"": true, ""keypass"": false}",,
1154605,Désiré Doué,14167955,rating-breakdown,passes,passes,,,,Paris Saint-Germain,87.0,,43.5,80.7,39.2,93.3,True,True,1,boolean_field,success,True,,False,False,pass,rating-breakdown,True,43.5,80.7,39.2,93.3,pass,True,False,"{""playerCoordinates"": {""x"": 43.5, ""y"": 80.7}, ""passEndCoordinates"": {""x"": 39.2, ""y"": 93.3}, ""eventActionType"": ""pass"", ""isHome"": true, ""outcome"": true, ""keypass"": false}",,
1154605,Désiré Doué,14167955,rating-breakdown,passes,passes,,,,Paris Saint-Germain,87.0,,44.2,11.4,46.6,3.9,True,True,1,boolean_field,success,True,,False,False,pass,rating-breakdown,True,44.2,11.4,46.6,3.9,pass,True,False,"{""playerCoordinates"": {""x"": 44.2, ""y"": 11.4}, ""passEndCoordinates"": {""x"": 46.6, ""y"": 3.9}, ""eventActionType"": ""pass"", ""isHome"": true, ""outcome"": true, ""keypass"": false}",,
1154605,Désiré Doué,14167955,rating-breakdown,passes,passes,,,,Paris Saint-Germain,87.0,,40.2,6.9,30.4,29.7,True,True,1,boolean_field,success,True,,False,False,pass,rating-breakdown,True,40.2,6.9,30.4,29.7,pass,True,False,"{""playerCoordinates"": {""x"": 40.2, ""y"": 6.9}, ""passEndCoordinates"": {""x"": 30.4, ""y"": 29.7}, ""eventActionType"": ""pass"", ""isHome"": true, ""outcome"": true, ""keypass"": false}",,
1154605,Désiré Doué,14167955,rating-breakdown,passes,passes,,,,Paris Saint-Germain,87.0,,68.9,70,57.1,67.3,True,True,1,boolean_field,success,True,,False,False,pass,rating-breakdown,True,68.9,70,57.1,67.3,pass,True,False,"{""playerCoordinates"": {""x"": 68.9, ""y"": 70}, ""passEndCoordinates"": {""x"": 57.1, ""y"": 67.3}, ""eventActionType"": ""pass"", ""isHome"": true, ""outcome"": true, ""keypass"": false}",,
1154605,Désiré Doué,14167955,rating-breakdown,passes,passes,,,,Paris Saint-Germain,87.0,,78.2,43.5,93.6,26.8,True,True,1,boolean_field,success,True,,False,False,pass,rating-breakdown,True,78.2,43.5,93.6,26.8,pass,True,False,"{""playerCoordinates"": {""x"": 78.2, ""y"": 43.5}, ""passEndCoordinates"": {""x"": 93.6, ""y"": 26.8}, ""eventActionType"": ""pass"", ""isHome"": true, ""outcome"": true, ""keypass"": false}",,
1154605,Désiré Doué,14167955,rating-breakdown,passes,passes,,,,Paris Saint-Germain,87.0,,73.9,44.5,71.3,67.9,True,True,1,boolean_field,success,True,,False,False,pass,rating-breakdown,True,73.9,44.5,71.3,67.9,pass,True,False,"{""playerCoordinates"": {""x"": 73.9, ""y"": 44.5}, ""passEndCoordinates"": {""x"": 71.3, ""y"": 67.9}, ""eventActionType"": ""pass"", ""isHome"": true, ""outcome"": true, ""keypass"": false}",,
1154605,Désiré Doué,14167955,rating-breakdown,passes,passes,,,,Paris Saint-Germain,87.0,,50.3,38.8,53.4,70.2,True,True,1,boolean_field,success,True,,False,False,pass,rating-breakdown,True,50.3,38.8,53.4,70.2,pass,True,False,"{""playerCoordinates"": {""x"": 50.3, ""y"": 38.8}, ""passEndCoordinates"": {""x"": 53.4, ""y"": 70.2}, ""eventActionType"": ""pass"", ""isHome"": true, ""outcome"": true, ""keypass"": false}",,
1154605,Désiré Doué,14167955,rating-breakdown,passes,passes,,,,Paris Saint-Germain,87.0,,54.6,58.8,40.3,64.5,True,True,1,boolean_field,success,True,,False,False,pass,rating-breakdown,True,54.6,58.8,40.3,64.5,pass,True,False,"{""playerCoordinates"": {""x"": 54.6, ""y"": 58.8}, ""passEndCoordinates"": {""x"": 40.3, ""y"": 64.5}, ""eventActionType"": ""pass"", ""isHome"": true, ""outcome"": true, ""keypass"": false}",,
1154605,Désiré Doué,14167955,rating-breakdown,passes,passes,,,,Paris Saint-Germain,87.0,,50.2,50.4,83.4,100,,,,unresolvable,,,,False,False,pass,rating-breakdown,True,50.2,50.4,83.4,100,pass,True,False,"{""playerCoordinates"": {""x"": 50.2, ""y"": 50.4}, ""passEndCoordinates"": {""x"": 83.4, ""y"": 100}, ""eventActionType"": ""pass"", ""isHome"": true, ""keypass"": false, ""isLongBall"": true}",True,
1154605,Désiré Doué,14167955,rating-breakdown,passes,passes,,,,Paris Saint-Germain,87.0,,53.6,75.9,39.6,77.1,True,True,1,boolean_field,success,True,,False,False,pass,rating-breakdown,True,53.6,75.9,39.6,77.1,pass,True,False,"{""playerCoordinates"": {""x"": 53.6, ""y"": 75.9}, ""passEndCoordinates"": {""x"": 39.6, ""y"": 77.1}, ""eventActionType"": ""pass"", ""isHome"": true, ""outcome"": true, ""keypass"": false}",,
1154605,Désiré Doué,14167955,rating-breakdown,passes,passes,,,,Paris Saint-Germain,87.0,,42.2,66.4,45.7,59.8,True,True,1,boolean_field,success,True,,False,False,pass,rating-breakdown,True,42.2,66.4,45.7,59.8,pass,True,False,"{""playerCoordinates"": {""x"": 42.2, ""y"": 66.4}, ""passEndCoordinates"": {""x"": 45.7, ""y"": 59.8}, ""eventActionType"": ""pass"", ""isHome"": true, ""outcome"": true, ""keypass"": false}",,
1154605,Désiré Doué,14167955,rating-breakdown,passes,passes,,,,Paris Saint-Germain,87.0,,40.3,57.1,72.4,50.7,True,True,1,boolean_field,success,True,,False,False,pass,rating-breakdown,True,40.3,57.1,72.4,50.7,pass,True,False,"{""playerCoordinates"": {""x"": 40.3, ""y"": 57.1}, ""passEndCoordinates"": {""x"": 72.4, ""y"": 50.7}, ""eventActionType"": ""pass"", ""isHome"": true, ""outcome"": true, ""keypass"": false, ""isLongBall"": true}",True,
1154605,Désiré Doué,14167955,rating-breakdown,passes,passes,,,,Paris Saint-Germain,87.0,,64.3,92.5,47.1,88.6,True,True,1,boolean_field,success,True,,False,False,pass,rating-breakdown,True,64.3,92.5,47.1,88.6,pass,True,False,"{""playerCoordinates"": {""x"": 64.3, ""y"": 92.5}, ""passEndCoordinates"": {""x"": 47.1, ""y"": 88.6}, ""eventActionType"": ""pass"", ""isHome"": true, ""outcome"": true, ""keypass"": false}",,
1154605,Désiré Doué,14167955,rating-breakdown,passes,passes,,,,Paris Saint-Germain,87.0,,66.5,74.1,62,75.6,True,True,1,boolean_field,success,True,,False,False,pass,rating-breakdown,True,66.5,74.1,62,75.6,pass,True,False,"{""playerCoordinates"": {""x"": 66.5, ""y"": 74.1}, ""passEndCoordinates"": {""x"": 62, ""y"": 75.6}, ""eventActionType"": ""pass"", ""isHome"": true, ""outcome"": true, ""keypass"": false}",,
1154605,Désiré Doué,14167955,rating-breakdown,passes,passes,,,,Paris Saint-Germain,87.0,,48.4,87.3,44.2,97.6,True,True,1,boolean_field,success,True,,False,False,pass,rating-breakdown,True,48.4,87.3,44.2,97.6,pass,True,False,"{""playerCoordinates"": {""x"": 48.4, ""y"": 87.3}, ""passEndCoordinates"": {""x"": 44.2, ""y"": 97.6}, ""eventActionType"": ""pass"", ""isHome"": true, ""outcome"": true, ""keypass"": false}",,
1154605,Désiré Doué,14167955,rating-breakdown,passes,passes,,,,Paris Saint-Germain,87.0,,34,22.6,30.2,42.1,True,True,1,boolean_field,success,True,,False,False,pass,rating-breakdown,True,34,22.6,30.2,42.1,pass,True,False,"{""playerCoordinates"": {""x"": 34, ""y"": 22.6}, ""passEndCoordinates"": {""x"": 30.2, ""y"": 42.1}, ""eventActionType"": ""pass"", ""isHome"": true, ""outcome"": true, ""keypass"": false}",,
1154605,Désiré Doué,14167955,rating-breakdown,passes,passes,,,,Paris Saint-Germain,87.0,,69.2,75,66.2,63.6,True,True,1,boolean_field,success,True,,False,False,pass,rating-breakdown,True,69.2,75,66.2,63.6,pass,True,False,"{""playerCoordinates"": {""x"": 69.2, ""y"": 75}, ""passEndCoordinates"": {""x"": 66.2, ""y"": 63.6}, ""eventActionType"": ""pass"", ""isHome"": true, ""outcome"": true, ""keypass"": false}",,
1154605,Désiré Doué,14167955,rating-breakdown,passes,passes,,,,Paris Saint-Germain,87.0,,36.8,77.4,47.3,78.6,True,True,1,boolean_field,success,True,,False,False,pass,rating-breakdown,True,36.8,77.4,47.3,78.6,pass,True,False,"{""playerCoordinates"": {""x"": 36.8, ""y"": 77.4}, ""passEndCoordinates"": {""x"": 47.3, ""y"": 78.6}, ""eventActionType"": ""pass"", ""isHome"": true, ""outcome"": true, ""keypass"": false}",,
1154605,Désiré Doué,14167955,rating-breakdown,passes,passes,,,,Paris Saint-Germain,87.0,,58.2,10,54.3,19.5,True,True,1,boolean_field,success,True,,False,False,pass,rating-breakdown,True,58.2,10,54.3,19.5,pass,True,False,"{""playerCoordinates"": {""x"": 58.2, ""y"": 10}, ""passEndCoordinates"": {""x"": 54.3, ""y"": 19.5}, ""eventActionType"": ""pass"", ""isHome"": true, ""outcome"": true, ""keypass"": false}",,
1154605,Désiré Doué,14167955,rating-breakdown,passes,passes,,,,Paris Saint-Germain,87.0,,12.6,8.5,9.5,20.5,True,True,1,boolean_field,success,True,,False,False,pass,rating-breakdown,True,12.6,8.5,9.5,20.5,pass,True,False,"{""playerCoordinates"": {""x"": 12.6, ""y"": 8.5}, ""passEndCoordinates"": {""x"": 9.5, ""y"": 20.5}, ""eventActionType"": ""pass"", ""isHome"": true, ""outcome"": true, ""keypass"": false}",,
1154605,Désiré Doué,14167955,rating-breakdown,passes,passes,,,,Paris Saint-Germain,87.0,,84,27,88.3,62.8,True,True,1,boolean_field,success,True,,False,False,pass,rating-breakdown,True,84,27,88.3,62.8,cross,True,False,"{""playerCoordinates"": {""x"": 84, ""y"": 27}, ""passEndCoordinates"": {""x"": 88.3, ""y"": 62.8}, ""eventActionType"": ""cross"", ""isHome"": true, ""outcome"": true, ""keypass"": false}",,
1154605,Désiré Doué,14167955,rating-breakdown,passes,passes,,,,Paris Saint-Germain,87.0,,59.1,24.6,56,27.6,True,True,1,boolean_field,success,True,,False,False,pass,rating-breakdown,True,59.1,24.6,56,27.6,pass,True,False,"{""playerCoordinates"": {""x"": 59.1, ""y"": 24.6}, ""passEndCoordinates"": {""x"": 56, ""y"": 27.6}, ""eventActionType"": ""pass"", ""isHome"": true, ""outcome"": true, ""keypass"": false}",,
1154605,Désiré Doué,14167955,rating-breakdown,passes,passes,,,,Paris Saint-Germain,87.0,,33,6.3,13,21.3,True,True,1,boolean_field,success,True,,False,False,pass,rating-breakdown,True,33,6.3,13,21.3,pass,True,False,"{""playerCoordinates"": {""x"": 33, ""y"": 6.3}, ""passEndCoordinates"": {""x"": 13, ""y"": 21.3}, ""eventActionType"": ""pass"", ""isHome"": true, ""outcome"": true, ""keypass"": false}",,
1154605,Désiré Doué,14167955,rating-breakdown,passes,passes,,,,Paris Saint-Germain,87.0,,39.4,6.7,45.5,15.9,True,True,1,boolean_field,success,True,,False,False,pass,rating-breakdown,True,39.4,6.7,45.5,15.9,pass,True,False,"{""playerCoordinates"": {""x"": 39.4, ""y"": 6.7}, ""passEndCoordinates"": {""x"": 45.5, ""y"": 15.9}, ""eventActionType"": ""pass"", ""isHome"": true, ""outcome"": true, ""keypass"": false}",,
1154605,Désiré Doué,14167955,rating-breakdown,passes,passes,,,,Paris Saint-Germain,87.0,,77.8,21,74.2,37.8,True,True,1,boolean_field,success,True,,False,False,pass,rating-breakdown,True,77.8,21,74.2,37.8,pass,True,False,"{""playerCoordinates"": {""x"": 77.8, ""y"": 21}, ""passEndCoordinates"": {""x"": 74.2, ""y"": 37.8}, ""eventActionType"": ""pass"", ""isHome"": true, ""outcome"": true, ""keypass"": false}",,
1154605,Désiré Doué,14167955,rating-breakdown,passes,passes,,,,Paris Saint-Germain,87.0,,67,66.4,66.3,78,True,True,1,boolean_field,success,True,,False,False,pass,rating-breakdown,True,67,66.4,66.3,78,pass,True,False,"{""playerCoordinates"": {""x"": 67, ""y"": 66.4}, ""passEndCoordinates"": {""x"": 66.3, ""y"": 78}, ""eventActionType"": ""pass"", ""isHome"": true, ""outcome"": true, ""keypass"": false}",,
1154605,Désiré Doué,14167955,rating-breakdown,passes,passes,,,,Paris Saint-Germain,87.0,,65.1,31,60.2,33,,,,unresolvable,,,,False,False,pass,rating-breakdown,True,65.1,31,60.2,33,pass,True,False,"{""playerCoordinates"": {""x"": 65.1, ""y"": 31}, ""passEndCoordinates"": {""x"": 60.2, ""y"": 33}, ""eventActionType"": ""pass"", ""isHome"": true, ""keypass"": false}",,
1154605,Désiré Doué,14167955,rating-breakdown,passes,passes,,,,Paris Saint-Germain,87.0,,41.6,19.2,46,12.9,True,True,1,boolean_field,success,True,,False,False,pass,rating-breakdown,True,41.6,19.2,46,12.9,pass,True,False,"{""playerCoordinates"": {""x"": 41.6, ""y"": 19.2}, ""passEndCoordinates"": {""x"": 46, ""y"": 12.9}, ""eventActionType"": ""pass"", ""isHome"": true, ""outcome"": true, ""keypass"": false}",,
1154605,Désiré Doué,14167955,rating-breakdown,passes,passes,,,,Paris Saint-Germain,87.0,,68,11.4,60.2,12,True,True,1,boolean_field,success,True,,False,False,pass,rating-breakdown,True,68,11.4,60.2,12,pass,True,False,"{""playerCoordinates"": {""x"": 68, ""y"": 11.4}, ""passEndCoordinates"": {""x"": 60.2, ""y"": 12}, ""eventActionType"": ""pass"", ""isHome"": true, ""outcome"": true, ""keypass"": false}",,
1154605,Désiré Doué,14167955,rating-breakdown,passes,passes,,,,Paris Saint-Germain,87.0,,54.1,17.1,55.5,13.8,,,,unresolvable,,,,False,False,pass,rating-breakdown,True,54.1,17.1,55.5,13.8,pass,True,False,"{""playerCoordinates"": {""x"": 54.1, ""y"": 17.1}, ""passEndCoordinates"": {""x"": 55.5, ""y"": 13.8}, ""eventActionType"": ""pass"", ""isHome"": true, ""keypass"": false}",,
1154605,Désiré Doué,14167955,rating-breakdown,passes,passes,,,,Paris Saint-Germain,87.0,,45.5,7,33.5,13.6,True,True,1,boolean_field,success,True,,False,False,pass,rating-breakdown,True,45.5,7,33.5,13.6,pass,True,False,"{""playerCoordinates"": {""x"": 45.5, ""y"": 7}, ""passEndCoordinates"": {""x"": 33.5, ""y"": 13.6}, ""eventActionType"": ""pass"", ""isHome"": true, ""outcome"": true, ""keypass"": false}",,
1154605,Désiré Doué,14167955,rating-breakdown,passes,passes,,,,Paris Saint-Germain,87.0,,40.7,9.1,29.4,8.7,True,True,1,boolean_field,success,True,,False,False,pass,rating-breakdown,True,40.7,9.1,29.4,8.7,pass,True,False,"{""playerCoordinates"": {""x"": 40.7, ""y"": 9.1}, ""passEndCoordinates"": {""x"": 29.4, ""y"": 8.7}, ""eventActionType"": ""pass"", ""isHome"": true, ""outcome"": true, ""keypass"": false}",,
1154605,Désiré Doué,14167955,rating-breakdown,passes,passes,,,,Paris Saint-Germain,87.0,,33.1,4.9,32.4,41.1,True,True,1,boolean_field,success,True,,False,False,pass,rating-breakdown,True,33.1,4.9,32.4,41.1,pass,True,False,"{""playerCoordinates"": {""x"": 33.1, ""y"": 4.9}, ""passEndCoordinates"": {""x"": 32.4, ""y"": 41.1}, ""eventActionType"": ""pass"", ""isHome"": true, ""outcome"": true, ""keypass"": false}",,
1154605,Désiré Doué,14167955,rating-breakdown,passes,passes,,,,Paris Saint-Germain,87.0,,77.8,77.7,79.1,93,True,True,1,boolean_field,success,True,,False,False,pass,rating-breakdown,True,77.8,77.7,79.1,93,pass,True,False,"{""playerCoordinates"": {""x"": 77.8, ""y"": 77.7}, ""passEndCoordinates"": {""x"": 79.1, ""y"": 93}, ""eventActionType"": ""pass"", ""isHome"": true, ""outcome"": true, ""keypass"": false}",,
1154605,Désiré Doué,14167955,rating-breakdown,passes,passes,,,,Paris Saint-Germain,87.0,,63,88.2,47.7,76.5,True,True,1,boolean_field,success,True,,False,False,pass,rating-breakdown,True,63,88.2,47.7,76.5,pass,True,False,"{""playerCoordinates"": {""x"": 63, ""y"": 88.2}, ""passEndCoordinates"": {""x"": 47.7, ""y"": 76.5}, ""eventActionType"": ""pass"", ""isHome"": true, ""outcome"": true, ""keypass"": false}",,
1154605,Désiré Doué,14167955,rating-breakdown,passes,passes,,,,Paris Saint-Germain,87.0,,47.9,77.1,70.4,98.3,True,True,1,boolean_field,success,True,,False,False,pass,rating-breakdown,True,47.9,77.1,70.4,98.3,pass,True,False,"{""playerCoordinates"": {""x"": 47.9, ""y"": 77.1}, ""passEndCoordinates"": {""x"": 70.4, ""y"": 98.3}, ""eventActionType"": ""pass"", ""isHome"": true, ""outcome"": true, ""keypass"": false}",,
1154605,Désiré Doué,14167955,rating-breakdown,passes,passes,,,,Paris Saint-Germain,87.0,,69.4,62.4,70.5,59.5,,,,unresolvable,,,,False,False,pass,rating-breakdown,True,69.4,62.4,70.5,59.5,pass,True,False,"{""playerCoordinates"": {""x"": 69.4, ""y"": 62.4}, ""passEndCoordinates"": {""x"": 70.5, ""y"": 59.5}, ""eventActionType"": ""pass"", ""isHome"": true, ""keypass"": false}",,
1154605,Désiré Doué,14167955,rating-breakdown,ball-carries,ball-carries,,,,Paris Saint-Germain,87.0,,29.3,80.5,38.2,84.3,,,,unresolvable,,,,False,False,,rating-breakdown,True,29.3,80.5,38.2,84.3,ball-carry,True,,"{""playerCoordinates"": {""x"": 29.3, ""y"": 80.5}, ""passEndCoordinates"": {""x"": 38.2, ""y"": 84.3}, ""eventActionType"": ""ball-carry"", ""isHome"": true}",,
1154605,Désiré Doué,14167955,rating-breakdown,ball-carries,ball-carries,,,,Paris Saint-Germain,87.0,,39.2,66.4,36.1,69.4,,,,unresolvable,,,,False,False,,rating-breakdown,True,39.2,66.4,36.1,69.4,ball-carry,True,,"{""playerCoordinates"": {""x"": 39.2, ""y"": 66.4}, ""passEndCoordinates"": {""x"": 36.1, ""y"": 69.4}, ""eventActionType"": ""ball-carry"", ""isHome"": true}",,
1154605,Désiré Doué,14167955,rating-breakdown,ball-carries,ball-carries,,,,Paris Saint-Germain,87.0,,77.3,84.3,74.1,64.4,,,,unresolvable,,,,False,False,,rating-breakdown,True,77.3,84.3,74.1,64.4,ball-carry,True,,"{""playerCoordinates"": {""x"": 77.3, ""y"": 84.3}, ""passEndCoordinates"": {""x"": 74.1, ""y"": 64.4}, ""eventActionType"": ""ball-carry"", ""isHome"": true}",,
1154605,Désiré Doué,14167955,rating-breakdown,ball-carries,ball-carries,,,,Paris Saint-Germain,87.0,,64.9,66,62.2,69.4,,,,unresolvable,,,,False,False,,rating-breakdown,True,64.9,66,62.2,69.4,ball-carry,True,,"{""playerCoordinates"": {""x"": 64.9, ""y"": 66}, ""passEndCoordinates"": {""x"": 62.2, ""y"": 69.4}, ""eventActionType"": ""ball-carry"", ""isHome"": true}",,
1154605,Désiré Doué,14167955,rating-breakdown,ball-carries,ball-carries,,,,Paris Saint-Germain,87.0,,65.2,80.8,63,84.9,,,,unresolvable,,,,False,False,,rating-breakdown,True,65.2,80.8,63,84.9,ball-carry,True,,"{""playerCoordinates"": {""x"": 65.2, ""y"": 80.8}, ""passEndCoordinates"": {""x"": 63, ""y"": 84.9}, ""eventActionType"": ""ball-carry"", ""isHome"": true}",,
1154605,Désiré Doué,14167955,rating-breakdown,ball-carries,ball-carries,,,,Paris Saint-Germain,87.0,,32,56.1,34.8,58,,,,unresolvable,,,,False,False,,rating-breakdown,True,32,56.1,34.8,58,ball-carry,True,,"{""playerCoordinates"": {""x"": 32, ""y"": 56.1}, ""passEndCoordinates"": {""x"": 34.8, ""y"": 58}, ""eventActionType"": ""ball-carry"", ""isHome"": true}",,
1154605,Désiré Doué,14167955,rating-breakdown,ball-carries,ball-carries,,,,Paris Saint-Germain,87.0,,40.6,83.1,51,86.4,,,,unresolvable,,,,False,False,,rating-breakdown,True,40.6,83.1,51,86.4,ball-carry,True,,"{""playerCoordinates"": {""x"": 40.6, ""y"": 83.1}, ""passEndCoordinates"": {""x"": 51, ""y"": 86.4}, ""eventActionType"": ""ball-carry"", ""isHome"": true}",,
1154605,Désiré Doué,14167955,rating-breakdown,ball-carries,ball-carries,,,,Paris Saint-Germain,87.0,,73.8,75.6,74.7,80.7,,,,unresolvable,,,,False,False,,rating-breakdown,True,73.8,75.6,74.7,80.7,ball-carry,True,,"{""playerCoordinates"": {""x"": 73.8, ""y"": 75.6}, ""passEndCoordinates"": {""x"": 74.7, ""y"": 80.7}, ""eventActionType"": ""ball-carry"", ""isHome"": true}",,
1154605,Désiré Doué,14167955,rating-breakdown,ball-carries,ball-carries,,,,Paris Saint-Germain,87.0,,80.2,90,86.4,83.5,,,,unresolvable,,,,False,False,,rating-breakdown,True,80.2,90,86.4,83.5,ball-carry,True,,"{""playerCoordinates"": {""x"": 80.2, ""y"": 90}, ""passEndCoordinates"": {""x"": 86.4, ""y"": 83.5}, ""eventActionType"": ""ball-carry"", ""isHome"": true}",,
1154605,Désiré Doué,14167955,rating-breakdown,ball-carries,ball-carries,,,,Paris Saint-Germain,87.0,,66.6,92.2,62.4,87.3,,,,unresolvable,,,,False,False,,rating-breakdown,True,66.6,92.2,62.4,87.3,ball-carry,True,,"{""playerCoordinates"": {""x"": 66.6, ""y"": 92.2}, ""passEndCoordinates"": {""x"": 62.4, ""y"": 87.3}, ""eventActionType"": ""ball-carry"", ""isHome"": true}",,
1154605,Désiré Doué,14167955,rating-breakdown,ball-carries,ball-carries,,,,Paris Saint-Germain,87.0,,65.3,84,71.6,81.6,,,,unresolvable,,,,False,False,,rating-breakdown,True,65.3,84,71.6,81.6,ball-carry,True,,"{""playerCoordinates"": {""x"": 65.3, ""y"": 84}, ""passEndCoordinates"": {""x"": 71.6, ""y"": 81.6}, ""eventActionType"": ""ball-carry"", ""isHome"": true}",,
1154605,Désiré Doué,14167955,rating-breakdown,ball-carries,ball-carries,,,,Paris Saint-Germain,87.0,,67.9,71.5,69.8,80.4,,,,unresolvable,,,,False,False,,rating-breakdown,True,67.9,71.5,69.8,80.4,ball-carry,True,,"{""playerCoordinates"": {""x"": 67.9, ""y"": 71.5}, ""passEndCoordinates"": {""x"": 69.8, ""y"": 80.4}, ""eventActionType"": ""ball-carry"", ""isHome"": true}",,
1154605,Désiré Doué,14167955,rating-breakdown,ball-carries,ball-carries,,,,Paris Saint-Germain,87.0,,49.1,90,62.9,88.8,,,,unresolvable,,,,False,False,,rating-breakdown,True,49.1,90,62.9,88.8,ball-carry,True,,"{""playerCoordinates"": {""x"": 49.1, ""y"": 90}, ""passEndCoordinates"": {""x"": 62.9, ""y"": 88.8}, ""eventActionType"": ""ball-carry"", ""isHome"": true}",,
1154605,Désiré Doué,14167955,rating-breakdown,ball-carries,ball-carries,,,,Paris Saint-Germain,87.0,,67.2,93,60,91.5,,,,unresolvable,,,,False,False,,rating-breakdown,True,67.2,93,60,91.5,ball-carry,True,,"{""playerCoordinates"": {""x"": 67.2, ""y"": 93}, ""passEndCoordinates"": {""x"": 60, ""y"": 91.5}, ""eventActionType"": ""ball-carry"", ""isHome"": true}",,
1154605,Désiré Doué,14167955,rating-breakdown,ball-carries,ball-carries,,,,Paris Saint-Germain,87.0,,61.8,68.4,69.2,68.1,,,,unresolvable,,,,False,False,,rating-breakdown,True,61.8,68.4,69.2,68.1,ball-carry,True,,"{""playerCoordinates"": {""x"": 61.8, ""y"": 68.4}, ""passEndCoordinates"": {""x"": 69.2, ""y"": 68.1}, ""eventActionType"": ""ball-carry"", ""isHome"": true}",,
1154605,Désiré Doué,14167955,rating-breakdown,ball-carries,ball-carries,,,,Paris Saint-Germain,87.0,,75,93.9,64.3,72.9,,,,unresolvable,,,,False,False,,rating-breakdown,True,75,93.9,64.3,72.9,ball-carry,True,,"{""playerCoordinates"": {""x"": 75, ""y"": 93.9}, ""passEndCoordinates"": {""x"": 64.3, ""y"": 72.9}, ""eventActionType"": ""ball-carry"", ""isHome"": true}",,
1154605,Désiré Doué,14167955,rating-breakdown,ball-carries,ball-carries,,,,Paris Saint-Germain,87.0,,75.2,52.9,81.1,38.9,,,,unresolvable,,,,False,False,,rating-breakdown,True,75.2,52.9,81.1,38.9,ball-carry,True,,"{""playerCoordinates"": {""x"": 75.2, ""y"": 52.9}, ""passEndCoordinates"": {""x"": 81.1, ""y"": 38.9}, ""eventActionType"": ""ball-carry"", ""isHome"": true}",,
1154605,Désiré Doué,14167955,rating-breakdown,ball-carries,ball-carries,,,,Paris Saint-Germain,87.0,,37.6,62.5,40.3,57.1,,,,unresolvable,,,,False,False,,rating-breakdown,True,37.6,62.5,40.3,57.1,ball-carry,True,,"{""playerCoordinates"": {""x"": 37.6, ""y"": 62.5}, ""passEndCoordinates"": {""x"": 40.3, ""y"": 57.1}, ""eventActionType"": ""ball-carry"", ""isHome"": true}",,
1154605,Désiré Doué,14167955,rating-breakdown,ball-carries,ball-carries,,,,Paris Saint-Germain,87.0,,43.1,87.4,64.3,92.5,,,,unresolvable,,,,False,False,,rating-breakdown,True,43.1,87.4,64.3,92.5,ball-carry,True,,"{""playerCoordinates"": {""x"": 43.1, ""y"": 87.4}, ""passEndCoordinates"": {""x"": 64.3, ""y"": 92.5}, ""eventActionType"": ""ball-carry"", ""isHome"": true}",,
1154605,Désiré Doué,14167955,rating-breakdown,ball-carries,ball-carries,,,,Paris Saint-Germain,87.0,,57.8,7.5,84,27,,,,unresolvable,,,,False,False,,rating-breakdown,True,57.8,7.5,84,27,ball-carry,True,,"{""playerCoordinates"": {""x"": 57.8, ""y"": 7.5}, ""passEndCoordinates"": {""x"": 84, ""y"": 27}, ""eventActionType"": ""ball-carry"", ""isHome"": true}",,
1154605,Désiré Doué,14167955,rating-breakdown,ball-carries,ball-carries,,,,Paris Saint-Germain,87.0,,61.4,8.7,85.5,24,,,,unresolvable,,,,False,False,,rating-breakdown,True,61.4,8.7,85.5,24,ball-carry,True,,"{""playerCoordinates"": {""x"": 61.4, ""y"": 8.7}, ""passEndCoordinates"": {""x"": 85.5, ""y"": 24}, ""eventActionType"": ""ball-carry"", ""isHome"": true}",,
1154605,Désiré Doué,14167955,rating-breakdown,ball-carries,ball-carries,,,,Paris Saint-Germain,87.0,,84.4,11.4,77.8,21,,,,unresolvable,,,,False,False,,rating-breakdown,True,84.4,11.4,77.8,21,ball-carry,True,,"{""playerCoordinates"": {""x"": 84.4, ""y"": 11.4}, ""passEndCoordinates"": {""x"": 77.8, ""y"": 21}, ""eventActionType"": ""ball-carry"", ""isHome"": true}",,
1154605,Désiré Doué,14167955,rating-breakdown,ball-carries,ball-carries,,,,Paris Saint-Germain,87.0,,75.6,6.7,68,11.4,,,,unresolvable,,,,False,False,,rating-breakdown,True,75.6,6.7,68,11.4,ball-carry,True,,"{""playerCoordinates"": {""x"": 75.6, ""y"": 6.7}, ""passEndCoordinates"": {""x"": 68, ""y"": 11.4}, ""eventActionType"": ""ball-carry"", ""isHome"": true}",,
1154605,Désiré Doué,14167955,rating-breakdown,ball-carries,ball-carries,,,,Paris Saint-Germain,87.0,,56.8,22.9,54.1,17.1,,,,unresolvable,,,,False,False,,rating-breakdown,True,56.8,22.9,54.1,17.1,ball-carry,True,,"{""playerCoordinates"": {""x"": 56.8, ""y"": 22.9}, ""passEndCoordinates"": {""x"": 54.1, ""y"": 17.1}, ""eventActionType"": ""ball-carry"", ""isHome"": true}",,
1154605,Désiré Doué,14167955,rating-breakdown,ball-carries,ball-carries,,,,Paris Saint-Germain,87.0,,36.1,2.4,33.1,4.9,,,,unresolvable,,,,False,False,,rating-breakdown,True,36.1,2.4,33.1,4.9,ball-carry,True,,"{""playerCoordinates"": {""x"": 36.1, ""y"": 2.4}, ""passEndCoordinates"": {""x"": 33.1, ""y"": 4.9}, ""eventActionType"": ""ball-carry"", ""isHome"": true}",,
1154605,Désiré Doué,14167955,rating-breakdown,ball-carries,ball-carries,,,,Paris Saint-Germain,87.0,,71.2,72.9,78.7,74.5,,,,unresolvable,,,,False,False,,rating-breakdown,True,71.2,72.9,78.7,74.5,ball-carry,True,,"{""playerCoordinates"": {""x"": 71.2, ""y"": 72.9}, ""passEndCoordinates"": {""x"": 78.7, ""y"": 74.5}, ""eventActionType"": ""ball-carry"", ""isHome"": true}",,
1154605,Désiré Doué,14167955,rating-breakdown,ball-carries,ball-carries,,,,Paris Saint-Germain,87.0,,64.6,72.4,67.9,66.1,,,,unresolvable,,,,False,False,,rating-breakdown,True,64.6,72.4,67.9,66.1,ball-carry,True,,"{""playerCoordinates"": {""x"": 64.6, ""y"": 72.4}, ""passEndCoordinates"": {""x"": 67.9, ""y"": 66.1}, ""eventActionType"": ""ball-carry"", ""isHome"": true}",,
1154605,Désiré Doué,14167955,rating-breakdown,dribbles,dribbles,,,,Paris Saint-Germain,87.0,,56.6,41.2,,,,,,unresolvable,,,,False,False,,rating-breakdown,True,56.6,41.2,,,dribble,True,False,"{""playerCoordinates"": {""x"": 56.6, ""y"": 41.2}, ""eventActionType"": ""dribble"", ""isHome"": true, ""keypass"": false}",,
1154605,Désiré Doué,14167955,rating-breakdown,defensive,defensive,,,,Paris Saint-Germain,87.0,,57.6,19.9,,,,,,unresolvable,,,,False,False,,rating-breakdown,True,57.6,19.9,,,tackle,True,False,"{""playerCoordinates"": {""x"": 57.6, ""y"": 19.9}, ""eventActionType"": ""tackle"", ""isHome"": true, ""keypass"": false}",,
1154605,Désiré Doué,14167955,rating-breakdown,defensive,defensive,,,,Paris Saint-Germain,87.0,,28.5,77.2,,,True,True,1,boolean_field,success,,True,False,False,,rating-breakdown,True,28.5,77.2,,,ball-recovery,True,False,"{""playerCoordinates"": {""x"": 28.5, ""y"": 77.2}, ""eventActionType"": ""ball-recovery"", ""isHome"": true, ""outcome"": true, ""keypass"": false}",,
1154605,Désiré Doué,14167955,rating-breakdown,defensive,defensive,,,,Paris Saint-Germain,87.0,,25.9,91.8,,,True,True,1,boolean_field,success,,True,False,False,,rating-breakdown,True,25.9,91.8,,,tackle,True,False,"{""playerCoordinates"": {""x"": 25.9, ""y"": 91.8}, ""eventActionType"": ""tackle"", ""isHome"": true, ""outcome"": true, ""keypass"": false}",,
1154605,Désiré Doué,14167955,rating-breakdown,defensive,defensive,,,,Paris Saint-Germain,87.0,,48.9,92.4,,,True,True,1,boolean_field,success,,True,False,False,,rating-breakdown,True,48.9,92.4,,,ball-recovery,True,False,"{""playerCoordinates"": {""x"": 48.9, ""y"": 92.4}, ""eventActionType"": ""ball-recovery"", ""isHome"": true, ""outcome"": true, ""keypass"": false}",,
1154605,Désiré Doué,14167955,rating-breakdown,defensive,defensive,,,,Paris Saint-Germain,87.0,,67.9,71.5,,,True,True,1,boolean_field,success,,True,False,False,,rating-breakdown,True,67.9,71.5,,,ball-recovery,True,False,"{""playerCoordinates"": {""x"": 67.9, ""y"": 71.5}, ""eventActionType"": ""ball-recovery"", ""isHome"": true, ""outcome"": true, ""keypass"": false}",,
1154605,Désiré Doué,14167955,rating-breakdown,defensive,defensive,,,,Paris Saint-Germain,87.0,,23.2,88.7,,,True,True,1,boolean_field,success,,True,False,False,,rating-breakdown,True,23.2,88.7,,,interception,True,False,"{""playerCoordinates"": {""x"": 23.2, ""y"": 88.7}, ""eventActionType"": ""interception"", ""isHome"": true, ""outcome"": true, ""keypass"": false}",,
1154605,Désiré Doué,14167955,rating-breakdown,defensive,defensive,,,,Paris Saint-Germain,87.0,,28.2,89.1,,,True,True,1,boolean_field,success,,True,False,False,,rating-breakdown,True,28.2,89.1,,,ball-recovery,True,False,"{""playerCoordinates"": {""x"": 28.2, ""y"": 89.1}, ""eventActionType"": ""ball-recovery"", ""isHome"": true, ""outcome"": true, ""keypass"": false}",,
1154605,Désiré Doué,14167955,rating-breakdown,defensive,defensive,,,,Paris Saint-Germain,87.0,,54.8,42.4,,,True,True,1,boolean_field,success,,True,False,False,,rating-breakdown,True,54.8,42.4,,,ball-recovery,True,False,"{""playerCoordinates"": {""x"": 54.8, ""y"": 42.4}, ""eventActionType"": ""ball-recovery"", ""isHome"": true, ""outcome"": true, ""keypass"": false}",,
1154605,Désiré Doué,14167955,rating-breakdown,defensive,defensive,,,,Paris Saint-Germain,87.0,,43.5,19,,,True,True,1,boolean_field,success,,True,False,False,,rating-breakdown,True,43.5,19,,,ball-recovery,True,False,"{""playerCoordinates"": {""x"": 43.5, ""y"": 19}, ""eventActionType"": ""ball-recovery"", ""isHome"": true, ""outcome"": true, ""keypass"": false}",,
1154605,Désiré Doué,14167974,rating-breakdown,passes,passes,,,,Paris Saint-Germain,59.0,,69.7,5.2,54.3,8.7,True,True,1,boolean_field,success,True,,False,False,pass,rating-breakdown,True,69.7,5.2,54.3,8.7,pass,True,False,"{""playerCoordinates"": {""x"": 69.7, ""y"": 5.2}, ""passEndCoordinates"": {""x"": 54.3, ""y"": 8.7}, ""eventActionType"": ""pass"", ""isHome"": true, ""outcome"": true, ""keypass"": false}",,
1154605,Désiré Doué,14167974,rating-breakdown,passes,passes,,,,Paris Saint-Germain,59.0,,66.9,5.4,67,14.1,True,True,1,boolean_field,success,True,,False,False,pass,rating-breakdown,True,66.9,5.4,67,14.1,pass,True,False,"{""playerCoordinates"": {""x"": 66.9, ""y"": 5.4}, ""passEndCoordinates"": {""x"": 67, ""y"": 14.1}, ""eventActionType"": ""pass"", ""isHome"": true, ""outcome"": true, ""keypass"": false}",,
1154605,Désiré Doué,14167974,rating-breakdown,passes,passes,,,,Paris Saint-Germain,59.0,,79.3,11.8,73.3,9.3,True,True,1,boolean_field,success,True,,False,False,pass,rating-breakdown,True,79.3,11.8,73.3,9.3,pass,True,False,"{""playerCoordinates"": {""x"": 79.3, ""y"": 11.8}, ""passEndCoordinates"": {""x"": 73.3, ""y"": 9.3}, ""eventActionType"": ""pass"", ""isHome"": true, ""outcome"": true, ""keypass"": false}",,
1154605,Désiré Doué,14167974,rating-breakdown,passes,passes,,,,Paris Saint-Germain,59.0,,71.4,15.7,64.6,25.8,True,True,1,boolean_field,success,True,,False,False,pass,rating-breakdown,True,71.4,15.7,64.6,25.8,pass,True,False,"{""playerCoordinates"": {""x"": 71.4, ""y"": 15.7}, ""passEndCoordinates"": {""x"": 64.6, ""y"": 25.8}, ""eventActionType"": ""pass"", ""isHome"": true, ""outcome"": true, ""keypass"": false}",,
1154605,Désiré Doué,14167974,rating-breakdown,passes,passes,,,,Paris Saint-Germain,59.0,,55.3,9.1,54.8,29.1,True,True,1,boolean_field,success,True,,False,False,pass,rating-breakdown,True,55.3,9.1,54.8,29.1,pass,True,False,"{""playerCoordinates"": {""x"": 55.3, ""y"": 9.1}, ""passEndCoordinates"": {""x"": 54.8, ""y"": 29.1}, ""eventActionType"": ""pass"", ""isHome"": true, ""outcome"": true, ""keypass"": false}",,
1154605,Désiré Doué,14167974,rating-breakdown,passes,passes,,,,Paris Saint-Germain,59.0,,48.3,6,37.5,29.2,True,True,1,boolean_field,success,True,,False,False,pass,rating-breakdown,True,48.3,6,37.5,29.2,pass,True,False,"{""playerCoordinates"": {""x"": 48.3, ""y"": 6}, ""passEndCoordinates"": {""x"": 37.5, ""y"": 29.2}, ""eventActionType"": ""pass"", ""isHome"": true, ""outcome"": true, ""keypass"": false}",,
1154605,Désiré Doué,14167974,rating-breakdown,passes,passes,,,,Paris Saint-Germain,59.0,,56.3,9,86.6,12.3,True,True,1,boolean_field,success,True,,False,False,pass,rating-breakdown,True,56.3,9,86.6,12.3,pass,True,False,"{""playerCoordinates"": {""x"": 56.3, ""y"": 9}, ""passEndCoordinates"": {""x"": 86.6, ""y"": 12.3}, ""eventActionType"": ""pass"", ""isHome"": true, ""outcome"": true, ""keypass"": false}",,
1154605,Désiré Doué,14167974,rating-breakdown,passes,passes,,,,Paris Saint-Germain,59.0,,99.9,0.6,89.9,63.1,,,,unresolvable,,,,False,False,pass,rating-breakdown,True,99.9,0.6,89.9,63.1,cross,True,False,"{""playerCoordinates"": {""x"": 99.9, ""y"": 0.6}, ""passEndCoordinates"": {""x"": 89.9, ""y"": 63.1}, ""eventActionType"": ""cross"", ""isHome"": true, ""keypass"": false, ""isLongBall"": true}",True,
1154605,Désiré Doué,14167974,rating-breakdown,passes,passes,,,,Paris Saint-Germain,59.0,,99.5,99.5,91.7,53.7,,,,unresolvable,,,,False,False,pass,rating-breakdown,True,99.5,99.5,91.7,53.7,cross,True,False,"{""playerCoordinates"": {""x"": 99.5, ""y"": 99.5}, ""passEndCoordinates"": {""x"": 91.7, ""y"": 53.7}, ""eventActionType"": ""cross"", ""isHome"": true, ""keypass"": false, ""isLongBall"": true}",True,
1154605,Désiré Doué,14167974,rating-breakdown,passes,passes,,,,Paris Saint-Germain,59.0,,46.5,8.8,42.2,30.4,True,True,1,boolean_field,success,True,,False,False,pass,rating-breakdown,True,46.5,8.8,42.2,30.4,pass,True,False,"{""playerCoordinates"": {""x"": 46.5, ""y"": 8.8}, ""passEndCoordinates"": {""x"": 42.2, ""y"": 30.4}, ""eventActionType"": ""pass"", ""isHome"": true, ""outcome"": true, ""keypass"": false}",,
1154605,Désiré Doué,14167974,rating-breakdown,passes,passes,,,,Paris Saint-Germain,59.0,,65.2,19.2,90.6,26.4,True,True,1,boolean_field,success,True,,False,False,pass,rating-breakdown,True,65.2,19.2,90.6,26.4,pass,True,False,"{""playerCoordinates"": {""x"": 65.2, ""y"": 19.2}, ""passEndCoordinates"": {""x"": 90.6, ""y"": 26.4}, ""eventActionType"": ""pass"", ""isHome"": true, ""outcome"": true, ""keypass"": false}",,
1154605,Désiré Doué,14167974,rating-breakdown,passes,passes,,,,Paris Saint-Germain,59.0,,81.3,6.9,78.6,17.5,True,True,1,boolean_field,success,True,,False,False,pass,rating-breakdown,True,81.3,6.9,78.6,17.5,pass,True,False,"{""playerCoordinates"": {""x"": 81.3, ""y"": 6.9}, ""passEndCoordinates"": {""x"": 78.6, ""y"": 17.5}, ""eventActionType"": ""pass"", ""isHome"": true, ""outcome"": true, ""keypass"": false}",,
1154605,Désiré Doué,14167974,rating-breakdown,passes,passes,,,,Paris Saint-Germain,59.0,,44.6,6,33.7,30.7,True,True,1,boolean_field,success,True,,False,False,pass,rating-breakdown,True,44.6,6,33.7,30.7,pass,True,False,"{""playerCoordinates"": {""x"": 44.6, ""y"": 6}, ""passEndCoordinates"": {""x"": 33.7, ""y"": 30.7}, ""eventActionType"": ""pass"", ""isHome"": true, ""outcome"": true, ""keypass"": false}",,
1154605,Désiré Doué,14167974,rating-breakdown,passes,passes,,,,Paris Saint-Germain,59.0,,70.1,12.4,65.4,40,True,True,1,boolean_field,success,True,,False,False,pass,rating-breakdown,True,70.1,12.4,65.4,40,pass,True,False,"{""playerCoordinates"": {""x"": 70.1, ""y"": 12.4}, ""passEndCoordinates"": {""x"": 65.4, ""y"": 40}, ""eventActionType"": ""pass"", ""isHome"": true, ""outcome"": true, ""keypass"": false}",,
1154605,Désiré Doué,14167974,rating-breakdown,passes,passes,,,,Paris Saint-Germain,59.0,,81.3,9.6,81.2,14.7,,,,unresolvable,,,,False,False,pass,rating-breakdown,True,81.3,9.6,81.2,14.7,pass,True,False,"{""playerCoordinates"": {""x"": 81.3, ""y"": 9.6}, ""passEndCoordinates"": {""x"": 81.2, ""y"": 14.7}, ""eventActionType"": ""pass"", ""isHome"": true, ""keypass"": false}",,
1154605,Désiré Doué,14167974,rating-breakdown,passes,passes,,,,Paris Saint-Germain,59.0,,76.9,17.2,71.7,21.7,True,True,1,boolean_field,success,True,,False,False,pass,rating-breakdown,True,76.9,17.2,71.7,21.7,pass,True,False,"{""playerCoordinates"": {""x"": 76.9, ""y"": 17.2}, ""passEndCoordinates"": {""x"": 71.7, ""y"": 21.7}, ""eventActionType"": ""pass"", ""isHome"": true, ""outcome"": true, ""keypass"": false}",,
1154605,Désiré Doué,14167974,rating-breakdown,passes,passes,,,,Paris Saint-Germain,59.0,,71.1,34.3,66.2,49.5,True,True,1,boolean_field,success,True,,False,False,pass,rating-breakdown,True,71.1,34.3,66.2,49.5,pass,True,False,"{""playerCoordinates"": {""x"": 71.1, ""y"": 34.3}, ""passEndCoordinates"": {""x"": 66.2, ""y"": 49.5}, ""eventActionType"": ""pass"", ""isHome"": true, ""outcome"": true, ""keypass"": false}",,
1154605,Désiré Doué,14167974,rating-breakdown,passes,passes,,,,Paris Saint-Germain,59.0,,99.5,0.5,74.8,18.1,True,True,1,boolean_field,success,True,,False,False,pass,rating-breakdown,True,99.5,0.5,74.8,18.1,pass,True,False,"{""playerCoordinates"": {""x"": 99.5, ""y"": 0.5}, ""passEndCoordinates"": {""x"": 74.8, ""y"": 18.1}, ""eventActionType"": ""pass"", ""isHome"": true, ""outcome"": true, ""keypass"": false}",,
1154605,Désiré Doué,14167974,rating-breakdown,passes,passes,,,,Paris Saint-Germain,59.0,,99.5,0.5,90.3,39.4,,,,unresolvable,,,,False,False,pass,rating-breakdown,True,99.5,0.5,90.3,39.4,cross,True,False,"{""playerCoordinates"": {""x"": 99.5, ""y"": 0.5}, ""passEndCoordinates"": {""x"": 90.3, ""y"": 39.4}, ""eventActionType"": ""cross"", ""isHome"": true, ""keypass"": false}",,
1154605,Désiré Doué,14167974,rating-breakdown,passes,passes,,,,Paris Saint-Germain,59.0,,86.6,16,90.3,51.9,True,True,1,boolean_field,success,True,,False,True,key_pass,rating-breakdown,True,86.6,16,90.3,51.9,cross,True,True,"{""playerCoordinates"": {""x"": 86.6, ""y"": 16}, ""passEndCoordinates"": {""x"": 90.3, ""y"": 51.9}, ""eventActionType"": ""cross"", ""isHome"": true, ""outcome"": true, ""keypass"": true}",,
1154605,Désiré Doué,14167974,rating-breakdown,passes,passes,,,,Paris Saint-Germain,59.0,,81.8,14.5,91.7,50.7,True,True,1,boolean_field,success,True,,False,True,key_pass,rating-breakdown,True,81.8,14.5,91.7,50.7,cross,True,True,"{""playerCoordinates"": {""x"": 81.8, ""y"": 14.5}, ""passEndCoordinates"": {""x"": 91.7, ""y"": 50.7}, ""eventActionType"": ""cross"", ""isHome"": true, ""outcome"": true, ""keypass"": true}",,
1154605,Désiré Doué,14167974,rating-breakdown,passes,passes,,,,Paris Saint-Germain,59.0,,96.1,46,,,True,True,1,boolean_field,success,True,,False,True,key_pass,rating-breakdown,True,96.1,46,,,ball-touch,True,True,"{""playerCoordinates"": {""x"": 96.1, ""y"": 46}, ""eventActionType"": ""ball-touch"", ""isHome"": true, ""outcome"": true, ""keypass"": true}",,
1154605,Désiré Doué,14167974,rating-breakdown,passes,passes,,,,Paris Saint-Germain,59.0,,95,6.8,92.9,6.8,,,,unresolvable,,,,False,False,pass,rating-breakdown,True,95,6.8,92.9,6.8,pass,True,False,"{""playerCoordinates"": {""x"": 95, ""y"": 6.8}, ""passEndCoordinates"": {""x"": 92.9, ""y"": 6.8}, ""eventActionType"": ""pass"", ""isHome"": true, ""keypass"": false}",,
1154605,Désiré Doué,14167974,rating-breakdown,passes,passes,,,,Paris Saint-Germain,59.0,,96.2,7.9,83,14.7,True,True,1,boolean_field,success,True,,False,False,pass,rating-breakdown,True,96.2,7.9,83,14.7,pass,True,False,"{""playerCoordinates"": {""x"": 96.2, ""y"": 7.9}, ""passEndCoordinates"": {""x"": 83, ""y"": 14.7}, ""eventActionType"": ""pass"", ""isHome"": true, ""outcome"": true, ""keypass"": false}",,
1154605,Désiré Doué,14167974,rating-breakdown,passes,passes,,,,Paris Saint-Germain,59.0,,35.6,17.1,30.8,52.9,True,True,1,boolean_field,success,True,,False,False,pass,rating-breakdown,True,35.6,17.1,30.8,52.9,pass,True,False,"{""playerCoordinates"": {""x"": 35.6, ""y"": 17.1}, ""passEndCoordinates"": {""x"": 30.8, ""y"": 52.9}, ""eventActionType"": ""pass"", ""isHome"": true, ""outcome"": true, ""keypass"": false}",,
1154605,Désiré Doué,14167974,rating-breakdown,passes,passes,,,,Paris Saint-Germain,59.0,,99.5,99.5,89.2,59.7,,,,unresolvable,,,,False,False,pass,rating-breakdown,True,99.5,99.5,89.2,59.7,cross,True,False,"{""playerCoordinates"": {""x"": 99.5, ""y"": 99.5}, ""passEndCoordinates"": {""x"": 89.2, ""y"": 59.7}, ""eventActionType"": ""cross"", ""isHome"": true, ""keypass"": false}",,
1154605,Désiré Doué,14167974,rating-breakdown,passes,passes,,,,Paris Saint-Germain,59.0,,79.3,84.1,91.4,62.1,,,,unresolvable,,,,False,False,pass,rating-breakdown,True,79.3,84.1,91.4,62.1,cross,True,False,"{""playerCoordinates"": {""x"": 79.3, ""y"": 84.1}, ""passEndCoordinates"": {""x"": 91.4, ""y"": 62.1}, ""eventActionType"": ""cross"", ""isHome"": true, ""keypass"": false}",,
1154605,Désiré Doué,14167974,rating-breakdown,passes,passes,,,,Paris Saint-Germain,59.0,,99.5,99.5,93.7,54.7,,,,unresolvable,,,,False,False,pass,rating-breakdown,True,99.5,99.5,93.7,54.7,cross,True,False,"{""playerCoordinates"": {""x"": 99.5, ""y"": 99.5}, ""passEndCoordinates"": {""x"": 93.7, ""y"": 54.7}, ""eventActionType"": ""cross"", ""isHome"": true, ""keypass"": false}",,
1154605,Désiré Doué,14167974,rating-breakdown,passes,passes,,,,Paris Saint-Germain,59.0,,82.2,91.8,67.3,81.9,True,True,1,boolean_field,success,True,,False,False,pass,rating-breakdown,True,82.2,91.8,67.3,81.9,pass,True,False,"{""playerCoordinates"": {""x"": 82.2, ""y"": 91.8}, ""passEndCoordinates"": {""x"": 67.3, ""y"": 81.9}, ""eventActionType"": ""pass"", ""isHome"": true, ""outcome"": true, ""keypass"": false}",,
1154605,Désiré Doué,14167974,rating-breakdown,passes,passes,,,,Paris Saint-Germain,59.0,,67.8,76.9,62.8,37.8,True,True,1,boolean_field,success,True,,False,False,pass,rating-breakdown,True,67.8,76.9,62.8,37.8,pass,True,False,"{""playerCoordinates"": {""x"": 67.8, ""y"": 76.9}, ""passEndCoordinates"": {""x"": 62.8, ""y"": 37.8}, ""eventActionType"": ""pass"", ""isHome"": true, ""outcome"": true, ""keypass"": false}",,
1154605,Désiré Doué,14167974,rating-breakdown,passes,passes,,,,Paris Saint-Germain,59.0,,66,36.1,60.2,45.7,True,True,1,boolean_field,success,True,,False,False,pass,rating-breakdown,True,66,36.1,60.2,45.7,pass,True,False,"{""playerCoordinates"": {""x"": 66, ""y"": 36.1}, ""passEndCoordinates"": {""x"": 60.2, ""y"": 45.7}, ""eventActionType"": ""pass"", ""isHome"": true, ""outcome"": true, ""keypass"": false}",,
1154605,Désiré Doué,14167974,rating-breakdown,passes,passes,,,,Paris Saint-Germain,59.0,,65.3,5.7,56.8,29.1,True,True,1,boolean_field,success,True,,False,False,pass,rating-breakdown,True,65.3,5.7,56.8,29.1,pass,True,False,"{""playerCoordinates"": {""x"": 65.3, ""y"": 5.7}, ""passEndCoordinates"": {""x"": 56.8, ""y"": 29.1}, ""eventActionType"": ""pass"", ""isHome"": true, ""outcome"": true, ""keypass"": false}",,
1154605,Désiré Doué,14167974,rating-breakdown,passes,passes,,,,Paris Saint-Germain,59.0,,88.1,23.5,91.3,47.8,True,True,1,boolean_field,success,True,,False,False,pass,rating-breakdown,True,88.1,23.5,91.3,47.8,pass,True,False,"{""playerCoordinates"": {""x"": 88.1, ""y"": 23.5}, ""passEndCoordinates"": {""x"": 91.3, ""y"": 47.8}, ""eventActionType"": ""pass"", ""isHome"": true, ""outcome"": true, ""keypass"": false}",,
1154605,Désiré Doué,14167974,rating-breakdown,passes,passes,,,,Paris Saint-Germain,59.0,,58.3,3.7,68.2,2.1,True,True,1,boolean_field,success,True,,False,False,pass,rating-breakdown,True,58.3,3.7,68.2,2.1,pass,True,False,"{""playerCoordinates"": {""x"": 58.3, ""y"": 3.7}, ""passEndCoordinates"": {""x"": 68.2, ""y"": 2.1}, ""eventActionType"": ""pass"", ""isHome"": true, ""outcome"": true, ""keypass"": false}",,
1154605,Désiré Doué,14167974,rating-breakdown,passes,passes,,,,Paris Saint-Germain,59.0,,70.2,12.4,63.2,4.5,True,True,1,boolean_field,success,True,,False,False,pass,rating-breakdown,True,70.2,12.4,63.2,4.5,pass,True,False,"{""playerCoordinates"": {""x"": 70.2, ""y"": 12.4}, ""passEndCoordinates"": {""x"": 63.2, ""y"": 4.5}, ""eventActionType"": ""pass"", ""isHome"": true, ""outcome"": true, ""keypass"": false}",,
1154605,Désiré Doué,14167974,rating-breakdown,passes,passes,,,,Paris Saint-Germain,59.0,,59.8,19.5,69,5.5,True,True,1,boolean_field,success,True,,False,False,pass,rating-breakdown,True,59.8,19.5,69,5.5,pass,True,False,"{""playerCoordinates"": {""x"": 59.8, ""y"": 19.5}, ""passEndCoordinates"": {""x"": 69, ""y"": 5.5}, ""eventActionType"": ""pass"", ""isHome"": true, ""outcome"": true, ""keypass"": false}",,
1154605,Désiré Doué,14167974,rating-breakdown,passes,passes,,,,Paris Saint-Germain,59.0,,66.6,11.4,90.3,11.2,True,True,1,boolean_field,success,True,,False,False,pass,rating-breakdown,True,66.6,11.4,90.3,11.2,pass,True,False,"{""playerCoordinates"": {""x"": 66.6, ""y"": 11.4}, ""passEndCoordinates"": {""x"": 90.3, ""y"": 11.2}, ""eventActionType"": ""pass"", ""isHome"": true, ""outcome"": true, ""keypass"": false}",,
1154605,Désiré Doué,14167974,rating-breakdown,passes,passes,,,,Paris Saint-Germain,59.0,,57.4,4.9,55.4,6.1,,,,unresolvable,,,,False,False,pass,rating-breakdown,True,57.4,4.9,55.4,6.1,pass,True,False,"{""playerCoordinates"": {""x"": 57.4, ""y"": 4.9}, ""passEndCoordinates"": {""x"": 55.4, ""y"": 6.1}, ""eventActionType"": ""pass"", ""isHome"": true, ""keypass"": false}",,
1154605,Désiré Doué,14167974,rating-breakdown,passes,passes,,,,Paris Saint-Germain,59.0,,84.3,16,84.6,19.9,,,,unresolvable,,,,False,False,pass,rating-breakdown,True,84.3,16,84.6,19.9,pass,True,False,"{""playerCoordinates"": {""x"": 84.3, ""y"": 16}, ""passEndCoordinates"": {""x"": 84.6, ""y"": 19.9}, ""eventActionType"": ""pass"", ""isHome"": true, ""keypass"": false}",,
1154605,Désiré Doué,14167974,rating-breakdown,passes,passes,,,,Paris Saint-Germain,59.0,,92.9,18,81.5,50.5,True,True,1,boolean_field,success,True,,False,False,pass,rating-breakdown,True,92.9,18,81.5,50.5,pass,True,False,"{""playerCoordinates"": {""x"": 92.9, ""y"": 18}, ""passEndCoordinates"": {""x"": 81.5, ""y"": 50.5}, ""eventActionType"": ""pass"", ""isHome"": true, ""outcome"": true, ""keypass"": false}",,
1154605,Désiré Doué,14167974,rating-breakdown,passes,passes,,,,Paris Saint-Germain,59.0,,61.7,4.8,87.4,21.3,,,,unresolvable,,,,False,False,pass,rating-breakdown,True,61.7,4.8,87.4,21.3,pass,True,False,"{""playerCoordinates"": {""x"": 61.7, ""y"": 4.8}, ""passEndCoordinates"": {""x"": 87.4, ""y"": 21.3}, ""eventActionType"": ""pass"", ""isHome"": true, ""keypass"": false}",,
1154605,Désiré Doué,14167974,rating-breakdown,passes,passes,,,,Paris Saint-Germain,59.0,,99.5,99.5,96,50.2,,,,unresolvable,,,,False,False,pass,rating-breakdown,True,99.5,99.5,96,50.2,cross,True,False,"{""playerCoordinates"": {""x"": 99.5, ""y"": 99.5}, ""passEndCoordinates"": {""x"": 96, ""y"": 50.2}, ""eventActionType"": ""cross"", ""isHome"": true, ""keypass"": false, ""isLongBall"": true}",True,
1154605,Désiré Doué,14167974,rating-breakdown,passes,passes,,,,Paris Saint-Germain,59.0,,59,4.5,44,11.4,True,True,1,boolean_field,success,True,,False,False,pass,rating-breakdown,True,59,4.5,44,11.4,pass,True,False,"{""playerCoordinates"": {""x"": 59, ""y"": 4.5}, ""passEndCoordinates"": {""x"": 44, ""y"": 11.4}, ""eventActionType"": ""pass"", ""isHome"": true, ""outcome"": true, ""keypass"": false}",,
1154605,Désiré Doué,14167974,rating-breakdown,passes,passes,,,,Paris Saint-Germain,59.0,,48.6,20.5,41.2,48.9,True,True,1,boolean_field,success,True,,False,False,pass,rating-breakdown,True,48.6,20.5,41.2,48.9,pass,True,False,"{""playerCoordinates"": {""x"": 48.6, ""y"": 20.5}, ""passEndCoordinates"": {""x"": 41.2, ""y"": 48.9}, ""eventActionType"": ""pass"", ""isHome"": true, ""outcome"": true, ""keypass"": false}",,
1154605,Désiré Doué,14167974,rating-breakdown,passes,passes,,,,Paris Saint-Germain,59.0,,56.9,38.4,57.8,62.1,True,True,1,boolean_field,success,True,,False,False,pass,rating-breakdown,True,56.9,38.4,57.8,62.1,pass,True,False,"{""playerCoordinates"": {""x"": 56.9, ""y"": 38.4}, ""passEndCoordinates"": {""x"": 57.8, ""y"": 62.1}, ""eventActionType"": ""pass"", ""isHome"": true, ""outcome"": true, ""keypass"": false}",,
1154605,Désiré Doué,14167974,rating-breakdown,passes,passes,,,,Paris Saint-Germain,59.0,,82.2,8.7,72,12.6,True,True,1,boolean_field,success,True,,False,False,pass,rating-breakdown,True,82.2,8.7,72,12.6,pass,True,False,"{""playerCoordinates"": {""x"": 82.2, ""y"": 8.7}, ""passEndCoordinates"": {""x"": 72, ""y"": 12.6}, ""eventActionType"": ""pass"", ""isHome"": true, ""outcome"": true, ""keypass"": false}",,
1154605,Désiré Doué,14167974,rating-breakdown,passes,passes,,,,Paris Saint-Germain,59.0,,64.1,7.3,82.4,39.6,True,True,1,boolean_field,success,True,,False,False,pass,rating-breakdown,True,64.1,7.3,82.4,39.6,pass,True,False,"{""playerCoordinates"": {""x"": 64.1, ""y"": 7.3}, ""passEndCoordinates"": {""x"": 82.4, ""y"": 39.6}, ""eventActionType"": ""pass"", ""isHome"": true, ""outcome"": true, ""keypass"": false}",,
1154605,Désiré Doué,14167974,rating-breakdown,passes,passes,,,,Paris Saint-Germain,59.0,,22.7,6,17.5,13.5,True,True,1,boolean_field,success,True,,False,False,pass,rating-breakdown,True,22.7,6,17.5,13.5,pass,True,False,"{""playerCoordinates"": {""x"": 22.7, ""y"": 6}, ""passEndCoordinates"": {""x"": 17.5, ""y"": 13.5}, ""eventActionType"": ""pass"", ""isHome"": true, ""outcome"": true, ""keypass"": false}",,
1154605,Désiré Doué,14167974,rating-breakdown,passes,passes,,,,Paris Saint-Germain,59.0,,99.5,99.5,91.7,64,True,True,1,boolean_field,success,True,,False,False,pass,rating-breakdown,True,99.5,99.5,91.7,64,cross,True,False,"{""playerCoordinates"": {""x"": 99.5, ""y"": 99.5}, ""passEndCoordinates"": {""x"": 91.7, ""y"": 64}, ""eventActionType"": ""cross"", ""isHome"": true, ""outcome"": true, ""keypass"": false}",,
1154605,Désiré Doué,14167974,rating-breakdown,passes,passes,,,,Paris Saint-Germain,59.0,,91.3,9.4,80.2,4,True,True,1,boolean_field,success,True,,False,False,pass,rating-breakdown,True,91.3,9.4,80.2,4,pass,True,False,"{""playerCoordinates"": {""x"": 91.3, ""y"": 9.4}, ""passEndCoordinates"": {""x"": 80.2, ""y"": 4}, ""eventActionType"": ""pass"", ""isHome"": true, ""outcome"": true, ""keypass"": false}",,
1154605,Désiré Doué,14167974,rating-breakdown,passes,passes,,,,Paris Saint-Germain,59.0,,54.9,17.8,42.4,53.1,True,True,1,boolean_field,success,True,,False,False,pass,rating-breakdown,True,54.9,17.8,42.4,53.1,pass,True,False,"{""playerCoordinates"": {""x"": 54.9, ""y"": 17.8}, ""passEndCoordinates"": {""x"": 42.4, ""y"": 53.1}, ""eventActionType"": ""pass"", ""isHome"": true, ""outcome"": true, ""keypass"": false}",,
1154605,Désiré Doué,14167974,rating-breakdown,passes,passes,,,,Paris Saint-Germain,59.0,,49.8,44.8,41.4,57.1,True,True,1,boolean_field,success,True,,False,False,pass,rating-breakdown,True,49.8,44.8,41.4,57.1,pass,True,False,"{""playerCoordinates"": {""x"": 49.8, ""y"": 44.8}, ""passEndCoordinates"": {""x"": 41.4, ""y"": 57.1}, ""eventActionType"": ""pass"", ""isHome"": true, ""outcome"": true, ""keypass"": false}",,
1154605,Désiré Doué,14167974,rating-breakdown,passes,passes,,,,Paris Saint-Germain,59.0,,66.5,91.9,87.1,96.3,True,True,1,boolean_field,success,True,,False,False,pass,rating-breakdown,True,66.5,91.9,87.1,96.3,pass,True,False,"{""playerCoordinates"": {""x"": 66.5, ""y"": 91.9}, ""passEndCoordinates"": {""x"": 87.1, ""y"": 96.3}, ""eventActionType"": ""pass"", ""isHome"": true, ""outcome"": true, ""keypass"": false}",,
1154605,Désiré Doué,14167974,rating-breakdown,ball-carries,ball-carries,,,,Paris Saint-Germain,59.0,,76,12.6,79.3,11.8,,,,unresolvable,,,,False,False,,rating-breakdown,True,76,12.6,79.3,11.8,ball-carry,True,,"{""playerCoordinates"": {""x"": 76, ""y"": 12.6}, ""passEndCoordinates"": {""x"": 79.3, ""y"": 11.8}, ""eventActionType"": ""ball-carry"", ""isHome"": true}",,
1154605,Désiré Doué,14167974,rating-breakdown,ball-carries,ball-carries,,,,Paris Saint-Germain,59.0,,74.9,7.6,71.4,15.7,,,,unresolvable,,,,False,False,,rating-breakdown,True,74.9,7.6,71.4,15.7,ball-carry,True,,"{""playerCoordinates"": {""x"": 74.9, ""y"": 7.6}, ""passEndCoordinates"": {""x"": 71.4, ""y"": 15.7}, ""eventActionType"": ""ball-carry"", ""isHome"": true}",,
1154605,Désiré Doué,14167974,rating-breakdown,ball-carries,ball-carries,,,,Paris Saint-Germain,59.0,,49,7.8,55.3,9.1,,,,unresolvable,,,,False,False,,rating-breakdown,True,49,7.8,55.3,9.1,ball-carry,True,,"{""playerCoordinates"": {""x"": 49, ""y"": 7.8}, ""passEndCoordinates"": {""x"": 55.3, ""y"": 9.1}, ""eventActionType"": ""ball-carry"", ""isHome"": true}",,
1154605,Désiré Doué,14167974,rating-breakdown,ball-carries,ball-carries,,,,Paris Saint-Germain,59.0,,39.8,15,37.2,7.8,,,,unresolvable,,,,False,False,,rating-breakdown,True,39.8,15,37.2,7.8,ball-carry,True,,"{""playerCoordinates"": {""x"": 39.8, ""y"": 15}, ""passEndCoordinates"": {""x"": 37.2, ""y"": 7.8}, ""eventActionType"": ""ball-carry"", ""isHome"": true}",,
1154605,Désiré Doué,14167974,rating-breakdown,ball-carries,ball-carries,,,,Paris Saint-Germain,59.0,,63.2,7.9,65.2,19.2,,,,unresolvable,,,,False,False,,rating-breakdown,True,63.2,7.9,65.2,19.2,ball-carry,True,,"{""playerCoordinates"": {""x"": 63.2, ""y"": 7.9}, ""passEndCoordinates"": {""x"": 65.2, ""y"": 19.2}, ""eventActionType"": ""ball-carry"", ""isHome"": true}",,
1154605,Désiré Doué,14167974,rating-breakdown,ball-carries,ball-carries,,,,Paris Saint-Germain,59.0,,76.7,5.2,81.3,6.9,,,,unresolvable,,,,False,False,,rating-breakdown,True,76.7,5.2,81.3,6.9,ball-carry,True,,"{""playerCoordinates"": {""x"": 76.7, ""y"": 5.2}, ""passEndCoordinates"": {""x"": 81.3, ""y"": 6.9}, ""eventActionType"": ""ball-carry"", ""isHome"": true}",,
1154605,Désiré Doué,14167974,rating-breakdown,ball-carries,ball-carries,,,,Paris Saint-Germain,59.0,,74.5,3.4,81.3,9.6,,,,unresolvable,,,,False,False,,rating-breakdown,True,74.5,3.4,81.3,9.6,ball-carry,True,,"{""playerCoordinates"": {""x"": 74.5, ""y"": 3.4}, ""passEndCoordinates"": {""x"": 81.3, ""y"": 9.6}, ""eventActionType"": ""ball-carry"", ""isHome"": true}",,
1154605,Désiré Doué,14167974,rating-breakdown,ball-carries,ball-carries,,,,Paris Saint-Germain,59.0,,75.4,21.9,71.1,34.3,,,,unresolvable,,,,False,False,,rating-breakdown,True,75.4,21.9,71.1,34.3,ball-carry,True,,"{""playerCoordinates"": {""x"": 75.4, ""y"": 21.9}, ""passEndCoordinates"": {""x"": 71.1, ""y"": 34.3}, ""eventActionType"": ""ball-carry"", ""isHome"": true}",,
1154605,Désiré Doué,14167974,rating-breakdown,ball-carries,ball-carries,,,,Paris Saint-Germain,59.0,,86.4,9.9,89.1,14.5,,,,unresolvable,,,,False,False,,rating-breakdown,True,86.4,9.9,89.1,14.5,ball-carry,True,,"{""playerCoordinates"": {""x"": 86.4, ""y"": 9.9}, ""passEndCoordinates"": {""x"": 89.1, ""y"": 14.5}, ""eventActionType"": ""ball-carry"", ""isHome"": true}",,
1154605,Désiré Doué,14167974,rating-breakdown,ball-carries,ball-carries,,,,Paris Saint-Germain,59.0,,69.1,6.4,81.8,14.5,,,,unresolvable,,,,False,False,,rating-breakdown,True,69.1,6.4,81.8,14.5,ball-carry,True,,"{""playerCoordinates"": {""x"": 69.1, ""y"": 6.4}, ""passEndCoordinates"": {""x"": 81.8, ""y"": 14.5}, ""eventActionType"": ""ball-carry"", ""isHome"": true}",,
1154605,Désiré Doué,14167974,rating-breakdown,ball-carries,ball-carries,,,,Paris Saint-Germain,59.0,,35.9,7.8,35.6,17.1,,,,unresolvable,,,,False,False,,rating-breakdown,True,35.9,7.8,35.6,17.1,ball-carry,True,,"{""playerCoordinates"": {""x"": 35.9, ""y"": 7.8}, ""passEndCoordinates"": {""x"": 35.6, ""y"": 17.1}, ""eventActionType"": ""ball-carry"", ""isHome"": true}",,
1154605,Désiré Doué,14167974,rating-breakdown,ball-carries,ball-carries,,,,Paris Saint-Germain,59.0,,77.1,89.1,79.3,84.1,,,,unresolvable,,,,False,False,,rating-breakdown,True,77.1,89.1,79.3,84.1,ball-carry,True,,"{""playerCoordinates"": {""x"": 77.1, ""y"": 89.1}, ""passEndCoordinates"": {""x"": 79.3, ""y"": 84.1}, ""eventActionType"": ""ball-carry"", ""isHome"": true}",,
1154605,Désiré Doué,14167974,rating-breakdown,ball-carries,ball-carries,,,,Paris Saint-Germain,59.0,,68.8,92.4,67.8,76.9,,,,unresolvable,,,,False,False,,rating-breakdown,True,68.8,92.4,67.8,76.9,ball-carry,True,,"{""playerCoordinates"": {""x"": 68.8, ""y"": 92.4}, ""passEndCoordinates"": {""x"": 67.8, ""y"": 76.9}, ""eventActionType"": ""ball-carry"", ""isHome"": true}",,
1154605,Désiré Doué,14167974,rating-breakdown,ball-carries,ball-carries,,,,Paris Saint-Germain,59.0,,62.5,7.8,65.3,5.7,,,,unresolvable,,,,False,False,,rating-breakdown,True,62.5,7.8,65.3,5.7,ball-carry,True,,"{""playerCoordinates"": {""x"": 62.5, ""y"": 7.8}, ""passEndCoordinates"": {""x"": 65.3, ""y"": 5.7}, ""eventActionType"": ""ball-carry"", ""isHome"": true}",,
1154605,Désiré Doué,14167974,rating-breakdown,ball-carries,ball-carries,,,,Paris Saint-Germain,59.0,,80.7,6.9,78.3,16.3,,,,unresolvable,,,,False,False,,rating-breakdown,True,80.7,6.9,78.3,16.3,ball-carry,True,,"{""playerCoordinates"": {""x"": 80.7, ""y"": 6.9}, ""passEndCoordinates"": {""x"": 78.3, ""y"": 16.3}, ""eventActionType"": ""ball-carry"", ""isHome"": true}",,
1154605,Désiré Doué,14167974,rating-breakdown,ball-carries,ball-carries,,,,Paris Saint-Germain,59.0,,73.9,5.2,83.7,17.4,,,,unresolvable,,,,False,False,,rating-breakdown,True,73.9,5.2,83.7,17.4,ball-carry,True,,"{""playerCoordinates"": {""x"": 73.9, ""y"": 5.2}, ""passEndCoordinates"": {""x"": 83.7, ""y"": 17.4}, ""eventActionType"": ""ball-carry"", ""isHome"": true}",,
1154605,Désiré Doué,14167974,rating-breakdown,ball-carries,ball-carries,,,,Paris Saint-Germain,59.0,,88.7,17.2,92.9,18,,,,unresolvable,,,,False,False,,rating-breakdown,True,88.7,17.2,92.9,18,ball-carry,True,,"{""playerCoordinates"": {""x"": 88.7, ""y"": 17.2}, ""passEndCoordinates"": {""x"": 92.9, ""y"": 18}, ""eventActionType"": ""ball-carry"", ""isHome"": true}",,
1154605,Désiré Doué,14167974,rating-breakdown,ball-carries,ball-carries,,,,Paris Saint-Germain,59.0,,52.3,16.8,48.6,20.5,,,,unresolvable,,,,False,False,,rating-breakdown,True,52.3,16.8,48.6,20.5,ball-carry,True,,"{""playerCoordinates"": {""x"": 52.3, ""y"": 16.8}, ""passEndCoordinates"": {""x"": 48.6, ""y"": 20.5}, ""eventActionType"": ""ball-carry"", ""isHome"": true}",,
1154605,Désiré Doué,14167974,rating-breakdown,ball-carries,ball-carries,,,,Paris Saint-Germain,59.0,,57,7.5,54.9,17.8,,,,unresolvable,,,,False,False,,rating-breakdown,True,57,7.5,54.9,17.8,ball-carry,True,,"{""playerCoordinates"": {""x"": 57, ""y"": 7.5}, ""passEndCoordinates"": {""x"": 54.9, ""y"": 17.8}, ""eventActionType"": ""ball-carry"", ""isHome"": true}",,
1154605,Désiré Doué,14167974,rating-breakdown,ball-carries,ball-carries,,,,Paris Saint-Germain,59.0,,62.7,91.6,66.5,91.9,,,,unresolvable,,,,False,False,,rating-breakdown,True,62.7,91.6,66.5,91.9,ball-carry,True,,"{""playerCoordinates"": {""x"": 62.7, ""y"": 91.6}, ""passEndCoordinates"": {""x"": 66.5, ""y"": 91.9}, ""eventActionType"": ""ball-carry"", ""isHome"": true}",,
1154605,Désiré Doué,14167974,rating-breakdown,dribbles,dribbles,,,,Paris Saint-Germain,59.0,,95.9,47,,,,,,unresolvable,,,,False,False,,rating-breakdown,True,95.9,47,,,dribble,True,False,"{""playerCoordinates"": {""x"": 95.9, ""y"": 47}, ""eventActionType"": ""dribble"", ""isHome"": true, ""keypass"": false}",,
1154605,Désiré Doué,14167974,rating-breakdown,dribbles,dribbles,,,,Paris Saint-Germain,59.0,,75.7,5.1,,,,,,unresolvable,,,,False,False,,rating-breakdown,True,75.7,5.1,,,dribble,True,False,"{""playerCoordinates"": {""x"": 75.7, ""y"": 5.1}, ""eventActionType"": ""dribble"", ""isHome"": true, ""keypass"": false}",,
1154605,Désiré Doué,14167974,rating-breakdown,dribbles,dribbles,,,,Paris Saint-Germain,59.0,,87,38.2,,,,,,unresolvable,,,,False,False,,rating-breakdown,True,87,38.2,,,dribble,True,False,"{""playerCoordinates"": {""x"": 87, ""y"": 38.2}, ""eventActionType"": ""dribble"", ""isHome"": true, ""keypass"": false}",,
1154605,Désiré Doué,14167974,rating-breakdown,defensive,defensive,,,,Paris Saint-Germain,59.0,,39.8,15,,,True,True,1,boolean_field,success,,True,False,False,,rating-breakdown,True,39.8,15,,,ball-recovery,True,False,"{""playerCoordinates"": {""x"": 39.8, ""y"": 15}, ""eventActionType"": ""ball-recovery"", ""isHome"": true, ""outcome"": true, ""keypass"": false}",,
1154605,Désiré Doué,14167974,rating-breakdown,defensive,defensive,,,,Paris Saint-Germain,59.0,,59.6,7.5,,,True,True,1,boolean_field,success,,True,False,False,,rating-breakdown,True,59.6,7.5,,,ball-recovery,True,False,"{""playerCoordinates"": {""x"": 59.6, ""y"": 7.5}, ""eventActionType"": ""ball-recovery"", ""isHome"": true, ""outcome"": true, ""keypass"": false}",,
1154605,Désiré Doué,14167984,rating-breakdown,passes,passes,,,,Paris Saint-Germain,75.0,,65.9,80.5,57.9,79.8,True,True,1,boolean_field,success,True,,False,False,pass,rating-breakdown,True,65.9,80.5,57.9,79.8,pass,True,False,"{""playerCoordinates"": {""x"": 65.9, ""y"": 80.5}, ""passEndCoordinates"": {""x"": 57.9, ""y"": 79.8}, ""eventActionType"": ""pass"", ""isHome"": true, ""outcome"": true, ""keypass"": false}",,
1154605,Désiré Doué,14167984,rating-breakdown,passes,passes,,,,Paris Saint-Germain,75.0,,65.6,74.1,58.6,78.6,True,True,1,boolean_field,success,True,,False,False,pass,rating-breakdown,True,65.6,74.1,58.6,78.6,pass,True,False,"{""playerCoordinates"": {""x"": 65.6, ""y"": 74.1}, ""passEndCoordinates"": {""x"": 58.6, ""y"": 78.6}, ""eventActionType"": ""pass"", ""isHome"": true, ""outcome"": true, ""keypass"": false}",,
1154605,Désiré Doué,14167984,rating-breakdown,passes,passes,,,,Paris Saint-Germain,75.0,,56.4,66.6,56.3,28.2,True,True,1,boolean_field,success,True,,False,False,pass,rating-breakdown,True,56.4,66.6,56.3,28.2,pass,True,False,"{""playerCoordinates"": {""x"": 56.4, ""y"": 66.6}, ""passEndCoordinates"": {""x"": 56.3, ""y"": 28.2}, ""eventActionType"": ""pass"", ""isHome"": true, ""outcome"": true, ""keypass"": false}",,
1154605,Désiré Doué,14167984,rating-breakdown,passes,passes,,,,Paris Saint-Germain,75.0,,62.4,88.5,56.9,49.3,True,True,1,boolean_field,success,True,,False,False,pass,rating-breakdown,True,62.4,88.5,56.9,49.3,pass,True,False,"{""playerCoordinates"": {""x"": 62.4, ""y"": 88.5}, ""passEndCoordinates"": {""x"": 56.9, ""y"": 49.3}, ""eventActionType"": ""pass"", ""isHome"": true, ""outcome"": true, ""keypass"": false}",,
1154605,Désiré Doué,14167984,rating-breakdown,passes,passes,,,,Paris Saint-Germain,75.0,,71.3,97.2,85.6,93,True,True,1,boolean_field,success,True,,False,False,pass,rating-breakdown,True,71.3,97.2,85.6,93,pass,True,False,"{""playerCoordinates"": {""x"": 71.3, ""y"": 97.2}, ""passEndCoordinates"": {""x"": 85.6, ""y"": 93}, ""eventActionType"": ""pass"", ""isHome"": true, ""outcome"": true, ""keypass"": false}",,
1154605,Désiré Doué,14167984,rating-breakdown,passes,passes,,,,Paris Saint-Germain,75.0,,73.7,66.9,76.8,55.6,,,,unresolvable,,,,False,False,pass,rating-breakdown,True,73.7,66.9,76.8,55.6,pass,True,False,"{""playerCoordinates"": {""x"": 73.7, ""y"": 66.9}, ""passEndCoordinates"": {""x"": 76.8, ""y"": 55.6}, ""eventActionType"": ""pass"", ""isHome"": true, ""keypass"": false}",,
1154605,Désiré Doué,14167984,rating-breakdown,passes,passes,,,,Paris Saint-Germain,75.0,,68.8,89.4,60.1,76.6,True,True,1,boolean_field,success,True,,False,False,pass,rating-breakdown,True,68.8,89.4,60.1,76.6,pass,True,False,"{""playerCoordinates"": {""x"": 68.8, ""y"": 89.4}, ""passEndCoordinates"": {""x"": 60.1, ""y"": 76.6}, ""eventActionType"": ""pass"", ""isHome"": true, ""outcome"": true, ""keypass"": false}",,
1154605,Désiré Doué,14167984,rating-breakdown,passes,passes,,,,Paris Saint-Germain,75.0,,68.6,84.9,71.4,96.4,True,True,1,boolean_field,success,True,,False,False,pass,rating-breakdown,True,68.6,84.9,71.4,96.4,pass,True,False,"{""playerCoordinates"": {""x"": 68.6, ""y"": 84.9}, ""passEndCoordinates"": {""x"": 71.4, ""y"": 96.4}, ""eventActionType"": ""pass"", ""isHome"": true, ""outcome"": true, ""keypass"": false}",,
1154605,Désiré Doué,14167984,rating-breakdown,passes,passes,,,,Paris Saint-Germain,75.0,,91.4,79.9,97.1,48.1,,,,unresolvable,,,,False,False,pass,rating-breakdown,True,91.4,79.9,97.1,48.1,cross,True,False,"{""playerCoordinates"": {""x"": 91.4, ""y"": 79.9}, ""passEndCoordinates"": {""x"": 97.1, ""y"": 48.1}, ""eventActionType"": ""cross"", ""isHome"": true, ""keypass"": false}",,
1154605,Désiré Doué,14167984,rating-breakdown,passes,passes,,,,Paris Saint-Germain,75.0,,50.2,49.6,100,3.9,,,,unresolvable,,,,False,False,pass,rating-breakdown,True,50.2,49.6,100,3.9,pass,True,False,"{""playerCoordinates"": {""x"": 50.2, ""y"": 49.6}, ""passEndCoordinates"": {""x"": 100, ""y"": 3.9}, ""eventActionType"": ""pass"", ""isHome"": true, ""keypass"": false, ""isLongBall"": true}",True,
1154605,Désiré Doué,14167984,rating-breakdown,passes,passes,,,,Paris Saint-Germain,75.0,,54.1,84,46.2,71.7,True,True,1,boolean_field,success,True,,False,False,pass,rating-breakdown,True,54.1,84,46.2,71.7,pass,True,False,"{""playerCoordinates"": {""x"": 54.1, ""y"": 84}, ""passEndCoordinates"": {""x"": 46.2, ""y"": 71.7}, ""eventActionType"": ""pass"", ""isHome"": true, ""outcome"": true, ""keypass"": false}",,
1154605,Désiré Doué,14167984,rating-breakdown,passes,passes,,,,Paris Saint-Germain,75.0,,72.7,88.8,67.8,72.7,True,True,1,boolean_field,success,True,,False,False,pass,rating-breakdown,True,72.7,88.8,67.8,72.7,pass,True,False,"{""playerCoordinates"": {""x"": 72.7, ""y"": 88.8}, ""passEndCoordinates"": {""x"": 67.8, ""y"": 72.7}, ""eventActionType"": ""pass"", ""isHome"": true, ""outcome"": true, ""keypass"": false}",,
1154605,Désiré Doué,14167984,rating-breakdown,passes,passes,,,,Paris Saint-Germain,75.0,,81.1,87.3,73.6,74.4,True,True,1,boolean_field,success,True,,False,False,pass,rating-breakdown,True,81.1,87.3,73.6,74.4,pass,True,False,"{""playerCoordinates"": {""x"": 81.1, ""y"": 87.3}, ""passEndCoordinates"": {""x"": 73.6, ""y"": 74.4}, ""eventActionType"": ""pass"", ""isHome"": true, ""outcome"": true, ""keypass"": false}",,
1154605,Désiré Doué,14167984,rating-breakdown,passes,passes,,,,Paris Saint-Germain,75.0,,69.1,94.5,77.2,96.3,True,True,1,boolean_field,success,True,,False,False,pass,rating-breakdown,True,69.1,94.5,77.2,96.3,pass,True,False,"{""playerCoordinates"": {""x"": 69.1, ""y"": 94.5}, ""passEndCoordinates"": {""x"": 77.2, ""y"": 96.3}, ""eventActionType"": ""pass"", ""isHome"": true, ""outcome"": true, ""keypass"": false}",,
1154605,Désiré Doué,14167984,rating-breakdown,passes,passes,,,,Paris Saint-Germain,75.0,,89,17.1,84.8,29.7,True,True,1,boolean_field,success,True,,False,False,pass,rating-breakdown,True,89,17.1,84.8,29.7,pass,True,False,"{""playerCoordinates"": {""x"": 89, ""y"": 17.1}, ""passEndCoordinates"": {""x"": 84.8, ""y"": 29.7}, ""eventActionType"": ""pass"", ""isHome"": true, ""outcome"": true, ""keypass"": false}",,
1154605,Désiré Doué,14167984,rating-breakdown,passes,passes,,,,Paris Saint-Germain,75.0,,74.6,79.6,80.6,89.5,True,True,1,boolean_field,success,True,,False,False,pass,rating-breakdown,True,74.6,79.6,80.6,89.5,pass,True,False,"{""playerCoordinates"": {""x"": 74.6, ""y"": 79.6}, ""passEndCoordinates"": {""x"": 80.6, ""y"": 89.5}, ""eventActionType"": ""pass"", ""isHome"": true, ""outcome"": true, ""keypass"": false}",,
1154605,Désiré Doué,14167984,rating-breakdown,passes,passes,,,,Paris Saint-Germain,75.0,,93,85.5,94.2,56.8,,,,unresolvable,,,,False,False,pass,rating-breakdown,True,93,85.5,94.2,56.8,cross,True,False,"{""playerCoordinates"": {""x"": 93, ""y"": 85.5}, ""passEndCoordinates"": {""x"": 94.2, ""y"": 56.8}, ""eventActionType"": ""cross"", ""isHome"": true, ""keypass"": false}",,
1154605,Désiré Doué,14167984,rating-breakdown,passes,passes,,,,Paris Saint-Germain,75.0,,83.1,92.5,83.8,86.2,,,,unresolvable,,,,False,False,pass,rating-breakdown,True,83.1,92.5,83.8,86.2,cross,True,False,"{""playerCoordinates"": {""x"": 83.1, ""y"": 92.5}, ""passEndCoordinates"": {""x"": 83.8, ""y"": 86.2}, ""eventActionType"": ""cross"", ""isHome"": true, ""keypass"": false}",,
1154605,Désiré Doué,14167984,rating-breakdown,passes,passes,,,,Paris Saint-Germain,75.0,,64.1,73.6,60.1,40,True,True,1,boolean_field,success,True,,False,False,pass,rating-breakdown,True,64.1,73.6,60.1,40,pass,True,False,"{""playerCoordinates"": {""x"": 64.1, ""y"": 73.6}, ""passEndCoordinates"": {""x"": 60.1, ""y"": 40}, ""eventActionType"": ""pass"", ""isHome"": true, ""outcome"": true, ""keypass"": false}",,
1154605,Désiré Doué,14167984,rating-breakdown,passes,passes,,,,Paris Saint-Germain,75.0,,66.6,33.6,69.6,23.7,True,True,1,boolean_field,success,True,,False,False,pass,rating-breakdown,True,66.6,33.6,69.6,23.7,pass,True,False,"{""playerCoordinates"": {""x"": 66.6, ""y"": 33.6}, ""passEndCoordinates"": {""x"": 69.6, ""y"": 23.7}, ""eventActionType"": ""pass"", ""isHome"": true, ""outcome"": true, ""keypass"": false}",,
1154605,Désiré Doué,14167984,rating-breakdown,passes,passes,,,,Paris Saint-Germain,75.0,,68,18.1,62.7,48.7,True,True,1,boolean_field,success,True,,False,False,pass,rating-breakdown,True,68,18.1,62.7,48.7,pass,True,False,"{""playerCoordinates"": {""x"": 68, ""y"": 18.1}, ""passEndCoordinates"": {""x"": 62.7, ""y"": 48.7}, ""eventActionType"": ""pass"", ""isHome"": true, ""outcome"": true, ""keypass"": false}",,
1154605,Désiré Doué,14167984,rating-breakdown,passes,passes,,,,Paris Saint-Germain,75.0,,78.3,85.3,97.6,69.1,True,True,1,boolean_field,success,True,,False,False,pass,rating-breakdown,True,78.3,85.3,97.6,69.1,pass,True,False,"{""playerCoordinates"": {""x"": 78.3, ""y"": 85.3}, ""passEndCoordinates"": {""x"": 97.6, ""y"": 69.1}, ""eventActionType"": ""pass"", ""isHome"": true, ""outcome"": true, ""keypass"": false}",,
1154605,Désiré Doué,14167984,rating-breakdown,passes,passes,,,,Paris Saint-Germain,75.0,,69.8,64.8,77,4.6,True,True,1,boolean_field,success,True,,False,False,pass,rating-breakdown,True,69.8,64.8,77,4.6,pass,True,False,"{""playerCoordinates"": {""x"": 69.8, ""y"": 64.8}, ""passEndCoordinates"": {""x"": 77, ""y"": 4.6}, ""eventActionType"": ""pass"", ""isHome"": true, ""outcome"": true, ""keypass"": false, ""isLongBall"": true}",True,
1154605,Désiré Doué,14167984,rating-breakdown,passes,passes,,,,Paris Saint-Germain,75.0,,75.3,13.3,76.9,29.2,,,,unresolvable,,,,False,False,pass,rating-breakdown,True,75.3,13.3,76.9,29.2,pass,True,False,"{""playerCoordinates"": {""x"": 75.3, ""y"": 13.3}, ""passEndCoordinates"": {""x"": 76.9, ""y"": 29.2}, ""eventActionType"": ""pass"", ""isHome"": true, ""keypass"": false}",,
1154605,Désiré Doué,14167984,rating-breakdown,passes,passes,,,,Paris Saint-Germain,75.0,,63.1,96.1,58.1,77.7,True,True,1,boolean_field,success,True,,False,False,pass,rating-breakdown,True,63.1,96.1,58.1,77.7,pass,True,False,"{""playerCoordinates"": {""x"": 63.1, ""y"": 96.1}, ""passEndCoordinates"": {""x"": 58.1, ""y"": 77.7}, ""eventActionType"": ""pass"", ""isHome"": true, ""outcome"": true, ""keypass"": false}",,
1154605,Désiré Doué,14167984,rating-breakdown,passes,passes,,,,Paris Saint-Germain,75.0,,57.3,5.4,39.7,31.3,True,True,1,boolean_field,success,True,,False,False,pass,rating-breakdown,True,57.3,5.4,39.7,31.3,pass,True,False,"{""playerCoordinates"": {""x"": 57.3, ""y"": 5.4}, ""passEndCoordinates"": {""x"": 39.7, ""y"": 31.3}, ""eventActionType"": ""pass"", ""isHome"": true, ""outcome"": true, ""keypass"": false}",,
1154605,Désiré Doué,14167984,rating-breakdown,passes,passes,,,,Paris Saint-Germain,75.0,,84.9,24.7,77.3,35.4,True,True,1,boolean_field,success,True,,False,False,pass,rating-breakdown,True,84.9,24.7,77.3,35.4,pass,True,False,"{""playerCoordinates"": {""x"": 84.9, ""y"": 24.7}, ""passEndCoordinates"": {""x"": 77.3, ""y"": 35.4}, ""eventActionType"": ""pass"", ""isHome"": true, ""outcome"": true, ""keypass"": false}",,
1154605,Désiré Doué,14167984,rating-breakdown,passes,passes,,,,Paris Saint-Germain,75.0,,75.7,29.2,68.8,53.7,True,True,1,boolean_field,success,True,,False,False,pass,rating-breakdown,True,75.7,29.2,68.8,53.7,pass,True,False,"{""playerCoordinates"": {""x"": 75.7, ""y"": 29.2}, ""passEndCoordinates"": {""x"": 68.8, ""y"": 53.7}, ""eventActionType"": ""pass"", ""isHome"": true, ""outcome"": true, ""keypass"": false}",,
1154605,Désiré Doué,14167984,rating-breakdown,passes,passes,,,,Paris Saint-Germain,75.0,,69.1,12.7,64,48.3,True,True,1,boolean_field,success,True,,False,False,pass,rating-breakdown,True,69.1,12.7,64,48.3,pass,True,False,"{""playerCoordinates"": {""x"": 69.1, ""y"": 12.7}, ""passEndCoordinates"": {""x"": 64, ""y"": 48.3}, ""eventActionType"": ""pass"", ""isHome"": true, ""outcome"": true, ""keypass"": false}",,
1154605,Désiré Doué,14167984,rating-breakdown,passes,passes,,,,Paris Saint-Germain,75.0,,71.4,50.5,60.9,56.8,True,True,1,boolean_field,success,True,,False,False,pass,rating-breakdown,True,71.4,50.5,60.9,56.8,pass,True,False,"{""playerCoordinates"": {""x"": 71.4, ""y"": 50.5}, ""passEndCoordinates"": {""x"": 60.9, ""y"": 56.8}, ""eventActionType"": ""pass"", ""isHome"": true, ""outcome"": true, ""keypass"": false}",,
1154605,Désiré Doué,14167984,rating-breakdown,passes,passes,,,,Paris Saint-Germain,75.0,,80.8,6.7,68.9,4.6,True,True,1,boolean_field,success,True,,False,False,pass,rating-breakdown,True,80.8,6.7,68.9,4.6,pass,True,False,"{""playerCoordinates"": {""x"": 80.8, ""y"": 6.7}, ""passEndCoordinates"": {""x"": 68.9, ""y"": 4.6}, ""eventActionType"": ""pass"", ""isHome"": true, ""outcome"": true, ""keypass"": false}",,
1154605,Désiré Doué,14167984,rating-breakdown,passes,passes,,,,Paris Saint-Germain,75.0,,68.1,12.9,68,27.3,True,True,1,boolean_field,success,True,,False,False,pass,rating-breakdown,True,68.1,12.9,68,27.3,pass,True,False,"{""playerCoordinates"": {""x"": 68.1, ""y"": 12.9}, ""passEndCoordinates"": {""x"": 68, ""y"": 27.3}, ""eventActionType"": ""pass"", ""isHome"": true, ""outcome"": true, ""keypass"": false}",,
1154605,Désiré Doué,14167984,rating-breakdown,passes,passes,,,,Paris Saint-Germain,75.0,,80.2,69.7,76.3,43.2,True,True,1,boolean_field,success,True,,True,True,assist,rating-breakdown,True,80.2,69.7,76.3,43.2,pass,True,True,"{""playerCoordinates"": {""x"": 80.2, ""y"": 69.7}, ""passEndCoordinates"": {""x"": 76.3, ""y"": 43.2}, ""eventActionType"": ""pass"", ""isHome"": true, ""outcome"": true, ""keypass"": true, ""isAssist"": true}",,True
1154605,Désiré Doué,14167984,rating-breakdown,passes,passes,,,,Paris Saint-Germain,75.0,,33.3,17.2,42.6,4.3,True,True,1,boolean_field,success,True,,False,False,pass,rating-breakdown,True,33.3,17.2,42.6,4.3,pass,True,False,"{""playerCoordinates"": {""x"": 33.3, ""y"": 17.2}, ""passEndCoordinates"": {""x"": 42.6, ""y"": 4.3}, ""eventActionType"": ""pass"", ""isHome"": true, ""outcome"": true, ""keypass"": false}",,
1154605,Désiré Doué,14167984,rating-breakdown,passes,passes,,,,Paris Saint-Germain,75.0,,65.3,19.2,68.1,2.7,True,True,1,boolean_field,success,True,,False,False,pass,rating-breakdown,True,65.3,19.2,68.1,2.7,pass,True,False,"{""playerCoordinates"": {""x"": 65.3, ""y"": 19.2}, ""passEndCoordinates"": {""x"": 68.1, ""y"": 2.7}, ""eventActionType"": ""pass"", ""isHome"": true, ""outcome"": true, ""keypass"": false}",,
1154605,Désiré Doué,14167984,rating-breakdown,passes,passes,,,,Paris Saint-Germain,75.0,,63.9,13.8,73.4,4.6,True,True,1,boolean_field,success,True,,False,False,pass,rating-breakdown,True,63.9,13.8,73.4,4.6,pass,True,False,"{""playerCoordinates"": {""x"": 63.9, ""y"": 13.8}, ""passEndCoordinates"": {""x"": 73.4, ""y"": 4.6}, ""eventActionType"": ""pass"", ""isHome"": true, ""outcome"": true, ""keypass"": false}",,
1154605,Désiré Doué,14167984,rating-breakdown,passes,passes,,,,Paris Saint-Germain,75.0,,64.9,12.7,57.6,52,True,True,1,boolean_field,success,True,,False,False,pass,rating-breakdown,True,64.9,12.7,57.6,52,pass,True,False,"{""playerCoordinates"": {""x"": 64.9, ""y"": 12.7}, ""passEndCoordinates"": {""x"": 57.6, ""y"": 52}, ""eventActionType"": ""pass"", ""isHome"": true, ""outcome"": true, ""keypass"": false}",,
1154605,Désiré Doué,14167984,rating-breakdown,passes,passes,,,,Paris Saint-Germain,75.0,,74.2,20.4,82.3,16.5,True,True,1,boolean_field,success,True,,False,False,pass,rating-breakdown,True,74.2,20.4,82.3,16.5,pass,True,False,"{""playerCoordinates"": {""x"": 74.2, ""y"": 20.4}, ""passEndCoordinates"": {""x"": 82.3, ""y"": 16.5}, ""eventActionType"": ""pass"", ""isHome"": true, ""outcome"": true, ""keypass"": false}",,
1154605,Désiré Doué,14167984,rating-breakdown,passes,passes,,,,Paris Saint-Germain,75.0,,90.6,25,96.3,86.5,True,True,1,boolean_field,success,True,,False,False,pass,rating-breakdown,True,90.6,25,96.3,86.5,cross,True,False,"{""playerCoordinates"": {""x"": 90.6, ""y"": 25}, ""passEndCoordinates"": {""x"": 96.3, ""y"": 86.5}, ""eventActionType"": ""cross"", ""isHome"": true, ""outcome"": true, ""keypass"": false, ""isLongBall"": true}",True,
1154605,Désiré Doué,14167984,rating-breakdown,ball-carries,ball-carries,,,,Paris Saint-Germain,75.0,,68.3,74.4,68.6,84.9,,,,unresolvable,,,,False,False,,rating-breakdown,True,68.3,74.4,68.6,84.9,ball-carry,True,,"{""playerCoordinates"": {""x"": 68.3, ""y"": 74.4}, ""passEndCoordinates"": {""x"": 68.6, ""y"": 84.9}, ""eventActionType"": ""ball-carry"", ""isHome"": true}",,
1154605,Désiré Doué,14167984,rating-breakdown,ball-carries,ball-carries,,,,Paris Saint-Germain,75.0,,89.7,94.5,91.4,79.9,,,,unresolvable,,,,False,False,,rating-breakdown,True,89.7,94.5,91.4,79.9,ball-carry,True,,"{""playerCoordinates"": {""x"": 89.7, ""y"": 94.5}, ""passEndCoordinates"": {""x"": 91.4, ""y"": 79.9}, ""eventActionType"": ""ball-carry"", ""isHome"": true}",,
1154605,Désiré Doué,14167984,rating-breakdown,ball-carries,ball-carries,,,,Paris Saint-Germain,75.0,,71.3,95.4,72.7,88.8,,,,unresolvable,,,,False,False,,rating-breakdown,True,71.3,95.4,72.7,88.8,ball-carry,True,,"{""playerCoordinates"": {""x"": 71.3, ""y"": 95.4}, ""passEndCoordinates"": {""x"": 72.7, ""y"": 88.8}, ""eventActionType"": ""ball-carry"", ""isHome"": true}",,
1154605,Désiré Doué,14167984,rating-breakdown,ball-carries,ball-carries,,,,Paris Saint-Germain,75.0,,80.9,98.1,81.1,87.3,,,,unresolvable,,,,False,False,,rating-breakdown,True,80.9,98.1,81.1,87.3,ball-carry,True,,"{""playerCoordinates"": {""x"": 80.9, ""y"": 98.1}, ""passEndCoordinates"": {""x"": 81.1, ""y"": 87.3}, ""eventActionType"": ""ball-carry"", ""isHome"": true}",,
1154605,Désiré Doué,14167984,rating-breakdown,ball-carries,ball-carries,,,,Paris Saint-Germain,75.0,,75.2,72,74.6,79.6,,,,unresolvable,,,,False,False,,rating-breakdown,True,75.2,72,74.6,79.6,ball-carry,True,,"{""playerCoordinates"": {""x"": 75.2, ""y"": 72}, ""passEndCoordinates"": {""x"": 74.6, ""y"": 79.6}, ""eventActionType"": ""ball-carry"", ""isHome"": true}",,
1154605,Désiré Doué,14167984,rating-breakdown,ball-carries,ball-carries,,,,Paris Saint-Germain,75.0,,75.4,96,93,85.5,,,,unresolvable,,,,False,False,,rating-breakdown,True,75.4,96,93,85.5,ball-carry,True,,"{""playerCoordinates"": {""x"": 75.4, ""y"": 96}, ""passEndCoordinates"": {""x"": 93, ""y"": 85.5}, ""eventActionType"": ""ball-carry"", ""isHome"": true}",,
1154605,Désiré Doué,14167984,rating-breakdown,ball-carries,ball-carries,,,,Paris Saint-Germain,75.0,,74.1,97.5,64.1,73.6,,,,unresolvable,,,,False,False,,rating-breakdown,True,74.1,97.5,64.1,73.6,ball-carry,True,,"{""playerCoordinates"": {""x"": 74.1, ""y"": 97.5}, ""passEndCoordinates"": {""x"": 64.1, ""y"": 73.6}, ""eventActionType"": ""ball-carry"", ""isHome"": true}",,
1154605,Désiré Doué,14167984,rating-breakdown,ball-carries,ball-carries,,,,Paris Saint-Germain,75.0,,70.2,46.9,73.8,47,,,,unresolvable,,,,False,False,,rating-breakdown,True,70.2,46.9,73.8,47,ball-carry,True,,"{""playerCoordinates"": {""x"": 70.2, ""y"": 46.9}, ""passEndCoordinates"": {""x"": 73.8, ""y"": 47}, ""eventActionType"": ""ball-carry"", ""isHome"": true}",,
1154605,Désiré Doué,14167984,rating-breakdown,ball-carries,ball-carries,,,,Paris Saint-Germain,75.0,,68.9,6.7,68,18.1,,,,unresolvable,,,,False,False,,rating-breakdown,True,68.9,6.7,68,18.1,ball-carry,True,,"{""playerCoordinates"": {""x"": 68.9, ""y"": 6.7}, ""passEndCoordinates"": {""x"": 68, ""y"": 18.1}, ""eventActionType"": ""ball-carry"", ""isHome"": true}",,
1154605,Désiré Doué,14167984,rating-breakdown,ball-carries,ball-carries,,,,Paris Saint-Germain,75.0,,74.6,82.8,78.3,85.3,,,,unresolvable,,,,False,False,,rating-breakdown,True,74.6,82.8,78.3,85.3,ball-carry,True,,"{""playerCoordinates"": {""x"": 74.6, ""y"": 82.8}, ""passEndCoordinates"": {""x"": 78.3, ""y"": 85.3}, ""eventActionType"": ""ball-carry"", ""isHome"": true}",,
1154605,Désiré Doué,14167984,rating-breakdown,ball-carries,ball-carries,,,,Paris Saint-Germain,75.0,,75,2.1,75.3,13.3,,,,unresolvable,,,,False,False,,rating-breakdown,True,75,2.1,75.3,13.3,ball-carry,True,,"{""playerCoordinates"": {""x"": 75, ""y"": 2.1}, ""passEndCoordinates"": {""x"": 75.3, ""y"": 13.3}, ""eventActionType"": ""ball-carry"", ""isHome"": true}",,
1154605,Désiré Doué,14167984,rating-breakdown,ball-carries,ball-carries,,,,Paris Saint-Germain,75.0,,70.2,96,64.3,93.6,,,,unresolvable,,,,False,False,,rating-breakdown,True,70.2,96,64.3,93.6,ball-carry,True,,"{""playerCoordinates"": {""x"": 70.2, ""y"": 96}, ""passEndCoordinates"": {""x"": 64.3, ""y"": 93.6}, ""eventActionType"": ""ball-carry"", ""isHome"": true}",,
1154605,Désiré Doué,14167984,rating-breakdown,ball-carries,ball-carries,,,,Paris Saint-Germain,75.0,,72.9,81.7,74.6,67.3,,,,unresolvable,,,,False,False,,rating-breakdown,True,72.9,81.7,74.6,67.3,ball-carry,True,,"{""playerCoordinates"": {""x"": 72.9, ""y"": 81.7}, ""passEndCoordinates"": {""x"": 74.6, ""y"": 67.3}, ""eventActionType"": ""ball-carry"", ""isHome"": true}",,
1154605,Désiré Doué,14167984,rating-breakdown,ball-carries,ball-carries,,,,Paris Saint-Germain,75.0,,83.8,75.1,69.2,66.2,,,,unresolvable,,,,False,False,,rating-breakdown,True,83.8,75.1,69.2,66.2,ball-carry,True,,"{""playerCoordinates"": {""x"": 83.8, ""y"": 75.1}, ""passEndCoordinates"": {""x"": 69.2, ""y"": 66.2}, ""eventActionType"": ""ball-carry"", ""isHome"": true}",,
1154605,Désiré Doué,14167984,rating-breakdown,ball-carries,ball-carries,,,,Paris Saint-Germain,75.0,,69.4,3.3,69.1,12.7,,,,unresolvable,,,,False,False,,rating-breakdown,True,69.4,3.3,69.1,12.7,ball-carry,True,,"{""playerCoordinates"": {""x"": 69.4, ""y"": 3.3}, ""passEndCoordinates"": {""x"": 69.1, ""y"": 12.7}, ""eventActionType"": ""ball-carry"", ""isHome"": true}",,
1154605,Désiré Doué,14167984,rating-breakdown,ball-carries,ball-carries,,,,Paris Saint-Germain,75.0,,69,4.3,68.1,12.9,,,,unresolvable,,,,False,False,,rating-breakdown,True,69,4.3,68.1,12.9,ball-carry,True,,"{""playerCoordinates"": {""x"": 69, ""y"": 4.3}, ""passEndCoordinates"": {""x"": 68.1, ""y"": 12.9}, ""eventActionType"": ""ball-carry"", ""isHome"": true}",,
1154605,Désiré Doué,14167984,rating-breakdown,ball-carries,ball-carries,,,,Paris Saint-Germain,75.0,,80.6,76,80.2,69.7,,,,unresolvable,,,,False,False,,rating-breakdown,True,80.6,76,80.2,69.7,ball-carry,True,,"{""playerCoordinates"": {""x"": 80.6, ""y"": 76}, ""passEndCoordinates"": {""x"": 80.2, ""y"": 69.7}, ""eventActionType"": ""ball-carry"", ""isHome"": true}",,
1154605,Désiré Doué,14167984,rating-breakdown,ball-carries,ball-carries,,,,Paris Saint-Germain,75.0,,73.9,17.4,87.6,18.2,,,,unresolvable,,,,False,False,,rating-breakdown,True,73.9,17.4,87.6,18.2,ball-carry,True,,"{""playerCoordinates"": {""x"": 73.9, ""y"": 17.4}, ""passEndCoordinates"": {""x"": 87.6, ""y"": 18.2}, ""eventActionType"": ""ball-carry"", ""isHome"": true}",,
1154605,Désiré Doué,14167984,rating-breakdown,dribbles,dribbles,,,,Paris Saint-Germain,75.0,,73.8,47,,,True,True,1,boolean_field,success,,True,False,False,,rating-breakdown,True,73.8,47,,,dribble,True,False,"{""playerCoordinates"": {""x"": 73.8, ""y"": 47}, ""eventActionType"": ""dribble"", ""isHome"": true, ""outcome"": true, ""keypass"": false}",,
1154605,Désiré Doué,14167984,rating-breakdown,dribbles,dribbles,,,,Paris Saint-Germain,75.0,,76.8,45,,,True,True,1,boolean_field,success,,True,False,False,,rating-breakdown,True,76.8,45,,,dribble,True,False,"{""playerCoordinates"": {""x"": 76.8, ""y"": 45}, ""eventActionType"": ""dribble"", ""isHome"": true, ""outcome"": true, ""keypass"": false}",,
1154605,Désiré Doué,14167984,rating-breakdown,dribbles,dribbles,,,,Paris Saint-Germain,75.0,,86,50.2,,,True,True,1,boolean_field,success,,True,False,False,,rating-breakdown,True,86,50.2,,,dribble,True,False,"{""playerCoordinates"": {""x"": 86, ""y"": 50.2}, ""eventActionType"": ""dribble"", ""isHome"": true, ""outcome"": true, ""keypass"": false}",,
1154605,Désiré Doué,14167984,rating-breakdown,dribbles,dribbles,,,,Paris Saint-Germain,75.0,,65.3,94,,,True,True,1,boolean_field,success,,True,False,False,,rating-breakdown,True,65.3,94,,,dribble,True,False,"{""playerCoordinates"": {""x"": 65.3, ""y"": 94}, ""eventActionType"": ""dribble"", ""isHome"": true, ""outcome"": true, ""keypass"": false}",,
1154605,Désiré Doué,14167984,rating-breakdown,dribbles,dribbles,,,,Paris Saint-Germain,75.0,,74.6,82.1,,,,,,unresolvable,,,,False,False,,rating-breakdown,True,74.6,82.1,,,dribble,True,False,"{""playerCoordinates"": {""x"": 74.6, ""y"": 82.1}, ""eventActionType"": ""dribble"", ""isHome"": true, ""keypass"": false}",,
1154605,Désiré Doué,14167984,rating-breakdown,dribbles,dribbles,,,,Paris Saint-Germain,75.0,,76.8,16.8,,,True,True,1,boolean_field,success,,True,False,False,,rating-breakdown,True,76.8,16.8,,,dribble,True,False,"{""playerCoordinates"": {""x"": 76.8, ""y"": 16.8}, ""eventActionType"": ""dribble"", ""isHome"": true, ""outcome"": true, ""keypass"": false}",,
1154605,Désiré Doué,14167984,rating-breakdown,defensive,defensive,,,,Paris Saint-Germain,75.0,,73.7,66.9,,,True,True,1,boolean_field,success,,True,False,False,,rating-breakdown,True,73.7,66.9,,,ball-recovery,True,False,"{""playerCoordinates"": {""x"": 73.7, ""y"": 66.9}, ""eventActionType"": ""ball-recovery"", ""isHome"": true, ""outcome"": true, ""keypass"": false}",,
1154605,Désiré Doué,14167984,rating-breakdown,defensive,defensive,,,,Paris Saint-Germain,75.0,,73.7,46.6,,,True,True,1,boolean_field,success,,True,False,False,,rating-breakdown,True,73.7,46.6,,,tackle,True,False,"{""playerCoordinates"": {""x"": 73.7, ""y"": 46.6}, ""eventActionType"": ""tackle"", ""isHome"": true, ""outcome"": true, ""keypass"": false}",,
1154605,Désiré Doué,14167984,rating-breakdown,defensive,defensive,,,,Paris Saint-Germain,75.0,,74.4,81.2,,,True,True,1,boolean_field,success,,True,False,False,,rating-breakdown,True,74.4,81.2,,,tackle,True,False,"{""playerCoordinates"": {""x"": 74.4, ""y"": 81.2}, ""eventActionType"": ""tackle"", ""isHome"": true, ""outcome"": true, ""keypass"": false}",,
1154605,Désiré Doué,14064510,rating-breakdown,passes,passes,,,,Paris Saint-Germain,37.0,,41,5.4,37.2,36.1,True,True,1,boolean_field,success,True,,False,False,pass,rating-breakdown,True,41,5.4,37.2,36.1,pass,True,False,"{""playerCoordinates"": {""x"": 41, ""y"": 5.4}, ""passEndCoordinates"": {""x"": 37.2, ""y"": 36.1}, ""eventActionType"": ""pass"", ""isHome"": true, ""outcome"": true, ""keypass"": false}",,
1154605,Désiré Doué,14064510,rating-breakdown,passes,passes,,,,Paris Saint-Germain,37.0,,72.5,9.7,75.7,31.3,True,True,1,boolean_field,success,True,,False,False,pass,rating-breakdown,True,72.5,9.7,75.7,31.3,pass,True,False,"{""playerCoordinates"": {""x"": 72.5, ""y"": 9.7}, ""passEndCoordinates"": {""x"": 75.7, ""y"": 31.3}, ""eventActionType"": ""pass"", ""isHome"": true, ""outcome"": true, ""keypass"": false}",,
1154605,Désiré Doué,14064510,rating-breakdown,passes,passes,,,,Paris Saint-Germain,37.0,,60.1,88,62.8,81.4,True,True,1,boolean_field,success,True,,False,False,pass,rating-breakdown,True,60.1,88,62.8,81.4,pass,True,False,"{""playerCoordinates"": {""x"": 60.1, ""y"": 88}, ""passEndCoordinates"": {""x"": 62.8, ""y"": 81.4}, ""eventActionType"": ""pass"", ""isHome"": true, ""outcome"": true, ""keypass"": false}",,
1154605,Désiré Doué,14064510,rating-breakdown,passes,passes,,,,Paris Saint-Germain,37.0,,59.9,88.2,56,69.7,True,True,1,boolean_field,success,True,,False,False,pass,rating-breakdown,True,59.9,88.2,56,69.7,pass,True,False,"{""playerCoordinates"": {""x"": 59.9, ""y"": 88.2}, ""passEndCoordinates"": {""x"": 56, ""y"": 69.7}, ""eventActionType"": ""pass"", ""isHome"": true, ""outcome"": true, ""keypass"": false}",,
1154605,Désiré Doué,14064510,rating-breakdown,passes,passes,,,,Paris Saint-Germain,37.0,,68.4,65.2,77.7,84,True,True,1,boolean_field,success,True,,False,False,pass,rating-breakdown,True,68.4,65.2,77.7,84,pass,True,False,"{""playerCoordinates"": {""x"": 68.4, ""y"": 65.2}, ""passEndCoordinates"": {""x"": 77.7, ""y"": 84}, ""eventActionType"": ""pass"", ""isHome"": true, ""outcome"": true, ""keypass"": false}",,
1154605,Désiré Doué,14064510,rating-breakdown,passes,passes,,,,Paris Saint-Germain,37.0,,85.9,38.5,78.7,39.4,True,True,1,boolean_field,success,True,,False,False,pass,rating-breakdown,True,85.9,38.5,78.7,39.4,pass,True,False,"{""playerCoordinates"": {""x"": 85.9, ""y"": 38.5}, ""passEndCoordinates"": {""x"": 78.7, ""y"": 39.4}, ""eventActionType"": ""pass"", ""isHome"": true, ""outcome"": true, ""keypass"": false}",,
1154605,Désiré Doué,14064510,rating-breakdown,passes,passes,,,,Paris Saint-Germain,37.0,,60.8,66.4,74.5,93.1,True,True,1,boolean_field,success,True,,False,False,pass,rating-breakdown,True,60.8,66.4,74.5,93.1,pass,True,False,"{""playerCoordinates"": {""x"": 60.8, ""y"": 66.4}, ""passEndCoordinates"": {""x"": 74.5, ""y"": 93.1}, ""eventActionType"": ""pass"", ""isHome"": true, ""outcome"": true, ""keypass"": false}",,
1154605,Désiré Doué,14064510,rating-breakdown,passes,passes,,,,Paris Saint-Germain,37.0,,72.5,6.1,79.5,5.8,True,True,1,boolean_field,success,True,,False,False,pass,rating-breakdown,True,72.5,6.1,79.5,5.8,pass,True,False,"{""playerCoordinates"": {""x"": 72.5, ""y"": 6.1}, ""passEndCoordinates"": {""x"": 79.5, ""y"": 5.8}, ""eventActionType"": ""pass"", ""isHome"": true, ""outcome"": true, ""keypass"": false}",,
1154605,Désiré Doué,14064510,rating-breakdown,passes,passes,,,,Paris Saint-Germain,37.0,,74.8,6.1,63.8,34,True,True,1,boolean_field,success,True,,False,False,pass,rating-breakdown,True,74.8,6.1,63.8,34,pass,True,False,"{""playerCoordinates"": {""x"": 74.8, ""y"": 6.1}, ""passEndCoordinates"": {""x"": 63.8, ""y"": 34}, ""eventActionType"": ""pass"", ""isHome"": true, ""outcome"": true, ""keypass"": false}",,
1154605,Désiré Doué,14064510,rating-breakdown,passes,passes,,,,Paris Saint-Germain,37.0,,87.6,17,87,45.3,True,True,1,boolean_field,success,True,,False,False,pass,rating-breakdown,True,87.6,17,87,45.3,cross,True,False,"{""playerCoordinates"": {""x"": 87.6, ""y"": 17}, ""passEndCoordinates"": {""x"": 87, ""y"": 45.3}, ""eventActionType"": ""cross"", ""isHome"": true, ""outcome"": true, ""keypass"": false}",,
1154605,Désiré Doué,14064510,rating-breakdown,passes,passes,,,,Paris Saint-Germain,37.0,,73.5,78.9,73.7,64.6,True,True,1,boolean_field,success,True,,False,False,pass,rating-breakdown,True,73.5,78.9,73.7,64.6,pass,True,False,"{""playerCoordinates"": {""x"": 73.5, ""y"": 78.9}, ""passEndCoordinates"": {""x"": 73.7, ""y"": 64.6}, ""eventActionType"": ""pass"", ""isHome"": true, ""outcome"": true, ""keypass"": false}",,
1154605,Désiré Doué,14064510,rating-breakdown,passes,passes,,,,Paris Saint-Germain,37.0,,69.7,68.5,85,38.5,,,,unresolvable,,,,False,False,pass,rating-breakdown,True,69.7,68.5,85,38.5,pass,True,False,"{""playerCoordinates"": {""x"": 69.7, ""y"": 68.5}, ""passEndCoordinates"": {""x"": 85, ""y"": 38.5}, ""eventActionType"": ""pass"", ""isHome"": true, ""keypass"": false}",,
1154605,Désiré Doué,14064510,rating-breakdown,passes,passes,,,,Paris Saint-Germain,37.0,,60.7,79,91,100,,,,unresolvable,,,,False,False,pass,rating-breakdown,True,60.7,79,91,100,pass,True,False,"{""playerCoordinates"": {""x"": 60.7, ""y"": 79}, ""passEndCoordinates"": {""x"": 91, ""y"": 100}, ""eventActionType"": ""pass"", ""isHome"": true, ""keypass"": false, ""isLongBall"": true}",True,
1154605,Désiré Doué,14064510,rating-breakdown,passes,passes,,,,Paris Saint-Germain,37.0,,35.8,36.7,39.5,11.2,True,True,1,boolean_field,success,True,,False,False,pass,rating-breakdown,True,35.8,36.7,39.5,11.2,pass,True,False,"{""playerCoordinates"": {""x"": 35.8, ""y"": 36.7}, ""passEndCoordinates"": {""x"": 39.5, ""y"": 11.2}, ""eventActionType"": ""pass"", ""isHome"": true, ""outcome"": true, ""keypass"": false}",,
1154605,Désiré Doué,14064510,rating-breakdown,passes,passes,,,,Paris Saint-Germain,37.0,,36.8,22.7,66.5,81,True,True,1,boolean_field,success,True,,False,False,pass,rating-breakdown,True,36.8,22.7,66.5,81,pass,True,False,"{""playerCoordinates"": {""x"": 36.8, ""y"": 22.7}, ""passEndCoordinates"": {""x"": 66.5, ""y"": 81}, ""eventActionType"": ""pass"", ""isHome"": true, ""outcome"": true, ""keypass"": false, ""isLongBall"": true}",True,
1154605,Désiré Doué,14064510,rating-breakdown,passes,passes,,,,Paris Saint-Germain,37.0,,87.3,18.8,82.6,32.5,True,True,1,boolean_field,success,True,,False,False,pass,rating-breakdown,True,87.3,18.8,82.6,32.5,pass,True,False,"{""playerCoordinates"": {""x"": 87.3, ""y"": 18.8}, ""passEndCoordinates"": {""x"": 82.6, ""y"": 32.5}, ""eventActionType"": ""pass"", ""isHome"": true, ""outcome"": true, ""keypass"": false}",,
1154605,Désiré Doué,14064510,rating-breakdown,passes,passes,,,,Paris Saint-Germain,37.0,,25.9,43.2,23,47.1,True,True,1,boolean_field,success,True,,False,False,pass,rating-breakdown,True,25.9,43.2,23,47.1,pass,True,False,"{""playerCoordinates"": {""x"": 25.9, ""y"": 43.2}, ""passEndCoordinates"": {""x"": 23, ""y"": 47.1}, ""eventActionType"": ""pass"", ""isHome"": true, ""outcome"": true, ""keypass"": false}",,
1154605,Désiré Doué,14064510,rating-breakdown,passes,passes,,,,Paris Saint-Germain,37.0,,95.7,19,85.1,3.6,True,True,1,boolean_field,success,True,,False,False,pass,rating-breakdown,True,95.7,19,85.1,3.6,pass,True,False,"{""playerCoordinates"": {""x"": 95.7, ""y"": 19}, ""passEndCoordinates"": {""x"": 85.1, ""y"": 3.6}, ""eventActionType"": ""pass"", ""isHome"": true, ""outcome"": true, ""keypass"": false}",,
1154605,Désiré Doué,14064510,rating-breakdown,passes,passes,,,,Paris Saint-Germain,37.0,,63.9,8.2,63.1,21.7,True,True,1,boolean_field,success,True,,False,False,pass,rating-breakdown,True,63.9,8.2,63.1,21.7,pass,True,False,"{""playerCoordinates"": {""x"": 63.9, ""y"": 8.2}, ""passEndCoordinates"": {""x"": 63.1, ""y"": 21.7}, ""eventActionType"": ""pass"", ""isHome"": true, ""outcome"": true, ""keypass"": false}",,
1154605,Désiré Doué,14064510,rating-breakdown,passes,passes,,,,Paris Saint-Germain,37.0,,64.8,11.3,71.8,12.3,,,,unresolvable,,,,False,False,pass,rating-breakdown,True,64.8,11.3,71.8,12.3,pass,True,False,"{""playerCoordinates"": {""x"": 64.8, ""y"": 11.3}, ""passEndCoordinates"": {""x"": 71.8, ""y"": 12.3}, ""eventActionType"": ""pass"", ""isHome"": true, ""keypass"": false}",,
1154605,Désiré Doué,14064510,rating-breakdown,passes,passes,,,,Paris Saint-Germain,37.0,,66.2,93.4,73.7,77.2,True,True,1,boolean_field,success,True,,False,False,pass,rating-breakdown,True,66.2,93.4,73.7,77.2,pass,True,False,"{""playerCoordinates"": {""x"": 66.2, ""y"": 93.4}, ""passEndCoordinates"": {""x"": 73.7, ""y"": 77.2}, ""eventActionType"": ""pass"", ""isHome"": true, ""outcome"": true, ""keypass"": false}",,
1154605,Désiré Doué,14064510,rating-breakdown,ball-carries,ball-carries,,,,Paris Saint-Germain,37.0,,64.6,64.6,68.4,65.2,,,,unresolvable,,,,False,False,,rating-breakdown,True,64.6,64.6,68.4,65.2,ball-carry,True,,"{""playerCoordinates"": {""x"": 64.6, ""y"": 64.6}, ""passEndCoordinates"": {""x"": 68.4, ""y"": 65.2}, ""eventActionType"": ""ball-carry"", ""isHome"": true}",,
1154605,Désiré Doué,14064510,rating-breakdown,ball-carries,ball-carries,,,,Paris Saint-Germain,37.0,,81.9,68.4,82.3,63.4,,,,unresolvable,,,,False,False,,rating-breakdown,True,81.9,68.4,82.3,63.4,ball-carry,True,,"{""playerCoordinates"": {""x"": 81.9, ""y"": 68.4}, ""passEndCoordinates"": {""x"": 82.3, ""y"": 63.4}, ""eventActionType"": ""ball-carry"", ""isHome"": true}",,
1154605,Désiré Doué,14064510,rating-breakdown,ball-carries,ball-carries,,,,Paris Saint-Germain,37.0,,53.9,66.9,60.8,66.4,,,,unresolvable,,,,False,False,,rating-breakdown,True,53.9,66.9,60.8,66.4,ball-carry,True,,"{""playerCoordinates"": {""x"": 53.9, ""y"": 66.9}, ""passEndCoordinates"": {""x"": 60.8, ""y"": 66.4}, ""eventActionType"": ""ball-carry"", ""isHome"": true}",,
1154605,Désiré Doué,14064510,rating-breakdown,ball-carries,ball-carries,,,,Paris Saint-Germain,37.0,,67.1,16.8,74.3,19.3,,,,unresolvable,,,,False,False,,rating-breakdown,True,67.1,16.8,74.3,19.3,ball-carry,True,,"{""playerCoordinates"": {""x"": 67.1, ""y"": 16.8}, ""passEndCoordinates"": {""x"": 74.3, ""y"": 19.3}, ""eventActionType"": ""ball-carry"", ""isHome"": true}",,
1154605,Désiré Doué,14064510,rating-breakdown,ball-carries,ball-carries,,,,Paris Saint-Germain,37.0,,74.8,80.8,70.3,67.5,,,,unresolvable,,,,False,False,,rating-breakdown,True,74.8,80.8,70.3,67.5,ball-carry,True,,"{""playerCoordinates"": {""x"": 74.8, ""y"": 80.8}, ""passEndCoordinates"": {""x"": 70.3, ""y"": 67.5}, ""eventActionType"": ""ball-carry"", ""isHome"": true}",,
1154605,Désiré Doué,14064510,rating-breakdown,ball-carries,ball-carries,,,,Paris Saint-Germain,37.0,,57.3,77.7,60.7,79,,,,unresolvable,,,,False,False,,rating-breakdown,True,57.3,77.7,60.7,79,ball-carry,True,,"{""playerCoordinates"": {""x"": 57.3, ""y"": 77.7}, ""passEndCoordinates"": {""x"": 60.7, ""y"": 79}, ""eventActionType"": ""ball-carry"", ""isHome"": true}",,
1154605,Désiré Doué,14064510,rating-breakdown,ball-carries,ball-carries,,,,Paris Saint-Germain,37.0,,34,9.9,37.2,13.5,,,,unresolvable,,,,False,False,,rating-breakdown,True,34,9.9,37.2,13.5,ball-carry,True,,"{""playerCoordinates"": {""x"": 34, ""y"": 9.9}, ""passEndCoordinates"": {""x"": 37.2, ""y"": 13.5}, ""eventActionType"": ""ball-carry"", ""isHome"": true}",,
1154605,Désiré Doué,14064510,rating-breakdown,ball-carries,ball-carries,,,,Paris Saint-Germain,37.0,,84.8,23.2,87.3,18.8,,,,unresolvable,,,,False,False,,rating-breakdown,True,84.8,23.2,87.3,18.8,ball-carry,True,,"{""playerCoordinates"": {""x"": 84.8, ""y"": 23.2}, ""passEndCoordinates"": {""x"": 87.3, ""y"": 18.8}, ""eventActionType"": ""ball-carry"", ""isHome"": true}",,
1154605,Désiré Doué,14064510,rating-breakdown,ball-carries,ball-carries,,,,Paris Saint-Germain,37.0,,86,73.5,80.2,52,,,,unresolvable,,,,False,False,,rating-breakdown,True,86,73.5,80.2,52,ball-carry,True,,"{""playerCoordinates"": {""x"": 86, ""y"": 73.5}, ""passEndCoordinates"": {""x"": 80.2, ""y"": 52}, ""eventActionType"": ""ball-carry"", ""isHome"": true}",,
1154605,Désiré Doué,14064510,rating-breakdown,dribbles,dribbles,,,,Paris Saint-Germain,37.0,,73.6,19.5,,,True,True,1,boolean_field,success,,True,False,False,,rating-breakdown,True,73.6,19.5,,,dribble,True,False,"{""playerCoordinates"": {""x"": 73.6, ""y"": 19.5}, ""eventActionType"": ""dribble"", ""isHome"": true, ""outcome"": true, ""keypass"": false}",,
1154605,Désiré Doué,14064510,rating-breakdown,defensive,defensive,,,,Paris Saint-Germain,37.0,,30,9.3,,,True,True,1,boolean_field,success,,True,False,False,,rating-breakdown,True,30,9.3,,,interception,True,False,"{""playerCoordinates"": {""x"": 30, ""y"": 9.3}, ""eventActionType"": ""interception"", ""isHome"": true, ""outcome"": true, ""keypass"": false}",,
1154605,Désiré Doué,14064510,rating-breakdown,defensive,defensive,,,,Paris Saint-Germain,37.0,,41,5.4,,,True,True,1,boolean_field,success,,True,False,False,,rating-breakdown,True,41,5.4,,,ball-recovery,True,False,"{""playerCoordinates"": {""x"": 41, ""y"": 5.4}, ""eventActionType"": ""ball-recovery"", ""isHome"": true, ""outcome"": true, ""keypass"": false}",,
1154605,Désiré Doué,14064510,rating-breakdown,defensive,defensive,,,,Paris Saint-Germain,37.0,,65.2,9,,,True,True,1,boolean_field,success,,True,False,False,,rating-breakdown,True,65.2,9,,,ball-recovery,True,False,"{""playerCoordinates"": {""x"": 65.2, ""y"": 9}, ""eventActionType"": ""ball-recovery"", ""isHome"": true, ""outcome"": true, ""keypass"": false}",,
1154605,Désiré Doué,15889331,rating-breakdown,passes,passes,,,,Paris Saint-Germain,90.0,,22.6,85.7,26.2,93,True,True,1,boolean_field,success,True,,False,False,pass,rating-breakdown,True,22.6,85.7,26.2,93,pass,False,False,"{""playerCoordinates"": {""x"": 22.6, ""y"": 85.7}, ""passEndCoordinates"": {""x"": 26.2, ""y"": 93}, ""eventActionType"": ""pass"", ""isHome"": false, ""outcome"": true, ""keypass"": false}",,
1154605,Désiré Doué,15889331,rating-breakdown,passes,passes,,,,Paris Saint-Germain,90.0,,33.6,67.7,48.4,71.8,,,,unresolvable,,,,False,False,pass,rating-breakdown,True,33.6,67.7,48.4,71.8,pass,False,False,"{""playerCoordinates"": {""x"": 33.6, ""y"": 67.7}, ""passEndCoordinates"": {""x"": 48.4, ""y"": 71.8}, ""eventActionType"": ""pass"", ""isHome"": false, ""keypass"": false}",,
1154605,Désiré Doué,15889331,rating-breakdown,passes,passes,,,,Paris Saint-Germain,90.0,,43.6,79.4,41.8,69.1,True,True,1,boolean_field,success,True,,False,False,pass,rating-breakdown,True,43.6,79.4,41.8,69.1,pass,False,False,"{""playerCoordinates"": {""x"": 43.6, ""y"": 79.4}, ""passEndCoordinates"": {""x"": 41.8, ""y"": 69.1}, ""eventActionType"": ""pass"", ""isHome"": false, ""outcome"": true, ""keypass"": false}",,
1154605,Désiré Doué,15889331,rating-breakdown,passes,passes,,,,Paris Saint-Germain,90.0,,57.7,75,55.9,33,True,True,1,boolean_field,success,True,,False,False,pass,rating-breakdown,True,57.7,75,55.9,33,pass,False,False,"{""playerCoordinates"": {""x"": 57.7, ""y"": 75}, ""passEndCoordinates"": {""x"": 55.9, ""y"": 33}, ""eventActionType"": ""pass"", ""isHome"": false, ""outcome"": true, ""keypass"": false}",,
1154605,Désiré Doué,15889331,rating-breakdown,passes,passes,,,,Paris Saint-Germain,90.0,,42.4,17.3,58.6,24.9,True,True,1,boolean_field,success,True,,False,False,pass,rating-breakdown,True,42.4,17.3,58.6,24.9,pass,False,False,"{""playerCoordinates"": {""x"": 42.4, ""y"": 17.3}, ""passEndCoordinates"": {""x"": 58.6, ""y"": 24.9}, ""eventActionType"": ""pass"", ""isHome"": false, ""outcome"": true, ""keypass"": false}",,
1154605,Désiré Doué,15889331,rating-breakdown,passes,passes,,,,Paris Saint-Germain,90.0,,58.1,29.4,60.7,18.8,True,True,1,boolean_field,success,True,,False,False,pass,rating-breakdown,True,58.1,29.4,60.7,18.8,pass,False,False,"{""playerCoordinates"": {""x"": 58.1, ""y"": 29.4}, ""passEndCoordinates"": {""x"": 60.7, ""y"": 18.8}, ""eventActionType"": ""pass"", ""isHome"": false, ""outcome"": true, ""keypass"": false}",,
1154605,Désiré Doué,15889331,rating-breakdown,passes,passes,,,,Paris Saint-Germain,90.0,,63.5,16.2,63.8,8,True,True,1,boolean_field,success,True,,False,False,pass,rating-breakdown,True,63.5,16.2,63.8,8,pass,False,False,"{""playerCoordinates"": {""x"": 63.5, ""y"": 16.2}, ""passEndCoordinates"": {""x"": 63.8, ""y"": 8}, ""eventActionType"": ""pass"", ""isHome"": false, ""outcome"": true, ""keypass"": false}",,
1154605,Désiré Doué,15889331,rating-breakdown,passes,passes,,,,Paris Saint-Germain,90.0,,54.2,47,58.7,36.6,True,True,1,boolean_field,success,True,,False,False,pass,rating-breakdown,True,54.2,47,58.7,36.6,pass,False,False,"{""playerCoordinates"": {""x"": 54.2, ""y"": 47}, ""passEndCoordinates"": {""x"": 58.7, ""y"": 36.6}, ""eventActionType"": ""pass"", ""isHome"": false, ""outcome"": true, ""keypass"": false}",,
1154605,Désiré Doué,15889331,rating-breakdown,passes,passes,,,,Paris Saint-Germain,90.0,,70.2,32.8,86.5,24.4,True,True,1,boolean_field,success,True,,False,False,pass,rating-breakdown,True,70.2,32.8,86.5,24.4,pass,False,False,"{""playerCoordinates"": {""x"": 70.2, ""y"": 32.8}, ""passEndCoordinates"": {""x"": 86.5, ""y"": 24.4}, ""eventActionType"": ""pass"", ""isHome"": false, ""outcome"": true, ""keypass"": false}",,
1154605,Désiré Doué,15889331,rating-breakdown,passes,passes,,,,Paris Saint-Germain,90.0,,69.8,67.7,76.4,72.8,,,,unresolvable,,,,False,False,pass,rating-breakdown,True,69.8,67.7,76.4,72.8,pass,False,False,"{""playerCoordinates"": {""x"": 69.8, ""y"": 67.7}, ""passEndCoordinates"": {""x"": 76.4, ""y"": 72.8}, ""eventActionType"": ""pass"", ""isHome"": false, ""keypass"": false}",,
1154605,Désiré Doué,15889331,rating-breakdown,passes,passes,,,,Paris Saint-Germain,90.0,,34.5,22.5,28.7,10.4,True,True,1,boolean_field,success,True,,False,False,pass,rating-breakdown,True,34.5,22.5,28.7,10.4,pass,False,False,"{""playerCoordinates"": {""x"": 34.5, ""y"": 22.5}, ""passEndCoordinates"": {""x"": 28.7, ""y"": 10.4}, ""eventActionType"": ""pass"", ""isHome"": false, ""outcome"": true, ""keypass"": false}",,
1154605,Désiré Doué,15889331,rating-breakdown,passes,passes,,,,Paris Saint-Germain,90.0,,44.6,69.5,42.3,86.7,True,True,1,boolean_field,success,True,,False,False,pass,rating-breakdown,True,44.6,69.5,42.3,86.7,pass,False,False,"{""playerCoordinates"": {""x"": 44.6, ""y"": 69.5}, ""passEndCoordinates"": {""x"": 42.3, ""y"": 86.7}, ""eventActionType"": ""pass"", ""isHome"": false, ""outcome"": true, ""keypass"": false}",,
1154605,Désiré Doué,15889331,rating-breakdown,passes,passes,,,,Paris Saint-Germain,90.0,,58.7,83.5,61.7,95.6,True,True,1,boolean_field,success,True,,False,False,pass,rating-breakdown,True,58.7,83.5,61.7,95.6,pass,False,False,"{""playerCoordinates"": {""x"": 58.7, ""y"": 83.5}, ""passEndCoordinates"": {""x"": 61.7, ""y"": 95.6}, ""eventActionType"": ""pass"", ""isHome"": false, ""outcome"": true, ""keypass"": false}",,
1154605,Désiré Doué,15889331,rating-breakdown,passes,passes,,,,Paris Saint-Germain,90.0,,60.6,61.2,65.9,68.1,True,True,1,boolean_field,success,True,,False,False,pass,rating-breakdown,True,60.6,61.2,65.9,68.1,pass,False,False,"{""playerCoordinates"": {""x"": 60.6, ""y"": 61.2}, ""passEndCoordinates"": {""x"": 65.9, ""y"": 68.1}, ""eventActionType"": ""pass"", ""isHome"": false, ""outcome"": true, ""keypass"": false}",,
1154605,Désiré Doué,15889331,rating-breakdown,passes,passes,,,,Paris Saint-Germain,90.0,,62.4,64.2,65.5,79,True,True,1,boolean_field,success,True,,False,False,pass,rating-breakdown,True,62.4,64.2,65.5,79,pass,False,False,"{""playerCoordinates"": {""x"": 62.4, ""y"": 64.2}, ""passEndCoordinates"": {""x"": 65.5, ""y"": 79}, ""eventActionType"": ""pass"", ""isHome"": false, ""outcome"": true, ""keypass"": false}",,
1154605,Désiré Doué,15889331,rating-breakdown,passes,passes,,,,Paris Saint-Germain,90.0,,52.8,51.6,43.1,28.5,True,True,1,boolean_field,success,True,,False,False,pass,rating-breakdown,True,52.8,51.6,43.1,28.5,pass,False,False,"{""playerCoordinates"": {""x"": 52.8, ""y"": 51.6}, ""passEndCoordinates"": {""x"": 43.1, ""y"": 28.5}, ""eventActionType"": ""pass"", ""isHome"": false, ""outcome"": true, ""keypass"": false}",,
1154605,Désiré Doué,15889331,rating-breakdown,passes,passes,,,,Paris Saint-Germain,90.0,,46.3,76.1,29.8,66,True,True,1,boolean_field,success,True,,False,False,pass,rating-breakdown,True,46.3,76.1,29.8,66,pass,False,False,"{""playerCoordinates"": {""x"": 46.3, ""y"": 76.1}, ""passEndCoordinates"": {""x"": 29.8, ""y"": 66}, ""eventActionType"": ""pass"", ""isHome"": false, ""outcome"": true, ""keypass"": false}",,
1154605,Désiré Doué,15889331,rating-breakdown,passes,passes,,,,Paris Saint-Germain,90.0,,35.2,65.7,42.6,91.7,True,True,1,boolean_field,success,True,,False,False,pass,rating-breakdown,True,35.2,65.7,42.6,91.7,pass,False,False,"{""playerCoordinates"": {""x"": 35.2, ""y"": 65.7}, ""passEndCoordinates"": {""x"": 42.6, ""y"": 91.7}, ""eventActionType"": ""pass"", ""isHome"": false, ""outcome"": true, ""keypass"": false}",,
1154605,Désiré Doué,15889331,rating-breakdown,passes,passes,,,,Paris Saint-Germain,90.0,,33.2,43.6,7.4,48.1,True,True,1,boolean_field,success,True,,False,False,pass,rating-breakdown,True,33.2,43.6,7.4,48.1,pass,False,False,"{""playerCoordinates"": {""x"": 33.2, ""y"": 43.6}, ""passEndCoordinates"": {""x"": 7.4, ""y"": 48.1}, ""eventActionType"": ""pass"", ""isHome"": false, ""outcome"": true, ""keypass"": false}",,
1154605,Désiré Doué,15889331,rating-breakdown,passes,passes,,,,Paris Saint-Germain,90.0,,4,83.2,29.2,95.3,True,True,1,boolean_field,success,True,,False,False,pass,rating-breakdown,True,4,83.2,29.2,95.3,pass,False,False,"{""playerCoordinates"": {""x"": 4, ""y"": 83.2}, ""passEndCoordinates"": {""x"": 29.2, ""y"": 95.3}, ""eventActionType"": ""pass"", ""isHome"": false, ""outcome"": true, ""keypass"": false}",,
1154605,Désiré Doué,15889331,rating-breakdown,passes,passes,,,,Paris Saint-Germain,90.0,,40.1,17.3,43.9,29.2,True,True,1,boolean_field,success,True,,False,False,pass,rating-breakdown,True,40.1,17.3,43.9,29.2,pass,False,False,"{""playerCoordinates"": {""x"": 40.1, ""y"": 17.3}, ""passEndCoordinates"": {""x"": 43.9, ""y"": 29.2}, ""eventActionType"": ""pass"", ""isHome"": false, ""outcome"": true, ""keypass"": false}",,
1154605,Désiré Doué,15889331,rating-breakdown,passes,passes,,,,Paris Saint-Germain,90.0,,38.6,29.7,59.3,3.7,True,True,1,boolean_field,success,True,,False,False,pass,rating-breakdown,True,38.6,29.7,59.3,3.7,pass,False,False,"{""playerCoordinates"": {""x"": 38.6, ""y"": 29.7}, ""passEndCoordinates"": {""x"": 59.3, ""y"": 3.7}, ""eventActionType"": ""pass"", ""isHome"": false, ""outcome"": true, ""keypass"": false}",,
1154605,Désiré Doué,15889331,rating-breakdown,passes,passes,,,,Paris Saint-Germain,90.0,,16,87.7,33.6,70.7,,,,unresolvable,,,,False,False,pass,rating-breakdown,True,16,87.7,33.6,70.7,pass,False,False,"{""playerCoordinates"": {""x"": 16, ""y"": 87.7}, ""passEndCoordinates"": {""x"": 33.6, ""y"": 70.7}, ""eventActionType"": ""pass"", ""isHome"": false, ""keypass"": false}",,
1154605,Désiré Doué,15889331,rating-breakdown,passes,passes,,,,Paris Saint-Germain,90.0,,62,72.6,73.3,94.8,True,True,1,boolean_field,success,True,,False,False,pass,rating-breakdown,True,62,72.6,73.3,94.8,pass,False,False,"{""playerCoordinates"": {""x"": 62, ""y"": 72.6}, ""passEndCoordinates"": {""x"": 73.3, ""y"": 94.8}, ""eventActionType"": ""pass"", ""isHome"": false, ""outcome"": true, ""keypass"": false}",,
1154605,Désiré Doué,15889331,rating-breakdown,passes,passes,,,,Paris Saint-Germain,90.0,,39,74.5,27.5,74.8,True,True,1,boolean_field,success,True,,False,False,pass,rating-breakdown,True,39,74.5,27.5,74.8,pass,False,False,"{""playerCoordinates"": {""x"": 39, ""y"": 74.5}, ""passEndCoordinates"": {""x"": 27.5, ""y"": 74.8}, ""eventActionType"": ""pass"", ""isHome"": false, ""outcome"": true, ""keypass"": false}",,
1154605,Désiré Doué,15889331,rating-breakdown,passes,passes,,,,Paris Saint-Germain,90.0,,60.8,63.4,45.9,56.6,True,True,1,boolean_field,success,True,,False,False,pass,rating-breakdown,True,60.8,63.4,45.9,56.6,pass,False,False,"{""playerCoordinates"": {""x"": 60.8, ""y"": 63.4}, ""passEndCoordinates"": {""x"": 45.9, ""y"": 56.6}, ""eventActionType"": ""pass"", ""isHome"": false, ""outcome"": true, ""keypass"": false}",,
1154605,Désiré Doué,15889331,rating-breakdown,passes,passes,,,,Paris Saint-Germain,90.0,,56.1,76.6,43.1,68.1,True,True,1,boolean_field,success,True,,False,False,pass,rating-breakdown,True,56.1,76.6,43.1,68.1,pass,False,False,"{""playerCoordinates"": {""x"": 56.1, ""y"": 76.6}, ""passEndCoordinates"": {""x"": 43.1, ""y"": 68.1}, ""eventActionType"": ""pass"", ""isHome"": false, ""outcome"": true, ""keypass"": false}",,
1154605,Désiré Doué,15889331,rating-breakdown,passes,passes,,,,Paris Saint-Germain,90.0,,60.7,74.2,54.7,65.7,True,True,1,boolean_field,success,True,,False,False,pass,rating-breakdown,True,60.7,74.2,54.7,65.7,pass,False,False,"{""playerCoordinates"": {""x"": 60.7, ""y"": 74.2}, ""passEndCoordinates"": {""x"": 54.7, ""y"": 65.7}, ""eventActionType"": ""pass"", ""isHome"": false, ""outcome"": true, ""keypass"": false}",,
1154605,Désiré Doué,15889331,rating-breakdown,passes,passes,,,,Paris Saint-Germain,90.0,,65.5,70.9,72.4,92.3,True,True,1,boolean_field,success,True,,False,False,pass,rating-breakdown,True,65.5,70.9,72.4,92.3,pass,False,False,"{""playerCoordinates"": {""x"": 65.5, ""y"": 70.9}, ""passEndCoordinates"": {""x"": 72.4, ""y"": 92.3}, ""eventActionType"": ""pass"", ""isHome"": false, ""outcome"": true, ""keypass"": false}",,
1154605,Désiré Doué,15889331,rating-breakdown,passes,passes,,,,Paris Saint-Germain,90.0,,74.4,93.8,78.5,82.1,True,True,1,boolean_field,success,True,,False,False,pass,rating-breakdown,True,74.4,93.8,78.5,82.1,pass,False,False,"{""playerCoordinates"": {""x"": 74.4, ""y"": 93.8}, ""passEndCoordinates"": {""x"": 78.5, ""y"": 82.1}, ""eventActionType"": ""pass"", ""isHome"": false, ""outcome"": true, ""keypass"": false}",,
1154605,Désiré Doué,15889331,rating-breakdown,passes,passes,,,,Paris Saint-Germain,90.0,,56,96.3,68.2,91.6,,,,unresolvable,,,,False,False,pass,rating-breakdown,True,56,96.3,68.2,91.6,pass,False,False,"{""playerCoordinates"": {""x"": 56, ""y"": 96.3}, ""passEndCoordinates"": {""x"": 68.2, ""y"": 91.6}, ""eventActionType"": ""pass"", ""isHome"": false, ""keypass"": false}",,
1154605,Désiré Doué,15889331,rating-breakdown,passes,passes,,,,Paris Saint-Germain,90.0,,56,95.9,38.8,91.5,True,True,1,boolean_field,success,True,,False,False,pass,rating-breakdown,True,56,95.9,38.8,91.5,pass,False,False,"{""playerCoordinates"": {""x"": 56, ""y"": 95.9}, ""passEndCoordinates"": {""x"": 38.8, ""y"": 91.5}, ""eventActionType"": ""pass"", ""isHome"": false, ""outcome"": true, ""keypass"": false}",,
1154605,Désiré Doué,15889331,rating-breakdown,passes,passes,,,,Paris Saint-Germain,90.0,,34.9,82.1,28.6,47.3,True,True,1,boolean_field,success,True,,False,False,pass,rating-breakdown,True,34.9,82.1,28.6,47.3,pass,False,False,"{""playerCoordinates"": {""x"": 34.9, ""y"": 82.1}, ""passEndCoordinates"": {""x"": 28.6, ""y"": 47.3}, ""eventActionType"": ""pass"", ""isHome"": false, ""outcome"": true, ""keypass"": false}",,
1154605,Désiré Doué,15889331,rating-breakdown,passes,passes,,,,Paris Saint-Germain,90.0,,52.3,25.8,56,5.8,True,True,1,boolean_field,success,True,,False,False,pass,rating-breakdown,True,52.3,25.8,56,5.8,pass,False,False,"{""playerCoordinates"": {""x"": 52.3, ""y"": 25.8}, ""passEndCoordinates"": {""x"": 56, ""y"": 5.8}, ""eventActionType"": ""pass"", ""isHome"": false, ""outcome"": true, ""keypass"": false}",,
1154605,Désiré Doué,15889331,rating-breakdown,passes,passes,,,,Paris Saint-Germain,90.0,,12.8,4.7,6.1,55.1,True,True,1,boolean_field,success,True,,False,False,pass,rating-breakdown,True,12.8,4.7,6.1,55.1,pass,False,False,"{""playerCoordinates"": {""x"": 12.8, ""y"": 4.7}, ""passEndCoordinates"": {""x"": 6.1, ""y"": 55.1}, ""eventActionType"": ""pass"", ""isHome"": false, ""outcome"": true, ""keypass"": false, ""isLongBall"": true}",True,
1154605,Désiré Doué,15889331,rating-breakdown,passes,passes,,,,Paris Saint-Germain,90.0,,37.6,28.3,51.8,26.7,True,True,1,boolean_field,success,True,,False,False,pass,rating-breakdown,True,37.6,28.3,51.8,26.7,pass,False,False,"{""playerCoordinates"": {""x"": 37.6, ""y"": 28.3}, ""passEndCoordinates"": {""x"": 51.8, ""y"": 26.7}, ""eventActionType"": ""pass"", ""isHome"": false, ""outcome"": true, ""keypass"": false}",,
1154605,Désiré Doué,15889331,rating-breakdown,passes,passes,,,,Paris Saint-Germain,90.0,,55.4,74.6,50.3,69.7,True,True,1,boolean_field,success,True,,False,False,pass,rating-breakdown,True,55.4,74.6,50.3,69.7,pass,False,False,"{""playerCoordinates"": {""x"": 55.4, ""y"": 74.6}, ""passEndCoordinates"": {""x"": 50.3, ""y"": 69.7}, ""eventActionType"": ""pass"", ""isHome"": false, ""outcome"": true, ""keypass"": false}",,
1154605,Désiré Doué,15889331,rating-breakdown,passes,passes,,,,Paris Saint-Germain,90.0,,39,74.4,59.9,84.1,True,True,1,boolean_field,success,True,,False,False,pass,rating-breakdown,True,39,74.4,59.9,84.1,pass,False,False,"{""playerCoordinates"": {""x"": 39, ""y"": 74.4}, ""passEndCoordinates"": {""x"": 59.9, ""y"": 84.1}, ""eventActionType"": ""pass"", ""isHome"": false, ""outcome"": true, ""keypass"": false}",,
1154605,Désiré Doué,15889331,rating-breakdown,passes,passes,,,,Paris Saint-Germain,90.0,,60.7,75.3,64.8,96.2,True,True,1,boolean_field,success,True,,False,False,pass,rating-breakdown,True,60.7,75.3,64.8,96.2,pass,False,False,"{""playerCoordinates"": {""x"": 60.7, ""y"": 75.3}, ""passEndCoordinates"": {""x"": 64.8, ""y"": 96.2}, ""eventActionType"": ""pass"", ""isHome"": false, ""outcome"": true, ""keypass"": false}",,
1154605,Désiré Doué,15889331,rating-breakdown,passes,passes,,,,Paris Saint-Germain,90.0,,57.5,82.3,54.7,71.7,True,True,1,boolean_field,success,True,,False,False,pass,rating-breakdown,True,57.5,82.3,54.7,71.7,pass,False,False,"{""playerCoordinates"": {""x"": 57.5, ""y"": 82.3}, ""passEndCoordinates"": {""x"": 54.7, ""y"": 71.7}, ""eventActionType"": ""pass"", ""isHome"": false, ""outcome"": true, ""keypass"": false}",,
1154605,Désiré Doué,15889331,rating-breakdown,passes,passes,,,,Paris Saint-Germain,90.0,,90.6,75.4,83,93.6,True,True,1,boolean_field,success,True,,False,False,pass,rating-breakdown,True,90.6,75.4,83,93.6,pass,False,False,"{""playerCoordinates"": {""x"": 90.6, ""y"": 75.4}, ""passEndCoordinates"": {""x"": 83, ""y"": 93.6}, ""eventActionType"": ""pass"", ""isHome"": false, ""outcome"": true, ""keypass"": false}",,
1154605,Désiré Doué,15889331,rating-breakdown,passes,passes,,,,Paris Saint-Germain,90.0,,44.9,71.1,43.2,78.5,True,True,1,boolean_field,success,True,,False,False,pass,rating-breakdown,True,44.9,71.1,43.2,78.5,pass,False,False,"{""playerCoordinates"": {""x"": 44.9, ""y"": 71.1}, ""passEndCoordinates"": {""x"": 43.2, ""y"": 78.5}, ""eventActionType"": ""pass"", ""isHome"": false, ""outcome"": true, ""keypass"": false}",,
1154605,Désiré Doué,15889331,rating-breakdown,passes,passes,,,,Paris Saint-Germain,90.0,,67.8,77.2,63.6,75.4,True,True,1,boolean_field,success,True,,False,False,pass,rating-breakdown,True,67.8,77.2,63.6,75.4,pass,False,False,"{""playerCoordinates"": {""x"": 67.8, ""y"": 77.2}, ""passEndCoordinates"": {""x"": 63.6, ""y"": 75.4}, ""eventActionType"": ""pass"", ""isHome"": false, ""outcome"": true, ""keypass"": false}",,
1154605,Désiré Doué,15889331,rating-breakdown,passes,passes,,,,Paris Saint-Germain,90.0,,75.1,76.4,68.3,85,True,True,1,boolean_field,success,True,,False,False,pass,rating-breakdown,True,75.1,76.4,68.3,85,pass,False,False,"{""playerCoordinates"": {""x"": 75.1, ""y"": 76.4}, ""passEndCoordinates"": {""x"": 68.3, ""y"": 85}, ""eventActionType"": ""pass"", ""isHome"": false, ""outcome"": true, ""keypass"": false}",,
1154605,Désiré Doué,15889331,rating-breakdown,passes,passes,,,,Paris Saint-Germain,90.0,,57.2,96,37.1,77.9,True,True,1,boolean_field,success,True,,False,False,pass,rating-breakdown,True,57.2,96,37.1,77.9,pass,False,False,"{""playerCoordinates"": {""x"": 57.2, ""y"": 96}, ""passEndCoordinates"": {""x"": 37.1, ""y"": 77.9}, ""eventActionType"": ""pass"", ""isHome"": false, ""outcome"": true, ""keypass"": false}",,
1154605,Désiré Doué,15889331,rating-breakdown,passes,passes,,,,Paris Saint-Germain,90.0,,76.4,72.6,78.4,35.1,True,True,1,boolean_field,success,True,,False,False,pass,rating-breakdown,True,76.4,72.6,78.4,35.1,pass,False,False,"{""playerCoordinates"": {""x"": 76.4, ""y"": 72.6}, ""passEndCoordinates"": {""x"": 78.4, ""y"": 35.1}, ""eventActionType"": ""pass"", ""isHome"": false, ""outcome"": true, ""keypass"": false}",,
1154605,Désiré Doué,15889331,rating-breakdown,passes,passes,,,,Paris Saint-Germain,90.0,,49,20.4,63.8,3.8,True,True,1,boolean_field,success,True,,False,False,pass,rating-breakdown,True,49,20.4,63.8,3.8,pass,False,False,"{""playerCoordinates"": {""x"": 49, ""y"": 20.4}, ""passEndCoordinates"": {""x"": 63.8, ""y"": 3.8}, ""eventActionType"": ""pass"", ""isHome"": false, ""outcome"": true, ""keypass"": false}",,
1154605,Désiré Doué,15889331,rating-breakdown,passes,passes,,,,Paris Saint-Germain,90.0,,27.7,94.1,42.6,85.9,True,True,1,boolean_field,success,True,,False,False,pass,rating-breakdown,True,27.7,94.1,42.6,85.9,pass,False,False,"{""playerCoordinates"": {""x"": 27.7, ""y"": 94.1}, ""passEndCoordinates"": {""x"": 42.6, ""y"": 85.9}, ""eventActionType"": ""pass"", ""isHome"": false, ""outcome"": true, ""keypass"": false}",,
1154605,Désiré Doué,15889331,rating-breakdown,passes,passes,,,,Paris Saint-Germain,90.0,,56.6,84.2,44.2,79.3,True,True,1,boolean_field,success,True,,False,False,pass,rating-breakdown,True,56.6,84.2,44.2,79.3,pass,False,False,"{""playerCoordinates"": {""x"": 56.6, ""y"": 84.2}, ""passEndCoordinates"": {""x"": 44.2, ""y"": 79.3}, ""eventActionType"": ""pass"", ""isHome"": false, ""outcome"": true, ""keypass"": false}",,
1154605,Désiré Doué,15889331,rating-breakdown,passes,passes,,,,Paris Saint-Germain,90.0,,55.2,54.8,61.9,23.3,True,True,1,boolean_field,success,True,,False,False,pass,rating-breakdown,True,55.2,54.8,61.9,23.3,pass,False,False,"{""playerCoordinates"": {""x"": 55.2, ""y"": 54.8}, ""passEndCoordinates"": {""x"": 61.9, ""y"": 23.3}, ""eventActionType"": ""pass"", ""isHome"": false, ""outcome"": true, ""keypass"": false}",,
1154605,Désiré Doué,15889331,rating-breakdown,passes,passes,,,,Paris Saint-Germain,90.0,,67.1,14.6,59.2,10.4,True,True,1,boolean_field,success,True,,False,False,pass,rating-breakdown,True,67.1,14.6,59.2,10.4,pass,False,False,"{""playerCoordinates"": {""x"": 67.1, ""y"": 14.6}, ""passEndCoordinates"": {""x"": 59.2, ""y"": 10.4}, ""eventActionType"": ""pass"", ""isHome"": false, ""outcome"": true, ""keypass"": false}",,
1154605,Désiré Doué,15889331,rating-breakdown,passes,passes,,,,Paris Saint-Germain,90.0,,61.7,6.5,70.3,29.4,True,True,1,boolean_field,success,True,,False,False,pass,rating-breakdown,True,61.7,6.5,70.3,29.4,pass,False,False,"{""playerCoordinates"": {""x"": 61.7, ""y"": 6.5}, ""passEndCoordinates"": {""x"": 70.3, ""y"": 29.4}, ""eventActionType"": ""pass"", ""isHome"": false, ""outcome"": true, ""keypass"": false}",,
1154605,Désiré Doué,15889331,rating-breakdown,passes,passes,,,,Paris Saint-Germain,90.0,,42.6,8,7.7,48.1,True,True,1,boolean_field,success,True,,False,False,pass,rating-breakdown,True,42.6,8,7.7,48.1,pass,False,False,"{""playerCoordinates"": {""x"": 42.6, ""y"": 8}, ""passEndCoordinates"": {""x"": 7.7, ""y"": 48.1}, ""eventActionType"": ""pass"", ""isHome"": false, ""outcome"": true, ""keypass"": false, ""isLongBall"": true}",True,
1154605,Désiré Doué,15889331,rating-breakdown,passes,passes,,,,Paris Saint-Germain,90.0,,35.3,76.4,32.6,92.4,True,True,1,boolean_field,success,True,,False,False,pass,rating-breakdown,True,35.3,76.4,32.6,92.4,pass,False,False,"{""playerCoordinates"": {""x"": 35.3, ""y"": 76.4}, ""passEndCoordinates"": {""x"": 32.6, ""y"": 92.4}, ""eventActionType"": ""pass"", ""isHome"": false, ""outcome"": true, ""keypass"": false}",,
1154605,Désiré Doué,15889331,rating-breakdown,passes,passes,,,,Paris Saint-Germain,90.0,,34.4,70.6,29,75.3,True,True,1,boolean_field,success,True,,False,False,pass,rating-breakdown,True,34.4,70.6,29,75.3,pass,False,False,"{""playerCoordinates"": {""x"": 34.4, ""y"": 70.6}, ""passEndCoordinates"": {""x"": 29, ""y"": 75.3}, ""eventActionType"": ""pass"", ""isHome"": false, ""outcome"": true, ""keypass"": false}",,
1154605,Désiré Doué,15889331,rating-breakdown,passes,passes,,,,Paris Saint-Germain,90.0,,36.6,66.3,35.3,54.5,True,True,1,boolean_field,success,True,,False,False,pass,rating-breakdown,True,36.6,66.3,35.3,54.5,pass,False,False,"{""playerCoordinates"": {""x"": 36.6, ""y"": 66.3}, ""passEndCoordinates"": {""x"": 35.3, ""y"": 54.5}, ""eventActionType"": ""pass"", ""isHome"": false, ""outcome"": true, ""keypass"": false}",,
1154605,Désiré Doué,15889331,rating-breakdown,passes,passes,,,,Paris Saint-Germain,90.0,,39.4,80.8,30.1,88,True,True,1,boolean_field,success,True,,False,False,pass,rating-breakdown,True,39.4,80.8,30.1,88,pass,False,False,"{""playerCoordinates"": {""x"": 39.4, ""y"": 80.8}, ""passEndCoordinates"": {""x"": 30.1, ""y"": 88}, ""eventActionType"": ""pass"", ""isHome"": false, ""outcome"": true, ""keypass"": false}",,
1154605,Désiré Doué,15889331,rating-breakdown,passes,passes,,,,Paris Saint-Germain,90.0,,39.3,36.4,44.1,63.4,True,True,1,boolean_field,success,True,,False,False,pass,rating-breakdown,True,39.3,36.4,44.1,63.4,pass,False,False,"{""playerCoordinates"": {""x"": 39.3, ""y"": 36.4}, ""passEndCoordinates"": {""x"": 44.1, ""y"": 63.4}, ""eventActionType"": ""pass"", ""isHome"": false, ""outcome"": true, ""keypass"": false}",,
1154605,Désiré Doué,15889331,rating-breakdown,passes,passes,,,,Paris Saint-Germain,90.0,,58.4,10.7,80.3,37.4,,,,unresolvable,,,,False,False,pass,rating-breakdown,True,58.4,10.7,80.3,37.4,pass,False,False,"{""playerCoordinates"": {""x"": 58.4, ""y"": 10.7}, ""passEndCoordinates"": {""x"": 80.3, ""y"": 37.4}, ""eventActionType"": ""pass"", ""isHome"": false, ""keypass"": false}",,
1154605,Désiré Doué,15889331,rating-breakdown,passes,passes,,,,Paris Saint-Germain,90.0,,65.3,6.4,59.9,13.1,,,,unresolvable,,,,False,False,pass,rating-breakdown,True,65.3,6.4,59.9,13.1,pass,False,False,"{""playerCoordinates"": {""x"": 65.3, ""y"": 6.4}, ""passEndCoordinates"": {""x"": 59.9, ""y"": 13.1}, ""eventActionType"": ""pass"", ""isHome"": false, ""keypass"": false}",,
1154605,Désiré Doué,15889331,rating-breakdown,passes,passes,,,,Paris Saint-Germain,90.0,,34.2,11.9,42.1,18.3,,,,unresolvable,,,,False,False,pass,rating-breakdown,True,34.2,11.9,42.1,18.3,pass,False,False,"{""playerCoordinates"": {""x"": 34.2, ""y"": 11.9}, ""passEndCoordinates"": {""x"": 42.1, ""y"": 18.3}, ""eventActionType"": ""pass"", ""isHome"": false, ""keypass"": false}",,
1154605,Désiré Doué,15889331,rating-breakdown,passes,passes,,,,Paris Saint-Germain,90.0,,43.7,93.8,44.8,79.9,True,True,1,boolean_field,success,True,,False,False,pass,rating-breakdown,True,43.7,93.8,44.8,79.9,pass,False,False,"{""playerCoordinates"": {""x"": 43.7, ""y"": 93.8}, ""passEndCoordinates"": {""x"": 44.8, ""y"": 79.9}, ""eventActionType"": ""pass"", ""isHome"": false, ""outcome"": true, ""keypass"": false}",,
1154605,Désiré Doué,15889331,rating-breakdown,passes,passes,,,,Paris Saint-Germain,90.0,,63.5,94.8,39.5,83.5,True,True,1,boolean_field,success,True,,False,False,pass,rating-breakdown,True,63.5,94.8,39.5,83.5,pass,False,False,"{""playerCoordinates"": {""x"": 63.5, ""y"": 94.8}, ""passEndCoordinates"": {""x"": 39.5, ""y"": 83.5}, ""eventActionType"": ""pass"", ""isHome"": false, ""outcome"": true, ""keypass"": false}",,
1154605,Désiré Doué,15889331,rating-breakdown,passes,passes,,,,Paris Saint-Germain,90.0,,60.3,86.9,64.6,76.9,True,True,1,boolean_field,success,True,,False,False,pass,rating-breakdown,True,60.3,86.9,64.6,76.9,pass,False,False,"{""playerCoordinates"": {""x"": 60.3, ""y"": 86.9}, ""passEndCoordinates"": {""x"": 64.6, ""y"": 76.9}, ""eventActionType"": ""pass"", ""isHome"": false, ""outcome"": true, ""keypass"": false}",,
1154605,Désiré Doué,15889331,rating-breakdown,passes,passes,,,,Paris Saint-Germain,90.0,,77.9,25.9,84.4,45.6,True,True,1,boolean_field,success,True,,True,True,assist,rating-breakdown,True,77.9,25.9,84.4,45.6,pass,False,True,"{""playerCoordinates"": {""x"": 77.9, ""y"": 25.9}, ""passEndCoordinates"": {""x"": 84.4, ""y"": 45.6}, ""eventActionType"": ""pass"", ""isHome"": false, ""outcome"": true, ""keypass"": true, ""isAssist"": true}",,True
1154605,Désiré Doué,15889331,rating-breakdown,ball-carries,ball-carries,,,,Paris Saint-Germain,90.0,,18.5,89.7,22.6,85.7,,,,unresolvable,,,,False,False,,rating-breakdown,True,18.5,89.7,22.6,85.7,ball-carry,False,,"{""playerCoordinates"": {""x"": 18.5, ""y"": 89.7}, ""passEndCoordinates"": {""x"": 22.6, ""y"": 85.7}, ""eventActionType"": ""ball-carry"", ""isHome"": false}",,
1154605,Désiré Doué,15889331,rating-breakdown,ball-carries,ball-carries,,,,Paris Saint-Germain,90.0,,47.1,15.2,42.4,17.3,,,,unresolvable,,,,False,False,,rating-breakdown,True,47.1,15.2,42.4,17.3,ball-carry,False,,"{""playerCoordinates"": {""x"": 47.1, ""y"": 15.2}, ""passEndCoordinates"": {""x"": 42.4, ""y"": 17.3}, ""eventActionType"": ""ball-carry"", ""isHome"": false}",,
1154605,Désiré Doué,15889331,rating-breakdown,ball-carries,ball-carries,,,,Paris Saint-Germain,90.0,,66.3,43.4,70.2,32.8,,,,unresolvable,,,,False,False,,rating-breakdown,True,66.3,43.4,70.2,32.8,ball-carry,False,,"{""playerCoordinates"": {""x"": 66.3, ""y"": 43.4}, ""passEndCoordinates"": {""x"": 70.2, ""y"": 32.8}, ""eventActionType"": ""ball-carry"", ""isHome"": false}",,
1154605,Désiré Doué,15889331,rating-breakdown,ball-carries,ball-carries,,,,Paris Saint-Germain,90.0,,67.1,65.8,69.8,67.7,,,,unresolvable,,,,False,False,,rating-breakdown,True,67.1,65.8,69.8,67.7,ball-carry,False,,"{""playerCoordinates"": {""x"": 67.1, ""y"": 65.8}, ""passEndCoordinates"": {""x"": 69.8, ""y"": 67.7}, ""eventActionType"": ""ball-carry"", ""isHome"": false}",,
1154605,Désiré Doué,15889331,rating-breakdown,ball-carries,ball-carries,,,,Paris Saint-Germain,90.0,,39.2,68.2,44.6,69.5,,,,unresolvable,,,,False,False,,rating-breakdown,True,39.2,68.2,44.6,69.5,ball-carry,False,,"{""playerCoordinates"": {""x"": 39.2, ""y"": 68.2}, ""passEndCoordinates"": {""x"": 44.6, ""y"": 69.5}, ""eventActionType"": ""ball-carry"", ""isHome"": false}",,
1154605,Désiré Doué,15889331,rating-breakdown,ball-carries,ball-carries,,,,Paris Saint-Germain,90.0,,68.3,75.7,72.6,69.9,,,,unresolvable,,,,False,False,,rating-breakdown,True,68.3,75.7,72.6,69.9,ball-carry,False,,"{""playerCoordinates"": {""x"": 68.3, ""y"": 75.7}, ""passEndCoordinates"": {""x"": 72.6, ""y"": 69.9}, ""eventActionType"": ""ball-carry"", ""isHome"": false}",,
1154605,Désiré Doué,15889331,rating-breakdown,ball-carries,ball-carries,,,,Paris Saint-Germain,90.0,,64.5,59.9,60.6,61.2,,,,unresolvable,,,,False,False,,rating-breakdown,True,64.5,59.9,60.6,61.2,ball-carry,False,,"{""playerCoordinates"": {""x"": 64.5, ""y"": 59.9}, ""passEndCoordinates"": {""x"": 60.6, ""y"": 61.2}, ""eventActionType"": ""ball-carry"", ""isHome"": false}",,
1154605,Désiré Doué,15889331,rating-breakdown,ball-carries,ball-carries,,,,Paris Saint-Germain,90.0,,60.4,70.5,52.8,51.6,,,,unresolvable,,,,False,False,,rating-breakdown,True,60.4,70.5,52.8,51.6,ball-carry,False,,"{""playerCoordinates"": {""x"": 60.4, ""y"": 70.5}, ""passEndCoordinates"": {""x"": 52.8, ""y"": 51.6}, ""eventActionType"": ""ball-carry"", ""isHome"": false}",,
1154605,Désiré Doué,15889331,rating-breakdown,ball-carries,ball-carries,,,,Paris Saint-Germain,90.0,,10.2,82.9,4,83.2,,,,unresolvable,,,,False,False,,rating-breakdown,True,10.2,82.9,4,83.2,ball-carry,False,,"{""playerCoordinates"": {""x"": 10.2, ""y"": 82.9}, ""passEndCoordinates"": {""x"": 4, ""y"": 83.2}, ""eventActionType"": ""ball-carry"", ""isHome"": false}",,
1154605,Désiré Doué,15889331,rating-breakdown,ball-carries,ball-carries,,,,Paris Saint-Germain,90.0,,26.5,47.9,32,34.3,,,,unresolvable,,,,False,False,,rating-breakdown,True,26.5,47.9,32,34.3,ball-carry,False,,"{""playerCoordinates"": {""x"": 26.5, ""y"": 47.9}, ""passEndCoordinates"": {""x"": 32, ""y"": 34.3}, ""eventActionType"": ""ball-carry"", ""isHome"": false}",,
1154605,Désiré Doué,15889331,rating-breakdown,ball-carries,ball-carries,,,,Paris Saint-Germain,90.0,,20.3,81.8,16,87.7,,,,unresolvable,,,,False,False,,rating-breakdown,True,20.3,81.8,16,87.7,ball-carry,False,,"{""playerCoordinates"": {""x"": 20.3, ""y"": 81.8}, ""passEndCoordinates"": {""x"": 16, ""y"": 87.7}, ""eventActionType"": ""ball-carry"", ""isHome"": false}",,
1154605,Désiré Doué,15889331,rating-breakdown,ball-carries,ball-carries,,,,Paris Saint-Germain,90.0,,48.1,70,62,72.6,,,,unresolvable,,,,False,False,,rating-breakdown,True,48.1,70,62,72.6,ball-carry,False,,"{""playerCoordinates"": {""x"": 48.1, ""y"": 70}, ""passEndCoordinates"": {""x"": 62, ""y"": 72.6}, ""eventActionType"": ""ball-carry"", ""isHome"": false}",,
1154605,Désiré Doué,15889331,rating-breakdown,ball-carries,ball-carries,,,,Paris Saint-Germain,90.0,,61.7,72.9,67.8,56.6,,,,unresolvable,,,,False,False,,rating-breakdown,True,61.7,72.9,67.8,56.6,ball-carry,False,,"{""playerCoordinates"": {""x"": 61.7, ""y"": 72.9}, ""passEndCoordinates"": {""x"": 67.8, ""y"": 56.6}, ""eventActionType"": ""ball-carry"", ""isHome"": false}",,
1154605,Désiré Doué,15889331,rating-breakdown,ball-carries,ball-carries,,,,Paris Saint-Germain,90.0,,18.1,6.2,12.8,4.7,,,,unresolvable,,,,False,False,,rating-breakdown,True,18.1,6.2,12.8,4.7,ball-carry,False,,"{""playerCoordinates"": {""x"": 18.1, ""y"": 6.2}, ""passEndCoordinates"": {""x"": 12.8, ""y"": 4.7}, ""eventActionType"": ""ball-carry"", ""isHome"": false}",,
1154605,Désiré Doué,15889331,rating-breakdown,ball-carries,ball-carries,,,,Paris Saint-Germain,90.0,,52.1,66,60.8,41.3,,,,unresolvable,,,,False,False,,rating-breakdown,True,52.1,66,60.8,41.3,ball-carry,False,,"{""playerCoordinates"": {""x"": 52.1, ""y"": 66}, ""passEndCoordinates"": {""x"": 60.8, ""y"": 41.3}, ""eventActionType"": ""ball-carry"", ""isHome"": false}",,
1154605,Désiré Doué,15889331,rating-breakdown,ball-carries,ball-carries,,,,Paris Saint-Germain,90.0,,90.3,80.5,90.6,75.4,,,,unresolvable,,,,False,False,,rating-breakdown,True,90.3,80.5,90.6,75.4,ball-carry,False,,"{""playerCoordinates"": {""x"": 90.3, ""y"": 80.5}, ""passEndCoordinates"": {""x"": 90.6, ""y"": 75.4}, ""eventActionType"": ""ball-carry"", ""isHome"": false}",,
1154605,Désiré Doué,15889331,rating-breakdown,ball-carries,ball-carries,,,,Paris Saint-Germain,90.0,,41.7,21.9,49,20.4,,,,unresolvable,,,,False,False,,rating-breakdown,True,41.7,21.9,49,20.4,ball-carry,False,,"{""playerCoordinates"": {""x"": 41.7, ""y"": 21.9}, ""passEndCoordinates"": {""x"": 49, ""y"": 20.4}, ""eventActionType"": ""ball-carry"", ""isHome"": false}",,
1154605,Désiré Doué,15889331,rating-breakdown,ball-carries,ball-carries,,,,Paris Saint-Germain,90.0,,61,93.5,56.6,84.2,,,,unresolvable,,,,False,False,,rating-breakdown,True,61,93.5,56.6,84.2,ball-carry,False,,"{""playerCoordinates"": {""x"": 61, ""y"": 93.5}, ""passEndCoordinates"": {""x"": 56.6, ""y"": 84.2}, ""eventActionType"": ""ball-carry"", ""isHome"": false}",,
1154605,Désiré Doué,15889331,rating-breakdown,ball-carries,ball-carries,,,,Paris Saint-Germain,90.0,,57.2,65.1,55.2,54.8,,,,unresolvable,,,,False,False,,rating-breakdown,True,57.2,65.1,55.2,54.8,ball-carry,False,,"{""playerCoordinates"": {""x"": 57.2, ""y"": 65.1}, ""passEndCoordinates"": {""x"": 55.2, ""y"": 54.8}, ""eventActionType"": ""ball-carry"", ""isHome"": false}",,
1154605,Désiré Doué,15889331,rating-breakdown,ball-carries,ball-carries,,,,Paris Saint-Germain,90.0,,20.1,92.6,24.8,92.2,,,,unresolvable,,,,False,False,,rating-breakdown,True,20.1,92.6,24.8,92.2,ball-carry,False,,"{""playerCoordinates"": {""x"": 20.1, ""y"": 92.6}, ""passEndCoordinates"": {""x"": 24.8, ""y"": 92.2}, ""eventActionType"": ""ball-carry"", ""isHome"": false}",,
1154605,Désiré Doué,15889331,rating-breakdown,ball-carries,ball-carries,,,,Paris Saint-Germain,90.0,,11.2,91.8,18.6,92.2,,,,unresolvable,,,,False,False,,rating-breakdown,True,11.2,91.8,18.6,92.2,ball-carry,False,,"{""playerCoordinates"": {""x"": 11.2, ""y"": 91.8}, ""passEndCoordinates"": {""x"": 18.6, ""y"": 92.2}, ""eventActionType"": ""ball-carry"", ""isHome"": false}",,
1154605,Désiré Doué,15889331,rating-breakdown,ball-carries,ball-carries,,,,Paris Saint-Germain,90.0,,41.4,75.6,35.3,76.4,,,,unresolvable,,,,False,False,,rating-breakdown,True,41.4,75.6,35.3,76.4,ball-carry,False,,"{""playerCoordinates"": {""x"": 41.4, ""y"": 75.6}, ""passEndCoordinates"": {""x"": 35.3, ""y"": 76.4}, ""eventActionType"": ""ball-carry"", ""isHome"": false}",,
1154605,Désiré Doué,15889331,rating-breakdown,ball-carries,ball-carries,,,,Paris Saint-Germain,90.0,,34.2,36.1,39.3,36.4,,,,unresolvable,,,,False,False,,rating-breakdown,True,34.2,36.1,39.3,36.4,ball-carry,False,,"{""playerCoordinates"": {""x"": 34.2, ""y"": 36.1}, ""passEndCoordinates"": {""x"": 39.3, ""y"": 36.4}, ""eventActionType"": ""ball-carry"", ""isHome"": false}",,
1154605,Désiré Doué,15889331,rating-breakdown,ball-carries,ball-carries,,,,Paris Saint-Germain,90.0,,58.6,6.2,58.4,10.7,,,,unresolvable,,,,False,False,,rating-breakdown,True,58.6,6.2,58.4,10.7,ball-carry,False,,"{""playerCoordinates"": {""x"": 58.6, ""y"": 6.2}, ""passEndCoordinates"": {""x"": 58.4, ""y"": 10.7}, ""eventActionType"": ""ball-carry"", ""isHome"": false}",,
1154605,Désiré Doué,15889331,rating-breakdown,ball-carries,ball-carries,,,,Paris Saint-Germain,90.0,,68.4,93.9,63.5,94.8,,,,unresolvable,,,,False,False,,rating-breakdown,True,68.4,93.9,63.5,94.8,ball-carry,False,,"{""playerCoordinates"": {""x"": 68.4, ""y"": 93.9}, ""passEndCoordinates"": {""x"": 63.5, ""y"": 94.8}, ""eventActionType"": ""ball-carry"", ""isHome"": false}",,
1154605,Désiré Doué,15889331,rating-breakdown,ball-carries,ball-carries,,,,Paris Saint-Germain,90.0,,60.5,87.8,66.4,88.3,,,,unresolvable,,,,False,False,,rating-breakdown,True,60.5,87.8,66.4,88.3,ball-carry,False,,"{""playerCoordinates"": {""x"": 60.5, ""y"": 87.8}, ""passEndCoordinates"": {""x"": 66.4, ""y"": 88.3}, ""eventActionType"": ""ball-carry"", ""isHome"": false}",,
1154605,Désiré Doué,15889331,rating-breakdown,ball-carries,ball-carries,,,,Paris Saint-Germain,90.0,,73.5,20,77.9,25.9,,,,unresolvable,,,,False,False,,rating-breakdown,True,73.5,20,77.9,25.9,ball-carry,False,,"{""playerCoordinates"": {""x"": 73.5, ""y"": 20}, ""passEndCoordinates"": {""x"": 77.9, ""y"": 25.9}, ""eventActionType"": ""ball-carry"", ""isHome"": false}",,
1154605,Désiré Doué,15889331,rating-breakdown,dribbles,dribbles,,,,Paris Saint-Germain,90.0,,79.9,63.8,,,,,,unresolvable,,,,False,False,,rating-breakdown,True,79.9,63.8,,,dribble,False,False,"{""playerCoordinates"": {""x"": 79.9, ""y"": 63.8}, ""eventActionType"": ""dribble"", ""isHome"": false, ""keypass"": false}",,
1154605,Désiré Doué,15889331,rating-breakdown,dribbles,dribbles,,,,Paris Saint-Germain,90.0,,68,59.8,,,True,True,1,boolean_field,success,,True,False,False,,rating-breakdown,True,68,59.8,,,dribble,False,False,"{""playerCoordinates"": {""x"": 68, ""y"": 59.8}, ""eventActionType"": ""dribble"", ""isHome"": false, ""outcome"": true, ""keypass"": false}",,
1154605,Désiré Doué,15889331,rating-breakdown,dribbles,dribbles,,,,Paris Saint-Germain,90.0,,31.7,26.4,,,True,True,1,boolean_field,success,,True,False,False,,rating-breakdown,True,31.7,26.4,,,dribble,False,False,"{""playerCoordinates"": {""x"": 31.7, ""y"": 26.4}, ""eventActionType"": ""dribble"", ""isHome"": false, ""outcome"": true, ""keypass"": false}",,
1154605,Désiré Doué,15889331,rating-breakdown,dribbles,dribbles,,,,Paris Saint-Germain,90.0,,62.7,50.9,,,,,,unresolvable,,,,False,False,,rating-breakdown,True,62.7,50.9,,,dribble,False,False,"{""playerCoordinates"": {""x"": 62.7, ""y"": 50.9}, ""eventActionType"": ""dribble"", ""isHome"": false, ""keypass"": false}",,
1154605,Désiré Doué,15889331,rating-breakdown,dribbles,dribbles,,,,Paris Saint-Germain,90.0,,24.8,92.2,,,,,,unresolvable,,,,False,False,,rating-breakdown,True,24.8,92.2,,,dribble,False,False,"{""playerCoordinates"": {""x"": 24.8, ""y"": 92.2}, ""eventActionType"": ""dribble"", ""isHome"": false, ""keypass"": false}",,
1154605,Désiré Doué,15889331,rating-breakdown,dribbles,dribbles,,,,Paris Saint-Germain,90.0,,18.6,92.2,,,,,,unresolvable,,,,False,False,,rating-breakdown,True,18.6,92.2,,,dribble,False,False,"{""playerCoordinates"": {""x"": 18.6, ""y"": 92.2}, ""eventActionType"": ""dribble"", ""isHome"": false, ""keypass"": false}",,
1154605,Désiré Doué,15889331,rating-breakdown,dribbles,dribbles,,,,Paris Saint-Germain,90.0,,66.4,88.3,,,True,True,1,boolean_field,success,,True,False,False,,rating-breakdown,True,66.4,88.3,,,dribble,False,False,"{""playerCoordinates"": {""x"": 66.4, ""y"": 88.3}, ""eventActionType"": ""dribble"", ""isHome"": false, ""outcome"": true, ""keypass"": false}",,
1154605,Désiré Doué,15889331,rating-breakdown,defensive,defensive,,,,Paris Saint-Germain,90.0,,18.5,89.7,,,True,True,1,boolean_field,success,,True,False,False,,rating-breakdown,True,18.5,89.7,,,ball-recovery,False,False,"{""playerCoordinates"": {""x"": 18.5, ""y"": 89.7}, ""eventActionType"": ""ball-recovery"", ""isHome"": false, ""outcome"": true, ""keypass"": false}",,
1154605,Désiré Doué,15889331,rating-breakdown,defensive,defensive,,,,Paris Saint-Germain,90.0,,45.2,58.1,,,True,True,1,boolean_field,success,,True,False,False,,rating-breakdown,True,45.2,58.1,,,interception,False,False,"{""playerCoordinates"": {""x"": 45.2, ""y"": 58.1}, ""eventActionType"": ""interception"", ""isHome"": false, ""outcome"": true, ""keypass"": false}",,
1154605,Désiré Doué,15889331,rating-breakdown,defensive,defensive,,,,Paris Saint-Germain,90.0,,39.2,68.2,,,True,True,1,boolean_field,success,,True,False,False,,rating-breakdown,True,39.2,68.2,,,ball-recovery,False,False,"{""playerCoordinates"": {""x"": 39.2, ""y"": 68.2}, ""eventActionType"": ""ball-recovery"", ""isHome"": false, ""outcome"": true, ""keypass"": false}",,
1154605,Désiré Doué,15889331,rating-breakdown,defensive,defensive,,,,Paris Saint-Germain,90.0,,10.2,82.9,,,True,True,1,boolean_field,success,,True,False,False,,rating-breakdown,True,10.2,82.9,,,ball-recovery,False,False,"{""playerCoordinates"": {""x"": 10.2, ""y"": 82.9}, ""eventActionType"": ""ball-recovery"", ""isHome"": false, ""outcome"": true, ""keypass"": false}",,
1154605,Désiré Doué,15889331,rating-breakdown,defensive,defensive,,,,Paris Saint-Germain,90.0,,17.7,59.5,,,True,True,1,boolean_field,success,,True,False,False,,rating-breakdown,True,17.7,59.5,,,interception,False,False,"{""playerCoordinates"": {""x"": 17.7, ""y"": 59.5}, ""eventActionType"": ""interception"", ""isHome"": false, ""outcome"": true, ""keypass"": false}",,
1154605,Désiré Doué,15889331,rating-breakdown,defensive,defensive,,,,Paris Saint-Germain,90.0,,20.3,81.8,,,True,True,1,boolean_field,success,,True,False,False,,rating-breakdown,True,20.3,81.8,,,ball-recovery,False,False,"{""playerCoordinates"": {""x"": 20.3, ""y"": 81.8}, ""eventActionType"": ""ball-recovery"", ""isHome"": false, ""outcome"": true, ""keypass"": false}",,
1154605,Désiré Doué,15889331,rating-breakdown,defensive,defensive,,,,Paris Saint-Germain,90.0,,45.6,98.3,,,,,,unresolvable,,,,False,False,,rating-breakdown,True,45.6,98.3,,,tackle,False,False,"{""playerCoordinates"": {""x"": 45.6, ""y"": 98.3}, ""eventActionType"": ""tackle"", ""isHome"": false, ""keypass"": false}",,
1154605,Désiré Doué,15889331,rating-breakdown,defensive,defensive,,,,Paris Saint-Germain,90.0,,60.8,63.4,,,True,True,1,boolean_field,success,,True,False,False,,rating-breakdown,True,60.8,63.4,,,ball-recovery,False,False,"{""playerCoordinates"": {""x"": 60.8, ""y"": 63.4}, ""eventActionType"": ""ball-recovery"", ""isHome"": false, ""outcome"": true, ""keypass"": false}",,
1154605,Désiré Doué,15889331,rating-breakdown,defensive,defensive,,,,Paris Saint-Germain,90.0,,51.6,70.5,,,True,True,1,boolean_field,success,,True,False,False,,rating-breakdown,True,51.6,70.5,,,interception,False,False,"{""playerCoordinates"": {""x"": 51.6, ""y"": 70.5}, ""eventActionType"": ""interception"", ""isHome"": false, ""outcome"": true, ""keypass"": false}",,
1154605,Désiré Doué,15889331,rating-breakdown,defensive,defensive,,,,Paris Saint-Germain,90.0,,52.1,66,,,True,True,1,boolean_field,success,,True,False,False,,rating-breakdown,True,52.1,66,,,ball-recovery,False,False,"{""playerCoordinates"": {""x"": 52.1, ""y"": 66}, ""eventActionType"": ""ball-recovery"", ""isHome"": false, ""outcome"": true, ""keypass"": false}",,
1154605,Désiré Doué,15889331,rating-breakdown,defensive,defensive,,,,Paris Saint-Germain,90.0,,37.8,31,61.9,23.3,True,True,1,boolean_field,success,,True,False,False,,rating-breakdown,True,37.8,31,61.9,23.3,clearance,False,False,"{""playerCoordinates"": {""x"": 37.8, ""y"": 31}, ""passEndCoordinates"": {""x"": 61.9, ""y"": 23.3}, ""eventActionType"": ""clearance"", ""isHome"": false, ""outcome"": true, ""keypass"": false}",,
1154605,Désiré Doué,15889331,rating-breakdown,defensive,defensive,,,,Paris Saint-Germain,90.0,,11.2,91.8,,,True,True,1,boolean_field,success,,True,False,False,,rating-breakdown,True,11.2,91.8,,,ball-recovery,False,False,"{""playerCoordinates"": {""x"": 11.2, ""y"": 91.8}, ""eventActionType"": ""ball-recovery"", ""isHome"": false, ""outcome"": true, ""keypass"": false}",,
1154605,Désiré Doué,15889331,rating-breakdown,defensive,defensive,,,,Paris Saint-Germain,90.0,,9.8,62.7,24.5,80,True,True,1,boolean_field,success,,True,False,False,,rating-breakdown,True,9.8,62.7,24.5,80,clearance,False,False,"{""playerCoordinates"": {""x"": 9.8, ""y"": 62.7}, ""passEndCoordinates"": {""x"": 24.5, ""y"": 80}, ""eventActionType"": ""clearance"", ""isHome"": false, ""outcome"": true, ""keypass"": false}",,
1154605,Désiré Doué,15889331,rating-breakdown,defensive,defensive,,,,Paris Saint-Germain,90.0,,65.8,7.9,,,True,True,1,boolean_field,success,,True,False,False,,rating-breakdown,True,65.8,7.9,,,ball-recovery,False,False,"{""playerCoordinates"": {""x"": 65.8, ""y"": 7.9}, ""eventActionType"": ""ball-recovery"", ""isHome"": false, ""outcome"": true, ""keypass"": false}",,
1154605,Désiré Doué,15889331,rating-breakdown,defensive,defensive,,,,Paris Saint-Germain,90.0,,7.5,87.8,,,True,True,1,boolean_field,success,,True,False,False,,rating-breakdown,True,7.5,87.8,,,tackle,False,False,"{""playerCoordinates"": {""x"": 7.5, ""y"": 87.8}, ""eventActionType"": ""tackle"", ""isHome"": false, ""outcome"": true, ""keypass"": false}",,
1154605,Désiré Doué,15889331,rating-breakdown,defensive,defensive,,,,Paris Saint-Germain,90.0,,28,33.4,62.5,11,True,True,1,boolean_field,success,,True,False,False,,rating-breakdown,True,28,33.4,62.5,11,clearance,False,False,"{""playerCoordinates"": {""x"": 28, ""y"": 33.4}, ""passEndCoordinates"": {""x"": 62.5, ""y"": 11}, ""eventActionType"": ""clearance"", ""isHome"": false, ""outcome"": true, ""keypass"": false}",,
