player_id,player_name,event_id,endpoint,category,action_type,match_date,home_team,away_team,team,minutes_played_matchlog,minute,x,y,end_x,end_y,success,successful,success_flag,success_source,outcome,accurate,won,_endpoint,endpoint_available,playerCoordinates_x,playerCoordinates_y,passEndCoordinates_x,passEndCoordinates_y,eventActionType,isHome,keypass,isLongBall,isAssist
1171451,Nico Paz,13981423,rating-breakdown,passes,passes,,,,Como,78.0,,50,50,40,43.4,True,True,1,boolean_field,success,True,,rating-breakdown,True,50,50,40,43.4,pass,True,False,,
1171451,Nico Paz,13981423,rating-breakdown,passes,passes,,,,Como,78.0,,51.2,48.1,46.4,40.9,True,True,1,boolean_field,success,True,,rating-breakdown,True,51.2,48.1,46.4,40.9,pass,True,False,,
1171451,Nico Paz,13981423,rating-breakdown,passes,passes,,,,Como,78.0,,53.1,38.6,46.5,41,True,True,1,boolean_field,success,True,,rating-breakdown,True,53.1,38.6,46.5,41,pass,True,False,,
1171451,Nico Paz,13981423,rating-breakdown,passes,passes,,,,Como,78.0,,59.4,85.2,60.6,86.4,,,,unresolvable,,,,rating-breakdown,True,59.4,85.2,60.6,86.4,pass,True,False,,
1171451,Nico Paz,13981423,rating-breakdown,passes,passes,,,,Como,78.0,,57.3,27.2,63.4,24.4,True,True,1,boolean_field,success,True,,rating-breakdown,True,57.3,27.2,63.4,24.4,pass,True,False,,
1171451,Nico Paz,13981423,rating-breakdown,passes,passes,,,,Como,78.0,,75,55.8,86.4,73.8,True,True,1,boolean_field,success,True,,rating-breakdown,True,75,55.8,86.4,73.8,pass,True,False,,
1171451,Nico Paz,13981423,rating-breakdown,passes,passes,,,,Como,78.0,,77,45.5,79.8,40.4,,,,unresolvable,,,,rating-breakdown,True,77,45.5,79.8,40.4,pass,True,False,,
1171451,Nico Paz,13981423,rating-breakdown,passes,passes,,,,Como,78.0,,78.8,38.9,85.4,22.3,True,True,1,boolean_field,success,True,,rating-breakdown,True,78.8,38.9,85.4,22.3,pass,True,False,,
1171451,Nico Paz,13981423,rating-breakdown,passes,passes,,,,Como,78.0,,30.6,49.7,25.8,58.7,True,True,1,boolean_field,success,True,,rating-breakdown,True,30.6,49.7,25.8,58.7,pass,True,False,,
1171451,Nico Paz,13981423,rating-breakdown,passes,passes,,,,Como,78.0,,41.9,12.2,35.2,4,True,True,1,boolean_field,success,True,,rating-breakdown,True,41.9,12.2,35.2,4,pass,True,False,,
1171451,Nico Paz,13981423,rating-breakdown,passes,passes,,,,Como,78.0,,88.3,8.6,89.4,11.2,,,,unresolvable,,,,rating-breakdown,True,88.3,8.6,89.4,11.2,pass,True,False,,
1171451,Nico Paz,13981423,rating-breakdown,passes,passes,,,,Como,78.0,,76.7,25.1,74.5,30.8,True,True,1,boolean_field,success,True,,rating-breakdown,True,76.7,25.1,74.5,30.8,pass,True,False,,
1171451,Nico Paz,13981423,rating-breakdown,passes,passes,,,,Como,78.0,,72.8,39.4,85.5,82.4,True,True,1,boolean_field,success,True,,rating-breakdown,True,72.8,39.4,85.5,82.4,pass,True,False,True,
1171451,Nico Paz,13981423,rating-breakdown,passes,passes,,,,Como,78.0,,62,84.5,75.6,94.8,True,True,1,boolean_field,success,True,,rating-breakdown,True,62,84.5,75.6,94.8,pass,True,False,,
1171451,Nico Paz,13981423,rating-breakdown,passes,passes,,,,Como,78.0,,40.9,68.9,34.3,49.7,True,True,1,boolean_field,success,True,,rating-breakdown,True,40.9,68.9,34.3,49.7,pass,True,False,,
1171451,Nico Paz,13981423,rating-breakdown,passes,passes,,,,Como,78.0,,65.5,38.5,80.8,74.4,True,True,1,boolean_field,success,True,,rating-breakdown,True,65.5,38.5,80.8,74.4,pass,True,False,,
1171451,Nico Paz,13981423,rating-breakdown,passes,passes,,,,Como,78.0,,59.3,71.9,63,60.6,True,True,1,boolean_field,success,True,,rating-breakdown,True,59.3,71.9,63,60.6,pass,True,False,,
1171451,Nico Paz,13981423,rating-breakdown,passes,passes,,,,Como,78.0,,58.4,78.6,60.2,66.9,True,True,1,boolean_field,success,True,,rating-breakdown,True,58.4,78.6,60.2,66.9,pass,True,False,,
1171451,Nico Paz,13981423,rating-breakdown,passes,passes,,,,Como,78.0,,75.6,70.8,70.1,60,True,True,1,boolean_field,success,True,,rating-breakdown,True,75.6,70.8,70.1,60,pass,True,False,,
1171451,Nico Paz,13981423,rating-breakdown,passes,passes,,,,Como,78.0,,57.1,70.4,44.9,45.2,True,True,1,boolean_field,success,True,,rating-breakdown,True,57.1,70.4,44.9,45.2,pass,True,False,,
1171451,Nico Paz,13981423,rating-breakdown,passes,passes,,,,Como,78.0,,42.7,93.6,57.3,97.7,True,True,1,boolean_field,success,True,,rating-breakdown,True,42.7,93.6,57.3,97.7,pass,True,False,,
1171451,Nico Paz,13981423,rating-breakdown,passes,passes,,,,Como,78.0,,64.2,67.5,58.4,40.4,True,True,1,boolean_field,success,True,,rating-breakdown,True,64.2,67.5,58.4,40.4,pass,True,False,,
1171451,Nico Paz,13981423,rating-breakdown,passes,passes,,,,Como,78.0,,36.4,15.5,26.8,14.5,True,True,1,boolean_field,success,True,,rating-breakdown,True,36.4,15.5,26.8,14.5,pass,True,False,,
1171451,Nico Paz,13981423,rating-breakdown,passes,passes,,,,Como,78.0,,52.9,33.5,75,66.9,,,,unresolvable,,,,rating-breakdown,True,52.9,33.5,75,66.9,pass,True,False,True,
1171451,Nico Paz,13981423,rating-breakdown,passes,passes,,,,Como,78.0,,47.1,19.9,78.1,34.4,True,True,1,boolean_field,success,True,,rating-breakdown,True,47.1,19.9,78.1,34.4,pass,True,True,True,True
1171451,Nico Paz,13981423,rating-breakdown,passes,passes,,,,Como,78.0,,69.8,47.8,71.1,63.9,True,True,1,boolean_field,success,True,,rating-breakdown,True,69.8,47.8,71.1,63.9,pass,True,False,,
1171451,Nico Paz,13981423,rating-breakdown,passes,passes,,,,Como,78.0,,65.7,93.8,59.4,93.3,True,True,1,boolean_field,success,True,,rating-breakdown,True,65.7,93.8,59.4,93.3,pass,True,False,,
1171451,Nico Paz,13981423,rating-breakdown,passes,passes,,,,Como,78.0,,77,28.9,94.5,18.7,True,True,1,boolean_field,success,True,,rating-breakdown,True,77,28.9,94.5,18.7,pass,True,False,,
1171451,Nico Paz,13981423,rating-breakdown,passes,passes,,,,Como,78.0,,62.4,12.5,66.5,2.8,True,True,1,boolean_field,success,True,,rating-breakdown,True,62.4,12.5,66.5,2.8,pass,True,False,,
1171451,Nico Paz,13981423,rating-breakdown,passes,passes,,,,Como,78.0,,60.6,17.8,71.8,26.3,,,,unresolvable,,,,rating-breakdown,True,60.6,17.8,71.8,26.3,pass,True,False,,
1171451,Nico Paz,13981423,rating-breakdown,passes,passes,,,,Como,78.0,,27.7,70.7,33,47.3,True,True,1,boolean_field,success,True,,rating-breakdown,True,27.7,70.7,33,47.3,pass,True,False,,
1171451,Nico Paz,13981423,rating-breakdown,passes,passes,,,,Como,78.0,,42.7,61.8,34.4,71.1,True,True,1,boolean_field,success,True,,rating-breakdown,True,42.7,61.8,34.4,71.1,pass,True,False,,
1171451,Nico Paz,13981423,rating-breakdown,passes,passes,,,,Como,78.0,,63.1,2.9,66.5,25,True,True,1,boolean_field,success,True,,rating-breakdown,True,63.1,2.9,66.5,25,pass,True,False,,
1171451,Nico Paz,13981423,rating-breakdown,passes,passes,,,,Como,78.0,,76.9,75.9,71.3,65.9,True,True,1,boolean_field,success,True,,rating-breakdown,True,76.9,75.9,71.3,65.9,pass,True,True,,
1171451,Nico Paz,13981423,rating-breakdown,passes,passes,,,,Como,78.0,,71.5,56,78.8,65.3,True,True,1,boolean_field,success,True,,rating-breakdown,True,71.5,56,78.8,65.3,pass,True,False,,
1171451,Nico Paz,13981423,rating-breakdown,passes,passes,,,,Como,78.0,,78.6,75.2,75.6,63.9,True,True,1,boolean_field,success,True,,rating-breakdown,True,78.6,75.2,75.6,63.9,pass,True,False,,
1171451,Nico Paz,13981423,rating-breakdown,passes,passes,,,,Como,78.0,,76.3,52.4,87.8,61.7,,,,unresolvable,,,,rating-breakdown,True,76.3,52.4,87.8,61.7,pass,True,False,,
1171451,Nico Paz,13981423,rating-breakdown,passes,passes,,,,Como,78.0,,78.5,72.9,86.7,73.7,,,,unresolvable,,,,rating-breakdown,True,78.5,72.9,86.7,73.7,pass,True,False,,
1171451,Nico Paz,13981423,rating-breakdown,passes,passes,,,,Como,78.0,,73.8,43.7,89.7,32.9,True,True,1,boolean_field,success,True,,rating-breakdown,True,73.8,43.7,89.7,32.9,pass,True,True,,
1171451,Nico Paz,13981423,rating-breakdown,dribbles,dribbles,,,,Como,78.0,,71.4,43.2,,,,,,unresolvable,,,,rating-breakdown,True,71.4,43.2,,,dribble,True,False,,
1171451,Nico Paz,13981423,rating-breakdown,dribbles,dribbles,,,,Como,78.0,,73.6,40.4,,,True,True,1,boolean_field,success,,True,rating-breakdown,True,73.6,40.4,,,dribble,True,False,,
1171451,Nico Paz,13981423,rating-breakdown,dribbles,dribbles,,,,Como,78.0,,38.4,13.4,,,True,True,1,boolean_field,success,,True,rating-breakdown,True,38.4,13.4,,,dribble,True,False,,
1171451,Nico Paz,13981423,rating-breakdown,dribbles,dribbles,,,,Como,78.0,,44.4,24.2,,,True,True,1,boolean_field,success,,True,rating-breakdown,True,44.4,24.2,,,dribble,True,False,,
1171451,Nico Paz,13981423,rating-breakdown,dribbles,dribbles,,,,Como,78.0,,72.2,63.2,,,,,,unresolvable,,,,rating-breakdown,True,72.2,63.2,,,dribble,True,False,,
1171451,Nico Paz,13981423,rating-breakdown,defensive,defensive,,,,Como,78.0,,75,52,,,True,True,1,boolean_field,success,,True,rating-breakdown,True,75,52,,,tackle,True,False,,
1171451,Nico Paz,13981423,rating-breakdown,defensive,defensive,,,,Como,78.0,,71.2,4.1,,,True,True,1,boolean_field,success,,True,rating-breakdown,True,71.2,4.1,,,interception,True,False,,
1171451,Nico Paz,13981423,rating-breakdown,defensive,defensive,,,,Como,78.0,,31.3,8.2,,,True,True,1,boolean_field,success,,True,rating-breakdown,True,31.3,8.2,,,ball-recovery,True,False,,
1171451,Nico Paz,13981423,rating-breakdown,defensive,defensive,,,,Como,78.0,,25,79.2,,,True,True,1,boolean_field,success,,True,rating-breakdown,True,25,79.2,,,tackle,True,False,,
1171451,Nico Paz,13981423,rating-breakdown,defensive,defensive,,,,Como,78.0,,25.3,77.1,,,True,True,1,boolean_field,success,,True,rating-breakdown,True,25.3,77.1,,,ball-recovery,True,False,,
1171451,Nico Paz,13981433,rating-breakdown,passes,passes,,,,Como,90.0,,51.4,56.7,62.3,93.4,True,True,1,boolean_field,success,True,,rating-breakdown,True,51.4,56.7,62.3,93.4,pass,False,False,,
1171451,Nico Paz,13981433,rating-breakdown,passes,passes,,,,Como,90.0,,49.3,29.4,74.9,81.4,,,,unresolvable,,,,rating-breakdown,True,49.3,29.4,74.9,81.4,pass,False,False,True,
1171451,Nico Paz,13981433,rating-breakdown,passes,passes,,,,Como,90.0,,26.4,35.8,24.5,24.6,,,,unresolvable,,,,rating-breakdown,True,26.4,35.8,24.5,24.6,pass,False,False,,
1171451,Nico Paz,13981433,rating-breakdown,passes,passes,,,,Como,90.0,,39,33.3,29.1,42.1,True,True,1,boolean_field,success,True,,rating-breakdown,True,39,33.3,29.1,42.1,pass,False,False,,
1171451,Nico Paz,13981433,rating-breakdown,passes,passes,,,,Como,90.0,,37.2,5.2,59.2,3.9,True,True,1,boolean_field,success,True,,rating-breakdown,True,37.2,5.2,59.2,3.9,pass,False,False,,
1171451,Nico Paz,13981433,rating-breakdown,passes,passes,,,,Como,90.0,,60.3,20.5,59.9,26.8,True,True,1,boolean_field,success,True,,rating-breakdown,True,60.3,20.5,59.9,26.8,pass,False,False,,
1171451,Nico Paz,13981433,rating-breakdown,passes,passes,,,,Como,90.0,,68.8,27.9,82.1,48,True,True,1,boolean_field,success,True,,rating-breakdown,True,68.8,27.9,82.1,48,pass,False,True,,
1171451,Nico Paz,13981433,rating-breakdown,passes,passes,,,,Como,90.0,,24.5,39.7,38.1,41.2,True,True,1,boolean_field,success,True,,rating-breakdown,True,24.5,39.7,38.1,41.2,pass,False,False,,
1171451,Nico Paz,13981433,rating-breakdown,passes,passes,,,,Como,90.0,,61.2,32.2,66.3,42.6,,,,unresolvable,,,,rating-breakdown,True,61.2,32.2,66.3,42.6,pass,False,False,,
1171451,Nico Paz,13981433,rating-breakdown,passes,passes,,,,Como,90.0,,35.6,87.6,61.4,67.2,,,,unresolvable,,,,rating-breakdown,True,35.6,87.6,61.4,67.2,pass,False,False,,
1171451,Nico Paz,13981433,rating-breakdown,passes,passes,,,,Como,90.0,,65.1,65.5,71.7,63.9,True,True,1,boolean_field,success,True,,rating-breakdown,True,65.1,65.5,71.7,63.9,pass,False,False,,
1171451,Nico Paz,13981433,rating-breakdown,passes,passes,,,,Como,90.0,,31.4,58.5,33.1,59.7,,,,unresolvable,,,,rating-breakdown,True,31.4,58.5,33.1,59.7,pass,False,False,,
1171451,Nico Paz,13981433,rating-breakdown,passes,passes,,,,Como,90.0,,45.9,36.4,61.2,15.4,True,True,1,boolean_field,success,True,,rating-breakdown,True,45.9,36.4,61.2,15.4,pass,False,False,,
1171451,Nico Paz,13981433,rating-breakdown,passes,passes,,,,Como,90.0,,65.9,68.5,69.4,76.3,True,True,1,boolean_field,success,True,,rating-breakdown,True,65.9,68.5,69.4,76.3,pass,False,False,,
1171451,Nico Paz,13981433,rating-breakdown,passes,passes,,,,Como,90.0,,29.2,9.1,30.9,9.4,,,,unresolvable,,,,rating-breakdown,True,29.2,9.1,30.9,9.4,pass,False,False,,
1171451,Nico Paz,13981433,rating-breakdown,passes,passes,,,,Como,90.0,,31.6,31,60.7,63.4,,,,unresolvable,,,,rating-breakdown,True,31.6,31,60.7,63.4,pass,False,False,True,
1171451,Nico Paz,13981433,rating-breakdown,passes,passes,,,,Como,90.0,,85,14.8,84.8,40.2,True,True,1,boolean_field,success,True,,rating-breakdown,True,85,14.8,84.8,40.2,pass,False,False,,
1171451,Nico Paz,13981433,rating-breakdown,passes,passes,,,,Como,90.0,,76.4,6.7,70.3,19.2,True,True,1,boolean_field,success,True,,rating-breakdown,True,76.4,6.7,70.3,19.2,pass,False,False,,
1171451,Nico Paz,13981433,rating-breakdown,passes,passes,,,,Como,90.0,,75.7,58,86.1,71.8,True,True,1,boolean_field,success,True,,rating-breakdown,True,75.7,58,86.1,71.8,pass,False,True,,
1171451,Nico Paz,13981433,rating-breakdown,passes,passes,,,,Como,90.0,,44.8,29.5,36.5,38.1,True,True,1,boolean_field,success,True,,rating-breakdown,True,44.8,29.5,36.5,38.1,pass,False,False,,
1171451,Nico Paz,13981433,rating-breakdown,passes,passes,,,,Como,90.0,,39.1,63.7,27.4,73,True,True,1,boolean_field,success,True,,rating-breakdown,True,39.1,63.7,27.4,73,pass,False,False,,
1171451,Nico Paz,13981433,rating-breakdown,passes,passes,,,,Como,90.0,,59.6,25.5,55,21.6,True,True,1,boolean_field,success,True,,rating-breakdown,True,59.6,25.5,55,21.6,pass,False,False,,
1171451,Nico Paz,13981433,rating-breakdown,passes,passes,,,,Como,90.0,,54.1,32.7,45.2,8.4,True,True,1,boolean_field,success,True,,rating-breakdown,True,54.1,32.7,45.2,8.4,pass,False,False,,
1171451,Nico Paz,13981433,rating-breakdown,passes,passes,,,,Como,90.0,,53.6,18.7,69.3,21.4,,,,unresolvable,,,,rating-breakdown,True,53.6,18.7,69.3,21.4,pass,False,False,,
1171451,Nico Paz,13981433,rating-breakdown,passes,passes,,,,Como,90.0,,87.4,81.7,76.3,82.9,,,,unresolvable,,,,rating-breakdown,True,87.4,81.7,76.3,82.9,pass,False,False,,
1171451,Nico Paz,13981433,rating-breakdown,passes,passes,,,,Como,90.0,,46.1,80.5,56.3,86.1,True,True,1,boolean_field,success,True,,rating-breakdown,True,46.1,80.5,56.3,86.1,pass,False,False,,
1171451,Nico Paz,13981433,rating-breakdown,passes,passes,,,,Como,90.0,,41.5,36.1,35.2,23.2,True,True,1,boolean_field,success,True,,rating-breakdown,True,41.5,36.1,35.2,23.2,pass,False,False,,
1171451,Nico Paz,13981433,rating-breakdown,passes,passes,,,,Como,90.0,,40,5.8,28.7,36.7,True,True,1,boolean_field,success,True,,rating-breakdown,True,40,5.8,28.7,36.7,pass,False,False,,
1171451,Nico Paz,13981433,rating-breakdown,passes,passes,,,,Como,90.0,,31.1,18.9,36.1,34.8,True,True,1,boolean_field,success,True,,rating-breakdown,True,31.1,18.9,36.1,34.8,pass,False,False,,
1171451,Nico Paz,13981433,rating-breakdown,passes,passes,,,,Como,90.0,,63.5,39,60,56.8,True,True,1,boolean_field,success,True,,rating-breakdown,True,63.5,39,60,56.8,pass,False,False,,
1171451,Nico Paz,13981433,rating-breakdown,passes,passes,,,,Como,90.0,,39.2,3.6,28.9,3.9,True,True,1,boolean_field,success,True,,rating-breakdown,True,39.2,3.6,28.9,3.9,pass,False,False,,
1171451,Nico Paz,13981433,rating-breakdown,passes,passes,,,,Como,90.0,,24.2,40.6,24.7,47.4,True,True,1,boolean_field,success,True,,rating-breakdown,True,24.2,40.6,24.7,47.4,pass,False,False,,
1171451,Nico Paz,13981433,rating-breakdown,passes,passes,,,,Como,90.0,,33.7,20.4,53.8,6.9,True,True,1,boolean_field,success,True,,rating-breakdown,True,33.7,20.4,53.8,6.9,pass,False,False,,
1171451,Nico Paz,13981433,rating-breakdown,passes,passes,,,,Como,90.0,,42.4,12.6,45.3,17.4,True,True,1,boolean_field,success,True,,rating-breakdown,True,42.4,12.6,45.3,17.4,pass,False,False,,
1171451,Nico Paz,13981433,rating-breakdown,passes,passes,,,,Como,90.0,,53.7,41.4,70.4,60.3,,,,unresolvable,,,,rating-breakdown,True,53.7,41.4,70.4,60.3,pass,False,False,,
1171451,Nico Paz,13981433,rating-breakdown,passes,passes,,,,Como,90.0,,61.9,19,67.1,4.6,True,True,1,boolean_field,success,True,,rating-breakdown,True,61.9,19,67.1,4.6,pass,False,False,,
1171451,Nico Paz,13981433,rating-breakdown,passes,passes,,,,Como,90.0,,70.6,35.4,85.9,44.5,True,True,1,boolean_field,success,True,,rating-breakdown,True,70.6,35.4,85.9,44.5,pass,False,True,,
1171451,Nico Paz,13981433,rating-breakdown,dribbles,dribbles,,,,Como,90.0,,73.9,38.5,,,True,True,1,boolean_field,success,,True,rating-breakdown,True,73.9,38.5,,,dribble,False,False,,
1171451,Nico Paz,13981433,rating-breakdown,dribbles,dribbles,,,,Como,90.0,,86.2,37.6,,,,,,unresolvable,,,,rating-breakdown,True,86.2,37.6,,,dribble,False,False,,
1171451,Nico Paz,13981433,rating-breakdown,dribbles,dribbles,,,,Como,90.0,,40.4,4.6,,,True,True,1,boolean_field,success,,True,rating-breakdown,True,40.4,4.6,,,dribble,False,False,,
1171451,Nico Paz,13981433,rating-breakdown,dribbles,dribbles,,,,Como,90.0,,70.6,35.7,,,True,True,1,boolean_field,success,,True,rating-breakdown,True,70.6,35.7,,,dribble,False,False,,
1171451,Nico Paz,13981433,rating-breakdown,defensive,defensive,,,,Como,90.0,,21.8,31.6,21.5,14.4,True,True,1,boolean_field,success,,True,rating-breakdown,True,21.8,31.6,21.5,14.4,clearance,False,False,,
1171451,Nico Paz,13981433,rating-breakdown,defensive,defensive,,,,Como,90.0,,2.7,60.9,0,69.9,True,True,1,boolean_field,success,,True,rating-breakdown,True,2.7,60.9,0,69.9,clearance,False,False,,
1171451,Nico Paz,13981433,rating-breakdown,defensive,defensive,,,,Como,90.0,,34.2,8.5,,,True,True,1,boolean_field,success,,True,rating-breakdown,True,34.2,8.5,,,ball-recovery,False,False,,
1171451,Nico Paz,13981430,rating-breakdown,passes,passes,,,,Como,90.0,,27,21.3,14.4,31.6,True,True,1,boolean_field,success,True,,rating-breakdown,True,27,21.3,14.4,31.6,pass,True,False,,
1171451,Nico Paz,13981430,rating-breakdown,passes,passes,,,,Como,90.0,,43.9,9.1,43.3,3.9,True,True,1,boolean_field,success,True,,rating-breakdown,True,43.9,9.1,43.3,3.9,pass,True,False,,
1171451,Nico Paz,13981430,rating-breakdown,passes,passes,,,,Como,90.0,,66.7,51.9,72.5,51.3,,,,unresolvable,,,,rating-breakdown,True,66.7,51.9,72.5,51.3,pass,True,False,,
1171451,Nico Paz,13981430,rating-breakdown,passes,passes,,,,Como,90.0,,66.7,60.3,55.2,90,True,True,1,boolean_field,success,True,,rating-breakdown,True,66.7,60.3,55.2,90,pass,True,False,,
1171451,Nico Paz,13981430,rating-breakdown,passes,passes,,,,Como,90.0,,84.1,73.6,94.5,88.9,,,,unresolvable,,,,rating-breakdown,True,84.1,73.6,94.5,88.9,pass,True,False,,
1171451,Nico Paz,13981430,rating-breakdown,passes,passes,,,,Como,90.0,,59.2,92.4,55.3,97.6,True,True,1,boolean_field,success,True,,rating-breakdown,True,59.2,92.4,55.3,97.6,pass,True,False,,
1171451,Nico Paz,13981430,rating-breakdown,passes,passes,,,,Como,90.0,,31.5,7,36.5,15.4,True,True,1,boolean_field,success,True,,rating-breakdown,True,31.5,7,36.5,15.4,pass,True,False,,
1171451,Nico Paz,13981430,rating-breakdown,passes,passes,,,,Como,90.0,,42.9,68.4,67,82.3,,,,unresolvable,,,,rating-breakdown,True,42.9,68.4,67,82.3,pass,True,False,,
1171451,Nico Paz,13981430,rating-breakdown,passes,passes,,,,Como,90.0,,25.1,13,14.3,31.8,True,True,1,boolean_field,success,True,,rating-breakdown,True,25.1,13,14.3,31.8,pass,True,False,,
1171451,Nico Paz,13981430,rating-breakdown,passes,passes,,,,Como,90.0,,36.2,27.3,41.9,20.7,True,True,1,boolean_field,success,True,,rating-breakdown,True,36.2,27.3,41.9,20.7,pass,True,False,,
1171451,Nico Paz,13981430,rating-breakdown,passes,passes,,,,Como,90.0,,56,17.8,51.8,31.5,True,True,1,boolean_field,success,True,,rating-breakdown,True,56,17.8,51.8,31.5,pass,True,False,,
1171451,Nico Paz,13981430,rating-breakdown,passes,passes,,,,Como,90.0,,30.4,1.8,33,13.6,,,,unresolvable,,,,rating-breakdown,True,30.4,1.8,33,13.6,pass,True,False,,
1171451,Nico Paz,13981430,rating-breakdown,passes,passes,,,,Como,90.0,,28.8,6.1,15.5,6.4,True,True,1,boolean_field,success,True,,rating-breakdown,True,28.8,6.1,15.5,6.4,pass,True,False,,
1171451,Nico Paz,13981430,rating-breakdown,passes,passes,,,,Como,90.0,,52.8,16.5,67.9,7.8,True,True,1,boolean_field,success,True,,rating-breakdown,True,52.8,16.5,67.9,7.8,pass,True,False,,
1171451,Nico Paz,13981430,rating-breakdown,passes,passes,,,,Como,90.0,,25.9,8.4,17.9,22.7,True,True,1,boolean_field,success,True,,rating-breakdown,True,25.9,8.4,17.9,22.7,pass,True,False,,
1171451,Nico Paz,13981430,rating-breakdown,passes,passes,,,,Como,90.0,,45.8,94.3,47.1,92.7,,,,unresolvable,,,,rating-breakdown,True,45.8,94.3,47.1,92.7,pass,True,False,,
1171451,Nico Paz,13981430,rating-breakdown,passes,passes,,,,Como,90.0,,59.7,73.9,75.1,88.2,True,True,1,boolean_field,success,True,,rating-breakdown,True,59.7,73.9,75.1,88.2,pass,True,False,,
1171451,Nico Paz,13981430,rating-breakdown,passes,passes,,,,Como,90.0,,41.2,60.4,59.1,36.4,True,True,1,boolean_field,success,True,,rating-breakdown,True,41.2,60.4,59.1,36.4,pass,True,False,,
1171451,Nico Paz,13981430,rating-breakdown,passes,passes,,,,Como,90.0,,68.9,31.3,62.4,47.4,True,True,1,boolean_field,success,True,,rating-breakdown,True,68.9,31.3,62.4,47.4,pass,True,False,,
1171451,Nico Paz,13981430,rating-breakdown,passes,passes,,,,Como,90.0,,53.3,82.9,80.7,88.6,,,,unresolvable,,,,rating-breakdown,True,53.3,82.9,80.7,88.6,pass,True,False,,
1171451,Nico Paz,13981430,rating-breakdown,passes,passes,,,,Como,90.0,,64.5,60,62.2,35.1,True,True,1,boolean_field,success,True,,rating-breakdown,True,64.5,60,62.2,35.1,pass,True,False,,
1171451,Nico Paz,13981430,rating-breakdown,passes,passes,,,,Como,90.0,,38.6,11.8,36.4,2.5,True,True,1,boolean_field,success,True,,rating-breakdown,True,38.6,11.8,36.4,2.5,pass,True,False,,
1171451,Nico Paz,13981430,rating-breakdown,passes,passes,,,,Como,90.0,,77.4,89.5,88.2,73.8,,,,unresolvable,,,,rating-breakdown,True,77.4,89.5,88.2,73.8,pass,True,False,,
1171451,Nico Paz,13981430,rating-breakdown,passes,passes,,,,Como,90.0,,68.3,67.2,52,63.7,True,True,1,boolean_field,success,True,,rating-breakdown,True,68.3,67.2,52,63.7,pass,True,False,,
1171451,Nico Paz,13981430,rating-breakdown,passes,passes,,,,Como,90.0,,70,15.9,76.9,2.7,True,True,1,boolean_field,success,True,,rating-breakdown,True,70,15.9,76.9,2.7,pass,True,False,,
1171451,Nico Paz,13981430,rating-breakdown,passes,passes,,,,Como,90.0,,66.9,7.6,52.6,28.8,True,True,1,boolean_field,success,True,,rating-breakdown,True,66.9,7.6,52.6,28.8,pass,True,False,,
1171451,Nico Paz,13981430,rating-breakdown,passes,passes,,,,Como,90.0,,60.3,91,58.5,96.4,True,True,1,boolean_field,success,True,,rating-breakdown,True,60.3,91,58.5,96.4,pass,True,False,,
1171451,Nico Paz,13981430,rating-breakdown,passes,passes,,,,Como,90.0,,72.9,84.4,77.3,77.5,True,True,1,boolean_field,success,True,,rating-breakdown,True,72.9,84.4,77.3,77.5,pass,True,True,,
1171451,Nico Paz,13981430,rating-breakdown,passes,passes,,,,Como,90.0,,44.8,74.4,37.6,90.4,True,True,1,boolean_field,success,True,,rating-breakdown,True,44.8,74.4,37.6,90.4,pass,True,False,,
1171451,Nico Paz,13981430,rating-breakdown,passes,passes,,,,Como,90.0,,75.7,67.5,79.7,48.1,True,True,1,boolean_field,success,True,,rating-breakdown,True,75.7,67.5,79.7,48.1,pass,True,False,,
1171451,Nico Paz,13981430,rating-breakdown,passes,passes,,,,Como,90.0,,50.9,3.3,47.3,14.8,True,True,1,boolean_field,success,True,,rating-breakdown,True,50.9,3.3,47.3,14.8,pass,True,False,,
1171451,Nico Paz,13981430,rating-breakdown,passes,passes,,,,Como,90.0,,45.7,2.5,41.3,4.3,True,True,1,boolean_field,success,True,,rating-breakdown,True,45.7,2.5,41.3,4.3,pass,True,False,,
1171451,Nico Paz,13981430,rating-breakdown,passes,passes,,,,Como,90.0,,64.7,90.6,95.1,88.2,True,True,1,boolean_field,success,True,,rating-breakdown,True,64.7,90.6,95.1,88.2,pass,True,False,,
1171451,Nico Paz,13981430,rating-breakdown,passes,passes,,,,Como,90.0,,52.7,4.2,72.8,100,,,,unresolvable,,,,rating-breakdown,True,52.7,4.2,72.8,100,pass,True,False,True,
1171451,Nico Paz,13981430,rating-breakdown,passes,passes,,,,Como,90.0,,35.3,80.7,25.5,67.3,True,True,1,boolean_field,success,True,,rating-breakdown,True,35.3,80.7,25.5,67.3,pass,True,False,,
1171451,Nico Paz,13981430,rating-breakdown,dribbles,dribbles,,,,Como,90.0,,55,16.4,,,,,,unresolvable,,,,rating-breakdown,True,55,16.4,,,dribble,True,False,,
1171451,Nico Paz,13981430,rating-breakdown,dribbles,dribbles,,,,Como,90.0,,38.8,75.4,,,,,,unresolvable,,,,rating-breakdown,True,38.8,75.4,,,dribble,True,False,,
1171451,Nico Paz,13981430,rating-breakdown,dribbles,dribbles,,,,Como,90.0,,74.1,73,,,True,True,1,boolean_field,success,,True,rating-breakdown,True,74.1,73,,,dribble,True,False,,
1171451,Nico Paz,13981430,rating-breakdown,dribbles,dribbles,,,,Como,90.0,,89,22.8,,,,,,unresolvable,,,,rating-breakdown,True,89,22.8,,,dribble,True,False,,
1171451,Nico Paz,13981430,rating-breakdown,defensive,defensive,,,,Como,90.0,,16.9,8,,,,,,unresolvable,,,,rating-breakdown,True,16.9,8,,,tackle,True,False,,
1171451,Nico Paz,13981430,rating-breakdown,defensive,defensive,,,,Como,90.0,,45.8,94.3,,,True,True,1,boolean_field,success,,True,rating-breakdown,True,45.8,94.3,,,ball-recovery,True,False,,
1171451,Nico Paz,13981430,rating-breakdown,defensive,defensive,,,,Como,90.0,,59.7,73.9,,,True,True,1,boolean_field,success,,True,rating-breakdown,True,59.7,73.9,,,ball-recovery,True,False,,
1171451,Nico Paz,13981430,rating-breakdown,defensive,defensive,,,,Como,90.0,,34.3,46,,,True,True,1,boolean_field,success,,True,rating-breakdown,True,34.3,46,,,ball-recovery,True,False,,
1171451,Nico Paz,13981430,rating-breakdown,defensive,defensive,,,,Como,90.0,,34.8,34.1,,,True,True,1,boolean_field,success,,True,rating-breakdown,True,34.8,34.1,,,interception,True,False,,
1171451,Nico Paz,13981461,rating-breakdown,passes,passes,,,,Como,90.0,,73.1,27.2,82.3,10.5,True,True,1,boolean_field,success,True,,rating-breakdown,True,73.1,27.2,82.3,10.5,pass,False,False,,
1171451,Nico Paz,13981461,rating-breakdown,passes,passes,,,,Como,90.0,,46.4,7.6,52.6,10.3,,,,unresolvable,,,,rating-breakdown,True,46.4,7.6,52.6,10.3,pass,False,False,,
1171451,Nico Paz,13981461,rating-breakdown,passes,passes,,,,Como,90.0,,46.9,64.6,44.9,70.5,True,True,1,boolean_field,success,True,,rating-breakdown,True,46.9,64.6,44.9,70.5,pass,False,False,True,
1171451,Nico Paz,13981461,rating-breakdown,passes,passes,,,,Como,90.0,,61.5,69.6,74.7,59.4,,,,unresolvable,,,,rating-breakdown,True,61.5,69.6,74.7,59.4,pass,False,False,,
1171451,Nico Paz,13981461,rating-breakdown,passes,passes,,,,Como,90.0,,34.6,80.6,27.4,78.2,True,True,1,boolean_field,success,True,,rating-breakdown,True,34.6,80.6,27.4,78.2,pass,False,False,,
1171451,Nico Paz,13981461,rating-breakdown,passes,passes,,,,Como,90.0,,28.4,20.1,29.9,37.1,True,True,1,boolean_field,success,True,,rating-breakdown,True,28.4,20.1,29.9,37.1,pass,False,False,,
1171451,Nico Paz,13981461,rating-breakdown,passes,passes,,,,Como,90.0,,80.1,15.6,92.9,50.7,,,,unresolvable,,,,rating-breakdown,True,80.1,15.6,92.9,50.7,cross,False,False,,
1171451,Nico Paz,13981461,rating-breakdown,passes,passes,,,,Como,90.0,,69.8,13.2,91.9,51.3,,,,unresolvable,,,,rating-breakdown,True,69.8,13.2,91.9,51.3,cross,False,False,True,
1171451,Nico Paz,13981461,rating-breakdown,passes,passes,,,,Como,90.0,,63,34,66.1,16.2,True,True,1,boolean_field,success,True,,rating-breakdown,True,63,34,66.1,16.2,pass,False,False,,
1171451,Nico Paz,13981461,rating-breakdown,passes,passes,,,,Como,90.0,,57,15,57.9,3.4,True,True,1,boolean_field,success,True,,rating-breakdown,True,57,15,57.9,3.4,pass,False,False,,
1171451,Nico Paz,13981461,rating-breakdown,passes,passes,,,,Como,90.0,,62.9,14.6,77,6.5,True,True,1,boolean_field,success,True,,rating-breakdown,True,62.9,14.6,77,6.5,pass,False,False,,
1171451,Nico Paz,13981461,rating-breakdown,passes,passes,,,,Como,90.0,,64.6,6.2,59,11.9,True,True,1,boolean_field,success,True,,rating-breakdown,True,64.6,6.2,59,11.9,pass,False,False,,
1171451,Nico Paz,13981461,rating-breakdown,passes,passes,,,,Como,90.0,,74.8,23.9,68.9,27,True,True,1,boolean_field,success,True,,rating-breakdown,True,74.8,23.9,68.9,27,pass,False,False,,
1171451,Nico Paz,13981461,rating-breakdown,passes,passes,,,,Como,90.0,,70.5,57.7,96,63.6,True,True,1,boolean_field,success,True,,rating-breakdown,True,70.5,57.7,96,63.6,pass,False,True,,
1171451,Nico Paz,13981461,rating-breakdown,passes,passes,,,,Como,90.0,,99.6,99.3,76.5,85.4,True,True,1,boolean_field,success,True,,rating-breakdown,True,99.6,99.3,76.5,85.4,pass,False,False,,
1171451,Nico Paz,13981461,rating-breakdown,passes,passes,,,,Como,90.0,,53.8,10.7,66.4,4.6,True,True,1,boolean_field,success,True,,rating-breakdown,True,53.8,10.7,66.4,4.6,pass,False,False,,
1171451,Nico Paz,13981461,rating-breakdown,passes,passes,,,,Como,90.0,,55.7,5.9,51.8,18.5,True,True,1,boolean_field,success,True,,rating-breakdown,True,55.7,5.9,51.8,18.5,pass,False,False,,
1171451,Nico Paz,13981461,rating-breakdown,passes,passes,,,,Como,90.0,,73.1,25.6,86,12.5,True,True,1,boolean_field,success,True,,rating-breakdown,True,73.1,25.6,86,12.5,pass,False,False,,
1171451,Nico Paz,13981461,rating-breakdown,passes,passes,,,,Como,90.0,,99.5,0.5,95.7,53.3,,,,unresolvable,,,,rating-breakdown,True,99.5,0.5,95.7,53.3,cross,False,False,True,
1171451,Nico Paz,13981461,rating-breakdown,passes,passes,,,,Como,90.0,,64.7,81.8,68.6,84.7,True,True,1,boolean_field,success,True,,rating-breakdown,True,64.7,81.8,68.6,84.7,pass,False,False,,
1171451,Nico Paz,13981461,rating-breakdown,passes,passes,,,,Como,90.0,,80.6,67.3,96.6,52.3,,,,unresolvable,,,,rating-breakdown,True,80.6,67.3,96.6,52.3,pass,False,False,,
1171451,Nico Paz,13981461,rating-breakdown,passes,passes,,,,Como,90.0,,34.2,6.7,42.1,19.7,True,True,1,boolean_field,success,True,,rating-breakdown,True,34.2,6.7,42.1,19.7,pass,False,False,,
1171451,Nico Paz,13981461,rating-breakdown,passes,passes,,,,Como,90.0,,37.3,20.9,30.3,24.7,True,True,1,boolean_field,success,True,,rating-breakdown,True,37.3,20.9,30.3,24.7,pass,False,False,,
1171451,Nico Paz,13981461,rating-breakdown,passes,passes,,,,Como,90.0,,41,28,46.7,19.5,,,,unresolvable,,,,rating-breakdown,True,41,28,46.7,19.5,pass,False,False,,
1171451,Nico Paz,13981461,rating-breakdown,passes,passes,,,,Como,90.0,,55,58.3,67.4,82.4,True,True,1,boolean_field,success,True,,rating-breakdown,True,55,58.3,67.4,82.4,pass,False,False,,
1171451,Nico Paz,13981461,rating-breakdown,passes,passes,,,,Como,90.0,,63.3,15,61.9,27.3,True,True,1,boolean_field,success,True,,rating-breakdown,True,63.3,15,61.9,27.3,pass,False,False,,
1171451,Nico Paz,13981461,rating-breakdown,passes,passes,,,,Como,90.0,,62.6,9.5,86.7,31,True,True,1,boolean_field,success,True,,rating-breakdown,True,62.6,9.5,86.7,31,pass,False,False,,
1171451,Nico Paz,13981461,rating-breakdown,passes,passes,,,,Como,90.0,,40.5,18.8,53.3,12,,,,unresolvable,,,,rating-breakdown,True,40.5,18.8,53.3,12,pass,False,False,,
1171451,Nico Paz,13981461,rating-breakdown,passes,passes,,,,Como,90.0,,40.1,14.9,34.9,28.5,True,True,1,boolean_field,success,True,,rating-breakdown,True,40.1,14.9,34.9,28.5,pass,False,False,,
1171451,Nico Paz,13981461,rating-breakdown,passes,passes,,,,Como,90.0,,33.4,35.7,69,79.9,True,True,1,boolean_field,success,True,,rating-breakdown,True,33.4,35.7,69,79.9,pass,False,False,True,
1171451,Nico Paz,13981461,rating-breakdown,passes,passes,,,,Como,90.0,,32.2,38,35.2,4.9,True,True,1,boolean_field,success,True,,rating-breakdown,True,32.2,38,35.2,4.9,pass,False,False,,
1171451,Nico Paz,13981461,rating-breakdown,passes,passes,,,,Como,90.0,,65.5,20.9,70.9,4.7,True,True,1,boolean_field,success,True,,rating-breakdown,True,65.5,20.9,70.9,4.7,pass,False,False,,
1171451,Nico Paz,13981461,rating-breakdown,passes,passes,,,,Como,90.0,,65,10.9,65.4,19.2,True,True,1,boolean_field,success,True,,rating-breakdown,True,65,10.9,65.4,19.2,pass,False,False,,
1171451,Nico Paz,13981461,rating-breakdown,passes,passes,,,,Como,90.0,,99.5,0.5,100,60.2,,,,unresolvable,,,,rating-breakdown,True,99.5,0.5,100,60.2,cross,False,False,True,
1171451,Nico Paz,13981461,rating-breakdown,passes,passes,,,,Como,90.0,,82.6,35.5,81.2,48.7,True,True,1,boolean_field,success,True,,rating-breakdown,True,82.6,35.5,81.2,48.7,pass,False,True,,
1171451,Nico Paz,13981461,rating-breakdown,passes,passes,,,,Como,90.0,,99.5,0.5,99.1,59.4,,,,unresolvable,,,,rating-breakdown,True,99.5,0.5,99.1,59.4,cross,False,False,True,
1171451,Nico Paz,13981461,rating-breakdown,passes,passes,,,,Como,90.0,,13.9,2,14.4,2,,,,unresolvable,,,,rating-breakdown,True,13.9,2,14.4,2,pass,False,False,,
1171451,Nico Paz,13981461,rating-breakdown,passes,passes,,,,Como,90.0,,67.7,23.3,76.3,3.1,True,True,1,boolean_field,success,True,,rating-breakdown,True,67.7,23.3,76.3,3.1,pass,False,False,,
1171451,Nico Paz,13981461,rating-breakdown,passes,passes,,,,Como,90.0,,54.3,53.9,68.5,54.6,,,,unresolvable,,,,rating-breakdown,True,54.3,53.9,68.5,54.6,pass,False,False,,
1171451,Nico Paz,13981461,rating-breakdown,passes,passes,,,,Como,90.0,,76.2,93.5,91.3,41.5,True,True,1,boolean_field,success,True,,rating-breakdown,True,76.2,93.5,91.3,41.5,cross,False,True,True,True
1171451,Nico Paz,13981461,rating-breakdown,passes,passes,,,,Como,90.0,,44.4,14.3,36.9,14.1,True,True,1,boolean_field,success,True,,rating-breakdown,True,44.4,14.3,36.9,14.1,pass,False,False,,
1171451,Nico Paz,13981461,rating-breakdown,passes,passes,,,,Como,90.0,,58.7,28.8,57.8,35.7,True,True,1,boolean_field,success,True,,rating-breakdown,True,58.7,28.8,57.8,35.7,pass,False,False,,
1171451,Nico Paz,13981461,rating-breakdown,passes,passes,,,,Como,90.0,,67.2,80.3,62.7,73.3,True,True,1,boolean_field,success,True,,rating-breakdown,True,67.2,80.3,62.7,73.3,pass,False,False,,
1171451,Nico Paz,13981461,rating-breakdown,passes,passes,,,,Como,90.0,,68.5,84.1,62.9,74.7,True,True,1,boolean_field,success,True,,rating-breakdown,True,68.5,84.1,62.9,74.7,pass,False,False,,
1171451,Nico Paz,13981461,rating-breakdown,passes,passes,,,,Como,90.0,,66.8,68.1,82.6,70.3,True,True,1,boolean_field,success,True,,rating-breakdown,True,66.8,68.1,82.6,70.3,pass,False,True,,
1171451,Nico Paz,13981461,rating-breakdown,passes,passes,,,,Como,90.0,,67.2,18.2,68.9,18.2,,,,unresolvable,,,,rating-breakdown,True,67.2,18.2,68.9,18.2,pass,False,False,,
1171451,Nico Paz,13981461,rating-breakdown,passes,passes,,,,Como,90.0,,99.5,99.5,94.3,62,True,True,1,boolean_field,success,True,,rating-breakdown,True,99.5,99.5,94.3,62,cross,False,True,,
1171451,Nico Paz,13981461,rating-breakdown,passes,passes,,,,Como,90.0,,98,86.3,95,49.8,,,,unresolvable,,,,rating-breakdown,True,98,86.3,95,49.8,cross,False,False,,
1171451,Nico Paz,13981461,rating-breakdown,passes,passes,,,,Como,90.0,,95.9,72.4,94.9,57.3,,,,unresolvable,,,,rating-breakdown,True,95.9,72.4,94.9,57.3,pass,False,False,,
1171451,Nico Paz,13981461,rating-breakdown,passes,passes,,,,Como,90.0,,74,47.8,73.2,30.7,True,True,1,boolean_field,success,True,,rating-breakdown,True,74,47.8,73.2,30.7,pass,False,False,,
1171451,Nico Paz,13981461,rating-breakdown,passes,passes,,,,Como,90.0,,57.1,92.6,82.6,92.3,True,True,1,boolean_field,success,True,,rating-breakdown,True,57.1,92.6,82.6,92.3,pass,False,False,,
1171451,Nico Paz,13981461,rating-breakdown,passes,passes,,,,Como,90.0,,99.5,99.5,92.8,54.8,,,,unresolvable,,,,rating-breakdown,True,99.5,99.5,92.8,54.8,cross,False,False,,
1171451,Nico Paz,13981461,rating-breakdown,passes,passes,,,,Como,90.0,,69.1,19.9,93.2,51.1,,,,unresolvable,,,,rating-breakdown,True,69.1,19.9,93.2,51.1,cross,False,False,True,
1171451,Nico Paz,13981461,rating-breakdown,passes,passes,,,,Como,90.0,,77.4,76.5,86.2,89.3,True,True,1,boolean_field,success,True,,rating-breakdown,True,77.4,76.5,86.2,89.3,pass,False,False,,
1171451,Nico Paz,13981461,rating-breakdown,passes,passes,,,,Como,90.0,,73.7,89.7,84.7,96.2,True,True,1,boolean_field,success,True,,rating-breakdown,True,73.7,89.7,84.7,96.2,pass,False,False,,
1171451,Nico Paz,13981461,rating-breakdown,passes,passes,,,,Como,90.0,,73.3,97.1,78.7,93.2,True,True,1,boolean_field,success,True,,rating-breakdown,True,73.3,97.1,78.7,93.2,pass,False,False,,
1171451,Nico Paz,13981461,rating-breakdown,passes,passes,,,,Como,90.0,,41.3,31.6,84,1.6,True,True,1,boolean_field,success,True,,rating-breakdown,True,41.3,31.6,84,1.6,pass,False,True,True,True
1171451,Nico Paz,13981461,rating-breakdown,passes,passes,,,,Como,90.0,,39.1,21.2,67.3,14.1,,,,unresolvable,,,,rating-breakdown,True,39.1,21.2,67.3,14.1,pass,False,False,,
1171451,Nico Paz,13981461,rating-breakdown,dribbles,dribbles,,,,Como,90.0,,63.4,76,,,,,,unresolvable,,,,rating-breakdown,True,63.4,76,,,dribble,False,False,,
1171451,Nico Paz,13981461,rating-breakdown,dribbles,dribbles,,,,Como,90.0,,57.8,18.6,,,,,,unresolvable,,,,rating-breakdown,True,57.8,18.6,,,dribble,False,False,,
1171451,Nico Paz,13981461,rating-breakdown,dribbles,dribbles,,,,Como,90.0,,68.4,64.4,,,True,True,1,boolean_field,success,,True,rating-breakdown,True,68.4,64.4,,,dribble,False,False,,
1171451,Nico Paz,13981461,rating-breakdown,dribbles,dribbles,,,,Como,90.0,,50,94.4,,,True,True,1,boolean_field,success,,True,rating-breakdown,True,50,94.4,,,dribble,False,False,,
1171451,Nico Paz,13981461,rating-breakdown,dribbles,dribbles,,,,Como,90.0,,74.9,90.6,,,,,,unresolvable,,,,rating-breakdown,True,74.9,90.6,,,dribble,False,False,,
1171451,Nico Paz,13981461,rating-breakdown,defensive,defensive,,,,Como,90.0,,59.7,34.2,,,True,True,1,boolean_field,success,,True,rating-breakdown,True,59.7,34.2,,,ball-recovery,False,False,,
1171451,Nico Paz,13981461,rating-breakdown,defensive,defensive,,,,Como,90.0,,78,11.6,,,True,True,1,boolean_field,success,,True,rating-breakdown,True,78,11.6,,,tackle,False,False,,
1171451,Nico Paz,13981461,rating-breakdown,defensive,defensive,,,,Como,90.0,,5.1,43.2,27.4,4.7,True,True,1,boolean_field,success,,True,rating-breakdown,True,5.1,43.2,27.4,4.7,clearance,False,False,,
1171451,Nico Paz,13981461,rating-breakdown,defensive,defensive,,,,Como,90.0,,17.7,47.9,,,True,True,1,boolean_field,success,,True,rating-breakdown,True,17.7,47.9,,,block,False,False,,
1171451,Nico Paz,13981461,rating-breakdown,defensive,defensive,,,,Como,90.0,,67.6,77.1,,,True,True,1,boolean_field,success,,True,rating-breakdown,True,67.6,77.1,,,tackle,False,False,,
1171451,Nico Paz,13981461,rating-breakdown,defensive,defensive,,,,Como,90.0,,65.7,72.3,,,True,True,1,boolean_field,success,,True,rating-breakdown,True,65.7,72.3,,,ball-recovery,False,False,,
1171451,Nico Paz,13981461,rating-breakdown,defensive,defensive,,,,Como,90.0,,38.6,26.2,,,True,True,1,boolean_field,success,,True,rating-breakdown,True,38.6,26.2,,,tackle,False,False,,
1171451,Nico Paz,13981461,rating-breakdown,defensive,defensive,,,,Como,90.0,,33.2,5.8,,,True,True,1,boolean_field,success,,True,rating-breakdown,True,33.2,5.8,,,tackle,False,False,,
1171451,Nico Paz,13981461,rating-breakdown,defensive,defensive,,,,Como,90.0,,33.8,4.8,,,,,,unresolvable,,,,rating-breakdown,True,33.8,4.8,,,tackle,False,False,,
1171451,Nico Paz,13981461,rating-breakdown,defensive,defensive,,,,Como,90.0,,37.6,3.8,,,,,,unresolvable,,,,rating-breakdown,True,37.6,3.8,,,tackle,False,False,,
1171451,Nico Paz,13981461,rating-breakdown,defensive,defensive,,,,Como,90.0,,44.4,85.7,,,,,,unresolvable,,,,rating-breakdown,True,44.4,85.7,,,tackle,False,False,,
1171451,Nico Paz,13981461,rating-breakdown,defensive,defensive,,,,Como,90.0,,36.2,88.1,,,,,,unresolvable,,,,rating-breakdown,True,36.2,88.1,,,tackle,False,False,,
1171451,Nico Paz,13981461,rating-breakdown,defensive,defensive,,,,Como,90.0,,36.3,90.3,,,True,True,1,boolean_field,success,,True,rating-breakdown,True,36.3,90.3,,,ball-recovery,False,False,,
1171451,Nico Paz,13981461,rating-breakdown,defensive,defensive,,,,Como,90.0,,41.7,97.4,,,True,True,1,boolean_field,success,,True,rating-breakdown,True,41.7,97.4,,,ball-recovery,False,False,,
1171451,Nico Paz,13981461,rating-breakdown,defensive,defensive,,,,Como,90.0,,76.5,90.8,,,True,True,1,boolean_field,success,,True,rating-breakdown,True,76.5,90.8,,,ball-recovery,False,False,,
1171451,Nico Paz,13981462,rating-breakdown,passes,passes,,,,Como,89.0,,44,14.1,41.4,30.7,True,True,1,boolean_field,success,True,,rating-breakdown,True,44,14.1,41.4,30.7,pass,True,False,,
1171451,Nico Paz,13981462,rating-breakdown,passes,passes,,,,Como,89.0,,43.5,11.1,94.2,26.4,,,,unresolvable,,,,rating-breakdown,True,43.5,11.1,94.2,26.4,pass,True,False,True,
1171451,Nico Paz,13981462,rating-breakdown,passes,passes,,,,Como,89.0,,35.9,29.5,32.6,43.8,True,True,1,boolean_field,success,True,,rating-breakdown,True,35.9,29.5,32.6,43.8,pass,True,False,,
1171451,Nico Paz,13981462,rating-breakdown,passes,passes,,,,Como,89.0,,47.9,34.6,39.7,28.2,True,True,1,boolean_field,success,True,,rating-breakdown,True,47.9,34.6,39.7,28.2,pass,True,False,,
1171451,Nico Paz,13981462,rating-breakdown,passes,passes,,,,Como,89.0,,87.5,18.1,100,64,,,,unresolvable,,,,rating-breakdown,True,87.5,18.1,100,64,cross,True,False,True,
1171451,Nico Paz,13981462,rating-breakdown,passes,passes,,,,Como,89.0,,47.5,28.3,33.8,56.7,True,True,1,boolean_field,success,True,,rating-breakdown,True,47.5,28.3,33.8,56.7,pass,True,False,,
1171451,Nico Paz,13981462,rating-breakdown,passes,passes,,,,Como,89.0,,63.5,19.9,57,8.1,True,True,1,boolean_field,success,True,,rating-breakdown,True,63.5,19.9,57,8.1,pass,True,False,,
1171451,Nico Paz,13981462,rating-breakdown,passes,passes,,,,Como,89.0,,68.8,12.9,70.4,37.5,True,True,1,boolean_field,success,True,,rating-breakdown,True,68.8,12.9,70.4,37.5,pass,True,False,,
1171451,Nico Paz,13981462,rating-breakdown,passes,passes,,,,Como,89.0,,63.7,28.6,71.9,9,True,True,1,boolean_field,success,True,,rating-breakdown,True,63.7,28.6,71.9,9,pass,True,False,,
1171451,Nico Paz,13981462,rating-breakdown,passes,passes,,,,Como,89.0,,63.9,36.6,66.7,59.5,True,True,1,boolean_field,success,True,,rating-breakdown,True,63.9,36.6,66.7,59.5,pass,True,False,,
1171451,Nico Paz,13981462,rating-breakdown,passes,passes,,,,Como,89.0,,99.5,0.5,100,65.4,,,,unresolvable,,,,rating-breakdown,True,99.5,0.5,100,65.4,cross,True,False,True,
1171451,Nico Paz,13981462,rating-breakdown,passes,passes,,,,Como,89.0,,60.6,85.5,47.2,76.3,True,True,1,boolean_field,success,True,,rating-breakdown,True,60.6,85.5,47.2,76.3,pass,True,False,,
1171451,Nico Paz,13981462,rating-breakdown,passes,passes,,,,Como,89.0,,60.8,90.6,58.8,82,True,True,1,boolean_field,success,True,,rating-breakdown,True,60.8,90.6,58.8,82,pass,True,False,,
1171451,Nico Paz,13981462,rating-breakdown,passes,passes,,,,Como,89.0,,60,91.6,62.9,81.1,True,True,1,boolean_field,success,True,,rating-breakdown,True,60,91.6,62.9,81.1,pass,True,False,,
1171451,Nico Paz,13981462,rating-breakdown,passes,passes,,,,Como,89.0,,60.5,88.2,62.1,82,True,True,1,boolean_field,success,True,,rating-breakdown,True,60.5,88.2,62.1,82,pass,True,False,,
1171451,Nico Paz,13981462,rating-breakdown,passes,passes,,,,Como,89.0,,59.9,85.5,53,60.3,True,True,1,boolean_field,success,True,,rating-breakdown,True,59.9,85.5,53,60.3,pass,True,False,,
1171451,Nico Paz,13981462,rating-breakdown,passes,passes,,,,Como,89.0,,23.9,35.1,30.2,41.8,True,True,1,boolean_field,success,True,,rating-breakdown,True,23.9,35.1,30.2,41.8,pass,True,False,,
1171451,Nico Paz,13981462,rating-breakdown,passes,passes,,,,Como,89.0,,45.9,34.6,37.5,32.1,True,True,1,boolean_field,success,True,,rating-breakdown,True,45.9,34.6,37.5,32.1,pass,True,False,,
1171451,Nico Paz,13981462,rating-breakdown,passes,passes,,,,Como,89.0,,53.5,16,44,28.5,True,True,1,boolean_field,success,True,,rating-breakdown,True,53.5,16,44,28.5,pass,True,False,,
1171451,Nico Paz,13981462,rating-breakdown,passes,passes,,,,Como,89.0,,71.4,17.4,91.5,56.2,True,True,1,boolean_field,success,True,,rating-breakdown,True,71.4,17.4,91.5,56.2,cross,True,False,True,
1171451,Nico Paz,13981462,rating-breakdown,passes,passes,,,,Como,89.0,,39.1,55.2,35.7,32.1,True,True,1,boolean_field,success,True,,rating-breakdown,True,39.1,55.2,35.7,32.1,pass,True,False,,
1171451,Nico Paz,13981462,rating-breakdown,passes,passes,,,,Como,89.0,,45.3,51.1,36,57.7,True,True,1,boolean_field,success,True,,rating-breakdown,True,45.3,51.1,36,57.7,pass,True,False,,
1171451,Nico Paz,13981462,rating-breakdown,passes,passes,,,,Como,89.0,,60.4,87.3,66.6,73.8,True,True,1,boolean_field,success,True,,rating-breakdown,True,60.4,87.3,66.6,73.8,pass,True,False,,
1171451,Nico Paz,13981462,rating-breakdown,passes,passes,,,,Como,89.0,,68.6,78,73.5,65.5,,,,unresolvable,,,,rating-breakdown,True,68.6,78,73.5,65.5,pass,True,False,,
1171451,Nico Paz,13981462,rating-breakdown,passes,passes,,,,Como,89.0,,41.3,17.5,29.5,9.7,True,True,1,boolean_field,success,True,,rating-breakdown,True,41.3,17.5,29.5,9.7,pass,True,False,,
1171451,Nico Paz,13981462,rating-breakdown,passes,passes,,,,Como,89.0,,67.8,42.5,73.4,61.1,True,True,1,boolean_field,success,True,,rating-breakdown,True,67.8,42.5,73.4,61.1,pass,True,False,,
1171451,Nico Paz,13981462,rating-breakdown,passes,passes,,,,Como,89.0,,99.5,99.5,97.8,55.6,,,,unresolvable,,,,rating-breakdown,True,99.5,99.5,97.8,55.6,cross,True,False,,
1171451,Nico Paz,13981462,rating-breakdown,passes,passes,,,,Como,89.0,,57,94.8,87.4,63.6,,,,unresolvable,,,,rating-breakdown,True,57,94.8,87.4,63.6,pass,True,False,True,
1171451,Nico Paz,13981462,rating-breakdown,passes,passes,,,,Como,89.0,,62.1,78.3,89.5,70.9,True,True,1,boolean_field,success,True,,rating-breakdown,True,62.1,78.3,89.5,70.9,pass,True,True,,
1171451,Nico Paz,13981462,rating-breakdown,passes,passes,,,,Como,89.0,,71.4,92.5,86.2,53.8,True,True,1,boolean_field,success,True,,rating-breakdown,True,71.4,92.5,86.2,53.8,cross,True,True,,
1171451,Nico Paz,13981462,rating-breakdown,passes,passes,,,,Como,89.0,,62.7,30.3,98.2,68.3,,,,unresolvable,,,,rating-breakdown,True,62.7,30.3,98.2,68.3,pass,True,False,True,
1171451,Nico Paz,13981462,rating-breakdown,passes,passes,,,,Como,89.0,,53.2,42.1,63.6,35.1,True,True,1,boolean_field,success,True,,rating-breakdown,True,53.2,42.1,63.6,35.1,pass,True,False,,
1171451,Nico Paz,13981462,rating-breakdown,passes,passes,,,,Como,89.0,,43.9,70,44,58.8,,,,unresolvable,,,,rating-breakdown,True,43.9,70,44,58.8,pass,True,False,,
1171451,Nico Paz,13981462,rating-breakdown,passes,passes,,,,Como,89.0,,94,88.9,86.3,86.7,True,True,1,boolean_field,success,True,,rating-breakdown,True,94,88.9,86.3,86.7,pass,True,False,,
1171451,Nico Paz,13981462,rating-breakdown,passes,passes,,,,Como,89.0,,99.4,0.2,93.4,54.8,True,True,1,boolean_field,success,True,,rating-breakdown,True,99.4,0.2,93.4,54.8,cross,True,True,True,
1171451,Nico Paz,13981462,rating-breakdown,passes,passes,,,,Como,89.0,,68.7,61.6,70.6,61.5,,,,unresolvable,,,,rating-breakdown,True,68.7,61.6,70.6,61.5,pass,True,False,,
1171451,Nico Paz,13981462,rating-breakdown,passes,passes,,,,Como,89.0,,56.1,77.5,69.2,92.8,True,True,1,boolean_field,success,True,,rating-breakdown,True,56.1,77.5,69.2,92.8,pass,True,False,,
1171451,Nico Paz,13981462,rating-breakdown,passes,passes,,,,Como,89.0,,88.6,92.1,85.7,81.1,True,True,1,boolean_field,success,True,,rating-breakdown,True,88.6,92.1,85.7,81.1,pass,True,False,,
1171451,Nico Paz,13981462,rating-breakdown,passes,passes,,,,Como,89.0,,65.2,46.6,74.6,25,True,True,1,boolean_field,success,True,,rating-breakdown,True,65.2,46.6,74.6,25,pass,True,True,,
1171451,Nico Paz,13981462,rating-breakdown,passes,passes,,,,Como,89.0,,71.2,90.1,70.1,74.7,,,,unresolvable,,,,rating-breakdown,True,71.2,90.1,70.1,74.7,pass,True,False,,
1171451,Nico Paz,13981462,rating-breakdown,passes,passes,,,,Como,89.0,,63.8,5.7,67.8,7.3,True,True,1,boolean_field,success,True,,rating-breakdown,True,63.8,5.7,67.8,7.3,pass,True,False,,
1171451,Nico Paz,13981462,rating-breakdown,ball-carries,ball-carries,,,,Como,89.0,,35.6,37.5,35.9,29.5,,,,unresolvable,,,,rating-breakdown,True,35.6,37.5,35.9,29.5,ball-carry,True,,,
1171451,Nico Paz,13981462,rating-breakdown,ball-carries,ball-carries,,,,Como,89.0,,65,28.8,63.5,19.9,,,,unresolvable,,,,rating-breakdown,True,65,28.8,63.5,19.9,ball-carry,True,,,
1171451,Nico Paz,13981462,rating-breakdown,ball-carries,ball-carries,,,,Como,89.0,,58.1,18.6,63.7,28.6,,,,unresolvable,,,,rating-breakdown,True,58.1,18.6,63.7,28.6,ball-carry,True,,,
1171451,Nico Paz,13981462,rating-breakdown,ball-carries,ball-carries,,,,Como,89.0,,59.4,95.5,60.8,90.6,,,,unresolvable,,,,rating-breakdown,True,59.4,95.5,60.8,90.6,ball-carry,True,,,
1171451,Nico Paz,13981462,rating-breakdown,ball-carries,ball-carries,,,,Como,89.0,,60,90.3,59.9,85.5,,,,unresolvable,,,,rating-breakdown,True,60,90.3,59.9,85.5,ball-carry,True,,,
1171451,Nico Paz,13981462,rating-breakdown,ball-carries,ball-carries,,,,Como,89.0,,19.7,34.5,23.9,35.1,,,,unresolvable,,,,rating-breakdown,True,19.7,34.5,23.9,35.1,ball-carry,True,,,
1171451,Nico Paz,13981462,rating-breakdown,ball-carries,ball-carries,,,,Como,89.0,,58,91.3,60.4,87.3,,,,unresolvable,,,,rating-breakdown,True,58,91.3,60.4,87.3,ball-carry,True,,,
1171451,Nico Paz,13981462,rating-breakdown,ball-carries,ball-carries,,,,Como,89.0,,31.9,62.1,32.1,67.8,,,,unresolvable,,,,rating-breakdown,True,31.9,62.1,32.1,67.8,ball-carry,True,,,
1171451,Nico Paz,13981462,rating-breakdown,ball-carries,ball-carries,,,,Como,89.0,,73.6,34.2,63.6,38.4,,,,unresolvable,,,,rating-breakdown,True,73.6,34.2,63.6,38.4,ball-carry,True,,,
1171451,Nico Paz,13981462,rating-breakdown,ball-carries,ball-carries,,,,Como,89.0,,63.6,38.4,67.8,42.5,,,,unresolvable,,,,rating-breakdown,True,63.6,38.4,67.8,42.5,ball-carry,True,,,
1171451,Nico Paz,13981462,rating-breakdown,ball-carries,ball-carries,,,,Como,89.0,,46.5,7.2,44.8,15.6,,,,unresolvable,,,,rating-breakdown,True,46.5,7.2,44.8,15.6,ball-carry,True,,,
1171451,Nico Paz,13981462,rating-breakdown,ball-carries,ball-carries,,,,Como,89.0,,75.4,32.1,82.6,31.1,,,,unresolvable,,,,rating-breakdown,True,75.4,32.1,82.6,31.1,ball-carry,True,,,
1171451,Nico Paz,13981462,rating-breakdown,ball-carries,ball-carries,,,,Como,89.0,,46.6,69.9,58.6,78.4,,,,unresolvable,,,,rating-breakdown,True,46.6,69.9,58.6,78.4,ball-carry,True,,,
1171451,Nico Paz,13981462,rating-breakdown,ball-carries,ball-carries,,,,Como,89.0,,66.6,92.7,71.4,87.4,,,,unresolvable,,,,rating-breakdown,True,66.6,92.7,71.4,87.4,ball-carry,True,,,
1171451,Nico Paz,13981462,rating-breakdown,ball-carries,ball-carries,,,,Como,89.0,,51.8,34.2,53.2,42.1,,,,unresolvable,,,,rating-breakdown,True,51.8,34.2,53.2,42.1,ball-carry,True,,,
1171451,Nico Paz,13981462,rating-breakdown,ball-carries,ball-carries,,,,Como,89.0,,46.3,77.4,46.6,70.9,,,,unresolvable,,,,rating-breakdown,True,46.3,77.4,46.6,70.9,ball-carry,True,,,
1171451,Nico Paz,13981462,rating-breakdown,ball-carries,ball-carries,,,,Como,89.0,,96,93.6,94,88.9,,,,unresolvable,,,,rating-breakdown,True,96,93.6,94,88.9,ball-carry,True,,,
1171451,Nico Paz,13981462,rating-breakdown,ball-carries,ball-carries,,,,Como,89.0,,53.8,71.1,56.1,77.5,,,,unresolvable,,,,rating-breakdown,True,53.8,71.1,56.1,77.5,ball-carry,True,,,
1171451,Nico Paz,13981462,rating-breakdown,ball-carries,ball-carries,,,,Como,89.0,,48,53.2,65.2,46.6,,,,unresolvable,,,,rating-breakdown,True,48,53.2,65.2,46.6,ball-carry,True,,,
1171451,Nico Paz,13981462,rating-breakdown,dribbles,dribbles,,,,Como,89.0,,55.1,35.1,,,,,,unresolvable,,,,rating-breakdown,True,55.1,35.1,,,dribble,True,False,,
1171451,Nico Paz,13981462,rating-breakdown,dribbles,dribbles,,,,Como,89.0,,69.2,39.2,,,,,,unresolvable,,,,rating-breakdown,True,69.2,39.2,,,dribble,True,False,,
1171451,Nico Paz,13981462,rating-breakdown,defensive,defensive,,,,Como,89.0,,69.5,39,,,True,True,1,boolean_field,success,,True,rating-breakdown,True,69.5,39,,,tackle,True,False,,
1171451,Nico Paz,13981462,rating-breakdown,defensive,defensive,,,,Como,89.0,,39.1,55.2,,,True,True,1,boolean_field,success,,True,rating-breakdown,True,39.1,55.2,,,ball-recovery,True,False,,
1171451,Nico Paz,13981462,rating-breakdown,defensive,defensive,,,,Como,89.0,,21.8,7.4,,,True,True,1,boolean_field,success,,True,rating-breakdown,True,21.8,7.4,,,tackle,True,False,,
1171451,Nico Paz,13981462,rating-breakdown,defensive,defensive,,,,Como,89.0,,63.6,38.4,,,True,True,1,boolean_field,success,,True,rating-breakdown,True,63.6,38.4,,,ball-recovery,True,False,,
1171451,Nico Paz,13981462,rating-breakdown,defensive,defensive,,,,Como,89.0,,55.4,94.9,,,True,True,1,boolean_field,success,,True,rating-breakdown,True,55.4,94.9,,,ball-recovery,True,False,,
1171451,Nico Paz,13981462,rating-breakdown,defensive,defensive,,,,Como,89.0,,59.7,32.9,,,True,True,1,boolean_field,success,,True,rating-breakdown,True,59.7,32.9,,,tackle,True,False,,
1171451,Nico Paz,13981483,rating-breakdown,passes,passes,,,,Como,90.0,,39.7,30.4,36.3,5.2,True,True,1,boolean_field,success,True,,rating-breakdown,True,39.7,30.4,36.3,5.2,pass,False,False,,
1171451,Nico Paz,13981483,rating-breakdown,passes,passes,,,,Como,90.0,,73.4,16.3,78.1,9,True,True,1,boolean_field,success,True,,rating-breakdown,True,73.4,16.3,78.1,9,pass,False,False,,
1171451,Nico Paz,13981483,rating-breakdown,passes,passes,,,,Como,90.0,,43.1,29.7,42.5,4.8,True,True,1,boolean_field,success,True,,rating-breakdown,True,43.1,29.7,42.5,4.8,pass,False,False,,
1171451,Nico Paz,13981483,rating-breakdown,passes,passes,,,,Como,90.0,,30,34.8,26.1,15.7,True,True,1,boolean_field,success,True,,rating-breakdown,True,30,34.8,26.1,15.7,pass,False,False,,
1171451,Nico Paz,13981483,rating-breakdown,passes,passes,,,,Como,90.0,,57.1,23.4,64.8,3.9,True,True,1,boolean_field,success,True,,rating-breakdown,True,57.1,23.4,64.8,3.9,pass,False,False,,
1171451,Nico Paz,13981483,rating-breakdown,passes,passes,,,,Como,90.0,,58.1,21.9,65.3,33.6,True,True,1,boolean_field,success,True,,rating-breakdown,True,58.1,21.9,65.3,33.6,pass,False,False,,
1171451,Nico Paz,13981483,rating-breakdown,passes,passes,,,,Como,90.0,,66.5,25.9,52.1,47.7,True,True,1,boolean_field,success,True,,rating-breakdown,True,66.5,25.9,52.1,47.7,pass,False,False,,
1171451,Nico Paz,13981483,rating-breakdown,passes,passes,,,,Como,90.0,,35.4,27,29.6,9.3,True,True,1,boolean_field,success,True,,rating-breakdown,True,35.4,27,29.6,9.3,pass,False,False,,
1171451,Nico Paz,13981483,rating-breakdown,passes,passes,,,,Como,90.0,,49.1,51.1,62.1,54.9,,,,unresolvable,,,,rating-breakdown,True,49.1,51.1,62.1,54.9,pass,False,False,,
1171451,Nico Paz,13981483,rating-breakdown,passes,passes,,,,Como,90.0,,32.7,89.7,35.3,97.5,True,True,1,boolean_field,success,True,,rating-breakdown,True,32.7,89.7,35.3,97.5,pass,False,False,,
1171451,Nico Paz,13981483,rating-breakdown,passes,passes,,,,Como,90.0,,59.6,39,70.7,47.7,True,True,1,boolean_field,success,True,,rating-breakdown,True,59.6,39,70.7,47.7,pass,False,False,,
1171451,Nico Paz,13981483,rating-breakdown,passes,passes,,,,Como,90.0,,85.3,69.9,86.2,55,True,True,1,boolean_field,success,True,,rating-breakdown,True,85.3,69.9,86.2,55,pass,False,True,,
1171451,Nico Paz,13981483,rating-breakdown,passes,passes,,,,Como,90.0,,27.1,40.2,24.6,3.9,True,True,1,boolean_field,success,True,,rating-breakdown,True,27.1,40.2,24.6,3.9,pass,False,False,,
1171451,Nico Paz,13981483,rating-breakdown,passes,passes,,,,Como,90.0,,42.9,4.2,48.6,12.4,True,True,1,boolean_field,success,True,,rating-breakdown,True,42.9,4.2,48.6,12.4,pass,False,False,,
1171451,Nico Paz,13981483,rating-breakdown,passes,passes,,,,Como,90.0,,39.1,39.1,84.3,33.9,,,,unresolvable,,,,rating-breakdown,True,39.1,39.1,84.3,33.9,pass,False,False,True,
1171451,Nico Paz,13981483,rating-breakdown,passes,passes,,,,Como,90.0,,60.6,56.7,45.1,67.9,True,True,1,boolean_field,success,True,,rating-breakdown,True,60.6,56.7,45.1,67.9,pass,False,False,,
1171451,Nico Paz,13981483,rating-breakdown,passes,passes,,,,Como,90.0,,40.9,24.7,40.5,34.9,True,True,1,boolean_field,success,True,,rating-breakdown,True,40.9,24.7,40.5,34.9,pass,False,False,,
1171451,Nico Paz,13981483,rating-breakdown,passes,passes,,,,Como,90.0,,68.8,30.4,74.2,3.4,True,True,1,boolean_field,success,True,,rating-breakdown,True,68.8,30.4,74.2,3.4,pass,False,False,,
1171451,Nico Paz,13981483,rating-breakdown,passes,passes,,,,Como,90.0,,77.2,44.8,71.4,42.9,True,True,1,boolean_field,success,True,,rating-breakdown,True,77.2,44.8,71.4,42.9,pass,False,False,,
1171451,Nico Paz,13981483,rating-breakdown,passes,passes,,,,Como,90.0,,59.9,27.9,74.2,5.8,True,True,1,boolean_field,success,True,,rating-breakdown,True,59.9,27.9,74.2,5.8,pass,False,True,,
1171451,Nico Paz,13981483,rating-breakdown,passes,passes,,,,Como,90.0,,48,20.4,62,4.8,True,True,1,boolean_field,success,True,,rating-breakdown,True,48,20.4,62,4.8,pass,False,False,,
1171451,Nico Paz,13981483,rating-breakdown,passes,passes,,,,Como,90.0,,15.2,95.1,15.6,83.1,True,True,1,boolean_field,success,True,,rating-breakdown,True,15.2,95.1,15.6,83.1,pass,False,False,,
1171451,Nico Paz,13981483,rating-breakdown,passes,passes,,,,Como,90.0,,23.9,64.8,35.4,77.7,,,,unresolvable,,,,rating-breakdown,True,23.9,64.8,35.4,77.7,pass,False,False,,
1171451,Nico Paz,13981483,rating-breakdown,passes,passes,,,,Como,90.0,,55.3,13.3,44.1,24.9,True,True,1,boolean_field,success,True,,rating-breakdown,True,55.3,13.3,44.1,24.9,pass,False,False,,
1171451,Nico Paz,13981483,rating-breakdown,passes,passes,,,,Como,90.0,,37.5,60.4,43.8,35.5,,,,unresolvable,,,,rating-breakdown,True,37.5,60.4,43.8,35.5,pass,False,False,,
1171451,Nico Paz,13981483,rating-breakdown,passes,passes,,,,Como,90.0,,77.2,32.5,87.9,15.6,True,True,1,boolean_field,success,True,,rating-breakdown,True,77.2,32.5,87.9,15.6,pass,False,False,,
1171451,Nico Paz,13981483,rating-breakdown,passes,passes,,,,Como,90.0,,88.1,25,89.4,54,,,,unresolvable,,,,rating-breakdown,True,88.1,25,89.4,54,pass,False,False,,
1171451,Nico Paz,13981483,rating-breakdown,passes,passes,,,,Como,90.0,,21.8,40.9,17.1,49.8,True,True,1,boolean_field,success,True,,rating-breakdown,True,21.8,40.9,17.1,49.8,pass,False,False,,
1171451,Nico Paz,13981483,rating-breakdown,passes,passes,,,,Como,90.0,,64.9,14.8,68,4.6,True,True,1,boolean_field,success,True,,rating-breakdown,True,64.9,14.8,68,4.6,pass,False,False,,
1171451,Nico Paz,13981483,rating-breakdown,passes,passes,,,,Como,90.0,,91.4,32.8,89.6,41.5,,,,unresolvable,,,,rating-breakdown,True,91.4,32.8,89.6,41.5,pass,False,False,,
1171451,Nico Paz,13981483,rating-breakdown,passes,passes,,,,Como,90.0,,69.8,4.8,76.3,38.1,True,True,1,boolean_field,success,True,,rating-breakdown,True,69.8,4.8,76.3,38.1,pass,False,False,,
1171451,Nico Paz,13981483,rating-breakdown,passes,passes,,,,Como,90.0,,62.2,26.5,58.2,59.7,True,True,1,boolean_field,success,True,,rating-breakdown,True,62.2,26.5,58.2,59.7,pass,False,False,,
1171451,Nico Paz,13981483,rating-breakdown,passes,passes,,,,Como,90.0,,58,27.6,54.9,11.1,True,True,1,boolean_field,success,True,,rating-breakdown,True,58,27.6,54.9,11.1,pass,False,False,,
1171451,Nico Paz,13981483,rating-breakdown,passes,passes,,,,Como,90.0,,38.2,44.7,36.3,36.6,True,True,1,boolean_field,success,True,,rating-breakdown,True,38.2,44.7,36.3,36.6,pass,False,False,,
1171451,Nico Paz,13981483,rating-breakdown,passes,passes,,,,Como,90.0,,43.5,52.5,59.4,93.7,True,True,1,boolean_field,success,True,,rating-breakdown,True,43.5,52.5,59.4,93.7,pass,False,False,True,
1171451,Nico Paz,13981483,rating-breakdown,passes,passes,,,,Como,90.0,,66.6,69.4,63.9,88.6,True,True,1,boolean_field,success,True,,rating-breakdown,True,66.6,69.4,63.9,88.6,pass,False,False,,
1171451,Nico Paz,13981483,rating-breakdown,passes,passes,,,,Como,90.0,,25,67.9,13.5,93,True,True,1,boolean_field,success,True,,rating-breakdown,True,25,67.9,13.5,93,pass,False,False,,
1171451,Nico Paz,13981483,rating-breakdown,passes,passes,,,,Como,90.0,,26.5,13.9,27.6,34.6,,,,unresolvable,,,,rating-breakdown,True,26.5,13.9,27.6,34.6,pass,False,False,,
1171451,Nico Paz,13981483,rating-breakdown,passes,passes,,,,Como,90.0,,56,83.2,97.4,26.2,,,,unresolvable,,,,rating-breakdown,True,56,83.2,97.4,26.2,pass,False,False,True,
1171451,Nico Paz,13981483,rating-breakdown,passes,passes,,,,Como,90.0,,86.7,10.3,76,7.6,True,True,1,boolean_field,success,True,,rating-breakdown,True,86.7,10.3,76,7.6,pass,False,False,,
1171451,Nico Paz,13981483,rating-breakdown,passes,passes,,,,Como,90.0,,27,44.8,38.3,51.4,True,True,1,boolean_field,success,True,,rating-breakdown,True,27,44.8,38.3,51.4,pass,False,False,,
1171451,Nico Paz,13981483,rating-breakdown,passes,passes,,,,Como,90.0,,45.9,56.5,55.1,57.9,True,True,1,boolean_field,success,True,,rating-breakdown,True,45.9,56.5,55.1,57.9,pass,False,False,,
1171451,Nico Paz,13981483,rating-breakdown,passes,passes,,,,Como,90.0,,66.6,30.1,61.3,44.5,True,True,1,boolean_field,success,True,,rating-breakdown,True,66.6,30.1,61.3,44.5,pass,False,False,,
1171451,Nico Paz,13981483,rating-breakdown,passes,passes,,,,Como,90.0,,72,28,95.4,41.2,,,,unresolvable,,,,rating-breakdown,True,72,28,95.4,41.2,pass,False,False,,
1171451,Nico Paz,13981483,rating-breakdown,passes,passes,,,,Como,90.0,,54.3,16.9,57.5,7.3,True,True,1,boolean_field,success,True,,rating-breakdown,True,54.3,16.9,57.5,7.3,pass,False,False,,
1171451,Nico Paz,13981483,rating-breakdown,passes,passes,,,,Como,90.0,,53.7,31.6,52.5,28.5,True,True,1,boolean_field,success,True,,rating-breakdown,True,53.7,31.6,52.5,28.5,pass,False,False,,
1171451,Nico Paz,13981483,rating-breakdown,passes,passes,,,,Como,90.0,,81.3,51.1,77.2,66.2,True,True,1,boolean_field,success,True,,rating-breakdown,True,81.3,51.1,77.2,66.2,pass,False,True,,
1171451,Nico Paz,13981483,rating-breakdown,passes,passes,,,,Como,90.0,,8.8,28.5,28.3,29.2,True,True,1,boolean_field,success,True,,rating-breakdown,True,8.8,28.5,28.3,29.2,pass,False,False,,
1171451,Nico Paz,13981483,rating-breakdown,passes,passes,,,,Como,90.0,,29.6,28.8,18.6,43,True,True,1,boolean_field,success,True,,rating-breakdown,True,29.6,28.8,18.6,43,pass,False,False,,
1171451,Nico Paz,13981483,rating-breakdown,passes,passes,,,,Como,90.0,,31.7,84.4,26.5,72.9,True,True,1,boolean_field,success,True,,rating-breakdown,True,31.7,84.4,26.5,72.9,pass,False,False,,
1171451,Nico Paz,13981483,rating-breakdown,passes,passes,,,,Como,90.0,,30.3,90.1,25.3,76.5,True,True,1,boolean_field,success,True,,rating-breakdown,True,30.3,90.1,25.3,76.5,pass,False,False,,
1171451,Nico Paz,13981483,rating-breakdown,passes,passes,,,,Como,90.0,,38.8,7.6,63.4,4.5,True,True,1,boolean_field,success,True,,rating-breakdown,True,38.8,7.6,63.4,4.5,pass,False,False,,
1171451,Nico Paz,13981483,rating-breakdown,passes,passes,,,,Como,90.0,,67.1,43.5,86.1,28.8,True,True,1,boolean_field,success,True,,rating-breakdown,True,67.1,43.5,86.1,28.8,pass,False,False,,
1171451,Nico Paz,13981483,rating-breakdown,dribbles,dribbles,,,,Como,90.0,,46.6,5,,,,,,unresolvable,,,,rating-breakdown,True,46.6,5,,,dribble,False,False,,
1171451,Nico Paz,13981483,rating-breakdown,dribbles,dribbles,,,,Como,90.0,,24.4,12.6,,,,,,unresolvable,,,,rating-breakdown,True,24.4,12.6,,,dribble,False,False,,
1171451,Nico Paz,13981483,rating-breakdown,defensive,defensive,,,,Como,90.0,,45.4,7.8,,,,,,unresolvable,,,,rating-breakdown,True,45.4,7.8,,,tackle,False,False,,
1171451,Nico Paz,13981483,rating-breakdown,defensive,defensive,,,,Como,90.0,,81.5,36.2,,,True,True,1,boolean_field,success,,True,rating-breakdown,True,81.5,36.2,,,interception,False,True,,
1171451,Nico Paz,13981483,rating-breakdown,defensive,defensive,,,,Como,90.0,,10.5,59.4,30.3,63.7,True,True,1,boolean_field,success,,True,rating-breakdown,True,10.5,59.4,30.3,63.7,clearance,False,False,,
1171451,Nico Paz,13981483,rating-breakdown,defensive,defensive,,,,Como,90.0,,55,33.1,,,True,True,1,boolean_field,success,,True,rating-breakdown,True,55,33.1,,,ball-recovery,False,False,,
1171451,Nico Paz,13981483,rating-breakdown,defensive,defensive,,,,Como,90.0,,12.7,93.3,,,True,True,1,boolean_field,success,,True,rating-breakdown,True,12.7,93.3,,,interception,False,False,,
1171451,Nico Paz,13981483,rating-breakdown,defensive,defensive,,,,Como,90.0,,15.2,95.1,,,True,True,1,boolean_field,success,,True,rating-breakdown,True,15.2,95.1,,,ball-recovery,False,False,,
1171451,Nico Paz,13981483,rating-breakdown,defensive,defensive,,,,Como,90.0,,23.9,64.8,,,True,True,1,boolean_field,success,,True,rating-breakdown,True,23.9,64.8,,,ball-recovery,False,False,,
1171451,Nico Paz,13981483,rating-breakdown,defensive,defensive,,,,Como,90.0,,45.1,14.5,,,True,True,1,boolean_field,success,,True,rating-breakdown,True,45.1,14.5,,,ball-recovery,False,False,,
1171451,Nico Paz,13981483,rating-breakdown,defensive,defensive,,,,Como,90.0,,37.5,60.4,,,True,True,1,boolean_field,success,,True,rating-breakdown,True,37.5,60.4,,,ball-recovery,False,False,,
1171451,Nico Paz,13981483,rating-breakdown,defensive,defensive,,,,Como,90.0,,69.8,2.8,,,True,True,1,boolean_field,success,,True,rating-breakdown,True,69.8,2.8,,,ball-recovery,False,False,,
1171451,Nico Paz,13981483,rating-breakdown,defensive,defensive,,,,Como,90.0,,35.7,67.2,,,True,True,1,boolean_field,success,,True,rating-breakdown,True,35.7,67.2,,,interception,False,False,,
1171451,Nico Paz,13981483,rating-breakdown,defensive,defensive,,,,Como,90.0,,34.3,39.2,,,,,,unresolvable,,,,rating-breakdown,True,34.3,39.2,,,tackle,False,False,,
1171451,Nico Paz,13981483,rating-breakdown,defensive,defensive,,,,Como,90.0,,53.2,22.3,,,True,True,1,boolean_field,success,,True,rating-breakdown,True,53.2,22.3,,,ball-recovery,False,False,,
1171451,Nico Paz,13981483,rating-breakdown,defensive,defensive,,,,Como,90.0,,8.8,28.5,,,True,True,1,boolean_field,success,,True,rating-breakdown,True,8.8,28.5,,,ball-recovery,False,False,,
1171451,Nico Paz,13981483,rating-breakdown,defensive,defensive,,,,Como,90.0,,7.6,59.7,21.1,64.2,True,True,1,boolean_field,success,,True,rating-breakdown,True,7.6,59.7,21.1,64.2,clearance,False,False,,
1171451,Nico Paz,13981483,rating-breakdown,defensive,defensive,,,,Como,90.0,,71.1,7.2,,,,,,unresolvable,,,,rating-breakdown,True,71.1,7.2,,,tackle,False,False,,
1171451,Nico Paz,13981483,rating-breakdown,defensive,defensive,,,,Como,90.0,,25.2,13.4,,,True,True,1,boolean_field,success,,True,rating-breakdown,True,25.2,13.4,,,tackle,False,False,,
1171451,Nico Paz,13981483,rating-breakdown,defensive,defensive,,,,Como,90.0,,30.8,63,,,True,True,1,boolean_field,success,,True,rating-breakdown,True,30.8,63,,,ball-recovery,False,False,,
1171451,Nico Paz,13981482,rating-breakdown,passes,passes,,,,Como,90.0,,71.5,45.1,79,15.7,True,True,1,boolean_field,success,True,,rating-breakdown,True,71.5,45.1,79,15.7,pass,True,False,,
1171451,Nico Paz,13981482,rating-breakdown,passes,passes,,,,Como,90.0,,99.5,0.5,84.8,14.3,True,True,1,boolean_field,success,True,,rating-breakdown,True,99.5,0.5,84.8,14.3,pass,True,False,,
1171451,Nico Paz,13981482,rating-breakdown,passes,passes,,,,Como,90.0,,83.7,15.4,97.1,55.5,True,True,1,boolean_field,success,True,,rating-breakdown,True,83.7,15.4,97.1,55.5,cross,True,True,,True
1171451,Nico Paz,13981482,rating-breakdown,passes,passes,,,,Como,90.0,,64.9,32.5,67,5,True,True,1,boolean_field,success,True,,rating-breakdown,True,64.9,32.5,67,5,pass,True,False,,
1171451,Nico Paz,13981482,rating-breakdown,passes,passes,,,,Como,90.0,,14.9,39.8,3.5,52.2,True,True,1,boolean_field,success,True,,rating-breakdown,True,14.9,39.8,3.5,52.2,pass,True,False,,
1171451,Nico Paz,13981482,rating-breakdown,passes,passes,,,,Como,90.0,,15.4,24.6,10.8,8.6,True,True,1,boolean_field,success,True,,rating-breakdown,True,15.4,24.6,10.8,8.6,pass,True,False,,
1171451,Nico Paz,13981482,rating-breakdown,passes,passes,,,,Como,90.0,,62.7,72.9,61.7,70.2,,,,unresolvable,,,,rating-breakdown,True,62.7,72.9,61.7,70.2,pass,True,False,,
1171451,Nico Paz,13981482,rating-breakdown,passes,passes,,,,Como,90.0,,63.2,22.4,61,38.5,True,True,1,boolean_field,success,True,,rating-breakdown,True,63.2,22.4,61,38.5,pass,True,False,,
1171451,Nico Paz,13981482,rating-breakdown,passes,passes,,,,Como,90.0,,54.3,16.4,42.5,13,True,True,1,boolean_field,success,True,,rating-breakdown,True,54.3,16.4,42.5,13,pass,True,False,,
1171451,Nico Paz,13981482,rating-breakdown,passes,passes,,,,Como,90.0,,68.9,44.2,82.1,28.1,True,True,1,boolean_field,success,True,,rating-breakdown,True,68.9,44.2,82.1,28.1,pass,True,True,,
1171451,Nico Paz,13981482,rating-breakdown,passes,passes,,,,Como,90.0,,60.1,14.5,67.5,29.5,True,True,1,boolean_field,success,True,,rating-breakdown,True,60.1,14.5,67.5,29.5,pass,True,False,,
1171451,Nico Paz,13981482,rating-breakdown,passes,passes,,,,Como,90.0,,37.3,13.6,35,26.6,,,,unresolvable,,,,rating-breakdown,True,37.3,13.6,35,26.6,pass,True,False,,
1171451,Nico Paz,13981482,rating-breakdown,passes,passes,,,,Como,90.0,,47.3,45.4,42.7,46.2,True,True,1,boolean_field,success,True,,rating-breakdown,True,47.3,45.4,42.7,46.2,pass,True,False,,
1171451,Nico Paz,13981482,rating-breakdown,passes,passes,,,,Como,90.0,,69.6,57.3,76.9,74.1,True,True,1,boolean_field,success,True,,rating-breakdown,True,69.6,57.3,76.9,74.1,pass,True,True,,
1171451,Nico Paz,13981482,rating-breakdown,passes,passes,,,,Como,90.0,,19,62.7,45.9,54.5,,,,unresolvable,,,,rating-breakdown,True,19,62.7,45.9,54.5,pass,True,False,,
1171451,Nico Paz,13981482,rating-breakdown,passes,passes,,,,Como,90.0,,35.2,5.2,31.7,4.7,,,,unresolvable,,,,rating-breakdown,True,35.2,5.2,31.7,4.7,pass,True,False,,
1171451,Nico Paz,13981482,rating-breakdown,passes,passes,,,,Como,90.0,,77.1,34.7,92.7,17.6,True,True,1,boolean_field,success,True,,rating-breakdown,True,77.1,34.7,92.7,17.6,pass,True,False,,
1171451,Nico Paz,13981482,rating-breakdown,passes,passes,,,,Como,90.0,,34.7,30.4,32,15.4,True,True,1,boolean_field,success,True,,rating-breakdown,True,34.7,30.4,32,15.4,pass,True,False,,
1171451,Nico Paz,13981482,rating-breakdown,passes,passes,,,,Como,90.0,,91.5,86.1,86.1,84.2,True,True,1,boolean_field,success,True,,rating-breakdown,True,91.5,86.1,86.1,84.2,pass,True,False,,
1171451,Nico Paz,13981482,rating-breakdown,passes,passes,,,,Como,90.0,,39.6,19.7,44,25.2,True,True,1,boolean_field,success,True,,rating-breakdown,True,39.6,19.7,44,25.2,pass,True,False,,
1171451,Nico Paz,13981482,rating-breakdown,passes,passes,,,,Como,90.0,,66.1,47.8,67.4,18.4,True,True,1,boolean_field,success,True,,rating-breakdown,True,66.1,47.8,67.4,18.4,pass,True,True,,
1171451,Nico Paz,13981482,rating-breakdown,passes,passes,,,,Como,90.0,,27.6,8.9,17.8,16.1,True,True,1,boolean_field,success,True,,rating-breakdown,True,27.6,8.9,17.8,16.1,pass,True,False,,
1171451,Nico Paz,13981482,rating-breakdown,passes,passes,,,,Como,90.0,,20.7,14,9.3,8.8,True,True,1,boolean_field,success,True,,rating-breakdown,True,20.7,14,9.3,8.8,pass,True,False,,
1171451,Nico Paz,13981482,rating-breakdown,passes,passes,,,,Como,90.0,,29.1,16.6,31.7,21.5,,,,unresolvable,,,,rating-breakdown,True,29.1,16.6,31.7,21.5,pass,True,False,,
1171451,Nico Paz,13981482,rating-breakdown,passes,passes,,,,Como,90.0,,41.8,43.4,57.4,9.5,True,True,1,boolean_field,success,True,,rating-breakdown,True,41.8,43.4,57.4,9.5,pass,True,False,,
1171451,Nico Paz,13981482,rating-breakdown,passes,passes,,,,Como,90.0,,54.8,63.5,63.5,65,True,True,1,boolean_field,success,True,,rating-breakdown,True,54.8,63.5,63.5,65,pass,True,False,,
1171451,Nico Paz,13981482,rating-breakdown,passes,passes,,,,Como,90.0,,55.4,32,74.5,63.5,True,True,1,boolean_field,success,True,,rating-breakdown,True,55.4,32,74.5,63.5,pass,True,True,,
1171451,Nico Paz,13981482,rating-breakdown,passes,passes,,,,Como,90.0,,64.6,25,67.6,31,,,,unresolvable,,,,rating-breakdown,True,64.6,25,67.6,31,pass,True,False,,
1171451,Nico Paz,13981482,rating-breakdown,passes,passes,,,,Como,90.0,,73,38.3,74.3,7.7,True,True,1,boolean_field,success,True,,rating-breakdown,True,73,38.3,74.3,7.7,pass,True,False,,
1171451,Nico Paz,13981482,rating-breakdown,passes,passes,,,,Como,90.0,,27.1,29.5,51.6,56.4,,,,unresolvable,,,,rating-breakdown,True,27.1,29.5,51.6,56.4,pass,True,False,,
1171451,Nico Paz,13981482,rating-breakdown,passes,passes,,,,Como,90.0,,53.2,46,58.9,75.8,,,,unresolvable,,,,rating-breakdown,True,53.2,46,58.9,75.8,pass,True,False,,
1171451,Nico Paz,13981482,rating-breakdown,ball-carries,ball-carries,,,,Como,90.0,,19.7,38.9,14.9,39.8,,,,unresolvable,,,,rating-breakdown,True,19.7,38.9,14.9,39.8,ball-carry,True,,,
1171451,Nico Paz,13981482,rating-breakdown,ball-carries,ball-carries,,,,Como,90.0,,64.3,77,61,73.4,,,,unresolvable,,,,rating-breakdown,True,64.3,77,61,73.4,ball-carry,True,,,
1171451,Nico Paz,13981482,rating-breakdown,ball-carries,ball-carries,,,,Como,90.0,,58.9,14.9,54.3,16.4,,,,unresolvable,,,,rating-breakdown,True,58.9,14.9,54.3,16.4,ball-carry,True,,,
1171451,Nico Paz,13981482,rating-breakdown,ball-carries,ball-carries,,,,Como,90.0,,59.6,50.1,68.9,44.2,,,,unresolvable,,,,rating-breakdown,True,59.6,50.1,68.9,44.2,ball-carry,True,,,
1171451,Nico Paz,13981482,rating-breakdown,ball-carries,ball-carries,,,,Como,90.0,,61.5,21.8,74.2,20.9,,,,unresolvable,,,,rating-breakdown,True,61.5,21.8,74.2,20.9,ball-carry,True,,,
1171451,Nico Paz,13981482,rating-breakdown,ball-carries,ball-carries,,,,Como,90.0,,53.6,56.8,69.6,57.3,,,,unresolvable,,,,rating-breakdown,True,53.6,56.8,69.6,57.3,ball-carry,True,,,
1171451,Nico Paz,13981482,rating-breakdown,ball-carries,ball-carries,,,,Como,90.0,,52.2,16.7,57.8,23.6,,,,unresolvable,,,,rating-breakdown,True,52.2,16.7,57.8,23.6,ball-carry,True,,,
1171451,Nico Paz,13981482,rating-breakdown,ball-carries,ball-carries,,,,Como,90.0,,72.8,34.2,77.1,34.7,,,,unresolvable,,,,rating-breakdown,True,72.8,34.2,77.1,34.7,ball-carry,True,,,
1171451,Nico Paz,13981482,rating-breakdown,ball-carries,ball-carries,,,,Como,90.0,,34.4,36.4,34.7,30.4,,,,unresolvable,,,,rating-breakdown,True,34.4,36.4,34.7,30.4,ball-carry,True,,,
1171451,Nico Paz,13981482,rating-breakdown,ball-carries,ball-carries,,,,Como,90.0,,32.5,17.2,39.6,19.7,,,,unresolvable,,,,rating-breakdown,True,32.5,17.2,39.6,19.7,ball-carry,True,,,
1171451,Nico Paz,13981482,rating-breakdown,ball-carries,ball-carries,,,,Como,90.0,,37,84,39,80.2,,,,unresolvable,,,,rating-breakdown,True,37,84,39,80.2,ball-carry,True,,,
1171451,Nico Paz,13981482,rating-breakdown,ball-carries,ball-carries,,,,Como,90.0,,18.5,17.8,20.7,14,,,,unresolvable,,,,rating-breakdown,True,18.5,17.8,20.7,14,ball-carry,True,,,
1171451,Nico Paz,13981482,rating-breakdown,ball-carries,ball-carries,,,,Como,90.0,,30.5,6.8,29.1,16.6,,,,unresolvable,,,,rating-breakdown,True,30.5,6.8,29.1,16.6,ball-carry,True,,,
1171451,Nico Paz,13981482,rating-breakdown,ball-carries,ball-carries,,,,Como,90.0,,68.3,47.6,78,48.1,,,,unresolvable,,,,rating-breakdown,True,68.3,47.6,78,48.1,ball-carry,True,,,
1171451,Nico Paz,13981482,rating-breakdown,ball-carries,ball-carries,,,,Como,90.0,,18.4,34.6,21.7,39.1,,,,unresolvable,,,,rating-breakdown,True,18.4,34.6,21.7,39.1,ball-carry,True,,,
1171451,Nico Paz,13981482,rating-breakdown,ball-carries,ball-carries,,,,Como,90.0,,57.7,11.8,85.6,30.3,,,,unresolvable,,,,rating-breakdown,True,57.7,11.8,85.6,30.3,ball-carry,True,,,
1171451,Nico Paz,13981482,rating-breakdown,ball-carries,ball-carries,,,,Como,90.0,,59,32,55.4,32,,,,unresolvable,,,,rating-breakdown,True,59,32,55.4,32,ball-carry,True,,,
1171451,Nico Paz,13981482,rating-breakdown,ball-carries,ball-carries,,,,Como,90.0,,71.2,46.9,73,38.3,,,,unresolvable,,,,rating-breakdown,True,71.2,46.9,73,38.3,ball-carry,True,,,
1171451,Nico Paz,13981482,rating-breakdown,ball-carries,ball-carries,,,,Como,90.0,,28.9,8.9,34.8,3.7,,,,unresolvable,,,,rating-breakdown,True,28.9,8.9,34.8,3.7,ball-carry,True,,,
1171451,Nico Paz,13981482,rating-breakdown,dribbles,dribbles,,,,Como,90.0,,61,73.4,,,True,True,1,boolean_field,success,,True,rating-breakdown,True,61,73.4,,,dribble,True,False,,
1171451,Nico Paz,13981482,rating-breakdown,dribbles,dribbles,,,,Como,90.0,,57.8,23.6,,,,,,unresolvable,,,,rating-breakdown,True,57.8,23.6,,,dribble,True,False,,
1171451,Nico Paz,13981482,rating-breakdown,dribbles,dribbles,,,,Como,90.0,,59.3,4,,,,,,unresolvable,,,,rating-breakdown,True,59.3,4,,,dribble,True,False,,
1171451,Nico Paz,13981482,rating-breakdown,dribbles,dribbles,,,,Como,90.0,,85.6,30.3,,,True,True,1,boolean_field,success,,True,rating-breakdown,True,85.6,30.3,,,dribble,True,False,,
1171451,Nico Paz,13981482,rating-breakdown,defensive,defensive,,,,Como,90.0,,57.8,9.8,,,,,,unresolvable,,,,rating-breakdown,True,57.8,9.8,,,tackle,True,False,,
1171451,Nico Paz,13981482,rating-breakdown,defensive,defensive,,,,Como,90.0,,37.5,15.1,,,True,True,1,boolean_field,success,,True,rating-breakdown,True,37.5,15.1,,,ball-recovery,True,False,,
1171451,Nico Paz,13981482,rating-breakdown,defensive,defensive,,,,Como,90.0,,91.5,86.1,,,True,True,1,boolean_field,success,,True,rating-breakdown,True,91.5,86.1,,,ball-recovery,True,False,,
1171451,Nico Paz,13981482,rating-breakdown,defensive,defensive,,,,Como,90.0,,42.8,19.6,,,,,,unresolvable,,,,rating-breakdown,True,42.8,19.6,,,tackle,True,False,,
1171451,Nico Paz,13981482,rating-breakdown,defensive,defensive,,,,Como,90.0,,21.7,39.1,27.7,92,True,True,1,boolean_field,success,,True,rating-breakdown,True,21.7,39.1,27.7,92,clearance,True,False,,
1171451,Nico Paz,13981482,rating-breakdown,defensive,defensive,,,,Como,90.0,,28.9,8.9,,,True,True,1,boolean_field,success,,True,rating-breakdown,True,28.9,8.9,,,ball-recovery,True,False,,
1171451,Nico Paz,13981497,rating-breakdown,passes,passes,,,,Como,90.0,,30.1,5.2,24.8,10.1,,,,unresolvable,,,,rating-breakdown,True,30.1,5.2,24.8,10.1,pass,False,False,,
1171451,Nico Paz,13981497,rating-breakdown,passes,passes,,,,Como,90.0,,34.4,33,45.8,33.9,True,True,1,boolean_field,success,True,,rating-breakdown,True,34.4,33,45.8,33.9,pass,False,False,,
1171451,Nico Paz,13981497,rating-breakdown,passes,passes,,,,Como,90.0,,70.6,32.1,81.6,12,True,True,1,boolean_field,success,True,,rating-breakdown,True,70.6,32.1,81.6,12,pass,False,False,,
1171451,Nico Paz,13981497,rating-breakdown,passes,passes,,,,Como,90.0,,68.7,47.8,54.1,51.9,True,True,1,boolean_field,success,True,,rating-breakdown,True,68.7,47.8,54.1,51.9,pass,False,False,,
1171451,Nico Paz,13981497,rating-breakdown,passes,passes,,,,Como,90.0,,66.4,3.9,56,7,True,True,1,boolean_field,success,True,,rating-breakdown,True,66.4,3.9,56,7,pass,False,False,,
1171451,Nico Paz,13981497,rating-breakdown,passes,passes,,,,Como,90.0,,37.6,37.7,39.4,57.8,True,True,1,boolean_field,success,True,,rating-breakdown,True,37.6,37.7,39.4,57.8,pass,False,False,,
1171451,Nico Paz,13981497,rating-breakdown,passes,passes,,,,Como,90.0,,70.9,23.9,80.5,9.8,True,True,1,boolean_field,success,True,,rating-breakdown,True,70.9,23.9,80.5,9.8,pass,False,False,,
1171451,Nico Paz,13981497,rating-breakdown,passes,passes,,,,Como,90.0,,74.5,18.6,90.2,26.6,True,True,1,boolean_field,success,True,,rating-breakdown,True,74.5,18.6,90.2,26.6,pass,False,False,,
1171451,Nico Paz,13981497,rating-breakdown,passes,passes,,,,Como,90.0,,99.6,0.5,80.8,34.8,True,True,1,boolean_field,success,True,,rating-breakdown,True,99.6,0.5,80.8,34.8,pass,False,False,,
1171451,Nico Paz,13981497,rating-breakdown,passes,passes,,,,Como,90.0,,47.1,10.6,43.4,25,True,True,1,boolean_field,success,True,,rating-breakdown,True,47.1,10.6,43.4,25,pass,False,False,,
1171451,Nico Paz,13981497,rating-breakdown,passes,passes,,,,Como,90.0,,48.9,20.9,54,33.1,True,True,1,boolean_field,success,True,,rating-breakdown,True,48.9,20.9,54,33.1,pass,False,False,,
1171451,Nico Paz,13981497,rating-breakdown,passes,passes,,,,Como,90.0,,39.7,31.6,39.3,62,True,True,1,boolean_field,success,True,,rating-breakdown,True,39.7,31.6,39.3,62,pass,False,False,,
1171451,Nico Paz,13981497,rating-breakdown,passes,passes,,,,Como,90.0,,38.8,33,46.4,53.4,True,True,1,boolean_field,success,True,,rating-breakdown,True,38.8,33,46.4,53.4,pass,False,False,,
1171451,Nico Paz,13981497,rating-breakdown,passes,passes,,,,Como,90.0,,64.9,76.9,64.9,73.8,,,,unresolvable,,,,rating-breakdown,True,64.9,76.9,64.9,73.8,pass,False,False,,
1171451,Nico Paz,13981497,rating-breakdown,passes,passes,,,,Como,90.0,,40.7,42.5,36.8,52.8,True,True,1,boolean_field,success,True,,rating-breakdown,True,40.7,42.5,36.8,52.8,pass,False,False,,
1171451,Nico Paz,13981497,rating-breakdown,passes,passes,,,,Como,90.0,,71.3,56.6,72.4,58.5,,,,unresolvable,,,,rating-breakdown,True,71.3,56.6,72.4,58.5,pass,False,False,,
1171451,Nico Paz,13981497,rating-breakdown,passes,passes,,,,Como,90.0,,32.4,29.7,28.1,20.4,True,True,1,boolean_field,success,True,,rating-breakdown,True,32.4,29.7,28.1,20.4,pass,False,False,,
1171451,Nico Paz,13981497,rating-breakdown,passes,passes,,,,Como,90.0,,53.4,6.4,42.5,21.2,True,True,1,boolean_field,success,True,,rating-breakdown,True,53.4,6.4,42.5,21.2,pass,False,False,,
1171451,Nico Paz,13981497,rating-breakdown,passes,passes,,,,Como,90.0,,63.2,22.7,62.7,39.5,True,True,1,boolean_field,success,True,,rating-breakdown,True,63.2,22.7,62.7,39.5,pass,False,False,,
1171451,Nico Paz,13981497,rating-breakdown,passes,passes,,,,Como,90.0,,68,22.8,77.4,6.4,True,True,1,boolean_field,success,True,,rating-breakdown,True,68,22.8,77.4,6.4,pass,False,False,,
1171451,Nico Paz,13981497,rating-breakdown,passes,passes,,,,Como,90.0,,81.7,19.1,70.1,13.8,True,True,1,boolean_field,success,True,,rating-breakdown,True,81.7,19.1,70.1,13.8,pass,False,False,,
1171451,Nico Paz,13981497,rating-breakdown,passes,passes,,,,Como,90.0,,37,75.4,39.6,83,True,True,1,boolean_field,success,True,,rating-breakdown,True,37,75.4,39.6,83,pass,False,False,,
1171451,Nico Paz,13981497,rating-breakdown,passes,passes,,,,Como,90.0,,69.2,65.7,73.3,79.1,True,True,1,boolean_field,success,True,,rating-breakdown,True,69.2,65.7,73.3,79.1,pass,False,False,,
1171451,Nico Paz,13981497,rating-breakdown,passes,passes,,,,Como,90.0,,67.5,60.3,70.1,75.4,True,True,1,boolean_field,success,True,,rating-breakdown,True,67.5,60.3,70.1,75.4,pass,False,False,,
1171451,Nico Paz,13981497,rating-breakdown,passes,passes,,,,Como,90.0,,68.8,63.7,76.4,63.4,True,True,1,boolean_field,success,True,,rating-breakdown,True,68.8,63.7,76.4,63.4,pass,False,False,,
1171451,Nico Paz,13981497,rating-breakdown,passes,passes,,,,Como,90.0,,70.5,64,73.6,73.2,True,True,1,boolean_field,success,True,,rating-breakdown,True,70.5,64,73.6,73.2,pass,False,False,,
1171451,Nico Paz,13981497,rating-breakdown,passes,passes,,,,Como,90.0,,38.9,77.6,43.5,69,True,True,1,boolean_field,success,True,,rating-breakdown,True,38.9,77.6,43.5,69,pass,False,False,,
1171451,Nico Paz,13981497,rating-breakdown,passes,passes,,,,Como,90.0,,69.2,3.1,90.5,46.6,,,,unresolvable,,,,rating-breakdown,True,69.2,3.1,90.5,46.6,cross,False,False,True,
1171451,Nico Paz,13981497,rating-breakdown,passes,passes,,,,Como,90.0,,39.9,18.5,41.4,45.4,True,True,1,boolean_field,success,True,,rating-breakdown,True,39.9,18.5,41.4,45.4,pass,False,False,,
1171451,Nico Paz,13981497,rating-breakdown,passes,passes,,,,Como,90.0,,67.3,24.7,68.5,23,,,,unresolvable,,,,rating-breakdown,True,67.3,24.7,68.5,23,pass,False,False,,
1171451,Nico Paz,13981497,rating-breakdown,passes,passes,,,,Como,90.0,,69.5,37.6,87.2,67.9,,,,unresolvable,,,,rating-breakdown,True,69.5,37.6,87.2,67.9,pass,False,False,,
1171451,Nico Paz,13981497,rating-breakdown,passes,passes,,,,Como,90.0,,66.1,71.4,69,47.6,True,True,1,boolean_field,success,True,,rating-breakdown,True,66.1,71.4,69,47.6,pass,False,False,,
1171451,Nico Paz,13981497,rating-breakdown,passes,passes,,,,Como,90.0,,73.2,68.8,79.3,67.8,True,True,1,boolean_field,success,True,,rating-breakdown,True,73.2,68.8,79.3,67.8,pass,False,False,,
1171451,Nico Paz,13981497,rating-breakdown,passes,passes,,,,Como,90.0,,94.6,73.6,94.6,67.9,,,,unresolvable,,,,rating-breakdown,True,94.6,73.6,94.6,67.9,pass,False,False,,
1171451,Nico Paz,13981497,rating-breakdown,passes,passes,,,,Como,90.0,,71.7,39.8,74.1,35.7,,,,unresolvable,,,,rating-breakdown,True,71.7,39.8,74.1,35.7,pass,False,False,,
1171451,Nico Paz,13981497,rating-breakdown,passes,passes,,,,Como,90.0,,78.2,34.2,100,33.7,,,,unresolvable,,,,rating-breakdown,True,78.2,34.2,100,33.7,pass,False,False,,
1171451,Nico Paz,13981497,rating-breakdown,passes,passes,,,,Como,90.0,,37.3,30.9,25.2,40,True,True,1,boolean_field,success,True,,rating-breakdown,True,37.3,30.9,25.2,40,pass,False,False,,
1171451,Nico Paz,13981497,rating-breakdown,passes,passes,,,,Como,90.0,,50.1,9.4,55.4,9.4,,,,unresolvable,,,,rating-breakdown,True,50.1,9.4,55.4,9.4,pass,False,False,,
1171451,Nico Paz,13981497,rating-breakdown,passes,passes,,,,Como,90.0,,43.1,4.4,34.2,5.3,True,True,1,boolean_field,success,True,,rating-breakdown,True,43.1,4.4,34.2,5.3,pass,False,False,,
1171451,Nico Paz,13981497,rating-breakdown,passes,passes,,,,Como,90.0,,65.4,11.4,58,12.5,True,True,1,boolean_field,success,True,,rating-breakdown,True,65.4,11.4,58,12.5,pass,False,False,,
1171451,Nico Paz,13981497,rating-breakdown,passes,passes,,,,Como,90.0,,55.3,42.1,43.3,64.9,True,True,1,boolean_field,success,True,,rating-breakdown,True,55.3,42.1,43.3,64.9,pass,False,False,,
1171451,Nico Paz,13981497,rating-breakdown,passes,passes,,,,Como,90.0,,70.2,46.6,72,28,True,True,1,boolean_field,success,True,,rating-breakdown,True,70.2,46.6,72,28,pass,False,False,,
1171451,Nico Paz,13981497,rating-breakdown,passes,passes,,,,Como,90.0,,97.9,95.7,92.5,74.8,,,,unresolvable,,,,rating-breakdown,True,97.9,95.7,92.5,74.8,cross,False,False,,
1171451,Nico Paz,13981497,rating-breakdown,passes,passes,,,,Como,90.0,,42.9,23.6,57.2,7.6,True,True,1,boolean_field,success,True,,rating-breakdown,True,42.9,23.6,57.2,7.6,pass,False,False,,
1171451,Nico Paz,13981497,rating-breakdown,passes,passes,,,,Como,90.0,,43.8,17.4,39.6,36.6,True,True,1,boolean_field,success,True,,rating-breakdown,True,43.8,17.4,39.6,36.6,pass,False,False,,
1171451,Nico Paz,13981497,rating-breakdown,passes,passes,,,,Como,90.0,,99.5,0.5,96.4,69.3,True,True,1,boolean_field,success,True,,rating-breakdown,True,99.5,0.5,96.4,69.3,cross,False,False,True,
1171451,Nico Paz,13981497,rating-breakdown,passes,passes,,,,Como,90.0,,42.9,29.1,28.8,44.3,True,True,1,boolean_field,success,True,,rating-breakdown,True,42.9,29.1,28.8,44.3,pass,False,False,,
1171451,Nico Paz,13981497,rating-breakdown,passes,passes,,,,Como,90.0,,71.2,6.1,67.3,13.7,,,,unresolvable,,,,rating-breakdown,True,71.2,6.1,67.3,13.7,pass,False,False,,
1171451,Nico Paz,13981497,rating-breakdown,passes,passes,,,,Como,90.0,,64.4,33.1,57,24.8,True,True,1,boolean_field,success,True,,rating-breakdown,True,64.4,33.1,57,24.8,pass,False,False,,
1171451,Nico Paz,13981497,rating-breakdown,passes,passes,,,,Como,90.0,,63.2,19.5,77,25.8,True,True,1,boolean_field,success,True,,rating-breakdown,True,63.2,19.5,77,25.8,pass,False,False,,
1171451,Nico Paz,13981497,rating-breakdown,passes,passes,,,,Como,90.0,,70.8,75.8,81.5,72.2,True,True,1,boolean_field,success,True,,rating-breakdown,True,70.8,75.8,81.5,72.2,pass,False,False,,
1171451,Nico Paz,13981497,rating-breakdown,passes,passes,,,,Como,90.0,,71.9,44.2,100,60.6,,,,unresolvable,,,,rating-breakdown,True,71.9,44.2,100,60.6,pass,False,False,True,
1171451,Nico Paz,13981497,rating-breakdown,passes,passes,,,,Como,90.0,,46.9,13.4,67.8,18.3,,,,unresolvable,,,,rating-breakdown,True,46.9,13.4,67.8,18.3,pass,False,False,,
1171451,Nico Paz,13981497,rating-breakdown,passes,passes,,,,Como,90.0,,65.5,76.6,72.4,90.5,True,True,1,boolean_field,success,True,,rating-breakdown,True,65.5,76.6,72.4,90.5,pass,False,False,,
1171451,Nico Paz,13981497,rating-breakdown,passes,passes,,,,Como,90.0,,59.3,65,51.4,48.1,True,True,1,boolean_field,success,True,,rating-breakdown,True,59.3,65,51.4,48.1,pass,False,False,,
1171451,Nico Paz,13981497,rating-breakdown,passes,passes,,,,Como,90.0,,87.9,57.9,89.8,39.5,True,True,1,boolean_field,success,True,,rating-breakdown,True,87.9,57.9,89.8,39.5,pass,False,False,,
1171451,Nico Paz,13981497,rating-breakdown,dribbles,dribbles,,,,Como,90.0,,39.6,80.1,,,True,True,1,boolean_field,success,,True,rating-breakdown,True,39.6,80.1,,,dribble,False,False,,
1171451,Nico Paz,13981497,rating-breakdown,defensive,defensive,,,,Como,90.0,,44.4,80.8,,,True,True,1,boolean_field,success,,True,rating-breakdown,True,44.4,80.8,,,tackle,False,False,,
1171451,Nico Paz,13981497,rating-breakdown,defensive,defensive,,,,Como,90.0,,57.7,80.3,,,True,True,1,boolean_field,success,,True,rating-breakdown,True,57.7,80.3,,,ball-recovery,False,False,,
1171451,Nico Paz,13981497,rating-breakdown,defensive,defensive,,,,Como,90.0,,39.2,77.8,,,True,True,1,boolean_field,success,,True,rating-breakdown,True,39.2,77.8,,,ball-recovery,False,False,,
1171451,Nico Paz,13981497,rating-breakdown,defensive,defensive,,,,Como,90.0,,37.8,9.2,,,True,True,1,boolean_field,success,,True,rating-breakdown,True,37.8,9.2,,,tackle,False,False,,
1171451,Nico Paz,13981497,rating-breakdown,defensive,defensive,,,,Como,90.0,,19.4,11.2,,,,,,unresolvable,,,,rating-breakdown,True,19.4,11.2,,,tackle,False,False,,
1171451,Nico Paz,13981497,rating-breakdown,defensive,defensive,,,,Como,90.0,,45.9,30,,,True,True,1,boolean_field,success,,True,rating-breakdown,True,45.9,30,,,interception,False,False,,
1171451,Nico Paz,13981497,rating-breakdown,defensive,defensive,,,,Como,90.0,,55.4,20,,,True,True,1,boolean_field,success,,True,rating-breakdown,True,55.4,20,,,ball-recovery,False,False,,
1171451,Nico Paz,13981497,rating-breakdown,defensive,defensive,,,,Como,90.0,,46.9,13.4,,,True,True,1,boolean_field,success,,True,rating-breakdown,True,46.9,13.4,,,ball-recovery,False,False,,
1171451,Nico Paz,13981497,rating-breakdown,defensive,defensive,,,,Como,90.0,,39.9,11.9,,,,,,unresolvable,,,,rating-breakdown,True,39.9,11.9,,,tackle,False,False,,
1171451,Nico Paz,13981507,rating-breakdown,passes,passes,,,,Como,90.0,,37.4,9.7,33.3,4.6,True,True,1,boolean_field,success,True,,rating-breakdown,True,37.4,9.7,33.3,4.6,pass,True,False,,
1171451,Nico Paz,13981507,rating-breakdown,passes,passes,,,,Como,90.0,,99.5,0.5,100,85.8,,,,unresolvable,,,,rating-breakdown,True,99.5,0.5,100,85.8,cross,True,False,True,
1171451,Nico Paz,13981507,rating-breakdown,passes,passes,,,,Como,90.0,,46.3,47.4,74.6,69.1,,,,unresolvable,,,,rating-breakdown,True,46.3,47.4,74.6,69.1,pass,True,False,True,
1171451,Nico Paz,13981507,rating-breakdown,passes,passes,,,,Como,90.0,,69,46.1,60,12.2,True,True,1,boolean_field,success,True,,rating-breakdown,True,69,46.1,60,12.2,pass,True,False,,
1171451,Nico Paz,13981507,rating-breakdown,passes,passes,,,,Como,90.0,,57.1,9.2,44.4,22.6,True,True,1,boolean_field,success,True,,rating-breakdown,True,57.1,9.2,44.4,22.6,pass,True,False,,
1171451,Nico Paz,13981507,rating-breakdown,passes,passes,,,,Como,90.0,,72.6,33.5,87.6,19.6,True,True,1,boolean_field,success,True,,rating-breakdown,True,72.6,33.5,87.6,19.6,pass,True,False,,
1171451,Nico Paz,13981507,rating-breakdown,passes,passes,,,,Como,90.0,,33.6,88.9,29.9,95.9,True,True,1,boolean_field,success,True,,rating-breakdown,True,33.6,88.9,29.9,95.9,pass,True,False,,
1171451,Nico Paz,13981507,rating-breakdown,passes,passes,,,,Como,90.0,,29.1,87.6,34.4,63.8,True,True,1,boolean_field,success,True,,rating-breakdown,True,29.1,87.6,34.4,63.8,pass,True,False,,
1171451,Nico Paz,13981507,rating-breakdown,passes,passes,,,,Como,90.0,,56.6,30.2,89.4,69.8,,,,unresolvable,,,,rating-breakdown,True,56.6,30.2,89.4,69.8,pass,True,False,True,
1171451,Nico Paz,13981507,rating-breakdown,passes,passes,,,,Como,90.0,,68.3,29.5,63.1,34.9,True,True,1,boolean_field,success,True,,rating-breakdown,True,68.3,29.5,63.1,34.9,pass,True,False,,
1171451,Nico Paz,13981507,rating-breakdown,passes,passes,,,,Como,90.0,,73.4,21.7,73.5,34.3,,,,unresolvable,,,,rating-breakdown,True,73.4,21.7,73.5,34.3,pass,True,False,,
1171451,Nico Paz,13981507,rating-breakdown,passes,passes,,,,Como,90.0,,76.9,18,94,56.2,,,,unresolvable,,,,rating-breakdown,True,76.9,18,94,56.2,cross,True,False,,
1171451,Nico Paz,13981507,rating-breakdown,passes,passes,,,,Como,90.0,,79.8,72.9,83.3,87.5,True,True,1,boolean_field,success,True,,rating-breakdown,True,79.8,72.9,83.3,87.5,pass,True,False,,
1171451,Nico Paz,13981507,rating-breakdown,passes,passes,,,,Como,90.0,,64.1,7.4,58.3,7.2,,,,unresolvable,,,,rating-breakdown,True,64.1,7.4,58.3,7.2,pass,True,False,,
1171451,Nico Paz,13981507,rating-breakdown,passes,passes,,,,Como,90.0,,24.8,15.6,29.8,10.5,True,True,1,boolean_field,success,True,,rating-breakdown,True,24.8,15.6,29.8,10.5,pass,True,False,,
1171451,Nico Paz,13981507,rating-breakdown,passes,passes,,,,Como,90.0,,79.3,12.8,83.4,5.2,True,True,1,boolean_field,success,True,,rating-breakdown,True,79.3,12.8,83.4,5.2,pass,True,False,,
1171451,Nico Paz,13981507,rating-breakdown,passes,passes,,,,Como,90.0,,73.9,17.9,77.2,28,True,True,1,boolean_field,success,True,,rating-breakdown,True,73.9,17.9,77.2,28,pass,True,False,,
1171451,Nico Paz,13981507,rating-breakdown,passes,passes,,,,Como,90.0,,75.7,15.8,93.1,16,True,True,1,boolean_field,success,True,,rating-breakdown,True,75.7,15.8,93.1,16,pass,True,False,,
1171451,Nico Paz,13981507,rating-breakdown,passes,passes,,,,Como,90.0,,81.3,51.9,85,61.5,,,,unresolvable,,,,rating-breakdown,True,81.3,51.9,85,61.5,pass,True,False,,
1171451,Nico Paz,13981507,rating-breakdown,passes,passes,,,,Como,90.0,,76.8,16,62.8,24.2,True,True,1,boolean_field,success,True,,rating-breakdown,True,76.8,16,62.8,24.2,pass,True,False,,
1171451,Nico Paz,13981507,rating-breakdown,passes,passes,,,,Como,90.0,,37.5,45,41.5,21.7,True,True,1,boolean_field,success,True,,rating-breakdown,True,37.5,45,41.5,21.7,pass,True,False,,
1171451,Nico Paz,13981507,rating-breakdown,passes,passes,,,,Como,90.0,,71.4,22.3,65.7,35.8,True,True,1,boolean_field,success,True,,rating-breakdown,True,71.4,22.3,65.7,35.8,pass,True,False,,
1171451,Nico Paz,13981507,rating-breakdown,passes,passes,,,,Como,90.0,,71.9,66.8,64.4,75.5,True,True,1,boolean_field,success,True,,rating-breakdown,True,71.9,66.8,64.4,75.5,pass,True,False,,
1171451,Nico Paz,13981507,rating-breakdown,passes,passes,,,,Como,90.0,,70.5,21.8,63.2,27.7,True,True,1,boolean_field,success,True,,rating-breakdown,True,70.5,21.8,63.2,27.7,pass,True,False,,
1171451,Nico Paz,13981507,rating-breakdown,passes,passes,,,,Como,90.0,,46.1,54.6,90.9,8,True,True,1,boolean_field,success,True,,rating-breakdown,True,46.1,54.6,90.9,8,pass,True,False,True,
1171451,Nico Paz,13981507,rating-breakdown,passes,passes,,,,Como,90.0,,58.6,80.4,66.3,94.7,True,True,1,boolean_field,success,True,,rating-breakdown,True,58.6,80.4,66.3,94.7,pass,True,False,,
1171451,Nico Paz,13981507,rating-breakdown,passes,passes,,,,Como,90.0,,60.4,74,52.2,65.9,True,True,1,boolean_field,success,True,,rating-breakdown,True,60.4,74,52.2,65.9,pass,True,False,,
1171451,Nico Paz,13981507,rating-breakdown,passes,passes,,,,Como,90.0,,22,83.7,30.1,67.2,True,True,1,boolean_field,success,True,,rating-breakdown,True,22,83.7,30.1,67.2,pass,True,False,,
1171451,Nico Paz,13981507,rating-breakdown,passes,passes,,,,Como,90.0,,76,36.1,73.4,59.4,True,True,1,boolean_field,success,True,,rating-breakdown,True,76,36.1,73.4,59.4,pass,True,False,,
1171451,Nico Paz,13981507,rating-breakdown,passes,passes,,,,Como,90.0,,54.6,44.8,72.2,26.6,True,True,1,boolean_field,success,True,,rating-breakdown,True,54.6,44.8,72.2,26.6,pass,True,False,,
1171451,Nico Paz,13981507,rating-breakdown,passes,passes,,,,Como,90.0,,41.3,64.2,57,87.6,True,True,1,boolean_field,success,True,,rating-breakdown,True,41.3,64.2,57,87.6,pass,True,False,,
1171451,Nico Paz,13981507,rating-breakdown,passes,passes,,,,Como,90.0,,52.4,40.5,56.1,48.3,True,True,1,boolean_field,success,True,,rating-breakdown,True,52.4,40.5,56.1,48.3,pass,True,False,,
1171451,Nico Paz,13981507,rating-breakdown,passes,passes,,,,Como,90.0,,67.2,60.2,69.8,80.4,True,True,1,boolean_field,success,True,,rating-breakdown,True,67.2,60.2,69.8,80.4,pass,True,False,,
1171451,Nico Paz,13981507,rating-breakdown,passes,passes,,,,Como,90.0,,70.2,21.8,78.6,13,True,True,1,boolean_field,success,True,,rating-breakdown,True,70.2,21.8,78.6,13,pass,True,False,,
1171451,Nico Paz,13981507,rating-breakdown,passes,passes,,,,Como,90.0,,78.5,68.6,89.4,85.5,True,True,1,boolean_field,success,True,,rating-breakdown,True,78.5,68.6,89.4,85.5,pass,True,False,,
1171451,Nico Paz,13981507,rating-breakdown,passes,passes,,,,Como,90.0,,55.4,24.7,57.5,26.5,True,True,1,boolean_field,success,True,,rating-breakdown,True,55.4,24.7,57.5,26.5,pass,True,False,,
1171451,Nico Paz,13981507,rating-breakdown,passes,passes,,,,Como,90.0,,67.7,71.4,65.5,37.1,True,True,1,boolean_field,success,True,,rating-breakdown,True,67.7,71.4,65.5,37.1,pass,True,False,,
1171451,Nico Paz,13981507,rating-breakdown,passes,passes,,,,Como,90.0,,52.5,12.2,44.3,7.7,True,True,1,boolean_field,success,True,,rating-breakdown,True,52.5,12.2,44.3,7.7,pass,True,False,,
1171451,Nico Paz,13981507,rating-breakdown,passes,passes,,,,Como,90.0,,78.1,84.5,79.4,90.8,True,True,1,boolean_field,success,True,,rating-breakdown,True,78.1,84.5,79.4,90.8,pass,True,False,,
1171451,Nico Paz,13981507,rating-breakdown,passes,passes,,,,Como,90.0,,47.4,56.3,44.4,76.7,True,True,1,boolean_field,success,True,,rating-breakdown,True,47.4,56.3,44.4,76.7,pass,True,False,,
1171451,Nico Paz,13981507,rating-breakdown,passes,passes,,,,Como,90.0,,67.7,74.6,65.6,62.4,True,True,1,boolean_field,success,True,,rating-breakdown,True,67.7,74.6,65.6,62.4,pass,True,False,,
1171451,Nico Paz,13981507,rating-breakdown,passes,passes,,,,Como,90.0,,96.7,88.1,100,49.9,,,,unresolvable,,,,rating-breakdown,True,96.7,88.1,100,49.9,cross,True,False,,
1171451,Nico Paz,13981507,rating-breakdown,passes,passes,,,,Como,90.0,,73.3,25.4,77.3,3.8,True,True,1,boolean_field,success,True,,rating-breakdown,True,73.3,25.4,77.3,3.8,pass,True,False,,
1171451,Nico Paz,13981507,rating-breakdown,passes,passes,,,,Como,90.0,,69.8,27.4,89.3,50.3,,,,unresolvable,,,,rating-breakdown,True,69.8,27.4,89.3,50.3,cross,True,False,,
1171451,Nico Paz,13981507,rating-breakdown,passes,passes,,,,Como,90.0,,37.5,15.8,25.6,25.2,True,True,1,boolean_field,success,True,,rating-breakdown,True,37.5,15.8,25.6,25.2,pass,True,False,,
1171451,Nico Paz,13981507,rating-breakdown,passes,passes,,,,Como,90.0,,39.2,9.7,35.7,22.9,True,True,1,boolean_field,success,True,,rating-breakdown,True,39.2,9.7,35.7,22.9,pass,True,False,,
1171451,Nico Paz,13981507,rating-breakdown,passes,passes,,,,Como,90.0,,37.2,14.6,34.4,23.9,True,True,1,boolean_field,success,True,,rating-breakdown,True,37.2,14.6,34.4,23.9,pass,True,False,,
1171451,Nico Paz,13981507,rating-breakdown,passes,passes,,,,Como,90.0,,32.8,11.3,25.1,26.8,True,True,1,boolean_field,success,True,,rating-breakdown,True,32.8,11.3,25.1,26.8,pass,True,False,,
1171451,Nico Paz,13981507,rating-breakdown,passes,passes,,,,Como,90.0,,44.3,7.3,26.8,9.2,,,,unresolvable,,,,rating-breakdown,True,44.3,7.3,26.8,9.2,pass,True,False,,
1171451,Nico Paz,13981507,rating-breakdown,passes,passes,,,,Como,90.0,,67.4,54,72.5,58.3,True,True,1,boolean_field,success,True,,rating-breakdown,True,67.4,54,72.5,58.3,pass,True,False,,
1171451,Nico Paz,13981507,rating-breakdown,passes,passes,,,,Como,90.0,,56.3,6.4,62.8,10.1,,,,unresolvable,,,,rating-breakdown,True,56.3,6.4,62.8,10.1,pass,True,False,,
1171451,Nico Paz,13981507,rating-breakdown,passes,passes,,,,Como,90.0,,45.5,34,60.5,67.8,True,True,1,boolean_field,success,True,,rating-breakdown,True,45.5,34,60.5,67.8,pass,True,False,,
1171451,Nico Paz,13981507,rating-breakdown,dribbles,dribbles,,,,Como,90.0,,69.9,44.8,,,True,True,1,boolean_field,success,,True,rating-breakdown,True,69.9,44.8,,,dribble,True,False,,
1171451,Nico Paz,13981507,rating-breakdown,dribbles,dribbles,,,,Como,90.0,,53,41.9,,,,,,unresolvable,,,,rating-breakdown,True,53,41.9,,,dribble,True,False,,
1171451,Nico Paz,13981507,rating-breakdown,dribbles,dribbles,,,,Como,90.0,,76,65.7,,,True,True,1,boolean_field,success,,True,rating-breakdown,True,76,65.7,,,dribble,True,False,,
1171451,Nico Paz,13981507,rating-breakdown,dribbles,dribbles,,,,Como,90.0,,23.7,5.4,,,True,True,1,boolean_field,success,,True,rating-breakdown,True,23.7,5.4,,,dribble,True,False,,
1171451,Nico Paz,13981507,rating-breakdown,dribbles,dribbles,,,,Como,90.0,,64.6,90.3,,,True,True,1,boolean_field,success,,True,rating-breakdown,True,64.6,90.3,,,dribble,True,False,,
1171451,Nico Paz,13981507,rating-breakdown,dribbles,dribbles,,,,Como,90.0,,38.6,5.2,,,True,True,1,boolean_field,success,,True,rating-breakdown,True,38.6,5.2,,,dribble,True,False,,
1171451,Nico Paz,13981507,rating-breakdown,dribbles,dribbles,,,,Como,90.0,,41.8,7.1,,,,,,unresolvable,,,,rating-breakdown,True,41.8,7.1,,,dribble,True,False,,
1171451,Nico Paz,13981507,rating-breakdown,defensive,defensive,,,,Como,90.0,,46.2,48.1,,,True,True,1,boolean_field,success,,True,rating-breakdown,True,46.2,48.1,,,ball-recovery,True,False,,
1171451,Nico Paz,13981507,rating-breakdown,defensive,defensive,,,,Como,90.0,,57,29.8,,,True,True,1,boolean_field,success,,True,rating-breakdown,True,57,29.8,,,ball-recovery,True,False,,
1171451,Nico Paz,13981507,rating-breakdown,defensive,defensive,,,,Como,90.0,,0.1,46.4,,,True,True,1,boolean_field,success,,True,rating-breakdown,True,0.1,46.4,,,block,True,False,,
1171451,Nico Paz,13981507,rating-breakdown,defensive,defensive,,,,Como,90.0,,41.9,52.3,,,True,True,1,boolean_field,success,,True,rating-breakdown,True,41.9,52.3,,,ball-recovery,True,False,,
1171451,Nico Paz,13981507,rating-breakdown,defensive,defensive,,,,Como,90.0,,22,83.7,,,True,True,1,boolean_field,success,,True,rating-breakdown,True,22,83.7,,,ball-recovery,True,False,,
1171451,Nico Paz,13981507,rating-breakdown,defensive,defensive,,,,Como,90.0,,53.4,30.8,,,True,True,1,boolean_field,success,,True,rating-breakdown,True,53.4,30.8,,,ball-recovery,True,False,,
1171451,Nico Paz,13981507,rating-breakdown,defensive,defensive,,,,Como,90.0,,21,5.9,,,True,True,1,boolean_field,success,,True,rating-breakdown,True,21,5.9,,,ball-recovery,True,False,,
1171451,Nico Paz,13981507,rating-breakdown,defensive,defensive,,,,Como,90.0,,67.4,85.2,,,True,True,1,boolean_field,success,,True,rating-breakdown,True,67.4,85.2,,,ball-recovery,True,False,,
1171451,Nico Paz,13981507,rating-breakdown,defensive,defensive,,,,Como,90.0,,31.8,19,,,True,True,1,boolean_field,success,,True,rating-breakdown,True,31.8,19,,,ball-recovery,True,False,,
1171451,Nico Paz,13981507,rating-breakdown,defensive,defensive,,,,Como,90.0,,12,12.6,,,True,True,1,boolean_field,success,,True,rating-breakdown,True,12,12.6,,,tackle,True,False,,
1171451,Nico Paz,13981514,rating-breakdown,passes,passes,,,,Como,90.0,,34.8,39.9,25.1,45.9,True,True,1,boolean_field,success,True,,rating-breakdown,True,34.8,39.9,25.1,45.9,pass,False,False,,
1171451,Nico Paz,13981514,rating-breakdown,passes,passes,,,,Como,90.0,,46.7,31.3,57.2,5.7,True,True,1,boolean_field,success,True,,rating-breakdown,True,46.7,31.3,57.2,5.7,pass,False,False,,
1171451,Nico Paz,13981514,rating-breakdown,passes,passes,,,,Como,90.0,,69.4,38.2,55.2,65.1,True,True,1,boolean_field,success,True,,rating-breakdown,True,69.4,38.2,55.2,65.1,pass,False,False,,
1171451,Nico Paz,13981514,rating-breakdown,passes,passes,,,,Como,90.0,,60.4,8.2,67.2,22.9,True,True,1,boolean_field,success,True,,rating-breakdown,True,60.4,8.2,67.2,22.9,pass,False,False,,
1171451,Nico Paz,13981514,rating-breakdown,passes,passes,,,,Como,90.0,,54.7,5.2,51.9,10.2,,,,unresolvable,,,,rating-breakdown,True,54.7,5.2,51.9,10.2,pass,False,False,,
1171451,Nico Paz,13981514,rating-breakdown,passes,passes,,,,Como,90.0,,80.1,78.1,55,69.6,True,True,1,boolean_field,success,True,,rating-breakdown,True,80.1,78.1,55,69.6,pass,False,False,,
1171451,Nico Paz,13981514,rating-breakdown,passes,passes,,,,Como,90.0,,41.3,35.5,36.2,36.3,True,True,1,boolean_field,success,True,,rating-breakdown,True,41.3,35.5,36.2,36.3,pass,False,False,,
1171451,Nico Paz,13981514,rating-breakdown,passes,passes,,,,Como,90.0,,63.6,26.2,65.6,45.9,True,True,1,boolean_field,success,True,,rating-breakdown,True,63.6,26.2,65.6,45.9,pass,False,False,,
1171451,Nico Paz,13981514,rating-breakdown,passes,passes,,,,Como,90.0,,47.4,59.7,42.9,35.8,True,True,1,boolean_field,success,True,,rating-breakdown,True,47.4,59.7,42.9,35.8,pass,False,False,,
1171451,Nico Paz,13981514,rating-breakdown,passes,passes,,,,Como,90.0,,59.1,37.5,68.3,56.5,True,True,1,boolean_field,success,True,,rating-breakdown,True,59.1,37.5,68.3,56.5,pass,False,False,,
1171451,Nico Paz,13981514,rating-breakdown,passes,passes,,,,Como,90.0,,66.3,63.4,67.3,67,True,True,1,boolean_field,success,True,,rating-breakdown,True,66.3,63.4,67.3,67,pass,False,False,,
1171451,Nico Paz,13981514,rating-breakdown,passes,passes,,,,Como,90.0,,62,77.5,66.4,81.9,True,True,1,boolean_field,success,True,,rating-breakdown,True,62,77.5,66.4,81.9,pass,False,False,,
1171451,Nico Paz,13981514,rating-breakdown,passes,passes,,,,Como,90.0,,69.2,80.4,89,48,,,,unresolvable,,,,rating-breakdown,True,69.2,80.4,89,48,cross,False,False,,
1171451,Nico Paz,13981514,rating-breakdown,passes,passes,,,,Como,90.0,,32,84.2,33.8,85.4,,,,unresolvable,,,,rating-breakdown,True,32,84.2,33.8,85.4,pass,False,False,,
1171451,Nico Paz,13981514,rating-breakdown,passes,passes,,,,Como,90.0,,64.5,44.2,66,59.7,True,True,1,boolean_field,success,True,,rating-breakdown,True,64.5,44.2,66,59.7,pass,False,False,,
1171451,Nico Paz,13981514,rating-breakdown,passes,passes,,,,Como,90.0,,60.5,64.2,70.9,85.9,True,True,1,boolean_field,success,True,,rating-breakdown,True,60.5,64.2,70.9,85.9,pass,False,False,,
1171451,Nico Paz,13981514,rating-breakdown,passes,passes,,,,Como,90.0,,60.8,39,55.6,34.8,True,True,1,boolean_field,success,True,,rating-breakdown,True,60.8,39,55.6,34.8,pass,False,False,,
1171451,Nico Paz,13981514,rating-breakdown,passes,passes,,,,Como,90.0,,72.8,70.6,74,64.6,True,True,1,boolean_field,success,True,,rating-breakdown,True,72.8,70.6,74,64.6,pass,False,False,,
1171451,Nico Paz,13981514,rating-breakdown,passes,passes,,,,Como,90.0,,87.4,81.3,90.2,53.7,,,,unresolvable,,,,rating-breakdown,True,87.4,81.3,90.2,53.7,cross,False,False,,
1171451,Nico Paz,13981514,rating-breakdown,passes,passes,,,,Como,90.0,,53.8,90.9,52.7,95.8,True,True,1,boolean_field,success,True,,rating-breakdown,True,53.8,90.9,52.7,95.8,pass,False,False,,
1171451,Nico Paz,13981514,rating-breakdown,passes,passes,,,,Como,90.0,,46.5,53.5,43.8,52.8,True,True,1,boolean_field,success,True,,rating-breakdown,True,46.5,53.5,43.8,52.8,pass,False,False,,
1171451,Nico Paz,13981514,rating-breakdown,passes,passes,,,,Como,90.0,,56.3,75.7,64.7,95.5,True,True,1,boolean_field,success,True,,rating-breakdown,True,56.3,75.7,64.7,95.5,pass,False,False,,
1171451,Nico Paz,13981514,rating-breakdown,passes,passes,,,,Como,90.0,,65.1,81.7,69.7,71.4,True,True,1,boolean_field,success,True,,rating-breakdown,True,65.1,81.7,69.7,71.4,pass,False,False,,
1171451,Nico Paz,13981514,rating-breakdown,passes,passes,,,,Como,90.0,,23.6,83.8,26.1,92.1,True,True,1,boolean_field,success,True,,rating-breakdown,True,23.6,83.8,26.1,92.1,pass,False,False,,
1171451,Nico Paz,13981514,rating-breakdown,passes,passes,,,,Como,90.0,,47.2,80.5,54.9,95.2,True,True,1,boolean_field,success,True,,rating-breakdown,True,47.2,80.5,54.9,95.2,pass,False,False,,
1171451,Nico Paz,13981514,rating-breakdown,passes,passes,,,,Como,90.0,,78,61.9,79.7,61.2,,,,unresolvable,,,,rating-breakdown,True,78,61.9,79.7,61.2,pass,False,False,,
1171451,Nico Paz,13981514,rating-breakdown,passes,passes,,,,Como,90.0,,79.7,73.2,87.9,90.4,True,True,1,boolean_field,success,True,,rating-breakdown,True,79.7,73.2,87.9,90.4,pass,False,False,,
1171451,Nico Paz,13981514,rating-breakdown,passes,passes,,,,Como,90.0,,30.7,94.2,43.5,72.1,True,True,1,boolean_field,success,True,,rating-breakdown,True,30.7,94.2,43.5,72.1,pass,False,False,,
1171451,Nico Paz,13981514,rating-breakdown,passes,passes,,,,Como,90.0,,29.6,89.7,21.6,82.8,True,True,1,boolean_field,success,True,,rating-breakdown,True,29.6,89.7,21.6,82.8,pass,False,False,,
1171451,Nico Paz,13981514,rating-breakdown,passes,passes,,,,Como,90.0,,54.5,75.7,58.8,91.2,True,True,1,boolean_field,success,True,,rating-breakdown,True,54.5,75.7,58.8,91.2,pass,False,False,,
1171451,Nico Paz,13981514,rating-breakdown,passes,passes,,,,Como,90.0,,61.6,81.6,63.6,72,True,True,1,boolean_field,success,True,,rating-breakdown,True,61.6,81.6,63.6,72,pass,False,False,,
1171451,Nico Paz,13981514,rating-breakdown,passes,passes,,,,Como,90.0,,57.4,73.9,47.2,51,True,True,1,boolean_field,success,True,,rating-breakdown,True,57.4,73.9,47.2,51,pass,False,False,,
1171451,Nico Paz,13981514,rating-breakdown,passes,passes,,,,Como,90.0,,66.2,54.4,65.3,86.8,True,True,1,boolean_field,success,True,,rating-breakdown,True,66.2,54.4,65.3,86.8,pass,False,False,,
1171451,Nico Paz,13981514,rating-breakdown,passes,passes,,,,Como,90.0,,68.4,55,70.7,64.6,True,True,1,boolean_field,success,True,,rating-breakdown,True,68.4,55,70.7,64.6,pass,False,False,,
1171451,Nico Paz,13981514,rating-breakdown,passes,passes,,,,Como,90.0,,59.9,72.1,53.6,65.1,True,True,1,boolean_field,success,True,,rating-breakdown,True,59.9,72.1,53.6,65.1,pass,False,False,,
1171451,Nico Paz,13981514,rating-breakdown,passes,passes,,,,Como,90.0,,65.3,82.9,59.9,63.6,True,True,1,boolean_field,success,True,,rating-breakdown,True,65.3,82.9,59.9,63.6,pass,False,False,,
1171451,Nico Paz,13981514,rating-breakdown,passes,passes,,,,Como,90.0,,37.8,91.8,47.2,88.8,,,,unresolvable,,,,rating-breakdown,True,37.8,91.8,47.2,88.8,pass,False,False,,
1171451,Nico Paz,13981514,rating-breakdown,passes,passes,,,,Como,90.0,,36.8,71.4,54.1,67.2,True,True,1,boolean_field,success,True,,rating-breakdown,True,36.8,71.4,54.1,67.2,pass,False,False,,
1171451,Nico Paz,13981514,rating-breakdown,passes,passes,,,,Como,90.0,,57.4,72,49.7,58.5,True,True,1,boolean_field,success,True,,rating-breakdown,True,57.4,72,49.7,58.5,pass,False,False,,
1171451,Nico Paz,13981514,rating-breakdown,passes,passes,,,,Como,90.0,,77.4,89.2,73.1,75.3,True,True,1,boolean_field,success,True,,rating-breakdown,True,77.4,89.2,73.1,75.3,pass,False,False,,
1171451,Nico Paz,13981514,rating-breakdown,passes,passes,,,,Como,90.0,,42.1,7.8,38.8,3.7,True,True,1,boolean_field,success,True,,rating-breakdown,True,42.1,7.8,38.8,3.7,pass,False,False,,
1171451,Nico Paz,13981514,rating-breakdown,passes,passes,,,,Como,90.0,,56.9,69.4,38.4,64.3,True,True,1,boolean_field,success,True,,rating-breakdown,True,56.9,69.4,38.4,64.3,pass,False,False,,
1171451,Nico Paz,13981514,rating-breakdown,passes,passes,,,,Como,90.0,,14.8,10,11,13.2,True,True,1,boolean_field,success,True,,rating-breakdown,True,14.8,10,11,13.2,pass,False,False,,
1171451,Nico Paz,13981514,rating-breakdown,passes,passes,,,,Como,90.0,,50.1,40.8,64.4,5.4,True,True,1,boolean_field,success,True,,rating-breakdown,True,50.1,40.8,64.4,5.4,pass,False,False,,
1171451,Nico Paz,13981514,rating-breakdown,passes,passes,,,,Como,90.0,,64.2,51.1,60.5,43.9,True,True,1,boolean_field,success,True,,rating-breakdown,True,64.2,51.1,60.5,43.9,pass,False,False,,
1171451,Nico Paz,13981514,rating-breakdown,passes,passes,,,,Como,90.0,,60,69.4,65.4,74.7,,,,unresolvable,,,,rating-breakdown,True,60,69.4,65.4,74.7,pass,False,False,,
1171451,Nico Paz,13981514,rating-breakdown,passes,passes,,,,Como,90.0,,65.7,42.4,69.8,47.8,True,True,1,boolean_field,success,True,,rating-breakdown,True,65.7,42.4,69.8,47.8,pass,False,False,,
1171451,Nico Paz,13981514,rating-breakdown,passes,passes,,,,Como,90.0,,65.9,35.8,73.1,3.3,True,True,1,boolean_field,success,True,,rating-breakdown,True,65.9,35.8,73.1,3.3,pass,False,False,,
1171451,Nico Paz,13981514,rating-breakdown,passes,passes,,,,Como,90.0,,40,88.6,71.1,89.7,True,True,1,boolean_field,success,True,,rating-breakdown,True,40,88.6,71.1,89.7,pass,False,False,True,
1171451,Nico Paz,13981514,rating-breakdown,passes,passes,,,,Como,90.0,,58.8,81.6,57,63.9,True,True,1,boolean_field,success,True,,rating-breakdown,True,58.8,81.6,57,63.9,pass,False,False,,
1171451,Nico Paz,13981514,rating-breakdown,passes,passes,,,,Como,90.0,,62.8,77.5,57.9,57,True,True,1,boolean_field,success,True,,rating-breakdown,True,62.8,77.5,57.9,57,pass,False,False,,
1171451,Nico Paz,13981514,rating-breakdown,passes,passes,,,,Como,90.0,,46,95.8,47.3,94.3,,,,unresolvable,,,,rating-breakdown,True,46,95.8,47.3,94.3,pass,False,False,,
1171451,Nico Paz,13981514,rating-breakdown,passes,passes,,,,Como,90.0,,62.6,73.2,71.6,57.7,,,,unresolvable,,,,rating-breakdown,True,62.6,73.2,71.6,57.7,pass,False,False,,
1171451,Nico Paz,13981514,rating-breakdown,dribbles,dribbles,,,,Como,90.0,,59.2,95.4,,,,,,unresolvable,,,,rating-breakdown,True,59.2,95.4,,,dribble,False,False,,
1171451,Nico Paz,13981514,rating-breakdown,dribbles,dribbles,,,,Como,90.0,,65.7,91,,,,,,unresolvable,,,,rating-breakdown,True,65.7,91,,,dribble,False,False,,
1171451,Nico Paz,13981514,rating-breakdown,dribbles,dribbles,,,,Como,90.0,,79.8,69,,,,,,unresolvable,,,,rating-breakdown,True,79.8,69,,,dribble,False,False,,
1171451,Nico Paz,13981514,rating-breakdown,dribbles,dribbles,,,,Como,90.0,,60.5,86.6,,,True,True,1,boolean_field,success,,True,rating-breakdown,True,60.5,86.6,,,dribble,False,False,,
1171451,Nico Paz,13981514,rating-breakdown,defensive,defensive,,,,Como,90.0,,24.4,9.7,,,,,,unresolvable,,,,rating-breakdown,True,24.4,9.7,,,tackle,False,False,,
1171451,Nico Paz,13981514,rating-breakdown,defensive,defensive,,,,Como,90.0,,66.2,8.1,,,,,,unresolvable,,,,rating-breakdown,True,66.2,8.1,,,tackle,False,False,,
1171451,Nico Paz,13981514,rating-breakdown,defensive,defensive,,,,Como,90.0,,28.6,10.6,,,True,True,1,boolean_field,success,,True,rating-breakdown,True,28.6,10.6,,,tackle,False,False,,
1171451,Nico Paz,13981514,rating-breakdown,defensive,defensive,,,,Como,90.0,,64.5,44.2,,,True,True,1,boolean_field,success,,True,rating-breakdown,True,64.5,44.2,,,ball-recovery,False,False,,
1171451,Nico Paz,13981514,rating-breakdown,defensive,defensive,,,,Como,90.0,,65.4,87,,,True,True,1,boolean_field,success,,True,rating-breakdown,True,65.4,87,,,ball-recovery,False,False,,
1171451,Nico Paz,13981514,rating-breakdown,defensive,defensive,,,,Como,90.0,,26.4,80.3,,,True,True,1,boolean_field,success,,True,rating-breakdown,True,26.4,80.3,,,interception,False,False,,
1171451,Nico Paz,13981514,rating-breakdown,defensive,defensive,,,,Como,90.0,,23.6,83.8,,,True,True,1,boolean_field,success,,True,rating-breakdown,True,23.6,83.8,,,ball-recovery,False,False,,
1171451,Nico Paz,13981514,rating-breakdown,defensive,defensive,,,,Como,90.0,,56.3,70.5,,,True,True,1,boolean_field,success,,True,rating-breakdown,True,56.3,70.5,,,interception,False,False,,
1171451,Nico Paz,13981514,rating-breakdown,defensive,defensive,,,,Como,90.0,,55,95.5,,,True,True,1,boolean_field,success,,True,rating-breakdown,True,55,95.5,,,ball-recovery,False,False,,
1171451,Nico Paz,13981514,rating-breakdown,defensive,defensive,,,,Como,90.0,,71.8,92.5,,,True,True,1,boolean_field,success,,True,rating-breakdown,True,71.8,92.5,,,tackle,False,False,,
1171451,Nico Paz,13981514,rating-breakdown,defensive,defensive,,,,Como,90.0,,33.9,91.1,,,,,,unresolvable,,,,rating-breakdown,True,33.9,91.1,,,tackle,False,False,,
1171451,Nico Paz,13981514,rating-breakdown,defensive,defensive,,,,Como,90.0,,35.8,87.9,,,True,True,1,boolean_field,success,,True,rating-breakdown,True,35.8,87.9,,,ball-recovery,False,False,,
1171451,Nico Paz,13981529,rating-breakdown,passes,passes,,,,Como,90.0,,44.4,28.4,42.9,45.2,True,True,1,boolean_field,success,True,,rating-breakdown,True,44.4,28.4,42.9,45.2,pass,True,False,,
1171451,Nico Paz,13981529,rating-breakdown,passes,passes,,,,Como,90.0,,46.9,22.3,47.5,34,True,True,1,boolean_field,success,True,,rating-breakdown,True,46.9,22.3,47.5,34,pass,True,False,,
1171451,Nico Paz,13981529,rating-breakdown,passes,passes,,,,Como,90.0,,42.1,31,40.9,67.2,True,True,1,boolean_field,success,True,,rating-breakdown,True,42.1,31,40.9,67.2,pass,True,False,,
1171451,Nico Paz,13981529,rating-breakdown,passes,passes,,,,Como,90.0,,69,55.5,63.1,63.9,True,True,1,boolean_field,success,True,,rating-breakdown,True,69,55.5,63.1,63.9,pass,True,False,,
1171451,Nico Paz,13981529,rating-breakdown,passes,passes,,,,Como,90.0,,53.6,28.3,54,29.7,,,,unresolvable,,,,rating-breakdown,True,53.6,28.3,54,29.7,pass,True,False,,
1171451,Nico Paz,13981529,rating-breakdown,passes,passes,,,,Como,90.0,,77.9,26.5,74.7,39.7,True,True,1,boolean_field,success,True,,rating-breakdown,True,77.9,26.5,74.7,39.7,pass,True,False,,
1171451,Nico Paz,13981529,rating-breakdown,passes,passes,,,,Como,90.0,,66.4,34,61.2,30.4,True,True,1,boolean_field,success,True,,rating-breakdown,True,66.4,34,61.2,30.4,pass,True,False,,
1171451,Nico Paz,13981529,rating-breakdown,passes,passes,,,,Como,90.0,,53.6,40,42.4,64.9,True,True,1,boolean_field,success,True,,rating-breakdown,True,53.6,40,42.4,64.9,pass,True,False,,
1171451,Nico Paz,13981529,rating-breakdown,passes,passes,,,,Como,90.0,,71.7,33.1,71,38.7,True,True,1,boolean_field,success,True,,rating-breakdown,True,71.7,33.1,71,38.7,pass,True,False,,
1171451,Nico Paz,13981529,rating-breakdown,passes,passes,,,,Como,90.0,,55.7,43.6,76.6,58.3,True,True,1,boolean_field,success,True,,rating-breakdown,True,55.7,43.6,76.6,58.3,pass,True,False,,
1171451,Nico Paz,13981529,rating-breakdown,passes,passes,,,,Como,90.0,,64,22.9,88.8,47.8,,,,unresolvable,,,,rating-breakdown,True,64,22.9,88.8,47.8,pass,True,False,,
1171451,Nico Paz,13981529,rating-breakdown,passes,passes,,,,Como,90.0,,69.3,87.1,67.6,48.3,True,True,1,boolean_field,success,True,,rating-breakdown,True,69.3,87.1,67.6,48.3,pass,True,False,,
1171451,Nico Paz,13981529,rating-breakdown,passes,passes,,,,Como,90.0,,68.2,53.4,73.9,74.1,True,True,1,boolean_field,success,True,,rating-breakdown,True,68.2,53.4,73.9,74.1,pass,True,False,,
1171451,Nico Paz,13981529,rating-breakdown,passes,passes,,,,Como,90.0,,81.7,73.6,85.7,60.7,,,,unresolvable,,,,rating-breakdown,True,81.7,73.6,85.7,60.7,pass,True,False,,
1171451,Nico Paz,13981529,rating-breakdown,passes,passes,,,,Como,90.0,,64.3,79.3,59.2,89.1,True,True,1,boolean_field,success,True,,rating-breakdown,True,64.3,79.3,59.2,89.1,pass,True,False,,
1171451,Nico Paz,13981529,rating-breakdown,passes,passes,,,,Como,90.0,,67.3,32.4,66.1,57.7,True,True,1,boolean_field,success,True,,rating-breakdown,True,67.3,32.4,66.1,57.7,pass,True,False,,
1171451,Nico Paz,13981529,rating-breakdown,passes,passes,,,,Como,90.0,,61.2,27.1,78.3,13.5,True,True,1,boolean_field,success,True,,rating-breakdown,True,61.2,27.1,78.3,13.5,pass,True,True,,
1171451,Nico Paz,13981529,rating-breakdown,passes,passes,,,,Como,90.0,,99.5,0.5,95.8,54,,,,unresolvable,,,,rating-breakdown,True,99.5,0.5,95.8,54,cross,True,False,True,
1171451,Nico Paz,13981529,rating-breakdown,passes,passes,,,,Como,90.0,,37.4,7.8,32.1,8.1,True,True,1,boolean_field,success,True,,rating-breakdown,True,37.4,7.8,32.1,8.1,pass,True,False,,
1171451,Nico Paz,13981529,rating-breakdown,passes,passes,,,,Como,90.0,,45.5,17.7,38,40,True,True,1,boolean_field,success,True,,rating-breakdown,True,45.5,17.7,38,40,pass,True,False,,
1171451,Nico Paz,13981529,rating-breakdown,passes,passes,,,,Como,90.0,,61.5,25.8,71.8,29.3,True,True,1,boolean_field,success,True,,rating-breakdown,True,61.5,25.8,71.8,29.3,pass,True,False,,
1171451,Nico Paz,13981529,rating-breakdown,passes,passes,,,,Como,90.0,,44.6,79.8,72.2,88.2,,,,unresolvable,,,,rating-breakdown,True,44.6,79.8,72.2,88.2,pass,True,False,,
1171451,Nico Paz,13981529,rating-breakdown,passes,passes,,,,Como,90.0,,70.1,32.8,88.4,33,,,,unresolvable,,,,rating-breakdown,True,70.1,32.8,88.4,33,pass,True,False,,
1171451,Nico Paz,13981529,rating-breakdown,passes,passes,,,,Como,90.0,,72.6,25.9,69.5,29.5,True,True,1,boolean_field,success,True,,rating-breakdown,True,72.6,25.9,69.5,29.5,pass,True,False,,
1171451,Nico Paz,13981529,rating-breakdown,passes,passes,,,,Como,90.0,,68.3,57.9,73.9,66.7,True,True,1,boolean_field,success,True,,rating-breakdown,True,68.3,57.9,73.9,66.7,pass,True,False,,
1171451,Nico Paz,13981529,rating-breakdown,passes,passes,,,,Como,90.0,,65.9,34.9,77.6,11.8,True,True,1,boolean_field,success,True,,rating-breakdown,True,65.9,34.9,77.6,11.8,pass,True,False,,
1171451,Nico Paz,13981529,rating-breakdown,passes,passes,,,,Como,90.0,,69.7,16.6,68.6,42.6,True,True,1,boolean_field,success,True,,rating-breakdown,True,69.7,16.6,68.6,42.6,pass,True,False,,
1171451,Nico Paz,13981529,rating-breakdown,passes,passes,,,,Como,90.0,,63.2,11.1,63.9,14.2,,,,unresolvable,,,,rating-breakdown,True,63.2,11.1,63.9,14.2,pass,True,False,,
1171451,Nico Paz,13981529,rating-breakdown,passes,passes,,,,Como,90.0,,41.2,30,53.5,54.6,True,True,1,boolean_field,success,True,,rating-breakdown,True,41.2,30,53.5,54.6,pass,True,False,,
1171451,Nico Paz,13981529,rating-breakdown,passes,passes,,,,Como,90.0,,64,69.7,58.4,42.3,True,True,1,boolean_field,success,True,,rating-breakdown,True,64,69.7,58.4,42.3,pass,True,False,,
1171451,Nico Paz,13981529,rating-breakdown,passes,passes,,,,Como,90.0,,55.3,49.3,64.8,36.3,True,True,1,boolean_field,success,True,,rating-breakdown,True,55.3,49.3,64.8,36.3,pass,True,False,,
1171451,Nico Paz,13981529,rating-breakdown,passes,passes,,,,Como,90.0,,74.6,52.8,75.2,40,True,True,1,boolean_field,success,True,,rating-breakdown,True,74.6,52.8,75.2,40,pass,True,False,,
1171451,Nico Paz,13981529,rating-breakdown,passes,passes,,,,Como,90.0,,42.1,59.8,33.1,75.1,True,True,1,boolean_field,success,True,,rating-breakdown,True,42.1,59.8,33.1,75.1,pass,True,False,,
1171451,Nico Paz,13981529,rating-breakdown,passes,passes,,,,Como,90.0,,66.1,26.1,55.8,26.1,,,,unresolvable,,,,rating-breakdown,True,66.1,26.1,55.8,26.1,pass,True,False,,
1171451,Nico Paz,13981529,rating-breakdown,passes,passes,,,,Como,90.0,,62.7,53.5,61.8,42.4,True,True,1,boolean_field,success,True,,rating-breakdown,True,62.7,53.5,61.8,42.4,pass,True,False,,
1171451,Nico Paz,13981529,rating-breakdown,passes,passes,,,,Como,90.0,,52.8,13.6,71.2,54,,,,unresolvable,,,,rating-breakdown,True,52.8,13.6,71.2,54,pass,True,False,True,
1171451,Nico Paz,13981529,rating-breakdown,passes,passes,,,,Como,90.0,,62.3,37.6,53.6,60.9,True,True,1,boolean_field,success,True,,rating-breakdown,True,62.3,37.6,53.6,60.9,pass,True,False,,
1171451,Nico Paz,13981529,rating-breakdown,passes,passes,,,,Como,90.0,,74,25,74.1,26.2,,,,unresolvable,,,,rating-breakdown,True,74,25,74.1,26.2,pass,True,False,,
1171451,Nico Paz,13981529,rating-breakdown,passes,passes,,,,Como,90.0,,52.8,59.1,52.6,47.5,True,True,1,boolean_field,success,True,,rating-breakdown,True,52.8,59.1,52.6,47.5,pass,True,False,,
1171451,Nico Paz,13981529,rating-breakdown,passes,passes,,,,Como,90.0,,63.6,60.4,74,94.2,True,True,1,boolean_field,success,True,,rating-breakdown,True,63.6,60.4,74,94.2,pass,True,False,,
1171451,Nico Paz,13981529,rating-breakdown,passes,passes,,,,Como,90.0,,66.7,15.4,75,7.3,True,True,1,boolean_field,success,True,,rating-breakdown,True,66.7,15.4,75,7.3,pass,True,False,,
1171451,Nico Paz,13981529,rating-breakdown,passes,passes,,,,Como,90.0,,47.1,7.8,39,35.1,True,True,1,boolean_field,success,True,,rating-breakdown,True,47.1,7.8,39,35.1,pass,True,False,,
1171451,Nico Paz,13981529,rating-breakdown,passes,passes,,,,Como,90.0,,52.4,19.3,45.8,16.3,True,True,1,boolean_field,success,True,,rating-breakdown,True,52.4,19.3,45.8,16.3,pass,True,False,,
1171451,Nico Paz,13981529,rating-breakdown,passes,passes,,,,Como,90.0,,40.2,37.6,58.6,29.7,True,True,1,boolean_field,success,True,,rating-breakdown,True,40.2,37.6,58.6,29.7,pass,True,False,,
1171451,Nico Paz,13981529,rating-breakdown,passes,passes,,,,Como,90.0,,58.3,6,69.5,7,True,True,1,boolean_field,success,True,,rating-breakdown,True,58.3,6,69.5,7,pass,True,False,,
1171451,Nico Paz,13981529,rating-breakdown,passes,passes,,,,Como,90.0,,63,21.5,52.1,57.5,True,True,1,boolean_field,success,True,,rating-breakdown,True,63,21.5,52.1,57.5,pass,True,False,,
1171451,Nico Paz,13981529,rating-breakdown,passes,passes,,,,Como,90.0,,72.7,7.2,85.2,58,,,,unresolvable,,,,rating-breakdown,True,72.7,7.2,85.2,58,cross,True,False,True,
1171451,Nico Paz,13981529,rating-breakdown,passes,passes,,,,Como,90.0,,43.2,10.5,36.2,47.1,True,True,1,boolean_field,success,True,,rating-breakdown,True,43.2,10.5,36.2,47.1,pass,True,False,,
1171451,Nico Paz,13981529,rating-breakdown,passes,passes,,,,Como,90.0,,70.7,40.3,78.2,15.6,True,True,1,boolean_field,success,True,,rating-breakdown,True,70.7,40.3,78.2,15.6,pass,True,False,,
1171451,Nico Paz,13981529,rating-breakdown,passes,passes,,,,Como,90.0,,99.5,0.5,90.9,66.1,True,True,1,boolean_field,success,True,,rating-breakdown,True,99.5,0.5,90.9,66.1,cross,True,False,True,
1171451,Nico Paz,13981529,rating-breakdown,passes,passes,,,,Como,90.0,,41.2,10.6,43.1,35.8,,,,unresolvable,,,,rating-breakdown,True,41.2,10.6,43.1,35.8,pass,True,False,,
1171451,Nico Paz,13981529,rating-breakdown,passes,passes,,,,Como,90.0,,52,26.1,42.5,54,True,True,1,boolean_field,success,True,,rating-breakdown,True,52,26.1,42.5,54,pass,True,False,,
1171451,Nico Paz,13981529,rating-breakdown,passes,passes,,,,Como,90.0,,70.1,34.3,79.5,10.9,True,True,1,boolean_field,success,True,,rating-breakdown,True,70.1,34.3,79.5,10.9,pass,True,False,,
1171451,Nico Paz,13981529,rating-breakdown,passes,passes,,,,Como,90.0,,99.5,0.5,92.7,61.6,,,,unresolvable,,,,rating-breakdown,True,99.5,0.5,92.7,61.6,cross,True,False,True,
1171451,Nico Paz,13981529,rating-breakdown,passes,passes,,,,Como,90.0,,62.6,71.1,73,57.6,True,True,1,boolean_field,success,True,,rating-breakdown,True,62.6,71.1,73,57.6,pass,True,False,,
1171451,Nico Paz,13981529,rating-breakdown,passes,passes,,,,Como,90.0,,64.3,11.7,68.4,26.1,True,True,1,boolean_field,success,True,,rating-breakdown,True,64.3,11.7,68.4,26.1,pass,True,False,,
1171451,Nico Paz,13981529,rating-breakdown,dribbles,dribbles,,,,Como,90.0,,58.3,37,,,True,True,1,boolean_field,success,,True,rating-breakdown,True,58.3,37,,,dribble,True,False,,
1171451,Nico Paz,13981529,rating-breakdown,dribbles,dribbles,,,,Como,90.0,,78.8,91.1,,,True,True,1,boolean_field,success,,True,rating-breakdown,True,78.8,91.1,,,dribble,True,False,,
1171451,Nico Paz,13981529,rating-breakdown,dribbles,dribbles,,,,Como,90.0,,88.4,89.1,,,True,True,1,boolean_field,success,,True,rating-breakdown,True,88.4,89.1,,,dribble,True,False,,
1171451,Nico Paz,13981529,rating-breakdown,dribbles,dribbles,,,,Como,90.0,,88.9,86.2,,,,,,unresolvable,,,,rating-breakdown,True,88.9,86.2,,,dribble,True,False,,
1171451,Nico Paz,13981529,rating-breakdown,dribbles,dribbles,,,,Como,90.0,,77.9,51.9,,,,,,unresolvable,,,,rating-breakdown,True,77.9,51.9,,,dribble,True,False,,
1171451,Nico Paz,13981529,rating-breakdown,dribbles,dribbles,,,,Como,90.0,,49.4,16.6,,,True,True,1,boolean_field,success,,True,rating-breakdown,True,49.4,16.6,,,dribble,True,False,,
1171451,Nico Paz,13981529,rating-breakdown,dribbles,dribbles,,,,Como,90.0,,65.8,7.3,,,,,,unresolvable,,,,rating-breakdown,True,65.8,7.3,,,dribble,True,False,,
1171451,Nico Paz,13981529,rating-breakdown,defensive,defensive,,,,Como,90.0,,62.4,6.2,,,True,True,1,boolean_field,success,,True,rating-breakdown,True,62.4,6.2,,,tackle,True,False,,
1171451,Nico Paz,13981529,rating-breakdown,defensive,defensive,,,,Como,90.0,,37.4,5.3,,,True,True,1,boolean_field,success,,True,rating-breakdown,True,37.4,5.3,,,tackle,True,False,,
1171451,Nico Paz,13981529,rating-breakdown,defensive,defensive,,,,Como,90.0,,44.6,79.8,,,True,True,1,boolean_field,success,,True,rating-breakdown,True,44.6,79.8,,,ball-recovery,True,False,,
1171451,Nico Paz,13981529,rating-breakdown,defensive,defensive,,,,Como,90.0,,59,13.8,,,True,True,1,boolean_field,success,,True,rating-breakdown,True,59,13.8,,,tackle,True,False,,
1171451,Nico Paz,13981529,rating-breakdown,defensive,defensive,,,,Como,90.0,,62.7,10.2,,,True,True,1,boolean_field,success,,True,rating-breakdown,True,62.7,10.2,,,ball-recovery,True,False,,
1171451,Nico Paz,13981529,rating-breakdown,defensive,defensive,,,,Como,90.0,,60.5,68.6,,,True,True,1,boolean_field,success,,True,rating-breakdown,True,60.5,68.6,,,interception,True,False,,
1171451,Nico Paz,13981529,rating-breakdown,defensive,defensive,,,,Como,90.0,,69.8,60.1,,,True,True,1,boolean_field,success,,True,rating-breakdown,True,69.8,60.1,,,ball-recovery,True,False,,
1171451,Nico Paz,13981529,rating-breakdown,defensive,defensive,,,,Como,90.0,,40.8,11.4,,,True,True,1,boolean_field,success,,True,rating-breakdown,True,40.8,11.4,,,tackle,True,False,,
1171451,Nico Paz,13981535,rating-breakdown,passes,passes,,,,Como,83.0,,66.2,21.6,63.4,37.9,True,True,1,boolean_field,success,True,,rating-breakdown,True,66.2,21.6,63.4,37.9,pass,False,False,,
1171451,Nico Paz,13981535,rating-breakdown,passes,passes,,,,Como,83.0,,38.1,91.2,35,83.7,True,True,1,boolean_field,success,True,,rating-breakdown,True,38.1,91.2,35,83.7,pass,False,False,,
1171451,Nico Paz,13981535,rating-breakdown,passes,passes,,,,Como,83.0,,26.7,78.7,25.9,96,True,True,1,boolean_field,success,True,,rating-breakdown,True,26.7,78.7,25.9,96,pass,False,False,,
1171451,Nico Paz,13981535,rating-breakdown,passes,passes,,,,Como,83.0,,48.5,85,79.2,65.5,,,,unresolvable,,,,rating-breakdown,True,48.5,85,79.2,65.5,pass,False,False,True,
1171451,Nico Paz,13981535,rating-breakdown,passes,passes,,,,Como,83.0,,40.8,67.8,37.7,57.9,True,True,1,boolean_field,success,True,,rating-breakdown,True,40.8,67.8,37.7,57.9,pass,False,False,,
1171451,Nico Paz,13981535,rating-breakdown,passes,passes,,,,Como,83.0,,42.7,34,35,9.9,True,True,1,boolean_field,success,True,,rating-breakdown,True,42.7,34,35,9.9,pass,False,False,,
1171451,Nico Paz,13981535,rating-breakdown,passes,passes,,,,Como,83.0,,63.6,12.1,60.9,31,True,True,1,boolean_field,success,True,,rating-breakdown,True,63.6,12.1,60.9,31,pass,False,False,,
1171451,Nico Paz,13981535,rating-breakdown,passes,passes,,,,Como,83.0,,69.1,34.8,77.7,32.2,,,,unresolvable,,,,rating-breakdown,True,69.1,34.8,77.7,32.2,pass,False,False,,
1171451,Nico Paz,13981535,rating-breakdown,passes,passes,,,,Como,83.0,,37.3,10.3,24.3,15,True,True,1,boolean_field,success,True,,rating-breakdown,True,37.3,10.3,24.3,15,pass,False,False,,
1171451,Nico Paz,13981535,rating-breakdown,passes,passes,,,,Como,83.0,,60.9,14.8,57.3,8.4,True,True,1,boolean_field,success,True,,rating-breakdown,True,60.9,14.8,57.3,8.4,pass,False,False,,
1171451,Nico Paz,13981535,rating-breakdown,passes,passes,,,,Como,83.0,,58.3,18.9,46.4,10.3,True,True,1,boolean_field,success,True,,rating-breakdown,True,58.3,18.9,46.4,10.3,pass,False,False,,
1171451,Nico Paz,13981535,rating-breakdown,passes,passes,,,,Como,83.0,,60.8,11.1,48.9,6.9,,,,unresolvable,,,,rating-breakdown,True,60.8,11.1,48.9,6.9,pass,False,False,,
1171451,Nico Paz,13981535,rating-breakdown,passes,passes,,,,Como,83.0,,66.2,77.5,73.8,77.4,True,True,1,boolean_field,success,True,,rating-breakdown,True,66.2,77.5,73.8,77.4,pass,False,False,,
1171451,Nico Paz,13981535,rating-breakdown,passes,passes,,,,Como,83.0,,67.6,67.3,71.5,35.8,,,,unresolvable,,,,rating-breakdown,True,67.6,67.3,71.5,35.8,pass,False,False,,
1171451,Nico Paz,13981535,rating-breakdown,passes,passes,,,,Como,83.0,,44.5,70.8,51.8,92.8,True,True,1,boolean_field,success,True,,rating-breakdown,True,44.5,70.8,51.8,92.8,pass,False,False,,
1171451,Nico Paz,13981535,rating-breakdown,passes,passes,,,,Como,83.0,,64.3,34.9,62,45,True,True,1,boolean_field,success,True,,rating-breakdown,True,64.3,34.9,62,45,pass,False,False,,
1171451,Nico Paz,13981535,rating-breakdown,passes,passes,,,,Como,83.0,,68.2,30.9,72.6,32.4,True,True,1,boolean_field,success,True,,rating-breakdown,True,68.2,30.9,72.6,32.4,pass,False,False,,
1171451,Nico Paz,13981535,rating-breakdown,passes,passes,,,,Como,83.0,,35.6,20.4,59.1,7.9,True,True,1,boolean_field,success,True,,rating-breakdown,True,35.6,20.4,59.1,7.9,pass,False,False,,
1171451,Nico Paz,13981535,rating-breakdown,passes,passes,,,,Como,83.0,,60.4,41.8,52.1,48.7,True,True,1,boolean_field,success,True,,rating-breakdown,True,60.4,41.8,52.1,48.7,pass,False,False,,
1171451,Nico Paz,13981535,rating-breakdown,passes,passes,,,,Como,83.0,,67.1,30.4,89.9,62.1,True,True,1,boolean_field,success,True,,rating-breakdown,True,67.1,30.4,89.9,62.1,pass,False,False,True,
1171451,Nico Paz,13981535,rating-breakdown,passes,passes,,,,Como,83.0,,46.6,60.6,62.9,15,True,True,1,boolean_field,success,True,,rating-breakdown,True,46.6,60.6,62.9,15,pass,False,True,True,
1171451,Nico Paz,13981535,rating-breakdown,passes,passes,,,,Como,83.0,,59,73.8,52.3,89.8,True,True,1,boolean_field,success,True,,rating-breakdown,True,59,73.8,52.3,89.8,pass,False,False,,
1171451,Nico Paz,13981535,rating-breakdown,passes,passes,,,,Como,83.0,,26.9,25.2,30.2,34.3,True,True,1,boolean_field,success,True,,rating-breakdown,True,26.9,25.2,30.2,34.3,pass,False,False,,
1171451,Nico Paz,13981535,rating-breakdown,passes,passes,,,,Como,83.0,,59.7,14.7,71.7,6.6,True,True,1,boolean_field,success,True,,rating-breakdown,True,59.7,14.7,71.7,6.6,pass,False,False,,
1171451,Nico Paz,13981535,rating-breakdown,passes,passes,,,,Como,83.0,,89.4,20.4,92,52.3,True,True,1,boolean_field,success,True,,rating-breakdown,True,89.4,20.4,92,52.3,cross,False,True,,
1171451,Nico Paz,13981535,rating-breakdown,passes,passes,,,,Como,83.0,,53,21.4,46.6,39.4,True,True,1,boolean_field,success,True,,rating-breakdown,True,53,21.4,46.6,39.4,pass,False,False,,
1171451,Nico Paz,13981535,rating-breakdown,passes,passes,,,,Como,83.0,,55.9,15.4,75.3,7.2,True,True,1,boolean_field,success,True,,rating-breakdown,True,55.9,15.4,75.3,7.2,pass,False,False,,
1171451,Nico Paz,13981535,rating-breakdown,passes,passes,,,,Como,83.0,,78.2,16.8,67.8,14.4,True,True,1,boolean_field,success,True,,rating-breakdown,True,78.2,16.8,67.8,14.4,pass,False,False,,
1171451,Nico Paz,13981535,rating-breakdown,passes,passes,,,,Como,83.0,,71,10.9,74.6,7.6,True,True,1,boolean_field,success,True,,rating-breakdown,True,71,10.9,74.6,7.6,pass,False,False,,
1171451,Nico Paz,13981535,rating-breakdown,passes,passes,,,,Como,83.0,,71.6,25.3,71.3,46.5,True,True,1,boolean_field,success,True,,rating-breakdown,True,71.6,25.3,71.3,46.5,pass,False,False,,
1171451,Nico Paz,13981535,rating-breakdown,passes,passes,,,,Como,83.0,,41,13.2,39.4,75.1,True,True,1,boolean_field,success,True,,rating-breakdown,True,41,13.2,39.4,75.1,pass,False,False,True,
1171451,Nico Paz,13981535,rating-breakdown,passes,passes,,,,Como,83.0,,62.6,33.7,75.8,11.4,True,True,1,boolean_field,success,True,,rating-breakdown,True,62.6,33.7,75.8,11.4,pass,False,False,,
1171451,Nico Paz,13981535,rating-breakdown,passes,passes,,,,Como,83.0,,71.5,36.6,82.3,23.2,True,True,1,boolean_field,success,True,,rating-breakdown,True,71.5,36.6,82.3,23.2,pass,False,False,,
1171451,Nico Paz,13981535,rating-breakdown,passes,passes,,,,Como,83.0,,72.6,28.6,79.9,87,True,True,1,boolean_field,success,True,,rating-breakdown,True,72.6,28.6,79.9,87,pass,False,False,True,
1171451,Nico Paz,13981535,rating-breakdown,passes,passes,,,,Como,83.0,,96.8,27.4,88.8,23.8,True,True,1,boolean_field,success,True,,rating-breakdown,True,96.8,27.4,88.8,23.8,pass,False,False,,
1171451,Nico Paz,13981535,rating-breakdown,passes,passes,,,,Como,83.0,,71.8,24,73.8,32.4,True,True,1,boolean_field,success,True,,rating-breakdown,True,71.8,24,73.8,32.4,pass,False,False,,
1171451,Nico Paz,13981535,rating-breakdown,passes,passes,,,,Como,83.0,,39.1,30.1,50.8,35.4,True,True,1,boolean_field,success,True,,rating-breakdown,True,39.1,30.1,50.8,35.4,pass,False,False,,
1171451,Nico Paz,13981535,rating-breakdown,passes,passes,,,,Como,83.0,,67.9,25.8,66.5,44.2,True,True,1,boolean_field,success,True,,rating-breakdown,True,67.9,25.8,66.5,44.2,pass,False,False,,
1171451,Nico Paz,13981535,rating-breakdown,passes,passes,,,,Como,83.0,,70.9,43.5,93.7,85.3,True,True,1,boolean_field,success,True,,rating-breakdown,True,70.9,43.5,93.7,85.3,pass,False,False,True,
1171451,Nico Paz,13981535,rating-breakdown,passes,passes,,,,Como,83.0,,41.2,67.9,35.3,67.8,True,True,1,boolean_field,success,True,,rating-breakdown,True,41.2,67.9,35.3,67.8,pass,False,False,,
1171451,Nico Paz,13981535,rating-breakdown,passes,passes,,,,Como,83.0,,63.7,77.8,56.4,83.2,True,True,1,boolean_field,success,True,,rating-breakdown,True,63.7,77.8,56.4,83.2,pass,False,False,,
1171451,Nico Paz,13981535,rating-breakdown,passes,passes,,,,Como,83.0,,94.6,30.6,94.5,35.8,,,,unresolvable,,,,rating-breakdown,True,94.6,30.6,94.5,35.8,pass,False,False,,
1171451,Nico Paz,13981535,rating-breakdown,passes,passes,,,,Como,83.0,,61.7,87.6,65.2,74.8,True,True,1,boolean_field,success,True,,rating-breakdown,True,61.7,87.6,65.2,74.8,pass,False,False,,
1171451,Nico Paz,13981535,rating-breakdown,passes,passes,,,,Como,83.0,,23.9,79.5,31.2,91,True,True,1,boolean_field,success,True,,rating-breakdown,True,23.9,79.5,31.2,91,pass,False,False,,
1171451,Nico Paz,13981535,rating-breakdown,passes,passes,,,,Como,83.0,,34.7,75.9,40.4,71.2,,,,unresolvable,,,,rating-breakdown,True,34.7,75.9,40.4,71.2,pass,False,False,,
1171451,Nico Paz,13981535,rating-breakdown,passes,passes,,,,Como,83.0,,30.2,85.6,33.7,74.2,True,True,1,boolean_field,success,True,,rating-breakdown,True,30.2,85.6,33.7,74.2,pass,False,False,,
1171451,Nico Paz,13981535,rating-breakdown,passes,passes,,,,Como,83.0,,24.8,79.2,30.5,88,True,True,1,boolean_field,success,True,,rating-breakdown,True,24.8,79.2,30.5,88,pass,False,False,,
1171451,Nico Paz,13981535,rating-breakdown,dribbles,dribbles,,,,Como,83.0,,38.5,92.1,,,True,True,1,boolean_field,success,,True,rating-breakdown,True,38.5,92.1,,,dribble,False,False,,
1171451,Nico Paz,13981535,rating-breakdown,dribbles,dribbles,,,,Como,83.0,,67.3,63.8,,,,,,unresolvable,,,,rating-breakdown,True,67.3,63.8,,,dribble,False,False,,
1171451,Nico Paz,13981535,rating-breakdown,dribbles,dribbles,,,,Como,83.0,,53.4,54.3,,,True,True,1,boolean_field,success,,True,rating-breakdown,True,53.4,54.3,,,dribble,False,False,,
1171451,Nico Paz,13981535,rating-breakdown,dribbles,dribbles,,,,Como,83.0,,58.6,53.3,,,True,True,1,boolean_field,success,,True,rating-breakdown,True,58.6,53.3,,,dribble,False,False,,
1171451,Nico Paz,13981535,rating-breakdown,dribbles,dribbles,,,,Como,83.0,,66.6,8.2,,,True,True,1,boolean_field,success,,True,rating-breakdown,True,66.6,8.2,,,dribble,False,False,,
1171451,Nico Paz,13981535,rating-breakdown,defensive,defensive,,,,Como,83.0,,64.2,70.8,,,True,True,1,boolean_field,success,,True,rating-breakdown,True,64.2,70.8,,,interception,False,False,,
1171451,Nico Paz,13981535,rating-breakdown,defensive,defensive,,,,Como,83.0,,27.4,67.2,,,True,True,1,boolean_field,success,,True,rating-breakdown,True,27.4,67.2,,,tackle,False,False,,
1171451,Nico Paz,13981535,rating-breakdown,defensive,defensive,,,,Como,83.0,,68.3,60.3,,,True,True,1,boolean_field,success,,True,rating-breakdown,True,68.3,60.3,,,ball-recovery,False,False,,
1171451,Nico Paz,13981535,rating-breakdown,defensive,defensive,,,,Como,83.0,,32.2,8.7,,,True,True,1,boolean_field,success,,True,rating-breakdown,True,32.2,8.7,,,ball-recovery,False,False,,
1171451,Nico Paz,13981535,rating-breakdown,defensive,defensive,,,,Como,83.0,,66.2,77.5,,,True,True,1,boolean_field,success,,True,rating-breakdown,True,66.2,77.5,,,ball-recovery,False,False,,
1171451,Nico Paz,13981535,rating-breakdown,defensive,defensive,,,,Como,83.0,,66.7,46.2,,,True,True,1,boolean_field,success,,True,rating-breakdown,True,66.7,46.2,,,ball-recovery,False,False,,
1171451,Nico Paz,13981535,rating-breakdown,defensive,defensive,,,,Como,83.0,,35.6,20.4,,,True,True,1,boolean_field,success,,True,rating-breakdown,True,35.6,20.4,,,ball-recovery,False,False,,
1171451,Nico Paz,13981535,rating-breakdown,defensive,defensive,,,,Como,83.0,,26.9,25.2,,,True,True,1,boolean_field,success,,True,rating-breakdown,True,26.9,25.2,,,ball-recovery,False,False,,
1171451,Nico Paz,13981535,rating-breakdown,defensive,defensive,,,,Como,83.0,,7.8,13.8,,,,,,unresolvable,,,,rating-breakdown,True,7.8,13.8,,,tackle,False,False,,
1171451,Nico Paz,13981548,rating-breakdown,passes,passes,,,,Como,90.0,,48.4,23.6,45.8,6.2,True,True,1,boolean_field,success,True,,rating-breakdown,True,48.4,23.6,45.8,6.2,pass,True,False,,
1171451,Nico Paz,13981548,rating-breakdown,passes,passes,,,,Como,90.0,,66.9,18.9,72.1,4.1,True,True,1,boolean_field,success,True,,rating-breakdown,True,66.9,18.9,72.1,4.1,pass,True,False,,
1171451,Nico Paz,13981548,rating-breakdown,passes,passes,,,,Como,90.0,,66.5,13.5,51.5,12.4,True,True,1,boolean_field,success,True,,rating-breakdown,True,66.5,13.5,51.5,12.4,pass,True,False,,
1171451,Nico Paz,13981548,rating-breakdown,passes,passes,,,,Como,90.0,,52.8,28.5,37.1,32.7,True,True,1,boolean_field,success,True,,rating-breakdown,True,52.8,28.5,37.1,32.7,pass,True,False,,
1171451,Nico Paz,13981548,rating-breakdown,passes,passes,,,,Como,90.0,,56.5,33,40.8,28.6,True,True,1,boolean_field,success,True,,rating-breakdown,True,56.5,33,40.8,28.6,pass,True,False,,
1171451,Nico Paz,13981548,rating-breakdown,passes,passes,,,,Como,90.0,,38.4,7.1,38.9,30.4,True,True,1,boolean_field,success,True,,rating-breakdown,True,38.4,7.1,38.9,30.4,pass,True,False,,
1171451,Nico Paz,13981548,rating-breakdown,passes,passes,,,,Como,90.0,,38,16.5,43,30.4,True,True,1,boolean_field,success,True,,rating-breakdown,True,38,16.5,43,30.4,pass,True,False,,
1171451,Nico Paz,13981548,rating-breakdown,passes,passes,,,,Como,90.0,,67.1,58,76.7,93.2,True,True,1,boolean_field,success,True,,rating-breakdown,True,67.1,58,76.7,93.2,pass,True,False,,
1171451,Nico Paz,13981548,rating-breakdown,passes,passes,,,,Como,90.0,,72.4,71.1,83.8,94.6,True,True,1,boolean_field,success,True,,rating-breakdown,True,72.4,71.1,83.8,94.6,pass,True,False,,
1171451,Nico Paz,13981548,rating-breakdown,passes,passes,,,,Como,90.0,,48.5,30.4,55.1,60.8,True,True,1,boolean_field,success,True,,rating-breakdown,True,48.5,30.4,55.1,60.8,pass,True,False,,
1171451,Nico Paz,13981548,rating-breakdown,passes,passes,,,,Como,90.0,,37.6,30.3,61.7,38.6,,,,unresolvable,,,,rating-breakdown,True,37.6,30.3,61.7,38.6,pass,True,False,,
1171451,Nico Paz,13981548,rating-breakdown,passes,passes,,,,Como,90.0,,39.5,42.4,65.4,79.3,True,True,1,boolean_field,success,True,,rating-breakdown,True,39.5,42.4,65.4,79.3,pass,True,False,True,
1171451,Nico Paz,13981548,rating-breakdown,passes,passes,,,,Como,90.0,,37.5,40.9,39.7,60.5,True,True,1,boolean_field,success,True,,rating-breakdown,True,37.5,40.9,39.7,60.5,pass,True,False,,
1171451,Nico Paz,13981548,rating-breakdown,passes,passes,,,,Como,90.0,,38.6,44.5,47.7,47.7,True,True,1,boolean_field,success,True,,rating-breakdown,True,38.6,44.5,47.7,47.7,pass,True,False,,
1171451,Nico Paz,13981548,rating-breakdown,passes,passes,,,,Como,90.0,,36.1,43,45.3,62.7,True,True,1,boolean_field,success,True,,rating-breakdown,True,36.1,43,45.3,62.7,pass,True,False,,
1171451,Nico Paz,13981548,rating-breakdown,passes,passes,,,,Como,90.0,,39.3,43.6,36.8,28.2,True,True,1,boolean_field,success,True,,rating-breakdown,True,39.3,43.6,36.8,28.2,pass,True,False,,
1171451,Nico Paz,13981548,rating-breakdown,passes,passes,,,,Como,90.0,,71.6,28.3,67,73.3,True,True,1,boolean_field,success,True,,rating-breakdown,True,71.6,28.3,67,73.3,pass,True,False,,
1171451,Nico Paz,13981548,rating-breakdown,passes,passes,,,,Como,90.0,,65.3,33.3,56.2,41.5,True,True,1,boolean_field,success,True,,rating-breakdown,True,65.3,33.3,56.2,41.5,pass,True,False,,
1171451,Nico Paz,13981548,rating-breakdown,passes,passes,,,,Como,90.0,,22.2,5.1,12.1,4.5,True,True,1,boolean_field,success,True,,rating-breakdown,True,22.2,5.1,12.1,4.5,pass,True,False,,
1171451,Nico Paz,13981548,rating-breakdown,passes,passes,,,,Como,90.0,,44.1,31.5,43.9,61.5,True,True,1,boolean_field,success,True,,rating-breakdown,True,44.1,31.5,43.9,61.5,pass,True,False,,
1171451,Nico Paz,13981548,rating-breakdown,passes,passes,,,,Como,90.0,,15.7,35.3,7,25.4,True,True,1,boolean_field,success,True,,rating-breakdown,True,15.7,35.3,7,25.4,pass,True,False,,
1171451,Nico Paz,13981548,rating-breakdown,passes,passes,,,,Como,90.0,,14,19.1,28.5,17.6,,,,unresolvable,,,,rating-breakdown,True,14,19.1,28.5,17.6,pass,True,False,,
1171451,Nico Paz,13981548,rating-breakdown,passes,passes,,,,Como,90.0,,52.1,47.3,51.7,72.6,,,,unresolvable,,,,rating-breakdown,True,52.1,47.3,51.7,72.6,pass,True,False,,
1171451,Nico Paz,13981548,rating-breakdown,passes,passes,,,,Como,90.0,,38.2,18.9,45.3,4.8,True,True,1,boolean_field,success,True,,rating-breakdown,True,38.2,18.9,45.3,4.8,pass,True,False,,
1171451,Nico Paz,13981548,rating-breakdown,passes,passes,,,,Como,90.0,,36.8,42.9,13.6,52.1,True,True,1,boolean_field,success,True,,rating-breakdown,True,36.8,42.9,13.6,52.1,pass,True,False,,
1171451,Nico Paz,13981548,rating-breakdown,passes,passes,,,,Como,90.0,,36.9,27.3,43.4,37.1,True,True,1,boolean_field,success,True,,rating-breakdown,True,36.9,27.3,43.4,37.1,pass,True,False,,
1171451,Nico Paz,13981548,rating-breakdown,passes,passes,,,,Como,90.0,,72.8,24.5,82.2,8.2,True,True,1,boolean_field,success,True,,rating-breakdown,True,72.8,24.5,82.2,8.2,pass,True,False,,
1171451,Nico Paz,13981548,rating-breakdown,passes,passes,,,,Como,90.0,,51,58.6,63.6,36.2,True,True,1,boolean_field,success,True,,rating-breakdown,True,51,58.6,63.6,36.2,pass,True,False,,
1171451,Nico Paz,13981548,rating-breakdown,passes,passes,,,,Como,90.0,,99.5,0.5,95.2,5,True,True,1,boolean_field,success,True,,rating-breakdown,True,99.5,0.5,95.2,5,pass,True,False,,
1171451,Nico Paz,13981548,rating-breakdown,passes,passes,,,,Como,90.0,,46.9,33.8,70.3,57.9,,,,unresolvable,,,,rating-breakdown,True,46.9,33.8,70.3,57.9,pass,True,False,,
1171451,Nico Paz,13981548,rating-breakdown,passes,passes,,,,Como,90.0,,65.3,69.1,91.5,77,True,True,1,boolean_field,success,True,,rating-breakdown,True,65.3,69.1,91.5,77,pass,True,False,,
1171451,Nico Paz,13981548,rating-breakdown,passes,passes,,,,Como,90.0,,94.1,89.1,90.9,53.3,,,,unresolvable,,,,rating-breakdown,True,94.1,89.1,90.9,53.3,cross,True,False,,
1171451,Nico Paz,13981548,rating-breakdown,passes,passes,,,,Como,90.0,,64.7,7.1,53.7,10.9,True,True,1,boolean_field,success,True,,rating-breakdown,True,64.7,7.1,53.7,10.9,pass,True,False,,
1171451,Nico Paz,13981548,rating-breakdown,passes,passes,,,,Como,90.0,,68.8,46.7,86.6,52,True,True,1,boolean_field,success,True,,rating-breakdown,True,68.8,46.7,86.6,52,pass,True,True,,True
1171451,Nico Paz,13981548,rating-breakdown,passes,passes,,,,Como,90.0,,66.8,34.5,67,55.6,True,True,1,boolean_field,success,True,,rating-breakdown,True,66.8,34.5,67,55.6,pass,True,False,,
1171451,Nico Paz,13981548,rating-breakdown,passes,passes,,,,Como,90.0,,73.2,80.9,97.2,65.5,True,True,1,boolean_field,success,True,,rating-breakdown,True,73.2,80.9,97.2,65.5,pass,True,True,,
1171451,Nico Paz,13981548,rating-breakdown,passes,passes,,,,Como,90.0,,72.9,68.8,63.2,82.9,True,True,1,boolean_field,success,True,,rating-breakdown,True,72.9,68.8,63.2,82.9,pass,True,False,,
1171451,Nico Paz,13981548,rating-breakdown,passes,passes,,,,Como,90.0,,56.8,81.7,51.1,72.1,True,True,1,boolean_field,success,True,,rating-breakdown,True,56.8,81.7,51.1,72.1,pass,True,False,,
1171451,Nico Paz,13981548,rating-breakdown,passes,passes,,,,Como,90.0,,56.5,94.7,46.1,73.5,True,True,1,boolean_field,success,True,,rating-breakdown,True,56.5,94.7,46.1,73.5,pass,True,False,,
1171451,Nico Paz,13981548,rating-breakdown,passes,passes,,,,Como,90.0,,31.6,53.8,25.5,40.3,True,True,1,boolean_field,success,True,,rating-breakdown,True,31.6,53.8,25.5,40.3,pass,True,False,,
1171451,Nico Paz,13981548,rating-breakdown,passes,passes,,,,Como,90.0,,69.9,28.3,65.1,56.5,True,True,1,boolean_field,success,True,,rating-breakdown,True,69.9,28.3,65.1,56.5,pass,True,False,,
1171451,Nico Paz,13981548,rating-breakdown,passes,passes,,,,Como,90.0,,71.5,84.9,72.4,94.6,True,True,1,boolean_field,success,True,,rating-breakdown,True,71.5,84.9,72.4,94.6,pass,True,False,,
1171451,Nico Paz,13981548,rating-breakdown,passes,passes,,,,Como,90.0,,34,96.4,28.5,85.9,True,True,1,boolean_field,success,True,,rating-breakdown,True,34,96.4,28.5,85.9,pass,True,False,,
1171451,Nico Paz,13981548,rating-breakdown,passes,passes,,,,Como,90.0,,53.7,95,65,94.6,True,True,1,boolean_field,success,True,,rating-breakdown,True,53.7,95,65,94.6,pass,True,False,,
1171451,Nico Paz,13981548,rating-breakdown,passes,passes,,,,Como,90.0,,65,94.9,56.2,81.5,True,True,1,boolean_field,success,True,,rating-breakdown,True,65,94.9,56.2,81.5,pass,True,False,,
1171451,Nico Paz,13981548,rating-breakdown,passes,passes,,,,Como,90.0,,52.5,5.7,79.5,6.2,,,,unresolvable,,,,rating-breakdown,True,52.5,5.7,79.5,6.2,pass,True,False,,
1171451,Nico Paz,13981548,rating-breakdown,passes,passes,,,,Como,90.0,,57.2,91.7,37.3,95,True,True,1,boolean_field,success,True,,rating-breakdown,True,57.2,91.7,37.3,95,pass,True,False,,
1171451,Nico Paz,13981548,rating-breakdown,passes,passes,,,,Como,90.0,,56.1,66.1,67.2,83.5,,,,unresolvable,,,,rating-breakdown,True,56.1,66.1,67.2,83.5,pass,True,False,,
1171451,Nico Paz,13981548,rating-breakdown,passes,passes,,,,Como,90.0,,79.1,1.5,89.6,40.3,,,,unresolvable,,,,rating-breakdown,True,79.1,1.5,89.6,40.3,cross,True,False,,
1171451,Nico Paz,13981548,rating-breakdown,passes,passes,,,,Como,90.0,,38.8,27.7,52.9,28.3,True,True,1,boolean_field,success,True,,rating-breakdown,True,38.8,27.7,52.9,28.3,pass,True,False,,
1171451,Nico Paz,13981548,rating-breakdown,passes,passes,,,,Como,90.0,,40.5,29.5,47.3,27.7,True,True,1,boolean_field,success,True,,rating-breakdown,True,40.5,29.5,47.3,27.7,pass,True,False,,
1171451,Nico Paz,13981548,rating-breakdown,passes,passes,,,,Como,90.0,,41.9,28.9,43.1,48.9,True,True,1,boolean_field,success,True,,rating-breakdown,True,41.9,28.9,43.1,48.9,pass,True,False,,
1171451,Nico Paz,13981548,rating-breakdown,passes,passes,,,,Como,90.0,,33.1,63.3,21.3,69.1,True,True,1,boolean_field,success,True,,rating-breakdown,True,33.1,63.3,21.3,69.1,pass,True,False,,
1171451,Nico Paz,13981548,rating-breakdown,passes,passes,,,,Como,90.0,,29.1,34.2,32.5,49.5,True,True,1,boolean_field,success,True,,rating-breakdown,True,29.1,34.2,32.5,49.5,pass,True,False,,
1171451,Nico Paz,13981548,rating-breakdown,passes,passes,,,,Como,90.0,,80.3,87.7,90.5,48,,,,unresolvable,,,,rating-breakdown,True,80.3,87.7,90.5,48,cross,True,False,,
1171451,Nico Paz,13981548,rating-breakdown,passes,passes,,,,Como,90.0,,55.4,68.6,65.1,51.1,True,True,1,boolean_field,success,True,,rating-breakdown,True,55.4,68.6,65.1,51.1,pass,True,False,,
1171451,Nico Paz,13981548,rating-breakdown,dribbles,dribbles,,,,Como,90.0,,65.2,16.7,,,True,True,1,boolean_field,success,,True,rating-breakdown,True,65.2,16.7,,,dribble,True,False,,
1171451,Nico Paz,13981548,rating-breakdown,dribbles,dribbles,,,,Como,90.0,,65.2,30.4,,,,,,unresolvable,,,,rating-breakdown,True,65.2,30.4,,,dribble,True,False,,
1171451,Nico Paz,13981548,rating-breakdown,dribbles,dribbles,,,,Como,90.0,,35.6,73.6,,,True,True,1,boolean_field,success,,True,rating-breakdown,True,35.6,73.6,,,dribble,True,False,,
1171451,Nico Paz,13981548,rating-breakdown,defensive,defensive,,,,Como,90.0,,28.8,35.6,,,True,True,1,boolean_field,success,,True,rating-breakdown,True,28.8,35.6,,,ball-recovery,True,False,,
1171451,Nico Paz,13981548,rating-breakdown,defensive,defensive,,,,Como,90.0,,31.4,17,,,True,True,1,boolean_field,success,,True,rating-breakdown,True,31.4,17,,,tackle,True,False,,
1171451,Nico Paz,13981548,rating-breakdown,defensive,defensive,,,,Como,90.0,,13.2,30.3,,,True,True,1,boolean_field,success,,True,rating-breakdown,True,13.2,30.3,,,ball-recovery,True,False,,
1171451,Nico Paz,13981548,rating-breakdown,defensive,defensive,,,,Como,90.0,,67.1,90.3,,,True,True,1,boolean_field,success,,True,rating-breakdown,True,67.1,90.3,,,ball-recovery,True,False,,
1171451,Nico Paz,13981548,rating-breakdown,defensive,defensive,,,,Como,90.0,,67,35.3,,,True,True,1,boolean_field,success,,True,rating-breakdown,True,67,35.3,,,ball-recovery,True,False,,
1171451,Nico Paz,13981548,rating-breakdown,defensive,defensive,,,,Como,90.0,,68,85.2,,,True,True,1,boolean_field,success,,True,rating-breakdown,True,68,85.2,,,ball-recovery,True,False,,
1171451,Nico Paz,13981548,rating-breakdown,defensive,defensive,,,,Como,90.0,,31.9,66.1,,,,,,unresolvable,,,,rating-breakdown,True,31.9,66.1,,,tackle,True,False,,
1171451,Nico Paz,13981548,rating-breakdown,defensive,defensive,,,,Como,90.0,,29.4,34.5,,,True,True,1,boolean_field,success,,True,rating-breakdown,True,29.4,34.5,,,ball-recovery,True,False,,
1171451,Nico Paz,13981548,rating-breakdown,defensive,defensive,,,,Como,90.0,,54.9,68.5,,,True,True,1,boolean_field,success,,True,rating-breakdown,True,54.9,68.5,,,ball-recovery,True,False,,
1171451,Nico Paz,13981559,rating-breakdown,passes,passes,,,,Como,90.0,,42.4,26.7,40.5,38.2,True,True,1,boolean_field,success,True,,rating-breakdown,True,42.4,26.7,40.5,38.2,pass,False,False,,
1171451,Nico Paz,13981559,rating-breakdown,passes,passes,,,,Como,90.0,,26.4,6,19.9,1.3,True,True,1,boolean_field,success,True,,rating-breakdown,True,26.4,6,19.9,1.3,pass,False,False,,
1171451,Nico Paz,13981559,rating-breakdown,passes,passes,,,,Como,90.0,,44.3,20.1,48.4,6.3,True,True,1,boolean_field,success,True,,rating-breakdown,True,44.3,20.1,48.4,6.3,pass,False,False,,
1171451,Nico Paz,13981559,rating-breakdown,passes,passes,,,,Como,90.0,,40.5,16.2,45,24.1,True,True,1,boolean_field,success,True,,rating-breakdown,True,40.5,16.2,45,24.1,pass,False,False,,
1171451,Nico Paz,13981559,rating-breakdown,passes,passes,,,,Como,90.0,,39.2,23.8,42.1,43.3,True,True,1,boolean_field,success,True,,rating-breakdown,True,39.2,23.8,42.1,43.3,pass,False,False,,
1171451,Nico Paz,13981559,rating-breakdown,passes,passes,,,,Como,90.0,,48,10.9,53.4,36.1,True,True,1,boolean_field,success,True,,rating-breakdown,True,48,10.9,53.4,36.1,pass,False,False,,
1171451,Nico Paz,13981559,rating-breakdown,passes,passes,,,,Como,90.0,,71.2,25,78.9,7.9,True,True,1,boolean_field,success,True,,rating-breakdown,True,71.2,25,78.9,7.9,pass,False,False,,
1171451,Nico Paz,13981559,rating-breakdown,passes,passes,,,,Como,90.0,,36.5,40.6,43.3,47.1,True,True,1,boolean_field,success,True,,rating-breakdown,True,36.5,40.6,43.3,47.1,pass,False,False,,
1171451,Nico Paz,13981559,rating-breakdown,passes,passes,,,,Como,90.0,,62.9,15.3,67.2,34,True,True,1,boolean_field,success,True,,rating-breakdown,True,62.9,15.3,67.2,34,pass,False,False,,
1171451,Nico Paz,13981559,rating-breakdown,passes,passes,,,,Como,90.0,,59.9,22.2,63.8,35.1,True,True,1,boolean_field,success,True,,rating-breakdown,True,59.9,22.2,63.8,35.1,pass,False,False,,
1171451,Nico Paz,13981559,rating-breakdown,passes,passes,,,,Como,90.0,,58.1,22.5,77.1,66.1,,,,unresolvable,,,,rating-breakdown,True,58.1,22.5,77.1,66.1,pass,False,False,True,
1171451,Nico Paz,13981559,rating-breakdown,passes,passes,,,,Como,90.0,,43.2,15.7,41.3,26.7,True,True,1,boolean_field,success,True,,rating-breakdown,True,43.2,15.7,41.3,26.7,pass,False,False,,
1171451,Nico Paz,13981559,rating-breakdown,passes,passes,,,,Como,90.0,,41.6,6.4,52.8,2.5,True,True,1,boolean_field,success,True,,rating-breakdown,True,41.6,6.4,52.8,2.5,pass,False,False,,
1171451,Nico Paz,13981559,rating-breakdown,passes,passes,,,,Como,90.0,,52.1,26.4,65.7,85.6,True,True,1,boolean_field,success,True,,rating-breakdown,True,52.1,26.4,65.7,85.6,pass,False,False,True,
1171451,Nico Paz,13981559,rating-breakdown,passes,passes,,,,Como,90.0,,27.4,90.9,10.6,85.2,True,True,1,boolean_field,success,True,,rating-breakdown,True,27.4,90.9,10.6,85.2,pass,False,False,,
1171451,Nico Paz,13981559,rating-breakdown,passes,passes,,,,Como,90.0,,72.3,87.4,75,86.2,,,,unresolvable,,,,rating-breakdown,True,72.3,87.4,75,86.2,pass,False,False,,
1171451,Nico Paz,13981559,rating-breakdown,passes,passes,,,,Como,90.0,,30.6,48,26.4,46.8,True,True,1,boolean_field,success,True,,rating-breakdown,True,30.6,48,26.4,46.8,pass,False,False,,
1171451,Nico Paz,13981559,rating-breakdown,passes,passes,,,,Como,90.0,,39.6,68.2,34,59.2,True,True,1,boolean_field,success,True,,rating-breakdown,True,39.6,68.2,34,59.2,pass,False,False,,
1171451,Nico Paz,13981559,rating-breakdown,passes,passes,,,,Como,90.0,,62.5,7.3,66.5,20.5,,,,unresolvable,,,,rating-breakdown,True,62.5,7.3,66.5,20.5,pass,False,False,,
1171451,Nico Paz,13981559,rating-breakdown,passes,passes,,,,Como,90.0,,37.2,81.7,26.1,73.9,True,True,1,boolean_field,success,True,,rating-breakdown,True,37.2,81.7,26.1,73.9,pass,False,False,,
1171451,Nico Paz,13981559,rating-breakdown,passes,passes,,,,Como,90.0,,35.1,89.7,36.1,72.6,True,True,1,boolean_field,success,True,,rating-breakdown,True,35.1,89.7,36.1,72.6,pass,False,False,,
1171451,Nico Paz,13981559,rating-breakdown,passes,passes,,,,Como,90.0,,26.4,88.6,21.6,76,True,True,1,boolean_field,success,True,,rating-breakdown,True,26.4,88.6,21.6,76,pass,False,False,,
1171451,Nico Paz,13981559,rating-breakdown,passes,passes,,,,Como,90.0,,28.1,88.3,33.5,93.1,True,True,1,boolean_field,success,True,,rating-breakdown,True,28.1,88.3,33.5,93.1,pass,False,False,,
1171451,Nico Paz,13981559,rating-breakdown,passes,passes,,,,Como,90.0,,32.1,87.4,34.9,87.1,,,,unresolvable,,,,rating-breakdown,True,32.1,87.4,34.9,87.1,pass,False,False,,
1171451,Nico Paz,13981559,rating-breakdown,passes,passes,,,,Como,90.0,,36.1,12.4,46.8,5.8,True,True,1,boolean_field,success,True,,rating-breakdown,True,36.1,12.4,46.8,5.8,pass,False,False,,
1171451,Nico Paz,13981559,rating-breakdown,passes,passes,,,,Como,90.0,,37.7,82.9,36.9,74.2,True,True,1,boolean_field,success,True,,rating-breakdown,True,37.7,82.9,36.9,74.2,pass,False,False,,
1171451,Nico Paz,13981559,rating-breakdown,passes,passes,,,,Como,90.0,,34.8,80.6,42.7,90,,,,unresolvable,,,,rating-breakdown,True,34.8,80.6,42.7,90,pass,False,False,,
1171451,Nico Paz,13981559,rating-breakdown,passes,passes,,,,Como,90.0,,32.6,94.4,35.2,93.4,,,,unresolvable,,,,rating-breakdown,True,32.6,94.4,35.2,93.4,pass,False,False,,
1171451,Nico Paz,13981559,rating-breakdown,passes,passes,,,,Como,90.0,,54.1,93.6,61,80.8,True,True,1,boolean_field,success,True,,rating-breakdown,True,54.1,93.6,61,80.8,pass,False,False,,
1171451,Nico Paz,13981559,rating-breakdown,passes,passes,,,,Como,90.0,,46,47.5,43.3,81.6,True,True,1,boolean_field,success,True,,rating-breakdown,True,46,47.5,43.3,81.6,pass,False,False,,
1171451,Nico Paz,13981559,rating-breakdown,passes,passes,,,,Como,90.0,,56.1,80.4,63.6,77.1,True,True,1,boolean_field,success,True,,rating-breakdown,True,56.1,80.4,63.6,77.1,pass,False,False,,
1171451,Nico Paz,13981559,rating-breakdown,passes,passes,,,,Como,90.0,,62.4,63.1,62.3,30.3,True,True,1,boolean_field,success,True,,rating-breakdown,True,62.4,63.1,62.3,30.3,pass,False,False,,
1171451,Nico Paz,13981559,rating-breakdown,passes,passes,,,,Como,90.0,,72.7,22,75.8,4.3,True,True,1,boolean_field,success,True,,rating-breakdown,True,72.7,22,75.8,4.3,pass,False,False,,
1171451,Nico Paz,13981559,rating-breakdown,passes,passes,,,,Como,90.0,,69.4,30,90.6,49.3,True,True,1,boolean_field,success,True,,rating-breakdown,True,69.4,30,90.6,49.3,pass,False,True,,
1171451,Nico Paz,13981559,rating-breakdown,passes,passes,,,,Como,90.0,,81.5,15.1,84.7,7.6,True,True,1,boolean_field,success,True,,rating-breakdown,True,81.5,15.1,84.7,7.6,pass,False,False,,
1171451,Nico Paz,13981559,rating-breakdown,passes,passes,,,,Como,90.0,,67.8,20.2,82,5.4,True,True,1,boolean_field,success,True,,rating-breakdown,True,67.8,20.2,82,5.4,pass,False,False,,
1171451,Nico Paz,13981559,rating-breakdown,passes,passes,,,,Como,90.0,,74.4,30.9,89.9,51.9,,,,unresolvable,,,,rating-breakdown,True,74.4,30.9,89.9,51.9,pass,False,False,,
1171451,Nico Paz,13981559,rating-breakdown,passes,passes,,,,Como,90.0,,68.4,50.1,74,59.7,True,True,1,boolean_field,success,True,,rating-breakdown,True,68.4,50.1,74,59.7,pass,False,False,,
1171451,Nico Paz,13981559,rating-breakdown,passes,passes,,,,Como,90.0,,71.5,16.5,74.2,10.2,True,True,1,boolean_field,success,True,,rating-breakdown,True,71.5,16.5,74.2,10.2,pass,False,False,,
1171451,Nico Paz,13981559,rating-breakdown,passes,passes,,,,Como,90.0,,44.7,85.2,54.5,79.8,True,True,1,boolean_field,success,True,,rating-breakdown,True,44.7,85.2,54.5,79.8,pass,False,False,,
1171451,Nico Paz,13981559,rating-breakdown,passes,passes,,,,Como,90.0,,46.6,77.5,41.7,0,,,,unresolvable,,,,rating-breakdown,True,46.6,77.5,41.7,0,pass,False,False,True,
1171451,Nico Paz,13981559,rating-breakdown,passes,passes,,,,Como,90.0,,58.7,11.8,71.3,7.9,True,True,1,boolean_field,success,True,,rating-breakdown,True,58.7,11.8,71.3,7.9,pass,False,False,,
1171451,Nico Paz,13981559,rating-breakdown,passes,passes,,,,Como,90.0,,61.3,26.1,68.3,70.6,True,True,1,boolean_field,success,True,,rating-breakdown,True,61.3,26.1,68.3,70.6,pass,False,False,,
1171451,Nico Paz,13981559,rating-breakdown,passes,passes,,,,Como,90.0,,55.5,19.9,56.9,37.3,True,True,1,boolean_field,success,True,,rating-breakdown,True,55.5,19.9,56.9,37.3,pass,False,False,,
1171451,Nico Paz,13981559,rating-breakdown,passes,passes,,,,Como,90.0,,35.2,27.1,15.2,40.8,True,True,1,boolean_field,success,True,,rating-breakdown,True,35.2,27.1,15.2,40.8,pass,False,False,,
1171451,Nico Paz,13981559,rating-breakdown,passes,passes,,,,Como,90.0,,58.4,33.7,64.2,40.5,,,,unresolvable,,,,rating-breakdown,True,58.4,33.7,64.2,40.5,pass,False,False,,
1171451,Nico Paz,13981559,rating-breakdown,passes,passes,,,,Como,90.0,,48.1,84.4,84.8,86.5,,,,unresolvable,,,,rating-breakdown,True,48.1,84.4,84.8,86.5,pass,False,False,True,
1171451,Nico Paz,13981559,rating-breakdown,passes,passes,,,,Como,90.0,,32.7,77.2,37.6,90.4,True,True,1,boolean_field,success,True,,rating-breakdown,True,32.7,77.2,37.6,90.4,pass,False,False,,
1171451,Nico Paz,13981559,rating-breakdown,passes,passes,,,,Como,90.0,,62.8,70.5,67.7,76.3,True,True,1,boolean_field,success,True,,rating-breakdown,True,62.8,70.5,67.7,76.3,pass,False,False,,
1171451,Nico Paz,13981559,rating-breakdown,passes,passes,,,,Como,90.0,,79.9,85.9,86.2,59.1,,,,unresolvable,,,,rating-breakdown,True,79.9,85.9,86.2,59.1,cross,False,False,,
1171451,Nico Paz,13981559,rating-breakdown,passes,passes,,,,Como,90.0,,51.6,89.1,55.3,75,True,True,1,boolean_field,success,True,,rating-breakdown,True,51.6,89.1,55.3,75,pass,False,False,,
1171451,Nico Paz,13981559,rating-breakdown,passes,passes,,,,Como,90.0,,74.9,47.8,80.7,69.7,,,,unresolvable,,,,rating-breakdown,True,74.9,47.8,80.7,69.7,pass,False,False,,
1171451,Nico Paz,13981559,rating-breakdown,ball-carries,ball-carries,,,,Como,90.0,,25.1,11.2,26.4,6,,,,unresolvable,,,,rating-breakdown,True,25.1,11.2,26.4,6,ball-carry,False,,,
1171451,Nico Paz,13981559,rating-breakdown,ball-carries,ball-carries,,,,Como,90.0,,35.8,21.9,44.3,20.1,,,,unresolvable,,,,rating-breakdown,True,35.8,21.9,44.3,20.1,ball-carry,False,,,
1171451,Nico Paz,13981559,rating-breakdown,ball-carries,ball-carries,,,,Como,90.0,,57.4,4.5,62.9,15.3,,,,unresolvable,,,,rating-breakdown,True,57.4,4.5,62.9,15.3,ball-carry,False,,,
1171451,Nico Paz,13981559,rating-breakdown,ball-carries,ball-carries,,,,Como,90.0,,42.6,7.5,43.2,15.7,,,,unresolvable,,,,rating-breakdown,True,42.6,7.5,43.2,15.7,ball-carry,False,,,
1171451,Nico Paz,13981559,rating-breakdown,ball-carries,ball-carries,,,,Como,90.0,,44.4,10.2,41.6,6.4,,,,unresolvable,,,,rating-breakdown,True,44.4,10.2,41.6,6.4,ball-carry,False,,,
1171451,Nico Paz,13981559,rating-breakdown,ball-carries,ball-carries,,,,Como,90.0,,70.3,87.3,67,85.4,,,,unresolvable,,,,rating-breakdown,True,70.3,87.3,67,85.4,ball-carry,False,,,
1171451,Nico Paz,13981559,rating-breakdown,ball-carries,ball-carries,,,,Como,90.0,,34.9,87.3,39.6,68.2,,,,unresolvable,,,,rating-breakdown,True,34.9,87.3,39.6,68.2,ball-carry,False,,,
1171451,Nico Paz,13981559,rating-breakdown,ball-carries,ball-carries,,,,Como,90.0,,39.3,85.9,37.2,81.7,,,,unresolvable,,,,rating-breakdown,True,39.3,85.9,37.2,81.7,ball-carry,False,,,
1171451,Nico Paz,13981559,rating-breakdown,ball-carries,ball-carries,,,,Como,90.0,,36.1,7.5,36.1,12.4,,,,unresolvable,,,,rating-breakdown,True,36.1,7.5,36.1,12.4,ball-carry,False,,,
1171451,Nico Paz,13981559,rating-breakdown,ball-carries,ball-carries,,,,Como,90.0,,35.7,91.5,32.6,94.4,,,,unresolvable,,,,rating-breakdown,True,35.7,91.5,32.6,94.4,ball-carry,False,,,
1171451,Nico Paz,13981559,rating-breakdown,ball-carries,ball-carries,,,,Como,90.0,,49.6,94.5,54.1,93.6,,,,unresolvable,,,,rating-breakdown,True,49.6,94.5,54.1,93.6,ball-carry,False,,,
1171451,Nico Paz,13981559,rating-breakdown,ball-carries,ball-carries,,,,Como,90.0,,63.5,80.7,61.8,69.2,,,,unresolvable,,,,rating-breakdown,True,63.5,80.7,61.8,69.2,ball-carry,False,,,
1171451,Nico Paz,13981559,rating-breakdown,ball-carries,ball-carries,,,,Como,90.0,,73.1,18.6,69.4,30,,,,unresolvable,,,,rating-breakdown,True,73.1,18.6,69.4,30,ball-carry,False,,,
1171451,Nico Paz,13981559,rating-breakdown,ball-carries,ball-carries,,,,Como,90.0,,65,41.7,67.8,44.8,,,,unresolvable,,,,rating-breakdown,True,65,41.7,67.8,44.8,ball-carry,False,,,
1171451,Nico Paz,13981559,rating-breakdown,ball-carries,ball-carries,,,,Como,90.0,,59.2,23.7,67.8,20.2,,,,unresolvable,,,,rating-breakdown,True,59.2,23.7,67.8,20.2,ball-carry,False,,,
1171451,Nico Paz,13981559,rating-breakdown,ball-carries,ball-carries,,,,Como,90.0,,68.2,45.1,68.4,50.1,,,,unresolvable,,,,rating-breakdown,True,68.2,45.1,68.4,50.1,ball-carry,False,,,
1171451,Nico Paz,13981559,rating-breakdown,ball-carries,ball-carries,,,,Como,90.0,,69.7,59.8,73.7,72.6,,,,unresolvable,,,,rating-breakdown,True,69.7,59.8,73.7,72.6,ball-carry,False,,,
1171451,Nico Paz,13981559,rating-breakdown,ball-carries,ball-carries,,,,Como,90.0,,71.3,8.2,69.4,11.6,,,,unresolvable,,,,rating-breakdown,True,71.3,8.2,69.4,11.6,ball-carry,False,,,
1171451,Nico Paz,13981559,rating-breakdown,ball-carries,ball-carries,,,,Como,90.0,,33.7,74.7,44.7,85.2,,,,unresolvable,,,,rating-breakdown,True,33.7,74.7,44.7,85.2,ball-carry,False,,,
1171451,Nico Paz,13981559,rating-breakdown,ball-carries,ball-carries,,,,Como,90.0,,45.2,88.9,46.6,77.5,,,,unresolvable,,,,rating-breakdown,True,45.2,88.9,46.6,77.5,ball-carry,False,,,
1171451,Nico Paz,13981559,rating-breakdown,ball-carries,ball-carries,,,,Como,90.0,,61.5,17.1,61.3,26.1,,,,unresolvable,,,,rating-breakdown,True,61.5,17.1,61.3,26.1,ball-carry,False,,,
1171451,Nico Paz,13981559,rating-breakdown,ball-carries,ball-carries,,,,Como,90.0,,59.3,76,62.8,70.5,,,,unresolvable,,,,rating-breakdown,True,59.3,76,62.8,70.5,ball-carry,False,,,
1171451,Nico Paz,13981559,rating-breakdown,ball-carries,ball-carries,,,,Como,90.0,,68.4,83.8,79.9,85.9,,,,unresolvable,,,,rating-breakdown,True,68.4,83.8,79.9,85.9,ball-carry,False,,,
1171451,Nico Paz,13981559,rating-breakdown,ball-carries,ball-carries,,,,Como,90.0,,74.8,35.7,74.9,47.8,,,,unresolvable,,,,rating-breakdown,True,74.8,35.7,74.9,47.8,ball-carry,False,,,
1171451,Nico Paz,13981559,rating-breakdown,dribbles,dribbles,,,,Como,90.0,,12.1,76.1,,,True,True,1,boolean_field,success,,True,rating-breakdown,True,12.1,76.1,,,dribble,False,False,,
1171451,Nico Paz,13981559,rating-breakdown,dribbles,dribbles,,,,Como,90.0,,67,85.4,,,True,True,1,boolean_field,success,,True,rating-breakdown,True,67,85.4,,,dribble,False,False,,
1171451,Nico Paz,13981559,rating-breakdown,dribbles,dribbles,,,,Como,90.0,,61.8,69.2,,,True,True,1,boolean_field,success,,True,rating-breakdown,True,61.8,69.2,,,dribble,False,False,,
1171451,Nico Paz,13981559,rating-breakdown,defensive,defensive,,,,Como,90.0,,63.7,35.6,,,True,True,1,boolean_field,success,,True,rating-breakdown,True,63.7,35.6,,,interception,False,False,,
1171451,Nico Paz,13981559,rating-breakdown,defensive,defensive,,,,Como,90.0,,33.6,38.2,,,True,True,1,boolean_field,success,,True,rating-breakdown,True,33.6,38.2,,,tackle,False,False,,
1171451,Nico Paz,13981559,rating-breakdown,defensive,defensive,,,,Como,90.0,,35.8,44.2,,,True,True,1,boolean_field,success,,True,rating-breakdown,True,35.8,44.2,,,tackle,False,False,,
1171451,Nico Paz,13981577,rating-breakdown,passes,passes,,,,Como,90.0,,50,50,21.3,58.8,True,True,1,boolean_field,success,True,,rating-breakdown,True,50,50,21.3,58.8,pass,False,False,,
1171451,Nico Paz,13981577,rating-breakdown,passes,passes,,,,Como,90.0,,22.8,6.3,13.1,11.7,True,True,1,boolean_field,success,True,,rating-breakdown,True,22.8,6.3,13.1,11.7,pass,False,False,,
1171451,Nico Paz,13981577,rating-breakdown,passes,passes,,,,Como,90.0,,63,19.2,75.7,7.5,True,True,1,boolean_field,success,True,,rating-breakdown,True,63,19.2,75.7,7.5,pass,False,False,,
1171451,Nico Paz,13981577,rating-breakdown,passes,passes,,,,Como,90.0,,72.6,49.6,82.7,39.1,,,,unresolvable,,,,rating-breakdown,True,72.6,49.6,82.7,39.1,pass,False,False,,
1171451,Nico Paz,13981577,rating-breakdown,passes,passes,,,,Como,90.0,,36.4,34.9,14.3,38.1,True,True,1,boolean_field,success,True,,rating-breakdown,True,36.4,34.9,14.3,38.1,pass,False,False,,
1171451,Nico Paz,13981577,rating-breakdown,passes,passes,,,,Como,90.0,,66.3,4.2,66.9,6.9,,,,unresolvable,,,,rating-breakdown,True,66.3,4.2,66.9,6.9,pass,False,False,,
1171451,Nico Paz,13981577,rating-breakdown,passes,passes,,,,Como,90.0,,56.1,49.5,67.2,19.2,,,,unresolvable,,,,rating-breakdown,True,56.1,49.5,67.2,19.2,pass,False,False,,
1171451,Nico Paz,13981577,rating-breakdown,passes,passes,,,,Como,90.0,,39.4,82.8,45.4,88.9,,,,unresolvable,,,,rating-breakdown,True,39.4,82.8,45.4,88.9,pass,False,False,,
1171451,Nico Paz,13981577,rating-breakdown,passes,passes,,,,Como,90.0,,99.5,0.5,86.9,9.3,True,True,1,boolean_field,success,True,,rating-breakdown,True,99.5,0.5,86.9,9.3,pass,False,False,,
1171451,Nico Paz,13981577,rating-breakdown,passes,passes,,,,Como,90.0,,85.5,11.4,85.7,17.8,,,,unresolvable,,,,rating-breakdown,True,85.5,11.4,85.7,17.8,cross,False,False,,
1171451,Nico Paz,13981577,rating-breakdown,passes,passes,,,,Como,90.0,,70.3,48,80.7,29.4,True,True,1,boolean_field,success,True,,rating-breakdown,True,70.3,48,80.7,29.4,pass,False,True,,
1171451,Nico Paz,13981577,rating-breakdown,passes,passes,,,,Como,90.0,,53.9,89.8,44.1,95.5,True,True,1,boolean_field,success,True,,rating-breakdown,True,53.9,89.8,44.1,95.5,pass,False,False,,
1171451,Nico Paz,13981577,rating-breakdown,passes,passes,,,,Como,90.0,,70.1,23.4,68.1,38.1,True,True,1,boolean_field,success,True,,rating-breakdown,True,70.1,23.4,68.1,38.1,pass,False,False,,
1171451,Nico Paz,13981577,rating-breakdown,passes,passes,,,,Como,90.0,,75.2,70,93.6,88.8,True,True,1,boolean_field,success,True,,rating-breakdown,True,75.2,70,93.6,88.8,pass,False,False,,
1171451,Nico Paz,13981577,rating-breakdown,passes,passes,,,,Como,90.0,,58.2,91.3,79.4,87.3,True,True,1,boolean_field,success,True,,rating-breakdown,True,58.2,91.3,79.4,87.3,pass,False,False,,
1171451,Nico Paz,13981577,rating-breakdown,passes,passes,,,,Como,90.0,,44.5,60.9,85.1,50.4,,,,unresolvable,,,,rating-breakdown,True,44.5,60.9,85.1,50.4,pass,False,False,True,
1171451,Nico Paz,13981577,rating-breakdown,passes,passes,,,,Como,90.0,,55.2,79.9,64,87.7,True,True,1,boolean_field,success,True,,rating-breakdown,True,55.2,79.9,64,87.7,pass,False,False,,
1171451,Nico Paz,13981577,rating-breakdown,passes,passes,,,,Como,90.0,,71.4,71.5,71.2,60.1,True,True,1,boolean_field,success,True,,rating-breakdown,True,71.4,71.5,71.2,60.1,pass,False,False,,
1171451,Nico Paz,13981577,rating-breakdown,passes,passes,,,,Como,90.0,,43.3,69.4,37.3,72.1,True,True,1,boolean_field,success,True,,rating-breakdown,True,43.3,69.4,37.3,72.1,pass,False,False,,
1171451,Nico Paz,13981577,rating-breakdown,passes,passes,,,,Como,90.0,,40,32.2,35.1,72.6,True,True,1,boolean_field,success,True,,rating-breakdown,True,40,32.2,35.1,72.6,pass,False,False,,
1171451,Nico Paz,13981577,rating-breakdown,passes,passes,,,,Como,90.0,,68.8,38.5,69.2,43.6,True,True,1,boolean_field,success,True,,rating-breakdown,True,68.8,38.5,69.2,43.6,pass,False,False,,
1171451,Nico Paz,13981577,rating-breakdown,dribbles,dribbles,,,,Como,90.0,,22.4,20.4,,,,,,unresolvable,,,,rating-breakdown,True,22.4,20.4,,,dribble,False,False,,
1171451,Nico Paz,13981577,rating-breakdown,dribbles,dribbles,,,,Como,90.0,,70.8,78.9,,,True,True,1,boolean_field,success,,True,rating-breakdown,True,70.8,78.9,,,dribble,False,False,,
1171451,Nico Paz,13981577,rating-breakdown,defensive,defensive,,,,Como,90.0,,68,41.2,,,True,True,1,boolean_field,success,,True,rating-breakdown,True,68,41.2,,,ball-recovery,False,False,,
1171451,Nico Paz,13981577,rating-breakdown,defensive,defensive,,,,Como,90.0,,56.1,49.5,,,True,True,1,boolean_field,success,,True,rating-breakdown,True,56.1,49.5,,,ball-recovery,False,False,,
1171451,Nico Paz,13981577,rating-breakdown,defensive,defensive,,,,Como,90.0,,3.6,16.8,,,True,True,1,boolean_field,success,,True,rating-breakdown,True,3.6,16.8,,,tackle,False,False,,
1171451,Nico Paz,13981577,rating-breakdown,defensive,defensive,,,,Como,90.0,,16.7,7.2,,,True,True,1,boolean_field,success,,True,rating-breakdown,True,16.7,7.2,,,interception,False,False,,
1171451,Nico Paz,13981577,rating-breakdown,defensive,defensive,,,,Como,90.0,,47.3,40.2,,,True,True,1,boolean_field,success,,True,rating-breakdown,True,47.3,40.2,,,ball-recovery,False,False,,
1171451,Nico Paz,13981577,rating-breakdown,defensive,defensive,,,,Como,90.0,,37.6,89.6,,,,,,unresolvable,,,,rating-breakdown,True,37.6,89.6,,,tackle,False,False,,
1171451,Nico Paz,13981577,rating-breakdown,defensive,defensive,,,,Como,90.0,,23.2,21,,,True,True,1,boolean_field,success,,True,rating-breakdown,True,23.2,21,,,ball-recovery,False,False,,
1171451,Nico Paz,13981577,rating-breakdown,defensive,defensive,,,,Como,90.0,,63,58,,,True,True,1,boolean_field,success,,True,rating-breakdown,True,63,58,,,ball-recovery,False,False,,
1171451,Nico Paz,14844296,rating-breakdown,passes,passes,,,,Como,90.0,,38.4,35.4,35.2,49.1,True,True,1,boolean_field,success,True,,rating-breakdown,True,38.4,35.4,35.2,49.1,pass,True,False,,
1171451,Nico Paz,14844296,rating-breakdown,passes,passes,,,,Como,90.0,,33.1,28.8,35.7,7.4,True,True,1,boolean_field,success,True,,rating-breakdown,True,33.1,28.8,35.7,7.4,pass,True,False,,
1171451,Nico Paz,14844296,rating-breakdown,passes,passes,,,,Como,90.0,,39.4,8.2,34.5,31.7,True,True,1,boolean_field,success,True,,rating-breakdown,True,39.4,8.2,34.5,31.7,pass,True,False,,
1171451,Nico Paz,14844296,rating-breakdown,passes,passes,,,,Como,90.0,,56.4,36.8,66.8,11.2,True,True,1,boolean_field,success,True,,rating-breakdown,True,56.4,36.8,66.8,11.2,pass,True,False,,
1171451,Nico Paz,14844296,rating-breakdown,passes,passes,,,,Como,90.0,,73.5,16.6,64.1,42.9,True,True,1,boolean_field,success,True,,rating-breakdown,True,73.5,16.6,64.1,42.9,pass,True,False,,
1171451,Nico Paz,14844296,rating-breakdown,passes,passes,,,,Como,90.0,,67.3,30.9,62.5,36.1,True,True,1,boolean_field,success,True,,rating-breakdown,True,67.3,30.9,62.5,36.1,pass,True,False,,
1171451,Nico Paz,14844296,rating-breakdown,passes,passes,,,,Como,90.0,,37.8,9.2,29.3,3.6,True,True,1,boolean_field,success,True,,rating-breakdown,True,37.8,9.2,29.3,3.6,pass,True,False,,
1171451,Nico Paz,14844296,rating-breakdown,passes,passes,,,,Como,90.0,,49.9,20,76.6,74.6,,,,unresolvable,,,,rating-breakdown,True,49.9,20,76.6,74.6,pass,True,False,True,
1171451,Nico Paz,14844296,rating-breakdown,passes,passes,,,,Como,90.0,,69.7,16.8,66.2,37.3,True,True,1,boolean_field,success,True,,rating-breakdown,True,69.7,16.8,66.2,37.3,pass,True,False,,
1171451,Nico Paz,14844296,rating-breakdown,passes,passes,,,,Como,90.0,,40.5,19.4,40.4,5.9,True,True,1,boolean_field,success,True,,rating-breakdown,True,40.5,19.4,40.4,5.9,pass,True,False,,
1171451,Nico Paz,14844296,rating-breakdown,passes,passes,,,,Como,90.0,,45.8,21,46.8,33.5,True,True,1,boolean_field,success,True,,rating-breakdown,True,45.8,21,46.8,33.5,pass,True,False,,
1171451,Nico Paz,14844296,rating-breakdown,passes,passes,,,,Como,90.0,,46.9,22.1,38.2,37.1,True,True,1,boolean_field,success,True,,rating-breakdown,True,46.9,22.1,38.2,37.1,pass,True,False,,
1171451,Nico Paz,14844296,rating-breakdown,passes,passes,,,,Como,90.0,,39.5,5.1,36.9,35.1,True,True,1,boolean_field,success,True,,rating-breakdown,True,39.5,5.1,36.9,35.1,pass,True,False,,
1171451,Nico Paz,14844296,rating-breakdown,passes,passes,,,,Como,90.0,,46.7,18.5,38.7,10.6,True,True,1,boolean_field,success,True,,rating-breakdown,True,46.7,18.5,38.7,10.6,pass,True,False,,
1171451,Nico Paz,14844296,rating-breakdown,passes,passes,,,,Como,90.0,,55.8,6.3,59.5,25.1,True,True,1,boolean_field,success,True,,rating-breakdown,True,55.8,6.3,59.5,25.1,pass,True,False,,
1171451,Nico Paz,14844296,rating-breakdown,passes,passes,,,,Como,90.0,,34.5,31.7,29.3,8.2,True,True,1,boolean_field,success,True,,rating-breakdown,True,34.5,31.7,29.3,8.2,pass,True,False,,
1171451,Nico Paz,14844296,rating-breakdown,passes,passes,,,,Como,90.0,,33,15.6,26.1,1.6,True,True,1,boolean_field,success,True,,rating-breakdown,True,33,15.6,26.1,1.6,pass,True,False,,
1171451,Nico Paz,14844296,rating-breakdown,passes,passes,,,,Como,90.0,,32.5,56.5,28,64.4,True,True,1,boolean_field,success,True,,rating-breakdown,True,32.5,56.5,28,64.4,pass,True,False,,
1171451,Nico Paz,14844296,rating-breakdown,passes,passes,,,,Como,90.0,,34.4,28.2,29,10.3,True,True,1,boolean_field,success,True,,rating-breakdown,True,34.4,28.2,29,10.3,pass,True,False,,
1171451,Nico Paz,14844296,rating-breakdown,passes,passes,,,,Como,90.0,,47,40.1,65.1,59.1,True,True,1,boolean_field,success,True,,rating-breakdown,True,47,40.1,65.1,59.1,pass,True,False,,
1171451,Nico Paz,14844296,rating-breakdown,passes,passes,,,,Como,90.0,,73.6,55.8,68.5,32.3,True,True,1,boolean_field,success,True,,rating-breakdown,True,73.6,55.8,68.5,32.3,pass,True,False,,
1171451,Nico Paz,14844296,rating-breakdown,passes,passes,,,,Como,90.0,,23.3,24.7,9.1,13.8,True,True,1,boolean_field,success,True,,rating-breakdown,True,23.3,24.7,9.1,13.8,pass,True,False,,
1171451,Nico Paz,14844296,rating-breakdown,passes,passes,,,,Como,90.0,,57.4,46.7,72.5,79.1,True,True,1,boolean_field,success,True,,rating-breakdown,True,57.4,46.7,72.5,79.1,pass,True,False,,
1171451,Nico Paz,14844296,rating-breakdown,passes,passes,,,,Como,90.0,,66.5,40.3,73.6,56.7,,,,unresolvable,,,,rating-breakdown,True,66.5,40.3,73.6,56.7,pass,True,False,,
1171451,Nico Paz,14844296,rating-breakdown,passes,passes,,,,Como,90.0,,78.3,34.2,89.7,23.5,True,True,1,boolean_field,success,True,,rating-breakdown,True,78.3,34.2,89.7,23.5,pass,True,False,,
1171451,Nico Paz,14844296,rating-breakdown,passes,passes,,,,Como,90.0,,30.9,9.5,33,24.8,True,True,1,boolean_field,success,True,,rating-breakdown,True,30.9,9.5,33,24.8,pass,True,False,,
1171451,Nico Paz,14844296,rating-breakdown,passes,passes,,,,Como,90.0,,33.3,36.4,22.1,66.2,True,True,1,boolean_field,success,True,,rating-breakdown,True,33.3,36.4,22.1,66.2,pass,True,False,,
1171451,Nico Paz,14844296,rating-breakdown,passes,passes,,,,Como,90.0,,54.7,43.8,66.8,16.6,True,True,1,boolean_field,success,True,,rating-breakdown,True,54.7,43.8,66.8,16.6,pass,True,False,,
1171451,Nico Paz,14844296,rating-breakdown,passes,passes,,,,Como,90.0,,68,23.3,59.4,18.2,True,True,1,boolean_field,success,True,,rating-breakdown,True,68,23.3,59.4,18.2,pass,True,False,,
1171451,Nico Paz,14844296,rating-breakdown,passes,passes,,,,Como,90.0,,55.6,26.8,41.7,28.9,True,True,1,boolean_field,success,True,,rating-breakdown,True,55.6,26.8,41.7,28.9,pass,True,False,,
1171451,Nico Paz,14844296,rating-breakdown,passes,passes,,,,Como,90.0,,70.2,22.9,80.7,7.4,True,True,1,boolean_field,success,True,,rating-breakdown,True,70.2,22.9,80.7,7.4,pass,True,False,,
1171451,Nico Paz,14844296,rating-breakdown,passes,passes,,,,Como,90.0,,72.8,32.9,86.4,37.8,True,True,1,boolean_field,success,True,,rating-breakdown,True,72.8,32.9,86.4,37.8,pass,True,True,,
1171451,Nico Paz,14844296,rating-breakdown,passes,passes,,,,Como,90.0,,41.9,24.8,42.1,14.7,True,True,1,boolean_field,success,True,,rating-breakdown,True,41.9,24.8,42.1,14.7,pass,True,False,,
1171451,Nico Paz,14844296,rating-breakdown,passes,passes,,,,Como,90.0,,55.2,62.9,39.5,90,True,True,1,boolean_field,success,True,,rating-breakdown,True,55.2,62.9,39.5,90,pass,True,False,,
1171451,Nico Paz,14844296,rating-breakdown,passes,passes,,,,Como,90.0,,64,25.7,44.9,17.3,True,True,1,boolean_field,success,True,,rating-breakdown,True,64,25.7,44.9,17.3,pass,True,False,,
1171451,Nico Paz,14844296,rating-breakdown,passes,passes,,,,Como,90.0,,99.5,0.5,82.1,11.3,True,True,1,boolean_field,success,True,,rating-breakdown,True,99.5,0.5,82.1,11.3,pass,True,False,,
1171451,Nico Paz,14844296,rating-breakdown,passes,passes,,,,Como,90.0,,85.1,3.5,94.7,31,,,,unresolvable,,,,rating-breakdown,True,85.1,3.5,94.7,31,cross,True,False,,
1171451,Nico Paz,14844296,rating-breakdown,passes,passes,,,,Como,90.0,,59.9,12.1,62.4,3.9,True,True,1,boolean_field,success,True,,rating-breakdown,True,59.9,12.1,62.4,3.9,pass,True,False,,
1171451,Nico Paz,14844296,rating-breakdown,passes,passes,,,,Como,90.0,,51.9,37,43.5,30.4,True,True,1,boolean_field,success,True,,rating-breakdown,True,51.9,37,43.5,30.4,pass,True,False,,
1171451,Nico Paz,14844296,rating-breakdown,passes,passes,,,,Como,90.0,,48.3,27.9,42.3,38.6,True,True,1,boolean_field,success,True,,rating-breakdown,True,48.3,27.9,42.3,38.6,pass,True,False,,
1171451,Nico Paz,14844296,rating-breakdown,passes,passes,,,,Como,90.0,,58.7,74.1,60.5,73.2,,,,unresolvable,,,,rating-breakdown,True,58.7,74.1,60.5,73.2,pass,True,False,,
1171451,Nico Paz,14844296,rating-breakdown,passes,passes,,,,Como,90.0,,14.5,65.6,20.4,73.7,True,True,1,boolean_field,success,True,,rating-breakdown,True,14.5,65.6,20.4,73.7,pass,True,False,,
1171451,Nico Paz,14844296,rating-breakdown,passes,passes,,,,Como,90.0,,62.4,82,54,78.3,True,True,1,boolean_field,success,True,,rating-breakdown,True,62.4,82,54,78.3,pass,True,False,,
1171451,Nico Paz,14844296,rating-breakdown,passes,passes,,,,Como,90.0,,77.9,76.4,74.2,59.6,True,True,1,boolean_field,success,True,,rating-breakdown,True,77.9,76.4,74.2,59.6,pass,True,False,,
1171451,Nico Paz,14844296,rating-breakdown,passes,passes,,,,Como,90.0,,67.3,34.1,67.8,58.6,True,True,1,boolean_field,success,True,,rating-breakdown,True,67.3,34.1,67.8,58.6,pass,True,False,,
1171451,Nico Paz,14844296,rating-breakdown,passes,passes,,,,Como,90.0,,72.3,61.5,72.6,80.5,True,True,1,boolean_field,success,True,,rating-breakdown,True,72.3,61.5,72.6,80.5,pass,True,False,,
1171451,Nico Paz,14844296,rating-breakdown,passes,passes,,,,Como,90.0,,67.1,21.3,90.5,47.9,True,True,1,boolean_field,success,True,,rating-breakdown,True,67.1,21.3,90.5,47.9,cross,True,True,,
1171451,Nico Paz,14844296,rating-breakdown,passes,passes,,,,Como,90.0,,62.1,33.9,71,43.8,True,True,1,boolean_field,success,True,,rating-breakdown,True,62.1,33.9,71,43.8,pass,True,False,,
1171451,Nico Paz,14844296,rating-breakdown,passes,passes,,,,Como,90.0,,41.7,93.8,31.3,66.4,True,True,1,boolean_field,success,True,,rating-breakdown,True,41.7,93.8,31.3,66.4,pass,True,False,,
1171451,Nico Paz,14844296,rating-breakdown,passes,passes,,,,Como,90.0,,98.1,90,91.9,72.9,,,,unresolvable,,,,rating-breakdown,True,98.1,90,91.9,72.9,cross,True,False,,
1171451,Nico Paz,14844296,rating-breakdown,passes,passes,,,,Como,90.0,,60,4.2,52.8,15,True,True,1,boolean_field,success,True,,rating-breakdown,True,60,4.2,52.8,15,pass,True,False,,
1171451,Nico Paz,14844296,rating-breakdown,passes,passes,,,,Como,90.0,,55.3,69,59.3,86.4,True,True,1,boolean_field,success,True,,rating-breakdown,True,55.3,69,59.3,86.4,pass,True,False,,
1171451,Nico Paz,14844296,rating-breakdown,passes,passes,,,,Como,90.0,,69.6,73.7,81.8,94.3,True,True,1,boolean_field,success,True,,rating-breakdown,True,69.6,73.7,81.8,94.3,pass,True,False,,
1171451,Nico Paz,14844296,rating-breakdown,passes,passes,,,,Como,90.0,,72.7,42.7,73.8,60.2,True,True,1,boolean_field,success,True,,rating-breakdown,True,72.7,42.7,73.8,60.2,pass,True,False,,
1171451,Nico Paz,14844296,rating-breakdown,ball-carries,ball-carries,,,,Como,90.0,,47.1,42.1,56.4,36.8,,,,unresolvable,,,,rating-breakdown,True,47.1,42.1,56.4,36.8,ball-carry,True,,,
1171451,Nico Paz,14844296,rating-breakdown,ball-carries,ball-carries,,,,Como,90.0,,70.6,15.1,73.5,16.6,,,,unresolvable,,,,rating-breakdown,True,70.6,15.1,73.5,16.6,ball-carry,True,,,
1171451,Nico Paz,14844296,rating-breakdown,ball-carries,ball-carries,,,,Como,90.0,,46.8,5.1,49.9,20,,,,unresolvable,,,,rating-breakdown,True,46.8,5.1,49.9,20,ball-carry,True,,,
1171451,Nico Paz,14844296,rating-breakdown,ball-carries,ball-carries,,,,Como,90.0,,66.6,8.5,69.7,16.8,,,,unresolvable,,,,rating-breakdown,True,66.6,8.5,69.7,16.8,ball-carry,True,,,
1171451,Nico Paz,14844296,rating-breakdown,ball-carries,ball-carries,,,,Como,90.0,,42.4,25.3,40.5,19.4,,,,unresolvable,,,,rating-breakdown,True,42.4,25.3,40.5,19.4,ball-carry,True,,,
1171451,Nico Paz,14844296,rating-breakdown,ball-carries,ball-carries,,,,Como,90.0,,45.6,5.9,45.8,21,,,,unresolvable,,,,rating-breakdown,True,45.6,5.9,45.8,21,ball-carry,True,,,
1171451,Nico Paz,14844296,rating-breakdown,ball-carries,ball-carries,,,,Como,90.0,,47.6,6.3,55.8,6.3,,,,unresolvable,,,,rating-breakdown,True,47.6,6.3,55.8,6.3,ball-carry,True,,,
1171451,Nico Paz,14844296,rating-breakdown,ball-carries,ball-carries,,,,Como,90.0,,46.9,34.8,47,40.1,,,,unresolvable,,,,rating-breakdown,True,46.9,34.8,47,40.1,ball-carry,True,,,
1171451,Nico Paz,14844296,rating-breakdown,ball-carries,ball-carries,,,,Como,90.0,,24.2,7.9,30.9,9.5,,,,unresolvable,,,,rating-breakdown,True,24.2,7.9,30.9,9.5,ball-carry,True,,,
1171451,Nico Paz,14844296,rating-breakdown,ball-carries,ball-carries,,,,Como,90.0,,65.2,27.3,68,23.3,,,,unresolvable,,,,rating-breakdown,True,65.2,27.3,68,23.3,ball-carry,True,,,
1171451,Nico Paz,14844296,rating-breakdown,ball-carries,ball-carries,,,,Como,90.0,,58.3,4.8,59.9,12.1,,,,unresolvable,,,,rating-breakdown,True,58.3,4.8,59.9,12.1,ball-carry,True,,,
1171451,Nico Paz,14844296,rating-breakdown,ball-carries,ball-carries,,,,Como,90.0,,70.6,56.2,75.6,58.4,,,,unresolvable,,,,rating-breakdown,True,70.6,56.2,75.6,58.4,ball-carry,True,,,
1171451,Nico Paz,14844296,rating-breakdown,ball-carries,ball-carries,,,,Como,90.0,,74.8,69.9,78.1,69.1,,,,unresolvable,,,,rating-breakdown,True,74.8,69.9,78.1,69.1,ball-carry,True,,,
1171451,Nico Paz,14844296,rating-breakdown,ball-carries,ball-carries,,,,Como,90.0,,59.5,71.8,62.4,82,,,,unresolvable,,,,rating-breakdown,True,59.5,71.8,62.4,82,ball-carry,True,,,
1171451,Nico Paz,14844296,rating-breakdown,ball-carries,ball-carries,,,,Como,90.0,,60,6.3,62.1,33.9,,,,unresolvable,,,,rating-breakdown,True,60,6.3,62.1,33.9,ball-carry,True,,,
1171451,Nico Paz,14844296,rating-breakdown,ball-carries,ball-carries,,,,Como,90.0,,66.9,53,72.8,57.5,,,,unresolvable,,,,rating-breakdown,True,66.9,53,72.8,57.5,ball-carry,True,,,
1171451,Nico Paz,14844296,rating-breakdown,ball-carries,ball-carries,,,,Como,90.0,,93.9,87.6,98.1,90,,,,unresolvable,,,,rating-breakdown,True,93.9,87.6,98.1,90,ball-carry,True,,,
1171451,Nico Paz,14844296,rating-breakdown,ball-carries,ball-carries,,,,Como,90.0,,35.2,51.2,55.3,69,,,,unresolvable,,,,rating-breakdown,True,35.2,51.2,55.3,69,ball-carry,True,,,
1171451,Nico Paz,14844296,rating-breakdown,ball-carries,ball-carries,,,,Como,90.0,,63,68.6,69.6,73.7,,,,unresolvable,,,,rating-breakdown,True,63,68.6,69.6,73.7,ball-carry,True,,,
1171451,Nico Paz,14844296,rating-breakdown,ball-carries,ball-carries,,,,Como,90.0,,72.4,42.4,74.6,37.2,,,,unresolvable,,,,rating-breakdown,True,72.4,42.4,74.6,37.2,ball-carry,True,,,
1171451,Nico Paz,14844296,rating-breakdown,dribbles,dribbles,,,,Como,90.0,,28.4,12.7,,,,,,unresolvable,,,,rating-breakdown,True,28.4,12.7,,,dribble,True,False,,
1171451,Nico Paz,14844296,rating-breakdown,dribbles,dribbles,,,,Como,90.0,,56.4,30,,,True,True,1,boolean_field,success,,True,rating-breakdown,True,56.4,30,,,dribble,True,False,,
1171451,Nico Paz,14844296,rating-breakdown,dribbles,dribbles,,,,Como,90.0,,75,58.5,,,,,,unresolvable,,,,rating-breakdown,True,75,58.5,,,dribble,True,False,,
1171451,Nico Paz,14844296,rating-breakdown,dribbles,dribbles,,,,Como,90.0,,75.8,35.7,,,,,,unresolvable,,,,rating-breakdown,True,75.8,35.7,,,dribble,True,False,,
1171451,Nico Paz,14844296,rating-breakdown,dribbles,dribbles,,,,Como,90.0,,70.8,22.8,,,True,True,1,boolean_field,success,,True,rating-breakdown,True,70.8,22.8,,,dribble,True,False,,
1171451,Nico Paz,14844296,rating-breakdown,defensive,defensive,,,,Como,90.0,,92.8,7.8,,,,,,unresolvable,,,,rating-breakdown,True,92.8,7.8,,,tackle,True,False,,
1171451,Nico Paz,14844296,rating-breakdown,defensive,defensive,,,,Como,90.0,,72.2,45.8,,,,,,unresolvable,,,,rating-breakdown,True,72.2,45.8,,,tackle,True,False,,
1171451,Nico Paz,14844296,rating-breakdown,defensive,defensive,,,,Como,90.0,,17.4,18,,,True,True,1,boolean_field,success,,True,rating-breakdown,True,17.4,18,,,tackle,True,False,,
1171451,Nico Paz,14844296,rating-breakdown,defensive,defensive,,,,Como,90.0,,56.1,27,,,True,True,1,boolean_field,success,,True,rating-breakdown,True,56.1,27,,,ball-recovery,True,False,,
1171451,Nico Paz,14844296,rating-breakdown,defensive,defensive,,,,Como,90.0,,32,3.2,,,,,,unresolvable,,,,rating-breakdown,True,32,3.2,,,tackle,True,False,,
1171451,Nico Paz,14844296,rating-breakdown,defensive,defensive,,,,Como,90.0,,61.5,73.5,,,True,True,1,boolean_field,success,,True,rating-breakdown,True,61.5,73.5,,,tackle,True,False,,
1171451,Nico Paz,14844296,rating-breakdown,defensive,defensive,,,,Como,90.0,,58.2,74.6,,,True,True,1,boolean_field,success,,True,rating-breakdown,True,58.2,74.6,,,ball-recovery,True,False,,
1171451,Nico Paz,14844296,rating-breakdown,defensive,defensive,,,,Como,90.0,,93.9,87.6,,,True,True,1,boolean_field,success,,True,rating-breakdown,True,93.9,87.6,,,ball-recovery,True,False,,
1171451,Nico Paz,13981590,rating-breakdown,passes,passes,,,,Como,89.0,,54.8,21.1,49.3,17.2,,,,unresolvable,,,,rating-breakdown,True,54.8,21.1,49.3,17.2,pass,False,False,,
1171451,Nico Paz,13981590,rating-breakdown,passes,passes,,,,Como,89.0,,60,41.2,53.5,57.2,True,True,1,boolean_field,success,True,,rating-breakdown,True,60,41.2,53.5,57.2,pass,False,False,,
1171451,Nico Paz,13981590,rating-breakdown,passes,passes,,,,Como,89.0,,60.3,29.5,51.7,39.7,True,True,1,boolean_field,success,True,,rating-breakdown,True,60.3,29.5,51.7,39.7,pass,False,False,,
1171451,Nico Paz,13981590,rating-breakdown,passes,passes,,,,Como,89.0,,60.4,46,44.3,55.8,True,True,1,boolean_field,success,True,,rating-breakdown,True,60.4,46,44.3,55.8,pass,False,False,,
1171451,Nico Paz,13981590,rating-breakdown,passes,passes,,,,Como,89.0,,52.2,63.8,69.1,73.5,,,,unresolvable,,,,rating-breakdown,True,52.2,63.8,69.1,73.5,pass,False,False,,
1171451,Nico Paz,13981590,rating-breakdown,passes,passes,,,,Como,89.0,,70.2,40.3,78.4,34.8,True,True,1,boolean_field,success,True,,rating-breakdown,True,70.2,40.3,78.4,34.8,pass,False,False,,
1171451,Nico Paz,13981590,rating-breakdown,passes,passes,,,,Como,89.0,,64.5,30.7,64.1,55.6,True,True,1,boolean_field,success,True,,rating-breakdown,True,64.5,30.7,64.1,55.6,pass,False,False,,
1171451,Nico Paz,13981590,rating-breakdown,passes,passes,,,,Como,89.0,,66.8,82,75.5,94.2,True,True,1,boolean_field,success,True,,rating-breakdown,True,66.8,82,75.5,94.2,pass,False,False,,
1171451,Nico Paz,13981590,rating-breakdown,passes,passes,,,,Como,89.0,,65.8,15.4,57.6,23.1,True,True,1,boolean_field,success,True,,rating-breakdown,True,65.8,15.4,57.6,23.1,pass,False,False,,
1171451,Nico Paz,13981590,rating-breakdown,passes,passes,,,,Como,89.0,,61.1,24.8,61.3,0,,,,unresolvable,,,,rating-breakdown,True,61.1,24.8,61.3,0,pass,False,False,,
1171451,Nico Paz,13981590,rating-breakdown,passes,passes,,,,Como,89.0,,52,15.5,51.2,8,True,True,1,boolean_field,success,True,,rating-breakdown,True,52,15.5,51.2,8,pass,False,False,,
1171451,Nico Paz,13981590,rating-breakdown,passes,passes,,,,Como,89.0,,52.3,16.8,34.9,25.9,True,True,1,boolean_field,success,True,,rating-breakdown,True,52.3,16.8,34.9,25.9,pass,False,False,,
1171451,Nico Paz,13981590,rating-breakdown,passes,passes,,,,Como,89.0,,62.4,29.7,80.2,89.9,True,True,1,boolean_field,success,True,,rating-breakdown,True,62.4,29.7,80.2,89.9,pass,False,False,True,
1171451,Nico Paz,13981590,rating-breakdown,passes,passes,,,,Como,89.0,,41.5,24.6,54.9,5.5,True,True,1,boolean_field,success,True,,rating-breakdown,True,41.5,24.6,54.9,5.5,pass,False,False,,
1171451,Nico Paz,13981590,rating-breakdown,passes,passes,,,,Como,89.0,,30.6,79,36.6,70.8,True,True,1,boolean_field,success,True,,rating-breakdown,True,30.6,79,36.6,70.8,pass,False,False,,
1171451,Nico Paz,13981590,rating-breakdown,passes,passes,,,,Como,89.0,,38.3,7.9,35.1,20.7,True,True,1,boolean_field,success,True,,rating-breakdown,True,38.3,7.9,35.1,20.7,pass,False,False,,
1171451,Nico Paz,13981590,rating-breakdown,passes,passes,,,,Como,89.0,,35.6,26.2,24.8,22.7,,,,unresolvable,,,,rating-breakdown,True,35.6,26.2,24.8,22.7,pass,False,False,,
1171451,Nico Paz,13981590,rating-breakdown,passes,passes,,,,Como,89.0,,22,25.5,28.1,37.4,True,True,1,boolean_field,success,True,,rating-breakdown,True,22,25.5,28.1,37.4,pass,False,False,,
1171451,Nico Paz,13981590,rating-breakdown,passes,passes,,,,Como,89.0,,73.8,28.9,83.3,9.4,True,True,1,boolean_field,success,True,,rating-breakdown,True,73.8,28.9,83.3,9.4,pass,False,False,,
1171451,Nico Paz,13981590,rating-breakdown,passes,passes,,,,Como,89.0,,35,38.8,26.5,23.1,True,True,1,boolean_field,success,True,,rating-breakdown,True,35,38.8,26.5,23.1,pass,False,False,,
1171451,Nico Paz,13981590,rating-breakdown,passes,passes,,,,Como,89.0,,39,73.9,30.3,71.7,True,True,1,boolean_field,success,True,,rating-breakdown,True,39,73.9,30.3,71.7,pass,False,False,,
1171451,Nico Paz,13981590,rating-breakdown,passes,passes,,,,Como,89.0,,41.2,70.2,29.5,73.9,True,True,1,boolean_field,success,True,,rating-breakdown,True,41.2,70.2,29.5,73.9,pass,False,False,,
1171451,Nico Paz,13981590,rating-breakdown,passes,passes,,,,Como,89.0,,47.6,62.6,62.5,94.4,True,True,1,boolean_field,success,True,,rating-breakdown,True,47.6,62.6,62.5,94.4,pass,False,False,,
1171451,Nico Paz,13981590,rating-breakdown,passes,passes,,,,Como,89.0,,33.3,95.1,44,76.7,True,True,1,boolean_field,success,True,,rating-breakdown,True,33.3,95.1,44,76.7,pass,False,False,,
1171451,Nico Paz,13981590,rating-breakdown,passes,passes,,,,Como,89.0,,52.7,19,63.8,18.4,True,True,1,boolean_field,success,True,,rating-breakdown,True,52.7,19,63.8,18.4,pass,False,False,,
1171451,Nico Paz,13981590,rating-breakdown,passes,passes,,,,Como,89.0,,61.6,82.7,63.2,56.7,True,True,1,boolean_field,success,True,,rating-breakdown,True,61.6,82.7,63.2,56.7,pass,False,False,,
1171451,Nico Paz,13981590,rating-breakdown,passes,passes,,,,Como,89.0,,72.8,30.7,78.4,42.2,True,True,1,boolean_field,success,True,,rating-breakdown,True,72.8,30.7,78.4,42.2,pass,False,False,,
1171451,Nico Paz,13981590,rating-breakdown,passes,passes,,,,Como,89.0,,44.5,71.4,38.4,74.1,True,True,1,boolean_field,success,True,,rating-breakdown,True,44.5,71.4,38.4,74.1,pass,False,False,,
1171451,Nico Paz,13981590,rating-breakdown,passes,passes,,,,Como,89.0,,41.5,28.6,27.6,48.7,True,True,1,boolean_field,success,True,,rating-breakdown,True,41.5,28.6,27.6,48.7,pass,False,False,,
1171451,Nico Paz,13981590,rating-breakdown,passes,passes,,,,Como,89.0,,48.2,59.3,37.2,88.1,True,True,1,boolean_field,success,True,,rating-breakdown,True,48.2,59.3,37.2,88.1,pass,False,False,,
1171451,Nico Paz,13981590,rating-breakdown,passes,passes,,,,Como,89.0,,59.5,7.1,62.6,17.9,,,,unresolvable,,,,rating-breakdown,True,59.5,7.1,62.6,17.9,pass,False,False,,
1171451,Nico Paz,13981590,rating-breakdown,passes,passes,,,,Como,89.0,,50.2,50,37.5,47.3,True,True,1,boolean_field,success,True,,rating-breakdown,True,50.2,50,37.5,47.3,pass,False,False,,
1171451,Nico Paz,13981590,rating-breakdown,passes,passes,,,,Como,89.0,,51.6,46.6,47.7,41.9,True,True,1,boolean_field,success,True,,rating-breakdown,True,51.6,46.6,47.7,41.9,pass,False,False,,
1171451,Nico Paz,13981590,rating-breakdown,passes,passes,,,,Como,89.0,,61.6,9.4,55.7,14.9,True,True,1,boolean_field,success,True,,rating-breakdown,True,61.6,9.4,55.7,14.9,pass,False,False,,
1171451,Nico Paz,13981590,rating-breakdown,passes,passes,,,,Como,89.0,,56.8,30.6,64.2,7.1,True,True,1,boolean_field,success,True,,rating-breakdown,True,56.8,30.6,64.2,7.1,pass,False,False,,
1171451,Nico Paz,13981590,rating-breakdown,passes,passes,,,,Como,89.0,,63.8,28.6,70.2,16.7,True,True,1,boolean_field,success,True,,rating-breakdown,True,63.8,28.6,70.2,16.7,pass,False,False,,
1171451,Nico Paz,13981590,rating-breakdown,passes,passes,,,,Como,89.0,,37.6,23.1,46.2,27,True,True,1,boolean_field,success,True,,rating-breakdown,True,37.6,23.1,46.2,27,pass,False,False,,
1171451,Nico Paz,13981590,rating-breakdown,passes,passes,,,,Como,89.0,,43.8,69,56.3,68.4,True,True,1,boolean_field,success,True,,rating-breakdown,True,43.8,69,56.3,68.4,pass,False,False,,
1171451,Nico Paz,13981590,rating-breakdown,passes,passes,,,,Como,89.0,,37.4,54.2,81.1,54.8,,,,unresolvable,,,,rating-breakdown,True,37.4,54.2,81.1,54.8,pass,False,False,True,
1171451,Nico Paz,13981590,rating-breakdown,passes,passes,,,,Como,89.0,,61,89.9,41.6,72.7,True,True,1,boolean_field,success,True,,rating-breakdown,True,61,89.9,41.6,72.7,pass,False,False,,
1171451,Nico Paz,13981590,rating-breakdown,passes,passes,,,,Como,89.0,,70.6,50.1,82.8,7.4,True,True,1,boolean_field,success,True,,rating-breakdown,True,70.6,50.1,82.8,7.4,pass,False,False,,
1171451,Nico Paz,13981590,rating-breakdown,passes,passes,,,,Como,89.0,,46.3,86.9,80.8,81.7,True,True,1,boolean_field,success,True,,rating-breakdown,True,46.3,86.9,80.8,81.7,pass,False,False,True,
1171451,Nico Paz,13981590,rating-breakdown,passes,passes,,,,Como,89.0,,73.9,25.8,88.4,37.4,True,True,1,boolean_field,success,True,,rating-breakdown,True,73.9,25.8,88.4,37.4,pass,False,True,,True
1171451,Nico Paz,13981590,rating-breakdown,passes,passes,,,,Como,89.0,,56.5,79.7,74.3,66.7,,,,unresolvable,,,,rating-breakdown,True,56.5,79.7,74.3,66.7,pass,False,False,,
1171451,Nico Paz,13981590,rating-breakdown,passes,passes,,,,Como,89.0,,13.5,7.4,26.5,8.5,,,,unresolvable,,,,rating-breakdown,True,13.5,7.4,26.5,8.5,pass,False,False,,
1171451,Nico Paz,13981590,rating-breakdown,passes,passes,,,,Como,89.0,,80.6,68.2,93.4,80.5,True,True,1,boolean_field,success,True,,rating-breakdown,True,80.6,68.2,93.4,80.5,pass,False,False,,
1171451,Nico Paz,13981590,rating-breakdown,ball-carries,ball-carries,,,,Como,89.0,,55.7,25.8,56.9,21.5,,,,unresolvable,,,,rating-breakdown,True,55.7,25.8,56.9,21.5,ball-carry,False,,,
1171451,Nico Paz,13981590,rating-breakdown,ball-carries,ball-carries,,,,Como,89.0,,55.8,38.7,60,41.2,,,,unresolvable,,,,rating-breakdown,True,55.8,38.7,60,41.2,ball-carry,False,,,
1171451,Nico Paz,13981590,rating-breakdown,ball-carries,ball-carries,,,,Como,89.0,,64.1,29.7,60.3,29.5,,,,unresolvable,,,,rating-breakdown,True,64.1,29.7,60.3,29.5,ball-carry,False,,,
1171451,Nico Paz,13981590,rating-breakdown,ball-carries,ball-carries,,,,Como,89.0,,44.6,27.6,51,27.3,,,,unresolvable,,,,rating-breakdown,True,44.6,27.6,51,27.3,ball-carry,False,,,
1171451,Nico Paz,13981590,rating-breakdown,ball-carries,ball-carries,,,,Como,89.0,,28.3,30.9,70.2,40.3,,,,unresolvable,,,,rating-breakdown,True,28.3,30.9,70.2,40.3,ball-carry,False,,,
1171451,Nico Paz,13981590,rating-breakdown,ball-carries,ball-carries,,,,Como,89.0,,53.8,81.8,66.8,82,,,,unresolvable,,,,rating-breakdown,True,53.8,81.8,66.8,82,ball-carry,False,,,
1171451,Nico Paz,13981590,rating-breakdown,ball-carries,ball-carries,,,,Como,89.0,,89.9,64.8,93.6,66,,,,unresolvable,,,,rating-breakdown,True,89.9,64.8,93.6,66,ball-carry,False,,,
1171451,Nico Paz,13981590,rating-breakdown,ball-carries,ball-carries,,,,Como,89.0,,65.4,4.9,65.8,15.4,,,,unresolvable,,,,rating-breakdown,True,65.4,4.9,65.8,15.4,ball-carry,False,,,
1171451,Nico Paz,13981590,rating-breakdown,ball-carries,ball-carries,,,,Como,89.0,,47.2,16,52,15.5,,,,unresolvable,,,,rating-breakdown,True,47.2,16,52,15.5,ball-carry,False,,,
1171451,Nico Paz,13981590,rating-breakdown,ball-carries,ball-carries,,,,Como,89.0,,43.9,28.6,41.5,24.6,,,,unresolvable,,,,rating-breakdown,True,43.9,28.6,41.5,24.6,ball-carry,False,,,
1171451,Nico Paz,13981590,rating-breakdown,ball-carries,ball-carries,,,,Como,89.0,,37.9,77.7,30.6,79,,,,unresolvable,,,,rating-breakdown,True,37.9,77.7,30.6,79,ball-carry,False,,,
1171451,Nico Paz,13981590,rating-breakdown,ball-carries,ball-carries,,,,Como,89.0,,65.5,33.9,72.3,35,,,,unresolvable,,,,rating-breakdown,True,65.5,33.9,72.3,35,ball-carry,False,,,
1171451,Nico Paz,13981590,rating-breakdown,ball-carries,ball-carries,,,,Como,89.0,,54.5,34.5,73.8,28.9,,,,unresolvable,,,,rating-breakdown,True,54.5,34.5,73.8,28.9,ball-carry,False,,,
1171451,Nico Paz,13981590,rating-breakdown,ball-carries,ball-carries,,,,Como,89.0,,44.5,57.3,47.6,62.6,,,,unresolvable,,,,rating-breakdown,True,44.5,57.3,47.6,62.6,ball-carry,False,,,
1171451,Nico Paz,13981590,rating-breakdown,ball-carries,ball-carries,,,,Como,89.0,,28.6,94.6,33.3,95.1,,,,unresolvable,,,,rating-breakdown,True,28.6,94.6,33.3,95.1,ball-carry,False,,,
1171451,Nico Paz,13981590,rating-breakdown,ball-carries,ball-carries,,,,Como,89.0,,44.1,23.6,52.7,19,,,,unresolvable,,,,rating-breakdown,True,44.1,23.6,52.7,19,ball-carry,False,,,
1171451,Nico Paz,13981590,rating-breakdown,ball-carries,ball-carries,,,,Como,89.0,,55.5,28.6,72.8,30.7,,,,unresolvable,,,,rating-breakdown,True,55.5,28.6,72.8,30.7,ball-carry,False,,,
1171451,Nico Paz,13981590,rating-breakdown,ball-carries,ball-carries,,,,Como,89.0,,60.1,68.4,43.2,28.8,,,,unresolvable,,,,rating-breakdown,True,60.1,68.4,43.2,28.8,ball-carry,False,,,
1171451,Nico Paz,13981590,rating-breakdown,ball-carries,ball-carries,,,,Como,89.0,,62.4,10.4,59.5,7.1,,,,unresolvable,,,,rating-breakdown,True,62.4,10.4,59.5,7.1,ball-carry,False,,,
1171451,Nico Paz,13981590,rating-breakdown,ball-carries,ball-carries,,,,Como,89.0,,31.3,40.7,44,24.2,,,,unresolvable,,,,rating-breakdown,True,31.3,40.7,44,24.2,ball-carry,False,,,
1171451,Nico Paz,13981590,rating-breakdown,ball-carries,ball-carries,,,,Como,89.0,,55.4,43.4,56.8,30.6,,,,unresolvable,,,,rating-breakdown,True,55.4,43.4,56.8,30.6,ball-carry,False,,,
1171451,Nico Paz,13981590,rating-breakdown,ball-carries,ball-carries,,,,Como,89.0,,34.4,25.9,37.6,23.1,,,,unresolvable,,,,rating-breakdown,True,34.4,25.9,37.6,23.1,ball-carry,False,,,
1171451,Nico Paz,13981590,rating-breakdown,ball-carries,ball-carries,,,,Como,89.0,,42.8,86.3,39.2,90.3,,,,unresolvable,,,,rating-breakdown,True,42.8,86.3,39.2,90.3,ball-carry,False,,,
1171451,Nico Paz,13981590,rating-breakdown,ball-carries,ball-carries,,,,Como,89.0,,45.9,50.9,44.9,56.3,,,,unresolvable,,,,rating-breakdown,True,45.9,50.9,44.9,56.3,ball-carry,False,,,
1171451,Nico Paz,13981590,rating-breakdown,ball-carries,ball-carries,,,,Como,89.0,,30.5,43.9,37.4,54.2,,,,unresolvable,,,,rating-breakdown,True,30.5,43.9,37.4,54.2,ball-carry,False,,,
1171451,Nico Paz,13981590,rating-breakdown,ball-carries,ball-carries,,,,Como,89.0,,63.9,96,61,89.9,,,,unresolvable,,,,rating-breakdown,True,63.9,96,61,89.9,ball-carry,False,,,
1171451,Nico Paz,13981590,rating-breakdown,ball-carries,ball-carries,,,,Como,89.0,,65.4,51.6,70.6,50.1,,,,unresolvable,,,,rating-breakdown,True,65.4,51.6,70.6,50.1,ball-carry,False,,,
1171451,Nico Paz,13981590,rating-breakdown,ball-carries,ball-carries,,,,Como,89.0,,47.1,73.9,46.3,86.9,,,,unresolvable,,,,rating-breakdown,True,47.1,73.9,46.3,86.9,ball-carry,False,,,
1171451,Nico Paz,13981590,rating-breakdown,ball-carries,ball-carries,,,,Como,89.0,,65.2,3.8,73.9,25.8,,,,unresolvable,,,,rating-breakdown,True,65.2,3.8,73.9,25.8,ball-carry,False,,,
1171451,Nico Paz,13981590,rating-breakdown,ball-carries,ball-carries,,,,Como,89.0,,48.1,66.6,56.5,79.7,,,,unresolvable,,,,rating-breakdown,True,48.1,66.6,56.5,79.7,ball-carry,False,,,
1171451,Nico Paz,13981590,rating-breakdown,ball-carries,ball-carries,,,,Como,89.0,,48.2,87.1,80.6,68.2,,,,unresolvable,,,,rating-breakdown,True,48.2,87.1,80.6,68.2,ball-carry,False,,,
1171451,Nico Paz,13981590,rating-breakdown,dribbles,dribbles,,,,Como,89.0,,51,27.3,,,True,True,1,boolean_field,success,,True,rating-breakdown,True,51,27.3,,,dribble,False,False,,
1171451,Nico Paz,13981590,rating-breakdown,dribbles,dribbles,,,,Como,89.0,,62,8.9,,,True,True,1,boolean_field,success,,True,rating-breakdown,True,62,8.9,,,dribble,False,False,,
1171451,Nico Paz,13981590,rating-breakdown,dribbles,dribbles,,,,Como,89.0,,38,77.8,,,True,True,1,boolean_field,success,,True,rating-breakdown,True,38,77.8,,,dribble,False,False,,
1171451,Nico Paz,13981590,rating-breakdown,dribbles,dribbles,,,,Como,89.0,,43.6,76.4,,,True,True,1,boolean_field,success,,True,rating-breakdown,True,43.6,76.4,,,dribble,False,False,,
1171451,Nico Paz,13981590,rating-breakdown,dribbles,dribbles,,,,Como,89.0,,44,24.2,,,,,,unresolvable,,,,rating-breakdown,True,44,24.2,,,dribble,False,False,,
1171451,Nico Paz,13981590,rating-breakdown,dribbles,dribbles,,,,Como,89.0,,78.4,28.4,,,True,True,1,boolean_field,success,,True,rating-breakdown,True,78.4,28.4,,,dribble,False,False,,
1171451,Nico Paz,13981590,rating-breakdown,dribbles,dribbles,,,,Como,89.0,,24.6,84.4,,,,,,unresolvable,,,,rating-breakdown,True,24.6,84.4,,,dribble,False,False,,
1171451,Nico Paz,13981590,rating-breakdown,dribbles,dribbles,,,,Como,89.0,,44.9,56.3,,,True,True,1,boolean_field,success,,True,rating-breakdown,True,44.9,56.3,,,dribble,False,False,,
1171451,Nico Paz,13981590,rating-breakdown,defensive,defensive,,,,Como,89.0,,56.9,21.5,,,True,True,1,boolean_field,success,,True,rating-breakdown,True,56.9,21.5,,,ball-recovery,False,False,,
1171451,Nico Paz,13981590,rating-breakdown,defensive,defensive,,,,Como,89.0,,28.3,30.9,,,True,True,1,boolean_field,success,,True,rating-breakdown,True,28.3,30.9,,,ball-recovery,False,False,,
1171451,Nico Paz,13981590,rating-breakdown,defensive,defensive,,,,Como,89.0,,37.9,77.7,,,True,True,1,boolean_field,success,,True,rating-breakdown,True,37.9,77.7,,,ball-recovery,False,False,,
1171451,Nico Paz,13981590,rating-breakdown,defensive,defensive,,,,Como,89.0,,60.1,68.4,,,True,True,1,boolean_field,success,,True,rating-breakdown,True,60.1,68.4,,,ball-recovery,False,False,,
1171451,Nico Paz,13981590,rating-breakdown,defensive,defensive,,,,Como,89.0,,48.2,59.3,,,True,True,1,boolean_field,success,,True,rating-breakdown,True,48.2,59.3,,,ball-recovery,False,False,,
1171451,Nico Paz,13981590,rating-breakdown,defensive,defensive,,,,Como,89.0,,59.5,7.1,,,True,True,1,boolean_field,success,,True,rating-breakdown,True,59.5,7.1,,,ball-recovery,False,False,,
1171451,Nico Paz,13981590,rating-breakdown,defensive,defensive,,,,Como,89.0,,62,8.6,,,True,True,1,boolean_field,success,,True,rating-breakdown,True,62,8.6,,,ball-recovery,False,False,,
1171451,Nico Paz,13981590,rating-breakdown,defensive,defensive,,,,Como,89.0,,25.1,85.6,,,True,True,1,boolean_field,success,,True,rating-breakdown,True,25.1,85.6,,,ball-recovery,False,False,,
1171451,Nico Paz,13981590,rating-breakdown,defensive,defensive,,,,Como,89.0,,12.7,10,,,True,True,1,boolean_field,success,,True,rating-breakdown,True,12.7,10,,,interception,False,False,,
1171451,Nico Paz,13981590,rating-breakdown,defensive,defensive,,,,Como,89.0,,11.1,7.9,,,True,True,1,boolean_field,success,,True,rating-breakdown,True,11.1,7.9,,,ball-recovery,False,False,,
1171451,Nico Paz,13981600,rating-breakdown,passes,passes,,,,Como,21.0,,70.3,12.6,67.2,19.3,True,True,1,boolean_field,success,True,,rating-breakdown,True,70.3,12.6,67.2,19.3,pass,True,False,,
1171451,Nico Paz,13981600,rating-breakdown,passes,passes,,,,Como,21.0,,76.7,22.2,78.6,14,True,True,1,boolean_field,success,True,,rating-breakdown,True,76.7,22.2,78.6,14,pass,True,False,,
1171451,Nico Paz,13981600,rating-breakdown,passes,passes,,,,Como,21.0,,67.5,14.4,69.2,25.6,True,True,1,boolean_field,success,True,,rating-breakdown,True,67.5,14.4,69.2,25.6,pass,True,False,,
1171451,Nico Paz,13981600,rating-breakdown,passes,passes,,,,Como,21.0,,67.5,12.6,67.2,24,True,True,1,boolean_field,success,True,,rating-breakdown,True,67.5,12.6,67.2,24,pass,True,False,,
1171451,Nico Paz,13981600,rating-breakdown,passes,passes,,,,Como,21.0,,67.5,13.6,69.1,22.4,True,True,1,boolean_field,success,True,,rating-breakdown,True,67.5,13.6,69.1,22.4,pass,True,False,,
1171451,Nico Paz,13981600,rating-breakdown,passes,passes,,,,Como,21.0,,66.8,10.7,67,14,,,,unresolvable,,,,rating-breakdown,True,66.8,10.7,67,14,pass,True,False,,
1171451,Nico Paz,13981600,rating-breakdown,passes,passes,,,,Como,21.0,,33.7,52.4,24.6,67.5,True,True,1,boolean_field,success,True,,rating-breakdown,True,33.7,52.4,24.6,67.5,pass,True,False,,
1171451,Nico Paz,13981600,rating-breakdown,passes,passes,,,,Como,21.0,,67.9,38.4,66.2,48.2,True,True,1,boolean_field,success,True,,rating-breakdown,True,67.9,38.4,66.2,48.2,pass,True,False,,
1171451,Nico Paz,13981600,rating-breakdown,passes,passes,,,,Como,21.0,,73.6,59.1,89.7,50,,,,unresolvable,,,,rating-breakdown,True,73.6,59.1,89.7,50,pass,True,False,,
1171451,Nico Paz,13981600,rating-breakdown,passes,passes,,,,Como,21.0,,32.9,88,27.7,94.8,True,True,1,boolean_field,success,True,,rating-breakdown,True,32.9,88,27.7,94.8,pass,True,False,,
1171451,Nico Paz,13981600,rating-breakdown,defensive,defensive,,,,Como,21.0,,28.2,86.8,,,,,,unresolvable,,,,rating-breakdown,True,28.2,86.8,,,tackle,True,False,,
1171451,Nico Paz,13981600,rating-breakdown,defensive,defensive,,,,Como,21.0,,34.9,94.1,,,True,True,1,boolean_field,success,,True,rating-breakdown,True,34.9,94.1,,,ball-recovery,True,False,,
1171451,Nico Paz,13981600,rating-breakdown,defensive,defensive,,,,Como,21.0,,38.2,71.5,,,True,True,1,boolean_field,success,,True,rating-breakdown,True,38.2,71.5,,,ball-recovery,True,False,,
1171451,Nico Paz,13981609,rating-breakdown,passes,passes,,,,Como,88.0,,50,50,23,50,True,True,1,boolean_field,success,True,,rating-breakdown,True,50,50,23,50,pass,False,False,,
1171451,Nico Paz,13981609,rating-breakdown,passes,passes,,,,Como,88.0,,48,34,39.6,26.4,True,True,1,boolean_field,success,True,,rating-breakdown,True,48,34,39.6,26.4,pass,False,False,,
1171451,Nico Paz,13981609,rating-breakdown,passes,passes,,,,Como,88.0,,51.1,11.4,37.9,15.7,True,True,1,boolean_field,success,True,,rating-breakdown,True,51.1,11.4,37.9,15.7,pass,False,False,,
1171451,Nico Paz,13981609,rating-breakdown,passes,passes,,,,Como,88.0,,46.3,12.7,39.6,8,True,True,1,boolean_field,success,True,,rating-breakdown,True,46.3,12.7,39.6,8,pass,False,False,,
1171451,Nico Paz,13981609,rating-breakdown,passes,passes,,,,Como,88.0,,53.4,25.4,54.5,6.9,True,True,1,boolean_field,success,True,,rating-breakdown,True,53.4,25.4,54.5,6.9,pass,False,False,,
1171451,Nico Paz,13981609,rating-breakdown,passes,passes,,,,Como,88.0,,30.5,27,19.9,33.1,True,True,1,boolean_field,success,True,,rating-breakdown,True,30.5,27,19.9,33.1,pass,False,False,,
1171451,Nico Paz,13981609,rating-breakdown,passes,passes,,,,Como,88.0,,27.3,51.1,30.2,75,True,True,1,boolean_field,success,True,,rating-breakdown,True,27.3,51.1,30.2,75,pass,False,False,,
1171451,Nico Paz,13981609,rating-breakdown,passes,passes,,,,Como,88.0,,48.9,30.7,60.4,17.5,True,True,1,boolean_field,success,True,,rating-breakdown,True,48.9,30.7,60.4,17.5,pass,False,False,,
1171451,Nico Paz,13981609,rating-breakdown,passes,passes,,,,Como,88.0,,67.2,28.4,66.7,40.7,True,True,1,boolean_field,success,True,,rating-breakdown,True,67.2,28.4,66.7,40.7,pass,False,False,,
1171451,Nico Paz,13981609,rating-breakdown,passes,passes,,,,Como,88.0,,33.6,17.3,27.9,43.1,,,,unresolvable,,,,rating-breakdown,True,33.6,17.3,27.9,43.1,pass,False,False,,
1171451,Nico Paz,13981609,rating-breakdown,passes,passes,,,,Como,88.0,,26.9,34.5,32.1,52.9,True,True,1,boolean_field,success,True,,rating-breakdown,True,26.9,34.5,32.1,52.9,pass,False,False,,
1171451,Nico Paz,13981609,rating-breakdown,passes,passes,,,,Como,88.0,,66.2,30.4,57.3,35,True,True,1,boolean_field,success,True,,rating-breakdown,True,66.2,30.4,57.3,35,pass,False,False,,
1171451,Nico Paz,13981609,rating-breakdown,passes,passes,,,,Como,88.0,,41.5,13.9,51.9,5.6,True,True,1,boolean_field,success,True,,rating-breakdown,True,41.5,13.9,51.9,5.6,pass,False,False,,
1171451,Nico Paz,13981609,rating-breakdown,passes,passes,,,,Como,88.0,,60.2,16.7,67.5,31.8,,,,unresolvable,,,,rating-breakdown,True,60.2,16.7,67.5,31.8,pass,False,False,,
1171451,Nico Paz,13981609,rating-breakdown,passes,passes,,,,Como,88.0,,53.6,33.1,44.7,59.7,True,True,1,boolean_field,success,True,,rating-breakdown,True,53.6,33.1,44.7,59.7,pass,False,False,,
1171451,Nico Paz,13981609,rating-breakdown,passes,passes,,,,Como,88.0,,60.7,31.5,55.6,11.7,True,True,1,boolean_field,success,True,,rating-breakdown,True,60.7,31.5,55.6,11.7,pass,False,False,,
1171451,Nico Paz,13981609,rating-breakdown,passes,passes,,,,Como,88.0,,69.7,14.6,63.4,15.1,True,True,1,boolean_field,success,True,,rating-breakdown,True,69.7,14.6,63.4,15.1,pass,False,False,,
1171451,Nico Paz,13981609,rating-breakdown,passes,passes,,,,Como,88.0,,70.7,17.3,72.9,8,True,True,1,boolean_field,success,True,,rating-breakdown,True,70.7,17.3,72.9,8,pass,False,False,,
1171451,Nico Paz,13981609,rating-breakdown,passes,passes,,,,Como,88.0,,99.2,38.3,96.3,47.9,,,,unresolvable,,,,rating-breakdown,True,99.2,38.3,96.3,47.9,pass,False,False,,
1171451,Nico Paz,13981609,rating-breakdown,passes,passes,,,,Como,88.0,,73.8,6.9,72.6,24.2,True,True,1,boolean_field,success,True,,rating-breakdown,True,73.8,6.9,72.6,24.2,pass,False,False,,
1171451,Nico Paz,13981609,rating-breakdown,passes,passes,,,,Como,88.0,,70.1,8.8,76.7,4.1,True,True,1,boolean_field,success,True,,rating-breakdown,True,70.1,8.8,76.7,4.1,pass,False,False,,
1171451,Nico Paz,13981609,rating-breakdown,passes,passes,,,,Como,88.0,,65,9.9,59.3,26.7,True,True,1,boolean_field,success,True,,rating-breakdown,True,65,9.9,59.3,26.7,pass,False,False,,
1171451,Nico Paz,13981609,rating-breakdown,passes,passes,,,,Como,88.0,,32.6,72.4,31,89.3,True,True,1,boolean_field,success,True,,rating-breakdown,True,32.6,72.4,31,89.3,pass,False,False,,
1171451,Nico Paz,13981609,rating-breakdown,passes,passes,,,,Como,88.0,,79.5,81.4,80.5,90.9,True,True,1,boolean_field,success,True,,rating-breakdown,True,79.5,81.4,80.5,90.9,pass,False,False,,
1171451,Nico Paz,13981609,rating-breakdown,passes,passes,,,,Como,88.0,,73.4,85.3,80.1,93.5,True,True,1,boolean_field,success,True,,rating-breakdown,True,73.4,85.3,80.1,93.5,pass,False,False,,
1171451,Nico Paz,13981609,rating-breakdown,passes,passes,,,,Como,88.0,,59.5,82.2,72.6,80.3,True,True,1,boolean_field,success,True,,rating-breakdown,True,59.5,82.2,72.6,80.3,pass,False,False,,
1171451,Nico Paz,13981609,rating-breakdown,passes,passes,,,,Como,88.0,,61.7,83.5,68.4,87.7,True,True,1,boolean_field,success,True,,rating-breakdown,True,61.7,83.5,68.4,87.7,pass,False,False,,
1171451,Nico Paz,13981609,rating-breakdown,passes,passes,,,,Como,88.0,,54,51,60.7,21.3,True,True,1,boolean_field,success,True,,rating-breakdown,True,54,51,60.7,21.3,pass,False,False,,
1171451,Nico Paz,13981609,rating-breakdown,passes,passes,,,,Como,88.0,,67.1,18.8,63.9,29.2,True,True,1,boolean_field,success,True,,rating-breakdown,True,67.1,18.8,63.9,29.2,pass,False,False,,
1171451,Nico Paz,13981609,rating-breakdown,passes,passes,,,,Como,88.0,,98.3,14.9,87.6,100,,,,unresolvable,,,,rating-breakdown,True,98.3,14.9,87.6,100,cross,False,False,True,
1171451,Nico Paz,13981609,rating-breakdown,passes,passes,,,,Como,88.0,,53.6,83,58.1,85.4,,,,unresolvable,,,,rating-breakdown,True,53.6,83,58.1,85.4,pass,False,False,,
1171451,Nico Paz,13981609,rating-breakdown,passes,passes,,,,Como,88.0,,30.1,8.6,20.7,11,True,True,1,boolean_field,success,True,,rating-breakdown,True,30.1,8.6,20.7,11,pass,False,False,,
1171451,Nico Paz,13981609,rating-breakdown,passes,passes,,,,Como,88.0,,63.3,39.9,62.8,62.7,True,True,1,boolean_field,success,True,,rating-breakdown,True,63.3,39.9,62.8,62.7,pass,False,False,,
1171451,Nico Paz,13981609,rating-breakdown,passes,passes,,,,Como,88.0,,49.8,70.4,39.7,81.6,True,True,1,boolean_field,success,True,,rating-breakdown,True,49.8,70.4,39.7,81.6,pass,False,False,,
1171451,Nico Paz,13981609,rating-breakdown,passes,passes,,,,Como,88.0,,98.4,81.2,98.4,57.1,,,,unresolvable,,,,rating-breakdown,True,98.4,81.2,98.4,57.1,cross,False,False,,
1171451,Nico Paz,13981609,rating-breakdown,passes,passes,,,,Como,88.0,,86.2,73.8,85.8,45.8,True,True,1,boolean_field,success,True,,rating-breakdown,True,86.2,73.8,85.8,45.8,pass,False,False,,
1171451,Nico Paz,13981609,rating-breakdown,passes,passes,,,,Como,88.0,,55.7,92.5,61.1,65.9,True,True,1,boolean_field,success,True,,rating-breakdown,True,55.7,92.5,61.1,65.9,pass,False,False,,
1171451,Nico Paz,13981609,rating-breakdown,passes,passes,,,,Como,88.0,,36.6,63.7,29.1,69,True,True,1,boolean_field,success,True,,rating-breakdown,True,36.6,63.7,29.1,69,pass,False,False,,
1171451,Nico Paz,13981609,rating-breakdown,passes,passes,,,,Como,88.0,,68.3,46.9,65.4,47.9,True,True,1,boolean_field,success,True,,rating-breakdown,True,68.3,46.9,65.4,47.9,pass,False,False,,
1171451,Nico Paz,13981609,rating-breakdown,passes,passes,,,,Como,88.0,,68.8,31.2,55.4,51,True,True,1,boolean_field,success,True,,rating-breakdown,True,68.8,31.2,55.4,51,pass,False,False,,
1171451,Nico Paz,13981609,rating-breakdown,passes,passes,,,,Como,88.0,,32.5,88.8,23.5,72.4,True,True,1,boolean_field,success,True,,rating-breakdown,True,32.5,88.8,23.5,72.4,pass,False,False,,
1171451,Nico Paz,13981609,rating-breakdown,passes,passes,,,,Como,88.0,,77.3,31,94.1,68.5,True,True,1,boolean_field,success,True,,rating-breakdown,True,77.3,31,94.1,68.5,pass,False,False,,
1171451,Nico Paz,13981609,rating-breakdown,passes,passes,,,,Como,88.0,,76.3,25.4,88.1,39.1,,,,unresolvable,,,,rating-breakdown,True,76.3,25.4,88.1,39.1,pass,False,False,,
1171451,Nico Paz,13981609,rating-breakdown,passes,passes,,,,Como,88.0,,29.7,55.8,33.3,75.3,True,True,1,boolean_field,success,True,,rating-breakdown,True,29.7,55.8,33.3,75.3,pass,False,False,,
1171451,Nico Paz,13981609,rating-breakdown,passes,passes,,,,Como,88.0,,65.4,73.8,77.9,77.5,True,True,1,boolean_field,success,True,,rating-breakdown,True,65.4,73.8,77.9,77.5,pass,False,False,,
1171451,Nico Paz,13981609,rating-breakdown,passes,passes,,,,Como,88.0,,24.3,71.1,28.8,83.6,True,True,1,boolean_field,success,True,,rating-breakdown,True,24.3,71.1,28.8,83.6,pass,False,False,,
1171451,Nico Paz,13981609,rating-breakdown,passes,passes,,,,Como,88.0,,49,45.7,45.4,39.4,True,True,1,boolean_field,success,True,,rating-breakdown,True,49,45.7,45.4,39.4,pass,False,False,,
1171451,Nico Paz,13981609,rating-breakdown,passes,passes,,,,Como,88.0,,58.5,69.8,46,68,True,True,1,boolean_field,success,True,,rating-breakdown,True,58.5,69.8,46,68,pass,False,False,,
1171451,Nico Paz,13981609,rating-breakdown,passes,passes,,,,Como,88.0,,47.5,66.6,37.5,63,True,True,1,boolean_field,success,True,,rating-breakdown,True,47.5,66.6,37.5,63,pass,False,False,,
1171451,Nico Paz,13981609,rating-breakdown,passes,passes,,,,Como,88.0,,60.3,65.5,71.7,74,True,True,1,boolean_field,success,True,,rating-breakdown,True,60.3,65.5,71.7,74,pass,False,False,,
1171451,Nico Paz,13981609,rating-breakdown,passes,passes,,,,Como,88.0,,62.2,69.8,65.4,63,True,True,1,boolean_field,success,True,,rating-breakdown,True,62.2,69.8,65.4,63,pass,False,False,,
1171451,Nico Paz,13981609,rating-breakdown,passes,passes,,,,Como,88.0,,50.2,29.4,62.1,46.5,True,True,1,boolean_field,success,True,,rating-breakdown,True,50.2,29.4,62.1,46.5,pass,False,False,,
1171451,Nico Paz,13981609,rating-breakdown,passes,passes,,,,Como,88.0,,69.2,17,68.4,35.8,True,True,1,boolean_field,success,True,,rating-breakdown,True,69.2,17,68.4,35.8,pass,False,False,,
1171451,Nico Paz,13981609,rating-breakdown,passes,passes,,,,Como,88.0,,22.6,6.7,47.8,40,,,,unresolvable,,,,rating-breakdown,True,22.6,6.7,47.8,40,pass,False,False,True,
1171451,Nico Paz,13981609,rating-breakdown,passes,passes,,,,Como,88.0,,64.8,37.9,74.4,29.2,True,True,1,boolean_field,success,True,,rating-breakdown,True,64.8,37.9,74.4,29.2,pass,False,False,,
1171451,Nico Paz,13981609,rating-breakdown,passes,passes,,,,Como,88.0,,50.2,58.9,76.5,78.7,,,,unresolvable,,,,rating-breakdown,True,50.2,58.9,76.5,78.7,pass,False,False,,
1171451,Nico Paz,13981609,rating-breakdown,passes,passes,,,,Como,88.0,,76.8,4.8,74.6,28.9,True,True,1,boolean_field,success,True,,rating-breakdown,True,76.8,4.8,74.6,28.9,pass,False,False,,
1171451,Nico Paz,13981609,rating-breakdown,passes,passes,,,,Como,88.0,,75.9,29.4,72.7,39.4,True,True,1,boolean_field,success,True,,rating-breakdown,True,75.9,29.4,72.7,39.4,pass,False,False,,
1171451,Nico Paz,13981609,rating-breakdown,passes,passes,,,,Como,88.0,,64.3,48.7,67.5,52.1,,,,unresolvable,,,,rating-breakdown,True,64.3,48.7,67.5,52.1,pass,False,False,,
1171451,Nico Paz,13981609,rating-breakdown,dribbles,dribbles,,,,Como,88.0,,54.8,9,,,True,True,1,boolean_field,success,,True,rating-breakdown,True,54.8,9,,,dribble,False,False,,
1171451,Nico Paz,13981609,rating-breakdown,dribbles,dribbles,,,,Como,88.0,,28.2,8.2,,,True,True,1,boolean_field,success,,True,rating-breakdown,True,28.2,8.2,,,dribble,False,False,,
1171451,Nico Paz,13981609,rating-breakdown,dribbles,dribbles,,,,Como,88.0,,83.6,74.4,,,True,True,1,boolean_field,success,,True,rating-breakdown,True,83.6,74.4,,,dribble,False,False,,
1171451,Nico Paz,13981609,rating-breakdown,dribbles,dribbles,,,,Como,88.0,,64.1,6.3,,,,,,unresolvable,,,,rating-breakdown,True,64.1,6.3,,,dribble,False,False,,
1171451,Nico Paz,13981609,rating-breakdown,dribbles,dribbles,,,,Como,88.0,,67,4.2,,,,,,unresolvable,,,,rating-breakdown,True,67,4.2,,,dribble,False,False,,
1171451,Nico Paz,13981609,rating-breakdown,dribbles,dribbles,,,,Como,88.0,,64.8,71.2,,,True,True,1,boolean_field,success,,True,rating-breakdown,True,64.8,71.2,,,dribble,False,False,,
1171451,Nico Paz,13981609,rating-breakdown,defensive,defensive,,,,Como,88.0,,20.5,29.9,21.7,26.2,True,True,1,boolean_field,success,,True,rating-breakdown,True,20.5,29.9,21.7,26.2,clearance,False,False,,
1171451,Nico Paz,13981609,rating-breakdown,defensive,defensive,,,,Como,88.0,,27.3,33.7,,,True,True,1,boolean_field,success,,True,rating-breakdown,True,27.3,33.7,,,ball-recovery,False,False,,
1171451,Nico Paz,13981609,rating-breakdown,defensive,defensive,,,,Como,88.0,,24.5,26.4,,,True,True,1,boolean_field,success,,True,rating-breakdown,True,24.5,26.4,,,interception,False,False,,
1171451,Nico Paz,13981609,rating-breakdown,defensive,defensive,,,,Como,88.0,,64.5,7.8,,,True,True,1,boolean_field,success,,True,rating-breakdown,True,64.5,7.8,,,ball-recovery,False,False,,
1171451,Nico Paz,13981609,rating-breakdown,defensive,defensive,,,,Como,88.0,,55.6,28.3,,,True,True,1,boolean_field,success,,True,rating-breakdown,True,55.6,28.3,,,ball-recovery,False,False,,
1171451,Nico Paz,13981616,rating-breakdown,passes,passes,,,,Como,90.0,,59.2,74,82.6,89.3,True,True,1,boolean_field,success,True,,rating-breakdown,True,59.2,74,82.6,89.3,pass,True,True,,
1171451,Nico Paz,13981616,rating-breakdown,passes,passes,,,,Como,90.0,,65.7,30.1,74.3,9.7,True,True,1,boolean_field,success,True,,rating-breakdown,True,65.7,30.1,74.3,9.7,pass,True,False,,
1171451,Nico Paz,13981616,rating-breakdown,passes,passes,,,,Como,90.0,,52.7,42.3,58.1,29.1,True,True,1,boolean_field,success,True,,rating-breakdown,True,52.7,42.3,58.1,29.1,pass,True,False,,
1171451,Nico Paz,13981616,rating-breakdown,passes,passes,,,,Como,90.0,,23.7,83.4,19.6,73.2,True,True,1,boolean_field,success,True,,rating-breakdown,True,23.7,83.4,19.6,73.2,pass,True,False,,
1171451,Nico Paz,13981616,rating-breakdown,passes,passes,,,,Como,90.0,,73.5,35.8,65.1,27.6,True,True,1,boolean_field,success,True,,rating-breakdown,True,73.5,35.8,65.1,27.6,pass,True,False,,
1171451,Nico Paz,13981616,rating-breakdown,passes,passes,,,,Como,90.0,,75.6,9.6,100,69.3,,,,unresolvable,,,,rating-breakdown,True,75.6,9.6,100,69.3,cross,True,False,True,
1171451,Nico Paz,13981616,rating-breakdown,passes,passes,,,,Como,90.0,,28.3,45.6,35.6,83,True,True,1,boolean_field,success,True,,rating-breakdown,True,28.3,45.6,35.6,83,pass,True,False,,
1171451,Nico Paz,13981616,rating-breakdown,passes,passes,,,,Como,90.0,,40.5,7.4,37.9,8.8,,,,unresolvable,,,,rating-breakdown,True,40.5,7.4,37.9,8.8,pass,True,False,,
1171451,Nico Paz,13981616,rating-breakdown,passes,passes,,,,Como,90.0,,70,23,74.3,43.6,,,,unresolvable,,,,rating-breakdown,True,70,23,74.3,43.6,pass,True,False,,
1171451,Nico Paz,13981616,rating-breakdown,passes,passes,,,,Como,90.0,,67.4,73.2,72.3,78.2,,,,unresolvable,,,,rating-breakdown,True,67.4,73.2,72.3,78.2,pass,True,False,,
1171451,Nico Paz,13981616,rating-breakdown,passes,passes,,,,Como,90.0,,70.4,37.3,70.2,31.7,True,True,1,boolean_field,success,True,,rating-breakdown,True,70.4,37.3,70.2,31.7,pass,True,False,,
1171451,Nico Paz,13981616,rating-breakdown,passes,passes,,,,Como,90.0,,49.9,50.5,46.6,47.1,True,True,1,boolean_field,success,True,,rating-breakdown,True,49.9,50.5,46.6,47.1,pass,True,False,,
1171451,Nico Paz,13981616,rating-breakdown,passes,passes,,,,Como,90.0,,20.3,15.9,30.2,29.1,True,True,1,boolean_field,success,True,,rating-breakdown,True,20.3,15.9,30.2,29.1,pass,True,False,,
1171451,Nico Paz,13981616,rating-breakdown,passes,passes,,,,Como,90.0,,43,30.9,30.1,30,True,True,1,boolean_field,success,True,,rating-breakdown,True,43,30.9,30.1,30,pass,True,False,,
1171451,Nico Paz,13981616,rating-breakdown,passes,passes,,,,Como,90.0,,56.7,72,75.2,77,,,,unresolvable,,,,rating-breakdown,True,56.7,72,75.2,77,pass,True,False,,
1171451,Nico Paz,13981616,rating-breakdown,passes,passes,,,,Como,90.0,,65.5,90.5,87.2,25.3,,,,unresolvable,,,,rating-breakdown,True,65.5,90.5,87.2,25.3,cross,True,False,True,
1171451,Nico Paz,13981616,rating-breakdown,passes,passes,,,,Como,90.0,,51.2,20.4,54.7,43.5,True,True,1,boolean_field,success,True,,rating-breakdown,True,51.2,20.4,54.7,43.5,pass,True,False,,
1171451,Nico Paz,13981616,rating-breakdown,passes,passes,,,,Como,90.0,,51.9,12.3,62.4,18.5,,,,unresolvable,,,,rating-breakdown,True,51.9,12.3,62.4,18.5,pass,True,False,,
1171451,Nico Paz,13981616,rating-breakdown,passes,passes,,,,Como,90.0,,68.5,22,91.7,31.8,True,True,1,boolean_field,success,True,,rating-breakdown,True,68.5,22,91.7,31.8,pass,True,True,,
1171451,Nico Paz,13981616,rating-breakdown,passes,passes,,,,Como,90.0,,80.5,10.7,77.1,3.5,True,True,1,boolean_field,success,True,,rating-breakdown,True,80.5,10.7,77.1,3.5,pass,True,False,,
1171451,Nico Paz,13981616,rating-breakdown,passes,passes,,,,Como,90.0,,58.6,19.5,69.1,33.3,True,True,1,boolean_field,success,True,,rating-breakdown,True,58.6,19.5,69.1,33.3,pass,True,False,,
1171451,Nico Paz,13981616,rating-breakdown,passes,passes,,,,Como,90.0,,71.5,11.3,75.5,19.5,True,True,1,boolean_field,success,True,,rating-breakdown,True,71.5,11.3,75.5,19.5,pass,True,False,,
1171451,Nico Paz,13981616,rating-breakdown,passes,passes,,,,Como,90.0,,64.4,13.9,69.4,22.9,True,True,1,boolean_field,success,True,,rating-breakdown,True,64.4,13.9,69.4,22.9,pass,True,False,,
1171451,Nico Paz,13981616,rating-breakdown,passes,passes,,,,Como,90.0,,68.8,27,67.4,51.5,True,True,1,boolean_field,success,True,,rating-breakdown,True,68.8,27,67.4,51.5,pass,True,False,,
1171451,Nico Paz,13981616,rating-breakdown,passes,passes,,,,Como,90.0,,68,26.7,87.3,55.3,,,,unresolvable,,,,rating-breakdown,True,68,26.7,87.3,55.3,cross,True,False,,
1171451,Nico Paz,13981616,rating-breakdown,passes,passes,,,,Como,90.0,,54.3,48.5,61.7,20.4,True,True,1,boolean_field,success,True,,rating-breakdown,True,54.3,48.5,61.7,20.4,pass,True,False,,
1171451,Nico Paz,13981616,rating-breakdown,passes,passes,,,,Como,90.0,,67.5,92,60.5,70.8,True,True,1,boolean_field,success,True,,rating-breakdown,True,67.5,92,60.5,70.8,pass,True,False,,
1171451,Nico Paz,13981616,rating-breakdown,passes,passes,,,,Como,90.0,,79,3.2,76.9,13.5,True,True,1,boolean_field,success,True,,rating-breakdown,True,79,3.2,76.9,13.5,pass,True,False,,
1171451,Nico Paz,13981616,rating-breakdown,passes,passes,,,,Como,90.0,,78.9,54.5,88.5,48.6,,,,unresolvable,,,,rating-breakdown,True,78.9,54.5,88.5,48.6,pass,True,False,,
1171451,Nico Paz,13981616,rating-breakdown,passes,passes,,,,Como,90.0,,66.9,20.3,92.2,49.4,,,,unresolvable,,,,rating-breakdown,True,66.9,20.3,92.2,49.4,pass,True,False,True,
1171451,Nico Paz,13981616,rating-breakdown,dribbles,dribbles,,,,Como,90.0,,72.3,18.8,,,True,True,1,boolean_field,success,,True,rating-breakdown,True,72.3,18.8,,,dribble,True,False,,
1171451,Nico Paz,13981616,rating-breakdown,dribbles,dribbles,,,,Como,90.0,,26.2,9.4,,,True,True,1,boolean_field,success,,True,rating-breakdown,True,26.2,9.4,,,dribble,True,False,,
1171451,Nico Paz,13981616,rating-breakdown,defensive,defensive,,,,Como,90.0,,19.6,73.2,,,True,True,1,boolean_field,success,,True,rating-breakdown,True,19.6,73.2,,,ball-recovery,True,False,,
1171451,Nico Paz,13981616,rating-breakdown,defensive,defensive,,,,Como,90.0,,70.3,34,,,True,True,1,boolean_field,success,,True,rating-breakdown,True,70.3,34,,,interception,True,False,,
1171451,Nico Paz,13981616,rating-breakdown,defensive,defensive,,,,Como,90.0,,72.6,34.5,,,True,True,1,boolean_field,success,,True,rating-breakdown,True,72.6,34.5,,,ball-recovery,True,False,,
1171451,Nico Paz,13981616,rating-breakdown,defensive,defensive,,,,Como,90.0,,20.4,57.4,,,True,True,1,boolean_field,success,,True,rating-breakdown,True,20.4,57.4,,,tackle,True,False,,
1171451,Nico Paz,13981616,rating-breakdown,defensive,defensive,,,,Como,90.0,,59.2,83.8,,,True,True,1,boolean_field,success,,True,rating-breakdown,True,59.2,83.8,,,tackle,True,False,,
1171451,Nico Paz,13981616,rating-breakdown,defensive,defensive,,,,Como,90.0,,67.4,73.2,,,True,True,1,boolean_field,success,,True,rating-breakdown,True,67.4,73.2,,,ball-recovery,True,False,,
1171451,Nico Paz,13981616,rating-breakdown,defensive,defensive,,,,Como,90.0,,70,41.7,,,,,,unresolvable,,,,rating-breakdown,True,70,41.7,,,tackle,True,False,,
1171451,Nico Paz,13981616,rating-breakdown,defensive,defensive,,,,Como,90.0,,71.7,34.8,,,True,True,1,boolean_field,success,,True,rating-breakdown,True,71.7,34.8,,,ball-recovery,True,False,,
1171451,Nico Paz,13981616,rating-breakdown,defensive,defensive,,,,Como,90.0,,27.7,37.1,35.7,25.1,True,True,1,boolean_field,success,,True,rating-breakdown,True,27.7,37.1,35.7,25.1,clearance,True,False,,
1171451,Nico Paz,13981616,rating-breakdown,defensive,defensive,,,,Como,90.0,,53.3,60.2,,,True,True,1,boolean_field,success,,True,rating-breakdown,True,53.3,60.2,,,ball-recovery,True,False,,
1171451,Nico Paz,13981626,rating-breakdown,passes,passes,,,,Como,81.0,,44.1,13,49.5,33.7,True,True,1,boolean_field,success,True,,rating-breakdown,True,44.1,13,49.5,33.7,pass,False,False,,
1171451,Nico Paz,13981626,rating-breakdown,passes,passes,,,,Como,81.0,,46.1,48.3,40.1,49.8,True,True,1,boolean_field,success,True,,rating-breakdown,True,46.1,48.3,40.1,49.8,pass,False,False,,
1171451,Nico Paz,13981626,rating-breakdown,passes,passes,,,,Como,81.0,,60.7,24.9,60.9,26.8,,,,unresolvable,,,,rating-breakdown,True,60.7,24.9,60.9,26.8,pass,False,False,,
1171451,Nico Paz,13981626,rating-breakdown,passes,passes,,,,Como,81.0,,60.1,6.7,43.2,11.1,True,True,1,boolean_field,success,True,,rating-breakdown,True,60.1,6.7,43.2,11.1,pass,False,False,,
1171451,Nico Paz,13981626,rating-breakdown,passes,passes,,,,Como,81.0,,37.2,25.8,31.2,33.9,True,True,1,boolean_field,success,True,,rating-breakdown,True,37.2,25.8,31.2,33.9,pass,False,False,,
1171451,Nico Paz,13981626,rating-breakdown,passes,passes,,,,Como,81.0,,20.8,70.2,27.8,86.2,,,,unresolvable,,,,rating-breakdown,True,20.8,70.2,27.8,86.2,pass,False,False,,
1171451,Nico Paz,13981626,rating-breakdown,passes,passes,,,,Como,81.0,,39.6,11.7,38.1,17.8,True,True,1,boolean_field,success,True,,rating-breakdown,True,39.6,11.7,38.1,17.8,pass,False,False,,
1171451,Nico Paz,13981626,rating-breakdown,passes,passes,,,,Como,81.0,,30.9,46.2,28.5,76.3,True,True,1,boolean_field,success,True,,rating-breakdown,True,30.9,46.2,28.5,76.3,pass,False,False,,
1171451,Nico Paz,13981626,rating-breakdown,passes,passes,,,,Como,81.0,,48.4,88.9,46,73.6,True,True,1,boolean_field,success,True,,rating-breakdown,True,48.4,88.9,46,73.6,pass,False,False,,
1171451,Nico Paz,13981626,rating-breakdown,passes,passes,,,,Como,81.0,,39.6,24,45.4,53.7,True,True,1,boolean_field,success,True,,rating-breakdown,True,39.6,24,45.4,53.7,pass,False,False,,
1171451,Nico Paz,13981626,rating-breakdown,passes,passes,,,,Como,81.0,,65.2,27.6,63.5,10.5,True,True,1,boolean_field,success,True,,rating-breakdown,True,65.2,27.6,63.5,10.5,pass,False,False,,
1171451,Nico Paz,13981626,rating-breakdown,passes,passes,,,,Como,81.0,,59.6,9.7,52,12.9,True,True,1,boolean_field,success,True,,rating-breakdown,True,59.6,9.7,52,12.9,pass,False,False,,
1171451,Nico Paz,13981626,rating-breakdown,passes,passes,,,,Como,81.0,,58.7,13,63,14.5,True,True,1,boolean_field,success,True,,rating-breakdown,True,58.7,13,63,14.5,pass,False,False,,
1171451,Nico Paz,13981626,rating-breakdown,passes,passes,,,,Como,81.0,,72.5,12.1,81.5,35.7,,,,unresolvable,,,,rating-breakdown,True,72.5,12.1,81.5,35.7,pass,False,False,,
1171451,Nico Paz,13981626,rating-breakdown,passes,passes,,,,Como,81.0,,45.3,30.9,55.6,46.5,True,True,1,boolean_field,success,True,,rating-breakdown,True,45.3,30.9,55.6,46.5,pass,False,False,,
1171451,Nico Paz,13981626,rating-breakdown,passes,passes,,,,Como,81.0,,54.1,55.2,59.1,71.1,True,True,1,boolean_field,success,True,,rating-breakdown,True,54.1,55.2,59.1,71.1,pass,False,False,,
1171451,Nico Paz,13981626,rating-breakdown,passes,passes,,,,Como,81.0,,56.1,65.8,61.7,56.7,True,True,1,boolean_field,success,True,,rating-breakdown,True,56.1,65.8,61.7,56.7,pass,False,False,,
1171451,Nico Paz,13981626,rating-breakdown,passes,passes,,,,Como,81.0,,51,33.3,61.3,26.8,True,True,1,boolean_field,success,True,,rating-breakdown,True,51,33.3,61.3,26.8,pass,False,False,,
1171451,Nico Paz,13981626,rating-breakdown,passes,passes,,,,Como,81.0,,68.6,50.4,77.4,73.3,True,True,1,boolean_field,success,True,,rating-breakdown,True,68.6,50.4,77.4,73.3,pass,False,False,,
1171451,Nico Paz,13981626,rating-breakdown,passes,passes,,,,Como,81.0,,46.9,59.2,52.5,81.7,True,True,1,boolean_field,success,True,,rating-breakdown,True,46.9,59.2,52.5,81.7,pass,False,False,,
1171451,Nico Paz,13981626,rating-breakdown,passes,passes,,,,Como,81.0,,73.4,64.6,77.9,93,True,True,1,boolean_field,success,True,,rating-breakdown,True,73.4,64.6,77.9,93,pass,False,False,,
1171451,Nico Paz,13981626,rating-breakdown,passes,passes,,,,Como,81.0,,47.2,40.5,48.3,38.3,,,,unresolvable,,,,rating-breakdown,True,47.2,40.5,48.3,38.3,pass,False,False,,
1171451,Nico Paz,13981626,rating-breakdown,passes,passes,,,,Como,81.0,,24.7,27,80.9,5.1,,,,unresolvable,,,,rating-breakdown,True,24.7,27,80.9,5.1,pass,False,False,True,
1171451,Nico Paz,13981626,rating-breakdown,passes,passes,,,,Como,81.0,,50.1,50.1,43.3,45.3,True,True,1,boolean_field,success,True,,rating-breakdown,True,50.1,50.1,43.3,45.3,pass,False,False,,
1171451,Nico Paz,13981626,rating-breakdown,passes,passes,,,,Como,81.0,,69.7,22.5,63.6,26.7,True,True,1,boolean_field,success,True,,rating-breakdown,True,69.7,22.5,63.6,26.7,pass,False,False,,
1171451,Nico Paz,13981626,rating-breakdown,passes,passes,,,,Como,81.0,,38,42.3,31.6,38.2,True,True,1,boolean_field,success,True,,rating-breakdown,True,38,42.3,31.6,38.2,pass,False,False,,
1171451,Nico Paz,13981626,rating-breakdown,passes,passes,,,,Como,81.0,,36.6,42.7,32.1,56.5,True,True,1,boolean_field,success,True,,rating-breakdown,True,36.6,42.7,32.1,56.5,pass,False,False,,
1171451,Nico Paz,13981626,rating-breakdown,passes,passes,,,,Como,81.0,,44,44.4,37.7,52.3,True,True,1,boolean_field,success,True,,rating-breakdown,True,44,44.4,37.7,52.3,pass,False,False,,
1171451,Nico Paz,13981626,rating-breakdown,passes,passes,,,,Como,81.0,,37.3,40.8,29.6,27.6,True,True,1,boolean_field,success,True,,rating-breakdown,True,37.3,40.8,29.6,27.6,pass,False,False,,
1171451,Nico Paz,13981626,rating-breakdown,passes,passes,,,,Como,81.0,,46.2,41.8,64.4,96.3,True,True,1,boolean_field,success,True,,rating-breakdown,True,46.2,41.8,64.4,96.3,pass,False,False,True,
1171451,Nico Paz,13981626,rating-breakdown,passes,passes,,,,Como,81.0,,69.5,68.4,82.9,70.3,True,True,1,boolean_field,success,True,,rating-breakdown,True,69.5,68.4,82.9,70.3,pass,False,False,,
1171451,Nico Paz,13981626,rating-breakdown,passes,passes,,,,Como,81.0,,33.8,37.3,32.8,51.6,True,True,1,boolean_field,success,True,,rating-breakdown,True,33.8,37.3,32.8,51.6,pass,False,False,,
1171451,Nico Paz,13981626,rating-breakdown,passes,passes,,,,Como,81.0,,40.5,40.7,43.3,43,,,,unresolvable,,,,rating-breakdown,True,40.5,40.7,43.3,43,pass,False,False,,
1171451,Nico Paz,13981626,rating-breakdown,passes,passes,,,,Como,81.0,,44.7,58,61.4,64.9,True,True,1,boolean_field,success,True,,rating-breakdown,True,44.7,58,61.4,64.9,pass,False,False,,
1171451,Nico Paz,13981626,rating-breakdown,passes,passes,,,,Como,81.0,,64.9,25.9,68.3,31.5,True,True,1,boolean_field,success,True,,rating-breakdown,True,64.9,25.9,68.3,31.5,pass,False,False,,
1171451,Nico Paz,13981626,rating-breakdown,passes,passes,,,,Como,81.0,,66.5,22.5,66.4,30.3,True,True,1,boolean_field,success,True,,rating-breakdown,True,66.5,22.5,66.4,30.3,pass,False,False,,
1171451,Nico Paz,13981626,rating-breakdown,passes,passes,,,,Como,81.0,,51.4,34.6,32.4,64.6,True,True,1,boolean_field,success,True,,rating-breakdown,True,51.4,34.6,32.4,64.6,pass,False,False,,
1171451,Nico Paz,13981626,rating-breakdown,passes,passes,,,,Como,81.0,,11.3,5.8,27.8,4.5,True,True,1,boolean_field,success,True,,rating-breakdown,True,11.3,5.8,27.8,4.5,pass,False,False,,
1171451,Nico Paz,13981626,rating-breakdown,passes,passes,,,,Como,81.0,,34.8,22.6,25.6,25.2,True,True,1,boolean_field,success,True,,rating-breakdown,True,34.8,22.6,25.6,25.2,pass,False,False,,
1171451,Nico Paz,13981626,rating-breakdown,passes,passes,,,,Como,81.0,,33.4,23.4,32.9,41.8,True,True,1,boolean_field,success,True,,rating-breakdown,True,33.4,23.4,32.9,41.8,pass,False,False,,
1171451,Nico Paz,13981626,rating-breakdown,passes,passes,,,,Como,81.0,,65.7,60.6,67.4,63.3,True,True,1,boolean_field,success,True,,rating-breakdown,True,65.7,60.6,67.4,63.3,pass,False,False,,
1171451,Nico Paz,13981626,rating-breakdown,passes,passes,,,,Como,81.0,,52.7,87.3,46.9,79.6,True,True,1,boolean_field,success,True,,rating-breakdown,True,52.7,87.3,46.9,79.6,pass,False,False,,
1171451,Nico Paz,13981626,rating-breakdown,passes,passes,,,,Como,81.0,,36,85.6,29.3,73.6,True,True,1,boolean_field,success,True,,rating-breakdown,True,36,85.6,29.3,73.6,pass,False,False,,
1171451,Nico Paz,13981626,rating-breakdown,passes,passes,,,,Como,81.0,,46.4,70.9,61.5,36.6,True,True,1,boolean_field,success,True,,rating-breakdown,True,46.4,70.9,61.5,36.6,pass,False,False,,
1171451,Nico Paz,13981626,rating-breakdown,passes,passes,,,,Como,81.0,,68.1,43.3,89.4,37.3,True,True,1,boolean_field,success,True,,rating-breakdown,True,68.1,43.3,89.4,37.3,pass,False,True,,
1171451,Nico Paz,13981626,rating-breakdown,passes,passes,,,,Como,81.0,,65.4,23.4,75.8,15.6,True,True,1,boolean_field,success,True,,rating-breakdown,True,65.4,23.4,75.8,15.6,pass,False,True,,
1171451,Nico Paz,13981626,rating-breakdown,passes,passes,,,,Como,81.0,,53.4,15,43.3,29.4,True,True,1,boolean_field,success,True,,rating-breakdown,True,53.4,15,43.3,29.4,pass,False,False,,
1171451,Nico Paz,13981626,rating-breakdown,passes,passes,,,,Como,81.0,,55.6,36.9,59.7,38.5,True,True,1,boolean_field,success,True,,rating-breakdown,True,55.6,36.9,59.7,38.5,pass,False,False,,
1171451,Nico Paz,13981626,rating-breakdown,passes,passes,,,,Como,81.0,,55.9,29.4,57,27.1,,,,unresolvable,,,,rating-breakdown,True,55.9,29.4,57,27.1,pass,False,False,,
1171451,Nico Paz,13981626,rating-breakdown,passes,passes,,,,Como,81.0,,29.6,36.1,19.3,24.6,True,True,1,boolean_field,success,True,,rating-breakdown,True,29.6,36.1,19.3,24.6,pass,False,False,,
1171451,Nico Paz,13981626,rating-breakdown,passes,passes,,,,Como,81.0,,12.6,58.5,26,62.7,,,,unresolvable,,,,rating-breakdown,True,12.6,58.5,26,62.7,pass,False,False,,
1171451,Nico Paz,13981626,rating-breakdown,ball-carries,ball-carries,,,,Como,81.0,,27.6,68.4,20.8,70.2,,,,unresolvable,,,,rating-breakdown,True,27.6,68.4,20.8,70.2,ball-carry,False,,,
1171451,Nico Paz,13981626,rating-breakdown,ball-carries,ball-carries,,,,Como,81.0,,43.9,11.5,39.8,14,,,,unresolvable,,,,rating-breakdown,True,43.9,11.5,39.8,14,ball-carry,False,,,
1171451,Nico Paz,13981626,rating-breakdown,ball-carries,ball-carries,,,,Como,81.0,,57.7,41.1,65.2,27.6,,,,unresolvable,,,,rating-breakdown,True,57.7,41.1,65.2,27.6,ball-carry,False,,,
1171451,Nico Paz,13981626,rating-breakdown,ball-carries,ball-carries,,,,Como,81.0,,70.2,7.6,72.5,12.1,,,,unresolvable,,,,rating-breakdown,True,70.2,7.6,72.5,12.1,ball-carry,False,,,
1171451,Nico Paz,13981626,rating-breakdown,ball-carries,ball-carries,,,,Como,81.0,,41.5,20.2,45.3,30.9,,,,unresolvable,,,,rating-breakdown,True,41.5,20.2,45.3,30.9,ball-carry,False,,,
1171451,Nico Paz,13981626,rating-breakdown,ball-carries,ball-carries,,,,Como,81.0,,66.4,47.5,68.6,50.4,,,,unresolvable,,,,rating-breakdown,True,66.4,47.5,68.6,50.4,ball-carry,False,,,
1171451,Nico Paz,13981626,rating-breakdown,ball-carries,ball-carries,,,,Como,81.0,,49.1,54.9,46.9,59.2,,,,unresolvable,,,,rating-breakdown,True,49.1,54.9,46.9,59.2,ball-carry,False,,,
1171451,Nico Paz,13981626,rating-breakdown,ball-carries,ball-carries,,,,Como,81.0,,35.7,37.8,49.3,40.8,,,,unresolvable,,,,rating-breakdown,True,35.7,37.8,49.3,40.8,ball-carry,False,,,
1171451,Nico Paz,13981626,rating-breakdown,ball-carries,ball-carries,,,,Como,81.0,,37.8,28.8,40.5,40.7,,,,unresolvable,,,,rating-breakdown,True,37.8,28.8,40.5,40.7,ball-carry,False,,,
1171451,Nico Paz,13981626,rating-breakdown,ball-carries,ball-carries,,,,Como,81.0,,69.8,31.5,64.9,25.9,,,,unresolvable,,,,rating-breakdown,True,69.8,31.5,64.9,25.9,ball-carry,False,,,
1171451,Nico Paz,13981626,rating-breakdown,ball-carries,ball-carries,,,,Como,81.0,,43,85.8,52.7,87.3,,,,unresolvable,,,,rating-breakdown,True,43,85.8,52.7,87.3,ball-carry,False,,,
1171451,Nico Paz,13981626,rating-breakdown,ball-carries,ball-carries,,,,Como,81.0,,39.9,73.8,46.4,70.9,,,,unresolvable,,,,rating-breakdown,True,39.9,73.8,46.4,70.9,ball-carry,False,,,
1171451,Nico Paz,13981626,rating-breakdown,ball-carries,ball-carries,,,,Como,81.0,,54.6,31,66.7,35.2,,,,unresolvable,,,,rating-breakdown,True,54.6,31,66.7,35.2,ball-carry,False,,,
1171451,Nico Paz,13981626,rating-breakdown,ball-carries,ball-carries,,,,Como,81.0,,37.1,19.6,53.4,15,,,,unresolvable,,,,rating-breakdown,True,37.1,19.6,53.4,15,ball-carry,False,,,
1171451,Nico Paz,13981626,rating-breakdown,ball-carries,ball-carries,,,,Como,81.0,,30.7,20.4,32.7,17,,,,unresolvable,,,,rating-breakdown,True,30.7,20.4,32.7,17,ball-carry,False,,,
1171451,Nico Paz,13981626,rating-breakdown,ball-carries,ball-carries,,,,Como,81.0,,15.1,51.4,12.6,58.5,,,,unresolvable,,,,rating-breakdown,True,15.1,51.4,12.6,58.5,ball-carry,False,,,
1171451,Nico Paz,13981626,rating-breakdown,dribbles,dribbles,,,,Como,81.0,,40.8,13.8,,,True,True,1,boolean_field,success,,True,rating-breakdown,True,40.8,13.8,,,dribble,False,False,,
1171451,Nico Paz,13981626,rating-breakdown,dribbles,dribbles,,,,Como,81.0,,80,40.8,,,,,,unresolvable,,,,rating-breakdown,True,80,40.8,,,dribble,False,False,,
1171451,Nico Paz,13981626,rating-breakdown,dribbles,dribbles,,,,Como,81.0,,66.7,35.2,,,True,True,1,boolean_field,success,,True,rating-breakdown,True,66.7,35.2,,,dribble,False,False,,
1171451,Nico Paz,13981626,rating-breakdown,dribbles,dribbles,,,,Como,81.0,,32.7,17,,,,,,unresolvable,,,,rating-breakdown,True,32.7,17,,,dribble,False,False,,
1171451,Nico Paz,13981626,rating-breakdown,defensive,defensive,,,,Como,81.0,,25.2,3.6,,,True,True,1,boolean_field,success,,True,rating-breakdown,True,25.2,3.6,,,tackle,False,False,,
1171451,Nico Paz,13981626,rating-breakdown,defensive,defensive,,,,Como,81.0,,20.5,20.7,28.1,25.6,True,True,1,boolean_field,success,,True,rating-breakdown,True,20.5,20.7,28.1,25.6,clearance,False,False,,
1171451,Nico Paz,13981626,rating-breakdown,defensive,defensive,,,,Como,81.0,,41.5,20.2,,,True,True,1,boolean_field,success,,True,rating-breakdown,True,41.5,20.2,,,ball-recovery,False,False,,
1171451,Nico Paz,13981626,rating-breakdown,defensive,defensive,,,,Como,81.0,,58.4,79.4,,,,,,unresolvable,,,,rating-breakdown,True,58.4,79.4,,,tackle,False,False,,
1171451,Nico Paz,13981626,rating-breakdown,defensive,defensive,,,,Como,81.0,,24.8,27.1,,,True,True,1,boolean_field,success,,True,rating-breakdown,True,24.8,27.1,,,ball-recovery,False,False,,
1171451,Nico Paz,13981626,rating-breakdown,defensive,defensive,,,,Como,81.0,,63.3,32.4,,,True,True,1,boolean_field,success,,True,rating-breakdown,True,63.3,32.4,,,interception,False,False,,
1171451,Nico Paz,13981626,rating-breakdown,defensive,defensive,,,,Como,81.0,,40.2,24.5,,,True,True,1,boolean_field,success,,True,rating-breakdown,True,40.2,24.5,,,tackle,False,False,,
1171451,Nico Paz,13981626,rating-breakdown,defensive,defensive,,,,Como,81.0,,64.6,24.3,,,True,True,1,boolean_field,success,,True,rating-breakdown,True,64.6,24.3,,,ball-recovery,False,False,,
1171451,Nico Paz,13981626,rating-breakdown,defensive,defensive,,,,Como,81.0,,22.4,65.4,,,,,,unresolvable,,,,rating-breakdown,True,22.4,65.4,,,tackle,False,False,,
1171451,Nico Paz,13981631,rating-breakdown,passes,passes,,,,Como,73.0,,34.6,58.5,26.8,47.2,True,True,1,boolean_field,success,True,,rating-breakdown,True,34.6,58.5,26.8,47.2,pass,True,False,,
1171451,Nico Paz,13981631,rating-breakdown,passes,passes,,,,Como,73.0,,52.4,81.4,63.4,82.2,True,True,1,boolean_field,success,True,,rating-breakdown,True,52.4,81.4,63.4,82.2,pass,True,False,,
1171451,Nico Paz,13981631,rating-breakdown,passes,passes,,,,Como,73.0,,44.9,80.4,40.4,88.1,True,True,1,boolean_field,success,True,,rating-breakdown,True,44.9,80.4,40.4,88.1,pass,True,False,,
1171451,Nico Paz,13981631,rating-breakdown,passes,passes,,,,Como,73.0,,67.8,78.7,78.1,91.3,True,True,1,boolean_field,success,True,,rating-breakdown,True,67.8,78.7,78.1,91.3,pass,True,False,,
1171451,Nico Paz,13981631,rating-breakdown,passes,passes,,,,Como,73.0,,45.2,79.3,46.7,82.4,,,,unresolvable,,,,rating-breakdown,True,45.2,79.3,46.7,82.4,pass,True,False,,
1171451,Nico Paz,13981631,rating-breakdown,passes,passes,,,,Como,73.0,,26.3,30.2,23.8,40.4,True,True,1,boolean_field,success,True,,rating-breakdown,True,26.3,30.2,23.8,40.4,pass,True,False,,
1171451,Nico Paz,13981631,rating-breakdown,passes,passes,,,,Como,73.0,,75,63.9,82.9,69.3,,,,unresolvable,,,,rating-breakdown,True,75,63.9,82.9,69.3,pass,True,False,,
1171451,Nico Paz,13981631,rating-breakdown,passes,passes,,,,Como,73.0,,41.4,74.6,48,81.9,True,True,1,boolean_field,success,True,,rating-breakdown,True,41.4,74.6,48,81.9,pass,True,False,,
1171451,Nico Paz,13981631,rating-breakdown,passes,passes,,,,Como,73.0,,91,74,86.4,56.4,True,True,1,boolean_field,success,True,,rating-breakdown,True,91,74,86.4,56.4,pass,True,False,,
1171451,Nico Paz,13981631,rating-breakdown,passes,passes,,,,Como,73.0,,65.9,86.4,46.3,76.1,True,True,1,boolean_field,success,True,,rating-breakdown,True,65.9,86.4,46.3,76.1,pass,True,False,,
1171451,Nico Paz,13981631,rating-breakdown,passes,passes,,,,Como,73.0,,75.8,18.4,78.9,34.8,True,True,1,boolean_field,success,True,,rating-breakdown,True,75.8,18.4,78.9,34.8,pass,True,False,,
1171451,Nico Paz,13981631,rating-breakdown,passes,passes,,,,Como,73.0,,50,50.1,33.6,49.3,True,True,1,boolean_field,success,True,,rating-breakdown,True,50,50.1,33.6,49.3,pass,True,False,,
1171451,Nico Paz,13981631,rating-breakdown,passes,passes,,,,Como,73.0,,71,36.5,89.4,25.1,True,True,1,boolean_field,success,True,,rating-breakdown,True,71,36.5,89.4,25.1,pass,True,False,,
1171451,Nico Paz,13981631,rating-breakdown,passes,passes,,,,Como,73.0,,62.4,67.8,74.4,48.3,True,True,1,boolean_field,success,True,,rating-breakdown,True,62.4,67.8,74.4,48.3,pass,True,False,,
1171451,Nico Paz,13981631,rating-breakdown,passes,passes,,,,Como,73.0,,71.6,36.8,73.8,46.7,True,True,1,boolean_field,success,True,,rating-breakdown,True,71.6,36.8,73.8,46.7,pass,True,False,,
1171451,Nico Paz,13981631,rating-breakdown,passes,passes,,,,Como,73.0,,63.8,77.3,67.3,70.4,True,True,1,boolean_field,success,True,,rating-breakdown,True,63.8,77.3,67.3,70.4,pass,True,False,,
1171451,Nico Paz,13981631,rating-breakdown,passes,passes,,,,Como,73.0,,66.1,29.8,73.3,39.9,True,True,1,boolean_field,success,True,,rating-breakdown,True,66.1,29.8,73.3,39.9,pass,True,False,,
1171451,Nico Paz,13981631,rating-breakdown,passes,passes,,,,Como,73.0,,69.9,37.2,70.3,38,,,,unresolvable,,,,rating-breakdown,True,69.9,37.2,70.3,38,pass,True,False,,
1171451,Nico Paz,13981631,rating-breakdown,passes,passes,,,,Como,73.0,,71.7,64,75.3,76.4,True,True,1,boolean_field,success,True,,rating-breakdown,True,71.7,64,75.3,76.4,pass,True,False,,
1171451,Nico Paz,13981631,rating-breakdown,ball-carries,ball-carries,,,,Como,73.0,,35.2,64.5,34.6,58.5,,,,unresolvable,,,,rating-breakdown,True,35.2,64.5,34.6,58.5,ball-carry,True,,,
1171451,Nico Paz,13981631,rating-breakdown,ball-carries,ball-carries,,,,Como,73.0,,76.9,32.7,79.3,40.6,,,,unresolvable,,,,rating-breakdown,True,76.9,32.7,79.3,40.6,ball-carry,True,,,
1171451,Nico Paz,13981631,rating-breakdown,ball-carries,ball-carries,,,,Como,73.0,,34.9,76.7,44.9,80.4,,,,unresolvable,,,,rating-breakdown,True,34.9,76.7,44.9,80.4,ball-carry,True,,,
1171451,Nico Paz,13981631,rating-breakdown,ball-carries,ball-carries,,,,Como,73.0,,47.4,86.3,67.8,78.7,,,,unresolvable,,,,rating-breakdown,True,47.4,86.3,67.8,78.7,ball-carry,True,,,
1171451,Nico Paz,13981631,rating-breakdown,ball-carries,ball-carries,,,,Como,73.0,,44.6,73.2,45.2,79.3,,,,unresolvable,,,,rating-breakdown,True,44.6,73.2,45.2,79.3,ball-carry,True,,,
1171451,Nico Paz,13981631,rating-breakdown,ball-carries,ball-carries,,,,Como,73.0,,69.8,87.6,91,74,,,,unresolvable,,,,rating-breakdown,True,69.8,87.6,91,74,ball-carry,True,,,
1171451,Nico Paz,13981631,rating-breakdown,ball-carries,ball-carries,,,,Como,73.0,,66.8,7.7,75.8,18.4,,,,unresolvable,,,,rating-breakdown,True,66.8,7.7,75.8,18.4,ball-carry,True,,,
1171451,Nico Paz,13981631,rating-breakdown,ball-carries,ball-carries,,,,Como,73.0,,47.4,59.3,62.4,67.8,,,,unresolvable,,,,rating-breakdown,True,47.4,59.3,62.4,67.8,ball-carry,True,,,
1171451,Nico Paz,13981631,rating-breakdown,ball-carries,ball-carries,,,,Como,73.0,,67.1,36.5,71.6,36.8,,,,unresolvable,,,,rating-breakdown,True,67.1,36.5,71.6,36.8,ball-carry,True,,,
1171451,Nico Paz,13981631,rating-breakdown,ball-carries,ball-carries,,,,Como,73.0,,6.8,15.7,8,10.7,,,,unresolvable,,,,rating-breakdown,True,6.8,15.7,8,10.7,ball-carry,True,,,
1171451,Nico Paz,13981631,rating-breakdown,ball-carries,ball-carries,,,,Como,73.0,,62.6,21.8,69.9,37.2,,,,unresolvable,,,,rating-breakdown,True,62.6,21.8,69.9,37.2,ball-carry,True,,,
1171451,Nico Paz,13981631,rating-breakdown,defensive,defensive,,,,Como,73.0,,66.8,7.7,,,True,True,1,boolean_field,success,,True,rating-breakdown,True,66.8,7.7,,,ball-recovery,True,False,,
1171451,Nico Paz,13981631,rating-breakdown,defensive,defensive,,,,Como,73.0,,67.1,36.5,,,True,True,1,boolean_field,success,,True,rating-breakdown,True,67.1,36.5,,,ball-recovery,True,False,,
1171451,Nico Paz,13981631,rating-breakdown,defensive,defensive,,,,Como,73.0,,64.1,77.3,,,True,True,1,boolean_field,success,,True,rating-breakdown,True,64.1,77.3,,,ball-recovery,True,False,,
1171451,Nico Paz,13981645,rating-breakdown,passes,passes,,,,Como,90.0,,35.8,19.1,36.4,5.9,True,True,1,boolean_field,success,True,,rating-breakdown,True,35.8,19.1,36.4,5.9,pass,True,False,,
1171451,Nico Paz,13981645,rating-breakdown,passes,passes,,,,Como,90.0,,65.9,34.2,54.7,50.9,True,True,1,boolean_field,success,True,,rating-breakdown,True,65.9,34.2,54.7,50.9,pass,True,False,,
1171451,Nico Paz,13981645,rating-breakdown,passes,passes,,,,Como,90.0,,64.2,64.7,62.1,73.7,True,True,1,boolean_field,success,True,,rating-breakdown,True,64.2,64.7,62.1,73.7,pass,True,False,,
1171451,Nico Paz,13981645,rating-breakdown,passes,passes,,,,Como,90.0,,47.2,45.9,33.1,31.2,True,True,1,boolean_field,success,True,,rating-breakdown,True,47.2,45.9,33.1,31.2,pass,True,False,,
1171451,Nico Paz,13981645,rating-breakdown,passes,passes,,,,Como,90.0,,22.1,95.3,15.7,94.1,True,True,1,boolean_field,success,True,,rating-breakdown,True,22.1,95.3,15.7,94.1,pass,True,False,,
1171451,Nico Paz,13981645,rating-breakdown,passes,passes,,,,Como,90.0,,66.3,82.9,61.7,92.1,True,True,1,boolean_field,success,True,,rating-breakdown,True,66.3,82.9,61.7,92.1,pass,True,False,,
1171451,Nico Paz,13981645,rating-breakdown,passes,passes,,,,Como,90.0,,67,66.2,69.7,71.1,True,True,1,boolean_field,success,True,,rating-breakdown,True,67,66.2,69.7,71.1,pass,True,False,,
1171451,Nico Paz,13981645,rating-breakdown,passes,passes,,,,Como,90.0,,63.3,71.2,59.5,65.5,True,True,1,boolean_field,success,True,,rating-breakdown,True,63.3,71.2,59.5,65.5,pass,True,False,,
1171451,Nico Paz,13981645,rating-breakdown,passes,passes,,,,Como,90.0,,60.5,69.7,60.3,81.1,True,True,1,boolean_field,success,True,,rating-breakdown,True,60.5,69.7,60.3,81.1,pass,True,False,,
1171451,Nico Paz,13981645,rating-breakdown,passes,passes,,,,Como,90.0,,77.8,32.7,74.4,47.9,True,True,1,boolean_field,success,True,,rating-breakdown,True,77.8,32.7,74.4,47.9,pass,True,False,,
1171451,Nico Paz,13981645,rating-breakdown,passes,passes,,,,Como,90.0,,86.3,37,73.6,41.4,True,True,1,boolean_field,success,True,,rating-breakdown,True,86.3,37,73.6,41.4,pass,True,False,,
1171451,Nico Paz,13981645,rating-breakdown,passes,passes,,,,Como,90.0,,65.4,13.2,59.9,39.2,True,True,1,boolean_field,success,True,,rating-breakdown,True,65.4,13.2,59.9,39.2,pass,True,False,,
1171451,Nico Paz,13981645,rating-breakdown,passes,passes,,,,Como,90.0,,64.3,54.9,74.4,97.5,True,True,1,boolean_field,success,True,,rating-breakdown,True,64.3,54.9,74.4,97.5,pass,True,False,,
1171451,Nico Paz,13981645,rating-breakdown,passes,passes,,,,Como,90.0,,47.3,29.4,47.6,13.6,True,True,1,boolean_field,success,True,,rating-breakdown,True,47.3,29.4,47.6,13.6,pass,True,False,,
1171451,Nico Paz,13981645,rating-breakdown,passes,passes,,,,Como,90.0,,54.8,26.2,48.8,49.1,True,True,1,boolean_field,success,True,,rating-breakdown,True,54.8,26.2,48.8,49.1,pass,True,False,,
1171451,Nico Paz,13981645,rating-breakdown,passes,passes,,,,Como,90.0,,54.9,35.7,61.1,8.8,True,True,1,boolean_field,success,True,,rating-breakdown,True,54.9,35.7,61.1,8.8,pass,True,False,,
1171451,Nico Paz,13981645,rating-breakdown,passes,passes,,,,Como,90.0,,62.2,27.7,52.8,54.5,True,True,1,boolean_field,success,True,,rating-breakdown,True,62.2,27.7,52.8,54.5,pass,True,False,,
1171451,Nico Paz,13981645,rating-breakdown,passes,passes,,,,Como,90.0,,59.9,31.5,41.5,32.3,True,True,1,boolean_field,success,True,,rating-breakdown,True,59.9,31.5,41.5,32.3,pass,True,False,,
1171451,Nico Paz,13981645,rating-breakdown,passes,passes,,,,Como,90.0,,66.8,17.4,77.9,11.2,True,True,1,boolean_field,success,True,,rating-breakdown,True,66.8,17.4,77.9,11.2,pass,True,False,,
1171451,Nico Paz,13981645,rating-breakdown,passes,passes,,,,Como,90.0,,63.4,33.8,53.4,35.4,True,True,1,boolean_field,success,True,,rating-breakdown,True,63.4,33.8,53.4,35.4,pass,True,False,,
1171451,Nico Paz,13981645,rating-breakdown,passes,passes,,,,Como,90.0,,60.6,20.6,53.3,28.8,True,True,1,boolean_field,success,True,,rating-breakdown,True,60.6,20.6,53.3,28.8,pass,True,False,,
1171451,Nico Paz,13981645,rating-breakdown,passes,passes,,,,Como,90.0,,71.2,51.2,62.9,43.2,True,True,1,boolean_field,success,True,,rating-breakdown,True,71.2,51.2,62.9,43.2,pass,True,False,,
1171451,Nico Paz,13981645,rating-breakdown,passes,passes,,,,Como,90.0,,64.8,48.8,55.3,48,True,True,1,boolean_field,success,True,,rating-breakdown,True,64.8,48.8,55.3,48,pass,True,False,,
1171451,Nico Paz,13981645,rating-breakdown,passes,passes,,,,Como,90.0,,73.8,40.8,65.1,44.5,True,True,1,boolean_field,success,True,,rating-breakdown,True,73.8,40.8,65.1,44.5,pass,True,False,,
1171451,Nico Paz,13981645,rating-breakdown,passes,passes,,,,Como,90.0,,73.4,66.7,61.5,62,True,True,1,boolean_field,success,True,,rating-breakdown,True,73.4,66.7,61.5,62,pass,True,False,,
1171451,Nico Paz,13981645,rating-breakdown,passes,passes,,,,Como,90.0,,16.3,40.4,21.4,37.7,True,True,1,boolean_field,success,True,,rating-breakdown,True,16.3,40.4,21.4,37.7,pass,True,False,,
1171451,Nico Paz,13981645,rating-breakdown,passes,passes,,,,Como,90.0,,70.7,47.7,61.9,60.9,True,True,1,boolean_field,success,True,,rating-breakdown,True,70.7,47.7,61.9,60.9,pass,True,False,,
1171451,Nico Paz,13981645,rating-breakdown,passes,passes,,,,Como,90.0,,74.6,36.8,77.3,41.2,True,True,1,boolean_field,success,True,,rating-breakdown,True,74.6,36.8,77.3,41.2,pass,True,False,,
1171451,Nico Paz,13981645,rating-breakdown,passes,passes,,,,Como,90.0,,71,42.9,72.8,70.8,True,True,1,boolean_field,success,True,,rating-breakdown,True,71,42.9,72.8,70.8,pass,True,False,,
1171451,Nico Paz,13981645,rating-breakdown,passes,passes,,,,Como,90.0,,67.7,35.1,69.8,53.2,True,True,1,boolean_field,success,True,,rating-breakdown,True,67.7,35.1,69.8,53.2,pass,True,False,,
1171451,Nico Paz,13981645,rating-breakdown,passes,passes,,,,Como,90.0,,52.4,35.4,85.8,68.5,True,True,1,boolean_field,success,True,,rating-breakdown,True,52.4,35.4,85.8,68.5,pass,True,False,True,
1171451,Nico Paz,13981645,rating-breakdown,passes,passes,,,,Como,90.0,,63.2,49.2,67.9,68.2,True,True,1,boolean_field,success,True,,rating-breakdown,True,63.2,49.2,67.9,68.2,pass,True,False,,
1171451,Nico Paz,13981645,rating-breakdown,passes,passes,,,,Como,90.0,,50.2,50.2,53.4,45.1,True,True,1,boolean_field,success,True,,rating-breakdown,True,50.2,50.2,53.4,45.1,pass,True,False,,
1171451,Nico Paz,13981645,rating-breakdown,passes,passes,,,,Como,90.0,,72.7,16.8,77.7,36.8,True,True,1,boolean_field,success,True,,rating-breakdown,True,72.7,16.8,77.7,36.8,pass,True,False,,
1171451,Nico Paz,13981645,rating-breakdown,passes,passes,,,,Como,90.0,,70.6,48.5,74.5,57.7,True,True,1,boolean_field,success,True,,rating-breakdown,True,70.6,48.5,74.5,57.7,pass,True,False,,
1171451,Nico Paz,13981645,rating-breakdown,passes,passes,,,,Como,90.0,,41.5,27.4,54.4,48.6,True,True,1,boolean_field,success,True,,rating-breakdown,True,41.5,27.4,54.4,48.6,pass,True,False,,
1171451,Nico Paz,13981645,rating-breakdown,passes,passes,,,,Como,90.0,,62.4,37.3,64.1,50.9,True,True,1,boolean_field,success,True,,rating-breakdown,True,62.4,37.3,64.1,50.9,pass,True,False,,
1171451,Nico Paz,13981645,rating-breakdown,passes,passes,,,,Como,90.0,,54.5,47.1,62.3,84.7,True,True,1,boolean_field,success,True,,rating-breakdown,True,54.5,47.1,62.3,84.7,pass,True,False,,
1171451,Nico Paz,13981645,rating-breakdown,passes,passes,,,,Como,90.0,,56.7,55.8,60.4,81.4,True,True,1,boolean_field,success,True,,rating-breakdown,True,56.7,55.8,60.4,81.4,pass,True,False,,
1171451,Nico Paz,13981645,rating-breakdown,passes,passes,,,,Como,90.0,,68.3,71.8,60.8,69.9,True,True,1,boolean_field,success,True,,rating-breakdown,True,68.3,71.8,60.8,69.9,pass,True,False,,
1171451,Nico Paz,13981645,rating-breakdown,passes,passes,,,,Como,90.0,,63.7,77.7,46.7,52.9,True,True,1,boolean_field,success,True,,rating-breakdown,True,63.7,77.7,46.7,52.9,pass,True,False,,
1171451,Nico Paz,13981645,rating-breakdown,passes,passes,,,,Como,90.0,,69.8,75.2,79.3,54.2,,,,unresolvable,,,,rating-breakdown,True,69.8,75.2,79.3,54.2,pass,True,False,,
1171451,Nico Paz,13981645,rating-breakdown,passes,passes,,,,Como,90.0,,75.1,66.1,89.7,76.1,True,True,1,boolean_field,success,True,,rating-breakdown,True,75.1,66.1,89.7,76.1,pass,True,False,,
1171451,Nico Paz,13981645,rating-breakdown,passes,passes,,,,Como,90.0,,51.5,46.4,35.9,66.5,True,True,1,boolean_field,success,True,,rating-breakdown,True,51.5,46.4,35.9,66.5,pass,True,False,,
1171451,Nico Paz,13981645,rating-breakdown,passes,passes,,,,Como,90.0,,67.8,43.8,70.9,12.9,True,True,1,boolean_field,success,True,,rating-breakdown,True,67.8,43.8,70.9,12.9,pass,True,False,,
1171451,Nico Paz,13981645,rating-breakdown,passes,passes,,,,Como,90.0,,71.1,36.8,86.4,23.6,True,True,1,boolean_field,success,True,,rating-breakdown,True,71.1,36.8,86.4,23.6,pass,True,False,,
1171451,Nico Paz,13981645,rating-breakdown,passes,passes,,,,Como,90.0,,60.5,33.6,43.4,31.4,True,True,1,boolean_field,success,True,,rating-breakdown,True,60.5,33.6,43.4,31.4,pass,True,False,,
1171451,Nico Paz,13981645,rating-breakdown,passes,passes,,,,Como,90.0,,58.7,62.4,45.9,65.5,True,True,1,boolean_field,success,True,,rating-breakdown,True,58.7,62.4,45.9,65.5,pass,True,False,,
1171451,Nico Paz,13981645,rating-breakdown,passes,passes,,,,Como,90.0,,37,63.5,37.7,65.5,,,,unresolvable,,,,rating-breakdown,True,37,63.5,37.7,65.5,pass,True,False,,
1171451,Nico Paz,13981645,rating-breakdown,passes,passes,,,,Como,90.0,,61.7,26.8,40.5,29.5,True,True,1,boolean_field,success,True,,rating-breakdown,True,61.7,26.8,40.5,29.5,pass,True,False,,
1171451,Nico Paz,13981645,rating-breakdown,passes,passes,,,,Como,90.0,,63.9,24.7,67.8,55.3,True,True,1,boolean_field,success,True,,rating-breakdown,True,63.9,24.7,67.8,55.3,pass,True,False,,
1171451,Nico Paz,13981645,rating-breakdown,passes,passes,,,,Como,90.0,,40.8,76.7,67.9,76.4,,,,unresolvable,,,,rating-breakdown,True,40.8,76.7,67.9,76.4,pass,True,False,,
1171451,Nico Paz,13981645,rating-breakdown,passes,passes,,,,Como,90.0,,80.5,47.9,81.4,47.7,,,,unresolvable,,,,rating-breakdown,True,80.5,47.9,81.4,47.7,pass,True,False,,
1171451,Nico Paz,13981645,rating-breakdown,passes,passes,,,,Como,90.0,,63.3,33,67,26.2,True,True,1,boolean_field,success,True,,rating-breakdown,True,63.3,33,67,26.2,pass,True,False,,
1171451,Nico Paz,13981645,rating-breakdown,passes,passes,,,,Como,90.0,,72.3,32.4,64.7,22.7,True,True,1,boolean_field,success,True,,rating-breakdown,True,72.3,32.4,64.7,22.7,pass,True,False,,
1171451,Nico Paz,13981645,rating-breakdown,passes,passes,,,,Como,90.0,,66.3,38.6,69.7,61.7,True,True,1,boolean_field,success,True,,rating-breakdown,True,66.3,38.6,69.7,61.7,pass,True,False,,
1171451,Nico Paz,13981645,rating-breakdown,passes,passes,,,,Como,90.0,,81.9,58.8,83.4,60.5,,,,unresolvable,,,,rating-breakdown,True,81.9,58.8,83.4,60.5,pass,True,False,,
1171451,Nico Paz,13981645,rating-breakdown,passes,passes,,,,Como,90.0,,65.8,27.4,65,61.5,True,True,1,boolean_field,success,True,,rating-breakdown,True,65.8,27.4,65,61.5,pass,True,False,,
1171451,Nico Paz,13981645,rating-breakdown,passes,passes,,,,Como,90.0,,68.6,46.8,75.8,51.7,True,True,1,boolean_field,success,True,,rating-breakdown,True,68.6,46.8,75.8,51.7,pass,True,False,,
1171451,Nico Paz,13981645,rating-breakdown,passes,passes,,,,Como,90.0,,37.4,79.7,38.6,86.4,True,True,1,boolean_field,success,True,,rating-breakdown,True,37.4,79.7,38.6,86.4,pass,True,False,,
1171451,Nico Paz,13981645,rating-breakdown,passes,passes,,,,Como,90.0,,70.3,18,64.4,22.3,True,True,1,boolean_field,success,True,,rating-breakdown,True,70.3,18,64.4,22.3,pass,True,False,,
1171451,Nico Paz,13981645,rating-breakdown,ball-carries,ball-carries,,,,Como,90.0,,33,29.4,35.8,19.1,,,,unresolvable,,,,rating-breakdown,True,33,29.4,35.8,19.1,ball-carry,True,,,
1171451,Nico Paz,13981645,rating-breakdown,ball-carries,ball-carries,,,,Como,90.0,,41.6,11.5,37.3,10.1,,,,unresolvable,,,,rating-breakdown,True,41.6,11.5,37.3,10.1,ball-carry,True,,,
1171451,Nico Paz,13981645,rating-breakdown,ball-carries,ball-carries,,,,Como,90.0,,91.9,69.7,91.7,63,,,,unresolvable,,,,rating-breakdown,True,91.9,69.7,91.7,63,ball-carry,True,,,
1171451,Nico Paz,13981645,rating-breakdown,ball-carries,ball-carries,,,,Como,90.0,,63.7,47.1,64.3,54.9,,,,unresolvable,,,,rating-breakdown,True,63.7,47.1,64.3,54.9,ball-carry,True,,,
1171451,Nico Paz,13981645,rating-breakdown,ball-carries,ball-carries,,,,Como,90.0,,41,37.1,47.3,29.4,,,,unresolvable,,,,rating-breakdown,True,41,37.1,47.3,29.4,ball-carry,True,,,
1171451,Nico Paz,13981645,rating-breakdown,ball-carries,ball-carries,,,,Como,90.0,,60.2,16.6,54.8,26.2,,,,unresolvable,,,,rating-breakdown,True,60.2,16.6,54.8,26.2,ball-carry,True,,,
1171451,Nico Paz,13981645,rating-breakdown,ball-carries,ball-carries,,,,Como,90.0,,56,47.3,54.9,35.7,,,,unresolvable,,,,rating-breakdown,True,56,47.3,54.9,35.7,ball-carry,True,,,
1171451,Nico Paz,13981645,rating-breakdown,ball-carries,ball-carries,,,,Como,90.0,,68.6,47.3,64.8,48.8,,,,unresolvable,,,,rating-breakdown,True,68.6,47.3,64.8,48.8,ball-carry,True,,,
1171451,Nico Paz,13981645,rating-breakdown,ball-carries,ball-carries,,,,Como,90.0,,67.4,53.3,78.5,55.4,,,,unresolvable,,,,rating-breakdown,True,67.4,53.3,78.5,55.4,ball-carry,True,,,
1171451,Nico Paz,13981645,rating-breakdown,ball-carries,ball-carries,,,,Como,90.0,,60.7,57.6,63.2,49.2,,,,unresolvable,,,,rating-breakdown,True,60.7,57.6,63.2,49.2,ball-carry,True,,,
1171451,Nico Paz,13981645,rating-breakdown,ball-carries,ball-carries,,,,Como,90.0,,73.8,87.7,71.2,82.4,,,,unresolvable,,,,rating-breakdown,True,73.8,87.7,71.2,82.4,ball-carry,True,,,
1171451,Nico Paz,13981645,rating-breakdown,ball-carries,ball-carries,,,,Como,90.0,,67.9,61.1,70.6,48.5,,,,unresolvable,,,,rating-breakdown,True,67.9,61.1,70.6,48.5,ball-carry,True,,,
1171451,Nico Paz,13981645,rating-breakdown,ball-carries,ball-carries,,,,Como,90.0,,39.8,22.4,41.5,27.4,,,,unresolvable,,,,rating-breakdown,True,39.8,22.4,41.5,27.4,ball-carry,True,,,
1171451,Nico Paz,13981645,rating-breakdown,ball-carries,ball-carries,,,,Como,90.0,,67.8,70,69.8,75.2,,,,unresolvable,,,,rating-breakdown,True,67.8,70,69.8,75.2,ball-carry,True,,,
1171451,Nico Paz,13981645,rating-breakdown,ball-carries,ball-carries,,,,Como,90.0,,69.8,67.1,75.1,66.1,,,,unresolvable,,,,rating-breakdown,True,69.8,67.1,75.1,66.1,ball-carry,True,,,
1171451,Nico Paz,13981645,rating-breakdown,ball-carries,ball-carries,,,,Como,90.0,,74.6,35.1,72,30.6,,,,unresolvable,,,,rating-breakdown,True,74.6,35.1,72,30.6,ball-carry,True,,,
1171451,Nico Paz,13981645,rating-breakdown,ball-carries,ball-carries,,,,Como,90.0,,67.8,33.9,71.1,36.8,,,,unresolvable,,,,rating-breakdown,True,67.8,33.9,71.1,36.8,ball-carry,True,,,
1171451,Nico Paz,13981645,rating-breakdown,ball-carries,ball-carries,,,,Como,90.0,,64.2,19.7,63.9,24.7,,,,unresolvable,,,,rating-breakdown,True,64.2,19.7,63.9,24.7,ball-carry,True,,,
1171451,Nico Paz,13981645,rating-breakdown,ball-carries,ball-carries,,,,Como,90.0,,60.4,76.2,63.7,70.2,,,,unresolvable,,,,rating-breakdown,True,60.4,76.2,63.7,70.2,ball-carry,True,,,
1171451,Nico Paz,13981645,rating-breakdown,ball-carries,ball-carries,,,,Como,90.0,,61.6,15.7,65.8,27.4,,,,unresolvable,,,,rating-breakdown,True,61.6,15.7,65.8,27.4,ball-carry,True,,,
1171451,Nico Paz,13981645,rating-breakdown,ball-carries,ball-carries,,,,Como,90.0,,65.8,42.7,68.6,46.8,,,,unresolvable,,,,rating-breakdown,True,65.8,42.7,68.6,46.8,ball-carry,True,,,
1171451,Nico Paz,13981645,rating-breakdown,ball-carries,ball-carries,,,,Como,90.0,,68.8,24.4,70.3,18,,,,unresolvable,,,,rating-breakdown,True,68.8,24.4,70.3,18,ball-carry,True,,,
1171451,Nico Paz,13981645,rating-breakdown,dribbles,dribbles,,,,Como,90.0,,37.3,10.1,,,,,,unresolvable,,,,rating-breakdown,True,37.3,10.1,,,dribble,True,False,,
1171451,Nico Paz,13981645,rating-breakdown,dribbles,dribbles,,,,Como,90.0,,91.4,62.4,,,,,,unresolvable,,,,rating-breakdown,True,91.4,62.4,,,dribble,True,False,,
1171451,Nico Paz,13981645,rating-breakdown,dribbles,dribbles,,,,Como,90.0,,85,93.8,,,,,,unresolvable,,,,rating-breakdown,True,85,93.8,,,dribble,True,False,,
1171451,Nico Paz,13981645,rating-breakdown,dribbles,dribbles,,,,Como,90.0,,71.1,83.7,,,,,,unresolvable,,,,rating-breakdown,True,71.1,83.7,,,dribble,True,False,,
1171451,Nico Paz,13981645,rating-breakdown,dribbles,dribbles,,,,Como,90.0,,72,30.6,,,,,,unresolvable,,,,rating-breakdown,True,72,30.6,,,dribble,True,False,,
1171451,Nico Paz,13981645,rating-breakdown,defensive,defensive,,,,Como,90.0,,59.7,17.8,,,,,,unresolvable,,,,rating-breakdown,True,59.7,17.8,,,tackle,True,False,,
1171451,Nico Paz,13981645,rating-breakdown,defensive,defensive,,,,Como,90.0,,31.4,11,,,True,True,1,boolean_field,success,,True,rating-breakdown,True,31.4,11,,,ball-recovery,True,False,,
1171451,Nico Paz,13981645,rating-breakdown,defensive,defensive,,,,Como,90.0,,46.7,91.1,,,True,True,1,boolean_field,success,,True,rating-breakdown,True,46.7,91.1,,,tackle,True,False,,
1171451,Nico Paz,13981645,rating-breakdown,defensive,defensive,,,,Como,90.0,,39.8,22.4,,,True,True,1,boolean_field,success,,True,rating-breakdown,True,39.8,22.4,,,ball-recovery,True,False,,
1171451,Nico Paz,13981645,rating-breakdown,defensive,defensive,,,,Como,90.0,,69.8,67.1,,,True,True,1,boolean_field,success,,True,rating-breakdown,True,69.8,67.1,,,ball-recovery,True,False,,
1171451,Nico Paz,15462526,rating-breakdown,passes,passes,,,,Como,71.0,,50,50.1,44.1,51.7,True,True,1,boolean_field,success,True,,rating-breakdown,True,50,50.1,44.1,51.7,pass,False,False,,
1171451,Nico Paz,15462526,rating-breakdown,passes,passes,,,,Como,71.0,,46,48.6,40.9,42.6,True,True,1,boolean_field,success,True,,rating-breakdown,True,46,48.6,40.9,42.6,pass,False,False,,
1171451,Nico Paz,15462526,rating-breakdown,passes,passes,,,,Como,71.0,,45.7,24.1,24.8,24.1,True,True,1,boolean_field,success,True,,rating-breakdown,True,45.7,24.1,24.8,24.1,pass,False,False,,
1171451,Nico Paz,15462526,rating-breakdown,passes,passes,,,,Como,71.0,,40.3,88.5,32.4,95.9,True,True,1,boolean_field,success,True,,rating-breakdown,True,40.3,88.5,32.4,95.9,pass,False,False,,
1171451,Nico Paz,15462526,rating-breakdown,passes,passes,,,,Como,71.0,,62.8,59.2,55.7,55.5,True,True,1,boolean_field,success,True,,rating-breakdown,True,62.8,59.2,55.7,55.5,pass,False,False,,
1171451,Nico Paz,15462526,rating-breakdown,passes,passes,,,,Como,71.0,,99.5,0.5,78.9,24.1,,,,unresolvable,,,,rating-breakdown,True,99.5,0.5,78.9,24.1,pass,False,False,,
1171451,Nico Paz,15462526,rating-breakdown,passes,passes,,,,Como,71.0,,74.1,26.8,68.3,19.7,True,True,1,boolean_field,success,True,,rating-breakdown,True,74.1,26.8,68.3,19.7,pass,False,False,,
1171451,Nico Paz,15462526,rating-breakdown,passes,passes,,,,Como,71.0,,51.4,31.4,56.1,10.3,True,True,1,boolean_field,success,True,,rating-breakdown,True,51.4,31.4,56.1,10.3,pass,False,False,,
1171451,Nico Paz,15462526,rating-breakdown,passes,passes,,,,Como,71.0,,73.9,18.7,73.4,23.8,,,,unresolvable,,,,rating-breakdown,True,73.9,18.7,73.4,23.8,pass,False,False,,
1171451,Nico Paz,15462526,rating-breakdown,passes,passes,,,,Como,71.0,,65.3,6.8,62.9,18.9,,,,unresolvable,,,,rating-breakdown,True,65.3,6.8,62.9,18.9,pass,False,False,,
1171451,Nico Paz,15462526,rating-breakdown,passes,passes,,,,Como,71.0,,57.4,70.3,76.3,81.8,True,True,1,boolean_field,success,True,,rating-breakdown,True,57.4,70.3,76.3,81.8,pass,False,False,,
1171451,Nico Paz,15462526,rating-breakdown,passes,passes,,,,Como,71.0,,23.1,4.1,31.2,4.1,True,True,1,boolean_field,success,True,,rating-breakdown,True,23.1,4.1,31.2,4.1,pass,False,False,,
1171451,Nico Paz,15462526,rating-breakdown,passes,passes,,,,Como,71.0,,58,7.1,78.6,6.6,True,True,1,boolean_field,success,True,,rating-breakdown,True,58,7.1,78.6,6.6,pass,False,False,,
1171451,Nico Paz,15462526,rating-breakdown,passes,passes,,,,Como,71.0,,85.2,3.4,98.3,49.8,,,,unresolvable,,,,rating-breakdown,True,85.2,3.4,98.3,49.8,cross,False,False,True,
1171451,Nico Paz,15462526,rating-breakdown,passes,passes,,,,Como,71.0,,55.2,94.7,46.4,95.6,,,,unresolvable,,,,rating-breakdown,True,55.2,94.7,46.4,95.6,pass,False,False,,
1171451,Nico Paz,15462526,rating-breakdown,passes,passes,,,,Como,71.0,,62,31.3,70,42.3,True,True,1,boolean_field,success,True,,rating-breakdown,True,62,31.3,70,42.3,pass,False,False,,
1171451,Nico Paz,15462526,rating-breakdown,passes,passes,,,,Como,71.0,,52.8,41.2,77.6,40.5,,,,unresolvable,,,,rating-breakdown,True,52.8,41.2,77.6,40.5,pass,False,False,,
1171451,Nico Paz,15462526,rating-breakdown,passes,passes,,,,Como,71.0,,40.4,54.9,55.2,32.6,,,,unresolvable,,,,rating-breakdown,True,40.4,54.9,55.2,32.6,pass,False,False,,
1171451,Nico Paz,15462526,rating-breakdown,passes,passes,,,,Como,71.0,,29.1,9.3,32.4,20,True,True,1,boolean_field,success,True,,rating-breakdown,True,29.1,9.3,32.4,20,pass,False,False,,
1171451,Nico Paz,15462526,rating-breakdown,passes,passes,,,,Como,71.0,,56,86.9,66.3,59.6,,,,unresolvable,,,,rating-breakdown,True,56,86.9,66.3,59.6,pass,False,False,,
1171451,Nico Paz,15462526,rating-breakdown,passes,passes,,,,Como,71.0,,38.5,69.5,43.7,83.2,,,,unresolvable,,,,rating-breakdown,True,38.5,69.5,43.7,83.2,pass,False,False,,
1171451,Nico Paz,15462526,rating-breakdown,passes,passes,,,,Como,71.0,,37,66.2,42.6,78,True,True,1,boolean_field,success,True,,rating-breakdown,True,37,66.2,42.6,78,pass,False,False,,
1171451,Nico Paz,15462526,rating-breakdown,passes,passes,,,,Como,71.0,,50,49.9,44.4,55.3,True,True,1,boolean_field,success,True,,rating-breakdown,True,50,49.9,44.4,55.3,pass,False,False,,
1171451,Nico Paz,15462526,rating-breakdown,passes,passes,,,,Como,71.0,,48.3,48.6,37.8,38.6,True,True,1,boolean_field,success,True,,rating-breakdown,True,48.3,48.6,37.8,38.6,pass,False,False,,
1171451,Nico Paz,15462526,rating-breakdown,passes,passes,,,,Como,71.0,,45.7,13.6,53.6,20.6,True,True,1,boolean_field,success,True,,rating-breakdown,True,45.7,13.6,53.6,20.6,pass,False,False,,
1171451,Nico Paz,15462526,rating-breakdown,passes,passes,,,,Como,71.0,,70.3,5.5,76.7,13.4,True,True,1,boolean_field,success,True,,rating-breakdown,True,70.3,5.5,76.7,13.4,pass,False,False,,
1171451,Nico Paz,15462526,rating-breakdown,passes,passes,,,,Como,71.0,,74.9,26.8,85,9.3,True,True,1,boolean_field,success,True,,rating-breakdown,True,74.9,26.8,85,9.3,pass,False,False,,
1171451,Nico Paz,15462526,rating-breakdown,ball-carries,ball-carries,,,,Como,71.0,,30.6,13.6,43.7,11.8,,,,unresolvable,,,,rating-breakdown,True,30.6,13.6,43.7,11.8,ball-carry,False,,,
1171451,Nico Paz,15462526,rating-breakdown,ball-carries,ball-carries,,,,Como,71.0,,47.3,44.3,51.4,31.4,,,,unresolvable,,,,rating-breakdown,True,47.3,44.3,51.4,31.4,ball-carry,False,,,
1171451,Nico Paz,15462526,rating-breakdown,ball-carries,ball-carries,,,,Como,71.0,,76.7,9,73.9,18.7,,,,unresolvable,,,,rating-breakdown,True,76.7,9,73.9,18.7,ball-carry,False,,,
1171451,Nico Paz,15462526,rating-breakdown,ball-carries,ball-carries,,,,Como,71.0,,85.8,71.9,88.9,72.2,,,,unresolvable,,,,rating-breakdown,True,85.8,71.9,88.9,72.2,ball-carry,False,,,
1171451,Nico Paz,15462526,rating-breakdown,ball-carries,ball-carries,,,,Como,71.0,,53.8,5.6,64.6,4.4,,,,unresolvable,,,,rating-breakdown,True,53.8,5.6,64.6,4.4,ball-carry,False,,,
1171451,Nico Paz,15462526,rating-breakdown,ball-carries,ball-carries,,,,Como,71.0,,45.6,72.5,57.4,70.3,,,,unresolvable,,,,rating-breakdown,True,45.6,72.5,57.4,70.3,ball-carry,False,,,
1171451,Nico Paz,15462526,rating-breakdown,ball-carries,ball-carries,,,,Como,71.0,,33.9,19,58,7.1,,,,unresolvable,,,,rating-breakdown,True,33.9,19,58,7.1,ball-carry,False,,,
1171451,Nico Paz,15462526,rating-breakdown,ball-carries,ball-carries,,,,Como,71.0,,70,80.3,91.2,76,,,,unresolvable,,,,rating-breakdown,True,70,80.3,91.2,76,ball-carry,False,,,
1171451,Nico Paz,15462526,rating-breakdown,ball-carries,ball-carries,,,,Como,71.0,,49,87.7,56,86.9,,,,unresolvable,,,,rating-breakdown,True,49,87.7,56,86.9,ball-carry,False,,,
1171451,Nico Paz,15462526,rating-breakdown,ball-carries,ball-carries,,,,Como,71.0,,37.6,65.2,38.5,69.5,,,,unresolvable,,,,rating-breakdown,True,37.6,65.2,38.5,69.5,ball-carry,False,,,
1171451,Nico Paz,15462526,rating-breakdown,ball-carries,ball-carries,,,,Como,71.0,,65.1,20.5,74,18,,,,unresolvable,,,,rating-breakdown,True,65.1,20.5,74,18,ball-carry,False,,,
1171451,Nico Paz,15462526,rating-breakdown,ball-carries,ball-carries,,,,Como,71.0,,75.3,21.9,78.5,31.9,,,,unresolvable,,,,rating-breakdown,True,75.3,21.9,78.5,31.9,ball-carry,False,,,
1171451,Nico Paz,15462526,rating-breakdown,dribbles,dribbles,,,,Como,71.0,,43.2,11.7,,,,,,unresolvable,,,,rating-breakdown,True,43.2,11.7,,,dribble,False,False,,
1171451,Nico Paz,15462526,rating-breakdown,dribbles,dribbles,,,,Como,71.0,,63.6,13.1,,,True,True,1,boolean_field,success,,True,rating-breakdown,True,63.6,13.1,,,dribble,False,False,,
1171451,Nico Paz,15462526,rating-breakdown,dribbles,dribbles,,,,Como,71.0,,74,18,,,,,,unresolvable,,,,rating-breakdown,True,74,18,,,dribble,False,False,,
1171451,Nico Paz,15462526,rating-breakdown,defensive,defensive,,,,Como,71.0,,76.7,9,,,True,True,1,boolean_field,success,,True,rating-breakdown,True,76.7,9,,,ball-recovery,False,False,,
1171451,Nico Paz,15462526,rating-breakdown,defensive,defensive,,,,Como,71.0,,65.3,6.8,,,True,True,1,boolean_field,success,,True,rating-breakdown,True,65.3,6.8,,,ball-recovery,False,False,,
1171451,Nico Paz,15462526,rating-breakdown,defensive,defensive,,,,Como,71.0,,76.8,57,,,True,True,1,boolean_field,success,,True,rating-breakdown,True,76.8,57,,,ball-recovery,False,False,,
1171451,Nico Paz,15462526,rating-breakdown,defensive,defensive,,,,Como,71.0,,74.4,54.4,,,True,True,1,boolean_field,success,,True,rating-breakdown,True,74.4,54.4,,,interception,False,False,,
1171451,Nico Paz,15462526,rating-breakdown,defensive,defensive,,,,Como,71.0,,33.9,19,,,True,True,1,boolean_field,success,,True,rating-breakdown,True,33.9,19,,,ball-recovery,False,False,,
1171451,Nico Paz,15462526,rating-breakdown,defensive,defensive,,,,Como,71.0,,72.1,75.2,,,True,True,1,boolean_field,success,,True,rating-breakdown,True,72.1,75.2,,,interception,False,False,,
1171451,Nico Paz,15462526,rating-breakdown,defensive,defensive,,,,Como,71.0,,70,80.3,,,True,True,1,boolean_field,success,,True,rating-breakdown,True,70,80.3,,,ball-recovery,False,False,,
1171451,Nico Paz,15462526,rating-breakdown,defensive,defensive,,,,Como,71.0,,78.4,31.8,,,,,,unresolvable,,,,rating-breakdown,True,78.4,31.8,,,tackle,False,False,,
1171451,Nico Paz,15462526,rating-breakdown,defensive,defensive,,,,Como,71.0,,39.4,18.7,,,True,True,1,boolean_field,success,,True,rating-breakdown,True,39.4,18.7,,,tackle,False,False,,
1171451,Nico Paz,15462526,rating-breakdown,defensive,defensive,,,,Como,71.0,,44.2,14.7,,,True,True,1,boolean_field,success,,True,rating-breakdown,True,44.2,14.7,,,ball-recovery,False,False,,
1171451,Nico Paz,13981667,rating-breakdown,passes,passes,,,,Como,90.0,,50,50,33.2,54.1,True,True,1,boolean_field,success,True,,rating-breakdown,True,50,50,33.2,54.1,pass,True,False,,
1171451,Nico Paz,13981667,rating-breakdown,passes,passes,,,,Como,90.0,,38.6,3,40.1,25.3,True,True,1,boolean_field,success,True,,rating-breakdown,True,38.6,3,40.1,25.3,pass,True,False,,
1171451,Nico Paz,13981667,rating-breakdown,passes,passes,,,,Como,90.0,,83.1,15.4,92.2,53.5,,,,unresolvable,,,,rating-breakdown,True,83.1,15.4,92.2,53.5,cross,True,False,,
1171451,Nico Paz,13981667,rating-breakdown,passes,passes,,,,Como,90.0,,93.9,26.7,85.6,25,,,,unresolvable,,,,rating-breakdown,True,93.9,26.7,85.6,25,pass,True,False,,
1171451,Nico Paz,13981667,rating-breakdown,passes,passes,,,,Como,90.0,,57.2,23.3,59.2,34.4,True,True,1,boolean_field,success,True,,rating-breakdown,True,57.2,23.3,59.2,34.4,pass,True,False,,
1171451,Nico Paz,13981667,rating-breakdown,passes,passes,,,,Como,90.0,,74.5,72.3,72.5,54.4,,,,unresolvable,,,,rating-breakdown,True,74.5,72.3,72.5,54.4,pass,True,False,,
1171451,Nico Paz,13981667,rating-breakdown,passes,passes,,,,Como,90.0,,37.7,56.5,31.5,47.6,True,True,1,boolean_field,success,True,,rating-breakdown,True,37.7,56.5,31.5,47.6,pass,True,False,,
1171451,Nico Paz,13981667,rating-breakdown,passes,passes,,,,Como,90.0,,53.4,41.1,46.9,28.6,True,True,1,boolean_field,success,True,,rating-breakdown,True,53.4,41.1,46.9,28.6,pass,True,False,,
1171451,Nico Paz,13981667,rating-breakdown,passes,passes,,,,Como,90.0,,56,25.4,44.6,25.7,True,True,1,boolean_field,success,True,,rating-breakdown,True,56,25.4,44.6,25.7,pass,True,False,,
1171451,Nico Paz,13981667,rating-breakdown,passes,passes,,,,Como,90.0,,52.8,14.2,34.7,32.3,True,True,1,boolean_field,success,True,,rating-breakdown,True,52.8,14.2,34.7,32.3,pass,True,False,,
1171451,Nico Paz,13981667,rating-breakdown,passes,passes,,,,Como,90.0,,58.7,3.6,42.9,13.6,True,True,1,boolean_field,success,True,,rating-breakdown,True,58.7,3.6,42.9,13.6,pass,True,False,,
1171451,Nico Paz,13981667,rating-breakdown,passes,passes,,,,Como,90.0,,69.1,27.1,59.7,16.3,True,True,1,boolean_field,success,True,,rating-breakdown,True,69.1,27.1,59.7,16.3,pass,True,False,,
1171451,Nico Paz,13981667,rating-breakdown,passes,passes,,,,Como,90.0,,61.1,14.1,58.1,30.3,True,True,1,boolean_field,success,True,,rating-breakdown,True,61.1,14.1,58.1,30.3,pass,True,False,,
1171451,Nico Paz,13981667,rating-breakdown,passes,passes,,,,Como,90.0,,54.5,13.6,43.2,18.6,True,True,1,boolean_field,success,True,,rating-breakdown,True,54.5,13.6,43.2,18.6,pass,True,False,,
1171451,Nico Paz,13981667,rating-breakdown,passes,passes,,,,Como,90.0,,69.2,26.3,67.4,35.6,True,True,1,boolean_field,success,True,,rating-breakdown,True,69.2,26.3,67.4,35.6,pass,True,False,,
1171451,Nico Paz,13981667,rating-breakdown,passes,passes,,,,Como,90.0,,73.1,25.9,74.6,37.4,True,True,1,boolean_field,success,True,,rating-breakdown,True,73.1,25.9,74.6,37.4,pass,True,False,,
1171451,Nico Paz,13981667,rating-breakdown,passes,passes,,,,Como,90.0,,69.2,27.7,75.2,16.3,True,True,1,boolean_field,success,True,,rating-breakdown,True,69.2,27.7,75.2,16.3,pass,True,False,,
1171451,Nico Paz,13981667,rating-breakdown,passes,passes,,,,Como,90.0,,66.3,51.1,75.4,62.4,,,,unresolvable,,,,rating-breakdown,True,66.3,51.1,75.4,62.4,pass,True,False,,
1171451,Nico Paz,13981667,rating-breakdown,passes,passes,,,,Como,90.0,,39.6,18.8,36.9,8.6,True,True,1,boolean_field,success,True,,rating-breakdown,True,39.6,18.8,36.9,8.6,pass,True,False,,
1171451,Nico Paz,13981667,rating-breakdown,passes,passes,,,,Como,90.0,,46.6,30,36.3,37.4,True,True,1,boolean_field,success,True,,rating-breakdown,True,46.6,30,36.3,37.4,pass,True,False,,
1171451,Nico Paz,13981667,rating-breakdown,passes,passes,,,,Como,90.0,,70.2,71.8,70.5,87,True,True,1,boolean_field,success,True,,rating-breakdown,True,70.2,71.8,70.5,87,pass,True,False,,
1171451,Nico Paz,13981667,rating-breakdown,passes,passes,,,,Como,90.0,,63.5,24.7,53.4,34.8,True,True,1,boolean_field,success,True,,rating-breakdown,True,63.5,24.7,53.4,34.8,pass,True,False,,
1171451,Nico Paz,13981667,rating-breakdown,passes,passes,,,,Como,90.0,,70.9,16.2,67.5,35.4,True,True,1,boolean_field,success,True,,rating-breakdown,True,70.9,16.2,67.5,35.4,pass,True,False,,
1171451,Nico Paz,13981667,rating-breakdown,passes,passes,,,,Como,90.0,,43.1,23.8,44.3,36.2,True,True,1,boolean_field,success,True,,rating-breakdown,True,43.1,23.8,44.3,36.2,pass,True,False,,
1171451,Nico Paz,13981667,rating-breakdown,passes,passes,,,,Como,90.0,,61.5,26.7,54.1,34.8,True,True,1,boolean_field,success,True,,rating-breakdown,True,61.5,26.7,54.1,34.8,pass,True,False,,
1171451,Nico Paz,13981667,rating-breakdown,passes,passes,,,,Como,90.0,,69,35.6,65.1,49.5,True,True,1,boolean_field,success,True,,rating-breakdown,True,69,35.6,65.1,49.5,pass,True,False,,
1171451,Nico Paz,13981667,rating-breakdown,passes,passes,,,,Como,90.0,,41.9,29.1,33.8,34.2,True,True,1,boolean_field,success,True,,rating-breakdown,True,41.9,29.1,33.8,34.2,pass,True,False,,
1171451,Nico Paz,13981667,rating-breakdown,passes,passes,,,,Como,90.0,,72.8,13.2,79.6,26.2,True,True,1,boolean_field,success,True,,rating-breakdown,True,72.8,13.2,79.6,26.2,pass,True,False,,
1171451,Nico Paz,13981667,rating-breakdown,passes,passes,,,,Como,90.0,,74.8,12.6,93.5,0,,,,unresolvable,,,,rating-breakdown,True,74.8,12.6,93.5,0,pass,True,False,,
1171451,Nico Paz,13981667,rating-breakdown,passes,passes,,,,Como,90.0,,54.3,22.7,47.4,34.4,True,True,1,boolean_field,success,True,,rating-breakdown,True,54.3,22.7,47.4,34.4,pass,True,False,,
1171451,Nico Paz,13981667,rating-breakdown,passes,passes,,,,Como,90.0,,69.9,18.8,63.9,31.8,True,True,1,boolean_field,success,True,,rating-breakdown,True,69.9,18.8,63.9,31.8,pass,True,False,,
1171451,Nico Paz,13981667,rating-breakdown,passes,passes,,,,Como,90.0,,65.2,82.3,63.4,64.4,,,,unresolvable,,,,rating-breakdown,True,65.2,82.3,63.4,64.4,pass,True,False,,
1171451,Nico Paz,13981667,rating-breakdown,passes,passes,,,,Como,90.0,,63.4,67.7,57.7,65.8,True,True,1,boolean_field,success,True,,rating-breakdown,True,63.4,67.7,57.7,65.8,pass,True,False,,
1171451,Nico Paz,13981667,rating-breakdown,passes,passes,,,,Como,90.0,,39.9,26.8,28.2,38.6,True,True,1,boolean_field,success,True,,rating-breakdown,True,39.9,26.8,28.2,38.6,pass,True,False,,
1171451,Nico Paz,13981667,rating-breakdown,passes,passes,,,,Como,90.0,,58.7,11.5,64.1,2.7,True,True,1,boolean_field,success,True,,rating-breakdown,True,58.7,11.5,64.1,2.7,pass,True,False,,
1171451,Nico Paz,13981667,rating-breakdown,passes,passes,,,,Como,90.0,,59.4,8.9,56.6,32,True,True,1,boolean_field,success,True,,rating-breakdown,True,59.4,8.9,56.6,32,pass,True,False,,
1171451,Nico Paz,13981667,rating-breakdown,passes,passes,,,,Como,90.0,,84.3,48.8,87.3,55.9,,,,unresolvable,,,,rating-breakdown,True,84.3,48.8,87.3,55.9,pass,True,False,,
1171451,Nico Paz,13981667,rating-breakdown,passes,passes,,,,Como,90.0,,70.2,28.9,86.2,4.4,True,True,1,boolean_field,success,True,,rating-breakdown,True,70.2,28.9,86.2,4.4,pass,True,False,,
1171451,Nico Paz,13981667,rating-breakdown,ball-carries,ball-carries,,,,Como,90.0,,64.7,6.3,83.1,15.4,,,,unresolvable,,,,rating-breakdown,True,64.7,6.3,83.1,15.4,ball-carry,True,,,
1171451,Nico Paz,13981667,rating-breakdown,ball-carries,ball-carries,,,,Como,90.0,,58.9,7.7,57.2,23.3,,,,unresolvable,,,,rating-breakdown,True,58.9,7.7,57.2,23.3,ball-carry,True,,,
1171451,Nico Paz,13981667,rating-breakdown,ball-carries,ball-carries,,,,Como,90.0,,48.9,47.1,53.4,41.1,,,,unresolvable,,,,rating-breakdown,True,48.9,47.1,53.4,41.1,ball-carry,True,,,
1171451,Nico Paz,13981667,rating-breakdown,ball-carries,ball-carries,,,,Como,90.0,,57.7,27.6,74.7,39.5,,,,unresolvable,,,,rating-breakdown,True,57.7,27.6,74.7,39.5,ball-carry,True,,,
1171451,Nico Paz,13981667,rating-breakdown,ball-carries,ball-carries,,,,Como,90.0,,21.2,39.5,61.1,14.1,,,,unresolvable,,,,rating-breakdown,True,21.2,39.5,61.1,14.1,ball-carry,True,,,
1171451,Nico Paz,13981667,rating-breakdown,ball-carries,ball-carries,,,,Como,90.0,,58.9,12.3,54.5,13.6,,,,unresolvable,,,,rating-breakdown,True,58.9,12.3,54.5,13.6,ball-carry,True,,,
1171451,Nico Paz,13981667,rating-breakdown,ball-carries,ball-carries,,,,Como,90.0,,65.5,18.5,69.2,26.3,,,,unresolvable,,,,rating-breakdown,True,65.5,18.5,69.2,26.3,ball-carry,True,,,
1171451,Nico Paz,13981667,rating-breakdown,ball-carries,ball-carries,,,,Como,90.0,,52.8,42.9,66.3,51.1,,,,unresolvable,,,,rating-breakdown,True,52.8,42.9,66.3,51.1,ball-carry,True,,,
1171451,Nico Paz,13981667,rating-breakdown,ball-carries,ball-carries,,,,Como,90.0,,72.1,9.4,70.9,16.2,,,,unresolvable,,,,rating-breakdown,True,72.1,9.4,70.9,16.2,ball-carry,True,,,
1171451,Nico Paz,13981667,rating-breakdown,ball-carries,ball-carries,,,,Como,90.0,,60,15.7,43.1,23.8,,,,unresolvable,,,,rating-breakdown,True,60,15.7,43.1,23.8,ball-carry,True,,,
1171451,Nico Paz,13981667,rating-breakdown,ball-carries,ball-carries,,,,Como,90.0,,61.2,14.8,61.5,26.7,,,,unresolvable,,,,rating-breakdown,True,61.2,14.8,61.5,26.7,ball-carry,True,,,
1171451,Nico Paz,13981667,rating-breakdown,ball-carries,ball-carries,,,,Como,90.0,,79.4,30.7,85.5,25.9,,,,unresolvable,,,,rating-breakdown,True,79.4,30.7,85.5,25.9,ball-carry,True,,,
1171451,Nico Paz,13981667,rating-breakdown,ball-carries,ball-carries,,,,Como,90.0,,95.7,10.9,92.8,11.8,,,,unresolvable,,,,rating-breakdown,True,95.7,10.9,92.8,11.8,ball-carry,True,,,
1171451,Nico Paz,13981667,rating-breakdown,ball-carries,ball-carries,,,,Como,90.0,,73.5,18,74.8,12.6,,,,unresolvable,,,,rating-breakdown,True,73.5,18,74.8,12.6,ball-carry,True,,,
1171451,Nico Paz,13981667,rating-breakdown,ball-carries,ball-carries,,,,Como,90.0,,51.7,15.3,58.7,11.5,,,,unresolvable,,,,rating-breakdown,True,51.7,15.3,58.7,11.5,ball-carry,True,,,
1171451,Nico Paz,13981667,rating-breakdown,ball-carries,ball-carries,,,,Como,90.0,,68.6,32.7,70.2,28.9,,,,unresolvable,,,,rating-breakdown,True,68.6,32.7,70.2,28.9,ball-carry,True,,,
1171451,Nico Paz,13981667,rating-breakdown,dribbles,dribbles,,,,Como,90.0,,26.4,55.7,,,,,,unresolvable,,,,rating-breakdown,True,26.4,55.7,,,dribble,True,False,,
1171451,Nico Paz,13981667,rating-breakdown,dribbles,dribbles,,,,Como,90.0,,92.6,11.5,,,,,,unresolvable,,,,rating-breakdown,True,92.6,11.5,,,dribble,True,False,,
1171451,Nico Paz,13981667,rating-breakdown,defensive,defensive,,,,Como,90.0,,72.2,71.1,,,True,True,1,boolean_field,success,,True,rating-breakdown,True,72.2,71.1,,,tackle,True,False,,
1171451,Nico Paz,13981667,rating-breakdown,defensive,defensive,,,,Como,90.0,,73,71.8,,,True,True,1,boolean_field,success,,True,rating-breakdown,True,73,71.8,,,ball-recovery,True,False,,
1171451,Nico Paz,13981667,rating-breakdown,defensive,defensive,,,,Como,90.0,,60.6,16.2,,,,,,unresolvable,,,,rating-breakdown,True,60.6,16.2,,,tackle,True,False,,
1171451,Nico Paz,13981667,rating-breakdown,defensive,defensive,,,,Como,90.0,,59.9,3.5,,,True,True,1,boolean_field,success,,True,rating-breakdown,True,59.9,3.5,,,ball-recovery,True,False,,
1171451,Nico Paz,13981667,rating-breakdown,defensive,defensive,,,,Como,90.0,,21.2,39.5,,,True,True,1,boolean_field,success,,True,rating-breakdown,True,21.2,39.5,,,ball-recovery,True,False,,
1171451,Nico Paz,13981667,rating-breakdown,defensive,defensive,,,,Como,90.0,,34.7,22.7,,,True,True,1,boolean_field,success,,True,rating-breakdown,True,34.7,22.7,,,interception,True,False,,
1171451,Nico Paz,13981667,rating-breakdown,defensive,defensive,,,,Como,90.0,,70.2,6.6,,,True,True,1,boolean_field,success,,True,rating-breakdown,True,70.2,6.6,,,tackle,True,False,,
1171451,Nico Paz,13981667,rating-breakdown,defensive,defensive,,,,Como,90.0,,7.8,92.6,,,True,True,1,boolean_field,success,,True,rating-breakdown,True,7.8,92.6,,,tackle,True,False,,
1171451,Nico Paz,13981667,rating-breakdown,defensive,defensive,,,,Como,90.0,,0.9,94.6,5.8,100,True,True,1,boolean_field,success,,True,rating-breakdown,True,0.9,94.6,5.8,100,clearance,True,False,,
1171451,Nico Paz,13981683,rating-breakdown,passes,passes,,,,Como,26.0,,44.9,55.2,48.4,57.9,True,True,1,boolean_field,success,True,,rating-breakdown,True,44.9,55.2,48.4,57.9,pass,True,False,,
1171451,Nico Paz,13981683,rating-breakdown,passes,passes,,,,Como,26.0,,42,31.3,36.7,16.8,True,True,1,boolean_field,success,True,,rating-breakdown,True,42,31.3,36.7,16.8,pass,True,False,,
1171451,Nico Paz,13981683,rating-breakdown,passes,passes,,,,Como,26.0,,74.6,49.7,70.6,52.7,True,True,1,boolean_field,success,True,,rating-breakdown,True,74.6,49.7,70.6,52.7,pass,True,False,,
1171451,Nico Paz,13981683,rating-breakdown,passes,passes,,,,Como,26.0,,53.5,33.1,71.1,28.9,True,True,1,boolean_field,success,True,,rating-breakdown,True,53.5,33.1,71.1,28.9,pass,True,False,,
1171451,Nico Paz,13981683,rating-breakdown,passes,passes,,,,Como,26.0,,54.8,42.3,47.9,71.4,True,True,1,boolean_field,success,True,,rating-breakdown,True,54.8,42.3,47.9,71.4,pass,True,False,,
1171451,Nico Paz,13981683,rating-breakdown,passes,passes,,,,Como,26.0,,67.6,69.3,59.7,70.1,True,True,1,boolean_field,success,True,,rating-breakdown,True,67.6,69.3,59.7,70.1,pass,True,False,,
1171451,Nico Paz,13981683,rating-breakdown,passes,passes,,,,Como,26.0,,57.3,25.3,84.9,46.2,True,True,1,boolean_field,success,True,,rating-breakdown,True,57.3,25.3,84.9,46.2,pass,True,True,True,
1171451,Nico Paz,13981683,rating-breakdown,passes,passes,,,,Como,26.0,,37.9,55.7,44.3,56.4,,,,unresolvable,,,,rating-breakdown,True,37.9,55.7,44.3,56.4,pass,True,False,,
1171451,Nico Paz,13981683,rating-breakdown,passes,passes,,,,Como,26.0,,41,33.7,35.4,36.6,True,True,1,boolean_field,success,True,,rating-breakdown,True,41,33.7,35.4,36.6,pass,True,False,,
1171451,Nico Paz,13981683,rating-breakdown,passes,passes,,,,Como,26.0,,38.9,29.3,44.2,34.2,,,,unresolvable,,,,rating-breakdown,True,38.9,29.3,44.2,34.2,pass,True,False,,
1171451,Nico Paz,13981683,rating-breakdown,passes,passes,,,,Como,26.0,,37.7,29.9,33.9,59.1,True,True,1,boolean_field,success,True,,rating-breakdown,True,37.7,29.9,33.9,59.1,pass,True,False,,
1171451,Nico Paz,13981683,rating-breakdown,passes,passes,,,,Como,26.0,,49.3,43.4,57.6,62,True,True,1,boolean_field,success,True,,rating-breakdown,True,49.3,43.4,57.6,62,pass,True,False,,
1171451,Nico Paz,13981683,rating-breakdown,passes,passes,,,,Como,26.0,,35.7,52.7,26.5,65.8,True,True,1,boolean_field,success,True,,rating-breakdown,True,35.7,52.7,26.5,65.8,pass,True,False,,
1171451,Nico Paz,13981683,rating-breakdown,passes,passes,,,,Como,26.0,,42,89.9,59.3,84.9,,,,unresolvable,,,,rating-breakdown,True,42,89.9,59.3,84.9,pass,True,False,,
1171451,Nico Paz,13981683,rating-breakdown,passes,passes,,,,Como,26.0,,96.6,72.8,97.3,61.3,,,,unresolvable,,,,rating-breakdown,True,96.6,72.8,97.3,61.3,pass,True,False,,
1171451,Nico Paz,13981683,rating-breakdown,ball-carries,ball-carries,,,,Como,26.0,,45.6,20.5,47,25.5,,,,unresolvable,,,,rating-breakdown,True,45.6,20.5,47,25.5,ball-carry,True,,,
1171451,Nico Paz,13981683,rating-breakdown,ball-carries,ball-carries,,,,Como,26.0,,45.2,13.3,57.3,25.3,,,,unresolvable,,,,rating-breakdown,True,45.2,13.3,57.3,25.3,ball-carry,True,,,
1171451,Nico Paz,13981683,rating-breakdown,ball-carries,ball-carries,,,,Como,26.0,,36.2,39.5,37.9,55.7,,,,unresolvable,,,,rating-breakdown,True,36.2,39.5,37.9,55.7,ball-carry,True,,,
1171451,Nico Paz,13981683,rating-breakdown,ball-carries,ball-carries,,,,Como,26.0,,39.5,6.3,38.9,29.3,,,,unresolvable,,,,rating-breakdown,True,39.5,6.3,38.9,29.3,ball-carry,True,,,
1171451,Nico Paz,13981683,rating-breakdown,ball-carries,ball-carries,,,,Como,26.0,,39.6,83.7,42,89.9,,,,unresolvable,,,,rating-breakdown,True,39.6,83.7,42,89.9,ball-carry,True,,,
1171451,Nico Paz,13981683,rating-breakdown,ball-carries,ball-carries,,,,Como,26.0,,87.9,90.2,94.9,72.3,,,,unresolvable,,,,rating-breakdown,True,87.9,90.2,94.9,72.3,ball-carry,True,,,
1171451,Nico Paz,13981683,rating-breakdown,dribbles,dribbles,,,,Como,26.0,,91.6,86.4,,,True,True,1,boolean_field,success,,True,rating-breakdown,True,91.6,86.4,,,dribble,True,False,,
1171451,Nico Paz,13981683,rating-breakdown,defensive,defensive,,,,Como,26.0,,55.3,42.2,,,True,True,1,boolean_field,success,,True,rating-breakdown,True,55.3,42.2,,,ball-recovery,True,False,,
1171451,Nico Paz,13981693,rating-breakdown,passes,passes,,,,Como,81.0,,68.3,53.7,71.6,57.9,,,,unresolvable,,,,rating-breakdown,True,68.3,53.7,71.6,57.9,pass,False,False,,
1171451,Nico Paz,13981693,rating-breakdown,passes,passes,,,,Como,81.0,,56.2,35.6,45,64.5,True,True,1,boolean_field,success,True,,rating-breakdown,True,56.2,35.6,45,64.5,pass,False,False,,
1171451,Nico Paz,13981693,rating-breakdown,passes,passes,,,,Como,81.0,,63.8,39.8,65.7,38.8,,,,unresolvable,,,,rating-breakdown,True,63.8,39.8,65.7,38.8,pass,False,False,,
1171451,Nico Paz,13981693,rating-breakdown,passes,passes,,,,Como,81.0,,36,14.2,36.7,33.4,True,True,1,boolean_field,success,True,,rating-breakdown,True,36,14.2,36.7,33.4,pass,False,False,,
1171451,Nico Paz,13981693,rating-breakdown,passes,passes,,,,Como,81.0,,63,16.4,59.8,28.6,True,True,1,boolean_field,success,True,,rating-breakdown,True,63,16.4,59.8,28.6,pass,False,False,,
1171451,Nico Paz,13981693,rating-breakdown,passes,passes,,,,Como,81.0,,65,50.7,79,37.9,True,True,1,boolean_field,success,True,,rating-breakdown,True,65,50.7,79,37.9,pass,False,False,,
1171451,Nico Paz,13981693,rating-breakdown,passes,passes,,,,Como,81.0,,40.5,20.6,38.5,4.6,True,True,1,boolean_field,success,True,,rating-breakdown,True,40.5,20.6,38.5,4.6,pass,False,False,,
1171451,Nico Paz,13981693,rating-breakdown,passes,passes,,,,Como,81.0,,84.6,13.9,87.4,19.6,,,,unresolvable,,,,rating-breakdown,True,84.6,13.9,87.4,19.6,pass,False,False,,
1171451,Nico Paz,13981693,rating-breakdown,passes,passes,,,,Como,81.0,,69.4,53.7,74.9,55.4,True,True,1,boolean_field,success,True,,rating-breakdown,True,69.4,53.7,74.9,55.4,pass,False,False,,
1171451,Nico Paz,13981693,rating-breakdown,passes,passes,,,,Como,81.0,,45.2,31.3,34.6,86.7,True,True,1,boolean_field,success,True,,rating-breakdown,True,45.2,31.3,34.6,86.7,pass,False,False,True,
1171451,Nico Paz,13981693,rating-breakdown,passes,passes,,,,Como,81.0,,34.5,5,36.8,9.5,,,,unresolvable,,,,rating-breakdown,True,34.5,5,36.8,9.5,pass,False,False,,
1171451,Nico Paz,13981693,rating-breakdown,passes,passes,,,,Como,81.0,,36.9,73.7,67.6,16.6,True,True,1,boolean_field,success,True,,rating-breakdown,True,36.9,73.7,67.6,16.6,pass,False,False,True,
1171451,Nico Paz,13981693,rating-breakdown,passes,passes,,,,Como,81.0,,37.2,70.9,67.2,57.9,,,,unresolvable,,,,rating-breakdown,True,37.2,70.9,67.2,57.9,pass,False,False,True,
1171451,Nico Paz,13981693,rating-breakdown,passes,passes,,,,Como,81.0,,49.1,3.2,41.5,6.4,,,,unresolvable,,,,rating-breakdown,True,49.1,3.2,41.5,6.4,pass,False,False,,
1171451,Nico Paz,13981693,rating-breakdown,passes,passes,,,,Como,81.0,,30.3,5.8,21.4,8.6,,,,unresolvable,,,,rating-breakdown,True,30.3,5.8,21.4,8.6,pass,False,False,,
1171451,Nico Paz,13981693,rating-breakdown,passes,passes,,,,Como,81.0,,46.5,2,35.2,7.3,True,True,1,boolean_field,success,True,,rating-breakdown,True,46.5,2,35.2,7.3,pass,False,False,,
1171451,Nico Paz,13981693,rating-breakdown,passes,passes,,,,Como,81.0,,46.9,4.1,51.8,24.2,True,True,1,boolean_field,success,True,,rating-breakdown,True,46.9,4.1,51.8,24.2,pass,False,False,,
1171451,Nico Paz,13981693,rating-breakdown,passes,passes,,,,Como,81.0,,45.1,44.6,39.9,44.8,True,True,1,boolean_field,success,True,,rating-breakdown,True,45.1,44.6,39.9,44.8,pass,False,False,,
1171451,Nico Paz,13981693,rating-breakdown,passes,passes,,,,Como,81.0,,36.9,31.1,33.3,40.1,True,True,1,boolean_field,success,True,,rating-breakdown,True,36.9,31.1,33.3,40.1,pass,False,False,,
1171451,Nico Paz,13981693,rating-breakdown,passes,passes,,,,Como,81.0,,79.1,23.8,78.5,11.5,True,True,1,boolean_field,success,True,,rating-breakdown,True,79.1,23.8,78.5,11.5,pass,False,False,,
1171451,Nico Paz,13981693,rating-breakdown,passes,passes,,,,Como,81.0,,54.7,20.5,58.1,5.5,,,,unresolvable,,,,rating-breakdown,True,54.7,20.5,58.1,5.5,pass,False,False,,
1171451,Nico Paz,13981693,rating-breakdown,passes,passes,,,,Como,81.0,,53.8,16.6,39.7,22.9,True,True,1,boolean_field,success,True,,rating-breakdown,True,53.8,16.6,39.7,22.9,pass,False,False,,
1171451,Nico Paz,13981693,rating-breakdown,passes,passes,,,,Como,81.0,,99.5,0.5,95.8,39.4,,,,unresolvable,,,,rating-breakdown,True,99.5,0.5,95.8,39.4,cross,False,False,,
1171451,Nico Paz,13981693,rating-breakdown,passes,passes,,,,Como,81.0,,64.7,16.1,68.3,33.5,,,,unresolvable,,,,rating-breakdown,True,64.7,16.1,68.3,33.5,pass,False,False,,
1171451,Nico Paz,13981693,rating-breakdown,passes,passes,,,,Como,81.0,,57.1,7,60.6,7.4,,,,unresolvable,,,,rating-breakdown,True,57.1,7,60.6,7.4,pass,False,False,,
1171451,Nico Paz,13981693,rating-breakdown,passes,passes,,,,Como,81.0,,70.5,51.3,81.4,45.7,,,,unresolvable,,,,rating-breakdown,True,70.5,51.3,81.4,45.7,pass,False,False,,
1171451,Nico Paz,13981693,rating-breakdown,passes,passes,,,,Como,81.0,,59.8,93.2,63.3,96.2,True,True,1,boolean_field,success,True,,rating-breakdown,True,59.8,93.2,63.3,96.2,pass,False,False,,
1171451,Nico Paz,13981693,rating-breakdown,passes,passes,,,,Como,81.0,,58.6,67.5,67,63.5,True,True,1,boolean_field,success,True,,rating-breakdown,True,58.6,67.5,67,63.5,pass,False,False,,
1171451,Nico Paz,13981693,rating-breakdown,ball-carries,ball-carries,,,,Como,81.0,,55.2,2.5,60.2,3.8,,,,unresolvable,,,,rating-breakdown,True,55.2,2.5,60.2,3.8,ball-carry,False,,,
1171451,Nico Paz,13981693,rating-breakdown,ball-carries,ball-carries,,,,Como,81.0,,35.7,35.3,36,14.2,,,,unresolvable,,,,rating-breakdown,True,35.7,35.3,36,14.2,ball-carry,False,,,
1171451,Nico Paz,13981693,rating-breakdown,ball-carries,ball-carries,,,,Como,81.0,,60.5,28,65.8,21.6,,,,unresolvable,,,,rating-breakdown,True,60.5,28,65.8,21.6,ball-carry,False,,,
1171451,Nico Paz,13981693,rating-breakdown,ball-carries,ball-carries,,,,Como,81.0,,69.6,45.7,69.4,53.7,,,,unresolvable,,,,rating-breakdown,True,69.6,45.7,69.4,53.7,ball-carry,False,,,
1171451,Nico Paz,13981693,rating-breakdown,ball-carries,ball-carries,,,,Como,81.0,,35.8,78.8,68.3,53.7,,,,unresolvable,,,,rating-breakdown,True,35.8,78.8,68.3,53.7,ball-carry,False,,,
1171451,Nico Paz,13981693,rating-breakdown,ball-carries,ball-carries,,,,Como,81.0,,31.1,71.6,36.3,71.7,,,,unresolvable,,,,rating-breakdown,True,31.1,71.6,36.3,71.7,ball-carry,False,,,
1171451,Nico Paz,13981693,rating-breakdown,ball-carries,ball-carries,,,,Como,81.0,,33.5,4.6,31.6,9.7,,,,unresolvable,,,,rating-breakdown,True,33.5,4.6,31.6,9.7,ball-carry,False,,,
1171451,Nico Paz,13981693,rating-breakdown,ball-carries,ball-carries,,,,Como,81.0,,55.2,1,46.5,2,,,,unresolvable,,,,rating-breakdown,True,55.2,1,46.5,2,ball-carry,False,,,
1171451,Nico Paz,13981693,rating-breakdown,ball-carries,ball-carries,,,,Como,81.0,,54.5,5,53.8,16.6,,,,unresolvable,,,,rating-breakdown,True,54.5,5,53.8,16.6,ball-carry,False,,,
1171451,Nico Paz,13981693,rating-breakdown,dribbles,dribbles,,,,Como,81.0,,59,3.5,,,,,,unresolvable,,,,rating-breakdown,True,59,3.5,,,dribble,False,False,,
1171451,Nico Paz,13981693,rating-breakdown,dribbles,dribbles,,,,Como,81.0,,65.3,22,,,True,True,1,boolean_field,success,,True,rating-breakdown,True,65.3,22,,,dribble,False,False,,
1171451,Nico Paz,13981693,rating-breakdown,dribbles,dribbles,,,,Como,81.0,,31.9,8.8,,,True,True,1,boolean_field,success,,True,rating-breakdown,True,31.9,8.8,,,dribble,False,False,,
1171451,Nico Paz,13981693,rating-breakdown,dribbles,dribbles,,,,Como,81.0,,77.5,44.1,,,True,True,1,boolean_field,success,,True,rating-breakdown,True,77.5,44.1,,,dribble,False,False,,
1171451,Nico Paz,13981693,rating-breakdown,defensive,defensive,,,,Como,81.0,,55.2,2.5,,,True,True,1,boolean_field,success,,True,rating-breakdown,True,55.2,2.5,,,ball-recovery,False,False,,
1171451,Nico Paz,13981693,rating-breakdown,defensive,defensive,,,,Como,81.0,,35.7,35.3,,,True,True,1,boolean_field,success,,True,rating-breakdown,True,35.7,35.3,,,ball-recovery,False,False,,
1171451,Nico Paz,13981693,rating-breakdown,defensive,defensive,,,,Como,81.0,,73.8,5.3,,,True,True,1,boolean_field,success,,True,rating-breakdown,True,73.8,5.3,,,ball-recovery,False,False,,
1171451,Nico Paz,13981693,rating-breakdown,defensive,defensive,,,,Como,81.0,,64.7,51.5,,,True,True,1,boolean_field,success,,True,rating-breakdown,True,64.7,51.5,,,ball-recovery,False,False,,
1171451,Nico Paz,13981693,rating-breakdown,defensive,defensive,,,,Como,81.0,,34.1,15.4,,,True,True,1,boolean_field,success,,True,rating-breakdown,True,34.1,15.4,,,tackle,False,False,,
1171451,Nico Paz,13981693,rating-breakdown,defensive,defensive,,,,Como,81.0,,34.3,7,,,True,True,1,boolean_field,success,,True,rating-breakdown,True,34.3,7,,,ball-recovery,False,False,,
1171451,Nico Paz,13981693,rating-breakdown,defensive,defensive,,,,Como,81.0,,36.3,71.7,,,True,True,1,boolean_field,success,,True,rating-breakdown,True,36.3,71.7,,,ball-recovery,False,False,,
1171451,Nico Paz,13981693,rating-breakdown,defensive,defensive,,,,Como,81.0,,38.2,4.2,,,True,True,1,boolean_field,success,,True,rating-breakdown,True,38.2,4.2,,,tackle,False,False,,
1171451,Nico Paz,13981693,rating-breakdown,defensive,defensive,,,,Como,81.0,,32.2,4.7,,,True,True,1,boolean_field,success,,True,rating-breakdown,True,32.2,4.7,,,ball-recovery,False,False,,
1171451,Nico Paz,13981693,rating-breakdown,defensive,defensive,,,,Como,81.0,,55.2,1,,,True,True,1,boolean_field,success,,True,rating-breakdown,True,55.2,1,,,ball-recovery,False,False,,
1171451,Nico Paz,13981693,rating-breakdown,defensive,defensive,,,,Como,81.0,,38.2,25.3,,,True,True,1,boolean_field,success,,True,rating-breakdown,True,38.2,25.3,,,interception,False,False,,
1171451,Nico Paz,13981703,rating-breakdown,passes,passes,,,,Como,77.0,,41.6,58.7,34.9,55.9,True,True,1,boolean_field,success,True,,rating-breakdown,True,41.6,58.7,34.9,55.9,pass,True,False,,
1171451,Nico Paz,13981703,rating-breakdown,passes,passes,,,,Como,77.0,,70.4,47.1,63.8,52.1,True,True,1,boolean_field,success,True,,rating-breakdown,True,70.4,47.1,63.8,52.1,pass,True,False,,
1171451,Nico Paz,13981703,rating-breakdown,passes,passes,,,,Como,77.0,,50,49.9,34.8,47.1,True,True,1,boolean_field,success,True,,rating-breakdown,True,50,49.9,34.8,47.1,pass,True,False,,
1171451,Nico Paz,13981703,rating-breakdown,passes,passes,,,,Como,77.0,,41.4,69.7,52.8,92.9,True,True,1,boolean_field,success,True,,rating-breakdown,True,41.4,69.7,52.8,92.9,pass,True,False,,
1171451,Nico Paz,13981703,rating-breakdown,passes,passes,,,,Como,77.0,,73.4,87.1,84.6,61.2,,,,unresolvable,,,,rating-breakdown,True,73.4,87.1,84.6,61.2,cross,True,False,,
1171451,Nico Paz,13981703,rating-breakdown,passes,passes,,,,Como,77.0,,63.2,33.5,60.1,47.9,True,True,1,boolean_field,success,True,,rating-breakdown,True,63.2,33.5,60.1,47.9,pass,True,False,,
1171451,Nico Paz,13981703,rating-breakdown,passes,passes,,,,Como,77.0,,69.5,59.5,95,52.4,,,,unresolvable,,,,rating-breakdown,True,69.5,59.5,95,52.4,pass,True,False,,
1171451,Nico Paz,13981703,rating-breakdown,passes,passes,,,,Como,77.0,,53.8,65.5,48.6,48.8,True,True,1,boolean_field,success,True,,rating-breakdown,True,53.8,65.5,48.6,48.8,pass,True,False,,
1171451,Nico Paz,13981703,rating-breakdown,passes,passes,,,,Como,77.0,,47.2,65.6,37.3,92.1,True,True,1,boolean_field,success,True,,rating-breakdown,True,47.2,65.6,37.3,92.1,pass,True,False,,
1171451,Nico Paz,13981703,rating-breakdown,passes,passes,,,,Como,77.0,,46.4,51.2,54.5,53.8,True,True,1,boolean_field,success,True,,rating-breakdown,True,46.4,51.2,54.5,53.8,pass,True,False,,
1171451,Nico Paz,13981703,rating-breakdown,passes,passes,,,,Como,77.0,,83.3,38.5,74.6,41.5,True,True,1,boolean_field,success,True,,rating-breakdown,True,83.3,38.5,74.6,41.5,pass,True,False,,
1171451,Nico Paz,13981703,rating-breakdown,passes,passes,,,,Como,77.0,,60.8,76.7,55.9,68,True,True,1,boolean_field,success,True,,rating-breakdown,True,60.8,76.7,55.9,68,pass,True,False,,
1171451,Nico Paz,13981703,rating-breakdown,passes,passes,,,,Como,77.0,,35.2,33.9,20.9,36.1,True,True,1,boolean_field,success,True,,rating-breakdown,True,35.2,33.9,20.9,36.1,pass,True,False,,
1171451,Nico Paz,13981703,rating-breakdown,passes,passes,,,,Como,77.0,,47.4,60.1,44.6,78.3,True,True,1,boolean_field,success,True,,rating-breakdown,True,47.4,60.1,44.6,78.3,pass,True,False,,
1171451,Nico Paz,13981703,rating-breakdown,passes,passes,,,,Como,77.0,,63.2,68.1,55.1,65.5,True,True,1,boolean_field,success,True,,rating-breakdown,True,63.2,68.1,55.1,65.5,pass,True,False,,
1171451,Nico Paz,13981703,rating-breakdown,passes,passes,,,,Como,77.0,,54.5,44.7,52.5,53.1,True,True,1,boolean_field,success,True,,rating-breakdown,True,54.5,44.7,52.5,53.1,pass,True,False,,
1171451,Nico Paz,13981703,rating-breakdown,passes,passes,,,,Como,77.0,,45.1,75.8,59.7,76.9,True,True,1,boolean_field,success,True,,rating-breakdown,True,45.1,75.8,59.7,76.9,pass,True,False,,
1171451,Nico Paz,13981703,rating-breakdown,passes,passes,,,,Como,77.0,,49,60.3,58.5,50.3,,,,unresolvable,,,,rating-breakdown,True,49,60.3,58.5,50.3,pass,True,False,,
1171451,Nico Paz,13981703,rating-breakdown,passes,passes,,,,Como,77.0,,55,47.1,56.2,21.5,True,True,1,boolean_field,success,True,,rating-breakdown,True,55,47.1,56.2,21.5,pass,True,False,,
1171451,Nico Paz,13981703,rating-breakdown,passes,passes,,,,Como,77.0,,64,39.4,56.8,43.5,True,True,1,boolean_field,success,True,,rating-breakdown,True,64,39.4,56.8,43.5,pass,True,False,,
1171451,Nico Paz,13981703,rating-breakdown,passes,passes,,,,Como,77.0,,60.1,34.5,46.1,44.6,True,True,1,boolean_field,success,True,,rating-breakdown,True,60.1,34.5,46.1,44.6,pass,True,False,,
1171451,Nico Paz,13981703,rating-breakdown,passes,passes,,,,Como,77.0,,27.8,15.6,25.1,36.6,True,True,1,boolean_field,success,True,,rating-breakdown,True,27.8,15.6,25.1,36.6,pass,True,False,,
1171451,Nico Paz,13981703,rating-breakdown,passes,passes,,,,Como,77.0,,62.5,28.9,62.8,49,True,True,1,boolean_field,success,True,,rating-breakdown,True,62.5,28.9,62.8,49,pass,True,False,,
1171451,Nico Paz,13981703,rating-breakdown,passes,passes,,,,Como,77.0,,57.9,35.3,63.9,66.7,True,True,1,boolean_field,success,True,,rating-breakdown,True,57.9,35.3,63.9,66.7,pass,True,False,,
1171451,Nico Paz,13981703,rating-breakdown,passes,passes,,,,Como,77.0,,32.3,65.3,23.6,75.5,True,True,1,boolean_field,success,True,,rating-breakdown,True,32.3,65.3,23.6,75.5,pass,True,False,,
1171451,Nico Paz,13981703,rating-breakdown,passes,passes,,,,Como,77.0,,91.6,37.8,87.9,45.8,,,,unresolvable,,,,rating-breakdown,True,91.6,37.8,87.9,45.8,pass,True,False,,
1171451,Nico Paz,13981703,rating-breakdown,passes,passes,,,,Como,77.0,,34.7,60,40.5,92,True,True,1,boolean_field,success,True,,rating-breakdown,True,34.7,60,40.5,92,pass,True,False,,
1171451,Nico Paz,13981703,rating-breakdown,passes,passes,,,,Como,77.0,,58.3,14.2,55.7,28,True,True,1,boolean_field,success,True,,rating-breakdown,True,58.3,14.2,55.7,28,pass,True,False,,
1171451,Nico Paz,13981703,rating-breakdown,passes,passes,,,,Como,77.0,,59,31.7,60.5,77.2,True,True,1,boolean_field,success,True,,rating-breakdown,True,59,31.7,60.5,77.2,pass,True,False,,
1171451,Nico Paz,13981703,rating-breakdown,passes,passes,,,,Como,77.0,,29.4,62.5,38.8,62.9,True,True,1,boolean_field,success,True,,rating-breakdown,True,29.4,62.5,38.8,62.9,pass,True,False,,
1171451,Nico Paz,13981703,rating-breakdown,passes,passes,,,,Como,77.0,,62.4,84.9,85.7,63.4,True,True,1,boolean_field,success,True,,rating-breakdown,True,62.4,84.9,85.7,63.4,pass,True,False,,
1171451,Nico Paz,13981703,rating-breakdown,ball-carries,ball-carries,,,,Como,77.0,,77.4,90.2,73.4,87.1,,,,unresolvable,,,,rating-breakdown,True,77.4,90.2,73.4,87.1,ball-carry,True,,,
1171451,Nico Paz,13981703,rating-breakdown,ball-carries,ball-carries,,,,Como,77.0,,62.8,21.8,63.2,33.5,,,,unresolvable,,,,rating-breakdown,True,62.8,21.8,63.2,33.5,ball-carry,True,,,
1171451,Nico Paz,13981703,rating-breakdown,ball-carries,ball-carries,,,,Como,77.0,,69.8,53.4,69.5,59.5,,,,unresolvable,,,,rating-breakdown,True,69.8,53.4,69.5,59.5,ball-carry,True,,,
1171451,Nico Paz,13981703,rating-breakdown,ball-carries,ball-carries,,,,Como,77.0,,54.2,74.2,53.8,65.5,,,,unresolvable,,,,rating-breakdown,True,54.2,74.2,53.8,65.5,ball-carry,True,,,
1171451,Nico Paz,13981703,rating-breakdown,ball-carries,ball-carries,,,,Como,77.0,,59.4,45.1,47.9,53.3,,,,unresolvable,,,,rating-breakdown,True,59.4,45.1,47.9,53.3,ball-carry,True,,,
1171451,Nico Paz,13981703,rating-breakdown,ball-carries,ball-carries,,,,Como,77.0,,84.5,34,83.3,38.5,,,,unresolvable,,,,rating-breakdown,True,84.5,34,83.3,38.5,ball-carry,True,,,
1171451,Nico Paz,13981703,rating-breakdown,ball-carries,ball-carries,,,,Como,77.0,,60.1,86.2,60.8,76.7,,,,unresolvable,,,,rating-breakdown,True,60.1,86.2,60.8,76.7,ball-carry,True,,,
1171451,Nico Paz,13981703,rating-breakdown,ball-carries,ball-carries,,,,Como,77.0,,55.5,69.8,54.8,76.6,,,,unresolvable,,,,rating-breakdown,True,55.5,69.8,54.8,76.6,ball-carry,True,,,
1171451,Nico Paz,13981703,rating-breakdown,ball-carries,ball-carries,,,,Como,77.0,,90.3,82.1,91.2,87.3,,,,unresolvable,,,,rating-breakdown,True,90.3,82.1,91.2,87.3,ball-carry,True,,,
1171451,Nico Paz,13981703,rating-breakdown,ball-carries,ball-carries,,,,Como,77.0,,49.3,68.1,63.2,68.1,,,,unresolvable,,,,rating-breakdown,True,49.3,68.1,63.2,68.1,ball-carry,True,,,
1171451,Nico Paz,13981703,rating-breakdown,ball-carries,ball-carries,,,,Como,77.0,,32.5,54.9,45.1,75.8,,,,unresolvable,,,,rating-breakdown,True,32.5,54.9,45.1,75.8,ball-carry,True,,,
1171451,Nico Paz,13981703,rating-breakdown,ball-carries,ball-carries,,,,Como,77.0,,61.6,35.5,64,39.4,,,,unresolvable,,,,rating-breakdown,True,61.6,35.5,64,39.4,ball-carry,True,,,
1171451,Nico Paz,13981703,rating-breakdown,ball-carries,ball-carries,,,,Como,77.0,,61.5,39.1,60.1,34.5,,,,unresolvable,,,,rating-breakdown,True,61.5,39.1,60.1,34.5,ball-carry,True,,,
1171451,Nico Paz,13981703,rating-breakdown,ball-carries,ball-carries,,,,Como,77.0,,35.9,54.2,34.7,60,,,,unresolvable,,,,rating-breakdown,True,35.9,54.2,34.7,60,ball-carry,True,,,
1171451,Nico Paz,13981703,rating-breakdown,ball-carries,ball-carries,,,,Como,77.0,,60,9.3,58.3,14.2,,,,unresolvable,,,,rating-breakdown,True,60,9.3,58.3,14.2,ball-carry,True,,,
1171451,Nico Paz,13981703,rating-breakdown,ball-carries,ball-carries,,,,Como,77.0,,60.9,14.2,59,31.7,,,,unresolvable,,,,rating-breakdown,True,60.9,14.2,59,31.7,ball-carry,True,,,
1171451,Nico Paz,13981703,rating-breakdown,ball-carries,ball-carries,,,,Como,77.0,,24.9,59.8,29.4,62.5,,,,unresolvable,,,,rating-breakdown,True,24.9,59.8,29.4,62.5,ball-carry,True,,,
1171451,Nico Paz,13981703,rating-breakdown,ball-carries,ball-carries,,,,Como,77.0,,58.2,84.6,62.4,84.9,,,,unresolvable,,,,rating-breakdown,True,58.2,84.6,62.4,84.9,ball-carry,True,,,
1171451,Nico Paz,13981703,rating-breakdown,dribbles,dribbles,,,,Como,77.0,,89.5,39,,,,,,unresolvable,,,,rating-breakdown,True,89.5,39,,,dribble,True,False,,
1171451,Nico Paz,13981703,rating-breakdown,dribbles,dribbles,,,,Como,77.0,,41.6,39.2,,,,,,unresolvable,,,,rating-breakdown,True,41.6,39.2,,,dribble,True,False,,
1171451,Nico Paz,13981703,rating-breakdown,defensive,defensive,,,,Como,77.0,,47.6,53,,,True,True,1,boolean_field,success,,True,rating-breakdown,True,47.6,53,,,tackle,True,False,,
1171451,Nico Paz,13981703,rating-breakdown,defensive,defensive,,,,Como,77.0,,52.6,52.1,,,True,True,1,boolean_field,success,,True,rating-breakdown,True,52.6,52.1,,,tackle,True,False,,
1171451,Nico Paz,13981703,rating-breakdown,defensive,defensive,,,,Como,77.0,,62.8,26.7,,,True,True,1,boolean_field,success,,True,rating-breakdown,True,62.8,26.7,,,ball-recovery,True,False,,
1171451,Nico Paz,13981703,rating-breakdown,defensive,defensive,,,,Como,77.0,,28.2,69,,,True,True,1,boolean_field,success,,True,rating-breakdown,True,28.2,69,,,interception,True,False,,
1171451,Nico Paz,13981718,rating-breakdown,passes,passes,,,,Como,90.0,,70.2,36.8,75.4,37,True,True,1,boolean_field,success,True,,rating-breakdown,True,70.2,36.8,75.4,37,pass,True,False,,
1171451,Nico Paz,13981718,rating-breakdown,passes,passes,,,,Como,90.0,,86.4,7.9,84.3,2.5,True,True,1,boolean_field,success,True,,rating-breakdown,True,86.4,7.9,84.3,2.5,pass,True,False,,
1171451,Nico Paz,13981718,rating-breakdown,passes,passes,,,,Como,90.0,,79.9,5.9,83,1.9,True,True,1,boolean_field,success,True,,rating-breakdown,True,79.9,5.9,83,1.9,pass,True,False,,
1171451,Nico Paz,13981718,rating-breakdown,passes,passes,,,,Como,90.0,,77.1,1.9,79,9.7,True,True,1,boolean_field,success,True,,rating-breakdown,True,77.1,1.9,79,9.7,pass,True,False,,
1171451,Nico Paz,13981718,rating-breakdown,passes,passes,,,,Como,90.0,,67.5,7.2,59.5,10.4,True,True,1,boolean_field,success,True,,rating-breakdown,True,67.5,7.2,59.5,10.4,pass,True,False,,
1171451,Nico Paz,13981718,rating-breakdown,passes,passes,,,,Como,90.0,,69.9,25.4,91.9,51.1,,,,unresolvable,,,,rating-breakdown,True,69.9,25.4,91.9,51.1,pass,True,False,,
1171451,Nico Paz,13981718,rating-breakdown,passes,passes,,,,Como,90.0,,61.7,23.2,58.7,33.9,True,True,1,boolean_field,success,True,,rating-breakdown,True,61.7,23.2,58.7,33.9,pass,True,False,,
1171451,Nico Paz,13981718,rating-breakdown,passes,passes,,,,Como,90.0,,68.9,24.5,84.5,6.5,True,True,1,boolean_field,success,True,,rating-breakdown,True,68.9,24.5,84.5,6.5,pass,True,False,,
1171451,Nico Paz,13981718,rating-breakdown,passes,passes,,,,Como,90.0,,68.6,68.6,74.6,57.4,True,True,1,boolean_field,success,True,,rating-breakdown,True,68.6,68.6,74.6,57.4,pass,True,False,,
1171451,Nico Paz,13981718,rating-breakdown,passes,passes,,,,Como,90.0,,58,30.6,48.9,56.1,True,True,1,boolean_field,success,True,,rating-breakdown,True,58,30.6,48.9,56.1,pass,True,False,,
1171451,Nico Paz,13981718,rating-breakdown,passes,passes,,,,Como,90.0,,56.2,10.3,56.5,2.9,True,True,1,boolean_field,success,True,,rating-breakdown,True,56.2,10.3,56.5,2.9,pass,True,False,,
1171451,Nico Paz,13981718,rating-breakdown,passes,passes,,,,Como,90.0,,24.8,34.2,21.5,39.5,True,True,1,boolean_field,success,True,,rating-breakdown,True,24.8,34.2,21.5,39.5,pass,True,False,,
1171451,Nico Paz,13981718,rating-breakdown,passes,passes,,,,Como,90.0,,60.4,35.3,86.6,24.7,True,True,1,boolean_field,success,True,,rating-breakdown,True,60.4,35.3,86.6,24.7,pass,True,True,,
1171451,Nico Paz,13981718,rating-breakdown,passes,passes,,,,Como,90.0,,23.4,75.8,14.8,82.7,True,True,1,boolean_field,success,True,,rating-breakdown,True,23.4,75.8,14.8,82.7,pass,True,False,,
1171451,Nico Paz,13981718,rating-breakdown,passes,passes,,,,Como,90.0,,64.8,26.7,86.2,30.3,,,,unresolvable,,,,rating-breakdown,True,64.8,26.7,86.2,30.3,pass,True,False,,
1171451,Nico Paz,13981718,rating-breakdown,passes,passes,,,,Como,90.0,,43.2,73.7,52.2,56.7,True,True,1,boolean_field,success,True,,rating-breakdown,True,43.2,73.7,52.2,56.7,pass,True,False,,
1171451,Nico Paz,13981718,rating-breakdown,passes,passes,,,,Como,90.0,,66.7,19.1,65.4,32,True,True,1,boolean_field,success,True,,rating-breakdown,True,66.7,19.1,65.4,32,pass,True,False,,
1171451,Nico Paz,13981718,rating-breakdown,passes,passes,,,,Como,90.0,,62.4,11,66.6,14.8,,,,unresolvable,,,,rating-breakdown,True,62.4,11,66.6,14.8,pass,True,False,,
1171451,Nico Paz,13981718,rating-breakdown,passes,passes,,,,Como,90.0,,54.1,10.4,46.9,44.8,True,True,1,boolean_field,success,True,,rating-breakdown,True,54.1,10.4,46.9,44.8,pass,True,False,,
1171451,Nico Paz,13981718,rating-breakdown,passes,passes,,,,Como,90.0,,66.9,80.6,70.8,93.4,True,True,1,boolean_field,success,True,,rating-breakdown,True,66.9,80.6,70.8,93.4,pass,True,False,,
1171451,Nico Paz,13981718,rating-breakdown,passes,passes,,,,Como,90.0,,66.3,27.7,71.8,42.6,True,True,1,boolean_field,success,True,,rating-breakdown,True,66.3,27.7,71.8,42.6,pass,True,False,,
1171451,Nico Paz,13981718,rating-breakdown,passes,passes,,,,Como,90.0,,58.1,2.3,59.7,6.8,True,True,1,boolean_field,success,True,,rating-breakdown,True,58.1,2.3,59.7,6.8,pass,True,False,,
1171451,Nico Paz,13981718,rating-breakdown,passes,passes,,,,Como,90.0,,65.7,2.7,63.1,5.1,True,True,1,boolean_field,success,True,,rating-breakdown,True,65.7,2.7,63.1,5.1,pass,True,False,,
1171451,Nico Paz,13981718,rating-breakdown,passes,passes,,,,Como,90.0,,45.1,66.5,69.3,75,True,True,1,boolean_field,success,True,,rating-breakdown,True,45.1,66.5,69.3,75,pass,True,False,,
1171451,Nico Paz,13981718,rating-breakdown,passes,passes,,,,Como,90.0,,57.5,82.6,66.1,73,True,True,1,boolean_field,success,True,,rating-breakdown,True,57.5,82.6,66.1,73,pass,True,False,,
1171451,Nico Paz,13981718,rating-breakdown,passes,passes,,,,Como,90.0,,90.6,3.3,72.3,6.2,True,True,1,boolean_field,success,True,,rating-breakdown,True,90.6,3.3,72.3,6.2,pass,True,False,,
1171451,Nico Paz,13981718,rating-breakdown,passes,passes,,,,Como,90.0,,69,11,72.7,14.7,True,True,1,boolean_field,success,True,,rating-breakdown,True,69,11,72.7,14.7,pass,True,False,,
1171451,Nico Paz,13981718,rating-breakdown,passes,passes,,,,Como,90.0,,67.8,10.7,67,32.6,True,True,1,boolean_field,success,True,,rating-breakdown,True,67.8,10.7,67,32.6,pass,True,False,,
1171451,Nico Paz,13981718,rating-breakdown,passes,passes,,,,Como,90.0,,64.4,13.6,48.1,47.1,True,True,1,boolean_field,success,True,,rating-breakdown,True,64.4,13.6,48.1,47.1,pass,True,False,,
1171451,Nico Paz,13981718,rating-breakdown,passes,passes,,,,Como,90.0,,62.7,26.3,67.1,48.3,True,True,1,boolean_field,success,True,,rating-breakdown,True,62.7,26.3,67.1,48.3,pass,True,False,,
1171451,Nico Paz,13981718,rating-breakdown,passes,passes,,,,Como,90.0,,46.7,24.4,43.3,55.5,True,True,1,boolean_field,success,True,,rating-breakdown,True,46.7,24.4,43.3,55.5,pass,True,False,,
1171451,Nico Paz,13981718,rating-breakdown,passes,passes,,,,Como,90.0,,70.6,35.9,62.5,36.4,True,True,1,boolean_field,success,True,,rating-breakdown,True,70.6,35.9,62.5,36.4,pass,True,False,,
1171451,Nico Paz,13981718,rating-breakdown,passes,passes,,,,Como,90.0,,63,22,59.9,33.3,True,True,1,boolean_field,success,True,,rating-breakdown,True,63,22,59.9,33.3,pass,True,False,,
1171451,Nico Paz,13981718,rating-breakdown,passes,passes,,,,Como,90.0,,61.4,26.5,55.4,52.6,,,,unresolvable,,,,rating-breakdown,True,61.4,26.5,55.4,52.6,pass,True,False,,
1171451,Nico Paz,13981718,rating-breakdown,passes,passes,,,,Como,90.0,,65.2,28.9,56.6,55,True,True,1,boolean_field,success,True,,rating-breakdown,True,65.2,28.9,56.6,55,pass,True,False,,
1171451,Nico Paz,13981718,rating-breakdown,passes,passes,,,,Como,90.0,,71.4,62,66.5,63.8,True,True,1,boolean_field,success,True,,rating-breakdown,True,71.4,62,66.5,63.8,pass,True,False,,
1171451,Nico Paz,13981718,rating-breakdown,passes,passes,,,,Como,90.0,,61.3,11.9,63.1,20.1,True,True,1,boolean_field,success,True,,rating-breakdown,True,61.3,11.9,63.1,20.1,pass,True,False,,
1171451,Nico Paz,13981718,rating-breakdown,passes,passes,,,,Como,90.0,,71.5,23,71,32.4,True,True,1,boolean_field,success,True,,rating-breakdown,True,71.5,23,71,32.4,pass,True,False,,
1171451,Nico Paz,13981718,rating-breakdown,passes,passes,,,,Como,90.0,,68.1,28.6,70.5,46.4,True,True,1,boolean_field,success,True,,rating-breakdown,True,68.1,28.6,70.5,46.4,pass,True,False,,
1171451,Nico Paz,13981718,rating-breakdown,passes,passes,,,,Como,90.0,,66,46.8,68.1,66.8,,,,unresolvable,,,,rating-breakdown,True,66,46.8,68.1,66.8,pass,True,False,,
1171451,Nico Paz,13981718,rating-breakdown,passes,passes,,,,Como,90.0,,41.5,77,39,93.5,True,True,1,boolean_field,success,True,,rating-breakdown,True,41.5,77,39,93.5,pass,True,False,,
1171451,Nico Paz,13981718,rating-breakdown,passes,passes,,,,Como,90.0,,57.4,24.4,72.1,61.4,True,True,1,boolean_field,success,True,,rating-breakdown,True,57.4,24.4,72.1,61.4,pass,True,False,,
1171451,Nico Paz,13981718,rating-breakdown,passes,passes,,,,Como,90.0,,73.1,35.6,81.4,12.1,True,True,1,boolean_field,success,True,,rating-breakdown,True,73.1,35.6,81.4,12.1,pass,True,False,,
1171451,Nico Paz,13981718,rating-breakdown,passes,passes,,,,Como,90.0,,79.5,15.6,89.1,44.7,True,True,1,boolean_field,success,True,,rating-breakdown,True,79.5,15.6,89.1,44.7,cross,True,True,,
1171451,Nico Paz,13981718,rating-breakdown,passes,passes,,,,Como,90.0,,67.9,19.5,72.7,9.8,True,True,1,boolean_field,success,True,,rating-breakdown,True,67.9,19.5,72.7,9.8,pass,True,False,,
1171451,Nico Paz,13981718,rating-breakdown,passes,passes,,,,Como,90.0,,63.6,16.3,64.4,28.2,True,True,1,boolean_field,success,True,,rating-breakdown,True,63.6,16.3,64.4,28.2,pass,True,False,,
1171451,Nico Paz,13981718,rating-breakdown,passes,passes,,,,Como,90.0,,59.3,15.4,54.6,26.7,True,True,1,boolean_field,success,True,,rating-breakdown,True,59.3,15.4,54.6,26.7,pass,True,False,,
1171451,Nico Paz,13981718,rating-breakdown,passes,passes,,,,Como,90.0,,77.5,13,78.7,33.2,True,True,1,boolean_field,success,True,,rating-breakdown,True,77.5,13,78.7,33.2,pass,True,False,,
1171451,Nico Paz,13981718,rating-breakdown,passes,passes,,,,Como,90.0,,62.3,40,66.5,50.2,True,True,1,boolean_field,success,True,,rating-breakdown,True,62.3,40,66.5,50.2,pass,True,False,,
1171451,Nico Paz,13981718,rating-breakdown,passes,passes,,,,Como,90.0,,69,41.5,66.8,40.9,True,True,1,boolean_field,success,True,,rating-breakdown,True,69,41.5,66.8,40.9,pass,True,False,,
1171451,Nico Paz,13981718,rating-breakdown,passes,passes,,,,Como,90.0,,61.2,65,69.9,59.4,True,True,1,boolean_field,success,True,,rating-breakdown,True,61.2,65,69.9,59.4,pass,True,False,,
1171451,Nico Paz,13981718,rating-breakdown,passes,passes,,,,Como,90.0,,74,31.4,87.5,7.9,True,True,1,boolean_field,success,True,,rating-breakdown,True,74,31.4,87.5,7.9,pass,True,False,,
1171451,Nico Paz,13981718,rating-breakdown,passes,passes,,,,Como,90.0,,72.1,7.7,67,23.3,True,True,1,boolean_field,success,True,,rating-breakdown,True,72.1,7.7,67,23.3,pass,True,False,,
1171451,Nico Paz,13981718,rating-breakdown,passes,passes,,,,Como,90.0,,89.6,22.9,100,67.9,,,,unresolvable,,,,rating-breakdown,True,89.6,22.9,100,67.9,cross,True,False,True,
1171451,Nico Paz,13981718,rating-breakdown,passes,passes,,,,Como,90.0,,52.7,68.5,62.2,64.6,True,True,1,boolean_field,success,True,,rating-breakdown,True,52.7,68.5,62.2,64.6,pass,True,False,,
1171451,Nico Paz,13981718,rating-breakdown,passes,passes,,,,Como,90.0,,52.4,92.9,56.2,97.3,True,True,1,boolean_field,success,True,,rating-breakdown,True,52.4,92.9,56.2,97.3,pass,True,False,,
1171451,Nico Paz,13981718,rating-breakdown,passes,passes,,,,Como,90.0,,66.5,15.1,65.2,35.1,True,True,1,boolean_field,success,True,,rating-breakdown,True,66.5,15.1,65.2,35.1,pass,True,False,,
1171451,Nico Paz,13981718,rating-breakdown,passes,passes,,,,Como,90.0,,77.7,12.4,73.2,29.7,True,True,1,boolean_field,success,True,,rating-breakdown,True,77.7,12.4,73.2,29.7,pass,True,False,,
1171451,Nico Paz,13981718,rating-breakdown,passes,passes,,,,Como,90.0,,41.8,25.7,35.7,15.6,True,True,1,boolean_field,success,True,,rating-breakdown,True,41.8,25.7,35.7,15.6,pass,True,False,,
1171451,Nico Paz,13981718,rating-breakdown,passes,passes,,,,Como,90.0,,55.8,3.8,59.5,10.9,True,True,1,boolean_field,success,True,,rating-breakdown,True,55.8,3.8,59.5,10.9,pass,True,False,,
1171451,Nico Paz,13981718,rating-breakdown,passes,passes,,,,Como,90.0,,58,4.4,66.2,36.7,,,,unresolvable,,,,rating-breakdown,True,58,4.4,66.2,36.7,pass,True,False,,
1171451,Nico Paz,13981718,rating-breakdown,passes,passes,,,,Como,90.0,,54.1,35.6,42,66.7,True,True,1,boolean_field,success,True,,rating-breakdown,True,54.1,35.6,42,66.7,pass,True,False,,
1171451,Nico Paz,13981718,rating-breakdown,passes,passes,,,,Como,90.0,,33.3,7.4,23.4,17.4,True,True,1,boolean_field,success,True,,rating-breakdown,True,33.3,7.4,23.4,17.4,pass,True,False,,
1171451,Nico Paz,13981718,rating-breakdown,passes,passes,,,,Como,90.0,,35.5,26.7,40.7,5.3,True,True,1,boolean_field,success,True,,rating-breakdown,True,35.5,26.7,40.7,5.3,pass,True,False,,
1171451,Nico Paz,13981718,rating-breakdown,passes,passes,,,,Como,90.0,,61.5,14.4,62.7,23.3,True,True,1,boolean_field,success,True,,rating-breakdown,True,61.5,14.4,62.7,23.3,pass,True,False,,
1171451,Nico Paz,13981718,rating-breakdown,ball-carries,ball-carries,,,,Como,90.0,,37.6,58.2,44,44.7,,,,unresolvable,,,,rating-breakdown,True,37.6,58.2,44,44.7,ball-carry,True,,,
1171451,Nico Paz,13981718,rating-breakdown,ball-carries,ball-carries,,,,Como,90.0,,62.9,22.9,70.2,36.8,,,,unresolvable,,,,rating-breakdown,True,62.9,22.9,70.2,36.8,ball-carry,True,,,
1171451,Nico Paz,13981718,rating-breakdown,ball-carries,ball-carries,,,,Como,90.0,,91.6,5.6,89,2.4,,,,unresolvable,,,,rating-breakdown,True,91.6,5.6,89,2.4,ball-carry,True,,,
1171451,Nico Paz,13981718,rating-breakdown,ball-carries,ball-carries,,,,Como,90.0,,66.1,19.4,73.2,25.2,,,,unresolvable,,,,rating-breakdown,True,66.1,19.4,73.2,25.2,ball-carry,True,,,
1171451,Nico Paz,13981718,rating-breakdown,ball-carries,ball-carries,,,,Como,90.0,,63.2,4.2,61.7,23.2,,,,unresolvable,,,,rating-breakdown,True,63.2,4.2,61.7,23.2,ball-carry,True,,,
1171451,Nico Paz,13981718,rating-breakdown,ball-carries,ball-carries,,,,Como,90.0,,59.7,28,68.9,24.5,,,,unresolvable,,,,rating-breakdown,True,59.7,28,68.9,24.5,ball-carry,True,,,
1171451,Nico Paz,13981718,rating-breakdown,ball-carries,ball-carries,,,,Como,90.0,,69,76.2,68.6,68.6,,,,unresolvable,,,,rating-breakdown,True,69,76.2,68.6,68.6,ball-carry,True,,,
1171451,Nico Paz,13981718,rating-breakdown,ball-carries,ball-carries,,,,Como,90.0,,59,15,58,30.6,,,,unresolvable,,,,rating-breakdown,True,59,15,58,30.6,ball-carry,True,,,
1171451,Nico Paz,13981718,rating-breakdown,ball-carries,ball-carries,,,,Como,90.0,,55.6,20.4,56.2,10.3,,,,unresolvable,,,,rating-breakdown,True,55.6,20.4,56.2,10.3,ball-carry,True,,,
1171451,Nico Paz,13981718,rating-breakdown,ball-carries,ball-carries,,,,Como,90.0,,41.2,31.8,60.4,35.3,,,,unresolvable,,,,rating-breakdown,True,41.2,31.8,60.4,35.3,ball-carry,True,,,
1171451,Nico Paz,13981718,rating-breakdown,ball-carries,ball-carries,,,,Como,90.0,,39.8,19.4,64.8,26.7,,,,unresolvable,,,,rating-breakdown,True,39.8,19.4,64.8,26.7,ball-carry,True,,,
1171451,Nico Paz,13981718,rating-breakdown,ball-carries,ball-carries,,,,Como,90.0,,65.7,13,66.7,19.1,,,,unresolvable,,,,rating-breakdown,True,65.7,13,66.7,19.1,ball-carry,True,,,
1171451,Nico Paz,13981718,rating-breakdown,ball-carries,ball-carries,,,,Como,90.0,,54.7,4.8,54.1,10.4,,,,unresolvable,,,,rating-breakdown,True,54.7,4.8,54.1,10.4,ball-carry,True,,,
1171451,Nico Paz,13981718,rating-breakdown,ball-carries,ball-carries,,,,Como,90.0,,59.8,80.2,52.4,63.2,,,,unresolvable,,,,rating-breakdown,True,59.8,80.2,52.4,63.2,ball-carry,True,,,
1171451,Nico Paz,13981718,rating-breakdown,ball-carries,ball-carries,,,,Como,90.0,,35,56.1,45.1,66.5,,,,unresolvable,,,,rating-breakdown,True,35,56.1,45.1,66.5,ball-carry,True,,,
1171451,Nico Paz,13981718,rating-breakdown,ball-carries,ball-carries,,,,Como,90.0,,92.9,15.1,90.6,3.3,,,,unresolvable,,,,rating-breakdown,True,92.9,15.1,90.6,3.3,ball-carry,True,,,
1171451,Nico Paz,13981718,rating-breakdown,ball-carries,ball-carries,,,,Como,90.0,,61.6,14.2,62.7,26.3,,,,unresolvable,,,,rating-breakdown,True,61.6,14.2,62.7,26.3,ball-carry,True,,,
1171451,Nico Paz,13981718,rating-breakdown,ball-carries,ball-carries,,,,Como,90.0,,51.2,14.7,46.7,24.4,,,,unresolvable,,,,rating-breakdown,True,51.2,14.7,46.7,24.4,ball-carry,True,,,
1171451,Nico Paz,13981718,rating-breakdown,ball-carries,ball-carries,,,,Como,90.0,,57.6,17.3,57.4,24.4,,,,unresolvable,,,,rating-breakdown,True,57.6,17.3,57.4,24.4,ball-carry,True,,,
1171451,Nico Paz,13981718,rating-breakdown,ball-carries,ball-carries,,,,Como,90.0,,57.4,47.9,63.1,43.6,,,,unresolvable,,,,rating-breakdown,True,57.4,47.9,63.1,43.6,ball-carry,True,,,
1171451,Nico Paz,13981718,rating-breakdown,ball-carries,ball-carries,,,,Como,90.0,,63.1,43.6,73.1,35.6,,,,unresolvable,,,,rating-breakdown,True,63.1,43.6,73.1,35.6,ball-carry,True,,,
1171451,Nico Paz,13981718,rating-breakdown,ball-carries,ball-carries,,,,Como,90.0,,73.4,48,76.3,45.4,,,,unresolvable,,,,rating-breakdown,True,73.4,48,76.3,45.4,ball-carry,True,,,
1171451,Nico Paz,13981718,rating-breakdown,ball-carries,ball-carries,,,,Como,90.0,,61.7,32.3,62.3,40,,,,unresolvable,,,,rating-breakdown,True,61.7,32.3,62.3,40,ball-carry,True,,,
1171451,Nico Paz,13981718,rating-breakdown,ball-carries,ball-carries,,,,Como,90.0,,68.6,44.2,74,31.4,,,,unresolvable,,,,rating-breakdown,True,68.6,44.2,74,31.4,ball-carry,True,,,
1171451,Nico Paz,13981718,rating-breakdown,ball-carries,ball-carries,,,,Como,90.0,,92.7,27.4,89.6,22.9,,,,unresolvable,,,,rating-breakdown,True,92.7,27.4,89.6,22.9,ball-carry,True,,,
1171451,Nico Paz,13981718,rating-breakdown,ball-carries,ball-carries,,,,Como,90.0,,48.5,74.9,52.7,68.5,,,,unresolvable,,,,rating-breakdown,True,48.5,74.9,52.7,68.5,ball-carry,True,,,
1171451,Nico Paz,13981718,rating-breakdown,ball-carries,ball-carries,,,,Como,90.0,,45.7,3.6,55.8,3.8,,,,unresolvable,,,,rating-breakdown,True,45.7,3.6,55.8,3.8,ball-carry,True,,,
1171451,Nico Paz,13981718,rating-breakdown,ball-carries,ball-carries,,,,Como,90.0,,36.7,31.2,35.5,26.7,,,,unresolvable,,,,rating-breakdown,True,36.7,31.2,35.5,26.7,ball-carry,True,,,
1171451,Nico Paz,13981718,rating-breakdown,dribbles,dribbles,,,,Como,90.0,,89.2,2.4,,,,,,unresolvable,,,,rating-breakdown,True,89.2,2.4,,,dribble,True,False,,
1171451,Nico Paz,13981718,rating-breakdown,dribbles,dribbles,,,,Como,90.0,,72.2,25,,,True,True,1,boolean_field,success,,True,rating-breakdown,True,72.2,25,,,dribble,True,False,,
1171451,Nico Paz,13981718,rating-breakdown,dribbles,dribbles,,,,Como,90.0,,47.6,61.7,,,True,True,1,boolean_field,success,,True,rating-breakdown,True,47.6,61.7,,,dribble,True,False,,
1171451,Nico Paz,13981718,rating-breakdown,defensive,defensive,,,,Como,90.0,,74.8,94.6,,,True,True,1,boolean_field,success,,True,rating-breakdown,True,74.8,94.6,,,tackle,True,False,,
1171451,Nico Paz,13981718,rating-breakdown,defensive,defensive,,,,Como,90.0,,44.1,44.5,,,,,,unresolvable,,,,rating-breakdown,True,44.1,44.5,,,tackle,True,False,,
1171451,Nico Paz,13981718,rating-breakdown,defensive,defensive,,,,Como,90.0,,21.1,73.5,,,True,True,1,boolean_field,success,,True,rating-breakdown,True,21.1,73.5,,,ball-recovery,True,False,,
1171451,Nico Paz,13981718,rating-breakdown,defensive,defensive,,,,Como,90.0,,63.9,63.8,,,True,True,1,boolean_field,success,,True,rating-breakdown,True,63.9,63.8,,,tackle,True,False,,
1171451,Nico Paz,13981718,rating-breakdown,defensive,defensive,,,,Como,90.0,,59.8,80.2,,,True,True,1,boolean_field,success,,True,rating-breakdown,True,59.8,80.2,,,ball-recovery,True,False,,
1171451,Nico Paz,13981718,rating-breakdown,defensive,defensive,,,,Como,90.0,,58.8,82.2,,,True,True,1,boolean_field,success,,True,rating-breakdown,True,58.8,82.2,,,tackle,True,False,,
1171451,Nico Paz,13981718,rating-breakdown,defensive,defensive,,,,Como,90.0,,64.4,44.4,,,True,True,1,boolean_field,success,,True,rating-breakdown,True,64.4,44.4,,,tackle,True,False,,
1171451,Nico Paz,13981718,rating-breakdown,defensive,defensive,,,,Como,90.0,,65.7,43.3,,,True,True,1,boolean_field,success,,True,rating-breakdown,True,65.7,43.3,,,ball-recovery,True,False,,
1171451,Nico Paz,13981718,rating-breakdown,defensive,defensive,,,,Como,90.0,,63.1,43.6,,,True,True,1,boolean_field,success,,True,rating-breakdown,True,63.1,43.6,,,ball-recovery,True,False,,
1171451,Nico Paz,13981718,rating-breakdown,defensive,defensive,,,,Como,90.0,,55.8,32,,,True,True,1,boolean_field,success,,True,rating-breakdown,True,55.8,32,,,interception,True,False,,
1171451,Nico Paz,13981731,rating-breakdown,passes,passes,,,,Como,90.0,,50.1,49.7,38.2,52.1,True,True,1,boolean_field,success,True,,rating-breakdown,True,50.1,49.7,38.2,52.1,pass,False,False,,
1171451,Nico Paz,13981731,rating-breakdown,passes,passes,,,,Como,90.0,,55.3,50,51.7,43.3,,,,unresolvable,,,,rating-breakdown,True,55.3,50,51.7,43.3,pass,False,False,,
1171451,Nico Paz,13981731,rating-breakdown,passes,passes,,,,Como,90.0,,42.9,29.8,35.3,37.4,True,True,1,boolean_field,success,True,,rating-breakdown,True,42.9,29.8,35.3,37.4,pass,False,False,,
1171451,Nico Paz,13981731,rating-breakdown,passes,passes,,,,Como,90.0,,61.8,18.9,62.7,33.3,True,True,1,boolean_field,success,True,,rating-breakdown,True,61.8,18.9,62.7,33.3,pass,False,False,,
1171451,Nico Paz,13981731,rating-breakdown,passes,passes,,,,Como,90.0,,58.2,27.7,62.5,35.4,True,True,1,boolean_field,success,True,,rating-breakdown,True,58.2,27.7,62.5,35.4,pass,False,False,,
1171451,Nico Paz,13981731,rating-breakdown,passes,passes,,,,Como,90.0,,61,30.6,64.9,23.3,True,True,1,boolean_field,success,True,,rating-breakdown,True,61,30.6,64.9,23.3,pass,False,False,,
1171451,Nico Paz,13981731,rating-breakdown,passes,passes,,,,Como,90.0,,65.2,30,62.6,21.8,True,True,1,boolean_field,success,True,,rating-breakdown,True,65.2,30,62.6,21.8,pass,False,False,,
1171451,Nico Paz,13981731,rating-breakdown,passes,passes,,,,Como,90.0,,58.5,21.7,87,10.1,,,,unresolvable,,,,rating-breakdown,True,58.5,21.7,87,10.1,pass,False,False,,
1171451,Nico Paz,13981731,rating-breakdown,passes,passes,,,,Como,90.0,,55.8,26.2,62.5,4.2,True,True,1,boolean_field,success,True,,rating-breakdown,True,55.8,26.2,62.5,4.2,pass,False,False,,
1171451,Nico Paz,13981731,rating-breakdown,passes,passes,,,,Como,90.0,,31.2,21.7,36,39.4,True,True,1,boolean_field,success,True,,rating-breakdown,True,31.2,21.7,36,39.4,pass,False,False,,
1171451,Nico Paz,13981731,rating-breakdown,passes,passes,,,,Como,90.0,,63.6,42.9,72.4,50,True,True,1,boolean_field,success,True,,rating-breakdown,True,63.6,42.9,72.4,50,pass,False,False,,
1171451,Nico Paz,13981731,rating-breakdown,passes,passes,,,,Como,90.0,,63.4,85.2,60,86.4,True,True,1,boolean_field,success,True,,rating-breakdown,True,63.4,85.2,60,86.4,pass,False,False,,
1171451,Nico Paz,13981731,rating-breakdown,passes,passes,,,,Como,90.0,,65.2,83.4,67,66.4,True,True,1,boolean_field,success,True,,rating-breakdown,True,65.2,83.4,67,66.4,pass,False,False,,
1171451,Nico Paz,13981731,rating-breakdown,passes,passes,,,,Como,90.0,,74.9,56.7,93.7,83.2,True,True,1,boolean_field,success,True,,rating-breakdown,True,74.9,56.7,93.7,83.2,pass,False,False,,
1171451,Nico Paz,13981731,rating-breakdown,passes,passes,,,,Como,90.0,,46.3,9.7,43.2,32.4,,,,unresolvable,,,,rating-breakdown,True,46.3,9.7,43.2,32.4,pass,False,False,,
1171451,Nico Paz,13981731,rating-breakdown,passes,passes,,,,Como,90.0,,57.8,11.9,67.4,8.9,True,True,1,boolean_field,success,True,,rating-breakdown,True,57.8,11.9,67.4,8.9,pass,False,False,,
1171451,Nico Paz,13981731,rating-breakdown,passes,passes,,,,Como,90.0,,77.2,30.9,68.7,39.8,True,True,1,boolean_field,success,True,,rating-breakdown,True,77.2,30.9,68.7,39.8,pass,False,False,,
1171451,Nico Paz,13981731,rating-breakdown,passes,passes,,,,Como,90.0,,63.2,66.2,68,57.1,True,True,1,boolean_field,success,True,,rating-breakdown,True,63.2,66.2,68,57.1,pass,False,False,,
1171451,Nico Paz,13981731,rating-breakdown,passes,passes,,,,Como,90.0,,66.8,63.3,65,21.8,True,True,1,boolean_field,success,True,,rating-breakdown,True,66.8,63.3,65,21.8,pass,False,False,,
1171451,Nico Paz,13981731,rating-breakdown,passes,passes,,,,Como,90.0,,73.6,63,69.1,72,True,True,1,boolean_field,success,True,,rating-breakdown,True,73.6,63,69.1,72,pass,False,False,,
1171451,Nico Paz,13981731,rating-breakdown,passes,passes,,,,Como,90.0,,32.5,40,37.9,56.2,True,True,1,boolean_field,success,True,,rating-breakdown,True,32.5,40,37.9,56.2,pass,False,False,,
1171451,Nico Paz,13981731,rating-breakdown,passes,passes,,,,Como,90.0,,69.9,28.5,69.1,43.6,True,True,1,boolean_field,success,True,,rating-breakdown,True,69.9,28.5,69.1,43.6,pass,False,False,,
1171451,Nico Paz,13981731,rating-breakdown,passes,passes,,,,Como,90.0,,64.9,29.5,68,47.6,True,True,1,boolean_field,success,True,,rating-breakdown,True,64.9,29.5,68,47.6,pass,False,False,,
1171451,Nico Paz,13981731,rating-breakdown,passes,passes,,,,Como,90.0,,67.1,55.9,62.9,48.3,True,True,1,boolean_field,success,True,,rating-breakdown,True,67.1,55.9,62.9,48.3,pass,False,False,,
1171451,Nico Paz,13981731,rating-breakdown,passes,passes,,,,Como,90.0,,80.6,26.5,74.7,20.6,True,True,1,boolean_field,success,True,,rating-breakdown,True,80.6,26.5,74.7,20.6,pass,False,False,,
1171451,Nico Paz,13981731,rating-breakdown,passes,passes,,,,Como,90.0,,29.7,13.9,31.6,17.1,,,,unresolvable,,,,rating-breakdown,True,29.7,13.9,31.6,17.1,pass,False,False,,
1171451,Nico Paz,13981731,rating-breakdown,passes,passes,,,,Como,90.0,,75.6,42.1,78.1,53,True,True,1,boolean_field,success,True,,rating-breakdown,True,75.6,42.1,78.1,53,pass,False,False,,
1171451,Nico Paz,13981731,rating-breakdown,passes,passes,,,,Como,90.0,,52.1,36.1,59.3,10.3,True,True,1,boolean_field,success,True,,rating-breakdown,True,52.1,36.1,59.3,10.3,pass,False,False,,
1171451,Nico Paz,13981731,rating-breakdown,passes,passes,,,,Como,90.0,,84.2,14.7,87.3,25.6,True,True,1,boolean_field,success,True,,rating-breakdown,True,84.2,14.7,87.3,25.6,pass,False,True,,
1171451,Nico Paz,13981731,rating-breakdown,passes,passes,,,,Como,90.0,,59.4,31.8,76.5,8.6,True,True,1,boolean_field,success,True,,rating-breakdown,True,59.4,31.8,76.5,8.6,pass,False,False,,
1171451,Nico Paz,13981731,rating-breakdown,passes,passes,,,,Como,90.0,,67,67,72.7,89.7,True,True,1,boolean_field,success,True,,rating-breakdown,True,67,67,72.7,89.7,pass,False,False,,
1171451,Nico Paz,13981731,rating-breakdown,passes,passes,,,,Como,90.0,,66.9,64.1,77.3,62,True,True,1,boolean_field,success,True,,rating-breakdown,True,66.9,64.1,77.3,62,pass,False,False,,
1171451,Nico Paz,13981731,rating-breakdown,passes,passes,,,,Como,90.0,,45.6,27.1,48.7,6,True,True,1,boolean_field,success,True,,rating-breakdown,True,45.6,27.1,48.7,6,pass,False,False,,
1171451,Nico Paz,13981731,rating-breakdown,passes,passes,,,,Como,90.0,,65.4,56.8,62.5,42.7,True,True,1,boolean_field,success,True,,rating-breakdown,True,65.4,56.8,62.5,42.7,pass,False,False,,
1171451,Nico Paz,13981731,rating-breakdown,passes,passes,,,,Como,90.0,,69.5,42.4,81.6,7.7,True,True,1,boolean_field,success,True,,rating-breakdown,True,69.5,42.4,81.6,7.7,pass,False,False,,
1171451,Nico Paz,13981731,rating-breakdown,ball-carries,ball-carries,,,,Como,90.0,,25.6,27.3,31.2,21.7,,,,unresolvable,,,,rating-breakdown,True,25.6,27.3,31.2,21.7,ball-carry,False,,,
1171451,Nico Paz,13981731,rating-breakdown,ball-carries,ball-carries,,,,Como,90.0,,57.5,76.2,63.4,85.2,,,,unresolvable,,,,rating-breakdown,True,57.5,76.2,63.4,85.2,ball-carry,False,,,
1171451,Nico Paz,13981731,rating-breakdown,ball-carries,ball-carries,,,,Como,90.0,,62.5,86.8,65.2,83.4,,,,unresolvable,,,,rating-breakdown,True,62.5,86.8,65.2,83.4,ball-carry,False,,,
1171451,Nico Paz,13981731,rating-breakdown,ball-carries,ball-carries,,,,Como,90.0,,66,70.8,31.8,28.2,,,,unresolvable,,,,rating-breakdown,True,66,70.8,31.8,28.2,ball-carry,False,,,
1171451,Nico Paz,13981731,rating-breakdown,ball-carries,ball-carries,,,,Como,90.0,,39.6,6.5,57.8,11.9,,,,unresolvable,,,,rating-breakdown,True,39.6,6.5,57.8,11.9,ball-carry,False,,,
1171451,Nico Paz,13981731,rating-breakdown,ball-carries,ball-carries,,,,Como,90.0,,69.4,57.5,66.8,63.3,,,,unresolvable,,,,rating-breakdown,True,69.4,57.5,66.8,63.3,ball-carry,False,,,
1171451,Nico Paz,13981731,rating-breakdown,ball-carries,ball-carries,,,,Como,90.0,,62.1,39.1,73.6,63,,,,unresolvable,,,,rating-breakdown,True,62.1,39.1,73.6,63,ball-carry,False,,,
1171451,Nico Paz,13981731,rating-breakdown,ball-carries,ball-carries,,,,Como,90.0,,72.9,13.5,84.2,14.7,,,,unresolvable,,,,rating-breakdown,True,72.9,13.5,84.2,14.7,ball-carry,False,,,
1171451,Nico Paz,13981731,rating-breakdown,ball-carries,ball-carries,,,,Como,90.0,,67.5,53.5,67,67,,,,unresolvable,,,,rating-breakdown,True,67.5,53.5,67,67,ball-carry,False,,,
1171451,Nico Paz,13981731,rating-breakdown,ball-carries,ball-carries,,,,Como,90.0,,65.2,59.2,63.2,63,,,,unresolvable,,,,rating-breakdown,True,65.2,59.2,63.2,63,ball-carry,False,,,
1171451,Nico Paz,13981731,rating-breakdown,ball-carries,ball-carries,,,,Como,90.0,,68.3,35.4,69.5,42.4,,,,unresolvable,,,,rating-breakdown,True,68.3,35.4,69.5,42.4,ball-carry,False,,,
1171451,Nico Paz,13981731,rating-breakdown,dribbles,dribbles,,,,Como,90.0,,75.9,30.7,,,,,,unresolvable,,,,rating-breakdown,True,75.9,30.7,,,dribble,False,False,,
1171451,Nico Paz,13981731,rating-breakdown,dribbles,dribbles,,,,Como,90.0,,64.3,81.2,,,True,True,1,boolean_field,success,,True,rating-breakdown,True,64.3,81.2,,,dribble,False,False,,
1171451,Nico Paz,13981731,rating-breakdown,dribbles,dribbles,,,,Como,90.0,,72,70.6,,,True,True,1,boolean_field,success,,True,rating-breakdown,True,72,70.6,,,dribble,False,False,,
1171451,Nico Paz,13981731,rating-breakdown,dribbles,dribbles,,,,Como,90.0,,63.7,63,,,True,True,1,boolean_field,success,,True,rating-breakdown,True,63.7,63,,,dribble,False,False,,
1171451,Nico Paz,13981731,rating-breakdown,defensive,defensive,,,,Como,90.0,,54.7,57,,,True,True,1,boolean_field,success,,True,rating-breakdown,True,54.7,57,,,interception,False,False,,
1171451,Nico Paz,13981731,rating-breakdown,defensive,defensive,,,,Como,90.0,,57.5,76.2,,,True,True,1,boolean_field,success,,True,rating-breakdown,True,57.5,76.2,,,ball-recovery,False,False,,
1171451,Nico Paz,13981731,rating-breakdown,defensive,defensive,,,,Como,90.0,,66,70.8,,,True,True,1,boolean_field,success,,True,rating-breakdown,True,66,70.8,,,ball-recovery,False,False,,
1171451,Nico Paz,13981731,rating-breakdown,defensive,defensive,,,,Como,90.0,,30.6,13,,,True,True,1,boolean_field,success,,True,rating-breakdown,True,30.6,13,,,ball-recovery,False,False,,
1171451,Nico Paz,13981731,rating-breakdown,defensive,defensive,,,,Como,90.0,,53.8,19.8,,,,,,unresolvable,,,,rating-breakdown,True,53.8,19.8,,,tackle,False,False,,
1171451,Nico Paz,13981731,rating-breakdown,defensive,defensive,,,,Como,90.0,,29,85.6,,,True,True,1,boolean_field,success,,True,rating-breakdown,True,29,85.6,,,tackle,False,False,,
1171451,Nico Paz,13981731,rating-breakdown,defensive,defensive,,,,Como,90.0,,69.8,10.6,,,True,True,1,boolean_field,success,,True,rating-breakdown,True,69.8,10.6,,,interception,False,False,,
1171451,Nico Paz,13981731,rating-breakdown,defensive,defensive,,,,Como,90.0,,76.2,24.5,,,True,True,1,boolean_field,success,,True,rating-breakdown,True,76.2,24.5,,,tackle,False,False,,
1171451,Nico Paz,13981731,rating-breakdown,defensive,defensive,,,,Como,90.0,,3.6,59.9,,,True,True,1,boolean_field,success,,True,rating-breakdown,True,3.6,59.9,,,block,False,False,,
1171451,Nico Paz,13981731,rating-breakdown,defensive,defensive,,,,Como,90.0,,7.3,34.1,25.6,16,True,True,1,boolean_field,success,,True,rating-breakdown,True,7.3,34.1,25.6,16,clearance,False,False,,
1171451,Nico Paz,13981731,rating-breakdown,defensive,defensive,,,,Como,90.0,,62.2,47.4,,,True,True,1,boolean_field,success,,True,rating-breakdown,True,62.2,47.4,,,tackle,False,False,,
1171451,Nico Paz,13981731,rating-breakdown,defensive,defensive,,,,Como,90.0,,81.8,8.5,,,,,,unresolvable,,,,rating-breakdown,True,81.8,8.5,,,tackle,False,False,,
1171451,Nico Paz,13981736,rating-breakdown,passes,passes,,,,Como,90.0,,50,50,36.9,46.1,True,True,1,boolean_field,success,True,,rating-breakdown,True,50,50,36.9,46.1,pass,True,False,,
1171451,Nico Paz,13981736,rating-breakdown,passes,passes,,,,Como,90.0,,68.7,47.5,74.5,50.6,True,True,1,boolean_field,success,True,,rating-breakdown,True,68.7,47.5,74.5,50.6,pass,True,False,,
1171451,Nico Paz,13981736,rating-breakdown,passes,passes,,,,Como,90.0,,74.3,13.7,74.6,4.1,True,True,1,boolean_field,success,True,,rating-breakdown,True,74.3,13.7,74.6,4.1,pass,True,False,,
1171451,Nico Paz,13981736,rating-breakdown,passes,passes,,,,Como,90.0,,68.7,28.7,60.1,31.7,True,True,1,boolean_field,success,True,,rating-breakdown,True,68.7,28.7,60.1,31.7,pass,True,False,,
1171451,Nico Paz,13981736,rating-breakdown,passes,passes,,,,Como,90.0,,63.2,24.2,71.1,30.8,True,True,1,boolean_field,success,True,,rating-breakdown,True,63.2,24.2,71.1,30.8,pass,True,False,,
1171451,Nico Paz,13981736,rating-breakdown,passes,passes,,,,Como,90.0,,70.3,48.4,72.6,54,True,True,1,boolean_field,success,True,,rating-breakdown,True,70.3,48.4,72.6,54,pass,True,False,,
1171451,Nico Paz,13981736,rating-breakdown,passes,passes,,,,Como,90.0,,60.8,51.6,67.1,46.4,,,,unresolvable,,,,rating-breakdown,True,60.8,51.6,67.1,46.4,pass,True,False,,
1171451,Nico Paz,13981736,rating-breakdown,passes,passes,,,,Como,90.0,,64.8,18.5,64.1,78,True,True,1,boolean_field,success,True,,rating-breakdown,True,64.8,18.5,64.1,78,pass,True,False,True,
1171451,Nico Paz,13981736,rating-breakdown,passes,passes,,,,Como,90.0,,56.7,43.6,89.9,53.4,,,,unresolvable,,,,rating-breakdown,True,56.7,43.6,89.9,53.4,pass,True,False,True,
1171451,Nico Paz,13981736,rating-breakdown,passes,passes,,,,Como,90.0,,67,34,76.6,37,True,True,1,boolean_field,success,True,,rating-breakdown,True,67,34,76.6,37,pass,True,False,,
1171451,Nico Paz,13981736,rating-breakdown,passes,passes,,,,Como,90.0,,37.2,88.1,44,85.4,,,,unresolvable,,,,rating-breakdown,True,37.2,88.1,44,85.4,pass,True,False,,
1171451,Nico Paz,13981736,rating-breakdown,passes,passes,,,,Como,90.0,,84.2,10.3,80.7,19.1,True,True,1,boolean_field,success,True,,rating-breakdown,True,84.2,10.3,80.7,19.1,pass,True,False,,
1171451,Nico Paz,13981736,rating-breakdown,passes,passes,,,,Como,90.0,,65,19.3,47.6,35,True,True,1,boolean_field,success,True,,rating-breakdown,True,65,19.3,47.6,35,pass,True,False,,
1171451,Nico Paz,13981736,rating-breakdown,passes,passes,,,,Como,90.0,,47.1,7.4,77.2,33.4,True,True,1,boolean_field,success,True,,rating-breakdown,True,47.1,7.4,77.2,33.4,pass,True,False,True,
1171451,Nico Paz,13981736,rating-breakdown,passes,passes,,,,Como,90.0,,65.3,54.5,79.1,54.3,,,,unresolvable,,,,rating-breakdown,True,65.3,54.5,79.1,54.3,pass,True,False,,
1171451,Nico Paz,13981736,rating-breakdown,passes,passes,,,,Como,90.0,,45.9,25.6,33.7,46,True,True,1,boolean_field,success,True,,rating-breakdown,True,45.9,25.6,33.7,46,pass,True,False,,
1171451,Nico Paz,13981736,rating-breakdown,passes,passes,,,,Como,90.0,,60.8,11.6,61.8,3.8,True,True,1,boolean_field,success,True,,rating-breakdown,True,60.8,11.6,61.8,3.8,pass,True,False,,
1171451,Nico Paz,13981736,rating-breakdown,passes,passes,,,,Como,90.0,,76.5,11.5,85.8,31.7,True,True,1,boolean_field,success,True,,rating-breakdown,True,76.5,11.5,85.8,31.7,pass,True,True,,
1171451,Nico Paz,13981736,rating-breakdown,passes,passes,,,,Como,90.0,,36.6,6.8,29.8,12.1,True,True,1,boolean_field,success,True,,rating-breakdown,True,36.6,6.8,29.8,12.1,pass,True,False,,
1171451,Nico Paz,13981736,rating-breakdown,passes,passes,,,,Como,90.0,,44.4,8.8,50.1,21.4,True,True,1,boolean_field,success,True,,rating-breakdown,True,44.4,8.8,50.1,21.4,pass,True,False,,
1171451,Nico Paz,13981736,rating-breakdown,passes,passes,,,,Como,90.0,,42.3,8.6,52.1,7,True,True,1,boolean_field,success,True,,rating-breakdown,True,42.3,8.6,52.1,7,pass,True,False,,
1171451,Nico Paz,13981736,rating-breakdown,passes,passes,,,,Como,90.0,,39.2,5.5,45.9,19.3,True,True,1,boolean_field,success,True,,rating-breakdown,True,39.2,5.5,45.9,19.3,pass,True,False,,
1171451,Nico Paz,13981736,rating-breakdown,passes,passes,,,,Como,90.0,,43.2,32.6,70.1,93,True,True,1,boolean_field,success,True,,rating-breakdown,True,43.2,32.6,70.1,93,pass,True,False,True,
1171451,Nico Paz,13981736,rating-breakdown,passes,passes,,,,Como,90.0,,56.6,34.4,67.4,60,,,,unresolvable,,,,rating-breakdown,True,56.6,34.4,67.4,60,pass,True,False,,
1171451,Nico Paz,13981736,rating-breakdown,passes,passes,,,,Como,90.0,,72.5,52.7,85.4,66,True,True,1,boolean_field,success,True,,rating-breakdown,True,72.5,52.7,85.4,66,pass,True,False,,
1171451,Nico Paz,13981736,rating-breakdown,passes,passes,,,,Como,90.0,,41.3,47.5,39.9,56.4,True,True,1,boolean_field,success,True,,rating-breakdown,True,41.3,47.5,39.9,56.4,pass,True,False,,
1171451,Nico Paz,13981736,rating-breakdown,passes,passes,,,,Como,90.0,,58.9,75,69.2,84.2,True,True,1,boolean_field,success,True,,rating-breakdown,True,58.9,75,69.2,84.2,pass,True,False,,
1171451,Nico Paz,13981736,rating-breakdown,passes,passes,,,,Como,90.0,,67.3,26.2,65.2,34.7,True,True,1,boolean_field,success,True,,rating-breakdown,True,67.3,26.2,65.2,34.7,pass,True,False,,
1171451,Nico Paz,13981736,rating-breakdown,passes,passes,,,,Como,90.0,,68.2,54.8,69.5,81.9,True,True,1,boolean_field,success,True,,rating-breakdown,True,68.2,54.8,69.5,81.9,pass,True,False,,
1171451,Nico Paz,13981736,rating-breakdown,passes,passes,,,,Como,90.0,,70.7,64.7,76.8,86.7,True,True,1,boolean_field,success,True,,rating-breakdown,True,70.7,64.7,76.8,86.7,pass,True,False,,
1171451,Nico Paz,13981736,rating-breakdown,passes,passes,,,,Como,90.0,,70.7,64.4,68.3,53,True,True,1,boolean_field,success,True,,rating-breakdown,True,70.7,64.4,68.3,53,pass,True,False,,
1171451,Nico Paz,13981736,rating-breakdown,passes,passes,,,,Como,90.0,,42,64.5,38.6,68.6,True,True,1,boolean_field,success,True,,rating-breakdown,True,42,64.5,38.6,68.6,pass,True,False,,
1171451,Nico Paz,13981736,rating-breakdown,passes,passes,,,,Como,90.0,,70.6,43.9,68.8,25.9,True,True,1,boolean_field,success,True,,rating-breakdown,True,70.6,43.9,68.8,25.9,pass,True,False,,
1171451,Nico Paz,13981736,rating-breakdown,passes,passes,,,,Como,90.0,,77.3,51.8,91,73.4,True,True,1,boolean_field,success,True,,rating-breakdown,True,77.3,51.8,91,73.4,pass,True,False,,
1171451,Nico Paz,13981736,rating-breakdown,passes,passes,,,,Como,90.0,,76.1,17.4,91.3,51.8,True,True,1,boolean_field,success,True,,rating-breakdown,True,76.1,17.4,91.3,51.8,cross,True,True,,
1171451,Nico Paz,13981736,rating-breakdown,passes,passes,,,,Como,90.0,,85.5,27.8,94.8,59.3,,,,unresolvable,,,,rating-breakdown,True,85.5,27.8,94.8,59.3,pass,True,False,,
1171451,Nico Paz,13981736,rating-breakdown,ball-carries,ball-carries,,,,Como,90.0,,75.2,53,68.7,47.5,,,,unresolvable,,,,rating-breakdown,True,75.2,53,68.7,47.5,ball-carry,True,,,
1171451,Nico Paz,13981736,rating-breakdown,ball-carries,ball-carries,,,,Como,90.0,,70.9,18.1,68.7,28.7,,,,unresolvable,,,,rating-breakdown,True,70.9,18.1,68.7,28.7,ball-carry,True,,,
1171451,Nico Paz,13981736,rating-breakdown,ball-carries,ball-carries,,,,Como,90.0,,55,53.4,60.8,51.6,,,,unresolvable,,,,rating-breakdown,True,55,53.4,60.8,51.6,ball-carry,True,,,
1171451,Nico Paz,13981736,rating-breakdown,ball-carries,ball-carries,,,,Como,90.0,,41.7,78.6,37.2,88.1,,,,unresolvable,,,,rating-breakdown,True,41.7,78.6,37.2,88.1,ball-carry,True,,,
1171451,Nico Paz,13981736,rating-breakdown,ball-carries,ball-carries,,,,Como,90.0,,76.3,19.3,84.2,10.3,,,,unresolvable,,,,rating-breakdown,True,76.3,19.3,84.2,10.3,ball-carry,True,,,
1171451,Nico Paz,13981736,rating-breakdown,ball-carries,ball-carries,,,,Como,90.0,,69.8,9.2,65,19.3,,,,unresolvable,,,,rating-breakdown,True,69.8,9.2,65,19.3,ball-carry,True,,,
1171451,Nico Paz,13981736,rating-breakdown,ball-carries,ball-carries,,,,Como,90.0,,68,26.4,87.3,36.2,,,,unresolvable,,,,rating-breakdown,True,68,26.4,87.3,36.2,ball-carry,True,,,
1171451,Nico Paz,13981736,rating-breakdown,ball-carries,ball-carries,,,,Como,90.0,,71.5,9.8,71.5,15.1,,,,unresolvable,,,,rating-breakdown,True,71.5,9.8,71.5,15.1,ball-carry,True,,,
1171451,Nico Paz,13981736,rating-breakdown,ball-carries,ball-carries,,,,Como,90.0,,72.7,17.6,86,31.8,,,,unresolvable,,,,rating-breakdown,True,72.7,17.6,86,31.8,ball-carry,True,,,
1171451,Nico Paz,13981736,rating-breakdown,ball-carries,ball-carries,,,,Como,90.0,,45.1,35.2,65.3,54.5,,,,unresolvable,,,,rating-breakdown,True,45.1,35.2,65.3,54.5,ball-carry,True,,,
1171451,Nico Paz,13981736,rating-breakdown,ball-carries,ball-carries,,,,Como,90.0,,44.5,20.6,45.9,25.6,,,,unresolvable,,,,rating-breakdown,True,44.5,20.6,45.9,25.6,ball-carry,True,,,
1171451,Nico Paz,13981736,rating-breakdown,ball-carries,ball-carries,,,,Como,90.0,,77.4,3.4,76.5,11.5,,,,unresolvable,,,,rating-breakdown,True,77.4,3.4,76.5,11.5,ball-carry,True,,,
1171451,Nico Paz,13981736,rating-breakdown,ball-carries,ball-carries,,,,Como,90.0,,69.6,51.9,72.5,52.7,,,,unresolvable,,,,rating-breakdown,True,69.6,51.9,72.5,52.7,ball-carry,True,,,
1171451,Nico Paz,13981736,rating-breakdown,ball-carries,ball-carries,,,,Como,90.0,,39,39.8,41.3,47.5,,,,unresolvable,,,,rating-breakdown,True,39,39.8,41.3,47.5,ball-carry,True,,,
1171451,Nico Paz,13981736,rating-breakdown,ball-carries,ball-carries,,,,Como,90.0,,65.4,25.6,68.2,54.8,,,,unresolvable,,,,rating-breakdown,True,65.4,25.6,68.2,54.8,ball-carry,True,,,
1171451,Nico Paz,13981736,rating-breakdown,ball-carries,ball-carries,,,,Como,90.0,,83.6,81.2,85,88.6,,,,unresolvable,,,,rating-breakdown,True,83.6,81.2,85,88.6,ball-carry,True,,,
1171451,Nico Paz,13981736,rating-breakdown,ball-carries,ball-carries,,,,Como,90.0,,70,60.2,70.7,64.7,,,,unresolvable,,,,rating-breakdown,True,70,60.2,70.7,64.7,ball-carry,True,,,
1171451,Nico Paz,13981736,rating-breakdown,ball-carries,ball-carries,,,,Como,90.0,,70.9,73.8,70.7,64.4,,,,unresolvable,,,,rating-breakdown,True,70.9,73.8,70.7,64.4,ball-carry,True,,,
1171451,Nico Paz,13981736,rating-breakdown,ball-carries,ball-carries,,,,Como,90.0,,64.9,7.3,75.9,8.6,,,,unresolvable,,,,rating-breakdown,True,64.9,7.3,75.9,8.6,ball-carry,True,,,
1171451,Nico Paz,13981736,rating-breakdown,ball-carries,ball-carries,,,,Como,90.0,,71.8,45.5,74.6,50.6,,,,unresolvable,,,,rating-breakdown,True,71.8,45.5,74.6,50.6,ball-carry,True,,,
1171451,Nico Paz,13981736,rating-breakdown,dribbles,dribbles,,,,Como,90.0,,88,33.6,,,True,True,1,boolean_field,success,,True,rating-breakdown,True,88,33.6,,,dribble,True,False,,
1171451,Nico Paz,13981736,rating-breakdown,dribbles,dribbles,,,,Como,90.0,,70,18.2,,,,,,unresolvable,,,,rating-breakdown,True,70,18.2,,,dribble,True,False,,
1171451,Nico Paz,13981736,rating-breakdown,dribbles,dribbles,,,,Como,90.0,,76.5,8.1,,,True,True,1,boolean_field,success,,True,rating-breakdown,True,76.5,8.1,,,dribble,True,False,,
1171451,Nico Paz,13981736,rating-breakdown,defensive,defensive,,,,Como,90.0,,71.8,48.7,,,True,True,1,boolean_field,success,,True,rating-breakdown,True,71.8,48.7,,,tackle,True,False,,
1171451,Nico Paz,13981736,rating-breakdown,defensive,defensive,,,,Como,90.0,,70.9,4.7,,,True,True,1,boolean_field,success,,True,rating-breakdown,True,70.9,4.7,,,interception,True,False,,
1171451,Nico Paz,13981736,rating-breakdown,defensive,defensive,,,,Como,90.0,,58.6,4.6,,,True,True,1,boolean_field,success,,True,rating-breakdown,True,58.6,4.6,,,tackle,True,False,,
1171451,Nico Paz,13981736,rating-breakdown,defensive,defensive,,,,Como,90.0,,71.5,15.1,,,True,True,1,boolean_field,success,,True,rating-breakdown,True,71.5,15.1,,,ball-recovery,True,False,,
1171451,Nico Paz,13981736,rating-breakdown,defensive,defensive,,,,Como,90.0,,47.1,7.4,,,True,True,1,boolean_field,success,,True,rating-breakdown,True,47.1,7.4,,,ball-recovery,True,False,,
1171451,Nico Paz,13980103,rating-breakdown,passes,passes,,,,Como,90.0,,63.7,14.7,64.7,32.1,True,True,1,boolean_field,success,True,,rating-breakdown,True,63.7,14.7,64.7,32.1,pass,False,False,,
1171451,Nico Paz,13980103,rating-breakdown,passes,passes,,,,Como,90.0,,63.9,7.2,59.7,25.5,True,True,1,boolean_field,success,True,,rating-breakdown,True,63.9,7.2,59.7,25.5,pass,False,False,,
1171451,Nico Paz,13980103,rating-breakdown,passes,passes,,,,Como,90.0,,84.6,14.1,82.5,36,True,True,1,boolean_field,success,True,,rating-breakdown,True,84.6,14.1,82.5,36,pass,False,False,,
1171451,Nico Paz,13980103,rating-breakdown,passes,passes,,,,Como,90.0,,68.5,34.5,84.8,30.4,True,True,1,boolean_field,success,True,,rating-breakdown,True,68.5,34.5,84.8,30.4,pass,False,False,,
1171451,Nico Paz,13980103,rating-breakdown,passes,passes,,,,Como,90.0,,54.5,31.3,51.1,56.5,True,True,1,boolean_field,success,True,,rating-breakdown,True,54.5,31.3,51.1,56.5,pass,False,False,,
1171451,Nico Paz,13980103,rating-breakdown,passes,passes,,,,Como,90.0,,63.4,28.3,83.7,28.8,True,True,1,boolean_field,success,True,,rating-breakdown,True,63.4,28.3,83.7,28.8,pass,False,False,,
1171451,Nico Paz,13980103,rating-breakdown,passes,passes,,,,Como,90.0,,81.4,4.6,74,12.4,True,True,1,boolean_field,success,True,,rating-breakdown,True,81.4,4.6,74,12.4,pass,False,False,,
1171451,Nico Paz,13980103,rating-breakdown,passes,passes,,,,Como,90.0,,94.9,7.6,97.7,19.2,True,True,1,boolean_field,success,True,,rating-breakdown,True,94.9,7.6,97.7,19.2,pass,False,False,,
1171451,Nico Paz,13980103,rating-breakdown,passes,passes,,,,Como,90.0,,70.4,18.6,55.5,13,True,True,1,boolean_field,success,True,,rating-breakdown,True,70.4,18.6,55.5,13,pass,False,False,,
1171451,Nico Paz,13980103,rating-breakdown,passes,passes,,,,Como,90.0,,75.4,21.6,64.1,9.9,True,True,1,boolean_field,success,True,,rating-breakdown,True,75.4,21.6,64.1,9.9,pass,False,False,,
1171451,Nico Paz,13980103,rating-breakdown,passes,passes,,,,Como,90.0,,77.3,19.9,100,58.5,,,,unresolvable,,,,rating-breakdown,True,77.3,19.9,100,58.5,cross,False,False,True,
1171451,Nico Paz,13980103,rating-breakdown,passes,passes,,,,Como,90.0,,55.4,16.8,63.4,3.1,True,True,1,boolean_field,success,True,,rating-breakdown,True,55.4,16.8,63.4,3.1,pass,False,False,,
1171451,Nico Paz,13980103,rating-breakdown,passes,passes,,,,Como,90.0,,68.7,21.4,89.4,11.7,True,True,1,boolean_field,success,True,,rating-breakdown,True,68.7,21.4,89.4,11.7,pass,False,False,,
1171451,Nico Paz,13980103,rating-breakdown,passes,passes,,,,Como,90.0,,77.4,30.3,78.9,34,,,,unresolvable,,,,rating-breakdown,True,77.4,30.3,78.9,34,pass,False,False,,
1171451,Nico Paz,13980103,rating-breakdown,passes,passes,,,,Como,90.0,,2.1,3.6,5.4,10.3,True,True,1,boolean_field,success,True,,rating-breakdown,True,2.1,3.6,5.4,10.3,pass,False,False,,
1171451,Nico Paz,13980103,rating-breakdown,passes,passes,,,,Como,90.0,,94.2,10.8,94.4,37.6,,,,unresolvable,,,,rating-breakdown,True,94.2,10.8,94.4,37.6,cross,False,False,,
1171451,Nico Paz,13980103,rating-breakdown,passes,passes,,,,Como,90.0,,87.4,4.9,75.2,21.9,True,True,1,boolean_field,success,True,,rating-breakdown,True,87.4,4.9,75.2,21.9,pass,False,False,,
1171451,Nico Paz,13980103,rating-breakdown,passes,passes,,,,Como,90.0,,75.7,7.6,84.4,42.3,,,,unresolvable,,,,rating-breakdown,True,75.7,7.6,84.4,42.3,cross,False,False,,
1171451,Nico Paz,13980103,rating-breakdown,passes,passes,,,,Como,90.0,,79.4,37.8,88.9,14.5,True,True,1,boolean_field,success,True,,rating-breakdown,True,79.4,37.8,88.9,14.5,pass,False,False,,
1171451,Nico Paz,13980103,rating-breakdown,passes,passes,,,,Como,90.0,,35,31.3,24.5,20.5,,,,unresolvable,,,,rating-breakdown,True,35,31.3,24.5,20.5,pass,False,False,,
1171451,Nico Paz,13980103,rating-breakdown,passes,passes,,,,Como,90.0,,57.2,25.8,62.3,5.5,True,True,1,boolean_field,success,True,,rating-breakdown,True,57.2,25.8,62.3,5.5,pass,False,False,,
1171451,Nico Paz,13980103,rating-breakdown,passes,passes,,,,Como,90.0,,47.5,22,61.8,10.6,True,True,1,boolean_field,success,True,,rating-breakdown,True,47.5,22,61.8,10.6,pass,False,False,,
1171451,Nico Paz,13980103,rating-breakdown,passes,passes,,,,Como,90.0,,80.6,10.2,77.8,13.6,,,,unresolvable,,,,rating-breakdown,True,80.6,10.2,77.8,13.6,pass,False,False,,
1171451,Nico Paz,13980103,rating-breakdown,passes,passes,,,,Como,90.0,,37.2,46.5,85.7,49.2,,,,unresolvable,,,,rating-breakdown,True,37.2,46.5,85.7,49.2,pass,False,False,True,
1171451,Nico Paz,13980103,rating-breakdown,passes,passes,,,,Como,90.0,,42.7,7.3,31.8,5.4,True,True,1,boolean_field,success,True,,rating-breakdown,True,42.7,7.3,31.8,5.4,pass,False,False,,
1171451,Nico Paz,13980103,rating-breakdown,passes,passes,,,,Como,90.0,,69.3,37.8,64.1,46.9,True,True,1,boolean_field,success,True,,rating-breakdown,True,69.3,37.8,64.1,46.9,pass,False,False,,
1171451,Nico Paz,13980103,rating-breakdown,passes,passes,,,,Como,90.0,,92.6,16.9,95.3,50.7,,,,unresolvable,,,,rating-breakdown,True,92.6,16.9,95.3,50.7,cross,False,False,,
1171451,Nico Paz,13980103,rating-breakdown,passes,passes,,,,Como,90.0,,55.5,48.6,67.2,12.9,True,True,1,boolean_field,success,True,,rating-breakdown,True,55.5,48.6,67.2,12.9,pass,False,False,,
1171451,Nico Paz,13980103,rating-breakdown,passes,passes,,,,Como,90.0,,62.3,34.8,64.1,40.2,,,,unresolvable,,,,rating-breakdown,True,62.3,34.8,64.1,40.2,pass,False,False,,
1171451,Nico Paz,13980103,rating-breakdown,passes,passes,,,,Como,90.0,,55,31.5,82.5,96.5,True,True,1,boolean_field,success,True,,rating-breakdown,True,55,31.5,82.5,96.5,pass,False,False,True,
1171451,Nico Paz,13980103,rating-breakdown,passes,passes,,,,Como,90.0,,73.2,23.4,83,5.1,True,True,1,boolean_field,success,True,,rating-breakdown,True,73.2,23.4,83,5.1,pass,False,False,,
1171451,Nico Paz,13980103,rating-breakdown,passes,passes,,,,Como,90.0,,68.4,18.9,81.4,36,,,,unresolvable,,,,rating-breakdown,True,68.4,18.9,81.4,36,pass,False,False,,
1171451,Nico Paz,13980103,rating-breakdown,passes,passes,,,,Como,90.0,,69.5,2.7,62.7,21.4,True,True,1,boolean_field,success,True,,rating-breakdown,True,69.5,2.7,62.7,21.4,pass,False,False,,
1171451,Nico Paz,13980103,rating-breakdown,passes,passes,,,,Como,90.0,,37.2,57.4,55.7,11.1,True,True,1,boolean_field,success,True,,rating-breakdown,True,37.2,57.4,55.7,11.1,pass,False,False,True,
1171451,Nico Paz,13980103,rating-breakdown,passes,passes,,,,Como,90.0,,99.5,99.5,93.3,49.9,,,,unresolvable,,,,rating-breakdown,True,99.5,99.5,93.3,49.9,cross,False,False,True,
1171451,Nico Paz,13980103,rating-breakdown,passes,passes,,,,Como,90.0,,61.5,91.9,46.5,80.2,True,True,1,boolean_field,success,True,,rating-breakdown,True,61.5,91.9,46.5,80.2,pass,False,False,,
1171451,Nico Paz,13980103,rating-breakdown,passes,passes,,,,Como,90.0,,69.4,63,72.3,29.8,True,True,1,boolean_field,success,True,,rating-breakdown,True,69.4,63,72.3,29.8,pass,False,False,,
1171451,Nico Paz,13980103,rating-breakdown,passes,passes,,,,Como,90.0,,72.7,25.8,77.8,29.7,,,,unresolvable,,,,rating-breakdown,True,72.7,25.8,77.8,29.7,pass,False,False,,
1171451,Nico Paz,13980103,rating-breakdown,passes,passes,,,,Como,90.0,,75.8,69.9,93.4,78,True,True,1,boolean_field,success,True,,rating-breakdown,True,75.8,69.9,93.4,78,pass,False,False,,
1171451,Nico Paz,13980103,rating-breakdown,passes,passes,,,,Como,90.0,,44.1,45.4,55,7.6,True,True,1,boolean_field,success,True,,rating-breakdown,True,44.1,45.4,55,7.6,pass,False,False,,
1171451,Nico Paz,13980103,rating-breakdown,passes,passes,,,,Como,90.0,,78.9,31.3,65.4,40.8,True,True,1,boolean_field,success,True,,rating-breakdown,True,78.9,31.3,65.4,40.8,pass,False,False,,
1171451,Nico Paz,13980103,rating-breakdown,passes,passes,,,,Como,90.0,,37.4,7.6,33.2,25.3,True,True,1,boolean_field,success,True,,rating-breakdown,True,37.4,7.6,33.2,25.3,pass,False,False,,
1171451,Nico Paz,13980103,rating-breakdown,passes,passes,,,,Como,90.0,,73.4,10.6,92.6,62.5,,,,unresolvable,,,,rating-breakdown,True,73.4,10.6,92.6,62.5,cross,False,False,True,
1171451,Nico Paz,13980103,rating-breakdown,passes,passes,,,,Como,90.0,,56.7,42.6,65.2,69.6,True,True,1,boolean_field,success,True,,rating-breakdown,True,56.7,42.6,65.2,69.6,pass,False,False,,
1171451,Nico Paz,13980103,rating-breakdown,passes,passes,,,,Como,90.0,,77.8,59.5,,,True,True,1,boolean_field,success,True,,rating-breakdown,True,77.8,59.5,,,ball-touch,False,True,,
1171451,Nico Paz,13980103,rating-breakdown,passes,passes,,,,Como,90.0,,72.9,21.4,82.5,5.1,True,True,1,boolean_field,success,True,,rating-breakdown,True,72.9,21.4,82.5,5.1,pass,False,False,,
1171451,Nico Paz,13980103,rating-breakdown,passes,passes,,,,Como,90.0,,75.6,19.3,84.2,4.2,True,True,1,boolean_field,success,True,,rating-breakdown,True,75.6,19.3,84.2,4.2,pass,False,False,,
1171451,Nico Paz,13980103,rating-breakdown,passes,passes,,,,Como,90.0,,99.5,99.5,92.7,50.5,True,True,1,boolean_field,success,True,,rating-breakdown,True,99.5,99.5,92.7,50.5,cross,False,True,True,
1171451,Nico Paz,13980103,rating-breakdown,passes,passes,,,,Como,90.0,,79.1,81.6,100,28.6,,,,unresolvable,,,,rating-breakdown,True,79.1,81.6,100,28.6,cross,False,False,True,
1171451,Nico Paz,13980103,rating-breakdown,ball-carries,ball-carries,,,,Como,90.0,,88.1,11.5,84.6,14.1,,,,unresolvable,,,,rating-breakdown,True,88.1,11.5,84.6,14.1,ball-carry,False,,,
1171451,Nico Paz,13980103,rating-breakdown,ball-carries,ball-carries,,,,Como,90.0,,68.9,26.8,54.5,31.3,,,,unresolvable,,,,rating-breakdown,True,68.9,26.8,54.5,31.3,ball-carry,False,,,
1171451,Nico Paz,13980103,rating-breakdown,ball-carries,ball-carries,,,,Como,90.0,,59.3,28.3,63.4,28.3,,,,unresolvable,,,,rating-breakdown,True,59.3,28.3,63.4,28.3,ball-carry,False,,,
1171451,Nico Paz,13980103,rating-breakdown,ball-carries,ball-carries,,,,Como,90.0,,66.1,18.7,70.4,18.6,,,,unresolvable,,,,rating-breakdown,True,66.1,18.7,70.4,18.6,ball-carry,False,,,
1171451,Nico Paz,13980103,rating-breakdown,ball-carries,ball-carries,,,,Como,90.0,,86.1,15.9,77.3,19.9,,,,unresolvable,,,,rating-breakdown,True,86.1,15.9,77.3,19.9,ball-carry,False,,,
1171451,Nico Paz,13980103,rating-breakdown,ball-carries,ball-carries,,,,Como,90.0,,51.6,21.7,55.4,16.8,,,,unresolvable,,,,rating-breakdown,True,51.6,21.7,55.4,16.8,ball-carry,False,,,
1171451,Nico Paz,13980103,rating-breakdown,ball-carries,ball-carries,,,,Como,90.0,,79.3,33.4,80.3,37.6,,,,unresolvable,,,,rating-breakdown,True,79.3,33.4,80.3,37.6,ball-carry,False,,,
1171451,Nico Paz,13980103,rating-breakdown,ball-carries,ball-carries,,,,Como,90.0,,82.9,9.3,94.2,10.8,,,,unresolvable,,,,rating-breakdown,True,82.9,9.3,94.2,10.8,ball-carry,False,,,
1171451,Nico Paz,13980103,rating-breakdown,ball-carries,ball-carries,,,,Como,90.0,,81.7,51.4,79.4,37.8,,,,unresolvable,,,,rating-breakdown,True,81.7,51.4,79.4,37.8,ball-carry,False,,,
1171451,Nico Paz,13980103,rating-breakdown,ball-carries,ball-carries,,,,Como,90.0,,71.4,47.2,79,34.3,,,,unresolvable,,,,rating-breakdown,True,71.4,47.2,79,34.3,ball-carry,False,,,
1171451,Nico Paz,13980103,rating-breakdown,ball-carries,ball-carries,,,,Como,90.0,,44.8,35.1,57.2,25.8,,,,unresolvable,,,,rating-breakdown,True,44.8,35.1,57.2,25.8,ball-carry,False,,,
1171451,Nico Paz,13980103,rating-breakdown,ball-carries,ball-carries,,,,Como,90.0,,82.2,3.4,80.6,10.2,,,,unresolvable,,,,rating-breakdown,True,82.2,3.4,80.6,10.2,ball-carry,False,,,
1171451,Nico Paz,13980103,rating-breakdown,ball-carries,ball-carries,,,,Como,90.0,,37,41.5,37.2,46.5,,,,unresolvable,,,,rating-breakdown,True,37,41.5,37.2,46.5,ball-carry,False,,,
1171451,Nico Paz,13980103,rating-breakdown,ball-carries,ball-carries,,,,Como,90.0,,92.1,12.3,92.6,16.9,,,,unresolvable,,,,rating-breakdown,True,92.1,12.3,92.6,16.9,ball-carry,False,,,
1171451,Nico Paz,13980103,rating-breakdown,ball-carries,ball-carries,,,,Como,90.0,,47.5,52.9,55.5,48.6,,,,unresolvable,,,,rating-breakdown,True,47.5,52.9,55.5,48.6,ball-carry,False,,,
1171451,Nico Paz,13980103,rating-breakdown,ball-carries,ball-carries,,,,Como,90.0,,56.8,37.2,55,31.5,,,,unresolvable,,,,rating-breakdown,True,56.8,37.2,55,31.5,ball-carry,False,,,
1171451,Nico Paz,13980103,rating-breakdown,ball-carries,ball-carries,,,,Como,90.0,,78.9,20.4,73.2,23.4,,,,unresolvable,,,,rating-breakdown,True,78.9,20.4,73.2,23.4,ball-carry,False,,,
1171451,Nico Paz,13980103,rating-breakdown,ball-carries,ball-carries,,,,Como,90.0,,66.3,12.7,68.4,18.9,,,,unresolvable,,,,rating-breakdown,True,66.3,12.7,68.4,18.9,ball-carry,False,,,
1171451,Nico Paz,13980103,rating-breakdown,ball-carries,ball-carries,,,,Como,90.0,,62.6,2.2,69.5,2.7,,,,unresolvable,,,,rating-breakdown,True,62.6,2.2,69.5,2.7,ball-carry,False,,,
1171451,Nico Paz,13980103,rating-breakdown,ball-carries,ball-carries,,,,Como,90.0,,60.2,83.4,63.9,83.6,,,,unresolvable,,,,rating-breakdown,True,60.2,83.4,63.9,83.6,ball-carry,False,,,
1171451,Nico Paz,13980103,rating-breakdown,ball-carries,ball-carries,,,,Como,90.0,,58.1,7.9,72.7,25.8,,,,unresolvable,,,,rating-breakdown,True,58.1,7.9,72.7,25.8,ball-carry,False,,,
1171451,Nico Paz,13980103,rating-breakdown,ball-carries,ball-carries,,,,Como,90.0,,31.1,44.7,44.1,45.4,,,,unresolvable,,,,rating-breakdown,True,31.1,44.7,44.1,45.4,ball-carry,False,,,
1171451,Nico Paz,13980103,rating-breakdown,ball-carries,ball-carries,,,,Como,90.0,,25.4,7.3,37.4,7.6,,,,unresolvable,,,,rating-breakdown,True,25.4,7.3,37.4,7.6,ball-carry,False,,,
1171451,Nico Paz,13980103,rating-breakdown,ball-carries,ball-carries,,,,Como,90.0,,74.7,5.4,73.4,10.6,,,,unresolvable,,,,rating-breakdown,True,74.7,5.4,73.4,10.6,ball-carry,False,,,
1171451,Nico Paz,13980103,rating-breakdown,ball-carries,ball-carries,,,,Como,90.0,,61.3,37.5,56.7,42.6,,,,unresolvable,,,,rating-breakdown,True,61.3,37.5,56.7,42.6,ball-carry,False,,,
1171451,Nico Paz,13980103,rating-breakdown,ball-carries,ball-carries,,,,Como,90.0,,66,21.4,72.9,21.4,,,,unresolvable,,,,rating-breakdown,True,66,21.4,72.9,21.4,ball-carry,False,,,
1171451,Nico Paz,13980103,rating-breakdown,ball-carries,ball-carries,,,,Como,90.0,,69.7,13.6,75.6,19.3,,,,unresolvable,,,,rating-breakdown,True,69.7,13.6,75.6,19.3,ball-carry,False,,,
1171451,Nico Paz,13980103,rating-breakdown,dribbles,dribbles,,,,Como,90.0,,94.1,79.3,,,,,,unresolvable,,,,rating-breakdown,True,94.1,79.3,,,dribble,False,False,,
1171451,Nico Paz,13980103,rating-breakdown,dribbles,dribbles,,,,Como,90.0,,91.9,39.8,,,True,True,1,boolean_field,success,,True,rating-breakdown,True,91.9,39.8,,,dribble,False,False,,
1171451,Nico Paz,13980103,rating-breakdown,dribbles,dribbles,,,,Como,90.0,,64,83.8,,,,,,unresolvable,,,,rating-breakdown,True,64,83.8,,,dribble,False,False,,
1171451,Nico Paz,13980103,rating-breakdown,dribbles,dribbles,,,,Como,90.0,,71.1,55,,,True,True,1,boolean_field,success,,True,rating-breakdown,True,71.1,55,,,dribble,False,False,,
1171451,Nico Paz,13980103,rating-breakdown,defensive,defensive,,,,Como,90.0,,70.6,10.1,,,,,,unresolvable,,,,rating-breakdown,True,70.6,10.1,,,tackle,False,False,,
1171451,Nico Paz,13980103,rating-breakdown,defensive,defensive,,,,Como,90.0,,58,25.7,,,,,,unresolvable,,,,rating-breakdown,True,58,25.7,,,tackle,False,False,,
1171451,Nico Paz,13980103,rating-breakdown,defensive,defensive,,,,Como,90.0,,84,8.5,,,True,True,1,boolean_field,success,,True,rating-breakdown,True,84,8.5,,,interception,False,False,,
1171451,Nico Paz,13980103,rating-breakdown,defensive,defensive,,,,Como,90.0,,2.1,3.6,,,True,True,1,boolean_field,success,,True,rating-breakdown,True,2.1,3.6,,,ball-recovery,False,False,,
1171451,Nico Paz,13980103,rating-breakdown,defensive,defensive,,,,Como,90.0,,66.1,7.5,,,True,True,1,boolean_field,success,,True,rating-breakdown,True,66.1,7.5,,,tackle,False,False,,
1171451,Nico Paz,13980103,rating-breakdown,defensive,defensive,,,,Como,90.0,,62.3,34.8,,,True,True,1,boolean_field,success,,True,rating-breakdown,True,62.3,34.8,,,ball-recovery,False,False,,
1171451,Nico Paz,13980103,rating-breakdown,defensive,defensive,,,,Como,90.0,,60.2,83.4,,,True,True,1,boolean_field,success,,True,rating-breakdown,True,60.2,83.4,,,ball-recovery,False,False,,
1171451,Nico Paz,13980103,rating-breakdown,defensive,defensive,,,,Como,90.0,,36.6,78.2,,,True,True,1,boolean_field,success,,True,rating-breakdown,True,36.6,78.2,,,tackle,False,False,,
1171451,Nico Paz,13980103,rating-breakdown,defensive,defensive,,,,Como,90.0,,32.4,47.6,,,,,,unresolvable,,,,rating-breakdown,True,32.4,47.6,,,tackle,False,False,,
1171451,Nico Paz,13980109,rating-breakdown,passes,passes,,,,Como,45.0,,33.1,23.2,27,13.3,True,True,1,boolean_field,success,True,,rating-breakdown,True,33.1,23.2,27,13.3,pass,False,False,,
1171451,Nico Paz,13980109,rating-breakdown,passes,passes,,,,Como,45.0,,26.3,60,7.9,70.9,True,True,1,boolean_field,success,True,,rating-breakdown,True,26.3,60,7.9,70.9,pass,False,False,,
1171451,Nico Paz,13980109,rating-breakdown,passes,passes,,,,Como,45.0,,54.1,55.8,51.2,89.1,True,True,1,boolean_field,success,True,,rating-breakdown,True,54.1,55.8,51.2,89.1,pass,False,False,,
1171451,Nico Paz,13980109,rating-breakdown,passes,passes,,,,Como,45.0,,61,74.1,62.8,92.7,True,True,1,boolean_field,success,True,,rating-breakdown,True,61,74.1,62.8,92.7,pass,False,False,,
1171451,Nico Paz,13980109,rating-breakdown,passes,passes,,,,Como,45.0,,64.7,52.2,70.3,69.3,True,True,1,boolean_field,success,True,,rating-breakdown,True,64.7,52.2,70.3,69.3,pass,False,False,,
1171451,Nico Paz,13980109,rating-breakdown,passes,passes,,,,Como,45.0,,28.1,63,32.4,88.6,True,True,1,boolean_field,success,True,,rating-breakdown,True,28.1,63,32.4,88.6,pass,False,False,,
1171451,Nico Paz,13980109,rating-breakdown,passes,passes,,,,Como,45.0,,57.3,68.2,53.4,48.9,True,True,1,boolean_field,success,True,,rating-breakdown,True,57.3,68.2,53.4,48.9,pass,False,False,,
1171451,Nico Paz,13980109,rating-breakdown,passes,passes,,,,Como,45.0,,40.6,64.2,52,91.8,True,True,1,boolean_field,success,True,,rating-breakdown,True,40.6,64.2,52,91.8,pass,False,False,,
1171451,Nico Paz,13980109,rating-breakdown,passes,passes,,,,Como,45.0,,52.7,68.5,55.6,46.6,True,True,1,boolean_field,success,True,,rating-breakdown,True,52.7,68.5,55.6,46.6,pass,False,False,,
1171451,Nico Paz,13980109,rating-breakdown,passes,passes,,,,Como,45.0,,54.5,71.1,56.4,78.3,True,True,1,boolean_field,success,True,,rating-breakdown,True,54.5,71.1,56.4,78.3,pass,False,False,,
1171451,Nico Paz,13980109,rating-breakdown,passes,passes,,,,Como,45.0,,68.9,34.2,86.8,44.7,,,,unresolvable,,,,rating-breakdown,True,68.9,34.2,86.8,44.7,pass,False,False,,
1171451,Nico Paz,13980109,rating-breakdown,passes,passes,,,,Como,45.0,,53.7,57.9,63.8,34,True,True,1,boolean_field,success,True,,rating-breakdown,True,53.7,57.9,63.8,34,pass,False,False,,
1171451,Nico Paz,13980109,rating-breakdown,passes,passes,,,,Como,45.0,,38.5,42,33.4,61.8,True,True,1,boolean_field,success,True,,rating-breakdown,True,38.5,42,33.4,61.8,pass,False,False,,
1171451,Nico Paz,13980109,rating-breakdown,passes,passes,,,,Como,45.0,,61.6,60.4,67.2,4.8,True,True,1,boolean_field,success,True,,rating-breakdown,True,61.6,60.4,67.2,4.8,pass,False,False,True,
1171451,Nico Paz,13980109,rating-breakdown,passes,passes,,,,Como,45.0,,65.3,33.3,62.1,41.4,True,True,1,boolean_field,success,True,,rating-breakdown,True,65.3,33.3,62.1,41.4,pass,False,False,,
1171451,Nico Paz,13980109,rating-breakdown,passes,passes,,,,Como,45.0,,68.9,47.1,69.7,63.6,True,True,1,boolean_field,success,True,,rating-breakdown,True,68.9,47.1,69.7,63.6,pass,False,False,,
1171451,Nico Paz,13980109,rating-breakdown,passes,passes,,,,Como,45.0,,62.4,20.4,76,25.6,,,,unresolvable,,,,rating-breakdown,True,62.4,20.4,76,25.6,pass,False,False,,
1171451,Nico Paz,13980109,rating-breakdown,passes,passes,,,,Como,45.0,,34.2,92.4,40.8,86.2,,,,unresolvable,,,,rating-breakdown,True,34.2,92.4,40.8,86.2,pass,False,False,,
1171451,Nico Paz,13980109,rating-breakdown,passes,passes,,,,Como,45.0,,36.6,9.7,64.6,39.4,,,,unresolvable,,,,rating-breakdown,True,36.6,9.7,64.6,39.4,pass,False,False,True,
1171451,Nico Paz,13980109,rating-breakdown,passes,passes,,,,Como,45.0,,72.6,58.9,68.9,76.3,True,True,1,boolean_field,success,True,,rating-breakdown,True,72.6,58.9,68.9,76.3,pass,False,False,,
1171451,Nico Paz,13980109,rating-breakdown,passes,passes,,,,Como,45.0,,71.6,68.1,75,67.9,,,,unresolvable,,,,rating-breakdown,True,71.6,68.1,75,67.9,pass,False,False,,
1171451,Nico Paz,13980109,rating-breakdown,passes,passes,,,,Como,45.0,,47.9,76.8,59.1,81.7,True,True,1,boolean_field,success,True,,rating-breakdown,True,47.9,76.8,59.1,81.7,pass,False,False,,
1171451,Nico Paz,13980109,rating-breakdown,ball-carries,ball-carries,,,,Como,45.0,,62.8,43.6,64.7,52.2,,,,unresolvable,,,,rating-breakdown,True,62.8,43.6,64.7,52.2,ball-carry,False,,,
1171451,Nico Paz,13980109,rating-breakdown,ball-carries,ball-carries,,,,Como,45.0,,39.6,78.7,57.3,68.2,,,,unresolvable,,,,rating-breakdown,True,39.6,78.7,57.3,68.2,ball-carry,False,,,
1171451,Nico Paz,13980109,rating-breakdown,ball-carries,ball-carries,,,,Como,45.0,,37,61.8,40.6,64.2,,,,unresolvable,,,,rating-breakdown,True,37,61.8,40.6,64.2,ball-carry,False,,,
1171451,Nico Paz,13980109,rating-breakdown,ball-carries,ball-carries,,,,Como,45.0,,51,68.8,53.7,57.9,,,,unresolvable,,,,rating-breakdown,True,51,68.8,53.7,57.9,ball-carry,False,,,
1171451,Nico Paz,13980109,rating-breakdown,ball-carries,ball-carries,,,,Como,45.0,,59.8,63.9,61.6,60.4,,,,unresolvable,,,,rating-breakdown,True,59.8,63.9,61.6,60.4,ball-carry,False,,,
1171451,Nico Paz,13980109,rating-breakdown,ball-carries,ball-carries,,,,Como,45.0,,66,33.3,68.9,47.1,,,,unresolvable,,,,rating-breakdown,True,66,33.3,68.9,47.1,ball-carry,False,,,
1171451,Nico Paz,13980109,rating-breakdown,ball-carries,ball-carries,,,,Como,45.0,,75.5,66.3,80,64.7,,,,unresolvable,,,,rating-breakdown,True,75.5,66.3,80,64.7,ball-carry,False,,,
1171451,Nico Paz,13980109,rating-breakdown,dribbles,dribbles,,,,Como,45.0,,80,64.7,,,True,True,1,boolean_field,success,,True,rating-breakdown,True,80,64.7,,,dribble,False,False,,
1171451,Nico Paz,13980109,rating-breakdown,dribbles,dribbles,,,,Como,45.0,,80,64.7,,,True,True,1,boolean_field,success,,True,rating-breakdown,True,80,64.7,,,dribble,False,False,,
1171451,Nico Paz,13980109,rating-breakdown,defensive,defensive,,,,Como,45.0,,76.4,20.7,,,True,True,1,boolean_field,success,,True,rating-breakdown,True,76.4,20.7,,,interception,False,False,,
1171451,Nico Paz,13980109,rating-breakdown,defensive,defensive,,,,Como,45.0,,86.3,16.6,,,True,True,1,boolean_field,success,,True,rating-breakdown,True,86.3,16.6,,,ball-recovery,False,False,,
1171451,Nico Paz,13980109,rating-breakdown,defensive,defensive,,,,Como,45.0,,44.6,57.5,,,True,True,1,boolean_field,success,,True,rating-breakdown,True,44.6,57.5,,,interception,False,False,,
1171451,Nico Paz,13980109,rating-breakdown,defensive,defensive,,,,Como,45.0,,48.1,75.4,,,True,True,1,boolean_field,success,,True,rating-breakdown,True,48.1,75.4,,,ball-recovery,False,False,,
1171451,Nico Paz,13980081,rating-breakdown,passes,passes,,,,Como,90.0,,15.2,14.4,13.2,14.7,True,True,1,boolean_field,success,True,,rating-breakdown,True,15.2,14.4,13.2,14.7,pass,True,False,,
1171451,Nico Paz,13980081,rating-breakdown,passes,passes,,,,Como,90.0,,60.8,14.1,46.8,5.7,True,True,1,boolean_field,success,True,,rating-breakdown,True,60.8,14.1,46.8,5.7,pass,True,False,,
1171451,Nico Paz,13980081,rating-breakdown,passes,passes,,,,Como,90.0,,67.2,53.7,83,88.5,True,True,1,boolean_field,success,True,,rating-breakdown,True,67.2,53.7,83,88.5,pass,True,False,,
1171451,Nico Paz,13980081,rating-breakdown,passes,passes,,,,Como,90.0,,59.9,34.2,54.3,49,True,True,1,boolean_field,success,True,,rating-breakdown,True,59.9,34.2,54.3,49,pass,True,False,,
1171451,Nico Paz,13980081,rating-breakdown,passes,passes,,,,Como,90.0,,65.4,40.6,56.9,51.1,True,True,1,boolean_field,success,True,,rating-breakdown,True,65.4,40.6,56.9,51.1,pass,True,False,,
1171451,Nico Paz,13980081,rating-breakdown,passes,passes,,,,Como,90.0,,61.5,27.9,84.4,38.1,True,True,1,boolean_field,success,True,,rating-breakdown,True,61.5,27.9,84.4,38.1,pass,True,True,,
1171451,Nico Paz,13980081,rating-breakdown,passes,passes,,,,Como,90.0,,64.7,60.6,63.9,37.9,True,True,1,boolean_field,success,True,,rating-breakdown,True,64.7,60.6,63.9,37.9,pass,True,False,,
1171451,Nico Paz,13980081,rating-breakdown,passes,passes,,,,Como,90.0,,65.9,34.9,59.8,59.4,True,True,1,boolean_field,success,True,,rating-breakdown,True,65.9,34.9,59.8,59.4,pass,True,False,,
1171451,Nico Paz,13980081,rating-breakdown,passes,passes,,,,Como,90.0,,41.8,57.6,58.6,66.7,True,True,1,boolean_field,success,True,,rating-breakdown,True,41.8,57.6,58.6,66.7,pass,True,False,,
1171451,Nico Paz,13980081,rating-breakdown,passes,passes,,,,Como,90.0,,47.4,60.7,73.3,9,,,,unresolvable,,,,rating-breakdown,True,47.4,60.7,73.3,9,pass,True,False,True,
1171451,Nico Paz,13980081,rating-breakdown,passes,passes,,,,Como,90.0,,69.7,62.8,64.9,35.5,True,True,1,boolean_field,success,True,,rating-breakdown,True,69.7,62.8,64.9,35.5,pass,True,False,,
1171451,Nico Paz,13980081,rating-breakdown,passes,passes,,,,Como,90.0,,68.2,19.9,82.3,7,True,True,1,boolean_field,success,True,,rating-breakdown,True,68.2,19.9,82.3,7,pass,True,False,,
1171451,Nico Paz,13980081,rating-breakdown,passes,passes,,,,Como,90.0,,63.5,8.4,61.2,22.6,True,True,1,boolean_field,success,True,,rating-breakdown,True,63.5,8.4,61.2,22.6,pass,True,False,,
1171451,Nico Paz,13980081,rating-breakdown,passes,passes,,,,Como,90.0,,63,26.4,70.2,26.5,True,True,1,boolean_field,success,True,,rating-breakdown,True,63,26.4,70.2,26.5,pass,True,False,,
1171451,Nico Paz,13980081,rating-breakdown,passes,passes,,,,Como,90.0,,41.8,60.4,59,82.6,True,True,1,boolean_field,success,True,,rating-breakdown,True,41.8,60.4,59,82.6,pass,True,False,,
1171451,Nico Paz,13980081,rating-breakdown,passes,passes,,,,Como,90.0,,72,63.3,62.2,62.1,True,True,1,boolean_field,success,True,,rating-breakdown,True,72,63.3,62.2,62.1,pass,True,False,,
1171451,Nico Paz,13980081,rating-breakdown,passes,passes,,,,Como,90.0,,64.8,78.1,61.4,65.1,True,True,1,boolean_field,success,True,,rating-breakdown,True,64.8,78.1,61.4,65.1,pass,True,False,,
1171451,Nico Paz,13980081,rating-breakdown,passes,passes,,,,Como,90.0,,73.2,59.1,66.1,63.1,True,True,1,boolean_field,success,True,,rating-breakdown,True,73.2,59.1,66.1,63.1,pass,True,False,,
1171451,Nico Paz,13980081,rating-breakdown,passes,passes,,,,Como,90.0,,99.5,0.5,84.8,12.4,True,True,1,boolean_field,success,True,,rating-breakdown,True,99.5,0.5,84.8,12.4,pass,True,False,,
1171451,Nico Paz,13980081,rating-breakdown,passes,passes,,,,Como,90.0,,88,8.2,91.5,41.4,True,True,1,boolean_field,success,True,,rating-breakdown,True,88,8.2,91.5,41.4,cross,True,True,,
1171451,Nico Paz,13980081,rating-breakdown,passes,passes,,,,Como,90.0,,71.8,56.5,83.6,37.8,True,True,1,boolean_field,success,True,,rating-breakdown,True,71.8,56.5,83.6,37.8,pass,True,True,,
1171451,Nico Paz,13980081,rating-breakdown,passes,passes,,,,Como,90.0,,77.6,20.7,100,70.7,,,,unresolvable,,,,rating-breakdown,True,77.6,20.7,100,70.7,cross,True,False,True,
1171451,Nico Paz,13980081,rating-breakdown,passes,passes,,,,Como,90.0,,49.1,65.4,66.8,89.7,True,True,1,boolean_field,success,True,,rating-breakdown,True,49.1,65.4,66.8,89.7,pass,True,False,,
1171451,Nico Paz,13980081,rating-breakdown,passes,passes,,,,Como,90.0,,68.1,56.8,64.4,43.3,True,True,1,boolean_field,success,True,,rating-breakdown,True,68.1,56.8,64.4,43.3,pass,True,False,,
1171451,Nico Paz,13980081,rating-breakdown,passes,passes,,,,Como,90.0,,66.3,92.7,100,89.4,,,,unresolvable,,,,rating-breakdown,True,66.3,92.7,100,89.4,pass,True,False,True,
1171451,Nico Paz,13980081,rating-breakdown,passes,passes,,,,Como,90.0,,41.2,26.1,33.4,28,True,True,1,boolean_field,success,True,,rating-breakdown,True,41.2,26.1,33.4,28,pass,True,False,,
1171451,Nico Paz,13980081,rating-breakdown,passes,passes,,,,Como,90.0,,37.3,37.8,36.1,43.8,True,True,1,boolean_field,success,True,,rating-breakdown,True,37.3,37.8,36.1,43.8,pass,True,False,,
1171451,Nico Paz,13980081,rating-breakdown,passes,passes,,,,Como,90.0,,68.3,45.6,66.7,39.6,True,True,1,boolean_field,success,True,,rating-breakdown,True,68.3,45.6,66.7,39.6,pass,True,False,,
1171451,Nico Paz,13980081,rating-breakdown,passes,passes,,,,Como,90.0,,66.4,28.8,66.4,25.3,True,True,1,boolean_field,success,True,,rating-breakdown,True,66.4,28.8,66.4,25.3,pass,True,False,,
1171451,Nico Paz,13980081,rating-breakdown,passes,passes,,,,Como,90.0,,75.9,92.2,70.8,94.8,,,,unresolvable,,,,rating-breakdown,True,75.9,92.2,70.8,94.8,pass,True,False,,
1171451,Nico Paz,13980081,rating-breakdown,passes,passes,,,,Como,90.0,,44.4,74.5,42.2,87.1,True,True,1,boolean_field,success,True,,rating-breakdown,True,44.4,74.5,42.2,87.1,pass,True,False,,
1171451,Nico Paz,13980081,rating-breakdown,passes,passes,,,,Como,90.0,,51.9,67,70,91.2,True,True,1,boolean_field,success,True,,rating-breakdown,True,51.9,67,70,91.2,pass,True,False,,
1171451,Nico Paz,13980081,rating-breakdown,passes,passes,,,,Como,90.0,,70.9,54.3,73.5,17.5,True,True,1,boolean_field,success,True,,rating-breakdown,True,70.9,54.3,73.5,17.5,pass,True,False,,
1171451,Nico Paz,13980081,rating-breakdown,passes,passes,,,,Como,90.0,,69.7,42.4,69.3,47.7,True,True,1,boolean_field,success,True,,rating-breakdown,True,69.7,42.4,69.3,47.7,pass,True,False,,
1171451,Nico Paz,13980081,rating-breakdown,passes,passes,,,,Como,90.0,,69.1,37.5,67.4,24.9,True,True,1,boolean_field,success,True,,rating-breakdown,True,69.1,37.5,67.4,24.9,pass,True,False,,
1171451,Nico Paz,13980081,rating-breakdown,passes,passes,,,,Como,90.0,,68.5,22.6,73.1,35.1,True,True,1,boolean_field,success,True,,rating-breakdown,True,68.5,22.6,73.1,35.1,pass,True,False,,
1171451,Nico Paz,13980081,rating-breakdown,passes,passes,,,,Como,90.0,,63.4,66.7,67.8,58.8,True,True,1,boolean_field,success,True,,rating-breakdown,True,63.4,66.7,67.8,58.8,pass,True,False,,
1171451,Nico Paz,13980081,rating-breakdown,passes,passes,,,,Como,90.0,,55.6,49.3,45.5,36.7,True,True,1,boolean_field,success,True,,rating-breakdown,True,55.6,49.3,45.5,36.7,pass,True,False,,
1171451,Nico Paz,13980081,rating-breakdown,passes,passes,,,,Como,90.0,,41,39.7,36.3,95.4,True,True,1,boolean_field,success,True,,rating-breakdown,True,41,39.7,36.3,95.4,pass,True,False,True,
1171451,Nico Paz,13980081,rating-breakdown,passes,passes,,,,Como,90.0,,66.7,43.2,72.2,41.2,True,True,1,boolean_field,success,True,,rating-breakdown,True,66.7,43.2,72.2,41.2,pass,True,False,,
1171451,Nico Paz,13980081,rating-breakdown,passes,passes,,,,Como,90.0,,64.4,37,81.1,51.1,True,True,1,boolean_field,success,True,,rating-breakdown,True,64.4,37,81.1,51.1,pass,True,False,,
1171451,Nico Paz,13980081,rating-breakdown,passes,passes,,,,Como,90.0,,32.9,36.9,30.8,7.9,True,True,1,boolean_field,success,True,,rating-breakdown,True,32.9,36.9,30.8,7.9,pass,True,False,,
1171451,Nico Paz,13980081,rating-breakdown,passes,passes,,,,Como,90.0,,33,92.2,40.8,85.3,True,True,1,boolean_field,success,True,,rating-breakdown,True,33,92.2,40.8,85.3,pass,True,False,,
1171451,Nico Paz,13980081,rating-breakdown,passes,passes,,,,Como,90.0,,51.1,93.6,62.4,77.2,True,True,1,boolean_field,success,True,,rating-breakdown,True,51.1,93.6,62.4,77.2,pass,True,False,,
1171451,Nico Paz,13980081,rating-breakdown,passes,passes,,,,Como,90.0,,65.7,31.9,60,54.9,True,True,1,boolean_field,success,True,,rating-breakdown,True,65.7,31.9,60,54.9,pass,True,False,,
1171451,Nico Paz,13980081,rating-breakdown,passes,passes,,,,Como,90.0,,56.3,57,75,82.9,True,True,1,boolean_field,success,True,,rating-breakdown,True,56.3,57,75,82.9,pass,True,False,,
1171451,Nico Paz,13980081,rating-breakdown,passes,passes,,,,Como,90.0,,40.2,38.8,48.8,11.4,True,True,1,boolean_field,success,True,,rating-breakdown,True,40.2,38.8,48.8,11.4,pass,True,False,,
1171451,Nico Paz,13980081,rating-breakdown,passes,passes,,,,Como,90.0,,70.7,52,80.9,69.4,True,True,1,boolean_field,success,True,,rating-breakdown,True,70.7,52,80.9,69.4,pass,True,False,,
1171451,Nico Paz,13980081,rating-breakdown,passes,passes,,,,Como,90.0,,29.5,57.6,29.5,82.5,True,True,1,boolean_field,success,True,,rating-breakdown,True,29.5,57.6,29.5,82.5,pass,True,False,,
1171451,Nico Paz,13980081,rating-breakdown,passes,passes,,,,Como,90.0,,25.9,89.5,29.6,92.7,,,,unresolvable,,,,rating-breakdown,True,25.9,89.5,29.6,92.7,pass,True,False,,
1171451,Nico Paz,13980081,rating-breakdown,passes,passes,,,,Como,90.0,,37.1,50.1,45.7,93.3,True,True,1,boolean_field,success,True,,rating-breakdown,True,37.1,50.1,45.7,93.3,pass,True,False,,
1171451,Nico Paz,13980081,rating-breakdown,passes,passes,,,,Como,90.0,,39.4,61.9,100,87.4,,,,unresolvable,,,,rating-breakdown,True,39.4,61.9,100,87.4,pass,True,False,True,
1171451,Nico Paz,13980081,rating-breakdown,passes,passes,,,,Como,90.0,,4.8,20.5,5.5,15.3,True,True,1,boolean_field,success,True,,rating-breakdown,True,4.8,20.5,5.5,15.3,pass,True,False,,
1171451,Nico Paz,13980081,rating-breakdown,ball-carries,ball-carries,,,,Como,90.0,,63.1,41.2,67.2,53.7,,,,unresolvable,,,,rating-breakdown,True,63.1,41.2,67.2,53.7,ball-carry,True,,,
1171451,Nico Paz,13980081,rating-breakdown,ball-carries,ball-carries,,,,Como,90.0,,36,10.2,59.8,4.8,,,,unresolvable,,,,rating-breakdown,True,36,10.2,59.8,4.8,ball-carry,True,,,
1171451,Nico Paz,13980081,rating-breakdown,ball-carries,ball-carries,,,,Como,90.0,,62,30.1,68.2,19.9,,,,unresolvable,,,,rating-breakdown,True,62,30.1,68.2,19.9,ball-carry,True,,,
1171451,Nico Paz,13980081,rating-breakdown,ball-carries,ball-carries,,,,Como,90.0,,72.4,55.6,74.1,59.7,,,,unresolvable,,,,rating-breakdown,True,72.4,55.6,74.1,59.7,ball-carry,True,,,
1171451,Nico Paz,13980081,rating-breakdown,ball-carries,ball-carries,,,,Como,90.0,,31.5,55,71.8,56.5,,,,unresolvable,,,,rating-breakdown,True,31.5,55,71.8,56.5,ball-carry,True,,,
1171451,Nico Paz,13980081,rating-breakdown,ball-carries,ball-carries,,,,Como,90.0,,57.2,89.4,66.3,92.7,,,,unresolvable,,,,rating-breakdown,True,57.2,89.4,66.3,92.7,ball-carry,True,,,
1171451,Nico Paz,13980081,rating-breakdown,ball-carries,ball-carries,,,,Como,90.0,,47.4,65.2,51.9,67,,,,unresolvable,,,,rating-breakdown,True,47.4,65.2,51.9,67,ball-carry,True,,,
1171451,Nico Paz,13980081,rating-breakdown,ball-carries,ball-carries,,,,Como,90.0,,68.9,57.6,70.9,54.3,,,,unresolvable,,,,rating-breakdown,True,68.9,57.6,70.9,54.3,ball-carry,True,,,
1171451,Nico Paz,13980081,rating-breakdown,ball-carries,ball-carries,,,,Como,90.0,,68.6,48.7,69.7,42.4,,,,unresolvable,,,,rating-breakdown,True,68.6,48.7,69.7,42.4,ball-carry,True,,,
1171451,Nico Paz,13980081,rating-breakdown,ball-carries,ball-carries,,,,Como,90.0,,67.5,11.2,68.5,22.6,,,,unresolvable,,,,rating-breakdown,True,67.5,11.2,68.5,22.6,ball-carry,True,,,
1171451,Nico Paz,13980081,rating-breakdown,ball-carries,ball-carries,,,,Como,90.0,,60.4,27.4,63,33.3,,,,unresolvable,,,,rating-breakdown,True,60.4,27.4,63,33.3,ball-carry,True,,,
1171451,Nico Paz,13980081,rating-breakdown,ball-carries,ball-carries,,,,Como,90.0,,44.7,93.9,51.1,93.6,,,,unresolvable,,,,rating-breakdown,True,44.7,93.9,51.1,93.6,ball-carry,True,,,
1171451,Nico Paz,13980081,rating-breakdown,ball-carries,ball-carries,,,,Como,90.0,,72.1,40.1,69.6,48.2,,,,unresolvable,,,,rating-breakdown,True,72.1,40.1,69.6,48.2,ball-carry,True,,,
1171451,Nico Paz,13980081,rating-breakdown,ball-carries,ball-carries,,,,Como,90.0,,49.3,52.6,56.3,57,,,,unresolvable,,,,rating-breakdown,True,49.3,52.6,56.3,57,ball-carry,True,,,
1171451,Nico Paz,13980081,rating-breakdown,dribbles,dribbles,,,,Como,90.0,,29.6,2.4,,,,,,unresolvable,,,,rating-breakdown,True,29.6,2.4,,,dribble,True,False,,
1171451,Nico Paz,13980081,rating-breakdown,dribbles,dribbles,,,,Como,90.0,,60.1,4.9,,,True,True,1,boolean_field,success,,True,rating-breakdown,True,60.1,4.9,,,dribble,True,False,,
1171451,Nico Paz,13980081,rating-breakdown,dribbles,dribbles,,,,Como,90.0,,75.2,18.4,,,True,True,1,boolean_field,success,,True,rating-breakdown,True,75.2,18.4,,,dribble,True,False,,
1171451,Nico Paz,13980081,rating-breakdown,dribbles,dribbles,,,,Como,90.0,,74.1,59.7,,,,,,unresolvable,,,,rating-breakdown,True,74.1,59.7,,,dribble,True,False,,
1171451,Nico Paz,13980081,rating-breakdown,dribbles,dribbles,,,,Como,90.0,,69.6,48.2,,,,,,unresolvable,,,,rating-breakdown,True,69.6,48.2,,,dribble,True,False,,
1171451,Nico Paz,13980081,rating-breakdown,dribbles,dribbles,,,,Como,90.0,,26,73.8,,,,,,unresolvable,,,,rating-breakdown,True,26,73.8,,,dribble,True,False,,
1171451,Nico Paz,13980081,rating-breakdown,defensive,defensive,,,,Como,90.0,,70.6,49.3,,,True,True,1,boolean_field,success,,True,rating-breakdown,True,70.6,49.3,,,tackle,True,False,,
1171451,Nico Paz,13980081,rating-breakdown,defensive,defensive,,,,Como,90.0,,36,10.2,,,True,True,1,boolean_field,success,,True,rating-breakdown,True,36,10.2,,,ball-recovery,True,False,,
1171451,Nico Paz,13980081,rating-breakdown,defensive,defensive,,,,Como,90.0,,54.8,40.1,,,True,True,1,boolean_field,success,,True,rating-breakdown,True,54.8,40.1,,,tackle,True,False,,
1171451,Nico Paz,13980081,rating-breakdown,defensive,defensive,,,,Como,90.0,,61.5,27.9,,,True,True,1,boolean_field,success,,True,rating-breakdown,True,61.5,27.9,,,ball-recovery,True,False,,
1171451,Nico Paz,13980081,rating-breakdown,defensive,defensive,,,,Como,90.0,,9.2,77.7,62.3,82.3,True,True,1,boolean_field,success,,True,rating-breakdown,True,9.2,77.7,62.3,82.3,clearance,True,False,,
1171451,Nico Paz,13980081,rating-breakdown,defensive,defensive,,,,Como,90.0,,55.6,49.3,,,True,True,1,boolean_field,success,,True,rating-breakdown,True,55.6,49.3,,,ball-recovery,True,False,,
1171451,Nico Paz,13980081,rating-breakdown,defensive,defensive,,,,Como,90.0,,30.6,60.4,,,,,,unresolvable,,,,rating-breakdown,True,30.6,60.4,,,tackle,True,False,,
1171451,Nico Paz,13980081,rating-breakdown,defensive,defensive,,,,Como,90.0,,25.9,18.1,,,True,True,1,boolean_field,success,,True,rating-breakdown,True,25.9,18.1,,,tackle,True,False,,
1171451,Nico Paz,13980081,rating-breakdown,defensive,defensive,,,,Como,90.0,,37.5,39,,,True,True,1,boolean_field,success,,True,rating-breakdown,True,37.5,39,,,ball-recovery,True,False,,
1171451,Nico Paz,13980081,rating-breakdown,defensive,defensive,,,,Como,90.0,,20.4,72.7,,,True,True,1,boolean_field,success,,True,rating-breakdown,True,20.4,72.7,,,tackle,True,False,,
1171451,Nico Paz,13980081,rating-breakdown,defensive,defensive,,,,Como,90.0,,4.8,20.5,,,True,True,1,boolean_field,success,,True,rating-breakdown,True,4.8,20.5,,,ball-recovery,True,False,,
1171451,Nico Paz,13980059,rating-breakdown,passes,passes,,,,Como,90.0,,78,11.8,78,8.9,True,True,1,boolean_field,success,True,,rating-breakdown,True,78,11.8,78,8.9,pass,False,False,,
1171451,Nico Paz,13980059,rating-breakdown,passes,passes,,,,Como,90.0,,62.1,59.7,65.5,5.7,True,True,1,boolean_field,success,True,,rating-breakdown,True,62.1,59.7,65.5,5.7,pass,False,False,True,
1171451,Nico Paz,13980059,rating-breakdown,passes,passes,,,,Como,90.0,,66.9,18,72,8.6,True,True,1,boolean_field,success,True,,rating-breakdown,True,66.9,18,72,8.6,pass,False,False,,
1171451,Nico Paz,13980059,rating-breakdown,passes,passes,,,,Como,90.0,,34.5,26.7,29.8,33.5,True,True,1,boolean_field,success,True,,rating-breakdown,True,34.5,26.7,29.8,33.5,pass,False,False,,
1171451,Nico Paz,13980059,rating-breakdown,passes,passes,,,,Como,90.0,,62.7,43.9,61.1,71.5,True,True,1,boolean_field,success,True,,rating-breakdown,True,62.7,43.9,61.1,71.5,pass,False,False,,
1171451,Nico Paz,13980059,rating-breakdown,passes,passes,,,,Como,90.0,,60.4,30.6,61.9,36.2,True,True,1,boolean_field,success,True,,rating-breakdown,True,60.4,30.6,61.9,36.2,pass,False,False,,
1171451,Nico Paz,13980059,rating-breakdown,passes,passes,,,,Como,90.0,,59.3,28.3,55.6,53.6,True,True,1,boolean_field,success,True,,rating-breakdown,True,59.3,28.3,55.6,53.6,pass,False,False,,
1171451,Nico Paz,13980059,rating-breakdown,passes,passes,,,,Como,90.0,,52.9,31.7,58.7,31,True,True,1,boolean_field,success,True,,rating-breakdown,True,52.9,31.7,58.7,31,pass,False,False,,
1171451,Nico Paz,13980059,rating-breakdown,passes,passes,,,,Como,90.0,,58.8,34.2,86,51.8,,,,unresolvable,,,,rating-breakdown,True,58.8,34.2,86,51.8,pass,False,False,,
1171451,Nico Paz,13980059,rating-breakdown,passes,passes,,,,Como,90.0,,41.4,40.1,54.4,22.9,True,True,1,boolean_field,success,True,,rating-breakdown,True,41.4,40.1,54.4,22.9,pass,False,False,,
1171451,Nico Paz,13980059,rating-breakdown,passes,passes,,,,Como,90.0,,68.3,22.9,86.1,11.6,,,,unresolvable,,,,rating-breakdown,True,68.3,22.9,86.1,11.6,pass,False,False,,
1171451,Nico Paz,13980059,rating-breakdown,passes,passes,,,,Como,90.0,,67.7,39.7,88.4,25.7,,,,unresolvable,,,,rating-breakdown,True,67.7,39.7,88.4,25.7,pass,False,False,,
1171451,Nico Paz,13980059,rating-breakdown,passes,passes,,,,Como,90.0,,74.4,37.4,69.7,34.4,True,True,1,boolean_field,success,True,,rating-breakdown,True,74.4,37.4,69.7,34.4,pass,False,False,,
1171451,Nico Paz,13980059,rating-breakdown,passes,passes,,,,Como,90.0,,70.3,35.7,64.8,13.6,True,True,1,boolean_field,success,True,,rating-breakdown,True,70.3,35.7,64.8,13.6,pass,False,False,,
1171451,Nico Paz,13980059,rating-breakdown,passes,passes,,,,Como,90.0,,46.2,31.5,40.2,48.2,True,True,1,boolean_field,success,True,,rating-breakdown,True,46.2,31.5,40.2,48.2,pass,False,False,,
1171451,Nico Paz,13980059,rating-breakdown,passes,passes,,,,Como,90.0,,53,22.6,54.9,29.4,,,,unresolvable,,,,rating-breakdown,True,53,22.6,54.9,29.4,pass,False,False,,
1171451,Nico Paz,13980059,rating-breakdown,passes,passes,,,,Como,90.0,,38,10.1,41.9,7.1,True,True,1,boolean_field,success,True,,rating-breakdown,True,38,10.1,41.9,7.1,pass,False,False,,
1171451,Nico Paz,13980059,rating-breakdown,passes,passes,,,,Como,90.0,,67.3,25.3,89.1,15.1,True,True,1,boolean_field,success,True,,rating-breakdown,True,67.3,25.3,89.1,15.1,pass,False,False,,
1171451,Nico Paz,13980059,rating-breakdown,passes,passes,,,,Como,90.0,,30,81.7,28.4,100,,,,unresolvable,,,,rating-breakdown,True,30,81.7,28.4,100,pass,False,False,,
1171451,Nico Paz,13980059,rating-breakdown,passes,passes,,,,Como,90.0,,58.9,19.4,59.7,33,True,True,1,boolean_field,success,True,,rating-breakdown,True,58.9,19.4,59.7,33,pass,False,False,,
1171451,Nico Paz,13980059,rating-breakdown,passes,passes,,,,Como,90.0,,54.4,24.1,54.4,37.3,True,True,1,boolean_field,success,True,,rating-breakdown,True,54.4,24.1,54.4,37.3,pass,False,False,,
1171451,Nico Paz,13980059,rating-breakdown,passes,passes,,,,Como,90.0,,50.1,13.8,56.1,10.9,True,True,1,boolean_field,success,True,,rating-breakdown,True,50.1,13.8,56.1,10.9,pass,False,False,,
1171451,Nico Paz,13980059,rating-breakdown,passes,passes,,,,Como,90.0,,75.8,59.2,66.9,45.5,True,True,1,boolean_field,success,True,,rating-breakdown,True,75.8,59.2,66.9,45.5,pass,False,False,,
1171451,Nico Paz,13980059,rating-breakdown,passes,passes,,,,Como,90.0,,37.9,93.5,47.3,83.7,True,True,1,boolean_field,success,True,,rating-breakdown,True,37.9,93.5,47.3,83.7,pass,False,False,,
1171451,Nico Paz,13980059,rating-breakdown,passes,passes,,,,Como,90.0,,69.7,34.8,63.4,35.6,True,True,1,boolean_field,success,True,,rating-breakdown,True,69.7,34.8,63.4,35.6,pass,False,False,,
1171451,Nico Paz,13980059,rating-breakdown,passes,passes,,,,Como,90.0,,66.5,52,68.4,15.1,True,True,1,boolean_field,success,True,,rating-breakdown,True,66.5,52,68.4,15.1,pass,False,False,,
1171451,Nico Paz,13980059,rating-breakdown,passes,passes,,,,Como,90.0,,76.5,28,87.4,55.6,,,,unresolvable,,,,rating-breakdown,True,76.5,28,87.4,55.6,cross,False,False,,
1171451,Nico Paz,13980059,rating-breakdown,passes,passes,,,,Como,90.0,,55.4,10.1,56.5,3.6,,,,unresolvable,,,,rating-breakdown,True,55.4,10.1,56.5,3.6,pass,False,False,,
1171451,Nico Paz,13980059,rating-breakdown,passes,passes,,,,Como,90.0,,62.5,76.4,73.8,89.1,True,True,1,boolean_field,success,True,,rating-breakdown,True,62.5,76.4,73.8,89.1,pass,False,False,,
1171451,Nico Paz,13980059,rating-breakdown,passes,passes,,,,Como,90.0,,68.3,74.4,66.2,57,True,True,1,boolean_field,success,True,,rating-breakdown,True,68.3,74.4,66.2,57,pass,False,False,,
1171451,Nico Paz,13980059,rating-breakdown,passes,passes,,,,Como,90.0,,54,42.9,56,71.8,True,True,1,boolean_field,success,True,,rating-breakdown,True,54,42.9,56,71.8,pass,False,False,,
1171451,Nico Paz,13980059,rating-breakdown,passes,passes,,,,Como,90.0,,63.6,8.3,60.2,21.2,True,True,1,boolean_field,success,True,,rating-breakdown,True,63.6,8.3,60.2,21.2,pass,False,False,,
1171451,Nico Paz,13980059,rating-breakdown,passes,passes,,,,Como,90.0,,66.7,46.1,74.8,15.9,True,True,1,boolean_field,success,True,,rating-breakdown,True,66.7,46.1,74.8,15.9,pass,False,False,,
1171451,Nico Paz,13980059,rating-breakdown,passes,passes,,,,Como,90.0,,56.7,90.5,69,92,True,True,1,boolean_field,success,True,,rating-breakdown,True,56.7,90.5,69,92,pass,False,False,,
1171451,Nico Paz,13980059,rating-breakdown,passes,passes,,,,Como,90.0,,65.3,29.2,66.2,9.1,True,True,1,boolean_field,success,True,,rating-breakdown,True,65.3,29.2,66.2,9.1,pass,False,False,,
1171451,Nico Paz,13980059,rating-breakdown,passes,passes,,,,Como,90.0,,66,23.8,75,28.9,True,True,1,boolean_field,success,True,,rating-breakdown,True,66,23.8,75,28.9,pass,False,False,,
1171451,Nico Paz,13980059,rating-breakdown,passes,passes,,,,Como,90.0,,79,69.9,85.6,68.6,,,,unresolvable,,,,rating-breakdown,True,79,69.9,85.6,68.6,pass,False,False,,
1171451,Nico Paz,13980059,rating-breakdown,passes,passes,,,,Como,90.0,,74.8,45.1,70.3,40.6,True,True,1,boolean_field,success,True,,rating-breakdown,True,74.8,45.1,70.3,40.6,pass,False,False,,
1171451,Nico Paz,13980059,rating-breakdown,passes,passes,,,,Como,90.0,,92.7,80.3,94.8,59.7,,,,unresolvable,,,,rating-breakdown,True,92.7,80.3,94.8,59.7,cross,False,False,,
1171451,Nico Paz,13980059,rating-breakdown,passes,passes,,,,Como,90.0,,62,9.2,68.4,18.2,True,True,1,boolean_field,success,True,,rating-breakdown,True,62,9.2,68.4,18.2,pass,False,False,,
1171451,Nico Paz,13980059,rating-breakdown,passes,passes,,,,Como,90.0,,72.4,48.2,75.2,56.7,True,True,1,boolean_field,success,True,,rating-breakdown,True,72.4,48.2,75.2,56.7,pass,False,False,,
1171451,Nico Paz,13980059,rating-breakdown,passes,passes,,,,Como,90.0,,77.1,71.5,79.4,69.4,,,,unresolvable,,,,rating-breakdown,True,77.1,71.5,79.4,69.4,pass,False,False,,
1171451,Nico Paz,13980059,rating-breakdown,ball-carries,ball-carries,,,,Como,90.0,,75.1,11.5,78,11.8,,,,unresolvable,,,,rating-breakdown,True,75.1,11.5,78,11.8,ball-carry,False,,,
1171451,Nico Paz,13980059,rating-breakdown,ball-carries,ball-carries,,,,Como,90.0,,60.5,63.8,62.1,59.7,,,,unresolvable,,,,rating-breakdown,True,60.5,63.8,62.1,59.7,ball-carry,False,,,
1171451,Nico Paz,13980059,rating-breakdown,ball-carries,ball-carries,,,,Como,90.0,,37.6,40.6,41.4,40.1,,,,unresolvable,,,,rating-breakdown,True,37.6,40.6,41.4,40.1,ball-carry,False,,,
1171451,Nico Paz,13980059,rating-breakdown,ball-carries,ball-carries,,,,Como,90.0,,56.7,23.3,68.3,22.9,,,,unresolvable,,,,rating-breakdown,True,56.7,23.3,68.3,22.9,ball-carry,False,,,
1171451,Nico Paz,13980059,rating-breakdown,ball-carries,ball-carries,,,,Como,90.0,,58.5,23.8,68.2,23,,,,unresolvable,,,,rating-breakdown,True,58.5,23.8,68.2,23,ball-carry,False,,,
1171451,Nico Paz,13980059,rating-breakdown,ball-carries,ball-carries,,,,Como,90.0,,46.8,10.9,50.1,13.8,,,,unresolvable,,,,rating-breakdown,True,46.8,10.9,50.1,13.8,ball-carry,False,,,
1171451,Nico Paz,13980059,rating-breakdown,ball-carries,ball-carries,,,,Como,90.0,,62.2,19.4,71.5,32.7,,,,unresolvable,,,,rating-breakdown,True,62.2,19.4,71.5,32.7,ball-carry,False,,,
1171451,Nico Paz,13980059,rating-breakdown,ball-carries,ball-carries,,,,Como,90.0,,36.6,82.3,37.9,93.5,,,,unresolvable,,,,rating-breakdown,True,36.6,82.3,37.9,93.5,ball-carry,False,,,
1171451,Nico Paz,13980059,rating-breakdown,ball-carries,ball-carries,,,,Como,90.0,,70.5,38,73.4,34.8,,,,unresolvable,,,,rating-breakdown,True,70.5,38,73.4,34.8,ball-carry,False,,,
1171451,Nico Paz,13980059,rating-breakdown,ball-carries,ball-carries,,,,Como,90.0,,63.2,55.2,66.5,52,,,,unresolvable,,,,rating-breakdown,True,63.2,55.2,66.5,52,ball-carry,False,,,
1171451,Nico Paz,13980059,rating-breakdown,ball-carries,ball-carries,,,,Como,90.0,,76.4,33,76.5,28,,,,unresolvable,,,,rating-breakdown,True,76.4,33,76.5,28,ball-carry,False,,,
1171451,Nico Paz,13980059,rating-breakdown,ball-carries,ball-carries,,,,Como,90.0,,59.5,63.8,62.5,76.4,,,,unresolvable,,,,rating-breakdown,True,59.5,63.8,62.5,76.4,ball-carry,False,,,
1171451,Nico Paz,13980059,rating-breakdown,ball-carries,ball-carries,,,,Como,90.0,,61.9,51.7,66.7,46.1,,,,unresolvable,,,,rating-breakdown,True,61.9,51.7,66.7,46.1,ball-carry,False,,,
1171451,Nico Paz,13980059,rating-breakdown,ball-carries,ball-carries,,,,Como,90.0,,32.6,83.2,56.7,90.5,,,,unresolvable,,,,rating-breakdown,True,32.6,83.2,56.7,90.5,ball-carry,False,,,
1171451,Nico Paz,13980059,rating-breakdown,ball-carries,ball-carries,,,,Como,90.0,,40.7,33.6,62,9.2,,,,unresolvable,,,,rating-breakdown,True,40.7,33.6,62,9.2,ball-carry,False,,,
1171451,Nico Paz,13980059,rating-breakdown,ball-carries,ball-carries,,,,Como,90.0,,76.7,66.8,77.1,71.5,,,,unresolvable,,,,rating-breakdown,True,76.7,66.8,77.1,71.5,ball-carry,False,,,
1171451,Nico Paz,13980059,rating-breakdown,ball-carries,ball-carries,,,,Como,90.0,,64.2,36.5,87.2,31.7,,,,unresolvable,,,,rating-breakdown,True,64.2,36.5,87.2,31.7,ball-carry,False,,,
1171451,Nico Paz,13980059,rating-breakdown,ball-carries,ball-carries,,,,Como,90.0,,53.4,18.3,52.8,23.8,,,,unresolvable,,,,rating-breakdown,True,53.4,18.3,52.8,23.8,ball-carry,False,,,
1171451,Nico Paz,13980059,rating-breakdown,dribbles,dribbles,,,,Como,90.0,,68.2,23,,,True,True,1,boolean_field,success,,True,rating-breakdown,True,68.2,23,,,dribble,False,False,,
1171451,Nico Paz,13980059,rating-breakdown,dribbles,dribbles,,,,Como,90.0,,73.2,35,,,True,True,1,boolean_field,success,,True,rating-breakdown,True,73.2,35,,,dribble,False,False,,
1171451,Nico Paz,13980059,rating-breakdown,dribbles,dribbles,,,,Como,90.0,,55.9,33.2,,,True,True,1,boolean_field,success,,True,rating-breakdown,True,55.9,33.2,,,dribble,False,False,,
1171451,Nico Paz,13980059,rating-breakdown,defensive,defensive,,,,Como,90.0,,56.7,23.3,,,True,True,1,boolean_field,success,,True,rating-breakdown,True,56.7,23.3,,,ball-recovery,False,False,,
1171451,Nico Paz,13980059,rating-breakdown,defensive,defensive,,,,Como,90.0,,67.7,39.7,,,True,True,1,boolean_field,success,,True,rating-breakdown,True,67.7,39.7,,,ball-recovery,False,False,,
1171451,Nico Paz,13980059,rating-breakdown,defensive,defensive,,,,Como,90.0,,46.8,10.9,,,True,True,1,boolean_field,success,,True,rating-breakdown,True,46.8,10.9,,,ball-recovery,False,False,,
1171451,Nico Paz,13980059,rating-breakdown,defensive,defensive,,,,Como,90.0,,36.6,82.3,,,True,True,1,boolean_field,success,,True,rating-breakdown,True,36.6,82.3,,,ball-recovery,False,False,,
1171451,Nico Paz,13980059,rating-breakdown,defensive,defensive,,,,Como,90.0,,65.5,48.4,,,,,,unresolvable,,,,rating-breakdown,True,65.5,48.4,,,tackle,False,False,,
1171451,Nico Paz,13980059,rating-breakdown,defensive,defensive,,,,Como,90.0,,63.2,55.2,,,True,True,1,boolean_field,success,,True,rating-breakdown,True,63.2,55.2,,,ball-recovery,False,False,,
1171451,Nico Paz,13980059,rating-breakdown,defensive,defensive,,,,Como,90.0,,54.4,59.7,,,True,True,1,boolean_field,success,,True,rating-breakdown,True,54.4,59.7,,,tackle,False,False,,
1171451,Nico Paz,13980059,rating-breakdown,defensive,defensive,,,,Como,90.0,,23.9,56.5,26.9,77.9,True,True,1,boolean_field,success,,True,rating-breakdown,True,23.9,56.5,26.9,77.9,clearance,False,False,,
