player_id,player_name,event_id,endpoint,category,action_type,match_date,home_team,away_team,team,minutes_played_matchlog,minute,x,y,end_x,end_y,success,successful,success_flag,success_source,outcome,accurate,won,_endpoint,endpoint_available,playerCoordinates_x,playerCoordinates_y,passEndCoordinates_x,passEndCoordinates_y,eventActionType,isHome,keypass,isLongBall,isAssist
1464966,Rayan,14025152,rating-breakdown,passes,passes,,,,Bournemouth,22.0,,69.9,33.9,68.9,12.9,True,True,1,boolean_field,success,True,,rating-breakdown,True,69.9,33.9,68.9,12.9,pass,False,False,,
1464966,Rayan,14025152,rating-breakdown,passes,passes,,,,Bournemouth,22.0,,88.4,86.5,94.2,71.2,True,True,1,boolean_field,success,True,,rating-breakdown,True,88.4,86.5,94.2,71.2,pass,False,False,,
1464966,Rayan,14025152,rating-breakdown,passes,passes,,,,Bournemouth,22.0,,81.6,92.3,82.6,72.6,,,,unresolvable,,,,rating-breakdown,True,81.6,92.3,82.6,72.6,pass,False,False,,
1464966,Rayan,14025152,rating-breakdown,passes,passes,,,,Bournemouth,22.0,,21.6,96.1,28.8,70.8,True,True,1,boolean_field,success,True,,rating-breakdown,True,21.6,96.1,28.8,70.8,pass,False,False,True,
1464966,Rayan,14025152,rating-breakdown,passes,passes,,,,Bournemouth,22.0,,72.9,40.4,88.9,32.9,True,True,1,boolean_field,success,True,,rating-breakdown,True,72.9,40.4,88.9,32.9,pass,False,True,,
1464966,Rayan,14025152,rating-breakdown,passes,passes,,,,Bournemouth,22.0,,66.2,94.3,68.9,65.1,True,True,1,boolean_field,success,True,,rating-breakdown,True,66.2,94.3,68.9,65.1,pass,False,False,,
1464966,Rayan,14025152,rating-breakdown,passes,passes,,,,Bournemouth,22.0,,79.9,66.7,88.5,82,True,True,1,boolean_field,success,True,,rating-breakdown,True,79.9,66.7,88.5,82,pass,False,False,,
1464966,Rayan,14025152,rating-breakdown,passes,passes,,,,Bournemouth,22.0,,97.3,67.7,95.9,50.6,True,True,1,boolean_field,success,True,,rating-breakdown,True,97.3,67.7,95.9,50.6,pass,False,True,,True
1464966,Rayan,14025152,rating-breakdown,passes,passes,,,,Bournemouth,22.0,,38.6,87.6,79.6,73.3,True,True,1,boolean_field,success,True,,rating-breakdown,True,38.6,87.6,79.6,73.3,pass,False,False,True,
1464966,Rayan,14025152,rating-breakdown,passes,passes,,,,Bournemouth,22.0,,93.3,93.8,86.2,97.3,True,True,1,boolean_field,success,True,,rating-breakdown,True,93.3,93.8,86.2,97.3,pass,False,False,,
1464966,Rayan,14025152,rating-breakdown,ball-carries,ball-carries,,,,Bournemouth,22.0,,85.3,96.5,88.4,86.5,,,,unresolvable,,,,rating-breakdown,True,85.3,96.5,88.4,86.5,ball-carry,False,,,
1464966,Rayan,14025152,rating-breakdown,ball-carries,ball-carries,,,,Bournemouth,22.0,,63.8,93.8,63.1,72.5,,,,unresolvable,,,,rating-breakdown,True,63.8,93.8,63.1,72.5,ball-carry,False,,,
1464966,Rayan,14025152,rating-breakdown,ball-carries,ball-carries,,,,Bournemouth,22.0,,28,59.7,72.9,40.4,,,,unresolvable,,,,rating-breakdown,True,28,59.7,72.9,40.4,ball-carry,False,,,
1464966,Rayan,14025152,rating-breakdown,ball-carries,ball-carries,,,,Bournemouth,22.0,,76.4,73,83,73.2,,,,unresolvable,,,,rating-breakdown,True,76.4,73,83,73.2,ball-carry,False,,,
1464966,Rayan,14025152,rating-breakdown,ball-carries,ball-carries,,,,Bournemouth,22.0,,81.3,76.7,97.3,67.7,,,,unresolvable,,,,rating-breakdown,True,81.3,76.7,97.3,67.7,ball-carry,False,,,
1464966,Rayan,14025152,rating-breakdown,dribbles,dribbles,,,,Bournemouth,22.0,,66,71.7,,,True,True,1,boolean_field,success,,True,rating-breakdown,True,66,71.7,,,dribble,False,False,,
1464966,Rayan,14025152,rating-breakdown,defensive,defensive,,,,Bournemouth,22.0,,3.8,48,12.1,30.1,True,True,1,boolean_field,success,,True,rating-breakdown,True,3.8,48,12.1,30.1,clearance,False,False,,
1464966,Rayan,14025152,rating-breakdown,defensive,defensive,,,,Bournemouth,22.0,,37.5,85.2,,,True,True,1,boolean_field,success,,True,rating-breakdown,True,37.5,85.2,,,ball-recovery,False,False,,
1464966,Rayan,14025155,rating-breakdown,passes,passes,,,,Bournemouth,87.0,,17.4,22.1,12,30.7,True,True,1,boolean_field,success,True,,rating-breakdown,True,17.4,22.1,12,30.7,pass,True,False,,
1464966,Rayan,14025155,rating-breakdown,passes,passes,,,,Bournemouth,87.0,,44.6,3.1,53.9,5.4,,,,unresolvable,,,,rating-breakdown,True,44.6,3.1,53.9,5.4,pass,True,False,,
1464966,Rayan,14025155,rating-breakdown,passes,passes,,,,Bournemouth,87.0,,50.8,1.5,54.9,0,,,,unresolvable,,,,rating-breakdown,True,50.8,1.5,54.9,0,pass,True,False,,
1464966,Rayan,14025155,rating-breakdown,passes,passes,,,,Bournemouth,87.0,,98,15.9,97.4,20.7,,,,unresolvable,,,,rating-breakdown,True,98,15.9,97.4,20.7,cross,True,False,,
1464966,Rayan,14025155,rating-breakdown,passes,passes,,,,Bournemouth,87.0,,26.8,15.3,28.8,15,True,True,1,boolean_field,success,True,,rating-breakdown,True,26.8,15.3,28.8,15,pass,True,False,,
1464966,Rayan,14025155,rating-breakdown,passes,passes,,,,Bournemouth,87.0,,41.3,4,32.4,7.5,True,True,1,boolean_field,success,True,,rating-breakdown,True,41.3,4,32.4,7.5,pass,True,False,,
1464966,Rayan,14025155,rating-breakdown,passes,passes,,,,Bournemouth,87.0,,80.6,4.2,74.4,11.4,True,True,1,boolean_field,success,True,,rating-breakdown,True,80.6,4.2,74.4,11.4,pass,True,False,,
1464966,Rayan,14025155,rating-breakdown,passes,passes,,,,Bournemouth,87.0,,11.8,6.1,13.5,23.8,True,True,1,boolean_field,success,True,,rating-breakdown,True,11.8,6.1,13.5,23.8,pass,True,False,,
1464966,Rayan,14025155,rating-breakdown,passes,passes,,,,Bournemouth,87.0,,60.7,14.2,59,23.3,True,True,1,boolean_field,success,True,,rating-breakdown,True,60.7,14.2,59,23.3,pass,True,False,,
1464966,Rayan,14025155,rating-breakdown,passes,passes,,,,Bournemouth,87.0,,60.4,29.5,58.3,6.3,True,True,1,boolean_field,success,True,,rating-breakdown,True,60.4,29.5,58.3,6.3,pass,True,False,,
1464966,Rayan,14025155,rating-breakdown,passes,passes,,,,Bournemouth,87.0,,64,28,84.3,83.1,True,True,1,boolean_field,success,True,,rating-breakdown,True,64,28,84.3,83.1,pass,True,False,True,
1464966,Rayan,14025155,rating-breakdown,passes,passes,,,,Bournemouth,87.0,,71.6,7.5,68.7,25.9,True,True,1,boolean_field,success,True,,rating-breakdown,True,71.6,7.5,68.7,25.9,pass,True,False,,
1464966,Rayan,14025155,rating-breakdown,passes,passes,,,,Bournemouth,87.0,,74.9,24.6,71.6,45.4,True,True,1,boolean_field,success,True,,rating-breakdown,True,74.9,24.6,71.6,45.4,pass,True,True,,
1464966,Rayan,14025155,rating-breakdown,passes,passes,,,,Bournemouth,87.0,,98.3,25.4,92.5,43.4,,,,unresolvable,,,,rating-breakdown,True,98.3,25.4,92.5,43.4,pass,True,False,,
1464966,Rayan,14025155,rating-breakdown,passes,passes,,,,Bournemouth,87.0,,82.3,6.1,97.9,19.5,True,True,1,boolean_field,success,True,,rating-breakdown,True,82.3,6.1,97.9,19.5,pass,True,False,,
1464966,Rayan,14025155,rating-breakdown,passes,passes,,,,Bournemouth,87.0,,61.9,10.5,47,32.4,True,True,1,boolean_field,success,True,,rating-breakdown,True,61.9,10.5,47,32.4,pass,True,False,,
1464966,Rayan,14025155,rating-breakdown,passes,passes,,,,Bournemouth,87.0,,54.6,3.3,57.9,15.3,True,True,1,boolean_field,success,True,,rating-breakdown,True,54.6,3.3,57.9,15.3,pass,True,False,,
1464966,Rayan,14025155,rating-breakdown,passes,passes,,,,Bournemouth,87.0,,60.4,6,54.7,43.2,True,True,1,boolean_field,success,True,,rating-breakdown,True,60.4,6,54.7,43.2,pass,True,False,,
1464966,Rayan,14025155,rating-breakdown,passes,passes,,,,Bournemouth,87.0,,84.4,16,79.7,7.6,True,True,1,boolean_field,success,True,,rating-breakdown,True,84.4,16,79.7,7.6,pass,True,False,,
1464966,Rayan,14025155,rating-breakdown,passes,passes,,,,Bournemouth,87.0,,74.2,12.9,86.9,46.6,,,,unresolvable,,,,rating-breakdown,True,74.2,12.9,86.9,46.6,cross,True,False,,
1464966,Rayan,14025155,rating-breakdown,passes,passes,,,,Bournemouth,87.0,,37.1,13,33.2,33.9,True,True,1,boolean_field,success,True,,rating-breakdown,True,37.1,13,33.2,33.9,pass,True,False,,
1464966,Rayan,14025155,rating-breakdown,passes,passes,,,,Bournemouth,87.0,,60.4,31.9,70.4,4.6,True,True,1,boolean_field,success,True,,rating-breakdown,True,60.4,31.9,70.4,4.6,pass,True,False,,
1464966,Rayan,14025155,rating-breakdown,passes,passes,,,,Bournemouth,87.0,,98.3,27.4,98.2,31.1,,,,unresolvable,,,,rating-breakdown,True,98.3,27.4,98.2,31.1,pass,True,False,,
1464966,Rayan,14025155,rating-breakdown,passes,passes,,,,Bournemouth,87.0,,71.1,37.9,71.4,55.2,True,True,1,boolean_field,success,True,,rating-breakdown,True,71.1,37.9,71.4,55.2,pass,True,False,,
1464966,Rayan,14025155,rating-breakdown,passes,passes,,,,Bournemouth,87.0,,85.1,16.2,60.4,90.7,True,True,1,boolean_field,success,True,,rating-breakdown,True,85.1,16.2,60.4,90.7,pass,True,False,True,
1464966,Rayan,14025155,rating-breakdown,passes,passes,,,,Bournemouth,87.0,,88.6,64.2,90.2,57.3,,,,unresolvable,,,,rating-breakdown,True,88.6,64.2,90.2,57.3,pass,True,False,,
1464966,Rayan,14025155,rating-breakdown,passes,passes,,,,Bournemouth,87.0,,58.4,34.9,51.8,47.8,True,True,1,boolean_field,success,True,,rating-breakdown,True,58.4,34.9,51.8,47.8,pass,True,False,,
1464966,Rayan,14025155,rating-breakdown,passes,passes,,,,Bournemouth,87.0,,58.1,21,57,41.5,True,True,1,boolean_field,success,True,,rating-breakdown,True,58.1,21,57,41.5,pass,True,False,,
1464966,Rayan,14025155,rating-breakdown,ball-carries,ball-carries,,,,Bournemouth,87.0,,21.2,26.6,14.2,35.1,,,,unresolvable,,,,rating-breakdown,True,21.2,26.6,14.2,35.1,ball-carry,True,,,
1464966,Rayan,14025155,rating-breakdown,ball-carries,ball-carries,,,,Bournemouth,87.0,,80.9,17.8,98,15.9,,,,unresolvable,,,,rating-breakdown,True,80.9,17.8,98,15.9,ball-carry,True,,,
1464966,Rayan,14025155,rating-breakdown,ball-carries,ball-carries,,,,Bournemouth,87.0,,34,13,26.8,15.3,,,,unresolvable,,,,rating-breakdown,True,34,13,26.8,15.3,ball-carry,True,,,
1464966,Rayan,14025155,rating-breakdown,ball-carries,ball-carries,,,,Bournemouth,87.0,,85,9.9,80.6,4.2,,,,unresolvable,,,,rating-breakdown,True,85,9.9,80.6,4.2,ball-carry,True,,,
1464966,Rayan,14025155,rating-breakdown,ball-carries,ball-carries,,,,Bournemouth,87.0,,55.2,11.8,64,28,,,,unresolvable,,,,rating-breakdown,True,55.2,11.8,64,28,ball-carry,True,,,
1464966,Rayan,14025155,rating-breakdown,ball-carries,ball-carries,,,,Bournemouth,87.0,,73.3,3.9,71.6,7.5,,,,unresolvable,,,,rating-breakdown,True,73.3,3.9,71.6,7.5,ball-carry,True,,,
1464966,Rayan,14025155,rating-breakdown,ball-carries,ball-carries,,,,Bournemouth,87.0,,71.8,3,79.8,7.8,,,,unresolvable,,,,rating-breakdown,True,71.8,3,79.8,7.8,ball-carry,True,,,
1464966,Rayan,14025155,rating-breakdown,ball-carries,ball-carries,,,,Bournemouth,87.0,,77,2.8,82.3,6.1,,,,unresolvable,,,,rating-breakdown,True,77,2.8,82.3,6.1,ball-carry,True,,,
1464966,Rayan,14025155,rating-breakdown,ball-carries,ball-carries,,,,Bournemouth,87.0,,68.8,12.7,68.5,41.7,,,,unresolvable,,,,rating-breakdown,True,68.8,12.7,68.5,41.7,ball-carry,True,,,
1464966,Rayan,14025155,rating-breakdown,ball-carries,ball-carries,,,,Bournemouth,87.0,,63.7,18.1,37.1,13,,,,unresolvable,,,,rating-breakdown,True,63.7,18.1,37.1,13,ball-carry,True,,,
1464966,Rayan,14025155,rating-breakdown,ball-carries,ball-carries,,,,Bournemouth,87.0,,41.6,9.7,60.4,31.9,,,,unresolvable,,,,rating-breakdown,True,41.6,9.7,60.4,31.9,ball-carry,True,,,
1464966,Rayan,14025155,rating-breakdown,ball-carries,ball-carries,,,,Bournemouth,87.0,,86.8,23.1,98.3,27.4,,,,unresolvable,,,,rating-breakdown,True,86.8,23.1,98.3,27.4,ball-carry,True,,,
1464966,Rayan,14025155,rating-breakdown,ball-carries,ball-carries,,,,Bournemouth,87.0,,70,5.5,89.7,35.6,,,,unresolvable,,,,rating-breakdown,True,70,5.5,89.7,35.6,ball-carry,True,,,
1464966,Rayan,14025155,rating-breakdown,ball-carries,ball-carries,,,,Bournemouth,87.0,,75.5,2.4,87.3,11.8,,,,unresolvable,,,,rating-breakdown,True,75.5,2.4,87.3,11.8,ball-carry,True,,,
1464966,Rayan,14025155,rating-breakdown,ball-carries,ball-carries,,,,Bournemouth,87.0,,65.2,4,71.1,37.9,,,,unresolvable,,,,rating-breakdown,True,65.2,4,71.1,37.9,ball-carry,True,,,
1464966,Rayan,14025155,rating-breakdown,ball-carries,ball-carries,,,,Bournemouth,87.0,,78.1,2.5,70,5.4,,,,unresolvable,,,,rating-breakdown,True,78.1,2.5,70,5.4,ball-carry,True,,,
1464966,Rayan,14025155,rating-breakdown,ball-carries,ball-carries,,,,Bournemouth,87.0,,66.4,5.8,58.1,21,,,,unresolvable,,,,rating-breakdown,True,66.4,5.8,58.1,21,ball-carry,True,,,
1464966,Rayan,14025155,rating-breakdown,dribbles,dribbles,,,,Bournemouth,87.0,,65.7,2.2,,,,,,unresolvable,,,,rating-breakdown,True,65.7,2.2,,,dribble,True,False,,
1464966,Rayan,14025155,rating-breakdown,dribbles,dribbles,,,,Bournemouth,87.0,,79.6,7.2,,,True,True,1,boolean_field,success,,True,rating-breakdown,True,79.6,7.2,,,dribble,True,False,,
1464966,Rayan,14025155,rating-breakdown,dribbles,dribbles,,,,Bournemouth,87.0,,78.8,10.1,,,,,,unresolvable,,,,rating-breakdown,True,78.8,10.1,,,dribble,True,False,,
1464966,Rayan,14025155,rating-breakdown,defensive,defensive,,,,Bournemouth,87.0,,21.2,26.6,,,True,True,1,boolean_field,success,,True,rating-breakdown,True,21.2,26.6,,,ball-recovery,True,False,,
1464966,Rayan,14025155,rating-breakdown,defensive,defensive,,,,Bournemouth,87.0,,11.7,7.3,,,True,True,1,boolean_field,success,,True,rating-breakdown,True,11.7,7.3,,,ball-recovery,True,False,,
1464966,Rayan,14025191,rating-breakdown,passes,passes,,,,Bournemouth,89.0,,71.6,32.7,71.4,57.1,True,True,1,boolean_field,success,True,,rating-breakdown,True,71.6,32.7,71.4,57.1,pass,False,True,,
1464966,Rayan,14025191,rating-breakdown,passes,passes,,,,Bournemouth,89.0,,57.1,7.5,52.8,25.2,True,True,1,boolean_field,success,True,,rating-breakdown,True,57.1,7.5,52.8,25.2,pass,False,False,,
1464966,Rayan,14025191,rating-breakdown,passes,passes,,,,Bournemouth,89.0,,77,7.2,65.4,19.9,True,True,1,boolean_field,success,True,,rating-breakdown,True,77,7.2,65.4,19.9,pass,False,False,,
1464966,Rayan,14025191,rating-breakdown,passes,passes,,,,Bournemouth,89.0,,58.3,9.1,66.3,26.8,True,True,1,boolean_field,success,True,,rating-breakdown,True,58.3,9.1,66.3,26.8,pass,False,False,,
1464966,Rayan,14025191,rating-breakdown,passes,passes,,,,Bournemouth,89.0,,43.3,9.7,40.5,27.9,True,True,1,boolean_field,success,True,,rating-breakdown,True,43.3,9.7,40.5,27.9,pass,False,False,,
1464966,Rayan,14025191,rating-breakdown,passes,passes,,,,Bournemouth,89.0,,65.3,21.6,65.9,49,True,True,1,boolean_field,success,True,,rating-breakdown,True,65.3,21.6,65.9,49,pass,False,False,,
1464966,Rayan,14025191,rating-breakdown,passes,passes,,,,Bournemouth,89.0,,73,4,64.8,9.6,True,True,1,boolean_field,success,True,,rating-breakdown,True,73,4,64.8,9.6,pass,False,False,,
1464966,Rayan,14025191,rating-breakdown,passes,passes,,,,Bournemouth,89.0,,66.5,5.1,56.2,8.1,True,True,1,boolean_field,success,True,,rating-breakdown,True,66.5,5.1,56.2,8.1,pass,False,False,,
1464966,Rayan,14025191,rating-breakdown,passes,passes,,,,Bournemouth,89.0,,73,6.4,93.2,23.5,True,True,1,boolean_field,success,True,,rating-breakdown,True,73,6.4,93.2,23.5,pass,False,False,,
1464966,Rayan,14025191,rating-breakdown,passes,passes,,,,Bournemouth,89.0,,79.5,24.9,89.6,53.4,True,True,1,boolean_field,success,True,,rating-breakdown,True,79.5,24.9,89.6,53.4,cross,False,True,,
1464966,Rayan,14025191,rating-breakdown,passes,passes,,,,Bournemouth,89.0,,63.9,32.7,68.9,47.5,True,True,1,boolean_field,success,True,,rating-breakdown,True,63.9,32.7,68.9,47.5,pass,False,False,,
1464966,Rayan,14025191,rating-breakdown,passes,passes,,,,Bournemouth,89.0,,67.5,4,57.8,10.5,True,True,1,boolean_field,success,True,,rating-breakdown,True,67.5,4,57.8,10.5,pass,False,False,,
1464966,Rayan,14025191,rating-breakdown,passes,passes,,,,Bournemouth,89.0,,33.6,17.1,41.2,28.8,True,True,1,boolean_field,success,True,,rating-breakdown,True,33.6,17.1,41.2,28.8,pass,False,False,,
1464966,Rayan,14025191,rating-breakdown,passes,passes,,,,Bournemouth,89.0,,64.3,6,58,23.7,True,True,1,boolean_field,success,True,,rating-breakdown,True,64.3,6,58,23.7,pass,False,False,,
1464966,Rayan,14025191,rating-breakdown,passes,passes,,,,Bournemouth,89.0,,69.7,26,73.8,3.7,True,True,1,boolean_field,success,True,,rating-breakdown,True,69.7,26,73.8,3.7,pass,False,False,,
1464966,Rayan,14025191,rating-breakdown,passes,passes,,,,Bournemouth,89.0,,79.1,11.4,88.7,48.7,,,,unresolvable,,,,rating-breakdown,True,79.1,11.4,88.7,48.7,cross,False,False,,
1464966,Rayan,14025191,rating-breakdown,passes,passes,,,,Bournemouth,89.0,,74.9,17.1,69.5,40.2,True,True,1,boolean_field,success,True,,rating-breakdown,True,74.9,17.1,69.5,40.2,pass,False,False,,
1464966,Rayan,14025191,rating-breakdown,passes,passes,,,,Bournemouth,89.0,,41.2,5.5,65,33.7,True,True,1,boolean_field,success,True,,rating-breakdown,True,41.2,5.5,65,33.7,pass,False,False,,
1464966,Rayan,14025191,rating-breakdown,passes,passes,,,,Bournemouth,89.0,,20,10.8,33.7,16.5,True,True,1,boolean_field,success,True,,rating-breakdown,True,20,10.8,33.7,16.5,pass,False,False,,
1464966,Rayan,14025191,rating-breakdown,passes,passes,,,,Bournemouth,89.0,,37.3,23.5,66.7,25.2,,,,unresolvable,,,,rating-breakdown,True,37.3,23.5,66.7,25.2,pass,False,False,,
1464966,Rayan,14025191,rating-breakdown,ball-carries,ball-carries,,,,Bournemouth,89.0,,68.1,9,71.6,32.7,,,,unresolvable,,,,rating-breakdown,True,68.1,9,71.6,32.7,ball-carry,False,,,
1464966,Rayan,14025191,rating-breakdown,ball-carries,ball-carries,,,,Bournemouth,89.0,,75.8,12.7,77,7.2,,,,unresolvable,,,,rating-breakdown,True,75.8,12.7,77,7.2,ball-carry,False,,,
1464966,Rayan,14025191,rating-breakdown,ball-carries,ball-carries,,,,Bournemouth,89.0,,66.2,5.1,73,6.4,,,,unresolvable,,,,rating-breakdown,True,66.2,5.1,73,6.4,ball-carry,False,,,
1464966,Rayan,14025191,rating-breakdown,ball-carries,ball-carries,,,,Bournemouth,89.0,,61.8,26.4,63.9,32.7,,,,unresolvable,,,,rating-breakdown,True,61.8,26.4,63.9,32.7,ball-carry,False,,,
1464966,Rayan,14025191,rating-breakdown,ball-carries,ball-carries,,,,Bournemouth,89.0,,55.7,10.9,44.8,88.6,,,,unresolvable,,,,rating-breakdown,True,55.7,10.9,44.8,88.6,ball-carry,False,,,
1464966,Rayan,14025191,rating-breakdown,ball-carries,ball-carries,,,,Bournemouth,89.0,,12.9,7.3,9.8,27.4,,,,unresolvable,,,,rating-breakdown,True,12.9,7.3,9.8,27.4,ball-carry,False,,,
1464966,Rayan,14025191,rating-breakdown,ball-carries,ball-carries,,,,Bournemouth,89.0,,70.7,34.2,73,40.7,,,,unresolvable,,,,rating-breakdown,True,70.7,34.2,73,40.7,ball-carry,False,,,
1464966,Rayan,14025191,rating-breakdown,ball-carries,ball-carries,,,,Bournemouth,89.0,,74.5,23.5,69.7,26,,,,unresolvable,,,,rating-breakdown,True,74.5,23.5,69.7,26,ball-carry,False,,,
1464966,Rayan,14025191,rating-breakdown,ball-carries,ball-carries,,,,Bournemouth,89.0,,73.2,8.2,77.7,42.4,,,,unresolvable,,,,rating-breakdown,True,73.2,8.2,77.7,42.4,ball-carry,False,,,
1464966,Rayan,14025191,rating-breakdown,ball-carries,ball-carries,,,,Bournemouth,89.0,,75.8,4.3,97.9,26.7,,,,unresolvable,,,,rating-breakdown,True,75.8,4.3,97.9,26.7,ball-carry,False,,,
1464966,Rayan,14025191,rating-breakdown,ball-carries,ball-carries,,,,Bournemouth,89.0,,82.8,10.5,79.1,11.4,,,,unresolvable,,,,rating-breakdown,True,82.8,10.5,79.1,11.4,ball-carry,False,,,
1464966,Rayan,14025191,rating-breakdown,ball-carries,ball-carries,,,,Bournemouth,89.0,,28.7,27.6,58.4,8.2,,,,unresolvable,,,,rating-breakdown,True,28.7,27.6,58.4,8.2,ball-carry,False,,,
1464966,Rayan,14025191,rating-breakdown,defensive,defensive,,,,Bournemouth,89.0,,68.1,9,,,True,True,1,boolean_field,success,,True,rating-breakdown,True,68.1,9,,,ball-recovery,False,False,,
1464966,Rayan,14025191,rating-breakdown,defensive,defensive,,,,Bournemouth,89.0,,43.3,9.7,,,True,True,1,boolean_field,success,,True,rating-breakdown,True,43.3,9.7,,,ball-recovery,False,False,,
1464966,Rayan,14025191,rating-breakdown,defensive,defensive,,,,Bournemouth,89.0,,55.7,10.9,,,True,True,1,boolean_field,success,,True,rating-breakdown,True,55.7,10.9,,,ball-recovery,False,False,,
1464966,Rayan,14025191,rating-breakdown,defensive,defensive,,,,Bournemouth,89.0,,20,10.8,,,True,True,1,boolean_field,success,,True,rating-breakdown,True,20,10.8,,,ball-recovery,False,False,,
1464966,Rayan,14025191,rating-breakdown,defensive,defensive,,,,Bournemouth,89.0,,28.7,27.6,,,True,True,1,boolean_field,success,,True,rating-breakdown,True,28.7,27.6,,,ball-recovery,False,False,,
1464966,Rayan,14023969,rating-breakdown,passes,passes,,,,Bournemouth,90.0,,39.8,2.6,27.3,23.4,True,True,1,boolean_field,success,True,,rating-breakdown,True,39.8,2.6,27.3,23.4,pass,False,False,,
1464966,Rayan,14023969,rating-breakdown,passes,passes,,,,Bournemouth,90.0,,29.6,33.1,35,39.4,,,,unresolvable,,,,rating-breakdown,True,29.6,33.1,35,39.4,pass,False,False,,
1464966,Rayan,14023969,rating-breakdown,passes,passes,,,,Bournemouth,90.0,,71.4,4.3,63.7,10.6,True,True,1,boolean_field,success,True,,rating-breakdown,True,71.4,4.3,63.7,10.6,pass,False,False,,
1464966,Rayan,14023969,rating-breakdown,passes,passes,,,,Bournemouth,90.0,,63.9,3.3,45.4,29.5,True,True,1,boolean_field,success,True,,rating-breakdown,True,63.9,3.3,45.4,29.5,pass,False,False,,
1464966,Rayan,14023969,rating-breakdown,passes,passes,,,,Bournemouth,90.0,,75.7,5.4,71.1,25,True,True,1,boolean_field,success,True,,rating-breakdown,True,75.7,5.4,71.1,25,pass,False,False,,
1464966,Rayan,14023969,rating-breakdown,passes,passes,,,,Bournemouth,90.0,,66.7,4.9,77,2.8,True,True,1,boolean_field,success,True,,rating-breakdown,True,66.7,4.9,77,2.8,pass,False,False,,
1464966,Rayan,14023969,rating-breakdown,passes,passes,,,,Bournemouth,90.0,,72.2,30.3,74.9,8.7,True,True,1,boolean_field,success,True,,rating-breakdown,True,72.2,30.3,74.9,8.7,pass,False,False,,
1464966,Rayan,14023969,rating-breakdown,passes,passes,,,,Bournemouth,90.0,,57.4,12.9,74.5,17.2,True,True,1,boolean_field,success,True,,rating-breakdown,True,57.4,12.9,74.5,17.2,pass,False,False,,
1464966,Rayan,14023969,rating-breakdown,passes,passes,,,,Bournemouth,90.0,,68.3,4.5,57.7,24.3,True,True,1,boolean_field,success,True,,rating-breakdown,True,68.3,4.5,57.7,24.3,pass,False,False,,
1464966,Rayan,14023969,rating-breakdown,passes,passes,,,,Bournemouth,90.0,,55.1,8.6,58.5,9.2,,,,unresolvable,,,,rating-breakdown,True,55.1,8.6,58.5,9.2,pass,False,False,,
1464966,Rayan,14023969,rating-breakdown,passes,passes,,,,Bournemouth,90.0,,72.7,47.5,85.5,54.9,True,True,1,boolean_field,success,True,,rating-breakdown,True,72.7,47.5,85.5,54.9,pass,False,False,,
1464966,Rayan,14023969,rating-breakdown,passes,passes,,,,Bournemouth,90.0,,75.9,10.6,65,10.2,True,True,1,boolean_field,success,True,,rating-breakdown,True,75.9,10.6,65,10.2,pass,False,False,,
1464966,Rayan,14023969,rating-breakdown,passes,passes,,,,Bournemouth,90.0,,49.1,5.7,20,42,True,True,1,boolean_field,success,True,,rating-breakdown,True,49.1,5.7,20,42,pass,False,False,True,
1464966,Rayan,14023969,rating-breakdown,passes,passes,,,,Bournemouth,90.0,,53.5,20.5,38.4,53.7,True,True,1,boolean_field,success,True,,rating-breakdown,True,53.5,20.5,38.4,53.7,pass,False,False,,
1464966,Rayan,14023969,rating-breakdown,passes,passes,,,,Bournemouth,90.0,,69.4,3.6,70.2,6.3,True,True,1,boolean_field,success,True,,rating-breakdown,True,69.4,3.6,70.2,6.3,pass,False,False,,
1464966,Rayan,14023969,rating-breakdown,passes,passes,,,,Bournemouth,90.0,,37.5,8.7,45.3,23.4,True,True,1,boolean_field,success,True,,rating-breakdown,True,37.5,8.7,45.3,23.4,pass,False,False,,
1464966,Rayan,14023969,rating-breakdown,passes,passes,,,,Bournemouth,90.0,,39.6,19,43.6,17.8,,,,unresolvable,,,,rating-breakdown,True,39.6,19,43.6,17.8,pass,False,False,,
1464966,Rayan,14023969,rating-breakdown,passes,passes,,,,Bournemouth,90.0,,45.7,8.8,64.9,3.3,,,,unresolvable,,,,rating-breakdown,True,45.7,8.8,64.9,3.3,pass,False,False,,
1464966,Rayan,14023969,rating-breakdown,passes,passes,,,,Bournemouth,90.0,,71.2,23.8,84.2,48.1,True,True,1,boolean_field,success,True,,rating-breakdown,True,71.2,23.8,84.2,48.1,pass,False,False,,
1464966,Rayan,14023969,rating-breakdown,passes,passes,,,,Bournemouth,90.0,,69.2,39.9,78.2,40.2,,,,unresolvable,,,,rating-breakdown,True,69.2,39.9,78.2,40.2,pass,False,False,,
1464966,Rayan,14023969,rating-breakdown,passes,passes,,,,Bournemouth,90.0,,91.8,22.8,81.9,31.6,True,True,1,boolean_field,success,True,,rating-breakdown,True,91.8,22.8,81.9,31.6,pass,False,False,,
1464966,Rayan,14023969,rating-breakdown,passes,passes,,,,Bournemouth,90.0,,68.2,14.5,73.7,42.9,True,True,1,boolean_field,success,True,,rating-breakdown,True,68.2,14.5,73.7,42.9,pass,False,True,,
1464966,Rayan,14023969,rating-breakdown,passes,passes,,,,Bournemouth,90.0,,52.5,28,55.5,54.1,,,,unresolvable,,,,rating-breakdown,True,52.5,28,55.5,54.1,pass,False,False,,
1464966,Rayan,14023969,rating-breakdown,ball-carries,ball-carries,,,,Bournemouth,90.0,,71.5,17.1,73,28.8,,,,unresolvable,,,,rating-breakdown,True,71.5,17.1,73,28.8,ball-carry,False,,,
1464966,Rayan,14023969,rating-breakdown,ball-carries,ball-carries,,,,Bournemouth,90.0,,79.9,17.7,78,12.6,,,,unresolvable,,,,rating-breakdown,True,79.9,17.7,78,12.6,ball-carry,False,,,
1464966,Rayan,14023969,rating-breakdown,ball-carries,ball-carries,,,,Bournemouth,90.0,,64.9,38.7,72.2,48.8,,,,unresolvable,,,,rating-breakdown,True,64.9,38.7,72.2,48.8,ball-carry,False,,,
1464966,Rayan,14023969,rating-breakdown,ball-carries,ball-carries,,,,Bournemouth,90.0,,57.4,3.3,49.1,5.7,,,,unresolvable,,,,rating-breakdown,True,57.4,3.3,49.1,5.7,ball-carry,False,,,
1464966,Rayan,14023969,rating-breakdown,ball-carries,ball-carries,,,,Bournemouth,90.0,,79.3,4.3,84.4,4.6,,,,unresolvable,,,,rating-breakdown,True,79.3,4.3,84.4,4.6,ball-carry,False,,,
1464966,Rayan,14023969,rating-breakdown,ball-carries,ball-carries,,,,Bournemouth,90.0,,47,13.5,53.5,20.5,,,,unresolvable,,,,rating-breakdown,True,47,13.5,53.5,20.5,ball-carry,False,,,
1464966,Rayan,14023969,rating-breakdown,ball-carries,ball-carries,,,,Bournemouth,90.0,,36,18.1,40.6,25.4,,,,unresolvable,,,,rating-breakdown,True,36,18.1,40.6,25.4,ball-carry,False,,,
1464966,Rayan,14023969,rating-breakdown,ball-carries,ball-carries,,,,Bournemouth,90.0,,33.9,9.6,34,15.2,,,,unresolvable,,,,rating-breakdown,True,33.9,9.6,34,15.2,ball-carry,False,,,
1464966,Rayan,14023969,rating-breakdown,ball-carries,ball-carries,,,,Bournemouth,90.0,,82.1,36.7,86.7,36,,,,unresolvable,,,,rating-breakdown,True,82.1,36.7,86.7,36,ball-carry,False,,,
1464966,Rayan,14023969,rating-breakdown,ball-carries,ball-carries,,,,Bournemouth,90.0,,41.5,38.4,69.2,39.9,,,,unresolvable,,,,rating-breakdown,True,41.5,38.4,69.2,39.9,ball-carry,False,,,
1464966,Rayan,14023969,rating-breakdown,ball-carries,ball-carries,,,,Bournemouth,90.0,,52.9,4,68.2,14.5,,,,unresolvable,,,,rating-breakdown,True,52.9,4,68.2,14.5,ball-carry,False,,,
1464966,Rayan,14023969,rating-breakdown,ball-carries,ball-carries,,,,Bournemouth,90.0,,35.3,29.1,37,23.1,,,,unresolvable,,,,rating-breakdown,True,35.3,29.1,37,23.1,ball-carry,False,,,
1464966,Rayan,14023969,rating-breakdown,ball-carries,ball-carries,,,,Bournemouth,90.0,,37,23.1,52.5,28,,,,unresolvable,,,,rating-breakdown,True,37,23.1,52.5,28,ball-carry,False,,,
1464966,Rayan,14023969,rating-breakdown,ball-carries,ball-carries,,,,Bournemouth,90.0,,67.1,97.2,70.5,97,,,,unresolvable,,,,rating-breakdown,True,67.1,97.2,70.5,97,ball-carry,False,,,
1464966,Rayan,14023969,rating-breakdown,dribbles,dribbles,,,,Bournemouth,90.0,,72.1,48.1,,,True,True,1,boolean_field,success,,True,rating-breakdown,True,72.1,48.1,,,dribble,False,False,,
1464966,Rayan,14023969,rating-breakdown,dribbles,dribbles,,,,Bournemouth,90.0,,84.4,4.6,,,,,,unresolvable,,,,rating-breakdown,True,84.4,4.6,,,dribble,False,False,,
1464966,Rayan,14023969,rating-breakdown,dribbles,dribbles,,,,Bournemouth,90.0,,34,15.2,,,True,True,1,boolean_field,success,,True,rating-breakdown,True,34,15.2,,,dribble,False,False,,
1464966,Rayan,14023969,rating-breakdown,dribbles,dribbles,,,,Bournemouth,90.0,,71.6,96.6,,,,,,unresolvable,,,,rating-breakdown,True,71.6,96.6,,,dribble,False,False,,
1464966,Rayan,14023969,rating-breakdown,defensive,defensive,,,,Bournemouth,90.0,,78,12.6,,,True,True,1,boolean_field,success,,True,rating-breakdown,True,78,12.6,,,tackle,False,False,,
1464966,Rayan,14023969,rating-breakdown,defensive,defensive,,,,Bournemouth,90.0,,14.3,27.9,11.1,0,True,True,1,boolean_field,success,,True,rating-breakdown,True,14.3,27.9,11.1,0,clearance,False,False,,
1464966,Rayan,14023969,rating-breakdown,defensive,defensive,,,,Bournemouth,90.0,,64.9,38.7,,,True,True,1,boolean_field,success,,True,rating-breakdown,True,64.9,38.7,,,ball-recovery,False,False,,
1464966,Rayan,14023969,rating-breakdown,defensive,defensive,,,,Bournemouth,90.0,,61.1,23.6,,,,,,unresolvable,,,,rating-breakdown,True,61.1,23.6,,,tackle,False,False,,
1464966,Rayan,14023969,rating-breakdown,defensive,defensive,,,,Bournemouth,90.0,,37,23.1,,,True,True,1,boolean_field,success,,True,rating-breakdown,True,37,23.1,,,ball-recovery,False,False,,
1464966,Rayan,14023970,rating-breakdown,passes,passes,,,,Bournemouth,90.0,,46.7,9.4,59.8,15.5,True,True,1,boolean_field,success,True,,rating-breakdown,True,46.7,9.4,59.8,15.5,pass,True,False,,
1464966,Rayan,14023970,rating-breakdown,passes,passes,,,,Bournemouth,90.0,,57.8,12,66.1,6.7,True,True,1,boolean_field,success,True,,rating-breakdown,True,57.8,12,66.1,6.7,pass,True,False,,
1464966,Rayan,14023970,rating-breakdown,passes,passes,,,,Bournemouth,90.0,,77.4,24.4,85.3,33.3,True,True,1,boolean_field,success,True,,rating-breakdown,True,77.4,24.4,85.3,33.3,pass,True,False,,
1464966,Rayan,14023970,rating-breakdown,passes,passes,,,,Bournemouth,90.0,,36.1,5.8,46,13.8,True,True,1,boolean_field,success,True,,rating-breakdown,True,36.1,5.8,46,13.8,pass,True,False,,
1464966,Rayan,14023970,rating-breakdown,passes,passes,,,,Bournemouth,90.0,,45,8.1,34.1,43.8,True,True,1,boolean_field,success,True,,rating-breakdown,True,45,8.1,34.1,43.8,pass,True,False,,
1464966,Rayan,14023970,rating-breakdown,passes,passes,,,,Bournemouth,90.0,,79.7,5.6,65.1,20.9,True,True,1,boolean_field,success,True,,rating-breakdown,True,79.7,5.6,65.1,20.9,pass,True,False,,
1464966,Rayan,14023970,rating-breakdown,passes,passes,,,,Bournemouth,90.0,,73.6,20.6,85.8,44.8,,,,unresolvable,,,,rating-breakdown,True,73.6,20.6,85.8,44.8,cross,True,False,,
1464966,Rayan,14023970,rating-breakdown,passes,passes,,,,Bournemouth,90.0,,39.4,18.2,60.5,35.5,,,,unresolvable,,,,rating-breakdown,True,39.4,18.2,60.5,35.5,pass,True,False,,
1464966,Rayan,14023970,rating-breakdown,passes,passes,,,,Bournemouth,90.0,,45.4,5.9,34,20.9,True,True,1,boolean_field,success,True,,rating-breakdown,True,45.4,5.9,34,20.9,pass,True,False,,
1464966,Rayan,14023970,rating-breakdown,passes,passes,,,,Bournemouth,90.0,,89.4,9.7,73.2,19.4,True,True,1,boolean_field,success,True,,rating-breakdown,True,89.4,9.7,73.2,19.4,pass,True,False,,
1464966,Rayan,14023970,rating-breakdown,passes,passes,,,,Bournemouth,90.0,,62.8,62.3,69.1,72.7,,,,unresolvable,,,,rating-breakdown,True,62.8,62.3,69.1,72.7,pass,True,False,,
1464966,Rayan,14023970,rating-breakdown,passes,passes,,,,Bournemouth,90.0,,85.5,11.9,76,42.7,True,True,1,boolean_field,success,True,,rating-breakdown,True,85.5,11.9,76,42.7,pass,True,True,,
1464966,Rayan,14023970,rating-breakdown,passes,passes,,,,Bournemouth,90.0,,47.2,29.4,34.2,43,True,True,1,boolean_field,success,True,,rating-breakdown,True,47.2,29.4,34.2,43,pass,True,False,,
1464966,Rayan,14023970,rating-breakdown,passes,passes,,,,Bournemouth,90.0,,37.6,7.7,28.5,28.3,True,True,1,boolean_field,success,True,,rating-breakdown,True,37.6,7.7,28.5,28.3,pass,True,False,,
1464966,Rayan,14023970,rating-breakdown,passes,passes,,,,Bournemouth,90.0,,36.4,30.7,64,90.6,True,True,1,boolean_field,success,True,,rating-breakdown,True,36.4,30.7,64,90.6,pass,True,False,True,
1464966,Rayan,14023970,rating-breakdown,passes,passes,,,,Bournemouth,90.0,,40.1,89.7,33.6,80,True,True,1,boolean_field,success,True,,rating-breakdown,True,40.1,89.7,33.6,80,pass,True,False,,
1464966,Rayan,14023970,rating-breakdown,passes,passes,,,,Bournemouth,90.0,,91.9,32.3,91.3,55.8,,,,unresolvable,,,,rating-breakdown,True,91.9,32.3,91.3,55.8,pass,True,False,,
1464966,Rayan,14023970,rating-breakdown,passes,passes,,,,Bournemouth,90.0,,99.2,27.9,97.9,41.6,True,True,1,boolean_field,success,True,,rating-breakdown,True,99.2,27.9,97.9,41.6,pass,True,True,,
1464966,Rayan,14023970,rating-breakdown,passes,passes,,,,Bournemouth,90.0,,47.3,19.1,35,15,True,True,1,boolean_field,success,True,,rating-breakdown,True,47.3,19.1,35,15,pass,True,False,,
1464966,Rayan,14023970,rating-breakdown,passes,passes,,,,Bournemouth,90.0,,40.2,6.8,27.9,8.8,True,True,1,boolean_field,success,True,,rating-breakdown,True,40.2,6.8,27.9,8.8,pass,True,False,,
1464966,Rayan,14023970,rating-breakdown,passes,passes,,,,Bournemouth,90.0,,37.3,3.1,68.4,26.4,True,True,1,boolean_field,success,True,,rating-breakdown,True,37.3,3.1,68.4,26.4,pass,True,False,True,
1464966,Rayan,14023970,rating-breakdown,passes,passes,,,,Bournemouth,90.0,,69.1,24.6,75.1,9.1,True,True,1,boolean_field,success,True,,rating-breakdown,True,69.1,24.6,75.1,9.1,pass,True,False,,
1464966,Rayan,14023970,rating-breakdown,passes,passes,,,,Bournemouth,90.0,,62.4,4.3,68.3,12.8,True,True,1,boolean_field,success,True,,rating-breakdown,True,62.4,4.3,68.3,12.8,pass,True,False,,
1464966,Rayan,14023970,rating-breakdown,passes,passes,,,,Bournemouth,90.0,,67.7,24.7,78.6,9.4,True,True,1,boolean_field,success,True,,rating-breakdown,True,67.7,24.7,78.6,9.4,pass,True,False,,
1464966,Rayan,14023970,rating-breakdown,passes,passes,,,,Bournemouth,90.0,,46.4,9.7,58.6,28,,,,unresolvable,,,,rating-breakdown,True,46.4,9.7,58.6,28,pass,True,False,,
1464966,Rayan,14023970,rating-breakdown,passes,passes,,,,Bournemouth,90.0,,77.5,13.1,79.6,22.5,,,,unresolvable,,,,rating-breakdown,True,77.5,13.1,79.6,22.5,pass,True,False,,
1464966,Rayan,14023970,rating-breakdown,passes,passes,,,,Bournemouth,90.0,,70.4,6.2,62.2,16.5,True,True,1,boolean_field,success,True,,rating-breakdown,True,70.4,6.2,62.2,16.5,pass,True,False,,
1464966,Rayan,14023970,rating-breakdown,passes,passes,,,,Bournemouth,90.0,,76.4,2.5,67.9,19.8,True,True,1,boolean_field,success,True,,rating-breakdown,True,76.4,2.5,67.9,19.8,pass,True,False,,
1464966,Rayan,14023970,rating-breakdown,passes,passes,,,,Bournemouth,90.0,,62,1.3,60.4,21.7,,,,unresolvable,,,,rating-breakdown,True,62,1.3,60.4,21.7,pass,True,False,,
1464966,Rayan,14023970,rating-breakdown,passes,passes,,,,Bournemouth,90.0,,38.1,31.6,33.8,56,True,True,1,boolean_field,success,True,,rating-breakdown,True,38.1,31.6,33.8,56,pass,True,False,,
1464966,Rayan,14023970,rating-breakdown,passes,passes,,,,Bournemouth,90.0,,79.7,23.9,84.9,43.4,,,,unresolvable,,,,rating-breakdown,True,79.7,23.9,84.9,43.4,pass,True,False,,
1464966,Rayan,14023970,rating-breakdown,passes,passes,,,,Bournemouth,90.0,,70.1,11.4,62.3,20.7,True,True,1,boolean_field,success,True,,rating-breakdown,True,70.1,11.4,62.3,20.7,pass,True,False,,
1464966,Rayan,14023970,rating-breakdown,passes,passes,,,,Bournemouth,90.0,,76.3,5,67,1,True,True,1,boolean_field,success,True,,rating-breakdown,True,76.3,5,67,1,pass,True,False,,
1464966,Rayan,14023970,rating-breakdown,passes,passes,,,,Bournemouth,90.0,,74.5,9.4,68.1,24.3,True,True,1,boolean_field,success,True,,rating-breakdown,True,74.5,9.4,68.1,24.3,pass,True,False,,
1464966,Rayan,14023970,rating-breakdown,passes,passes,,,,Bournemouth,90.0,,97.7,14.4,96.8,19.4,,,,unresolvable,,,,rating-breakdown,True,97.7,14.4,96.8,19.4,cross,True,False,,
1464966,Rayan,14023970,rating-breakdown,passes,passes,,,,Bournemouth,90.0,,65,16.1,72.9,33.1,True,True,1,boolean_field,success,True,,rating-breakdown,True,65,16.1,72.9,33.1,pass,True,False,,
1464966,Rayan,14023970,rating-breakdown,passes,passes,,,,Bournemouth,90.0,,73.2,7,92,50.4,,,,unresolvable,,,,rating-breakdown,True,73.2,7,92,50.4,cross,True,False,True,
1464966,Rayan,14023970,rating-breakdown,passes,passes,,,,Bournemouth,90.0,,99.7,0.5,98.6,49.1,,,,unresolvable,,,,rating-breakdown,True,99.7,0.5,98.6,49.1,cross,True,False,True,
1464966,Rayan,14023970,rating-breakdown,ball-carries,ball-carries,,,,Bournemouth,90.0,,77.6,6.8,77.4,24.4,,,,unresolvable,,,,rating-breakdown,True,77.6,6.8,77.4,24.4,ball-carry,True,,,
1464966,Rayan,14023970,rating-breakdown,ball-carries,ball-carries,,,,Bournemouth,90.0,,74.6,4.9,73.6,20.6,,,,unresolvable,,,,rating-breakdown,True,74.6,4.9,73.6,20.6,ball-carry,True,,,
1464966,Rayan,14023970,rating-breakdown,ball-carries,ball-carries,,,,Bournemouth,90.0,,78.8,8.5,89.4,9.7,,,,unresolvable,,,,rating-breakdown,True,78.8,8.5,89.4,9.7,ball-carry,True,,,
1464966,Rayan,14023970,rating-breakdown,ball-carries,ball-carries,,,,Bournemouth,90.0,,73,5.9,85.5,11.9,,,,unresolvable,,,,rating-breakdown,True,73,5.9,85.5,11.9,ball-carry,True,,,
1464966,Rayan,14023970,rating-breakdown,ball-carries,ball-carries,,,,Bournemouth,90.0,,84.7,9.8,74.8,14.3,,,,unresolvable,,,,rating-breakdown,True,84.7,9.8,74.8,14.3,ball-carry,True,,,
1464966,Rayan,14023970,rating-breakdown,ball-carries,ball-carries,,,,Bournemouth,90.0,,86.9,5.5,98.1,23.3,,,,unresolvable,,,,rating-breakdown,True,86.9,5.5,98.1,23.3,ball-carry,True,,,
1464966,Rayan,14023970,rating-breakdown,ball-carries,ball-carries,,,,Bournemouth,90.0,,34.7,10,37.6,31.5,,,,unresolvable,,,,rating-breakdown,True,34.7,10,37.6,31.5,ball-carry,True,,,
1464966,Rayan,14023970,rating-breakdown,ball-carries,ball-carries,,,,Bournemouth,90.0,,41.2,94.5,40.1,89.7,,,,unresolvable,,,,rating-breakdown,True,41.2,94.5,40.1,89.7,ball-carry,True,,,
1464966,Rayan,14023970,rating-breakdown,ball-carries,ball-carries,,,,Bournemouth,90.0,,87.4,22.5,99.2,27.9,,,,unresolvable,,,,rating-breakdown,True,87.4,22.5,99.2,27.9,ball-carry,True,,,
1464966,Rayan,14023970,rating-breakdown,ball-carries,ball-carries,,,,Bournemouth,90.0,,66.4,20.6,65.5,13.7,,,,unresolvable,,,,rating-breakdown,True,66.4,20.6,65.5,13.7,ball-carry,True,,,
1464966,Rayan,14023970,rating-breakdown,ball-carries,ball-carries,,,,Bournemouth,90.0,,66.4,20.6,69.1,24.6,,,,unresolvable,,,,rating-breakdown,True,66.4,20.6,69.1,24.6,ball-carry,True,,,
1464966,Rayan,14023970,rating-breakdown,ball-carries,ball-carries,,,,Bournemouth,90.0,,55.1,1.9,62.4,4.3,,,,unresolvable,,,,rating-breakdown,True,55.1,1.9,62.4,4.3,ball-carry,True,,,
1464966,Rayan,14023970,rating-breakdown,ball-carries,ball-carries,,,,Bournemouth,90.0,,73.7,5.6,77.5,13.1,,,,unresolvable,,,,rating-breakdown,True,73.7,5.6,77.5,13.1,ball-carry,True,,,
1464966,Rayan,14023970,rating-breakdown,ball-carries,ball-carries,,,,Bournemouth,90.0,,70.1,2.2,79.7,23.9,,,,unresolvable,,,,rating-breakdown,True,70.1,2.2,79.7,23.9,ball-carry,True,,,
1464966,Rayan,14023970,rating-breakdown,ball-carries,ball-carries,,,,Bournemouth,90.0,,68.2,7.1,70.1,11.4,,,,unresolvable,,,,rating-breakdown,True,68.2,7.1,70.1,11.4,ball-carry,True,,,
1464966,Rayan,14023970,rating-breakdown,ball-carries,ball-carries,,,,Bournemouth,90.0,,69.8,4.1,73,3.2,,,,unresolvable,,,,rating-breakdown,True,69.8,4.1,73,3.2,ball-carry,True,,,
1464966,Rayan,14023970,rating-breakdown,ball-carries,ball-carries,,,,Bournemouth,90.0,,67.4,6.5,74.5,9.4,,,,unresolvable,,,,rating-breakdown,True,67.4,6.5,74.5,9.4,ball-carry,True,,,
1464966,Rayan,14023970,rating-breakdown,ball-carries,ball-carries,,,,Bournemouth,90.0,,71.6,3.5,90.9,7.8,,,,unresolvable,,,,rating-breakdown,True,71.6,3.5,90.9,7.8,ball-carry,True,,,
1464966,Rayan,14023970,rating-breakdown,ball-carries,ball-carries,,,,Bournemouth,90.0,,77.9,3.3,73.2,7,,,,unresolvable,,,,rating-breakdown,True,77.9,3.3,73.2,7,ball-carry,True,,,
1464966,Rayan,14023970,rating-breakdown,ball-carries,ball-carries,,,,Bournemouth,90.0,,70.1,10,73.4,9.8,,,,unresolvable,,,,rating-breakdown,True,70.1,10,73.4,9.8,ball-carry,True,,,
1464966,Rayan,14023970,rating-breakdown,dribbles,dribbles,,,,Bournemouth,90.0,,63.6,2.3,,,,,,unresolvable,,,,rating-breakdown,True,63.6,2.3,,,dribble,True,False,,
1464966,Rayan,14023970,rating-breakdown,dribbles,dribbles,,,,Bournemouth,90.0,,97.6,13.6,,,,,,unresolvable,,,,rating-breakdown,True,97.6,13.6,,,dribble,True,False,,
1464966,Rayan,14023970,rating-breakdown,dribbles,dribbles,,,,Bournemouth,90.0,,73,3.2,,,,,,unresolvable,,,,rating-breakdown,True,73,3.2,,,dribble,True,False,,
1464966,Rayan,14023970,rating-breakdown,dribbles,dribbles,,,,Bournemouth,90.0,,91.2,8,,,True,True,1,boolean_field,success,,True,rating-breakdown,True,91.2,8,,,dribble,True,False,,
1464966,Rayan,14023970,rating-breakdown,dribbles,dribbles,,,,Bournemouth,90.0,,73.1,11.1,,,True,True,1,boolean_field,success,,True,rating-breakdown,True,73.1,11.1,,,dribble,True,False,,
1464966,Rayan,14023970,rating-breakdown,defensive,defensive,,,,Bournemouth,90.0,,46.1,26.7,,,True,True,1,boolean_field,success,,True,rating-breakdown,True,46.1,26.7,,,interception,True,False,,
1464966,Rayan,14023970,rating-breakdown,defensive,defensive,,,,Bournemouth,90.0,,65.5,13.7,,,True,True,1,boolean_field,success,,True,rating-breakdown,True,65.5,13.7,,,ball-recovery,True,False,,
1464966,Rayan,14023970,rating-breakdown,defensive,defensive,,,,Bournemouth,90.0,,38.1,31.6,,,True,True,1,boolean_field,success,,True,rating-breakdown,True,38.1,31.6,,,ball-recovery,True,False,,
1464966,Rayan,14023970,rating-breakdown,defensive,defensive,,,,Bournemouth,90.0,,64.6,8.6,,,True,True,1,boolean_field,success,,True,rating-breakdown,True,64.6,8.6,,,tackle,True,False,,
1464966,Rayan,14023970,rating-breakdown,defensive,defensive,,,,Bournemouth,90.0,,66.2,13.8,,,True,True,1,boolean_field,success,,True,rating-breakdown,True,66.2,13.8,,,ball-recovery,True,False,,
1464966,Rayan,14023980,rating-breakdown,passes,passes,,,,Bournemouth,74.0,,72.3,7.9,59.6,6.5,True,True,1,boolean_field,success,True,,rating-breakdown,True,72.3,7.9,59.6,6.5,pass,True,False,,
1464966,Rayan,14023980,rating-breakdown,passes,passes,,,,Bournemouth,74.0,,80.4,14.4,65.9,17.7,True,True,1,boolean_field,success,True,,rating-breakdown,True,80.4,14.4,65.9,17.7,pass,True,False,,
1464966,Rayan,14023980,rating-breakdown,passes,passes,,,,Bournemouth,74.0,,94.5,13.7,97.2,49.7,,,,unresolvable,,,,rating-breakdown,True,94.5,13.7,97.2,49.7,cross,True,False,,
1464966,Rayan,14023980,rating-breakdown,passes,passes,,,,Bournemouth,74.0,,71.3,17.9,79.2,27.6,True,True,1,boolean_field,success,True,,rating-breakdown,True,71.3,17.9,79.2,27.6,pass,True,False,,
1464966,Rayan,14023980,rating-breakdown,passes,passes,,,,Bournemouth,74.0,,54.4,4.1,54.5,13.7,,,,unresolvable,,,,rating-breakdown,True,54.4,4.1,54.5,13.7,pass,True,False,,
1464966,Rayan,14023980,rating-breakdown,passes,passes,,,,Bournemouth,74.0,,53.7,3.4,40.7,5.2,True,True,1,boolean_field,success,True,,rating-breakdown,True,53.7,3.4,40.7,5.2,pass,True,False,,
1464966,Rayan,14023980,rating-breakdown,passes,passes,,,,Bournemouth,74.0,,46.8,6.5,41.8,1.3,True,True,1,boolean_field,success,True,,rating-breakdown,True,46.8,6.5,41.8,1.3,pass,True,False,,
1464966,Rayan,14023980,rating-breakdown,passes,passes,,,,Bournemouth,74.0,,67.2,18.9,94.9,29.5,,,,unresolvable,,,,rating-breakdown,True,67.2,18.9,94.9,29.5,pass,True,False,,
1464966,Rayan,14023980,rating-breakdown,passes,passes,,,,Bournemouth,74.0,,70.7,15.5,78.1,25.2,True,True,1,boolean_field,success,True,,rating-breakdown,True,70.7,15.5,78.1,25.2,pass,True,False,,
1464966,Rayan,14023980,rating-breakdown,passes,passes,,,,Bournemouth,74.0,,74,15.8,68.7,24.7,True,True,1,boolean_field,success,True,,rating-breakdown,True,74,15.8,68.7,24.7,pass,True,False,,
1464966,Rayan,14023980,rating-breakdown,passes,passes,,,,Bournemouth,74.0,,75,13.8,79.8,26.5,True,True,1,boolean_field,success,True,,rating-breakdown,True,75,13.8,79.8,26.5,pass,True,False,,
1464966,Rayan,14023980,rating-breakdown,passes,passes,,,,Bournemouth,74.0,,80.3,14.9,87.8,3.7,True,True,1,boolean_field,success,True,,rating-breakdown,True,80.3,14.9,87.8,3.7,pass,True,False,,
1464966,Rayan,14023980,rating-breakdown,passes,passes,,,,Bournemouth,74.0,,73.7,37.3,76.5,63.3,True,True,1,boolean_field,success,True,,rating-breakdown,True,73.7,37.3,76.5,63.3,pass,True,False,,
1464966,Rayan,14023980,rating-breakdown,passes,passes,,,,Bournemouth,74.0,,96.6,25.5,90.4,40.4,,,,unresolvable,,,,rating-breakdown,True,96.6,25.5,90.4,40.4,pass,True,False,,
1464966,Rayan,14023980,rating-breakdown,passes,passes,,,,Bournemouth,74.0,,97.9,24.7,91.3,47.8,,,,unresolvable,,,,rating-breakdown,True,97.9,24.7,91.3,47.8,cross,True,False,,
1464966,Rayan,14023980,rating-breakdown,passes,passes,,,,Bournemouth,74.0,,92.8,18.5,81.2,37.1,True,True,1,boolean_field,success,True,,rating-breakdown,True,92.8,18.5,81.2,37.1,pass,True,False,,
1464966,Rayan,14023980,rating-breakdown,passes,passes,,,,Bournemouth,74.0,,68.6,35.4,64.3,64.8,True,True,1,boolean_field,success,True,,rating-breakdown,True,68.6,35.4,64.3,64.8,pass,True,False,,
1464966,Rayan,14023980,rating-breakdown,passes,passes,,,,Bournemouth,74.0,,70.9,35,73.2,61.1,,,,unresolvable,,,,rating-breakdown,True,70.9,35,73.2,61.1,pass,True,False,,
1464966,Rayan,14023980,rating-breakdown,passes,passes,,,,Bournemouth,74.0,,40.2,4.4,26.7,10.6,True,True,1,boolean_field,success,True,,rating-breakdown,True,40.2,4.4,26.7,10.6,pass,True,False,,
1464966,Rayan,14023980,rating-breakdown,passes,passes,,,,Bournemouth,74.0,,74.9,37.3,78.8,19.7,True,True,1,boolean_field,success,True,,rating-breakdown,True,74.9,37.3,78.8,19.7,pass,True,False,,
1464966,Rayan,14023980,rating-breakdown,passes,passes,,,,Bournemouth,74.0,,82,28,85.8,15.9,True,True,1,boolean_field,success,True,,rating-breakdown,True,82,28,85.8,15.9,pass,True,False,,
1464966,Rayan,14023980,rating-breakdown,passes,passes,,,,Bournemouth,74.0,,58.8,11.9,60.7,12.6,,,,unresolvable,,,,rating-breakdown,True,58.8,11.9,60.7,12.6,pass,True,False,,
1464966,Rayan,14023980,rating-breakdown,ball-carries,ball-carries,,,,Bournemouth,74.0,,89.7,14.4,80.4,14.4,,,,unresolvable,,,,rating-breakdown,True,89.7,14.4,80.4,14.4,ball-carry,True,,,
1464966,Rayan,14023980,rating-breakdown,ball-carries,ball-carries,,,,Bournemouth,74.0,,77.4,4.1,94.5,13.7,,,,unresolvable,,,,rating-breakdown,True,77.4,4.1,94.5,13.7,ball-carry,True,,,
1464966,Rayan,14023980,rating-breakdown,ball-carries,ball-carries,,,,Bournemouth,74.0,,92.6,10,98.3,8.3,,,,unresolvable,,,,rating-breakdown,True,92.6,10,98.3,8.3,ball-carry,True,,,
1464966,Rayan,14023980,rating-breakdown,ball-carries,ball-carries,,,,Bournemouth,74.0,,75.4,2.6,70.7,15.5,,,,unresolvable,,,,rating-breakdown,True,75.4,2.6,70.7,15.5,ball-carry,True,,,
1464966,Rayan,14023980,rating-breakdown,ball-carries,ball-carries,,,,Bournemouth,74.0,,61.8,18.6,90.9,29.8,,,,unresolvable,,,,rating-breakdown,True,61.8,18.6,90.9,29.8,ball-carry,True,,,
1464966,Rayan,14023980,rating-breakdown,ball-carries,ball-carries,,,,Bournemouth,74.0,,73.5,10.1,74,15.8,,,,unresolvable,,,,rating-breakdown,True,73.5,10.1,74,15.8,ball-carry,True,,,
1464966,Rayan,14023980,rating-breakdown,ball-carries,ball-carries,,,,Bournemouth,74.0,,71.2,13.1,75,13.8,,,,unresolvable,,,,rating-breakdown,True,71.2,13.1,75,13.8,ball-carry,True,,,
1464966,Rayan,14023980,rating-breakdown,ball-carries,ball-carries,,,,Bournemouth,74.0,,65.9,26.1,80.3,14.9,,,,unresolvable,,,,rating-breakdown,True,65.9,26.1,80.3,14.9,ball-carry,True,,,
1464966,Rayan,14023980,rating-breakdown,ball-carries,ball-carries,,,,Bournemouth,74.0,,75.3,8.5,73.7,37.3,,,,unresolvable,,,,rating-breakdown,True,75.3,8.5,73.7,37.3,ball-carry,True,,,
1464966,Rayan,14023980,rating-breakdown,ball-carries,ball-carries,,,,Bournemouth,74.0,,76.4,0.4,91,15.6,,,,unresolvable,,,,rating-breakdown,True,76.4,0.4,91,15.6,ball-carry,True,,,
1464966,Rayan,14023980,rating-breakdown,ball-carries,ball-carries,,,,Bournemouth,74.0,,89.1,17.9,75.6,22.4,,,,unresolvable,,,,rating-breakdown,True,89.1,17.9,75.6,22.4,ball-carry,True,,,
1464966,Rayan,14023980,rating-breakdown,ball-carries,ball-carries,,,,Bournemouth,74.0,,74.3,38.9,70.9,35,,,,unresolvable,,,,rating-breakdown,True,74.3,38.9,70.9,35,ball-carry,True,,,
1464966,Rayan,14023980,rating-breakdown,ball-carries,ball-carries,,,,Bournemouth,74.0,,46.4,5.5,43,4.5,,,,unresolvable,,,,rating-breakdown,True,46.4,5.5,43,4.5,ball-carry,True,,,
1464966,Rayan,14023980,rating-breakdown,ball-carries,ball-carries,,,,Bournemouth,74.0,,48.3,42.8,74.9,37.3,,,,unresolvable,,,,rating-breakdown,True,48.3,42.8,74.9,37.3,ball-carry,True,,,
1464966,Rayan,14023980,rating-breakdown,ball-carries,ball-carries,,,,Bournemouth,74.0,,56.2,9.4,58.8,11.9,,,,unresolvable,,,,rating-breakdown,True,56.2,9.4,58.8,11.9,ball-carry,True,,,
1464966,Rayan,14023980,rating-breakdown,dribbles,dribbles,,,,Bournemouth,74.0,,76.3,6.2,,,,,,unresolvable,,,,rating-breakdown,True,76.3,6.2,,,dribble,True,False,,
1464966,Rayan,14023980,rating-breakdown,dribbles,dribbles,,,,Bournemouth,74.0,,91.9,16.1,,,True,True,1,boolean_field,success,,True,rating-breakdown,True,91.9,16.1,,,dribble,True,False,,
1464966,Rayan,14023980,rating-breakdown,dribbles,dribbles,,,,Bournemouth,74.0,,78.2,11.8,,,,,,unresolvable,,,,rating-breakdown,True,78.2,11.8,,,dribble,True,False,,
1464966,Rayan,14023980,rating-breakdown,dribbles,dribbles,,,,Bournemouth,74.0,,75.7,23,,,,,,unresolvable,,,,rating-breakdown,True,75.7,23,,,dribble,True,False,,
1464966,Rayan,14023980,rating-breakdown,defensive,defensive,,,,Bournemouth,74.0,,70,12.2,,,,,,unresolvable,,,,rating-breakdown,True,70,12.2,,,tackle,True,False,,
1464966,Rayan,14023980,rating-breakdown,defensive,defensive,,,,Bournemouth,74.0,,70.6,17.7,,,True,True,1,boolean_field,success,,True,rating-breakdown,True,70.6,17.7,,,ball-recovery,True,False,,
1464966,Rayan,14023980,rating-breakdown,defensive,defensive,,,,Bournemouth,74.0,,25,27.1,47.1,42.1,True,True,1,boolean_field,success,,True,rating-breakdown,True,25,27.1,47.1,42.1,clearance,True,False,,
1464966,Rayan,14023980,rating-breakdown,defensive,defensive,,,,Bournemouth,74.0,,53.6,1.6,,,True,True,1,boolean_field,success,,True,rating-breakdown,True,53.6,1.6,,,ball-recovery,True,False,,
1464966,Rayan,14023980,rating-breakdown,defensive,defensive,,,,Bournemouth,74.0,,13.2,40.4,45.4,68.5,True,True,1,boolean_field,success,,True,rating-breakdown,True,13.2,40.4,45.4,68.5,clearance,True,False,,
1464966,Rayan,14023980,rating-breakdown,defensive,defensive,,,,Bournemouth,74.0,,43,4.5,,,True,True,1,boolean_field,success,,True,rating-breakdown,True,43,4.5,,,ball-recovery,True,False,,
1464966,Rayan,14023980,rating-breakdown,defensive,defensive,,,,Bournemouth,74.0,,22.8,7.8,,,True,True,1,boolean_field,success,,True,rating-breakdown,True,22.8,7.8,,,tackle,True,False,,
1464966,Rayan,14023980,rating-breakdown,defensive,defensive,,,,Bournemouth,74.0,,5.1,34.6,27.5,52.2,True,True,1,boolean_field,success,,True,rating-breakdown,True,5.1,34.6,27.5,52.2,clearance,True,False,,
1464966,Rayan,14023988,rating-breakdown,passes,passes,,,,Bournemouth,87.0,,76.4,76.3,91.8,46.8,,,,unresolvable,,,,rating-breakdown,True,76.4,76.3,91.8,46.8,cross,False,False,,
1464966,Rayan,14023988,rating-breakdown,passes,passes,,,,Bournemouth,87.0,,60.9,94.2,53.7,80.7,True,True,1,boolean_field,success,True,,rating-breakdown,True,60.9,94.2,53.7,80.7,pass,False,False,,
1464966,Rayan,14023988,rating-breakdown,passes,passes,,,,Bournemouth,87.0,,86.1,93,86.1,92.1,,,,unresolvable,,,,rating-breakdown,True,86.1,93,86.1,92.1,pass,False,False,,
1464966,Rayan,14023988,rating-breakdown,passes,passes,,,,Bournemouth,87.0,,76.8,94.5,59.6,94.8,True,True,1,boolean_field,success,True,,rating-breakdown,True,76.8,94.5,59.6,94.8,pass,False,False,,
1464966,Rayan,14023988,rating-breakdown,passes,passes,,,,Bournemouth,87.0,,45.7,62.8,32.7,60.1,True,True,1,boolean_field,success,True,,rating-breakdown,True,45.7,62.8,32.7,60.1,pass,False,False,,
1464966,Rayan,14023988,rating-breakdown,passes,passes,,,,Bournemouth,87.0,,72.2,78.7,63.7,85.2,True,True,1,boolean_field,success,True,,rating-breakdown,True,72.2,78.7,63.7,85.2,pass,False,False,,
1464966,Rayan,14023988,rating-breakdown,passes,passes,,,,Bournemouth,87.0,,69.4,96.9,52,97,True,True,1,boolean_field,success,True,,rating-breakdown,True,69.4,96.9,52,97,pass,False,False,,
1464966,Rayan,14023988,rating-breakdown,passes,passes,,,,Bournemouth,87.0,,59.8,96.6,64.6,94.5,,,,unresolvable,,,,rating-breakdown,True,59.8,96.6,64.6,94.5,pass,False,False,,
1464966,Rayan,14023988,rating-breakdown,passes,passes,,,,Bournemouth,87.0,,24.6,85.5,53.3,51.9,,,,unresolvable,,,,rating-breakdown,True,24.6,85.5,53.3,51.9,pass,False,False,True,
1464966,Rayan,14023988,rating-breakdown,passes,passes,,,,Bournemouth,87.0,,91,87,92.3,53.8,,,,unresolvable,,,,rating-breakdown,True,91,87,92.3,53.8,cross,False,False,,
1464966,Rayan,14023988,rating-breakdown,passes,passes,,,,Bournemouth,87.0,,59.4,91.7,66.6,86.6,,,,unresolvable,,,,rating-breakdown,True,59.4,91.7,66.6,86.6,pass,False,False,,
1464966,Rayan,14023988,rating-breakdown,passes,passes,,,,Bournemouth,87.0,,40.2,93,34.9,73.8,True,True,1,boolean_field,success,True,,rating-breakdown,True,40.2,93,34.9,73.8,pass,False,False,,
1464966,Rayan,14023988,rating-breakdown,passes,passes,,,,Bournemouth,87.0,,77.2,67.5,84,28.9,True,True,1,boolean_field,success,True,,rating-breakdown,True,77.2,67.5,84,28.9,pass,False,False,,
1464966,Rayan,14023988,rating-breakdown,passes,passes,,,,Bournemouth,87.0,,91.8,21.6,78.6,15.6,True,True,1,boolean_field,success,True,,rating-breakdown,True,91.8,21.6,78.6,15.6,pass,False,False,,
1464966,Rayan,14023988,rating-breakdown,passes,passes,,,,Bournemouth,87.0,,75,78.3,100,69.7,,,,unresolvable,,,,rating-breakdown,True,75,78.3,100,69.7,pass,False,False,,
1464966,Rayan,14023988,rating-breakdown,passes,passes,,,,Bournemouth,87.0,,83.6,77.9,100,31.7,,,,unresolvable,,,,rating-breakdown,True,83.6,77.9,100,31.7,cross,False,False,True,
1464966,Rayan,14023988,rating-breakdown,passes,passes,,,,Bournemouth,87.0,,25.8,90.1,44.4,60.7,,,,unresolvable,,,,rating-breakdown,True,25.8,90.1,44.4,60.7,pass,False,False,True,
1464966,Rayan,14023988,rating-breakdown,passes,passes,,,,Bournemouth,87.0,,76.5,91.9,77.2,83.4,True,True,1,boolean_field,success,True,,rating-breakdown,True,76.5,91.9,77.2,83.4,pass,False,False,,
1464966,Rayan,14023988,rating-breakdown,passes,passes,,,,Bournemouth,87.0,,72.8,77.1,74.7,53.5,True,True,1,boolean_field,success,True,,rating-breakdown,True,72.8,77.1,74.7,53.5,pass,False,False,,
1464966,Rayan,14023988,rating-breakdown,passes,passes,,,,Bournemouth,87.0,,35.1,88.6,29.5,80.5,True,True,1,boolean_field,success,True,,rating-breakdown,True,35.1,88.6,29.5,80.5,pass,False,False,,
1464966,Rayan,14023988,rating-breakdown,passes,passes,,,,Bournemouth,87.0,,83.5,90.6,77.8,73,True,True,1,boolean_field,success,True,,rating-breakdown,True,83.5,90.6,77.8,73,pass,False,False,,
1464966,Rayan,14023988,rating-breakdown,passes,passes,,,,Bournemouth,87.0,,66.4,97.2,58.2,74.1,True,True,1,boolean_field,success,True,,rating-breakdown,True,66.4,97.2,58.2,74.1,pass,False,False,,
1464966,Rayan,14023988,rating-breakdown,passes,passes,,,,Bournemouth,87.0,,76.8,97.3,88.2,53.8,,,,unresolvable,,,,rating-breakdown,True,76.8,97.3,88.2,53.8,cross,False,False,,
1464966,Rayan,14023988,rating-breakdown,passes,passes,,,,Bournemouth,87.0,,79.1,90.7,78.6,70.3,True,True,1,boolean_field,success,True,,rating-breakdown,True,79.1,90.7,78.6,70.3,pass,False,False,,
1464966,Rayan,14023988,rating-breakdown,passes,passes,,,,Bournemouth,87.0,,78.5,79,79,63.1,True,True,1,boolean_field,success,True,,rating-breakdown,True,78.5,79,79,63.1,pass,False,False,,
1464966,Rayan,14023988,rating-breakdown,passes,passes,,,,Bournemouth,87.0,,87.1,72.3,93.2,23.4,,,,unresolvable,,,,rating-breakdown,True,87.1,72.3,93.2,23.4,cross,False,False,True,
1464966,Rayan,14023988,rating-breakdown,passes,passes,,,,Bournemouth,87.0,,72,67.2,85.8,0,,,,unresolvable,,,,rating-breakdown,True,72,67.2,85.8,0,pass,False,False,True,
1464966,Rayan,14023988,rating-breakdown,passes,passes,,,,Bournemouth,87.0,,92.7,90,74.4,91.8,True,True,1,boolean_field,success,True,,rating-breakdown,True,92.7,90,74.4,91.8,pass,False,False,,
1464966,Rayan,14023988,rating-breakdown,passes,passes,,,,Bournemouth,87.0,,72.6,75.7,71.7,64,True,True,1,boolean_field,success,True,,rating-breakdown,True,72.6,75.7,71.7,64,pass,False,False,,
1464966,Rayan,14023988,rating-breakdown,passes,passes,,,,Bournemouth,87.0,,30.8,91,20.7,84.3,True,True,1,boolean_field,success,True,,rating-breakdown,True,30.8,91,20.7,84.3,pass,False,False,,
1464966,Rayan,14023988,rating-breakdown,passes,passes,,,,Bournemouth,87.0,,64.6,96.7,46.6,91.2,True,True,1,boolean_field,success,True,,rating-breakdown,True,64.6,96.7,46.6,91.2,pass,False,False,,
1464966,Rayan,14023988,rating-breakdown,passes,passes,,,,Bournemouth,87.0,,67.5,83.2,91.6,79.8,,,,unresolvable,,,,rating-breakdown,True,67.5,83.2,91.6,79.8,pass,False,False,,
1464966,Rayan,14023988,rating-breakdown,passes,passes,,,,Bournemouth,87.0,,68.1,95.7,71.5,40.2,True,True,1,boolean_field,success,True,,rating-breakdown,True,68.1,95.7,71.5,40.2,pass,False,False,True,
1464966,Rayan,14023988,rating-breakdown,passes,passes,,,,Bournemouth,87.0,,33.1,64.9,23.5,64.5,True,True,1,boolean_field,success,True,,rating-breakdown,True,33.1,64.9,23.5,64.5,pass,False,False,,
1464966,Rayan,14023988,rating-breakdown,passes,passes,,,,Bournemouth,87.0,,35.2,64,31.8,81.1,True,True,1,boolean_field,success,True,,rating-breakdown,True,35.2,64,31.8,81.1,pass,False,False,,
1464966,Rayan,14023988,rating-breakdown,ball-carries,ball-carries,,,,Bournemouth,87.0,,73.1,76,76.4,76.3,,,,unresolvable,,,,rating-breakdown,True,73.1,76,76.4,76.3,ball-carry,False,,,
1464966,Rayan,14023988,rating-breakdown,ball-carries,ball-carries,,,,Bournemouth,87.0,,82.3,94,76.8,94.5,,,,unresolvable,,,,rating-breakdown,True,82.3,94,76.8,94.5,ball-carry,False,,,
1464966,Rayan,14023988,rating-breakdown,ball-carries,ball-carries,,,,Bournemouth,87.0,,33,67.6,45.7,62.8,,,,unresolvable,,,,rating-breakdown,True,33,67.6,45.7,62.8,ball-carry,False,,,
1464966,Rayan,14023988,rating-breakdown,ball-carries,ball-carries,,,,Bournemouth,87.0,,82.1,86.4,91,87,,,,unresolvable,,,,rating-breakdown,True,82.1,86.4,91,87,ball-carry,False,,,
1464966,Rayan,14023988,rating-breakdown,ball-carries,ball-carries,,,,Bournemouth,87.0,,47.2,96,77.2,67.5,,,,unresolvable,,,,rating-breakdown,True,47.2,96,77.2,67.5,ball-carry,False,,,
1464966,Rayan,14023988,rating-breakdown,ball-carries,ball-carries,,,,Bournemouth,87.0,,46.4,83.8,75,78.3,,,,unresolvable,,,,rating-breakdown,True,46.4,83.8,75,78.3,ball-carry,False,,,
1464966,Rayan,14023988,rating-breakdown,ball-carries,ball-carries,,,,Bournemouth,87.0,,68.5,68.4,83.4,78,,,,unresolvable,,,,rating-breakdown,True,68.5,68.4,83.4,78,ball-carry,False,,,
1464966,Rayan,14023988,rating-breakdown,ball-carries,ball-carries,,,,Bournemouth,87.0,,63.4,87.1,72.8,77.1,,,,unresolvable,,,,rating-breakdown,True,63.4,87.1,72.8,77.1,ball-carry,False,,,
1464966,Rayan,14023988,rating-breakdown,ball-carries,ball-carries,,,,Bournemouth,87.0,,68.2,80.7,83.5,90.6,,,,unresolvable,,,,rating-breakdown,True,68.2,80.7,83.5,90.6,ball-carry,False,,,
1464966,Rayan,14023988,rating-breakdown,ball-carries,ball-carries,,,,Bournemouth,87.0,,66.2,79.8,72,67.2,,,,unresolvable,,,,rating-breakdown,True,66.2,79.8,72,67.2,ball-carry,False,,,
1464966,Rayan,14023988,rating-breakdown,ball-carries,ball-carries,,,,Bournemouth,87.0,,70.8,66,78,70.1,,,,unresolvable,,,,rating-breakdown,True,70.8,66,78,70.1,ball-carry,False,,,
1464966,Rayan,14023988,rating-breakdown,ball-carries,ball-carries,,,,Bournemouth,87.0,,66.6,80.1,72.6,75.7,,,,unresolvable,,,,rating-breakdown,True,66.6,80.1,72.6,75.7,ball-carry,False,,,
1464966,Rayan,14023988,rating-breakdown,ball-carries,ball-carries,,,,Bournemouth,87.0,,23.6,88.9,30.8,91,,,,unresolvable,,,,rating-breakdown,True,23.6,88.9,30.8,91,ball-carry,False,,,
1464966,Rayan,14023988,rating-breakdown,defensive,defensive,,,,Bournemouth,87.0,,82.3,94,,,True,True,1,boolean_field,success,,True,rating-breakdown,True,82.3,94,,,ball-recovery,False,False,,
1464966,Rayan,14023988,rating-breakdown,defensive,defensive,,,,Bournemouth,87.0,,8.8,83.1,19.7,100,True,True,1,boolean_field,success,,True,rating-breakdown,True,8.8,83.1,19.7,100,clearance,False,False,,
1464966,Rayan,14023988,rating-breakdown,defensive,defensive,,,,Bournemouth,87.0,,24.8,83.4,,,True,True,1,boolean_field,success,,True,rating-breakdown,True,24.8,83.4,,,ball-recovery,False,False,,
1464966,Rayan,14023988,rating-breakdown,defensive,defensive,,,,Bournemouth,87.0,,6.4,46.6,10.3,80.4,True,True,1,boolean_field,success,,True,rating-breakdown,True,6.4,46.6,10.3,80.4,clearance,False,False,,
1464966,Rayan,14023988,rating-breakdown,defensive,defensive,,,,Bournemouth,87.0,,78.6,79,,,True,True,1,boolean_field,success,,True,rating-breakdown,True,78.6,79,,,ball-recovery,False,False,,
1464966,Rayan,14023988,rating-breakdown,defensive,defensive,,,,Bournemouth,87.0,,33.1,64.9,,,True,True,1,boolean_field,success,,True,rating-breakdown,True,33.1,64.9,,,ball-recovery,False,False,,
1464966,Rayan,14023997,rating-breakdown,passes,passes,,,,Bournemouth,87.0,,75.1,10.6,64.3,19.3,True,True,1,boolean_field,success,True,,rating-breakdown,True,75.1,10.6,64.3,19.3,pass,True,False,,
1464966,Rayan,14023997,rating-breakdown,passes,passes,,,,Bournemouth,87.0,,63,8.5,59.4,13.3,True,True,1,boolean_field,success,True,,rating-breakdown,True,63,8.5,59.4,13.3,pass,True,False,,
1464966,Rayan,14023997,rating-breakdown,passes,passes,,,,Bournemouth,87.0,,38.6,38.1,33.7,38.4,True,True,1,boolean_field,success,True,,rating-breakdown,True,38.6,38.1,33.7,38.4,pass,True,False,,
1464966,Rayan,14023997,rating-breakdown,passes,passes,,,,Bournemouth,87.0,,87.2,14,90.7,27.7,,,,unresolvable,,,,rating-breakdown,True,87.2,14,90.7,27.7,pass,True,False,,
1464966,Rayan,14023997,rating-breakdown,passes,passes,,,,Bournemouth,87.0,,92.6,10.8,77.2,17.2,True,True,1,boolean_field,success,True,,rating-breakdown,True,92.6,10.8,77.2,17.2,pass,True,False,,
1464966,Rayan,14023997,rating-breakdown,passes,passes,,,,Bournemouth,87.0,,94,8.8,95.5,43.4,True,True,1,boolean_field,success,True,,rating-breakdown,True,94,8.8,95.5,43.4,cross,True,True,,
1464966,Rayan,14023997,rating-breakdown,passes,passes,,,,Bournemouth,87.0,,71.8,6.4,57.8,14.1,True,True,1,boolean_field,success,True,,rating-breakdown,True,71.8,6.4,57.8,14.1,pass,True,False,,
1464966,Rayan,14023997,rating-breakdown,passes,passes,,,,Bournemouth,87.0,,76.2,7.3,82.6,19.6,,,,unresolvable,,,,rating-breakdown,True,76.2,7.3,82.6,19.6,pass,True,False,,
1464966,Rayan,14023997,rating-breakdown,passes,passes,,,,Bournemouth,87.0,,70.8,9.3,71.7,14.2,True,True,1,boolean_field,success,True,,rating-breakdown,True,70.8,9.3,71.7,14.2,pass,True,False,,
1464966,Rayan,14023997,rating-breakdown,passes,passes,,,,Bournemouth,87.0,,75.5,7.8,65.9,12.4,True,True,1,boolean_field,success,True,,rating-breakdown,True,75.5,7.8,65.9,12.4,pass,True,False,,
1464966,Rayan,14023997,rating-breakdown,passes,passes,,,,Bournemouth,87.0,,57.3,7.2,59.3,7.2,,,,unresolvable,,,,rating-breakdown,True,57.3,7.2,59.3,7.2,pass,True,False,,
1464966,Rayan,14023997,rating-breakdown,passes,passes,,,,Bournemouth,87.0,,93.7,12.1,89.4,12.9,,,,unresolvable,,,,rating-breakdown,True,93.7,12.1,89.4,12.9,cross,True,False,,
1464966,Rayan,14023997,rating-breakdown,passes,passes,,,,Bournemouth,87.0,,63.5,9.4,63,49.3,True,True,1,boolean_field,success,True,,rating-breakdown,True,63.5,9.4,63,49.3,pass,True,False,,
1464966,Rayan,14023997,rating-breakdown,passes,passes,,,,Bournemouth,87.0,,73,7.2,69,13.6,True,True,1,boolean_field,success,True,,rating-breakdown,True,73,7.2,69,13.6,pass,True,False,,
1464966,Rayan,14023997,rating-breakdown,passes,passes,,,,Bournemouth,87.0,,68.1,6,58.3,5.8,True,True,1,boolean_field,success,True,,rating-breakdown,True,68.1,6,58.3,5.8,pass,True,False,,
1464966,Rayan,14023997,rating-breakdown,passes,passes,,,,Bournemouth,87.0,,67.6,19.2,62.2,11.7,True,True,1,boolean_field,success,True,,rating-breakdown,True,67.6,19.2,62.2,11.7,pass,True,False,,
1464966,Rayan,14023997,rating-breakdown,passes,passes,,,,Bournemouth,87.0,,47,12.7,33.4,18.3,True,True,1,boolean_field,success,True,,rating-breakdown,True,47,12.7,33.4,18.3,pass,True,False,,
1464966,Rayan,14023997,rating-breakdown,passes,passes,,,,Bournemouth,87.0,,87.8,11.7,89.2,34.5,,,,unresolvable,,,,rating-breakdown,True,87.8,11.7,89.2,34.5,cross,True,False,,
1464966,Rayan,14023997,rating-breakdown,passes,passes,,,,Bournemouth,87.0,,38.7,48,53.9,51.7,True,True,1,boolean_field,success,True,,rating-breakdown,True,38.7,48,53.9,51.7,pass,True,False,,
1464966,Rayan,14023997,rating-breakdown,passes,passes,,,,Bournemouth,87.0,,69.3,24.7,69.5,33.9,,,,unresolvable,,,,rating-breakdown,True,69.3,24.7,69.5,33.9,pass,True,False,,
1464966,Rayan,14023997,rating-breakdown,passes,passes,,,,Bournemouth,87.0,,68,36.3,72.4,45.1,True,True,1,boolean_field,success,True,,rating-breakdown,True,68,36.3,72.4,45.1,pass,True,False,,
1464966,Rayan,14023997,rating-breakdown,passes,passes,,,,Bournemouth,87.0,,53.4,8.3,46.9,30.3,True,True,1,boolean_field,success,True,,rating-breakdown,True,53.4,8.3,46.9,30.3,pass,True,False,,
1464966,Rayan,14023997,rating-breakdown,passes,passes,,,,Bournemouth,87.0,,68,34.3,68.2,76.2,True,True,1,boolean_field,success,True,,rating-breakdown,True,68,34.3,68.2,76.2,pass,True,False,,
1464966,Rayan,14023997,rating-breakdown,passes,passes,,,,Bournemouth,87.0,,83.4,8.7,89.4,15.1,True,True,1,boolean_field,success,True,,rating-breakdown,True,83.4,8.7,89.4,15.1,pass,True,False,,
1464966,Rayan,14023997,rating-breakdown,passes,passes,,,,Bournemouth,87.0,,84.5,11.8,84.9,11.8,,,,unresolvable,,,,rating-breakdown,True,84.5,11.8,84.9,11.8,pass,True,False,,
1464966,Rayan,14023997,rating-breakdown,passes,passes,,,,Bournemouth,87.0,,74.1,13.5,71.3,22.6,True,True,1,boolean_field,success,True,,rating-breakdown,True,74.1,13.5,71.3,22.6,pass,True,False,,
1464966,Rayan,14023997,rating-breakdown,passes,passes,,,,Bournemouth,87.0,,67.9,21.6,54.5,58.2,True,True,1,boolean_field,success,True,,rating-breakdown,True,67.9,21.6,54.5,58.2,pass,True,False,,
1464966,Rayan,14023997,rating-breakdown,passes,passes,,,,Bournemouth,87.0,,50.1,15.4,40.5,17.5,True,True,1,boolean_field,success,True,,rating-breakdown,True,50.1,15.4,40.5,17.5,pass,True,False,,
1464966,Rayan,14023997,rating-breakdown,passes,passes,,,,Bournemouth,87.0,,77.7,7.2,67.1,19.2,True,True,1,boolean_field,success,True,,rating-breakdown,True,77.7,7.2,67.1,19.2,pass,True,False,,
1464966,Rayan,14023997,rating-breakdown,passes,passes,,,,Bournemouth,87.0,,59.5,10.2,51.3,34.2,True,True,1,boolean_field,success,True,,rating-breakdown,True,59.5,10.2,51.3,34.2,pass,True,False,,
1464966,Rayan,14023997,rating-breakdown,ball-carries,ball-carries,,,,Bournemouth,87.0,,84.7,30.4,89.1,32.1,,,,unresolvable,,,,rating-breakdown,True,84.7,30.4,89.1,32.1,ball-carry,True,,,
1464966,Rayan,14023997,rating-breakdown,ball-carries,ball-carries,,,,Bournemouth,87.0,,87.8,24.4,92.6,10.8,,,,unresolvable,,,,rating-breakdown,True,87.8,24.4,92.6,10.8,ball-carry,True,,,
1464966,Rayan,14023997,rating-breakdown,ball-carries,ball-carries,,,,Bournemouth,87.0,,79.2,6.9,94,8.8,,,,unresolvable,,,,rating-breakdown,True,79.2,6.9,94,8.8,ball-carry,True,,,
1464966,Rayan,14023997,rating-breakdown,ball-carries,ball-carries,,,,Bournemouth,87.0,,74.9,4.6,71.8,6.4,,,,unresolvable,,,,rating-breakdown,True,74.9,4.6,71.8,6.4,ball-carry,True,,,
1464966,Rayan,14023997,rating-breakdown,ball-carries,ball-carries,,,,Bournemouth,87.0,,77.4,7.8,93.7,12.1,,,,unresolvable,,,,rating-breakdown,True,77.4,7.8,93.7,12.1,ball-carry,True,,,
1464966,Rayan,14023997,rating-breakdown,ball-carries,ball-carries,,,,Bournemouth,87.0,,71.2,6.7,68.1,6,,,,unresolvable,,,,rating-breakdown,True,71.2,6.7,68.1,6,ball-carry,True,,,
1464966,Rayan,14023997,rating-breakdown,ball-carries,ball-carries,,,,Bournemouth,87.0,,52.3,13.8,47,12.7,,,,unresolvable,,,,rating-breakdown,True,52.3,13.8,47,12.7,ball-carry,True,,,
1464966,Rayan,14023997,rating-breakdown,ball-carries,ball-carries,,,,Bournemouth,87.0,,81.1,9.4,87.8,11.7,,,,unresolvable,,,,rating-breakdown,True,81.1,9.4,87.8,11.7,ball-carry,True,,,
1464966,Rayan,14023997,rating-breakdown,ball-carries,ball-carries,,,,Bournemouth,87.0,,68.4,14.7,69.3,24.7,,,,unresolvable,,,,rating-breakdown,True,68.4,14.7,69.3,24.7,ball-carry,True,,,
1464966,Rayan,14023997,rating-breakdown,ball-carries,ball-carries,,,,Bournemouth,87.0,,66.8,48.3,70.8,48,,,,unresolvable,,,,rating-breakdown,True,66.8,48.3,70.8,48,ball-carry,True,,,
1464966,Rayan,14023997,rating-breakdown,ball-carries,ball-carries,,,,Bournemouth,87.0,,71.3,21.3,84.4,28.2,,,,unresolvable,,,,rating-breakdown,True,71.3,21.3,84.4,28.2,ball-carry,True,,,
1464966,Rayan,14023997,rating-breakdown,ball-carries,ball-carries,,,,Bournemouth,87.0,,72.8,11.5,68,34.3,,,,unresolvable,,,,rating-breakdown,True,72.8,11.5,68,34.3,ball-carry,True,,,
1464966,Rayan,14023997,rating-breakdown,ball-carries,ball-carries,,,,Bournemouth,87.0,,66.2,39,82.5,29.4,,,,unresolvable,,,,rating-breakdown,True,66.2,39,82.5,29.4,ball-carry,True,,,
1464966,Rayan,14023997,rating-breakdown,dribbles,dribbles,,,,Bournemouth,87.0,,69.8,48.1,,,,,,unresolvable,,,,rating-breakdown,True,69.8,48.1,,,dribble,True,False,,
1464966,Rayan,14023997,rating-breakdown,defensive,defensive,,,,Bournemouth,87.0,,20.9,26.1,,,True,True,1,boolean_field,success,,True,rating-breakdown,True,20.9,26.1,,,interception,True,False,,
1464966,Rayan,14023997,rating-breakdown,defensive,defensive,,,,Bournemouth,87.0,,38.6,38.1,,,True,True,1,boolean_field,success,,True,rating-breakdown,True,38.6,38.1,,,ball-recovery,True,False,,
1464966,Rayan,14023997,rating-breakdown,defensive,defensive,,,,Bournemouth,87.0,,76.5,25.2,,,True,True,1,boolean_field,success,,True,rating-breakdown,True,76.5,25.2,,,ball-recovery,True,False,,
1464966,Rayan,14023997,rating-breakdown,defensive,defensive,,,,Bournemouth,87.0,,71.8,5.2,,,True,True,1,boolean_field,success,,True,rating-breakdown,True,71.8,5.2,,,tackle,True,False,,
1464966,Rayan,14023997,rating-breakdown,defensive,defensive,,,,Bournemouth,87.0,,14,29.5,30,38.8,True,True,1,boolean_field,success,,True,rating-breakdown,True,14,29.5,30,38.8,clearance,True,False,,
1464966,Rayan,14023997,rating-breakdown,defensive,defensive,,,,Bournemouth,87.0,,52.3,13.8,,,True,True,1,boolean_field,success,,True,rating-breakdown,True,52.3,13.8,,,ball-recovery,True,False,,
1464966,Rayan,14025021,rating-breakdown,passes,passes,,,,Bournemouth,70.0,,67.7,2.1,59.2,24.9,True,True,1,boolean_field,success,True,,rating-breakdown,True,67.7,2.1,59.2,24.9,pass,False,False,,
1464966,Rayan,14025021,rating-breakdown,passes,passes,,,,Bournemouth,70.0,,44.3,23.1,28,24.3,True,True,1,boolean_field,success,True,,rating-breakdown,True,44.3,23.1,28,24.3,pass,False,False,,
1464966,Rayan,14025021,rating-breakdown,passes,passes,,,,Bournemouth,70.0,,32,5.2,33.1,16.8,True,True,1,boolean_field,success,True,,rating-breakdown,True,32,5.2,33.1,16.8,pass,False,False,,
1464966,Rayan,14025021,rating-breakdown,passes,passes,,,,Bournemouth,70.0,,37.4,25.7,44.3,62.5,True,True,1,boolean_field,success,True,,rating-breakdown,True,37.4,25.7,44.3,62.5,pass,False,False,,
1464966,Rayan,14025021,rating-breakdown,passes,passes,,,,Bournemouth,70.0,,74.1,3.6,60.3,20.2,True,True,1,boolean_field,success,True,,rating-breakdown,True,74.1,3.6,60.3,20.2,pass,False,False,,
1464966,Rayan,14025021,rating-breakdown,passes,passes,,,,Bournemouth,70.0,,30,3.8,28.9,15.5,True,True,1,boolean_field,success,True,,rating-breakdown,True,30,3.8,28.9,15.5,pass,False,False,,
1464966,Rayan,14025021,rating-breakdown,passes,passes,,,,Bournemouth,70.0,,88,17.9,89.5,44.5,True,True,1,boolean_field,success,True,,rating-breakdown,True,88,17.9,89.5,44.5,cross,False,True,,
1464966,Rayan,14025021,rating-breakdown,passes,passes,,,,Bournemouth,70.0,,77.3,14.1,75.8,27.9,True,True,1,boolean_field,success,True,,rating-breakdown,True,77.3,14.1,75.8,27.9,pass,False,False,,
1464966,Rayan,14025021,rating-breakdown,passes,passes,,,,Bournemouth,70.0,,77.9,37.8,85.8,53,,,,unresolvable,,,,rating-breakdown,True,77.9,37.8,85.8,53,pass,False,False,,
1464966,Rayan,14025021,rating-breakdown,passes,passes,,,,Bournemouth,70.0,,44.4,21.2,51.3,28.5,True,True,1,boolean_field,success,True,,rating-breakdown,True,44.4,21.2,51.3,28.5,pass,False,False,,
1464966,Rayan,14025021,rating-breakdown,passes,passes,,,,Bournemouth,70.0,,86.6,31.7,87.7,34.2,,,,unresolvable,,,,rating-breakdown,True,86.6,31.7,87.7,34.2,pass,False,False,,
1464966,Rayan,14025021,rating-breakdown,passes,passes,,,,Bournemouth,70.0,,77.1,35.3,76.8,46.9,,,,unresolvable,,,,rating-breakdown,True,77.1,35.3,76.8,46.9,pass,False,False,,
1464966,Rayan,14025021,rating-breakdown,passes,passes,,,,Bournemouth,70.0,,57.4,7.1,46.6,20.2,True,True,1,boolean_field,success,True,,rating-breakdown,True,57.4,7.1,46.6,20.2,pass,False,False,,
1464966,Rayan,14025021,rating-breakdown,passes,passes,,,,Bournemouth,70.0,,70.8,9.4,64.9,8.8,True,True,1,boolean_field,success,True,,rating-breakdown,True,70.8,9.4,64.9,8.8,pass,False,False,,
1464966,Rayan,14025021,rating-breakdown,passes,passes,,,,Bournemouth,70.0,,76.7,8.8,68.1,9.4,True,True,1,boolean_field,success,True,,rating-breakdown,True,76.7,8.8,68.1,9.4,pass,False,False,,
1464966,Rayan,14025021,rating-breakdown,passes,passes,,,,Bournemouth,70.0,,58.3,4.9,37.9,35.6,True,True,1,boolean_field,success,True,,rating-breakdown,True,58.3,4.9,37.9,35.6,pass,False,False,,
1464966,Rayan,14025021,rating-breakdown,passes,passes,,,,Bournemouth,70.0,,67.8,14.8,59.7,9.1,True,True,1,boolean_field,success,True,,rating-breakdown,True,67.8,14.8,59.7,9.1,pass,False,False,,
1464966,Rayan,14025021,rating-breakdown,passes,passes,,,,Bournemouth,70.0,,45,5.8,70.5,24.9,,,,unresolvable,,,,rating-breakdown,True,45,5.8,70.5,24.9,pass,False,False,,
1464966,Rayan,14025021,rating-breakdown,ball-carries,ball-carries,,,,Bournemouth,70.0,,34.8,19,34.8,27.9,,,,unresolvable,,,,rating-breakdown,True,34.8,19,34.8,27.9,ball-carry,False,,,
1464966,Rayan,14025021,rating-breakdown,ball-carries,ball-carries,,,,Bournemouth,70.0,,35.5,11,37.4,25.7,,,,unresolvable,,,,rating-breakdown,True,35.5,11,37.4,25.7,ball-carry,False,,,
1464966,Rayan,14025021,rating-breakdown,ball-carries,ball-carries,,,,Bournemouth,70.0,,76.2,14.1,88,17.9,,,,unresolvable,,,,rating-breakdown,True,76.2,14.1,88,17.9,ball-carry,False,,,
1464966,Rayan,14025021,rating-breakdown,ball-carries,ball-carries,,,,Bournemouth,70.0,,78,4.6,77.3,14.1,,,,unresolvable,,,,rating-breakdown,True,78,4.6,77.3,14.1,ball-carry,False,,,
1464966,Rayan,14025021,rating-breakdown,ball-carries,ball-carries,,,,Bournemouth,70.0,,62.1,4.1,57.4,7.1,,,,unresolvable,,,,rating-breakdown,True,62.1,4.1,57.4,7.1,ball-carry,False,,,
1464966,Rayan,14025021,rating-breakdown,ball-carries,ball-carries,,,,Bournemouth,70.0,,61.1,3.6,58.3,4.9,,,,unresolvable,,,,rating-breakdown,True,61.1,3.6,58.3,4.9,ball-carry,False,,,
1464966,Rayan,14025021,rating-breakdown,dribbles,dribbles,,,,Bournemouth,70.0,,34.8,27.9,,,True,True,1,boolean_field,success,,True,rating-breakdown,True,34.8,27.9,,,dribble,False,False,,
1464966,Rayan,14025021,rating-breakdown,defensive,defensive,,,,Bournemouth,70.0,,34.8,19,,,True,True,1,boolean_field,success,,True,rating-breakdown,True,34.8,19,,,ball-recovery,False,False,,
1464966,Rayan,14025021,rating-breakdown,defensive,defensive,,,,Bournemouth,70.0,,44,6.9,,,True,True,1,boolean_field,success,,True,rating-breakdown,True,44,6.9,,,interception,False,False,,
1464966,Rayan,14025021,rating-breakdown,defensive,defensive,,,,Bournemouth,70.0,,15.4,49.5,19.4,34.3,True,True,1,boolean_field,success,,True,rating-breakdown,True,15.4,49.5,19.4,34.3,clearance,False,False,,
1464966,Rayan,14025021,rating-breakdown,defensive,defensive,,,,Bournemouth,70.0,,92.3,8.2,,,,,,unresolvable,,,,rating-breakdown,True,92.3,8.2,,,tackle,False,False,,
1464966,Rayan,14025040,rating-breakdown,passes,passes,,,,Bournemouth,78.0,,51,4.9,71.1,31.1,,,,unresolvable,,,,rating-breakdown,True,51,4.9,71.1,31.1,pass,False,False,,
1464966,Rayan,14025040,rating-breakdown,passes,passes,,,,Bournemouth,78.0,,60.4,2.5,68,30.4,,,,unresolvable,,,,rating-breakdown,True,60.4,2.5,68,30.4,pass,False,False,,
1464966,Rayan,14025040,rating-breakdown,passes,passes,,,,Bournemouth,78.0,,45.6,3.2,17.4,8.2,True,True,1,boolean_field,success,True,,rating-breakdown,True,45.6,3.2,17.4,8.2,pass,False,False,,
1464966,Rayan,14025040,rating-breakdown,passes,passes,,,,Bournemouth,78.0,,84.2,5.5,83.5,14.5,True,True,1,boolean_field,success,True,,rating-breakdown,True,84.2,5.5,83.5,14.5,pass,False,False,,
1464966,Rayan,14025040,rating-breakdown,passes,passes,,,,Bournemouth,78.0,,83.9,4.2,69.3,19.7,True,True,1,boolean_field,success,True,,rating-breakdown,True,83.9,4.2,69.3,19.7,pass,False,False,,
1464966,Rayan,14025040,rating-breakdown,passes,passes,,,,Bournemouth,78.0,,82.2,12.8,71.4,23.8,True,True,1,boolean_field,success,True,,rating-breakdown,True,82.2,12.8,71.4,23.8,pass,False,False,,
1464966,Rayan,14025040,rating-breakdown,passes,passes,,,,Bournemouth,78.0,,82.6,5.6,90.6,39.9,,,,unresolvable,,,,rating-breakdown,True,82.6,5.6,90.6,39.9,cross,False,False,,
1464966,Rayan,14025040,rating-breakdown,passes,passes,,,,Bournemouth,78.0,,28.6,4.8,19.6,9.5,True,True,1,boolean_field,success,True,,rating-breakdown,True,28.6,4.8,19.6,9.5,pass,False,False,,
1464966,Rayan,14025040,rating-breakdown,passes,passes,,,,Bournemouth,78.0,,51.9,15.4,56.9,23.6,,,,unresolvable,,,,rating-breakdown,True,51.9,15.4,56.9,23.6,pass,False,False,,
1464966,Rayan,14025040,rating-breakdown,passes,passes,,,,Bournemouth,78.0,,40.5,5.1,56,6.9,,,,unresolvable,,,,rating-breakdown,True,40.5,5.1,56,6.9,pass,False,False,,
1464966,Rayan,14025040,rating-breakdown,passes,passes,,,,Bournemouth,78.0,,56.5,13.4,52.8,29.5,True,True,1,boolean_field,success,True,,rating-breakdown,True,56.5,13.4,52.8,29.5,pass,False,False,,
1464966,Rayan,14025040,rating-breakdown,passes,passes,,,,Bournemouth,78.0,,60,7.6,51,16.2,True,True,1,boolean_field,success,True,,rating-breakdown,True,60,7.6,51,16.2,pass,False,False,,
1464966,Rayan,14025040,rating-breakdown,passes,passes,,,,Bournemouth,78.0,,68.8,28.2,89,12.6,True,True,1,boolean_field,success,True,,rating-breakdown,True,68.8,28.2,89,12.6,pass,False,False,,
1464966,Rayan,14025040,rating-breakdown,passes,passes,,,,Bournemouth,78.0,,26.6,10.1,30.3,30.7,True,True,1,boolean_field,success,True,,rating-breakdown,True,26.6,10.1,30.3,30.7,pass,False,False,,
1464966,Rayan,14025040,rating-breakdown,passes,passes,,,,Bournemouth,78.0,,70.6,5.3,65.1,8.9,True,True,1,boolean_field,success,True,,rating-breakdown,True,70.6,5.3,65.1,8.9,pass,False,False,,
1464966,Rayan,14025040,rating-breakdown,passes,passes,,,,Bournemouth,78.0,,47.4,4.7,37.9,13.1,True,True,1,boolean_field,success,True,,rating-breakdown,True,47.4,4.7,37.9,13.1,pass,False,False,,
1464966,Rayan,14025040,rating-breakdown,passes,passes,,,,Bournemouth,78.0,,57.1,10.7,79.3,7.2,,,,unresolvable,,,,rating-breakdown,True,57.1,10.7,79.3,7.2,pass,False,False,,
1464966,Rayan,14025040,rating-breakdown,passes,passes,,,,Bournemouth,78.0,,95.7,30.9,98.1,48.8,True,True,1,boolean_field,success,True,,rating-breakdown,True,95.7,30.9,98.1,48.8,pass,False,True,,True
1464966,Rayan,14025040,rating-breakdown,passes,passes,,,,Bournemouth,78.0,,59.7,12.1,82.7,7.7,,,,unresolvable,,,,rating-breakdown,True,59.7,12.1,82.7,7.7,pass,False,False,,
1464966,Rayan,14025040,rating-breakdown,passes,passes,,,,Bournemouth,78.0,,45.8,33.7,46,56.2,True,True,1,boolean_field,success,True,,rating-breakdown,True,45.8,33.7,46,56.2,pass,False,False,,
1464966,Rayan,14025040,rating-breakdown,passes,passes,,,,Bournemouth,78.0,,37,6.2,41.5,5.6,,,,unresolvable,,,,rating-breakdown,True,37,6.2,41.5,5.6,pass,False,False,,
1464966,Rayan,14025040,rating-breakdown,passes,passes,,,,Bournemouth,78.0,,76.1,13.1,89.3,24.3,True,True,1,boolean_field,success,True,,rating-breakdown,True,76.1,13.1,89.3,24.3,pass,False,False,,
1464966,Rayan,14025040,rating-breakdown,passes,passes,,,,Bournemouth,78.0,,75.5,30.8,74.6,42.6,True,True,1,boolean_field,success,True,,rating-breakdown,True,75.5,30.8,74.6,42.6,pass,False,False,,
1464966,Rayan,14025040,rating-breakdown,passes,passes,,,,Bournemouth,78.0,,27.1,40.7,33.5,38.3,,,,unresolvable,,,,rating-breakdown,True,27.1,40.7,33.5,38.3,pass,False,False,,
1464966,Rayan,14025040,rating-breakdown,passes,passes,,,,Bournemouth,78.0,,62.9,50.9,61.3,59.7,True,True,1,boolean_field,success,True,,rating-breakdown,True,62.9,50.9,61.3,59.7,pass,False,False,,
1464966,Rayan,14025040,rating-breakdown,passes,passes,,,,Bournemouth,78.0,,71.8,8.4,66,29.5,True,True,1,boolean_field,success,True,,rating-breakdown,True,71.8,8.4,66,29.5,pass,False,False,,
1464966,Rayan,14025040,rating-breakdown,passes,passes,,,,Bournemouth,78.0,,45.4,9.8,35.7,28.6,True,True,1,boolean_field,success,True,,rating-breakdown,True,45.4,9.8,35.7,28.6,pass,False,False,,
1464966,Rayan,14025040,rating-breakdown,passes,passes,,,,Bournemouth,78.0,,68.5,13.5,57.7,25.4,True,True,1,boolean_field,success,True,,rating-breakdown,True,68.5,13.5,57.7,25.4,pass,False,False,,
1464966,Rayan,14025040,rating-breakdown,passes,passes,,,,Bournemouth,78.0,,75.8,4,63.5,11.6,True,True,1,boolean_field,success,True,,rating-breakdown,True,75.8,4,63.5,11.6,pass,False,False,,
1464966,Rayan,14025040,rating-breakdown,passes,passes,,,,Bournemouth,78.0,,10,17.2,70.2,47.7,,,,unresolvable,,,,rating-breakdown,True,10,17.2,70.2,47.7,pass,False,False,True,
1464966,Rayan,14025040,rating-breakdown,passes,passes,,,,Bournemouth,78.0,,42,20.7,54.6,41.3,,,,unresolvable,,,,rating-breakdown,True,42,20.7,54.6,41.3,pass,False,False,,
1464966,Rayan,14025040,rating-breakdown,ball-carries,ball-carries,,,,Bournemouth,78.0,,52.3,9.4,48.4,4.3,,,,unresolvable,,,,rating-breakdown,True,52.3,9.4,48.4,4.3,ball-carry,False,,,
1464966,Rayan,14025040,rating-breakdown,ball-carries,ball-carries,,,,Bournemouth,78.0,,48.4,4.3,45.6,3.2,,,,unresolvable,,,,rating-breakdown,True,48.4,4.3,45.6,3.2,ball-carry,False,,,
1464966,Rayan,14025040,rating-breakdown,ball-carries,ball-carries,,,,Bournemouth,78.0,,33.1,4,28.6,4.8,,,,unresolvable,,,,rating-breakdown,True,33.1,4,28.6,4.8,ball-carry,False,,,
1464966,Rayan,14025040,rating-breakdown,ball-carries,ball-carries,,,,Bournemouth,78.0,,57.1,7.2,56.5,13.4,,,,unresolvable,,,,rating-breakdown,True,57.1,7.2,56.5,13.4,ball-carry,False,,,
1464966,Rayan,14025040,rating-breakdown,ball-carries,ball-carries,,,,Bournemouth,78.0,,63.6,4.3,60,7.6,,,,unresolvable,,,,rating-breakdown,True,63.6,4.3,60,7.6,ball-carry,False,,,
1464966,Rayan,14025040,rating-breakdown,ball-carries,ball-carries,,,,Bournemouth,78.0,,56.9,26.7,68.8,28.2,,,,unresolvable,,,,rating-breakdown,True,56.9,26.7,68.8,28.2,ball-carry,False,,,
1464966,Rayan,14025040,rating-breakdown,ball-carries,ball-carries,,,,Bournemouth,78.0,,79.3,9.7,97.4,28.7,,,,unresolvable,,,,rating-breakdown,True,79.3,9.7,97.4,28.7,ball-carry,False,,,
1464966,Rayan,14025040,rating-breakdown,ball-carries,ball-carries,,,,Bournemouth,78.0,,46.7,19.4,45.8,33.7,,,,unresolvable,,,,rating-breakdown,True,46.7,19.4,45.8,33.7,ball-carry,False,,,
1464966,Rayan,14025040,rating-breakdown,ball-carries,ball-carries,,,,Bournemouth,78.0,,33.5,16.5,37,6.2,,,,unresolvable,,,,rating-breakdown,True,33.5,16.5,37,6.2,ball-carry,False,,,
1464966,Rayan,14025040,rating-breakdown,ball-carries,ball-carries,,,,Bournemouth,78.0,,67.1,5.3,74.6,14.1,,,,unresolvable,,,,rating-breakdown,True,67.1,5.3,74.6,14.1,ball-carry,False,,,
1464966,Rayan,14025040,rating-breakdown,ball-carries,ball-carries,,,,Bournemouth,78.0,,55.3,13.7,95.2,20.6,,,,unresolvable,,,,rating-breakdown,True,55.3,13.7,95.2,20.6,ball-carry,False,,,
1464966,Rayan,14025040,rating-breakdown,dribbles,dribbles,,,,Bournemouth,78.0,,54.6,43.6,,,True,True,1,boolean_field,success,,True,rating-breakdown,True,54.6,43.6,,,dribble,False,False,,
1464966,Rayan,14025040,rating-breakdown,dribbles,dribbles,,,,Bournemouth,78.0,,10,11.4,,,,,,unresolvable,,,,rating-breakdown,True,10,11.4,,,dribble,False,False,,
1464966,Rayan,14025040,rating-breakdown,defensive,defensive,,,,Bournemouth,78.0,,48.4,4.3,,,True,True,1,boolean_field,success,,True,rating-breakdown,True,48.4,4.3,,,ball-recovery,False,False,,
1464966,Rayan,14025040,rating-breakdown,defensive,defensive,,,,Bournemouth,78.0,,22.9,25.9,,,True,True,1,boolean_field,success,,True,rating-breakdown,True,22.9,25.9,,,interception,False,False,,
1464966,Rayan,14025040,rating-breakdown,defensive,defensive,,,,Bournemouth,78.0,,27.2,9.4,,,True,True,1,boolean_field,success,,True,rating-breakdown,True,27.2,9.4,,,ball-recovery,False,False,,
1464966,Rayan,14025040,rating-breakdown,defensive,defensive,,,,Bournemouth,78.0,,46.7,19.4,,,True,True,1,boolean_field,success,,True,rating-breakdown,True,46.7,19.4,,,ball-recovery,False,False,,
1464966,Rayan,14025040,rating-breakdown,defensive,defensive,,,,Bournemouth,78.0,,62.9,50.9,,,True,True,1,boolean_field,success,,True,rating-breakdown,True,62.9,50.9,,,ball-recovery,False,False,,
1464966,Rayan,14025040,rating-breakdown,defensive,defensive,,,,Bournemouth,78.0,,6.1,15.4,,,True,True,1,boolean_field,success,,True,rating-breakdown,True,6.1,15.4,,,tackle,False,False,,
1464966,Rayan,14025040,rating-breakdown,defensive,defensive,,,,Bournemouth,78.0,,7.4,18.3,,,True,True,1,boolean_field,success,,True,rating-breakdown,True,7.4,18.3,,,ball-recovery,False,False,,
1464966,Rayan,14025044,rating-breakdown,passes,passes,,,,Bournemouth,23.0,,53.2,94,73,91.2,,,,unresolvable,,,,rating-breakdown,True,53.2,94,73,91.2,pass,True,False,True,
1464966,Rayan,14025044,rating-breakdown,passes,passes,,,,Bournemouth,23.0,,64.4,83.5,40.7,82,True,True,1,boolean_field,success,True,,rating-breakdown,True,64.4,83.5,40.7,82,pass,True,False,,
1464966,Rayan,14025044,rating-breakdown,passes,passes,,,,Bournemouth,23.0,,68.6,95.4,59.7,94.9,True,True,1,boolean_field,success,True,,rating-breakdown,True,68.6,95.4,59.7,94.9,pass,True,False,,
1464966,Rayan,14025044,rating-breakdown,passes,passes,,,,Bournemouth,23.0,,82.6,90.4,93.5,69.7,,,,unresolvable,,,,rating-breakdown,True,82.6,90.4,93.5,69.7,cross,True,False,,
1464966,Rayan,14025044,rating-breakdown,passes,passes,,,,Bournemouth,23.0,,71.3,96.3,68.9,93,True,True,1,boolean_field,success,True,,rating-breakdown,True,71.3,96.3,68.9,93,pass,True,False,,
1464966,Rayan,14025044,rating-breakdown,ball-carries,ball-carries,,,,Bournemouth,23.0,,89.7,79.9,87.1,72.8,,,,unresolvable,,,,rating-breakdown,True,89.7,79.9,87.1,72.8,ball-carry,True,,,
1464966,Rayan,14025044,rating-breakdown,ball-carries,ball-carries,,,,Bournemouth,23.0,,75.3,84.9,80.1,79.8,,,,unresolvable,,,,rating-breakdown,True,75.3,84.9,80.1,79.8,ball-carry,True,,,
1464966,Rayan,14025044,rating-breakdown,ball-carries,ball-carries,,,,Bournemouth,23.0,,79,94,82.6,90.4,,,,unresolvable,,,,rating-breakdown,True,79,94,82.6,90.4,ball-carry,True,,,
1464966,Rayan,14025044,rating-breakdown,ball-carries,ball-carries,,,,Bournemouth,23.0,,88.8,91,77.6,89.2,,,,unresolvable,,,,rating-breakdown,True,88.8,91,77.6,89.2,ball-carry,True,,,
1464966,Rayan,14025044,rating-breakdown,ball-carries,ball-carries,,,,Bournemouth,23.0,,10.1,79.5,10.5,84,,,,unresolvable,,,,rating-breakdown,True,10.1,79.5,10.5,84,ball-carry,True,,,
1464966,Rayan,14025044,rating-breakdown,dribbles,dribbles,,,,Bournemouth,23.0,,36.6,87.8,,,,,,unresolvable,,,,rating-breakdown,True,36.6,87.8,,,dribble,True,False,,
1464966,Rayan,14025044,rating-breakdown,dribbles,dribbles,,,,Bournemouth,23.0,,77.6,89.2,,,,,,unresolvable,,,,rating-breakdown,True,77.6,89.2,,,dribble,True,False,,
1464966,Rayan,14025044,rating-breakdown,dribbles,dribbles,,,,Bournemouth,23.0,,76.6,87,,,,,,unresolvable,,,,rating-breakdown,True,76.6,87,,,dribble,True,False,,
1464966,Rayan,14025044,rating-breakdown,defensive,defensive,,,,Bournemouth,23.0,,10.5,84,45.3,90.9,True,True,1,boolean_field,success,,True,rating-breakdown,True,10.5,84,45.3,90.9,clearance,True,False,,
1464966,Rayan,14024023,rating-breakdown,passes,passes,,,,Bournemouth,86.0,,54.1,7.5,53.9,9.4,,,,unresolvable,,,,rating-breakdown,True,54.1,7.5,53.9,9.4,pass,True,False,,
1464966,Rayan,14024023,rating-breakdown,passes,passes,,,,Bournemouth,86.0,,60.8,3.4,61.6,11.2,True,True,1,boolean_field,success,True,,rating-breakdown,True,60.8,3.4,61.6,11.2,pass,True,False,,
1464966,Rayan,14024023,rating-breakdown,passes,passes,,,,Bournemouth,86.0,,68.3,4.2,45.8,5.7,True,True,1,boolean_field,success,True,,rating-breakdown,True,68.3,4.2,45.8,5.7,pass,True,False,,
1464966,Rayan,14024023,rating-breakdown,passes,passes,,,,Bournemouth,86.0,,65.6,4.9,39.1,10.8,True,True,1,boolean_field,success,True,,rating-breakdown,True,65.6,4.9,39.1,10.8,pass,True,False,,
1464966,Rayan,14024023,rating-breakdown,passes,passes,,,,Bournemouth,86.0,,33.9,28.8,36.5,53.4,True,True,1,boolean_field,success,True,,rating-breakdown,True,33.9,28.8,36.5,53.4,pass,True,False,,
1464966,Rayan,14024023,rating-breakdown,passes,passes,,,,Bournemouth,86.0,,64.7,2.3,53,6,True,True,1,boolean_field,success,True,,rating-breakdown,True,64.7,2.3,53,6,pass,True,False,,
1464966,Rayan,14024023,rating-breakdown,passes,passes,,,,Bournemouth,86.0,,17.4,9.9,20.3,17.1,True,True,1,boolean_field,success,True,,rating-breakdown,True,17.4,9.9,20.3,17.1,pass,True,False,,
1464966,Rayan,14024023,rating-breakdown,passes,passes,,,,Bournemouth,86.0,,77.4,11.7,80.9,25.2,,,,unresolvable,,,,rating-breakdown,True,77.4,11.7,80.9,25.2,pass,True,False,,
1464966,Rayan,14024023,rating-breakdown,passes,passes,,,,Bournemouth,86.0,,73.6,4,59.2,10,True,True,1,boolean_field,success,True,,rating-breakdown,True,73.6,4,59.2,10,pass,True,False,,
1464966,Rayan,14024023,rating-breakdown,passes,passes,,,,Bournemouth,86.0,,63.6,27.3,70.8,33.9,,,,unresolvable,,,,rating-breakdown,True,63.6,27.3,70.8,33.9,pass,True,False,,
1464966,Rayan,14024023,rating-breakdown,passes,passes,,,,Bournemouth,86.0,,63.2,2.1,75.9,6.7,True,True,1,boolean_field,success,True,,rating-breakdown,True,63.2,2.1,75.9,6.7,pass,True,False,,
1464966,Rayan,14024023,rating-breakdown,passes,passes,,,,Bournemouth,86.0,,45.9,9.6,28.6,24.6,True,True,1,boolean_field,success,True,,rating-breakdown,True,45.9,9.6,28.6,24.6,pass,True,False,,
1464966,Rayan,14024023,rating-breakdown,passes,passes,,,,Bournemouth,86.0,,70.1,3.9,51.2,32.7,True,True,1,boolean_field,success,True,,rating-breakdown,True,70.1,3.9,51.2,32.7,pass,True,False,,
1464966,Rayan,14024023,rating-breakdown,passes,passes,,,,Bournemouth,86.0,,93.3,25.2,95.4,42.7,,,,unresolvable,,,,rating-breakdown,True,93.3,25.2,95.4,42.7,pass,True,False,,
1464966,Rayan,14024023,rating-breakdown,passes,passes,,,,Bournemouth,86.0,,84.7,19.9,76.3,47.1,True,True,1,boolean_field,success,True,,rating-breakdown,True,84.7,19.9,76.3,47.1,pass,True,False,,
1464966,Rayan,14024023,rating-breakdown,passes,passes,,,,Bournemouth,86.0,,55.4,7.3,42.7,36.4,True,True,1,boolean_field,success,True,,rating-breakdown,True,55.4,7.3,42.7,36.4,pass,True,False,,
1464966,Rayan,14024023,rating-breakdown,passes,passes,,,,Bournemouth,86.0,,63.5,37.9,87.7,39.3,True,True,1,boolean_field,success,True,,rating-breakdown,True,63.5,37.9,87.7,39.3,pass,True,False,,
1464966,Rayan,14024023,rating-breakdown,passes,passes,,,,Bournemouth,86.0,,65.4,11.5,60.6,15.7,True,True,1,boolean_field,success,True,,rating-breakdown,True,65.4,11.5,60.6,15.7,pass,True,False,,
1464966,Rayan,14024023,rating-breakdown,passes,passes,,,,Bournemouth,86.0,,68,16.8,78.3,74.2,,,,unresolvable,,,,rating-breakdown,True,68,16.8,78.3,74.2,pass,True,False,True,
1464966,Rayan,14024023,rating-breakdown,passes,passes,,,,Bournemouth,86.0,,33.1,36,67.3,97.2,True,True,1,boolean_field,success,True,,rating-breakdown,True,33.1,36,67.3,97.2,pass,True,False,True,
1464966,Rayan,14024023,rating-breakdown,ball-carries,ball-carries,,,,Bournemouth,86.0,,69.3,6.3,65.6,4.9,,,,unresolvable,,,,rating-breakdown,True,69.3,6.3,65.6,4.9,ball-carry,True,,,
1464966,Rayan,14024023,rating-breakdown,ball-carries,ball-carries,,,,Bournemouth,86.0,,73.4,3.1,65.3,3.6,,,,unresolvable,,,,rating-breakdown,True,73.4,3.1,65.3,3.6,ball-carry,True,,,
1464966,Rayan,14024023,rating-breakdown,ball-carries,ball-carries,,,,Bournemouth,86.0,,72.6,4.9,80,9.1,,,,unresolvable,,,,rating-breakdown,True,72.6,4.9,80,9.1,ball-carry,True,,,
1464966,Rayan,14024023,rating-breakdown,ball-carries,ball-carries,,,,Bournemouth,86.0,,64.1,25.3,66.3,18.6,,,,unresolvable,,,,rating-breakdown,True,64.1,25.3,66.3,18.6,ball-carry,True,,,
1464966,Rayan,14024023,rating-breakdown,ball-carries,ball-carries,,,,Bournemouth,86.0,,48.4,11.8,45.9,9.6,,,,unresolvable,,,,rating-breakdown,True,48.4,11.8,45.9,9.6,ball-carry,True,,,
1464966,Rayan,14024023,rating-breakdown,ball-carries,ball-carries,,,,Bournemouth,86.0,,76.1,3,89.8,11.8,,,,unresolvable,,,,rating-breakdown,True,76.1,3,89.8,11.8,ball-carry,True,,,
1464966,Rayan,14024023,rating-breakdown,ball-carries,ball-carries,,,,Bournemouth,86.0,,78.1,4.5,84.7,19.9,,,,unresolvable,,,,rating-breakdown,True,78.1,4.5,84.7,19.9,ball-carry,True,,,
1464966,Rayan,14024023,rating-breakdown,ball-carries,ball-carries,,,,Bournemouth,86.0,,49.5,28,89.1,28.3,,,,unresolvable,,,,rating-breakdown,True,49.5,28,89.1,28.3,ball-carry,True,,,
1464966,Rayan,14024023,rating-breakdown,ball-carries,ball-carries,,,,Bournemouth,86.0,,65.4,11.1,68,16.8,,,,unresolvable,,,,rating-breakdown,True,65.4,11.1,68,16.8,ball-carry,True,,,
1464966,Rayan,14024023,rating-breakdown,dribbles,dribbles,,,,Bournemouth,86.0,,72.2,22.2,,,,,,unresolvable,,,,rating-breakdown,True,72.2,22.2,,,dribble,True,False,,
1464966,Rayan,14024023,rating-breakdown,dribbles,dribbles,,,,Bournemouth,86.0,,88.6,21.6,,,,,,unresolvable,,,,rating-breakdown,True,88.6,21.6,,,dribble,True,False,,
1464966,Rayan,14024023,rating-breakdown,dribbles,dribbles,,,,Bournemouth,86.0,,89.2,11.5,,,True,True,1,boolean_field,success,,True,rating-breakdown,True,89.2,11.5,,,dribble,True,False,,
1464966,Rayan,14024023,rating-breakdown,defensive,defensive,,,,Bournemouth,86.0,,32.4,25.3,,,True,True,1,boolean_field,success,,True,rating-breakdown,True,32.4,25.3,,,ball-recovery,True,False,,
1464966,Rayan,14024023,rating-breakdown,defensive,defensive,,,,Bournemouth,86.0,,72.8,19.2,,,True,True,1,boolean_field,success,,True,rating-breakdown,True,72.8,19.2,,,ball-recovery,True,False,,
1464966,Rayan,14024023,rating-breakdown,defensive,defensive,,,,Bournemouth,86.0,,65.8,19.9,,,True,True,1,boolean_field,success,,True,rating-breakdown,True,65.8,19.9,,,tackle,True,False,,
1464966,Rayan,14024023,rating-breakdown,defensive,defensive,,,,Bournemouth,86.0,,13.1,40.3,68.5,40.3,True,True,1,boolean_field,success,,True,rating-breakdown,True,13.1,40.3,68.5,40.3,clearance,True,False,,
1464966,Rayan,14024023,rating-breakdown,defensive,defensive,,,,Bournemouth,86.0,,13.7,40.9,64.4,39,True,True,1,boolean_field,success,,True,rating-breakdown,True,13.7,40.9,64.4,39,clearance,True,False,,
1464966,Rayan,14024023,rating-breakdown,defensive,defensive,,,,Bournemouth,86.0,,19.8,29.8,,,True,True,1,boolean_field,success,,True,rating-breakdown,True,19.8,29.8,,,ball-recovery,True,False,,
1464966,Rayan,14024023,rating-breakdown,defensive,defensive,,,,Bournemouth,86.0,,82.4,17.2,,,True,True,1,boolean_field,success,,True,rating-breakdown,True,82.4,17.2,,,interception,True,False,,
1464966,Rayan,14024023,rating-breakdown,defensive,defensive,,,,Bournemouth,86.0,,92.1,26.2,,,True,True,1,boolean_field,success,,True,rating-breakdown,True,92.1,26.2,,,ball-recovery,True,False,,
1464966,Rayan,14024023,rating-breakdown,defensive,defensive,,,,Bournemouth,86.0,,84.8,9.6,,,True,True,1,boolean_field,success,,True,rating-breakdown,True,84.8,9.6,,,tackle,True,False,,
1464966,Rayan,14023948,rating-breakdown,passes,passes,,,,Bournemouth,79.0,,42.3,3.3,27.1,7.6,True,True,1,boolean_field,success,True,,rating-breakdown,True,42.3,3.3,27.1,7.6,pass,False,False,,
1464966,Rayan,14023948,rating-breakdown,passes,passes,,,,Bournemouth,79.0,,25.6,4.3,6.5,24.3,True,True,1,boolean_field,success,True,,rating-breakdown,True,25.6,4.3,6.5,24.3,pass,False,False,,
1464966,Rayan,14023948,rating-breakdown,passes,passes,,,,Bournemouth,79.0,,63.6,8.2,35,3.3,True,True,1,boolean_field,success,True,,rating-breakdown,True,63.6,8.2,35,3.3,pass,False,False,,
1464966,Rayan,14023948,rating-breakdown,passes,passes,,,,Bournemouth,79.0,,70.1,5.4,63.2,20.5,True,True,1,boolean_field,success,True,,rating-breakdown,True,70.1,5.4,63.2,20.5,pass,False,False,,
1464966,Rayan,14023948,rating-breakdown,passes,passes,,,,Bournemouth,79.0,,64.3,4.6,62.4,14.1,True,True,1,boolean_field,success,True,,rating-breakdown,True,64.3,4.6,62.4,14.1,pass,False,False,,
1464966,Rayan,14023948,rating-breakdown,passes,passes,,,,Bournemouth,79.0,,63.5,7.5,56.4,37,True,True,1,boolean_field,success,True,,rating-breakdown,True,63.5,7.5,56.4,37,pass,False,False,,
1464966,Rayan,14023948,rating-breakdown,passes,passes,,,,Bournemouth,79.0,,20.3,11.8,30.7,5.5,True,True,1,boolean_field,success,True,,rating-breakdown,True,20.3,11.8,30.7,5.5,pass,False,False,,
1464966,Rayan,14023948,rating-breakdown,passes,passes,,,,Bournemouth,79.0,,83.1,24.4,79.8,31.2,,,,unresolvable,,,,rating-breakdown,True,83.1,24.4,79.8,31.2,pass,False,False,,
1464966,Rayan,14023948,rating-breakdown,passes,passes,,,,Bournemouth,79.0,,61.2,5.8,36.9,8.8,True,True,1,boolean_field,success,True,,rating-breakdown,True,61.2,5.8,36.9,8.8,pass,False,False,,
1464966,Rayan,14023948,rating-breakdown,passes,passes,,,,Bournemouth,79.0,,78.4,22.9,73.2,35.1,True,True,1,boolean_field,success,True,,rating-breakdown,True,78.4,22.9,73.2,35.1,pass,False,True,,
1464966,Rayan,14023948,rating-breakdown,passes,passes,,,,Bournemouth,79.0,,35.1,29.8,38,44.1,True,True,1,boolean_field,success,True,,rating-breakdown,True,35.1,29.8,38,44.1,pass,False,False,,
1464966,Rayan,14023948,rating-breakdown,passes,passes,,,,Bournemouth,79.0,,62.8,7.8,60.5,38.7,,,,unresolvable,,,,rating-breakdown,True,62.8,7.8,60.5,38.7,pass,False,False,,
1464966,Rayan,14023948,rating-breakdown,passes,passes,,,,Bournemouth,79.0,,71,4,66.2,9.6,True,True,1,boolean_field,success,True,,rating-breakdown,True,71,4,66.2,9.6,pass,False,False,,
1464966,Rayan,14023948,rating-breakdown,passes,passes,,,,Bournemouth,79.0,,81.2,1.5,90.2,11.9,True,True,1,boolean_field,success,True,,rating-breakdown,True,81.2,1.5,90.2,11.9,pass,False,False,,
1464966,Rayan,14023948,rating-breakdown,passes,passes,,,,Bournemouth,79.0,,42.2,5.8,24.7,7.5,True,True,1,boolean_field,success,True,,rating-breakdown,True,42.2,5.8,24.7,7.5,pass,False,False,,
1464966,Rayan,14023948,rating-breakdown,ball-carries,ball-carries,,,,Bournemouth,79.0,,35.9,12,41.4,12,,,,unresolvable,,,,rating-breakdown,True,35.9,12,41.4,12,ball-carry,False,,,
1464966,Rayan,14023948,rating-breakdown,ball-carries,ball-carries,,,,Bournemouth,79.0,,41.4,12,31.3,85.2,,,,unresolvable,,,,rating-breakdown,True,41.4,12,31.3,85.2,ball-carry,False,,,
1464966,Rayan,14023948,rating-breakdown,ball-carries,ball-carries,,,,Bournemouth,79.0,,53.4,6.7,63.6,8.2,,,,unresolvable,,,,rating-breakdown,True,53.4,6.7,63.6,8.2,ball-carry,False,,,
1464966,Rayan,14023948,rating-breakdown,ball-carries,ball-carries,,,,Bournemouth,79.0,,73.5,31.2,76.9,36.4,,,,unresolvable,,,,rating-breakdown,True,73.5,31.2,76.9,36.4,ball-carry,False,,,
1464966,Rayan,14023948,rating-breakdown,ball-carries,ball-carries,,,,Bournemouth,79.0,,70.1,6.1,78.4,22.9,,,,unresolvable,,,,rating-breakdown,True,70.1,6.1,78.4,22.9,ball-carry,False,,,
1464966,Rayan,14023948,rating-breakdown,ball-carries,ball-carries,,,,Bournemouth,79.0,,65.6,3.1,62.8,7.8,,,,unresolvable,,,,rating-breakdown,True,65.6,3.1,62.8,7.8,ball-carry,False,,,
1464966,Rayan,14023948,rating-breakdown,ball-carries,ball-carries,,,,Bournemouth,79.0,,25.1,70.8,57.6,86.1,,,,unresolvable,,,,rating-breakdown,True,25.1,70.8,57.6,86.1,ball-carry,False,,,
1464966,Rayan,14023948,rating-breakdown,ball-carries,ball-carries,,,,Bournemouth,79.0,,35.8,19.5,75.6,32.3,,,,unresolvable,,,,rating-breakdown,True,35.8,19.5,75.6,32.3,ball-carry,False,,,
1464966,Rayan,14023948,rating-breakdown,dribbles,dribbles,,,,Bournemouth,79.0,,75.6,32.3,,,True,True,1,boolean_field,success,,True,rating-breakdown,True,75.6,32.3,,,dribble,False,False,,
1464966,Rayan,14023948,rating-breakdown,dribbles,dribbles,,,,Bournemouth,79.0,,90.8,36.5,,,,,,unresolvable,,,,rating-breakdown,True,90.8,36.5,,,dribble,False,False,,
1464966,Rayan,14023948,rating-breakdown,defensive,defensive,,,,Bournemouth,79.0,,12.1,39.3,12.4,41.5,True,True,1,boolean_field,success,,True,rating-breakdown,True,12.1,39.3,12.4,41.5,clearance,False,False,,
1464966,Rayan,14023948,rating-breakdown,defensive,defensive,,,,Bournemouth,79.0,,41.4,12,,,True,True,1,boolean_field,success,,True,rating-breakdown,True,41.4,12,,,ball-recovery,False,False,,
1464966,Rayan,14023948,rating-breakdown,defensive,defensive,,,,Bournemouth,79.0,,53.4,6.7,,,True,True,1,boolean_field,success,,True,rating-breakdown,True,53.4,6.7,,,ball-recovery,False,False,,
1464966,Rayan,14023948,rating-breakdown,defensive,defensive,,,,Bournemouth,79.0,,20.3,11.8,,,True,True,1,boolean_field,success,,True,rating-breakdown,True,20.3,11.8,,,ball-recovery,False,False,,
1464966,Rayan,14023948,rating-breakdown,defensive,defensive,,,,Bournemouth,79.0,,70.1,6.1,,,True,True,1,boolean_field,success,,True,rating-breakdown,True,70.1,6.1,,,ball-recovery,False,False,,
1464966,Rayan,14023948,rating-breakdown,defensive,defensive,,,,Bournemouth,79.0,,35.1,29.8,,,True,True,1,boolean_field,success,,True,rating-breakdown,True,35.1,29.8,,,ball-recovery,False,False,,
1464966,Rayan,14023948,rating-breakdown,defensive,defensive,,,,Bournemouth,79.0,,17.3,39.6,,,True,True,1,boolean_field,success,,True,rating-breakdown,True,17.3,39.6,,,interception,False,False,,
1464966,Rayan,14023948,rating-breakdown,defensive,defensive,,,,Bournemouth,79.0,,25.1,70.8,,,True,True,1,boolean_field,success,,True,rating-breakdown,True,25.1,70.8,,,ball-recovery,False,False,,
1464966,Rayan,14023936,rating-breakdown,passes,passes,,,,Bournemouth,84.0,,21,7.8,10.7,15.9,True,True,1,boolean_field,success,True,,rating-breakdown,True,21,7.8,10.7,15.9,pass,True,False,,
1464966,Rayan,14023936,rating-breakdown,passes,passes,,,,Bournemouth,84.0,,33.6,25,23.9,40.9,True,True,1,boolean_field,success,True,,rating-breakdown,True,33.6,25,23.9,40.9,pass,True,False,,
1464966,Rayan,14023936,rating-breakdown,passes,passes,,,,Bournemouth,84.0,,71.4,3,77.4,12.3,True,True,1,boolean_field,success,True,,rating-breakdown,True,71.4,3,77.4,12.3,pass,True,False,,
1464966,Rayan,14023936,rating-breakdown,passes,passes,,,,Bournemouth,84.0,,71.5,28.5,79.3,11.2,True,True,1,boolean_field,success,True,,rating-breakdown,True,71.5,28.5,79.3,11.2,pass,True,False,,
1464966,Rayan,14023936,rating-breakdown,passes,passes,,,,Bournemouth,84.0,,41.5,12.9,28,11.1,True,True,1,boolean_field,success,True,,rating-breakdown,True,41.5,12.9,28,11.1,pass,True,False,,
1464966,Rayan,14023936,rating-breakdown,passes,passes,,,,Bournemouth,84.0,,54.7,16.4,38.2,19.2,True,True,1,boolean_field,success,True,,rating-breakdown,True,54.7,16.4,38.2,19.2,pass,True,False,,
1464966,Rayan,14023936,rating-breakdown,passes,passes,,,,Bournemouth,84.0,,76.4,11.5,83.7,6.1,True,True,1,boolean_field,success,True,,rating-breakdown,True,76.4,11.5,83.7,6.1,pass,True,False,,
1464966,Rayan,14023936,rating-breakdown,passes,passes,,,,Bournemouth,84.0,,71.1,9.4,56.1,41.7,True,True,1,boolean_field,success,True,,rating-breakdown,True,71.1,9.4,56.1,41.7,pass,True,False,,
1464966,Rayan,14023936,rating-breakdown,passes,passes,,,,Bournemouth,84.0,,71,6.9,86.6,15.3,True,True,1,boolean_field,success,True,,rating-breakdown,True,71,6.9,86.6,15.3,pass,True,False,,
1464966,Rayan,14023936,rating-breakdown,passes,passes,,,,Bournemouth,84.0,,25.8,22.1,3.4,40.8,True,True,1,boolean_field,success,True,,rating-breakdown,True,25.8,22.1,3.4,40.8,pass,True,False,,
1464966,Rayan,14023936,rating-breakdown,passes,passes,,,,Bournemouth,84.0,,39.8,11.5,36.8,25.6,True,True,1,boolean_field,success,True,,rating-breakdown,True,39.8,11.5,36.8,25.6,pass,True,False,,
1464966,Rayan,14023936,rating-breakdown,passes,passes,,,,Bournemouth,84.0,,62.8,23.5,54.1,23.7,True,True,1,boolean_field,success,True,,rating-breakdown,True,62.8,23.5,54.1,23.7,pass,True,False,,
1464966,Rayan,14023936,rating-breakdown,passes,passes,,,,Bournemouth,84.0,,70.8,13.3,76.2,26.8,,,,unresolvable,,,,rating-breakdown,True,70.8,13.3,76.2,26.8,pass,True,False,,
1464966,Rayan,14023936,rating-breakdown,passes,passes,,,,Bournemouth,84.0,,52,3.3,60.4,24.8,,,,unresolvable,,,,rating-breakdown,True,52,3.3,60.4,24.8,pass,True,False,,
1464966,Rayan,14023936,rating-breakdown,passes,passes,,,,Bournemouth,84.0,,32.4,11.4,23.1,40.2,True,True,1,boolean_field,success,True,,rating-breakdown,True,32.4,11.4,23.1,40.2,pass,True,False,,
1464966,Rayan,14023936,rating-breakdown,passes,passes,,,,Bournemouth,84.0,,52.1,4.9,57.3,7.4,True,True,1,boolean_field,success,True,,rating-breakdown,True,52.1,4.9,57.3,7.4,pass,True,False,,
1464966,Rayan,14023936,rating-breakdown,passes,passes,,,,Bournemouth,84.0,,39.9,25.6,32,36,True,True,1,boolean_field,success,True,,rating-breakdown,True,39.9,25.6,32,36,pass,True,False,,
1464966,Rayan,14023936,rating-breakdown,passes,passes,,,,Bournemouth,84.0,,33.3,3.4,36.3,27.3,True,True,1,boolean_field,success,True,,rating-breakdown,True,33.3,3.4,36.3,27.3,pass,True,False,,
1464966,Rayan,14023936,rating-breakdown,passes,passes,,,,Bournemouth,84.0,,77.8,74.6,74.6,62.6,,,,unresolvable,,,,rating-breakdown,True,77.8,74.6,74.6,62.6,pass,True,False,,
1464966,Rayan,14023936,rating-breakdown,passes,passes,,,,Bournemouth,84.0,,71.7,96.2,44.8,82.7,,,,unresolvable,,,,rating-breakdown,True,71.7,96.2,44.8,82.7,pass,True,False,,
1464966,Rayan,14023936,rating-breakdown,passes,passes,,,,Bournemouth,84.0,,54,39.8,59.2,43.2,True,True,1,boolean_field,success,True,,rating-breakdown,True,54,39.8,59.2,43.2,pass,True,False,,
1464966,Rayan,14023936,rating-breakdown,passes,passes,,,,Bournemouth,84.0,,71,35.2,79.2,36.3,True,True,1,boolean_field,success,True,,rating-breakdown,True,71,35.2,79.2,36.3,pass,True,False,,
1464966,Rayan,14023936,rating-breakdown,passes,passes,,,,Bournemouth,84.0,,98.1,27.3,98.3,31.9,,,,unresolvable,,,,rating-breakdown,True,98.1,27.3,98.3,31.9,pass,True,False,,
1464966,Rayan,14023936,rating-breakdown,passes,passes,,,,Bournemouth,84.0,,69.1,28.5,65.5,38,True,True,1,boolean_field,success,True,,rating-breakdown,True,69.1,28.5,65.5,38,pass,True,False,,
1464966,Rayan,14023936,rating-breakdown,passes,passes,,,,Bournemouth,84.0,,71.1,5.2,62.1,18.1,True,True,1,boolean_field,success,True,,rating-breakdown,True,71.1,5.2,62.1,18.1,pass,True,False,,
1464966,Rayan,14023936,rating-breakdown,passes,passes,,,,Bournemouth,84.0,,71.7,12.8,72.2,32.7,,,,unresolvable,,,,rating-breakdown,True,71.7,12.8,72.2,32.7,pass,True,False,,
1464966,Rayan,14023936,rating-breakdown,passes,passes,,,,Bournemouth,84.0,,43.1,2.8,43.8,4.2,,,,unresolvable,,,,rating-breakdown,True,43.1,2.8,43.8,4.2,pass,True,False,,
1464966,Rayan,14023936,rating-breakdown,ball-carries,ball-carries,,,,Bournemouth,84.0,,36.7,21.8,33,23.2,,,,unresolvable,,,,rating-breakdown,True,36.7,21.8,33,23.2,ball-carry,True,,,
1464966,Rayan,14023936,rating-breakdown,ball-carries,ball-carries,,,,Bournemouth,84.0,,66.5,30.1,71.5,28.5,,,,unresolvable,,,,rating-breakdown,True,66.5,30.1,71.5,28.5,ball-carry,True,,,
1464966,Rayan,14023936,rating-breakdown,ball-carries,ball-carries,,,,Bournemouth,84.0,,55.9,11.7,54.8,16.2,,,,unresolvable,,,,rating-breakdown,True,55.9,11.7,54.8,16.2,ball-carry,True,,,
1464966,Rayan,14023936,rating-breakdown,ball-carries,ball-carries,,,,Bournemouth,84.0,,63.7,5.6,76.4,11.5,,,,unresolvable,,,,rating-breakdown,True,63.7,5.6,76.4,11.5,ball-carry,True,,,
1464966,Rayan,14023936,rating-breakdown,ball-carries,ball-carries,,,,Bournemouth,84.0,,67.3,6.9,71,6.9,,,,unresolvable,,,,rating-breakdown,True,67.3,6.9,71,6.9,ball-carry,True,,,
1464966,Rayan,14023936,rating-breakdown,ball-carries,ball-carries,,,,Bournemouth,84.0,,30.5,15.9,39.8,11.5,,,,unresolvable,,,,rating-breakdown,True,30.5,15.9,39.8,11.5,ball-carry,True,,,
1464966,Rayan,14023936,rating-breakdown,ball-carries,ball-carries,,,,Bournemouth,84.0,,55.2,7.5,70.8,13.3,,,,unresolvable,,,,rating-breakdown,True,55.2,7.5,70.8,13.3,ball-carry,True,,,
1464966,Rayan,14023936,rating-breakdown,ball-carries,ball-carries,,,,Bournemouth,84.0,,33.4,5.6,32.4,11.4,,,,unresolvable,,,,rating-breakdown,True,33.4,5.6,32.4,11.4,ball-carry,True,,,
1464966,Rayan,14023936,rating-breakdown,ball-carries,ball-carries,,,,Bournemouth,84.0,,55.3,5.6,52.1,4.9,,,,unresolvable,,,,rating-breakdown,True,55.3,5.6,52.1,4.9,ball-carry,True,,,
1464966,Rayan,14023936,rating-breakdown,ball-carries,ball-carries,,,,Bournemouth,84.0,,31.3,15.3,39.9,25.6,,,,unresolvable,,,,rating-breakdown,True,31.3,15.3,39.9,25.6,ball-carry,True,,,
1464966,Rayan,14023936,rating-breakdown,ball-carries,ball-carries,,,,Bournemouth,84.0,,77.1,24.5,81.5,31.2,,,,unresolvable,,,,rating-breakdown,True,77.1,24.5,81.5,31.2,ball-carry,True,,,
1464966,Rayan,14023936,rating-breakdown,ball-carries,ball-carries,,,,Bournemouth,84.0,,40.6,9.4,37.8,5.8,,,,unresolvable,,,,rating-breakdown,True,40.6,9.4,37.8,5.8,ball-carry,True,,,
1464966,Rayan,14023936,rating-breakdown,ball-carries,ball-carries,,,,Bournemouth,84.0,,74.9,25.7,98.1,27.3,,,,unresolvable,,,,rating-breakdown,True,74.9,25.7,98.1,27.3,ball-carry,True,,,
1464966,Rayan,14023936,rating-breakdown,ball-carries,ball-carries,,,,Bournemouth,84.0,,59.2,25.2,69.1,28.5,,,,unresolvable,,,,rating-breakdown,True,59.2,25.2,69.1,28.5,ball-carry,True,,,
1464966,Rayan,14023936,rating-breakdown,defensive,defensive,,,,Bournemouth,84.0,,4.1,23.1,5.2,0,True,True,1,boolean_field,success,,True,rating-breakdown,True,4.1,23.1,5.2,0,clearance,True,False,,
1464966,Rayan,14023936,rating-breakdown,defensive,defensive,,,,Bournemouth,84.0,,56,23.6,,,,,,unresolvable,,,,rating-breakdown,True,56,23.6,,,tackle,True,False,,
1464966,Rayan,14023936,rating-breakdown,defensive,defensive,,,,Bournemouth,84.0,,7.1,33.8,0,31.5,True,True,1,boolean_field,success,,True,rating-breakdown,True,7.1,33.8,0,31.5,clearance,True,False,,
1464966,Rayan,14023936,rating-breakdown,defensive,defensive,,,,Bournemouth,84.0,,13.9,11.7,15.2,0,True,True,1,boolean_field,success,,True,rating-breakdown,True,13.9,11.7,15.2,0,clearance,True,False,,
1464966,Rayan,14023936,rating-breakdown,defensive,defensive,,,,Bournemouth,84.0,,33.4,3.3,,,True,True,1,boolean_field,success,,True,rating-breakdown,True,33.4,3.3,,,ball-recovery,True,False,,
1464966,Rayan,14023936,rating-breakdown,defensive,defensive,,,,Bournemouth,84.0,,71,35.2,,,True,True,1,boolean_field,success,,True,rating-breakdown,True,71,35.2,,,ball-recovery,True,False,,
1464966,Rayan,14023936,rating-breakdown,defensive,defensive,,,,Bournemouth,84.0,,14.7,31,0,27.7,True,True,1,boolean_field,success,,True,rating-breakdown,True,14.7,31,0,27.7,clearance,True,False,,
1464966,Rayan,14023936,rating-breakdown,defensive,defensive,,,,Bournemouth,84.0,,12.7,43.3,31.5,38.9,True,True,1,boolean_field,success,,True,rating-breakdown,True,12.7,43.3,31.5,38.9,clearance,True,False,,
