player_id,player_name,event_id,endpoint,category,action_type,match_date,home_team,away_team,team,minutes_played_matchlog,minute,x,y,end_x,end_y,outcome,_endpoint,endpoint_available,playerCoordinates_x,playerCoordinates_y,passEndCoordinates_x,passEndCoordinates_y,eventActionType,isHome,keypass,isLongBall,isAssist
1410240,Rodrigo Mora,14131870,rating-breakdown,passes,passes,,,,FC Porto,12.0,,29.3,4.3,35.1,4.3,,rating-breakdown,True,29.3,4.3,35.1,4.3,pass,False,False,,
1410240,Rodrigo Mora,14131870,rating-breakdown,passes,passes,,,,FC Porto,12.0,,29.3,46,32.5,89.8,True,rating-breakdown,True,29.3,46,32.5,89.8,pass,False,False,,
1410240,Rodrigo Mora,14131870,rating-breakdown,passes,passes,,,,FC Porto,12.0,,55,65.1,62.4,92.1,True,rating-breakdown,True,55,65.1,62.4,92.1,pass,False,False,,
1410240,Rodrigo Mora,14131870,rating-breakdown,passes,passes,,,,FC Porto,12.0,,34.4,29.8,37.4,23.4,,rating-breakdown,True,34.4,29.8,37.4,23.4,pass,False,False,,
1410240,Rodrigo Mora,14131870,rating-breakdown,passes,passes,,,,FC Porto,12.0,,33.2,95.7,57.5,81.6,True,rating-breakdown,True,33.2,95.7,57.5,81.6,pass,False,False,,
1410240,Rodrigo Mora,14131870,rating-breakdown,dribbles,dribbles,,,,FC Porto,12.0,,39.2,37.8,,,True,rating-breakdown,True,39.2,37.8,,,dribble,False,False,,
1410240,Rodrigo Mora,14131870,rating-breakdown,dribbles,dribbles,,,,FC Porto,12.0,,85.7,79.1,,,True,rating-breakdown,True,85.7,79.1,,,dribble,False,False,,
1410240,Rodrigo Mora,14131870,rating-breakdown,dribbles,dribbles,,,,FC Porto,12.0,,87.5,73.8,,,,rating-breakdown,True,87.5,73.8,,,dribble,False,False,,
1410240,Rodrigo Mora,14131870,rating-breakdown,dribbles,dribbles,,,,FC Porto,12.0,,34.8,70.5,,,True,rating-breakdown,True,34.8,70.5,,,dribble,False,False,,
1410240,Rodrigo Mora,14131870,rating-breakdown,defensive,defensive,,,,FC Porto,12.0,,15.6,6,,,True,rating-breakdown,True,15.6,6,,,tackle,False,False,,
1410240,Rodrigo Mora,14131870,rating-breakdown,defensive,defensive,,,,FC Porto,12.0,,34.9,47.4,,,True,rating-breakdown,True,34.9,47.4,,,ball-recovery,False,False,,
1410240,Rodrigo Mora,14131870,rating-breakdown,defensive,defensive,,,,FC Porto,12.0,,14.4,45.4,22.6,57,True,rating-breakdown,True,14.4,45.4,22.6,57,clearance,False,False,,
1410240,Rodrigo Mora,14131882,rating-breakdown,passes,passes,,,,FC Porto,32.0,,46.9,18.3,56.5,11.7,True,rating-breakdown,True,46.9,18.3,56.5,11.7,pass,True,False,,
1410240,Rodrigo Mora,14131882,rating-breakdown,passes,passes,,,,FC Porto,32.0,,80.5,16,75.6,30.1,True,rating-breakdown,True,80.5,16,75.6,30.1,pass,True,True,,
1410240,Rodrigo Mora,14131882,rating-breakdown,passes,passes,,,,FC Porto,32.0,,60,28.2,53.3,27.8,True,rating-breakdown,True,60,28.2,53.3,27.8,pass,True,False,,
1410240,Rodrigo Mora,14131882,rating-breakdown,passes,passes,,,,FC Porto,32.0,,40.3,49.2,27.2,30.1,True,rating-breakdown,True,40.3,49.2,27.2,30.1,pass,True,False,,
1410240,Rodrigo Mora,14131882,rating-breakdown,passes,passes,,,,FC Porto,32.0,,81.3,29.7,91.9,58.2,,rating-breakdown,True,81.3,29.7,91.9,58.2,pass,True,False,,
1410240,Rodrigo Mora,14131882,rating-breakdown,passes,passes,,,,FC Porto,32.0,,73.4,5.1,87.5,7.5,True,rating-breakdown,True,73.4,5.1,87.5,7.5,pass,True,False,,
1410240,Rodrigo Mora,14131882,rating-breakdown,passes,passes,,,,FC Porto,32.0,,95,27.1,87,33,,rating-breakdown,True,95,27.1,87,33,pass,True,False,,
1410240,Rodrigo Mora,14131882,rating-breakdown,passes,passes,,,,FC Porto,32.0,,93.1,70.3,100,37.2,,rating-breakdown,True,93.1,70.3,100,37.2,pass,True,False,,
1410240,Rodrigo Mora,14131882,rating-breakdown,passes,passes,,,,FC Porto,32.0,,70.1,42,75,47.1,True,rating-breakdown,True,70.1,42,75,47.1,pass,True,False,,
1410240,Rodrigo Mora,14131882,rating-breakdown,passes,passes,,,,FC Porto,32.0,,47.7,47.5,56.7,74.7,True,rating-breakdown,True,47.7,47.5,56.7,74.7,pass,True,False,,
1410240,Rodrigo Mora,14131882,rating-breakdown,dribbles,dribbles,,,,FC Porto,32.0,,73.1,22.4,,,True,rating-breakdown,True,73.1,22.4,,,dribble,True,False,,
1410240,Rodrigo Mora,14131882,rating-breakdown,dribbles,dribbles,,,,FC Porto,32.0,,76.4,27.6,,,,rating-breakdown,True,76.4,27.6,,,dribble,True,False,,
1410240,Rodrigo Mora,14131882,rating-breakdown,defensive,defensive,,,,FC Porto,32.0,,82,18.3,,,True,rating-breakdown,True,82,18.3,,,ball-recovery,True,False,,
1410240,Rodrigo Mora,14131882,rating-breakdown,defensive,defensive,,,,FC Porto,32.0,,93.9,11.2,,,True,rating-breakdown,True,93.9,11.2,,,ball-recovery,True,False,,
1410240,Rodrigo Mora,14131893,rating-breakdown,passes,passes,,,,FC Porto,58.0,,41,65.6,38.2,64.2,True,rating-breakdown,True,41,65.6,38.2,64.2,pass,False,False,,
1410240,Rodrigo Mora,14131893,rating-breakdown,passes,passes,,,,FC Porto,58.0,,51.8,80.3,58,86.6,True,rating-breakdown,True,51.8,80.3,58,86.6,pass,False,False,,
1410240,Rodrigo Mora,14131893,rating-breakdown,passes,passes,,,,FC Porto,58.0,,67.6,55.1,82.1,88.1,True,rating-breakdown,True,67.6,55.1,82.1,88.1,pass,False,False,,
1410240,Rodrigo Mora,14131893,rating-breakdown,passes,passes,,,,FC Porto,58.0,,40.6,66.9,28.1,57.8,True,rating-breakdown,True,40.6,66.9,28.1,57.8,pass,False,False,,
1410240,Rodrigo Mora,14131893,rating-breakdown,passes,passes,,,,FC Porto,58.0,,34.2,64,25.5,54,True,rating-breakdown,True,34.2,64,25.5,54,pass,False,False,,
1410240,Rodrigo Mora,14131893,rating-breakdown,passes,passes,,,,FC Porto,58.0,,53.5,73.3,43.8,62.4,True,rating-breakdown,True,53.5,73.3,43.8,62.4,pass,False,False,,
1410240,Rodrigo Mora,14131893,rating-breakdown,passes,passes,,,,FC Porto,58.0,,57.6,85.4,61.2,95.9,True,rating-breakdown,True,57.6,85.4,61.2,95.9,pass,False,False,,
1410240,Rodrigo Mora,14131893,rating-breakdown,passes,passes,,,,FC Porto,58.0,,67.7,46.7,91.7,24.7,True,rating-breakdown,True,67.7,46.7,91.7,24.7,pass,False,False,,
1410240,Rodrigo Mora,14131893,rating-breakdown,passes,passes,,,,FC Porto,58.0,,86.5,12.5,92,5.8,True,rating-breakdown,True,86.5,12.5,92,5.8,pass,False,False,,
1410240,Rodrigo Mora,14131893,rating-breakdown,passes,passes,,,,FC Porto,58.0,,53.7,51.2,62.2,43.4,True,rating-breakdown,True,53.7,51.2,62.2,43.4,pass,False,False,,
1410240,Rodrigo Mora,14131893,rating-breakdown,passes,passes,,,,FC Porto,58.0,,68.7,63.7,71.1,53.7,True,rating-breakdown,True,68.7,63.7,71.1,53.7,pass,False,False,,
1410240,Rodrigo Mora,14131893,rating-breakdown,passes,passes,,,,FC Porto,58.0,,61.6,83.2,62.3,56.6,True,rating-breakdown,True,61.6,83.2,62.3,56.6,pass,False,True,,
1410240,Rodrigo Mora,14131893,rating-breakdown,passes,passes,,,,FC Porto,58.0,,30,79.1,33.4,93.8,True,rating-breakdown,True,30,79.1,33.4,93.8,pass,False,False,,
1410240,Rodrigo Mora,14131893,rating-breakdown,passes,passes,,,,FC Porto,58.0,,71,67.8,84.9,24.4,True,rating-breakdown,True,71,67.8,84.9,24.4,pass,False,False,True,
1410240,Rodrigo Mora,14131893,rating-breakdown,passes,passes,,,,FC Porto,58.0,,39.2,91.1,30.6,88.9,True,rating-breakdown,True,39.2,91.1,30.6,88.9,pass,False,False,,
1410240,Rodrigo Mora,14131893,rating-breakdown,passes,passes,,,,FC Porto,58.0,,35.7,62.6,31.4,52.7,True,rating-breakdown,True,35.7,62.6,31.4,52.7,pass,False,False,,
1410240,Rodrigo Mora,14131893,rating-breakdown,passes,passes,,,,FC Porto,58.0,,32.3,93.5,36.6,89.9,,rating-breakdown,True,32.3,93.5,36.6,89.9,pass,False,False,,
1410240,Rodrigo Mora,14131893,rating-breakdown,dribbles,dribbles,,,,FC Porto,58.0,,83.9,62.4,,,,rating-breakdown,True,83.9,62.4,,,dribble,False,False,,
1410240,Rodrigo Mora,14131893,rating-breakdown,dribbles,dribbles,,,,FC Porto,58.0,,80,96.8,,,,rating-breakdown,True,80,96.8,,,dribble,False,False,,
1410240,Rodrigo Mora,14131893,rating-breakdown,dribbles,dribbles,,,,FC Porto,58.0,,88.6,70.8,,,True,rating-breakdown,True,88.6,70.8,,,dribble,False,False,,
1410240,Rodrigo Mora,14131893,rating-breakdown,defensive,defensive,,,,FC Porto,58.0,,50.8,55.8,,,,rating-breakdown,True,50.8,55.8,,,tackle,False,False,,
1410240,Rodrigo Mora,14131893,rating-breakdown,defensive,defensive,,,,FC Porto,58.0,,67.6,67.6,,,True,rating-breakdown,True,67.6,67.6,,,ball-recovery,False,False,,
1410240,Rodrigo Mora,14131893,rating-breakdown,defensive,defensive,,,,FC Porto,58.0,,53.7,51.2,,,True,rating-breakdown,True,53.7,51.2,,,ball-recovery,False,False,,
1410240,Rodrigo Mora,14131903,rating-breakdown,passes,passes,,,,FC Porto,56.0,,70.3,81.9,68.8,49.3,True,rating-breakdown,True,70.3,81.9,68.8,49.3,pass,True,False,,
1410240,Rodrigo Mora,14131903,rating-breakdown,passes,passes,,,,FC Porto,56.0,,68.2,26.2,28.1,0,,rating-breakdown,True,68.2,26.2,28.1,0,pass,True,False,True,
1410240,Rodrigo Mora,14131903,rating-breakdown,passes,passes,,,,FC Porto,56.0,,57,21.3,45.4,19.9,True,rating-breakdown,True,57,21.3,45.4,19.9,pass,True,False,,
1410240,Rodrigo Mora,14131903,rating-breakdown,passes,passes,,,,FC Porto,56.0,,60.3,33.8,48,49.7,True,rating-breakdown,True,60.3,33.8,48,49.7,pass,True,False,,
1410240,Rodrigo Mora,14131903,rating-breakdown,passes,passes,,,,FC Porto,56.0,,60.7,63.3,72.4,90.3,True,rating-breakdown,True,60.7,63.3,72.4,90.3,pass,True,False,,
1410240,Rodrigo Mora,14131903,rating-breakdown,passes,passes,,,,FC Porto,56.0,,28.5,29.5,24.4,25,True,rating-breakdown,True,28.5,29.5,24.4,25,pass,True,False,,
1410240,Rodrigo Mora,14131903,rating-breakdown,passes,passes,,,,FC Porto,56.0,,99.5,0.5,89.7,10,True,rating-breakdown,True,99.5,0.5,89.7,10,pass,True,False,,
1410240,Rodrigo Mora,14131903,rating-breakdown,passes,passes,,,,FC Porto,56.0,,60,49.7,82.5,83.3,True,rating-breakdown,True,60,49.7,82.5,83.3,pass,True,False,True,
1410240,Rodrigo Mora,14131903,rating-breakdown,passes,passes,,,,FC Porto,56.0,,80.2,63.8,81.2,47.3,True,rating-breakdown,True,80.2,63.8,81.2,47.3,pass,True,False,,
1410240,Rodrigo Mora,14131903,rating-breakdown,passes,passes,,,,FC Porto,56.0,,76.4,53,85.5,48.9,,rating-breakdown,True,76.4,53,85.5,48.9,pass,True,False,,
1410240,Rodrigo Mora,14131903,rating-breakdown,passes,passes,,,,FC Porto,56.0,,53.7,46.4,50.7,58.4,True,rating-breakdown,True,53.7,46.4,50.7,58.4,pass,True,False,,
1410240,Rodrigo Mora,14131903,rating-breakdown,passes,passes,,,,FC Porto,56.0,,67.3,36.1,69.1,18.7,True,rating-breakdown,True,67.3,36.1,69.1,18.7,pass,True,False,,
1410240,Rodrigo Mora,14131903,rating-breakdown,passes,passes,,,,FC Porto,56.0,,53.1,40.3,56.7,15.8,True,rating-breakdown,True,53.1,40.3,56.7,15.8,pass,True,False,,
1410240,Rodrigo Mora,14131903,rating-breakdown,passes,passes,,,,FC Porto,56.0,,48.9,55.2,22.8,26,True,rating-breakdown,True,48.9,55.2,22.8,26,pass,True,False,True,
1410240,Rodrigo Mora,14131903,rating-breakdown,passes,passes,,,,FC Porto,56.0,,65.2,72.2,71,84.8,True,rating-breakdown,True,65.2,72.2,71,84.8,pass,True,False,,
1410240,Rodrigo Mora,14131903,rating-breakdown,passes,passes,,,,FC Porto,56.0,,41.8,79.4,36.2,68,True,rating-breakdown,True,41.8,79.4,36.2,68,pass,True,False,,
1410240,Rodrigo Mora,14131903,rating-breakdown,passes,passes,,,,FC Porto,56.0,,39.2,62.6,54.4,15.1,True,rating-breakdown,True,39.2,62.6,54.4,15.1,pass,True,False,True,
1410240,Rodrigo Mora,14131903,rating-breakdown,dribbles,dribbles,,,,FC Porto,56.0,,40.1,25.5,,,,rating-breakdown,True,40.1,25.5,,,dribble,True,False,,
1410240,Rodrigo Mora,14131903,rating-breakdown,dribbles,dribbles,,,,FC Porto,56.0,,78.8,26.6,,,,rating-breakdown,True,78.8,26.6,,,dribble,True,False,,
1410240,Rodrigo Mora,14131903,rating-breakdown,dribbles,dribbles,,,,FC Porto,56.0,,27.2,78.2,,,True,rating-breakdown,True,27.2,78.2,,,dribble,True,False,,
1410240,Rodrigo Mora,14131903,rating-breakdown,defensive,defensive,,,,FC Porto,56.0,,75.1,23.7,,,True,rating-breakdown,True,75.1,23.7,,,tackle,True,False,,
1410240,Rodrigo Mora,14131903,rating-breakdown,defensive,defensive,,,,FC Porto,56.0,,29.1,35.9,,,True,rating-breakdown,True,29.1,35.9,,,interception,True,False,,
1410240,Rodrigo Mora,14131903,rating-breakdown,defensive,defensive,,,,FC Porto,56.0,,27.6,28,45.9,35.4,True,rating-breakdown,True,27.6,28,45.9,35.4,clearance,True,False,,
1410240,Rodrigo Mora,14131903,rating-breakdown,defensive,defensive,,,,FC Porto,56.0,,12.7,55.8,15.2,55.2,True,rating-breakdown,True,12.7,55.8,15.2,55.2,clearance,True,False,,
1410240,Rodrigo Mora,14131903,rating-breakdown,defensive,defensive,,,,FC Porto,56.0,,65.2,72.2,,,True,rating-breakdown,True,65.2,72.2,,,ball-recovery,True,False,,
1410240,Rodrigo Mora,14131903,rating-breakdown,defensive,defensive,,,,FC Porto,56.0,,21.5,77.2,,,True,rating-breakdown,True,21.5,77.2,,,ball-recovery,True,False,,
1410240,Rodrigo Mora,14131911,rating-breakdown,passes,passes,,,,FC Porto,32.0,,72.2,51.7,84.8,65.1,,rating-breakdown,True,72.2,51.7,84.8,65.1,pass,False,False,,
1410240,Rodrigo Mora,14131911,rating-breakdown,passes,passes,,,,FC Porto,32.0,,36.8,47.5,24.1,53.7,True,rating-breakdown,True,36.8,47.5,24.1,53.7,pass,False,False,,
1410240,Rodrigo Mora,14131911,rating-breakdown,passes,passes,,,,FC Porto,32.0,,34,42.7,33.7,39.7,True,rating-breakdown,True,34,42.7,33.7,39.7,pass,False,False,,
1410240,Rodrigo Mora,14131911,rating-breakdown,passes,passes,,,,FC Porto,32.0,,67.1,58.3,86.7,57.7,,rating-breakdown,True,67.1,58.3,86.7,57.7,pass,False,False,,
1410240,Rodrigo Mora,14131911,rating-breakdown,passes,passes,,,,FC Porto,32.0,,53,42.9,44.6,36.4,True,rating-breakdown,True,53,42.9,44.6,36.4,pass,False,False,,
1410240,Rodrigo Mora,14131911,rating-breakdown,passes,passes,,,,FC Porto,32.0,,61.8,53.2,81.7,81.1,True,rating-breakdown,True,61.8,53.2,81.7,81.1,pass,False,False,,
1410240,Rodrigo Mora,14131911,rating-breakdown,passes,passes,,,,FC Porto,32.0,,77.4,70,97.2,30.7,True,rating-breakdown,True,77.4,70,97.2,30.7,pass,False,False,True,
1410240,Rodrigo Mora,14131911,rating-breakdown,passes,passes,,,,FC Porto,32.0,,71.5,89.7,72.4,82.8,True,rating-breakdown,True,71.5,89.7,72.4,82.8,pass,False,False,,
1410240,Rodrigo Mora,14131911,rating-breakdown,passes,passes,,,,FC Porto,32.0,,75.1,89.8,62.5,87.3,True,rating-breakdown,True,75.1,89.8,62.5,87.3,pass,False,False,,
1410240,Rodrigo Mora,14131911,rating-breakdown,passes,passes,,,,FC Porto,32.0,,99.5,99.5,80.5,81.6,True,rating-breakdown,True,99.5,99.5,80.5,81.6,pass,False,False,,
1410240,Rodrigo Mora,14131911,rating-breakdown,passes,passes,,,,FC Porto,32.0,,89.7,88.3,90.5,54.3,,rating-breakdown,True,89.7,88.3,90.5,54.3,cross,False,False,,
1410240,Rodrigo Mora,14131911,rating-breakdown,passes,passes,,,,FC Porto,32.0,,20.3,80.1,16.6,88.3,True,rating-breakdown,True,20.3,80.1,16.6,88.3,pass,False,False,,
1410240,Rodrigo Mora,14131911,rating-breakdown,passes,passes,,,,FC Porto,32.0,,28.5,78.4,29,79,,rating-breakdown,True,28.5,78.4,29,79,pass,False,False,,
1410240,Rodrigo Mora,14131911,rating-breakdown,passes,passes,,,,FC Porto,32.0,,59.3,82.5,65.8,82,True,rating-breakdown,True,59.3,82.5,65.8,82,pass,False,False,,
1410240,Rodrigo Mora,14131911,rating-breakdown,passes,passes,,,,FC Porto,32.0,,34,76,31.1,92.2,True,rating-breakdown,True,34,76,31.1,92.2,pass,False,False,,
1410240,Rodrigo Mora,14131911,rating-breakdown,passes,passes,,,,FC Porto,32.0,,36.3,59.5,69.8,51.5,True,rating-breakdown,True,36.3,59.5,69.8,51.5,pass,False,True,True,
1410240,Rodrigo Mora,14131911,rating-breakdown,passes,passes,,,,FC Porto,32.0,,28,87.1,42.7,82.6,True,rating-breakdown,True,28,87.1,42.7,82.6,pass,False,False,,
1410240,Rodrigo Mora,14131911,rating-breakdown,passes,passes,,,,FC Porto,32.0,,99.5,99.5,94.4,57.3,,rating-breakdown,True,99.5,99.5,94.4,57.3,cross,False,False,,
1410240,Rodrigo Mora,14131911,rating-breakdown,passes,passes,,,,FC Porto,32.0,,91.9,80.8,85.8,68.7,,rating-breakdown,True,91.9,80.8,85.8,68.7,pass,False,False,,
1410240,Rodrigo Mora,14131911,rating-breakdown,passes,passes,,,,FC Porto,32.0,,46.7,66.4,64.4,8.4,True,rating-breakdown,True,46.7,66.4,64.4,8.4,pass,False,False,True,
1410240,Rodrigo Mora,14131911,rating-breakdown,passes,passes,,,,FC Porto,32.0,,78.5,33.9,80.2,6.4,True,rating-breakdown,True,78.5,33.9,80.2,6.4,pass,False,False,,
1410240,Rodrigo Mora,14131911,rating-breakdown,passes,passes,,,,FC Porto,32.0,,84.8,78.1,74.9,87.4,True,rating-breakdown,True,84.8,78.1,74.9,87.4,pass,False,False,,
1410240,Rodrigo Mora,14131911,rating-breakdown,dribbles,dribbles,,,,FC Porto,32.0,,31.8,72,,,,rating-breakdown,True,31.8,72,,,dribble,False,False,,
1410240,Rodrigo Mora,14131911,rating-breakdown,defensive,defensive,,,,FC Porto,32.0,,38.2,86.1,,,True,rating-breakdown,True,38.2,86.1,,,tackle,False,False,,
1410240,Rodrigo Mora,14131911,rating-breakdown,defensive,defensive,,,,FC Porto,32.0,,22.4,81.5,,,True,rating-breakdown,True,22.4,81.5,,,interception,False,False,,
1410240,Rodrigo Mora,14131911,rating-breakdown,defensive,defensive,,,,FC Porto,32.0,,34,76,,,True,rating-breakdown,True,34,76,,,ball-recovery,False,False,,
1410240,Rodrigo Mora,14131931,rating-breakdown,passes,passes,,,,FC Porto,1.0,,30.9,79.1,34.9,85.8,True,rating-breakdown,True,30.9,79.1,34.9,85.8,pass,True,False,,
1410240,Rodrigo Mora,14131936,rating-breakdown,passes,passes,,,,FC Porto,32.0,,81.1,10.9,90.7,50.5,,rating-breakdown,True,81.1,10.9,90.7,50.5,cross,False,False,,
1410240,Rodrigo Mora,14131936,rating-breakdown,passes,passes,,,,FC Porto,32.0,,73.8,40.3,78.5,71.5,True,rating-breakdown,True,73.8,40.3,78.5,71.5,pass,False,True,,
1410240,Rodrigo Mora,14131936,rating-breakdown,passes,passes,,,,FC Porto,32.0,,68.2,89.4,77.7,94.8,True,rating-breakdown,True,68.2,89.4,77.7,94.8,pass,False,False,,
1410240,Rodrigo Mora,14131936,rating-breakdown,passes,passes,,,,FC Porto,32.0,,87.8,77.2,88.3,72.1,,rating-breakdown,True,87.8,77.2,88.3,72.1,cross,False,False,,
1410240,Rodrigo Mora,14131936,rating-breakdown,passes,passes,,,,FC Porto,32.0,,63.2,51.5,72.7,57.7,,rating-breakdown,True,63.2,51.5,72.7,57.7,pass,False,False,True,
1410240,Rodrigo Mora,14131936,rating-breakdown,passes,passes,,,,FC Porto,32.0,,70.1,69.6,79.5,28,,rating-breakdown,True,70.1,69.6,79.5,28,pass,False,False,,
1410240,Rodrigo Mora,14131936,rating-breakdown,passes,passes,,,,FC Porto,32.0,,49.4,20.5,30.2,20.9,True,rating-breakdown,True,49.4,20.5,30.2,20.9,pass,False,False,,
1410240,Rodrigo Mora,14131936,rating-breakdown,passes,passes,,,,FC Porto,32.0,,69.6,64.6,62.7,56.1,True,rating-breakdown,True,69.6,64.6,62.7,56.1,pass,False,False,,
1410240,Rodrigo Mora,14131936,rating-breakdown,passes,passes,,,,FC Porto,32.0,,72.5,84.9,66.7,67.6,True,rating-breakdown,True,72.5,84.9,66.7,67.6,pass,False,False,,
1410240,Rodrigo Mora,14131936,rating-breakdown,passes,passes,,,,FC Porto,32.0,,99.5,99.5,94.2,46.6,,rating-breakdown,True,99.5,99.5,94.2,46.6,cross,False,False,True,
1410240,Rodrigo Mora,14131936,rating-breakdown,passes,passes,,,,FC Porto,32.0,,62.4,64.3,69.3,89.4,True,rating-breakdown,True,62.4,64.3,69.3,89.4,pass,False,False,,
1410240,Rodrigo Mora,14131936,rating-breakdown,passes,passes,,,,FC Porto,32.0,,69.8,95.5,70.7,89.5,,rating-breakdown,True,69.8,95.5,70.7,89.5,pass,False,False,,
1410240,Rodrigo Mora,14131936,rating-breakdown,passes,passes,,,,FC Porto,32.0,,11.9,85,3,84.7,True,rating-breakdown,True,11.9,85,3,84.7,pass,False,False,,
1410240,Rodrigo Mora,14131936,rating-breakdown,dribbles,dribbles,,,,FC Porto,32.0,,87.2,64.2,,,,rating-breakdown,True,87.2,64.2,,,dribble,False,False,,
1410240,Rodrigo Mora,14131936,rating-breakdown,dribbles,dribbles,,,,FC Porto,32.0,,85.6,75,,,,rating-breakdown,True,85.6,75,,,dribble,False,False,,
1410240,Rodrigo Mora,14131936,rating-breakdown,defensive,defensive,,,,FC Porto,32.0,,13.1,69.9,,,True,rating-breakdown,True,13.1,69.9,,,block,False,False,,
1410240,Rodrigo Mora,14131936,rating-breakdown,defensive,defensive,,,,FC Porto,32.0,,52.7,55.8,,,True,rating-breakdown,True,52.7,55.8,,,ball-recovery,False,False,,
1410240,Rodrigo Mora,14131936,rating-breakdown,defensive,defensive,,,,FC Porto,32.0,,11.5,79.3,,,True,rating-breakdown,True,11.5,79.3,,,ball-recovery,False,False,,
1410240,Rodrigo Mora,14131948,rating-breakdown,passes,passes,,,,FC Porto,57.0,,65.2,37.5,78.6,39.4,True,rating-breakdown,True,65.2,37.5,78.6,39.4,pass,True,False,,
1410240,Rodrigo Mora,14131948,rating-breakdown,passes,passes,,,,FC Porto,57.0,,66.9,55.5,85.2,90.1,True,rating-breakdown,True,66.9,55.5,85.2,90.1,pass,True,False,,
1410240,Rodrigo Mora,14131948,rating-breakdown,passes,passes,,,,FC Porto,57.0,,70.8,62.1,76.3,58.2,True,rating-breakdown,True,70.8,62.1,76.3,58.2,pass,True,False,,
1410240,Rodrigo Mora,14131948,rating-breakdown,passes,passes,,,,FC Porto,57.0,,99.5,99.5,94.8,59.7,,rating-breakdown,True,99.5,99.5,94.8,59.7,cross,True,False,,
1410240,Rodrigo Mora,14131948,rating-breakdown,passes,passes,,,,FC Porto,57.0,,60.7,77.1,65.1,95.1,True,rating-breakdown,True,60.7,77.1,65.1,95.1,pass,True,False,,
1410240,Rodrigo Mora,14131948,rating-breakdown,passes,passes,,,,FC Porto,57.0,,44.2,77.1,33.1,75,True,rating-breakdown,True,44.2,77.1,33.1,75,pass,True,False,,
1410240,Rodrigo Mora,14131948,rating-breakdown,passes,passes,,,,FC Porto,57.0,,58,76.3,39.2,73.9,True,rating-breakdown,True,58,76.3,39.2,73.9,pass,True,False,,
1410240,Rodrigo Mora,14131948,rating-breakdown,passes,passes,,,,FC Porto,57.0,,55.9,78.3,62.5,72,,rating-breakdown,True,55.9,78.3,62.5,72,pass,True,False,,
1410240,Rodrigo Mora,14131948,rating-breakdown,passes,passes,,,,FC Porto,57.0,,56.7,57,61,21.1,True,rating-breakdown,True,56.7,57,61,21.1,pass,True,False,,
1410240,Rodrigo Mora,14131948,rating-breakdown,passes,passes,,,,FC Porto,57.0,,63.5,68.2,61.3,38.2,True,rating-breakdown,True,63.5,68.2,61.3,38.2,pass,True,True,,
1410240,Rodrigo Mora,14131948,rating-breakdown,dribbles,dribbles,,,,FC Porto,57.0,,70.2,34.5,,,,rating-breakdown,True,70.2,34.5,,,dribble,True,False,,
1410240,Rodrigo Mora,14131948,rating-breakdown,dribbles,dribbles,,,,FC Porto,57.0,,56,86.2,,,True,rating-breakdown,True,56,86.2,,,dribble,True,False,,
1410240,Rodrigo Mora,14131948,rating-breakdown,defensive,defensive,,,,FC Porto,57.0,,66.9,55.3,,,True,rating-breakdown,True,66.9,55.3,,,ball-recovery,True,False,,
1410240,Rodrigo Mora,14131948,rating-breakdown,defensive,defensive,,,,FC Porto,57.0,,20.5,60.6,21.2,60.1,True,rating-breakdown,True,20.5,60.6,21.2,60.1,clearance,True,False,,
1410240,Rodrigo Mora,14131948,rating-breakdown,defensive,defensive,,,,FC Porto,57.0,,17.2,59.2,48.5,53.2,True,rating-breakdown,True,17.2,59.2,48.5,53.2,clearance,True,False,,
1410240,Rodrigo Mora,14131948,rating-breakdown,defensive,defensive,,,,FC Porto,57.0,,55.6,79.9,,,True,rating-breakdown,True,55.6,79.9,,,ball-recovery,True,False,,
1410240,Rodrigo Mora,14131948,rating-breakdown,defensive,defensive,,,,FC Porto,57.0,,60,17.4,,,True,rating-breakdown,True,60,17.4,,,interception,True,False,,
1410240,Rodrigo Mora,14131953,rating-breakdown,passes,passes,,,,FC Porto,58.0,,60.3,37.3,72.6,9.9,True,rating-breakdown,True,60.3,37.3,72.6,9.9,pass,False,False,,
1410240,Rodrigo Mora,14131953,rating-breakdown,passes,passes,,,,FC Porto,58.0,,44.4,57.5,25,43.2,True,rating-breakdown,True,44.4,57.5,25,43.2,pass,False,False,,
1410240,Rodrigo Mora,14131953,rating-breakdown,passes,passes,,,,FC Porto,58.0,,34.5,73.4,37.3,81,,rating-breakdown,True,34.5,73.4,37.3,81,pass,False,False,,
1410240,Rodrigo Mora,14131953,rating-breakdown,passes,passes,,,,FC Porto,58.0,,41,70.5,30.1,78.6,True,rating-breakdown,True,41,70.5,30.1,78.6,pass,False,False,,
1410240,Rodrigo Mora,14131953,rating-breakdown,passes,passes,,,,FC Porto,58.0,,76.4,84.3,100,34.7,,rating-breakdown,True,76.4,84.3,100,34.7,cross,False,False,True,
1410240,Rodrigo Mora,14131953,rating-breakdown,passes,passes,,,,FC Porto,58.0,,43.7,76.3,13.1,61.8,True,rating-breakdown,True,43.7,76.3,13.1,61.8,pass,False,False,True,
1410240,Rodrigo Mora,14131953,rating-breakdown,passes,passes,,,,FC Porto,58.0,,66.1,51.3,99.9,0,,rating-breakdown,True,66.1,51.3,99.9,0,pass,False,False,True,
1410240,Rodrigo Mora,14131953,rating-breakdown,passes,passes,,,,FC Porto,58.0,,73.3,52.5,,,True,rating-breakdown,True,73.3,52.5,,,ball-touch,False,True,,
1410240,Rodrigo Mora,14131953,rating-breakdown,passes,passes,,,,FC Porto,58.0,,77,69.1,77.7,36.7,True,rating-breakdown,True,77,69.1,77.7,36.7,pass,False,False,,
1410240,Rodrigo Mora,14131953,rating-breakdown,passes,passes,,,,FC Porto,58.0,,64.6,62.9,74.9,45.4,True,rating-breakdown,True,64.6,62.9,74.9,45.4,pass,False,False,,
1410240,Rodrigo Mora,14131953,rating-breakdown,passes,passes,,,,FC Porto,58.0,,90.7,72.8,86.6,76.1,True,rating-breakdown,True,90.7,72.8,86.6,76.1,pass,False,False,,
1410240,Rodrigo Mora,14131953,rating-breakdown,passes,passes,,,,FC Porto,58.0,,77.2,75.2,89.2,77.7,True,rating-breakdown,True,77.2,75.2,89.2,77.7,pass,False,False,,
1410240,Rodrigo Mora,14131953,rating-breakdown,passes,passes,,,,FC Porto,58.0,,99.5,99.5,91.7,42.2,,rating-breakdown,True,99.5,99.5,91.7,42.2,cross,False,False,True,
1410240,Rodrigo Mora,14131953,rating-breakdown,passes,passes,,,,FC Porto,58.0,,69.3,46.3,76.5,43.4,,rating-breakdown,True,69.3,46.3,76.5,43.4,pass,False,False,,
1410240,Rodrigo Mora,14131953,rating-breakdown,passes,passes,,,,FC Porto,58.0,,38.3,68,24.5,73.1,True,rating-breakdown,True,38.3,68,24.5,73.1,pass,False,False,,
1410240,Rodrigo Mora,14131953,rating-breakdown,passes,passes,,,,FC Porto,58.0,,59.2,55.3,74.3,44.4,True,rating-breakdown,True,59.2,55.3,74.3,44.4,pass,False,False,,
1410240,Rodrigo Mora,14131953,rating-breakdown,passes,passes,,,,FC Porto,58.0,,39.9,57.8,29.3,33.3,True,rating-breakdown,True,39.9,57.8,29.3,33.3,pass,False,False,,
1410240,Rodrigo Mora,14131953,rating-breakdown,passes,passes,,,,FC Porto,58.0,,35.3,61.8,19.9,66.2,True,rating-breakdown,True,35.3,61.8,19.9,66.2,pass,False,False,,
1410240,Rodrigo Mora,14131953,rating-breakdown,passes,passes,,,,FC Porto,58.0,,34.8,72.6,43.1,77.6,,rating-breakdown,True,34.8,72.6,43.1,77.6,pass,False,False,,
1410240,Rodrigo Mora,14131953,rating-breakdown,dribbles,dribbles,,,,FC Porto,58.0,,85.2,82.4,,,True,rating-breakdown,True,85.2,82.4,,,dribble,False,False,,
1410240,Rodrigo Mora,14131953,rating-breakdown,dribbles,dribbles,,,,FC Porto,58.0,,92.8,75.6,,,,rating-breakdown,True,92.8,75.6,,,dribble,False,False,,
1410240,Rodrigo Mora,14131953,rating-breakdown,defensive,defensive,,,,FC Porto,58.0,,66.6,3.8,,,,rating-breakdown,True,66.6,3.8,,,tackle,False,False,,
1410240,Rodrigo Mora,14131953,rating-breakdown,defensive,defensive,,,,FC Porto,58.0,,70.6,74,,,,rating-breakdown,True,70.6,74,,,tackle,False,False,,
1410240,Rodrigo Mora,14131953,rating-breakdown,defensive,defensive,,,,FC Porto,58.0,,64.6,62.9,,,True,rating-breakdown,True,64.6,62.9,,,ball-recovery,False,False,,
1410240,Rodrigo Mora,14131953,rating-breakdown,defensive,defensive,,,,FC Porto,58.0,,55.6,62.8,,,True,rating-breakdown,True,55.6,62.8,,,tackle,False,False,,
1410240,Rodrigo Mora,14131953,rating-breakdown,defensive,defensive,,,,FC Porto,58.0,,62.1,62.9,,,True,rating-breakdown,True,62.1,62.9,,,ball-recovery,False,False,,
1410240,Rodrigo Mora,14131963,rating-breakdown,passes,passes,,,,FC Porto,59.0,,25.4,64,39.7,55.6,True,rating-breakdown,True,25.4,64,39.7,55.6,pass,True,False,,
1410240,Rodrigo Mora,14131963,rating-breakdown,passes,passes,,,,FC Porto,59.0,,39.3,72.6,34.8,83.6,True,rating-breakdown,True,39.3,72.6,34.8,83.6,pass,True,False,,
1410240,Rodrigo Mora,14131963,rating-breakdown,passes,passes,,,,FC Porto,59.0,,56,70.9,30.3,56,True,rating-breakdown,True,56,70.9,30.3,56,pass,True,False,,
1410240,Rodrigo Mora,14131963,rating-breakdown,passes,passes,,,,FC Porto,59.0,,13.5,84.2,11.2,89.6,True,rating-breakdown,True,13.5,84.2,11.2,89.6,pass,True,False,,
1410240,Rodrigo Mora,14131963,rating-breakdown,passes,passes,,,,FC Porto,59.0,,99.7,99.3,94.4,47.3,,rating-breakdown,True,99.7,99.3,94.4,47.3,cross,True,False,True,
1410240,Rodrigo Mora,14131963,rating-breakdown,passes,passes,,,,FC Porto,59.0,,76.4,62,77.8,61.8,,rating-breakdown,True,76.4,62,77.8,61.8,pass,True,False,,
1410240,Rodrigo Mora,14131963,rating-breakdown,passes,passes,,,,FC Porto,59.0,,70.6,78.5,67.8,22.8,True,rating-breakdown,True,70.6,78.5,67.8,22.8,pass,True,False,True,
1410240,Rodrigo Mora,14131963,rating-breakdown,passes,passes,,,,FC Porto,59.0,,23.6,38.9,28.2,38.9,True,rating-breakdown,True,23.6,38.9,28.2,38.9,pass,True,False,,
1410240,Rodrigo Mora,14131963,rating-breakdown,passes,passes,,,,FC Porto,59.0,,31.9,89.1,40.4,84.1,,rating-breakdown,True,31.9,89.1,40.4,84.1,pass,True,False,,
1410240,Rodrigo Mora,14131963,rating-breakdown,passes,passes,,,,FC Porto,59.0,,35.8,70.5,26.9,85.9,True,rating-breakdown,True,35.8,70.5,26.9,85.9,pass,True,False,,
1410240,Rodrigo Mora,14131963,rating-breakdown,passes,passes,,,,FC Porto,59.0,,32.1,93.5,26.7,91.7,,rating-breakdown,True,32.1,93.5,26.7,91.7,pass,True,False,,
1410240,Rodrigo Mora,14131963,rating-breakdown,passes,passes,,,,FC Porto,59.0,,5.4,69.4,4.1,81.5,True,rating-breakdown,True,5.4,69.4,4.1,81.5,pass,True,False,,
1410240,Rodrigo Mora,14131963,rating-breakdown,passes,passes,,,,FC Porto,59.0,,55.6,33.7,52,0,,rating-breakdown,True,55.6,33.7,52,0,pass,True,False,,
1410240,Rodrigo Mora,14131963,rating-breakdown,passes,passes,,,,FC Porto,59.0,,69.8,82.2,71.4,82.2,,rating-breakdown,True,69.8,82.2,71.4,82.2,pass,True,False,,
1410240,Rodrigo Mora,14131963,rating-breakdown,passes,passes,,,,FC Porto,59.0,,24.9,76.3,18.5,85.6,True,rating-breakdown,True,24.9,76.3,18.5,85.6,pass,True,False,,
1410240,Rodrigo Mora,14131963,rating-breakdown,passes,passes,,,,FC Porto,59.0,,39.7,81.5,32.2,66.6,True,rating-breakdown,True,39.7,81.5,32.2,66.6,pass,True,False,,
1410240,Rodrigo Mora,14131963,rating-breakdown,passes,passes,,,,FC Porto,59.0,,42.2,47.3,41.2,29.8,True,rating-breakdown,True,42.2,47.3,41.2,29.8,pass,True,False,,
1410240,Rodrigo Mora,14131963,rating-breakdown,passes,passes,,,,FC Porto,59.0,,78.3,91.7,70.8,94.5,True,rating-breakdown,True,78.3,91.7,70.8,94.5,pass,True,False,,
1410240,Rodrigo Mora,14131963,rating-breakdown,passes,passes,,,,FC Porto,59.0,,62.9,86.3,82.2,87.1,True,rating-breakdown,True,62.9,86.3,82.2,87.1,pass,True,False,,
1410240,Rodrigo Mora,14131963,rating-breakdown,passes,passes,,,,FC Porto,59.0,,76.2,43.2,81.3,37.6,True,rating-breakdown,True,76.2,43.2,81.3,37.6,pass,True,True,,
1410240,Rodrigo Mora,14131963,rating-breakdown,passes,passes,,,,FC Porto,59.0,,84.8,14.8,77.2,23.5,True,rating-breakdown,True,84.8,14.8,77.2,23.5,pass,True,False,,
1410240,Rodrigo Mora,14131963,rating-breakdown,passes,passes,,,,FC Porto,59.0,,28.9,74,36,86.1,True,rating-breakdown,True,28.9,74,36,86.1,pass,True,False,,
1410240,Rodrigo Mora,14131963,rating-breakdown,passes,passes,,,,FC Porto,59.0,,58.3,49.4,47.1,59.1,True,rating-breakdown,True,58.3,49.4,47.1,59.1,pass,True,False,,
1410240,Rodrigo Mora,14131963,rating-breakdown,passes,passes,,,,FC Porto,59.0,,60.2,66.9,57,90.5,True,rating-breakdown,True,60.2,66.9,57,90.5,pass,True,False,,
1410240,Rodrigo Mora,14131963,rating-breakdown,passes,passes,,,,FC Porto,59.0,,99.5,99.5,92.5,61.1,True,rating-breakdown,True,99.5,99.5,92.5,61.1,cross,True,False,,
1410240,Rodrigo Mora,14131963,rating-breakdown,passes,passes,,,,FC Porto,59.0,,87.9,10.3,93,15.9,True,rating-breakdown,True,87.9,10.3,93,15.9,pass,True,False,,
1410240,Rodrigo Mora,14131963,rating-breakdown,dribbles,dribbles,,,,FC Porto,59.0,,47.6,56.4,,,,rating-breakdown,True,47.6,56.4,,,dribble,True,False,,
1410240,Rodrigo Mora,14131963,rating-breakdown,defensive,defensive,,,,FC Porto,59.0,,32.1,62.1,,,True,rating-breakdown,True,32.1,62.1,,,ball-recovery,True,False,,
1410240,Rodrigo Mora,14131963,rating-breakdown,defensive,defensive,,,,FC Porto,59.0,,33.1,49.8,,,True,rating-breakdown,True,33.1,49.8,,,tackle,True,False,,
1410240,Rodrigo Mora,14131963,rating-breakdown,defensive,defensive,,,,FC Porto,59.0,,27.3,44.8,,,True,rating-breakdown,True,27.3,44.8,,,ball-recovery,True,False,,
1410240,Rodrigo Mora,14131963,rating-breakdown,defensive,defensive,,,,FC Porto,59.0,,13.1,70.8,,,True,rating-breakdown,True,13.1,70.8,,,tackle,True,False,,
1410240,Rodrigo Mora,14131963,rating-breakdown,defensive,defensive,,,,FC Porto,59.0,,2.8,70.9,22.9,100,True,rating-breakdown,True,2.8,70.9,22.9,100,clearance,True,False,,
1410240,Rodrigo Mora,14131963,rating-breakdown,defensive,defensive,,,,FC Porto,59.0,,5.4,69.4,,,True,rating-breakdown,True,5.4,69.4,,,ball-recovery,True,False,,
1410240,Rodrigo Mora,14131963,rating-breakdown,defensive,defensive,,,,FC Porto,59.0,,30.4,55.2,48.7,45.7,True,rating-breakdown,True,30.4,55.2,48.7,45.7,clearance,True,False,,
1410240,Rodrigo Mora,14131963,rating-breakdown,defensive,defensive,,,,FC Porto,59.0,,71.2,77.6,,,True,rating-breakdown,True,71.2,77.6,,,ball-recovery,True,False,,
1410240,Rodrigo Mora,14131963,rating-breakdown,defensive,defensive,,,,FC Porto,59.0,,14.1,79.1,,,True,rating-breakdown,True,14.1,79.1,,,interception,True,False,,
1410240,Rodrigo Mora,14131963,rating-breakdown,defensive,defensive,,,,FC Porto,59.0,,65,42.8,,,True,rating-breakdown,True,65,42.8,,,ball-recovery,True,False,,
1410240,Rodrigo Mora,14131963,rating-breakdown,defensive,defensive,,,,FC Porto,59.0,,29.6,74.5,,,True,rating-breakdown,True,29.6,74.5,,,ball-recovery,True,False,,
1410240,Rodrigo Mora,14131963,rating-breakdown,defensive,defensive,,,,FC Porto,59.0,,10.5,55.5,23.2,65.5,True,rating-breakdown,True,10.5,55.5,23.2,65.5,clearance,True,False,,
1410240,Rodrigo Mora,14131976,rating-breakdown,passes,passes,,,,FC Porto,63.0,,82.2,66,83.5,64.2,,rating-breakdown,True,82.2,66,83.5,64.2,pass,False,False,,
1410240,Rodrigo Mora,14131976,rating-breakdown,passes,passes,,,,FC Porto,63.0,,99.4,99.5,94.7,66.9,,rating-breakdown,True,99.4,99.5,94.7,66.9,cross,False,False,,
1410240,Rodrigo Mora,14131976,rating-breakdown,passes,passes,,,,FC Porto,63.0,,69.8,34.3,61.9,29.2,True,rating-breakdown,True,69.8,34.3,61.9,29.2,pass,False,False,,
1410240,Rodrigo Mora,14131976,rating-breakdown,passes,passes,,,,FC Porto,63.0,,69.8,65.2,72.7,74.8,True,rating-breakdown,True,69.8,65.2,72.7,74.8,pass,False,False,,
1410240,Rodrigo Mora,14131976,rating-breakdown,passes,passes,,,,FC Porto,63.0,,99.6,99.3,94.4,75,True,rating-breakdown,True,99.6,99.3,94.4,75,pass,False,False,,
1410240,Rodrigo Mora,14131976,rating-breakdown,passes,passes,,,,FC Porto,63.0,,72.1,27.6,85.8,20.1,,rating-breakdown,True,72.1,27.6,85.8,20.1,pass,False,False,,
1410240,Rodrigo Mora,14131976,rating-breakdown,passes,passes,,,,FC Porto,63.0,,22.6,67,12.8,69,True,rating-breakdown,True,22.6,67,12.8,69,pass,False,False,,
1410240,Rodrigo Mora,14131976,rating-breakdown,passes,passes,,,,FC Porto,63.0,,66.8,35,68.8,52.6,True,rating-breakdown,True,66.8,35,68.8,52.6,pass,False,False,,
1410240,Rodrigo Mora,14131976,rating-breakdown,passes,passes,,,,FC Porto,63.0,,70.2,36,78.2,11.3,True,rating-breakdown,True,70.2,36,78.2,11.3,pass,False,False,,
1410240,Rodrigo Mora,14131976,rating-breakdown,passes,passes,,,,FC Porto,63.0,,80.9,49.8,79.8,76.9,,rating-breakdown,True,80.9,49.8,79.8,76.9,pass,False,False,,
1410240,Rodrigo Mora,14131976,rating-breakdown,passes,passes,,,,FC Porto,63.0,,82.7,56.8,90.4,67.9,True,rating-breakdown,True,82.7,56.8,90.4,67.9,pass,False,False,,
1410240,Rodrigo Mora,14131976,rating-breakdown,passes,passes,,,,FC Porto,63.0,,92.3,92.4,90.4,92.5,,rating-breakdown,True,92.3,92.4,90.4,92.5,pass,False,False,,
1410240,Rodrigo Mora,14131976,rating-breakdown,passes,passes,,,,FC Porto,63.0,,69.7,46.2,92.6,76.1,True,rating-breakdown,True,69.7,46.2,92.6,76.1,pass,False,False,,
1410240,Rodrigo Mora,14131976,rating-breakdown,passes,passes,,,,FC Porto,63.0,,36,38.7,23.7,45.4,True,rating-breakdown,True,36,38.7,23.7,45.4,pass,False,False,,
1410240,Rodrigo Mora,14131976,rating-breakdown,passes,passes,,,,FC Porto,63.0,,90,77.7,83.7,92.2,True,rating-breakdown,True,90,77.7,83.7,92.2,pass,False,False,,
1410240,Rodrigo Mora,14131976,rating-breakdown,passes,passes,,,,FC Porto,63.0,,78.6,76.6,97,83.1,True,rating-breakdown,True,78.6,76.6,97,83.1,pass,False,False,,
1410240,Rodrigo Mora,14131976,rating-breakdown,passes,passes,,,,FC Porto,63.0,,77.6,89.4,69.3,91,True,rating-breakdown,True,77.6,89.4,69.3,91,pass,False,False,,
1410240,Rodrigo Mora,14131976,rating-breakdown,passes,passes,,,,FC Porto,63.0,,40.1,65.2,5.9,64.8,True,rating-breakdown,True,40.1,65.2,5.9,64.8,pass,False,False,True,
1410240,Rodrigo Mora,14131976,rating-breakdown,passes,passes,,,,FC Porto,63.0,,86.9,86.5,79.1,93.4,True,rating-breakdown,True,86.9,86.5,79.1,93.4,pass,False,False,,
1410240,Rodrigo Mora,14131976,rating-breakdown,passes,passes,,,,FC Porto,63.0,,99.5,0.5,90.2,51.2,True,rating-breakdown,True,99.5,0.5,90.2,51.2,cross,False,True,True,
1410240,Rodrigo Mora,14131976,rating-breakdown,passes,passes,,,,FC Porto,63.0,,36.5,67.9,26.3,56.8,True,rating-breakdown,True,36.5,67.9,26.3,56.8,pass,False,False,,
1410240,Rodrigo Mora,14131976,rating-breakdown,passes,passes,,,,FC Porto,63.0,,54.9,66.6,39.8,89.2,True,rating-breakdown,True,54.9,66.6,39.8,89.2,pass,False,False,,
1410240,Rodrigo Mora,14131976,rating-breakdown,passes,passes,,,,FC Porto,63.0,,55.4,48.1,69.4,37.8,,rating-breakdown,True,55.4,48.1,69.4,37.8,pass,False,False,,
1410240,Rodrigo Mora,14131976,rating-breakdown,passes,passes,,,,FC Porto,63.0,,28.4,66.9,17.4,72.9,True,rating-breakdown,True,28.4,66.9,17.4,72.9,pass,False,False,,
1410240,Rodrigo Mora,14131976,rating-breakdown,passes,passes,,,,FC Porto,63.0,,42.7,63.6,39.8,57.3,,rating-breakdown,True,42.7,63.6,39.8,57.3,pass,False,False,,
1410240,Rodrigo Mora,14131976,rating-breakdown,passes,passes,,,,FC Porto,63.0,,58,65.6,65.2,70.7,,rating-breakdown,True,58,65.6,65.2,70.7,pass,False,False,,
1410240,Rodrigo Mora,14131976,rating-breakdown,passes,passes,,,,FC Porto,63.0,,66.8,92.6,92.1,39.1,True,rating-breakdown,True,66.8,92.6,92.1,39.1,cross,False,True,True,
1410240,Rodrigo Mora,14131976,rating-breakdown,passes,passes,,,,FC Porto,63.0,,85.2,76.9,98,55.3,,rating-breakdown,True,85.2,76.9,98,55.3,cross,False,False,,
1410240,Rodrigo Mora,14131976,rating-breakdown,defensive,defensive,,,,FC Porto,63.0,,20.2,40.7,57.3,66,True,rating-breakdown,True,20.2,40.7,57.3,66,clearance,False,False,,
1410240,Rodrigo Mora,14131983,rating-breakdown,passes,passes,,,,FC Porto,75.0,,32.9,66.4,24.2,44.1,True,rating-breakdown,True,32.9,66.4,24.2,44.1,pass,True,False,,
1410240,Rodrigo Mora,14131983,rating-breakdown,passes,passes,,,,FC Porto,75.0,,53.9,55.3,43.7,61.2,True,rating-breakdown,True,53.9,55.3,43.7,61.2,pass,True,False,,
1410240,Rodrigo Mora,14131983,rating-breakdown,passes,passes,,,,FC Porto,75.0,,56.7,68.8,40.6,42.6,True,rating-breakdown,True,56.7,68.8,40.6,42.6,pass,True,False,,
1410240,Rodrigo Mora,14131983,rating-breakdown,passes,passes,,,,FC Porto,75.0,,73.6,34.6,82.2,45,True,rating-breakdown,True,73.6,34.6,82.2,45,pass,True,False,,
1410240,Rodrigo Mora,14131983,rating-breakdown,passes,passes,,,,FC Porto,75.0,,57.7,70.5,53.7,89.4,True,rating-breakdown,True,57.7,70.5,53.7,89.4,pass,True,False,,
1410240,Rodrigo Mora,14131983,rating-breakdown,passes,passes,,,,FC Porto,75.0,,78.9,66.6,72.8,75.4,True,rating-breakdown,True,78.9,66.6,72.8,75.4,pass,True,False,,
1410240,Rodrigo Mora,14131983,rating-breakdown,passes,passes,,,,FC Porto,75.0,,99.5,0.5,93.3,45,,rating-breakdown,True,99.5,0.5,93.3,45,cross,True,False,,
1410240,Rodrigo Mora,14131983,rating-breakdown,passes,passes,,,,FC Porto,75.0,,42.9,51.9,34.1,31,True,rating-breakdown,True,42.9,51.9,34.1,31,pass,True,False,,
1410240,Rodrigo Mora,14131983,rating-breakdown,passes,passes,,,,FC Porto,75.0,,33.8,73.5,39.7,80.5,True,rating-breakdown,True,33.8,73.5,39.7,80.5,pass,True,False,,
1410240,Rodrigo Mora,14131983,rating-breakdown,passes,passes,,,,FC Porto,75.0,,71.8,54.6,66.4,46.2,True,rating-breakdown,True,71.8,54.6,66.4,46.2,pass,True,False,,
1410240,Rodrigo Mora,14131983,rating-breakdown,passes,passes,,,,FC Porto,75.0,,54.5,67.6,40.4,41.4,True,rating-breakdown,True,54.5,67.6,40.4,41.4,pass,True,False,,
1410240,Rodrigo Mora,14131983,rating-breakdown,passes,passes,,,,FC Porto,75.0,,29.3,57.5,37,66.7,True,rating-breakdown,True,29.3,57.5,37,66.7,pass,True,False,,
1410240,Rodrigo Mora,14131983,rating-breakdown,passes,passes,,,,FC Porto,75.0,,64.1,14.4,88,36.1,True,rating-breakdown,True,64.1,14.4,88,36.1,pass,True,False,,
1410240,Rodrigo Mora,14131983,rating-breakdown,passes,passes,,,,FC Porto,75.0,,45.1,34.9,30.6,51.3,True,rating-breakdown,True,45.1,34.9,30.6,51.3,pass,True,False,,
1410240,Rodrigo Mora,14131983,rating-breakdown,passes,passes,,,,FC Porto,75.0,,96.9,81.8,97.4,55.8,,rating-breakdown,True,96.9,81.8,97.4,55.8,cross,True,False,,
1410240,Rodrigo Mora,14131983,rating-breakdown,passes,passes,,,,FC Porto,75.0,,72.3,52.6,97.4,18.7,True,rating-breakdown,True,72.3,52.6,97.4,18.7,pass,True,False,True,
1410240,Rodrigo Mora,14131983,rating-breakdown,passes,passes,,,,FC Porto,75.0,,70.9,21.1,90.3,56.4,,rating-breakdown,True,70.9,21.1,90.3,56.4,cross,True,False,,
1410240,Rodrigo Mora,14131983,rating-breakdown,passes,passes,,,,FC Porto,75.0,,42.2,67.8,29.1,48.9,True,rating-breakdown,True,42.2,67.8,29.1,48.9,pass,True,False,,
1410240,Rodrigo Mora,14131983,rating-breakdown,passes,passes,,,,FC Porto,75.0,,44.5,62.1,35.6,50.8,True,rating-breakdown,True,44.5,62.1,35.6,50.8,pass,True,False,,
1410240,Rodrigo Mora,14131983,rating-breakdown,passes,passes,,,,FC Porto,75.0,,45.9,57.1,40,37.8,True,rating-breakdown,True,45.9,57.1,40,37.8,pass,True,False,,
1410240,Rodrigo Mora,14131983,rating-breakdown,passes,passes,,,,FC Porto,75.0,,61.2,39.1,30.2,43.9,True,rating-breakdown,True,61.2,39.1,30.2,43.9,pass,True,False,True,
1410240,Rodrigo Mora,14131983,rating-breakdown,passes,passes,,,,FC Porto,75.0,,63.4,84.3,44.5,88.9,True,rating-breakdown,True,63.4,84.3,44.5,88.9,pass,True,False,,
1410240,Rodrigo Mora,14131983,rating-breakdown,passes,passes,,,,FC Porto,75.0,,99.5,99.5,91.2,49.3,,rating-breakdown,True,99.5,99.5,91.2,49.3,cross,True,False,True,
1410240,Rodrigo Mora,14131983,rating-breakdown,passes,passes,,,,FC Porto,75.0,,35.1,69.9,38.7,91.5,True,rating-breakdown,True,35.1,69.9,38.7,91.5,pass,True,False,,
1410240,Rodrigo Mora,14131983,rating-breakdown,passes,passes,,,,FC Porto,75.0,,59.9,27.9,66.7,26.1,True,rating-breakdown,True,59.9,27.9,66.7,26.1,pass,True,False,,
1410240,Rodrigo Mora,14131983,rating-breakdown,passes,passes,,,,FC Porto,75.0,,40.9,72.7,27.5,74.2,True,rating-breakdown,True,40.9,72.7,27.5,74.2,pass,True,False,,
1410240,Rodrigo Mora,14131983,rating-breakdown,passes,passes,,,,FC Porto,75.0,,46,57,36,66.9,True,rating-breakdown,True,46,57,36,66.9,pass,True,False,,
1410240,Rodrigo Mora,14131983,rating-breakdown,passes,passes,,,,FC Porto,75.0,,47.6,70.9,40.3,45.9,True,rating-breakdown,True,47.6,70.9,40.3,45.9,pass,True,False,,
1410240,Rodrigo Mora,14131983,rating-breakdown,passes,passes,,,,FC Porto,75.0,,54.3,67.9,41.6,80.2,True,rating-breakdown,True,54.3,67.9,41.6,80.2,pass,True,False,,
1410240,Rodrigo Mora,14131983,rating-breakdown,passes,passes,,,,FC Porto,75.0,,35,70.8,41.2,57.1,True,rating-breakdown,True,35,70.8,41.2,57.1,pass,True,False,,
1410240,Rodrigo Mora,14131983,rating-breakdown,passes,passes,,,,FC Porto,75.0,,37.4,67,28.4,51.7,True,rating-breakdown,True,37.4,67,28.4,51.7,pass,True,False,,
1410240,Rodrigo Mora,14131983,rating-breakdown,passes,passes,,,,FC Porto,75.0,,90.1,26.2,92.3,47.5,,rating-breakdown,True,90.1,26.2,92.3,47.5,cross,True,False,,
1410240,Rodrigo Mora,14131983,rating-breakdown,passes,passes,,,,FC Porto,75.0,,47.2,66.6,37.7,74.8,True,rating-breakdown,True,47.2,66.6,37.7,74.8,pass,True,False,,
1410240,Rodrigo Mora,14131983,rating-breakdown,passes,passes,,,,FC Porto,75.0,,43.3,73,35.4,54,True,rating-breakdown,True,43.3,73,35.4,54,pass,True,False,,
1410240,Rodrigo Mora,14131983,rating-breakdown,passes,passes,,,,FC Porto,75.0,,36.4,67.9,22.3,39.1,True,rating-breakdown,True,36.4,67.9,22.3,39.1,pass,True,False,,
1410240,Rodrigo Mora,14131983,rating-breakdown,passes,passes,,,,FC Porto,75.0,,55.6,82,62.3,78,,rating-breakdown,True,55.6,82,62.3,78,pass,True,False,,
1410240,Rodrigo Mora,14131983,rating-breakdown,passes,passes,,,,FC Porto,75.0,,62.6,48.3,47.6,54.7,True,rating-breakdown,True,62.6,48.3,47.6,54.7,pass,True,False,,
1410240,Rodrigo Mora,14131983,rating-breakdown,passes,passes,,,,FC Porto,75.0,,99.5,0.5,93.7,50.7,True,rating-breakdown,True,99.5,0.5,93.7,50.7,cross,True,True,True,
1410240,Rodrigo Mora,14131983,rating-breakdown,passes,passes,,,,FC Porto,75.0,,76.9,93.4,90.9,44.6,True,rating-breakdown,True,76.9,93.4,90.9,44.6,cross,True,True,True,
1410240,Rodrigo Mora,14131983,rating-breakdown,passes,passes,,,,FC Porto,75.0,,40.6,59.1,24.3,68.1,True,rating-breakdown,True,40.6,59.1,24.3,68.1,pass,True,False,,
1410240,Rodrigo Mora,14131983,rating-breakdown,passes,passes,,,,FC Porto,75.0,,53.1,64,30.2,68.4,True,rating-breakdown,True,53.1,64,30.2,68.4,pass,True,False,,
1410240,Rodrigo Mora,14131983,rating-breakdown,passes,passes,,,,FC Porto,75.0,,92.7,29.2,89.2,33.4,,rating-breakdown,True,92.7,29.2,89.2,33.4,pass,True,False,,
1410240,Rodrigo Mora,14131983,rating-breakdown,dribbles,dribbles,,,,FC Porto,75.0,,89.2,83.4,,,True,rating-breakdown,True,89.2,83.4,,,dribble,True,False,,
1410240,Rodrigo Mora,14131983,rating-breakdown,dribbles,dribbles,,,,FC Porto,75.0,,95.4,25.8,,,,rating-breakdown,True,95.4,25.8,,,dribble,True,False,,
1410240,Rodrigo Mora,14131983,rating-breakdown,dribbles,dribbles,,,,FC Porto,75.0,,87.4,59.6,,,,rating-breakdown,True,87.4,59.6,,,dribble,True,False,,
1410240,Rodrigo Mora,14131983,rating-breakdown,dribbles,dribbles,,,,FC Porto,75.0,,86.1,64.4,,,,rating-breakdown,True,86.1,64.4,,,dribble,True,False,,
1410240,Rodrigo Mora,14131983,rating-breakdown,defensive,defensive,,,,FC Porto,75.0,,26.9,73.8,,,True,rating-breakdown,True,26.9,73.8,,,tackle,True,False,,
1410240,Rodrigo Mora,14131983,rating-breakdown,defensive,defensive,,,,FC Porto,75.0,,33.5,73.2,,,True,rating-breakdown,True,33.5,73.2,,,ball-recovery,True,False,,
1410240,Rodrigo Mora,14131983,rating-breakdown,defensive,defensive,,,,FC Porto,75.0,,67.4,44.8,,,True,rating-breakdown,True,67.4,44.8,,,ball-recovery,True,False,,
1410240,Rodrigo Mora,14131983,rating-breakdown,defensive,defensive,,,,FC Porto,75.0,,61.2,39.1,,,True,rating-breakdown,True,61.2,39.1,,,ball-recovery,True,False,,
1410240,Rodrigo Mora,14131983,rating-breakdown,defensive,defensive,,,,FC Porto,75.0,,59.8,38.2,,,True,rating-breakdown,True,59.8,38.2,,,ball-recovery,True,False,,
1410240,Rodrigo Mora,14131983,rating-breakdown,defensive,defensive,,,,FC Porto,75.0,,95.2,14.2,,,True,rating-breakdown,True,95.2,14.2,,,tackle,True,False,,
1410240,Rodrigo Mora,14131983,rating-breakdown,defensive,defensive,,,,FC Porto,75.0,,74.7,38.7,,,True,rating-breakdown,True,74.7,38.7,,,ball-recovery,True,False,,
1410240,Rodrigo Mora,14288796,rating-breakdown,passes,passes,,,,FC Porto,59.0,,29.5,72.6,31.1,61.3,True,rating-breakdown,True,29.5,72.6,31.1,61.3,pass,False,False,,
1410240,Rodrigo Mora,14288796,rating-breakdown,passes,passes,,,,FC Porto,59.0,,75.7,59.4,79,64.5,True,rating-breakdown,True,75.7,59.4,79,64.5,pass,False,True,,
1410240,Rodrigo Mora,14288796,rating-breakdown,passes,passes,,,,FC Porto,59.0,,57.1,67.5,44.3,90.1,True,rating-breakdown,True,57.1,67.5,44.3,90.1,pass,False,False,,
1410240,Rodrigo Mora,14288796,rating-breakdown,passes,passes,,,,FC Porto,59.0,,40,74.1,29.6,83.8,True,rating-breakdown,True,40,74.1,29.6,83.8,pass,False,False,,
1410240,Rodrigo Mora,14288796,rating-breakdown,passes,passes,,,,FC Porto,59.0,,55.6,69.1,44.5,65.5,True,rating-breakdown,True,55.6,69.1,44.5,65.5,pass,False,False,,
1410240,Rodrigo Mora,14288796,rating-breakdown,passes,passes,,,,FC Porto,59.0,,71.5,73.8,79.5,90.1,True,rating-breakdown,True,71.5,73.8,79.5,90.1,pass,False,False,,
1410240,Rodrigo Mora,14288796,rating-breakdown,passes,passes,,,,FC Porto,59.0,,76.3,78.7,80.1,78.6,,rating-breakdown,True,76.3,78.7,80.1,78.6,pass,False,False,,
1410240,Rodrigo Mora,14288796,rating-breakdown,passes,passes,,,,FC Porto,59.0,,74.1,64.9,58.8,85.6,,rating-breakdown,True,74.1,64.9,58.8,85.6,pass,False,False,,
1410240,Rodrigo Mora,14288796,rating-breakdown,passes,passes,,,,FC Porto,59.0,,79.8,66.2,85.5,70.1,True,rating-breakdown,True,79.8,66.2,85.5,70.1,pass,False,True,,
1410240,Rodrigo Mora,14288796,rating-breakdown,passes,passes,,,,FC Porto,59.0,,75,28.5,84.3,10.5,True,rating-breakdown,True,75,28.5,84.3,10.5,pass,False,False,,
1410240,Rodrigo Mora,14288796,rating-breakdown,passes,passes,,,,FC Porto,59.0,,35.7,33.7,22.1,43.5,True,rating-breakdown,True,35.7,33.7,22.1,43.5,pass,False,False,,
1410240,Rodrigo Mora,14288796,rating-breakdown,passes,passes,,,,FC Porto,59.0,,79.1,36.3,79,29.8,,rating-breakdown,True,79.1,36.3,79,29.8,pass,False,False,,
1410240,Rodrigo Mora,14288796,rating-breakdown,passes,passes,,,,FC Porto,59.0,,30.1,49.5,61.3,70.5,,rating-breakdown,True,30.1,49.5,61.3,70.5,pass,False,False,True,
1410240,Rodrigo Mora,14288796,rating-breakdown,passes,passes,,,,FC Porto,59.0,,27.1,71.1,13.4,53.1,True,rating-breakdown,True,27.1,71.1,13.4,53.1,pass,False,False,,
1410240,Rodrigo Mora,14288796,rating-breakdown,passes,passes,,,,FC Porto,59.0,,60.3,46.6,68.6,19.8,True,rating-breakdown,True,60.3,46.6,68.6,19.8,pass,False,False,,
1410240,Rodrigo Mora,14288796,rating-breakdown,passes,passes,,,,FC Porto,59.0,,58.4,40.6,46.6,55.2,True,rating-breakdown,True,58.4,40.6,46.6,55.2,pass,False,False,,
1410240,Rodrigo Mora,14288796,rating-breakdown,passes,passes,,,,FC Porto,59.0,,46.8,58.3,40.8,25.9,True,rating-breakdown,True,46.8,58.3,40.8,25.9,pass,False,False,,
1410240,Rodrigo Mora,14288796,rating-breakdown,passes,passes,,,,FC Porto,59.0,,86.9,30,93,55.6,True,rating-breakdown,True,86.9,30,93,55.6,pass,False,True,,True
1410240,Rodrigo Mora,14288796,rating-breakdown,passes,passes,,,,FC Porto,59.0,,50.2,49.8,45.1,52.5,True,rating-breakdown,True,50.2,49.8,45.1,52.5,pass,False,False,,
1410240,Rodrigo Mora,14288796,rating-breakdown,passes,passes,,,,FC Porto,59.0,,99.5,0.5,90.8,43.2,True,rating-breakdown,True,99.5,0.5,90.8,43.2,cross,False,True,,
1410240,Rodrigo Mora,14288796,rating-breakdown,passes,passes,,,,FC Porto,59.0,,75.2,87.9,77.8,89.7,,rating-breakdown,True,75.2,87.9,77.8,89.7,pass,False,False,,
1410240,Rodrigo Mora,14288796,rating-breakdown,passes,passes,,,,FC Porto,59.0,,66.8,42.1,58.7,30.4,True,rating-breakdown,True,66.8,42.1,58.7,30.4,pass,False,False,,
1410240,Rodrigo Mora,14288796,rating-breakdown,passes,passes,,,,FC Porto,59.0,,57.1,58.2,46.6,49.8,True,rating-breakdown,True,57.1,58.2,46.6,49.8,pass,False,False,,
1410240,Rodrigo Mora,14288796,rating-breakdown,passes,passes,,,,FC Porto,59.0,,54.6,49.9,36.4,18,True,rating-breakdown,True,54.6,49.9,36.4,18,pass,False,False,,
1410240,Rodrigo Mora,14288796,rating-breakdown,passes,passes,,,,FC Porto,59.0,,70.4,37.6,64.6,46.6,True,rating-breakdown,True,70.4,37.6,64.6,46.6,pass,False,False,,
1410240,Rodrigo Mora,14288796,rating-breakdown,passes,passes,,,,FC Porto,59.0,,65.1,44.1,70.4,44.5,,rating-breakdown,True,65.1,44.1,70.4,44.5,pass,False,False,,
1410240,Rodrigo Mora,14288796,rating-breakdown,passes,passes,,,,FC Porto,59.0,,74.1,50.8,65.9,65.7,True,rating-breakdown,True,74.1,50.8,65.9,65.7,pass,False,False,,
1410240,Rodrigo Mora,14288796,rating-breakdown,passes,passes,,,,FC Porto,59.0,,75.6,51.5,81.5,48.7,True,rating-breakdown,True,75.6,51.5,81.5,48.7,pass,False,False,,
1410240,Rodrigo Mora,14288796,rating-breakdown,ball-carries,ball-carries,,,,FC Porto,59.0,,44.52,21.148,60.375,10.812,,rating-breakdown,True,44.52,21.148,60.375,10.812,ball-carry,False,,,
1410240,Rodrigo Mora,14288796,rating-breakdown,ball-carries,ball-carries,,,,FC Porto,59.0,,60.375,10.812,35.07,23.936,,rating-breakdown,True,60.375,10.812,35.07,23.936,ball-carry,False,,,
1410240,Rodrigo Mora,14288796,rating-breakdown,ball-carries,ball-carries,,,,FC Porto,59.0,,26.88,15.164,29.925,17.816,,rating-breakdown,True,26.88,15.164,29.925,17.816,ball-carry,False,,,
1410240,Rodrigo Mora,14288796,rating-breakdown,ball-carries,ball-carries,,,,FC Porto,59.0,,20.055,22.508,21.945,16.592,,rating-breakdown,True,20.055,22.508,21.945,16.592,ball-carry,False,,,
1410240,Rodrigo Mora,14288796,rating-breakdown,ball-carries,ball-carries,,,,FC Porto,59.0,,76.755,29.24,71.61,31.62,,rating-breakdown,True,76.755,29.24,71.61,31.62,ball-carry,False,,,
1410240,Rodrigo Mora,14288796,rating-breakdown,ball-carries,ball-carries,,,,FC Porto,59.0,,72.66,22.304,76.545,19.652,,rating-breakdown,True,72.66,22.304,76.545,19.652,ball-carry,False,,,
1410240,Rodrigo Mora,14288796,rating-breakdown,ball-carries,ball-carries,,,,FC Porto,59.0,,45.36,35.768,41.685,36.312,,rating-breakdown,True,45.36,35.768,41.685,36.312,ball-carry,False,,,
1410240,Rodrigo Mora,14288796,rating-breakdown,ball-carries,ball-carries,,,,FC Porto,59.0,,42.21,43.044,43.68,40.392,,rating-breakdown,True,42.21,43.044,43.68,40.392,ball-carry,False,,,
1410240,Rodrigo Mora,14288796,rating-breakdown,ball-carries,ball-carries,,,,FC Porto,59.0,,51.66,31.62,55.86,28.356,,rating-breakdown,True,51.66,31.62,55.86,28.356,ball-carry,False,,,
1410240,Rodrigo Mora,14288796,rating-breakdown,ball-carries,ball-carries,,,,FC Porto,59.0,,22.575,5.984,26.04,8.228,,rating-breakdown,True,22.575,5.984,26.04,8.228,ball-carry,False,,,
1410240,Rodrigo Mora,14288796,rating-breakdown,ball-carries,ball-carries,,,,FC Porto,59.0,,47.04,32.436,36.645,38.012,,rating-breakdown,True,47.04,32.436,36.645,38.012,ball-carry,False,,,
1410240,Rodrigo Mora,14288796,rating-breakdown,ball-carries,ball-carries,,,,FC Porto,59.0,,21.525,43.316,27.195,33.456,,rating-breakdown,True,21.525,43.316,27.195,33.456,ball-carry,False,,,
1410240,Rodrigo Mora,14288796,rating-breakdown,ball-carries,ball-carries,,,,FC Porto,59.0,,23.415,36.924,27.93,26.452,,rating-breakdown,True,23.415,36.924,27.93,26.452,ball-carry,False,,,
1410240,Rodrigo Mora,14288796,rating-breakdown,dribbles,dribbles,,,,FC Porto,59.0,,31.1,54.3,,,True,rating-breakdown,True,31.1,54.3,,,dribble,False,False,,
1410240,Rodrigo Mora,14288796,rating-breakdown,dribbles,dribbles,,,,FC Porto,59.0,,40.7,72,,,,rating-breakdown,True,40.7,72,,,dribble,False,False,,
1410240,Rodrigo Mora,14288796,rating-breakdown,dribbles,dribbles,,,,FC Porto,59.0,,73,59.7,,,True,rating-breakdown,True,73,59.7,,,dribble,False,False,,
1410240,Rodrigo Mora,14288796,rating-breakdown,defensive,defensive,,,,FC Porto,59.0,,42.5,84.1,,,True,rating-breakdown,True,42.5,84.1,,,ball-recovery,False,False,,
1410240,Rodrigo Mora,14288796,rating-breakdown,defensive,defensive,,,,FC Porto,59.0,,8.4,55.3,11.2,71.4,True,rating-breakdown,True,8.4,55.3,11.2,71.4,clearance,False,False,,
1410240,Rodrigo Mora,14288796,rating-breakdown,defensive,defensive,,,,FC Porto,59.0,,74.4,77.7,,,True,rating-breakdown,True,74.4,77.7,,,ball-recovery,False,False,,
1410240,Rodrigo Mora,14288796,rating-breakdown,defensive,defensive,,,,FC Porto,59.0,,27.6,58.3,,,True,rating-breakdown,True,27.6,58.3,,,ball-recovery,False,False,,
1410240,Rodrigo Mora,14288796,rating-breakdown,defensive,defensive,,,,FC Porto,59.0,,58.4,40.6,,,True,rating-breakdown,True,58.4,40.6,,,ball-recovery,False,False,,
1410240,Rodrigo Mora,14288796,rating-breakdown,defensive,defensive,,,,FC Porto,59.0,,54.6,49.9,,,True,rating-breakdown,True,54.6,49.9,,,ball-recovery,False,False,,
1410240,Rodrigo Mora,14288909,rating-breakdown,passes,passes,,,,FC Porto,59.0,,58.5,64.2,58.4,96.4,True,rating-breakdown,True,58.5,64.2,58.4,96.4,pass,True,False,,
1410240,Rodrigo Mora,14288909,rating-breakdown,passes,passes,,,,FC Porto,59.0,,60.6,74.5,66.9,93.3,True,rating-breakdown,True,60.6,74.5,66.9,93.3,pass,True,False,,
1410240,Rodrigo Mora,14288909,rating-breakdown,passes,passes,,,,FC Porto,59.0,,66.9,78.4,60,71.2,True,rating-breakdown,True,66.9,78.4,60,71.2,pass,True,False,,
1410240,Rodrigo Mora,14288909,rating-breakdown,passes,passes,,,,FC Porto,59.0,,30.3,81.6,15.3,89.8,True,rating-breakdown,True,30.3,81.6,15.3,89.8,pass,True,False,,
1410240,Rodrigo Mora,14288909,rating-breakdown,passes,passes,,,,FC Porto,59.0,,22.9,76.5,11.9,59.5,True,rating-breakdown,True,22.9,76.5,11.9,59.5,pass,True,False,,
1410240,Rodrigo Mora,14288909,rating-breakdown,passes,passes,,,,FC Porto,59.0,,29.6,62.4,29.8,46.5,True,rating-breakdown,True,29.6,62.4,29.8,46.5,pass,True,False,,
1410240,Rodrigo Mora,14288909,rating-breakdown,passes,passes,,,,FC Porto,59.0,,99.5,0.5,89.7,48.6,,rating-breakdown,True,99.5,0.5,89.7,48.6,cross,True,False,True,
1410240,Rodrigo Mora,14288909,rating-breakdown,passes,passes,,,,FC Porto,59.0,,43.8,63.9,31.1,53.8,True,rating-breakdown,True,43.8,63.9,31.1,53.8,pass,True,False,,
1410240,Rodrigo Mora,14288909,rating-breakdown,passes,passes,,,,FC Porto,59.0,,99.5,0.5,92.6,45.7,,rating-breakdown,True,99.5,0.5,92.6,45.7,cross,True,False,,
1410240,Rodrigo Mora,14288909,rating-breakdown,passes,passes,,,,FC Porto,59.0,,64.7,51.6,44,50.7,True,rating-breakdown,True,64.7,51.6,44,50.7,pass,True,False,,
1410240,Rodrigo Mora,14288909,rating-breakdown,passes,passes,,,,FC Porto,59.0,,38.5,72.1,42.5,85,,rating-breakdown,True,38.5,72.1,42.5,85,pass,True,False,,
1410240,Rodrigo Mora,14288909,rating-breakdown,passes,passes,,,,FC Porto,59.0,,32.2,46.9,27,61.9,True,rating-breakdown,True,32.2,46.9,27,61.9,pass,True,False,,
1410240,Rodrigo Mora,14288909,rating-breakdown,passes,passes,,,,FC Porto,59.0,,19.4,44.2,25.5,3.7,True,rating-breakdown,True,19.4,44.2,25.5,3.7,pass,True,False,,
1410240,Rodrigo Mora,14288909,rating-breakdown,passes,passes,,,,FC Porto,59.0,,62.9,54.7,63.8,76.3,True,rating-breakdown,True,62.9,54.7,63.8,76.3,pass,True,False,,
1410240,Rodrigo Mora,14288909,rating-breakdown,passes,passes,,,,FC Porto,59.0,,91.1,71.2,98,44.7,,rating-breakdown,True,91.1,71.2,98,44.7,pass,True,False,,
1410240,Rodrigo Mora,14288909,rating-breakdown,passes,passes,,,,FC Porto,59.0,,74.1,63.4,79.1,58.5,True,rating-breakdown,True,74.1,63.4,79.1,58.5,pass,True,False,,
1410240,Rodrigo Mora,14288909,rating-breakdown,passes,passes,,,,FC Porto,59.0,,49.3,85.8,37.1,47.1,True,rating-breakdown,True,49.3,85.8,37.1,47.1,pass,True,False,,
1410240,Rodrigo Mora,14288909,rating-breakdown,passes,passes,,,,FC Porto,59.0,,70.4,51.3,64,66.6,True,rating-breakdown,True,70.4,51.3,64,66.6,pass,True,False,,
1410240,Rodrigo Mora,14288909,rating-breakdown,passes,passes,,,,FC Porto,59.0,,85,14.2,73.7,29.1,True,rating-breakdown,True,85,14.2,73.7,29.1,pass,True,False,,
1410240,Rodrigo Mora,14288909,rating-breakdown,passes,passes,,,,FC Porto,59.0,,44,81.6,46.7,71.6,True,rating-breakdown,True,44,81.6,46.7,71.6,pass,True,False,,
1410240,Rodrigo Mora,14288909,rating-breakdown,passes,passes,,,,FC Porto,59.0,,51,64.9,56.1,48,True,rating-breakdown,True,51,64.9,56.1,48,pass,True,False,,
1410240,Rodrigo Mora,14288909,rating-breakdown,passes,passes,,,,FC Porto,59.0,,72.9,90.7,62.2,92.8,True,rating-breakdown,True,72.9,90.7,62.2,92.8,pass,True,False,,
1410240,Rodrigo Mora,14288909,rating-breakdown,passes,passes,,,,FC Porto,59.0,,71.5,80.2,89.3,76,,rating-breakdown,True,71.5,80.2,89.3,76,pass,True,False,,
1410240,Rodrigo Mora,14288909,rating-breakdown,passes,passes,,,,FC Porto,59.0,,71.6,93.6,83,96.7,True,rating-breakdown,True,71.6,93.6,83,96.7,pass,True,False,,
1410240,Rodrigo Mora,14288909,rating-breakdown,passes,passes,,,,FC Porto,59.0,,76.1,76.9,76.5,92.7,True,rating-breakdown,True,76.1,76.9,76.5,92.7,pass,True,False,,
1410240,Rodrigo Mora,14288909,rating-breakdown,passes,passes,,,,FC Porto,59.0,,73.5,10.1,93.4,51.3,True,rating-breakdown,True,73.5,10.1,93.4,51.3,cross,True,True,True,
1410240,Rodrigo Mora,14288909,rating-breakdown,passes,passes,,,,FC Porto,59.0,,71.9,84.8,85.9,45.6,,rating-breakdown,True,71.9,84.8,85.9,45.6,cross,True,False,,
1410240,Rodrigo Mora,14288909,rating-breakdown,passes,passes,,,,FC Porto,59.0,,68.4,72.8,64.1,61.3,,rating-breakdown,True,68.4,72.8,64.1,61.3,pass,True,False,,
1410240,Rodrigo Mora,14288909,rating-breakdown,passes,passes,,,,FC Porto,59.0,,71.2,69.4,62.5,69.1,True,rating-breakdown,True,71.2,69.4,62.5,69.1,pass,True,False,,
1410240,Rodrigo Mora,14288909,rating-breakdown,passes,passes,,,,FC Porto,59.0,,74.2,78.7,83.5,82.2,True,rating-breakdown,True,74.2,78.7,83.5,82.2,pass,True,False,,
1410240,Rodrigo Mora,14288909,rating-breakdown,passes,passes,,,,FC Porto,59.0,,79.6,49.6,90.3,62.5,True,rating-breakdown,True,79.6,49.6,90.3,62.5,pass,True,True,,
1410240,Rodrigo Mora,14288909,rating-breakdown,dribbles,dribbles,,,,FC Porto,59.0,,78,6.5,,,,rating-breakdown,True,78,6.5,,,dribble,True,False,,
1410240,Rodrigo Mora,14288909,rating-breakdown,dribbles,dribbles,,,,FC Porto,59.0,,78.9,70.2,,,True,rating-breakdown,True,78.9,70.2,,,dribble,True,False,,
1410240,Rodrigo Mora,14288909,rating-breakdown,dribbles,dribbles,,,,FC Porto,59.0,,62.8,31.2,,,True,rating-breakdown,True,62.8,31.2,,,dribble,True,False,,
1410240,Rodrigo Mora,14288909,rating-breakdown,dribbles,dribbles,,,,FC Porto,59.0,,70.2,61,,,True,rating-breakdown,True,70.2,61,,,dribble,True,False,,
1410240,Rodrigo Mora,14288909,rating-breakdown,defensive,defensive,,,,FC Porto,59.0,,43.8,63.9,,,True,rating-breakdown,True,43.8,63.9,,,ball-recovery,True,False,,
1410240,Rodrigo Mora,14288909,rating-breakdown,defensive,defensive,,,,FC Porto,59.0,,71.8,54.3,,,True,rating-breakdown,True,71.8,54.3,,,ball-recovery,True,False,,
1410240,Rodrigo Mora,14288909,rating-breakdown,defensive,defensive,,,,FC Porto,59.0,,59.3,75.4,,,True,rating-breakdown,True,59.3,75.4,,,ball-recovery,True,False,,
1410240,Rodrigo Mora,14288909,rating-breakdown,defensive,defensive,,,,FC Porto,59.0,,74.6,39.1,,,True,rating-breakdown,True,74.6,39.1,,,ball-recovery,True,False,,
1410240,Rodrigo Mora,14288909,rating-breakdown,defensive,defensive,,,,FC Porto,59.0,,68.4,72.1,,,True,rating-breakdown,True,68.4,72.1,,,ball-recovery,True,False,,
1410240,Rodrigo Mora,14288909,rating-breakdown,defensive,defensive,,,,FC Porto,59.0,,81.8,79.5,,,True,rating-breakdown,True,81.8,79.5,,,tackle,True,False,,
1410240,Rodrigo Mora,14288944,rating-breakdown,passes,passes,,,,FC Porto,30.0,,82.2,87.3,86.8,72.6,True,rating-breakdown,True,82.2,87.3,86.8,72.6,pass,False,False,,
1410240,Rodrigo Mora,14288944,rating-breakdown,passes,passes,,,,FC Porto,30.0,,78.1,95.3,89.4,97.8,True,rating-breakdown,True,78.1,95.3,89.4,97.8,pass,False,False,,
1410240,Rodrigo Mora,14288944,rating-breakdown,passes,passes,,,,FC Porto,30.0,,84.3,90,65.4,85.5,True,rating-breakdown,True,84.3,90,65.4,85.5,pass,False,False,,
1410240,Rodrigo Mora,14288944,rating-breakdown,passes,passes,,,,FC Porto,30.0,,45.8,80.9,31,71.2,True,rating-breakdown,True,45.8,80.9,31,71.2,pass,False,False,,
1410240,Rodrigo Mora,14288944,rating-breakdown,passes,passes,,,,FC Porto,30.0,,32.8,91.8,22.3,93.4,True,rating-breakdown,True,32.8,91.8,22.3,93.4,pass,False,False,,
1410240,Rodrigo Mora,14288944,rating-breakdown,passes,passes,,,,FC Porto,30.0,,31.5,69,77,86.7,,rating-breakdown,True,31.5,69,77,86.7,pass,False,False,True,
1410240,Rodrigo Mora,14288944,rating-breakdown,passes,passes,,,,FC Porto,30.0,,57.7,63.5,44.6,66.5,True,rating-breakdown,True,57.7,63.5,44.6,66.5,pass,False,False,,
1410240,Rodrigo Mora,14288944,rating-breakdown,passes,passes,,,,FC Porto,30.0,,38.1,89.4,32.5,75.5,True,rating-breakdown,True,38.1,89.4,32.5,75.5,pass,False,False,,
1410240,Rodrigo Mora,14288944,rating-breakdown,passes,passes,,,,FC Porto,30.0,,43.4,73,53.7,73.7,,rating-breakdown,True,43.4,73,53.7,73.7,pass,False,False,,
1410240,Rodrigo Mora,14288944,rating-breakdown,passes,passes,,,,FC Porto,30.0,,40.3,35.6,52.1,50,,rating-breakdown,True,40.3,35.6,52.1,50,pass,False,False,,
1410240,Rodrigo Mora,14288944,rating-breakdown,passes,passes,,,,FC Porto,30.0,,52.6,80.6,45.6,84.6,True,rating-breakdown,True,52.6,80.6,45.6,84.6,pass,False,False,,
1410240,Rodrigo Mora,14288944,rating-breakdown,passes,passes,,,,FC Porto,30.0,,63.7,60.9,54.2,44.8,True,rating-breakdown,True,63.7,60.9,54.2,44.8,pass,False,False,,
1410240,Rodrigo Mora,14288944,rating-breakdown,passes,passes,,,,FC Porto,30.0,,70.4,82.4,77.1,87.6,,rating-breakdown,True,70.4,82.4,77.1,87.6,pass,False,False,,
1410240,Rodrigo Mora,14288944,rating-breakdown,passes,passes,,,,FC Porto,30.0,,37.1,45.1,45.3,48.9,True,rating-breakdown,True,37.1,45.1,45.3,48.9,pass,False,False,,
1410240,Rodrigo Mora,14288944,rating-breakdown,passes,passes,,,,FC Porto,30.0,,37.9,42.7,62.2,79.3,True,rating-breakdown,True,37.9,42.7,62.2,79.3,pass,False,False,True,
1410240,Rodrigo Mora,14288944,rating-breakdown,passes,passes,,,,FC Porto,30.0,,77.8,71.7,76,79.9,True,rating-breakdown,True,77.8,71.7,76,79.9,pass,False,False,,
1410240,Rodrigo Mora,14288944,rating-breakdown,ball-carries,ball-carries,,,,FC Porto,30.0,,40.4,82.6,38.1,89.4,,rating-breakdown,True,40.4,82.6,38.1,89.4,ball-carry,False,,,
1410240,Rodrigo Mora,14288944,rating-breakdown,ball-carries,ball-carries,,,,FC Porto,30.0,,79,86.7,78.8,68.3,,rating-breakdown,True,79,86.7,78.8,68.3,ball-carry,False,,,
1410240,Rodrigo Mora,14288944,rating-breakdown,ball-carries,ball-carries,,,,FC Porto,30.0,,56.4,79,52.6,80.6,,rating-breakdown,True,56.4,79,52.6,80.6,ball-carry,False,,,
1410240,Rodrigo Mora,14288944,rating-breakdown,defensive,defensive,,,,FC Porto,30.0,,30.8,68.3,,,True,rating-breakdown,True,30.8,68.3,,,ball-recovery,False,False,,
1410240,Rodrigo Mora,14288944,rating-breakdown,defensive,defensive,,,,FC Porto,30.0,,58.2,62.7,,,True,rating-breakdown,True,58.2,62.7,,,ball-recovery,False,False,,
1410240,Rodrigo Mora,14288944,rating-breakdown,defensive,defensive,,,,FC Porto,30.0,,40.4,82.6,,,True,rating-breakdown,True,40.4,82.6,,,ball-recovery,False,False,,
1410240,Rodrigo Mora,14288944,rating-breakdown,defensive,defensive,,,,FC Porto,30.0,,55.7,79.2,,,True,rating-breakdown,True,55.7,79.2,,,ball-recovery,False,False,,
1410240,Rodrigo Mora,14288944,rating-breakdown,defensive,defensive,,,,FC Porto,30.0,,18.7,50.6,31.1,61.2,True,rating-breakdown,True,18.7,50.6,31.1,61.2,clearance,False,False,,
1410240,Rodrigo Mora,14288950,rating-breakdown,passes,passes,,,,FC Porto,29.0,,69.2,79.1,61.9,89.4,True,rating-breakdown,True,69.2,79.1,61.9,89.4,pass,True,False,,
1410240,Rodrigo Mora,14288950,rating-breakdown,passes,passes,,,,FC Porto,29.0,,90.7,87.2,94,92.9,True,rating-breakdown,True,90.7,87.2,94,92.9,pass,True,False,,
1410240,Rodrigo Mora,14288950,rating-breakdown,passes,passes,,,,FC Porto,29.0,,55.5,63.1,85.6,52.1,,rating-breakdown,True,55.5,63.1,85.6,52.1,pass,True,False,True,
1410240,Rodrigo Mora,14288950,rating-breakdown,passes,passes,,,,FC Porto,29.0,,45.6,69.1,48.5,76,True,rating-breakdown,True,45.6,69.1,48.5,76,pass,True,False,,
1410240,Rodrigo Mora,14288950,rating-breakdown,passes,passes,,,,FC Porto,29.0,,66,36.1,58.5,28.6,True,rating-breakdown,True,66,36.1,58.5,28.6,pass,True,False,,
1410240,Rodrigo Mora,14288950,rating-breakdown,passes,passes,,,,FC Porto,29.0,,64.8,37,64,47.3,True,rating-breakdown,True,64.8,37,64,47.3,pass,True,False,,
1410240,Rodrigo Mora,14288950,rating-breakdown,passes,passes,,,,FC Porto,29.0,,75.7,76.3,87.6,55.2,True,rating-breakdown,True,75.7,76.3,87.6,55.2,pass,True,True,,
1410240,Rodrigo Mora,14288950,rating-breakdown,passes,passes,,,,FC Porto,29.0,,48.6,45.1,65,45.2,,rating-breakdown,True,48.6,45.1,65,45.2,pass,True,False,,
1410240,Rodrigo Mora,14288950,rating-breakdown,passes,passes,,,,FC Porto,29.0,,94.2,95.1,84.3,92.6,True,rating-breakdown,True,94.2,95.1,84.3,92.6,pass,True,False,,
1410240,Rodrigo Mora,14288950,rating-breakdown,passes,passes,,,,FC Porto,29.0,,99.5,99.5,95.4,85.6,True,rating-breakdown,True,99.5,99.5,95.4,85.6,pass,True,False,,
1410240,Rodrigo Mora,14288950,rating-breakdown,passes,passes,,,,FC Porto,29.0,,88,89.1,73.5,85.3,True,rating-breakdown,True,88,89.1,73.5,85.3,pass,True,False,,
1410240,Rodrigo Mora,14288950,rating-breakdown,passes,passes,,,,FC Porto,29.0,,68.8,55.1,80.1,74.2,True,rating-breakdown,True,68.8,55.1,80.1,74.2,pass,True,False,,
1410240,Rodrigo Mora,14288950,rating-breakdown,passes,passes,,,,FC Porto,29.0,,88.1,74.4,90.3,42.8,True,rating-breakdown,True,88.1,74.4,90.3,42.8,pass,True,False,,
1410240,Rodrigo Mora,14288950,rating-breakdown,passes,passes,,,,FC Porto,29.0,,80.6,56.3,,,True,rating-breakdown,True,80.6,56.3,,,ball-touch,True,True,,
1410240,Rodrigo Mora,14288950,rating-breakdown,passes,passes,,,,FC Porto,29.0,,81.6,44.9,93.3,43.8,True,rating-breakdown,True,81.6,44.9,93.3,43.8,pass,True,True,,
1410240,Rodrigo Mora,14288950,rating-breakdown,ball-carries,ball-carries,,,,FC Porto,29.0,,81.1,85,90.7,87.2,,rating-breakdown,True,81.1,85,90.7,87.2,ball-carry,True,,,
1410240,Rodrigo Mora,14288950,rating-breakdown,ball-carries,ball-carries,,,,FC Porto,29.0,,47.2,64.8,55.5,63.1,,rating-breakdown,True,47.2,64.8,55.5,63.1,ball-carry,True,,,
1410240,Rodrigo Mora,14288950,rating-breakdown,ball-carries,ball-carries,,,,FC Porto,29.0,,53.5,36.3,59.2,33.5,,rating-breakdown,True,53.5,36.3,59.2,33.5,ball-carry,True,,,
1410240,Rodrigo Mora,14288950,rating-breakdown,dribbles,dribbles,,,,FC Porto,29.0,,58.4,34.5,,,True,rating-breakdown,True,58.4,34.5,,,dribble,True,False,,
1410240,Rodrigo Mora,14288950,rating-breakdown,defensive,defensive,,,,FC Porto,29.0,,46.8,45,,,True,rating-breakdown,True,46.8,45,,,ball-recovery,True,False,,
1410240,Rodrigo Mora,14288988,rating-breakdown,passes,passes,,,,FC Porto,27.0,,59.5,68.8,44.1,53.2,True,rating-breakdown,True,59.5,68.8,44.1,53.2,pass,True,False,,
1410240,Rodrigo Mora,14288988,rating-breakdown,passes,passes,,,,FC Porto,27.0,,57.3,68.2,67.6,41.5,,rating-breakdown,True,57.3,68.2,67.6,41.5,pass,True,False,,
1410240,Rodrigo Mora,14288988,rating-breakdown,passes,passes,,,,FC Porto,27.0,,38.1,94.5,26.1,74.4,True,rating-breakdown,True,38.1,94.5,26.1,74.4,pass,True,False,,
1410240,Rodrigo Mora,14288988,rating-breakdown,passes,passes,,,,FC Porto,27.0,,10.8,93.7,3,87.1,True,rating-breakdown,True,10.8,93.7,3,87.1,pass,True,False,,
1410240,Rodrigo Mora,14288988,rating-breakdown,passes,passes,,,,FC Porto,27.0,,11,96.9,9.2,94.3,,rating-breakdown,True,11,96.9,9.2,94.3,pass,True,False,,
1410240,Rodrigo Mora,14288988,rating-breakdown,passes,passes,,,,FC Porto,27.0,,75.6,10.9,90.9,55,,rating-breakdown,True,75.6,10.9,90.9,55,cross,True,False,True,
1410240,Rodrigo Mora,14288988,rating-breakdown,passes,passes,,,,FC Porto,27.0,,90.7,67.2,89.4,40.8,True,rating-breakdown,True,90.7,67.2,89.4,40.8,pass,True,True,,
1410240,Rodrigo Mora,14288988,rating-breakdown,passes,passes,,,,FC Porto,27.0,,65.2,48,72.5,59.1,,rating-breakdown,True,65.2,48,72.5,59.1,pass,True,False,,
1410240,Rodrigo Mora,14288988,rating-breakdown,defensive,defensive,,,,FC Porto,27.0,,10.8,93.7,,,True,rating-breakdown,True,10.8,93.7,,,ball-recovery,True,False,,
1410240,Rodrigo Mora,14288988,rating-breakdown,defensive,defensive,,,,FC Porto,27.0,,20.5,75.9,,,,rating-breakdown,True,20.5,75.9,,,tackle,True,False,,
1410240,Rodrigo Mora,14288988,rating-breakdown,defensive,defensive,,,,FC Porto,27.0,,9.7,58.8,0,74.8,True,rating-breakdown,True,9.7,58.8,0,74.8,clearance,True,False,,
1410240,Rodrigo Mora,14288999,rating-breakdown,passes,passes,,,,FC Porto,59.0,,53.7,92.9,30,71.8,True,rating-breakdown,True,53.7,92.9,30,71.8,pass,False,False,,
1410240,Rodrigo Mora,14288999,rating-breakdown,passes,passes,,,,FC Porto,59.0,,35.1,93.5,27.1,73,True,rating-breakdown,True,35.1,93.5,27.1,73,pass,False,False,,
1410240,Rodrigo Mora,14288999,rating-breakdown,passes,passes,,,,FC Porto,59.0,,46.6,60.6,38.1,65.5,True,rating-breakdown,True,46.6,60.6,38.1,65.5,pass,False,False,,
1410240,Rodrigo Mora,14288999,rating-breakdown,passes,passes,,,,FC Porto,59.0,,99.6,99.6,91.8,43.2,True,rating-breakdown,True,99.6,99.6,91.8,43.2,cross,False,True,True,
1410240,Rodrigo Mora,14288999,rating-breakdown,passes,passes,,,,FC Porto,59.0,,99.6,0.4,90.8,43.4,,rating-breakdown,True,99.6,0.4,90.8,43.4,cross,False,False,,
1410240,Rodrigo Mora,14288999,rating-breakdown,passes,passes,,,,FC Porto,59.0,,99.5,99.5,96.1,59.3,True,rating-breakdown,True,99.5,99.5,96.1,59.3,cross,False,True,,
1410240,Rodrigo Mora,14288999,rating-breakdown,passes,passes,,,,FC Porto,59.0,,96.9,74.4,96.4,71.4,,rating-breakdown,True,96.9,74.4,96.4,71.4,pass,False,False,,
1410240,Rodrigo Mora,14288999,rating-breakdown,passes,passes,,,,FC Porto,59.0,,72.1,93.6,87,31.3,,rating-breakdown,True,72.1,93.6,87,31.3,cross,False,False,True,
1410240,Rodrigo Mora,14288999,rating-breakdown,passes,passes,,,,FC Porto,59.0,,70.2,66.3,80.4,91.8,True,rating-breakdown,True,70.2,66.3,80.4,91.8,pass,False,False,,
1410240,Rodrigo Mora,14288999,rating-breakdown,passes,passes,,,,FC Porto,59.0,,44.2,67.9,30,46.1,True,rating-breakdown,True,44.2,67.9,30,46.1,pass,False,False,,
1410240,Rodrigo Mora,14288999,rating-breakdown,passes,passes,,,,FC Porto,59.0,,83.3,29.1,84.9,31.9,,rating-breakdown,True,83.3,29.1,84.9,31.9,pass,False,False,,
1410240,Rodrigo Mora,14288999,rating-breakdown,passes,passes,,,,FC Porto,59.0,,97.9,76.1,91.8,52.5,,rating-breakdown,True,97.9,76.1,91.8,52.5,cross,False,False,,
1410240,Rodrigo Mora,14288999,rating-breakdown,passes,passes,,,,FC Porto,59.0,,53.5,65.8,47.3,57.6,True,rating-breakdown,True,53.5,65.8,47.3,57.6,pass,False,False,,
1410240,Rodrigo Mora,14288999,rating-breakdown,passes,passes,,,,FC Porto,59.0,,62.6,66.1,72.5,81.8,True,rating-breakdown,True,62.6,66.1,72.5,81.8,pass,False,False,,
1410240,Rodrigo Mora,14288999,rating-breakdown,passes,passes,,,,FC Porto,59.0,,99.5,99.5,95.5,55.5,,rating-breakdown,True,99.5,99.5,95.5,55.5,cross,False,False,,
1410240,Rodrigo Mora,14288999,rating-breakdown,passes,passes,,,,FC Porto,59.0,,45.4,70.2,58.1,94.1,True,rating-breakdown,True,45.4,70.2,58.1,94.1,pass,False,False,,
1410240,Rodrigo Mora,14288999,rating-breakdown,passes,passes,,,,FC Porto,59.0,,64.2,94.1,91.2,47.2,,rating-breakdown,True,64.2,94.1,91.2,47.2,cross,False,False,True,
1410240,Rodrigo Mora,14288999,rating-breakdown,passes,passes,,,,FC Porto,59.0,,95.9,24,90.1,8.6,True,rating-breakdown,True,95.9,24,90.1,8.6,pass,False,False,,
1410240,Rodrigo Mora,14288999,rating-breakdown,passes,passes,,,,FC Porto,59.0,,52.9,56,68.1,92.4,True,rating-breakdown,True,52.9,56,68.1,92.4,pass,False,False,,
1410240,Rodrigo Mora,14288999,rating-breakdown,passes,passes,,,,FC Porto,59.0,,99.5,0.5,92.3,36.4,,rating-breakdown,True,99.5,0.5,92.3,36.4,cross,False,False,,
1410240,Rodrigo Mora,14288999,rating-breakdown,passes,passes,,,,FC Porto,59.0,,90.7,24.1,91.6,26.7,,rating-breakdown,True,90.7,24.1,91.6,26.7,cross,False,False,,
1410240,Rodrigo Mora,14288999,rating-breakdown,passes,passes,,,,FC Porto,59.0,,99.5,0.5,80.8,17.4,True,rating-breakdown,True,99.5,0.5,80.8,17.4,pass,False,False,,
1410240,Rodrigo Mora,14288999,rating-breakdown,passes,passes,,,,FC Porto,59.0,,85.9,17.1,86.7,23.3,,rating-breakdown,True,85.9,17.1,86.7,23.3,cross,False,False,,
1410240,Rodrigo Mora,14288999,rating-breakdown,passes,passes,,,,FC Porto,59.0,,40.1,32.7,60.6,37.3,,rating-breakdown,True,40.1,32.7,60.6,37.3,pass,False,False,,
1410240,Rodrigo Mora,14288999,rating-breakdown,ball-carries,ball-carries,,,,FC Porto,59.0,,76.4,31,82.1,26.5,,rating-breakdown,True,76.4,31,82.1,26.5,ball-carry,False,,,
1410240,Rodrigo Mora,14288999,rating-breakdown,ball-carries,ball-carries,,,,FC Porto,59.0,,58.3,63.4,62.6,66.1,,rating-breakdown,True,58.3,63.4,62.6,66.1,ball-carry,False,,,
1410240,Rodrigo Mora,14288999,rating-breakdown,dribbles,dribbles,,,,FC Porto,59.0,,64.1,52.8,,,,rating-breakdown,True,64.1,52.8,,,dribble,False,False,,
1410240,Rodrigo Mora,14288999,rating-breakdown,dribbles,dribbles,,,,FC Porto,59.0,,76.6,11.4,,,,rating-breakdown,True,76.6,11.4,,,dribble,False,False,,
1410240,Rodrigo Mora,14288999,rating-breakdown,dribbles,dribbles,,,,FC Porto,59.0,,88.5,27.4,,,,rating-breakdown,True,88.5,27.4,,,dribble,False,False,,
1410240,Rodrigo Mora,14288999,rating-breakdown,defensive,defensive,,,,FC Porto,59.0,,76.4,31,,,True,rating-breakdown,True,76.4,31,,,ball-recovery,False,False,,
1410240,Rodrigo Mora,14288999,rating-breakdown,defensive,defensive,,,,FC Porto,59.0,,74.6,10.1,,,,rating-breakdown,True,74.6,10.1,,,tackle,False,False,,
1410240,Rodrigo Mora,14288999,rating-breakdown,defensive,defensive,,,,FC Porto,59.0,,45.1,69.9,,,True,rating-breakdown,True,45.1,69.9,,,ball-recovery,False,False,,
1410240,Rodrigo Mora,14288801,rating-breakdown,passes,passes,,,,FC Porto,25.0,,58.1,87,58.5,79.6,True,rating-breakdown,True,58.1,87,58.5,79.6,pass,True,False,,
1410240,Rodrigo Mora,14288801,rating-breakdown,passes,passes,,,,FC Porto,25.0,,41.5,89.8,29.7,93.8,True,rating-breakdown,True,41.5,89.8,29.7,93.8,pass,True,False,,
1410240,Rodrigo Mora,14288801,rating-breakdown,passes,passes,,,,FC Porto,25.0,,99.1,62.9,97.9,51.8,,rating-breakdown,True,99.1,62.9,97.9,51.8,pass,True,False,,
1410240,Rodrigo Mora,14288801,rating-breakdown,passes,passes,,,,FC Porto,25.0,,47.6,39.1,71,19.2,True,rating-breakdown,True,47.6,39.1,71,19.2,pass,True,False,,
1410240,Rodrigo Mora,14288801,rating-breakdown,passes,passes,,,,FC Porto,25.0,,99.4,99.5,95.9,51.6,,rating-breakdown,True,99.4,99.5,95.9,51.6,cross,True,False,True,
1410240,Rodrigo Mora,14288801,rating-breakdown,passes,passes,,,,FC Porto,25.0,,60.5,59.3,89.4,17.2,True,rating-breakdown,True,60.5,59.3,89.4,17.2,pass,True,False,True,
1410240,Rodrigo Mora,14288801,rating-breakdown,passes,passes,,,,FC Porto,25.0,,99.5,99.5,97.9,63.5,,rating-breakdown,True,99.5,99.5,97.9,63.5,cross,True,False,,
1410240,Rodrigo Mora,14288801,rating-breakdown,passes,passes,,,,FC Porto,25.0,,68.7,56.9,75.4,74.8,,rating-breakdown,True,68.7,56.9,75.4,74.8,pass,True,False,,
1410240,Rodrigo Mora,14288801,rating-breakdown,passes,passes,,,,FC Porto,25.0,,38,45.8,29.7,39.3,True,rating-breakdown,True,38,45.8,29.7,39.3,pass,True,False,,
1410240,Rodrigo Mora,14288801,rating-breakdown,passes,passes,,,,FC Porto,25.0,,41.9,31.4,67.9,23,,rating-breakdown,True,41.9,31.4,67.9,23,pass,True,False,,
1410240,Rodrigo Mora,14288801,rating-breakdown,passes,passes,,,,FC Porto,25.0,,76.9,65.7,96.3,59.2,,rating-breakdown,True,76.9,65.7,96.3,59.2,pass,True,False,,
1410240,Rodrigo Mora,14288801,rating-breakdown,passes,passes,,,,FC Porto,25.0,,54.4,59.7,43.1,54.4,True,rating-breakdown,True,54.4,59.7,43.1,54.4,pass,True,False,,
1410240,Rodrigo Mora,14288801,rating-breakdown,passes,passes,,,,FC Porto,25.0,,75,32.2,92.3,82.7,True,rating-breakdown,True,75,32.2,92.3,82.7,pass,True,False,True,
1410240,Rodrigo Mora,14288801,rating-breakdown,passes,passes,,,,FC Porto,25.0,,99.5,99.5,94.9,49.3,True,rating-breakdown,True,99.5,99.5,94.9,49.3,cross,True,True,True,
1410240,Rodrigo Mora,14288801,rating-breakdown,passes,passes,,,,FC Porto,25.0,,76.4,72.4,82.3,61.3,True,rating-breakdown,True,76.4,72.4,82.3,61.3,pass,True,False,,
1410240,Rodrigo Mora,14288801,rating-breakdown,passes,passes,,,,FC Porto,25.0,,96.1,21.3,95.6,26.7,,rating-breakdown,True,96.1,21.3,95.6,26.7,cross,True,False,,
1410240,Rodrigo Mora,14288801,rating-breakdown,passes,passes,,,,FC Porto,25.0,,87.8,13,89.1,5.7,True,rating-breakdown,True,87.8,13,89.1,5.7,pass,True,False,,
1410240,Rodrigo Mora,14288801,rating-breakdown,passes,passes,,,,FC Porto,25.0,,87.5,30,96.3,18.9,True,rating-breakdown,True,87.5,30,96.3,18.9,pass,True,False,,
1410240,Rodrigo Mora,14288801,rating-breakdown,passes,passes,,,,FC Porto,25.0,,99.5,0.5,92.5,5.6,True,rating-breakdown,True,99.5,0.5,92.5,5.6,pass,True,False,,
1410240,Rodrigo Mora,14288801,rating-breakdown,ball-carries,ball-carries,,,,FC Porto,25.0,,54.7,89.8,58.1,87,,rating-breakdown,True,54.7,89.8,58.1,87,ball-carry,True,,,
1410240,Rodrigo Mora,14288801,rating-breakdown,ball-carries,ball-carries,,,,FC Porto,25.0,,75.8,73.7,87.3,62,,rating-breakdown,True,75.8,73.7,87.3,62,ball-carry,True,,,
1410240,Rodrigo Mora,14288801,rating-breakdown,ball-carries,ball-carries,,,,FC Porto,25.0,,34.5,44.4,49.2,34.6,,rating-breakdown,True,34.5,44.4,49.2,34.6,ball-carry,True,,,
1410240,Rodrigo Mora,14288801,rating-breakdown,ball-carries,ball-carries,,,,FC Porto,25.0,,42.8,29.4,60.5,59.3,,rating-breakdown,True,42.8,29.4,60.5,59.3,ball-carry,True,,,
1410240,Rodrigo Mora,14288801,rating-breakdown,ball-carries,ball-carries,,,,FC Porto,25.0,,43.3,48.7,38,45.8,,rating-breakdown,True,43.3,48.7,38,45.8,ball-carry,True,,,
1410240,Rodrigo Mora,14288801,rating-breakdown,ball-carries,ball-carries,,,,FC Porto,25.0,,38.6,39,41.9,31.4,,rating-breakdown,True,38.6,39,41.9,31.4,ball-carry,True,,,
1410240,Rodrigo Mora,14288801,rating-breakdown,ball-carries,ball-carries,,,,FC Porto,25.0,,57.2,62.6,54.4,59.7,,rating-breakdown,True,57.2,62.6,54.4,59.7,ball-carry,True,,,
1410240,Rodrigo Mora,14288801,rating-breakdown,ball-carries,ball-carries,,,,FC Porto,25.0,,67.6,86.7,58.7,68.1,,rating-breakdown,True,67.6,86.7,58.7,68.1,ball-carry,True,,,
1410240,Rodrigo Mora,14288801,rating-breakdown,ball-carries,ball-carries,,,,FC Porto,25.0,,84.3,14.5,87.5,30,,rating-breakdown,True,84.3,14.5,87.5,30,ball-carry,True,,,
1410240,Rodrigo Mora,14288801,rating-breakdown,dribbles,dribbles,,,,FC Porto,25.0,,86.2,63.4,,,True,rating-breakdown,True,86.2,63.4,,,dribble,True,False,,
1410240,Rodrigo Mora,14288801,rating-breakdown,defensive,defensive,,,,FC Porto,25.0,,34.5,44.4,,,True,rating-breakdown,True,34.5,44.4,,,ball-recovery,True,False,,
1410240,Rodrigo Mora,14288801,rating-breakdown,defensive,defensive,,,,FC Porto,25.0,,42.8,29.4,,,True,rating-breakdown,True,42.8,29.4,,,ball-recovery,True,False,,
1410240,Rodrigo Mora,14288801,rating-breakdown,defensive,defensive,,,,FC Porto,25.0,,43.4,28.2,,,True,rating-breakdown,True,43.4,28.2,,,tackle,True,False,,
1410240,Rodrigo Mora,14288806,rating-breakdown,passes,passes,,,,FC Porto,28.0,,38.3,83,48,94,True,rating-breakdown,True,38.3,83,48,94,pass,True,False,,
1410240,Rodrigo Mora,14288806,rating-breakdown,passes,passes,,,,FC Porto,28.0,,74.3,21.5,85.6,27.9,,rating-breakdown,True,74.3,21.5,85.6,27.9,pass,True,False,,
1410240,Rodrigo Mora,14288806,rating-breakdown,passes,passes,,,,FC Porto,28.0,,73.1,23.2,87.2,71.7,,rating-breakdown,True,73.1,23.2,87.2,71.7,pass,True,False,True,
1410240,Rodrigo Mora,14288806,rating-breakdown,passes,passes,,,,FC Porto,28.0,,59.9,73.2,64.5,78.3,True,rating-breakdown,True,59.9,73.2,64.5,78.3,pass,True,False,,
1410240,Rodrigo Mora,14288806,rating-breakdown,passes,passes,,,,FC Porto,28.0,,65.4,66.4,73.5,71.7,,rating-breakdown,True,65.4,66.4,73.5,71.7,pass,True,False,,
1410240,Rodrigo Mora,14288806,rating-breakdown,passes,passes,,,,FC Porto,28.0,,83.9,84.9,71.3,82.3,True,rating-breakdown,True,83.9,84.9,71.3,82.3,pass,True,False,,
1410240,Rodrigo Mora,14288806,rating-breakdown,passes,passes,,,,FC Porto,28.0,,71.4,87.4,89.9,44.2,,rating-breakdown,True,71.4,87.4,89.9,44.2,cross,True,False,True,
1410240,Rodrigo Mora,14288806,rating-breakdown,passes,passes,,,,FC Porto,28.0,,72.2,62.6,84.3,24.2,True,rating-breakdown,True,72.2,62.6,84.3,24.2,pass,True,False,,
1410240,Rodrigo Mora,14288806,rating-breakdown,passes,passes,,,,FC Porto,28.0,,65.4,69.9,71.8,71.1,True,rating-breakdown,True,65.4,69.9,71.8,71.1,pass,True,False,,
1410240,Rodrigo Mora,14288806,rating-breakdown,ball-carries,ball-carries,,,,FC Porto,28.0,,54.4,83.7,70.8,92.4,,rating-breakdown,True,54.4,83.7,70.8,92.4,ball-carry,True,,,
1410240,Rodrigo Mora,14288806,rating-breakdown,ball-carries,ball-carries,,,,FC Porto,28.0,,80.4,93.2,84.1,84,,rating-breakdown,True,80.4,93.2,84.1,84,ball-carry,True,,,
1410240,Rodrigo Mora,14288806,rating-breakdown,ball-carries,ball-carries,,,,FC Porto,28.0,,69.3,22.4,73.1,23.2,,rating-breakdown,True,69.3,22.4,73.1,23.2,ball-carry,True,,,
1410240,Rodrigo Mora,14288806,rating-breakdown,ball-carries,ball-carries,,,,FC Porto,28.0,,62,78.7,59.9,73.2,,rating-breakdown,True,62,78.7,59.9,73.2,ball-carry,True,,,
1410240,Rodrigo Mora,14288806,rating-breakdown,ball-carries,ball-carries,,,,FC Porto,28.0,,61.9,64.9,63.5,68.8,,rating-breakdown,True,61.9,64.9,63.5,68.8,ball-carry,True,,,
1410240,Rodrigo Mora,14288806,rating-breakdown,ball-carries,ball-carries,,,,FC Porto,28.0,,66.5,76.5,69.8,71.4,,rating-breakdown,True,66.5,76.5,69.8,71.4,ball-carry,True,,,
1410240,Rodrigo Mora,14288806,rating-breakdown,ball-carries,ball-carries,,,,FC Porto,28.0,,73.1,68.3,72.2,62.6,,rating-breakdown,True,73.1,68.3,72.2,62.6,ball-carry,True,,,
1410240,Rodrigo Mora,14288806,rating-breakdown,ball-carries,ball-carries,,,,FC Porto,28.0,,72.9,77,72,60.9,,rating-breakdown,True,72.9,77,72,60.9,ball-carry,True,,,
1410240,Rodrigo Mora,14288806,rating-breakdown,ball-carries,ball-carries,,,,FC Porto,28.0,,72.4,44.1,74.3,34.1,,rating-breakdown,True,72.4,44.1,74.3,34.1,ball-carry,True,,,
1410240,Rodrigo Mora,14288806,rating-breakdown,dribbles,dribbles,,,,FC Porto,28.0,,70.8,92.3,,,,rating-breakdown,True,70.8,92.3,,,dribble,True,False,,
1410240,Rodrigo Mora,14288806,rating-breakdown,dribbles,dribbles,,,,FC Porto,28.0,,87.6,80.2,,,True,rating-breakdown,True,87.6,80.2,,,dribble,True,False,,
1410240,Rodrigo Mora,14288806,rating-breakdown,dribbles,dribbles,,,,FC Porto,28.0,,69.2,72.4,,,,rating-breakdown,True,69.2,72.4,,,dribble,True,False,,
1410240,Rodrigo Mora,14288806,rating-breakdown,defensive,defensive,,,,FC Porto,28.0,,67.6,93.1,,,,rating-breakdown,True,67.6,93.1,,,tackle,True,False,,
1410240,Rodrigo Mora,14288806,rating-breakdown,defensive,defensive,,,,FC Porto,28.0,,63.5,68.8,,,True,rating-breakdown,True,63.5,68.8,,,ball-recovery,True,False,,
1410240,Rodrigo Mora,14288806,rating-breakdown,defensive,defensive,,,,FC Porto,28.0,,73.3,51.6,,,True,rating-breakdown,True,73.3,51.6,,,tackle,True,True,,
1410240,Rodrigo Mora,14288806,rating-breakdown,defensive,defensive,,,,FC Porto,28.0,,54.9,82.4,,,True,rating-breakdown,True,54.9,82.4,,,ball-recovery,True,False,,
1410240,Rodrigo Mora,14288827,rating-breakdown,passes,passes,,,,FC Porto,24.0,,34.7,64.7,36.5,56.8,,rating-breakdown,True,34.7,64.7,36.5,56.8,pass,True,False,,
1410240,Rodrigo Mora,14288827,rating-breakdown,passes,passes,,,,FC Porto,24.0,,78.9,37.6,85.8,54.6,True,rating-breakdown,True,78.9,37.6,85.8,54.6,pass,True,True,,
1410240,Rodrigo Mora,14288827,rating-breakdown,passes,passes,,,,FC Porto,24.0,,52.3,48.2,45.2,57.6,True,rating-breakdown,True,52.3,48.2,45.2,57.6,pass,True,False,,
1410240,Rodrigo Mora,14288827,rating-breakdown,passes,passes,,,,FC Porto,24.0,,84.4,64.3,75,56.7,True,rating-breakdown,True,84.4,64.3,75,56.7,pass,True,False,,
1410240,Rodrigo Mora,14288827,rating-breakdown,passes,passes,,,,FC Porto,24.0,,63.1,72.6,57.9,32.1,True,rating-breakdown,True,63.1,72.6,57.9,32.1,pass,True,False,,
1410240,Rodrigo Mora,14288827,rating-breakdown,passes,passes,,,,FC Porto,24.0,,41.5,76.2,36.9,69.6,True,rating-breakdown,True,41.5,76.2,36.9,69.6,pass,True,False,,
1410240,Rodrigo Mora,14288827,rating-breakdown,passes,passes,,,,FC Porto,24.0,,41.7,67.6,40.4,55,True,rating-breakdown,True,41.7,67.6,40.4,55,pass,True,False,,
1410240,Rodrigo Mora,14288827,rating-breakdown,passes,passes,,,,FC Porto,24.0,,82.9,33,81.5,36.4,,rating-breakdown,True,82.9,33,81.5,36.4,pass,True,False,,
1410240,Rodrigo Mora,14288827,rating-breakdown,passes,passes,,,,FC Porto,24.0,,65.5,69.4,57,76.7,,rating-breakdown,True,65.5,69.4,57,76.7,pass,True,False,,
1410240,Rodrigo Mora,14288827,rating-breakdown,passes,passes,,,,FC Porto,24.0,,41.2,69.3,31.6,47.7,True,rating-breakdown,True,41.2,69.3,31.6,47.7,pass,True,False,,
1410240,Rodrigo Mora,14288827,rating-breakdown,passes,passes,,,,FC Porto,24.0,,39.3,90.9,40.6,78.8,True,rating-breakdown,True,39.3,90.9,40.6,78.8,pass,True,False,,
1410240,Rodrigo Mora,14288827,rating-breakdown,passes,passes,,,,FC Porto,24.0,,65.3,81.7,68.1,61.7,True,rating-breakdown,True,65.3,81.7,68.1,61.7,pass,True,False,,
1410240,Rodrigo Mora,14288827,rating-breakdown,ball-carries,ball-carries,,,,FC Porto,24.0,,59,25.4,75.6,39.2,,rating-breakdown,True,59,25.4,75.6,39.2,ball-carry,True,,,
1410240,Rodrigo Mora,14288827,rating-breakdown,ball-carries,ball-carries,,,,FC Porto,24.0,,28.9,92.3,38.1,94.4,,rating-breakdown,True,28.9,92.3,38.1,94.4,ball-carry,True,,,
1410240,Rodrigo Mora,14288827,rating-breakdown,ball-carries,ball-carries,,,,FC Porto,24.0,,53,92.4,65.3,81.7,,rating-breakdown,True,53,92.4,65.3,81.7,ball-carry,True,,,
1410240,Rodrigo Mora,14288827,rating-breakdown,dribbles,dribbles,,,,FC Porto,24.0,,83.4,34.2,,,True,rating-breakdown,True,83.4,34.2,,,dribble,True,False,,
1410240,Rodrigo Mora,14288827,rating-breakdown,dribbles,dribbles,,,,FC Porto,24.0,,37.5,94.2,,,True,rating-breakdown,True,37.5,94.2,,,dribble,True,False,,
1410240,Rodrigo Mora,14288827,rating-breakdown,defensive,defensive,,,,FC Porto,24.0,,31.2,62,,,True,rating-breakdown,True,31.2,62,,,tackle,True,False,,
1410240,Rodrigo Mora,14288845,rating-breakdown,passes,passes,,,,FC Porto,44.0,,39,51.4,32.9,45.9,True,rating-breakdown,True,39,51.4,32.9,45.9,pass,True,False,,
1410240,Rodrigo Mora,14288845,rating-breakdown,passes,passes,,,,FC Porto,44.0,,87.6,36.3,81.4,45.7,,rating-breakdown,True,87.6,36.3,81.4,45.7,pass,True,False,,
1410240,Rodrigo Mora,14288845,rating-breakdown,passes,passes,,,,FC Porto,44.0,,99.5,0.5,90.9,57.5,,rating-breakdown,True,99.5,0.5,90.9,57.5,cross,True,False,True,
1410240,Rodrigo Mora,14288845,rating-breakdown,passes,passes,,,,FC Porto,44.0,,99.7,99.1,92.3,53.7,,rating-breakdown,True,99.7,99.1,92.3,53.7,cross,True,False,,
1410240,Rodrigo Mora,14288845,rating-breakdown,passes,passes,,,,FC Porto,44.0,,66.8,75.9,67.9,74.3,,rating-breakdown,True,66.8,75.9,67.9,74.3,pass,True,False,,
1410240,Rodrigo Mora,14288845,rating-breakdown,passes,passes,,,,FC Porto,44.0,,35.5,68.8,34.5,56.7,True,rating-breakdown,True,35.5,68.8,34.5,56.7,pass,True,False,,
1410240,Rodrigo Mora,14288845,rating-breakdown,passes,passes,,,,FC Porto,44.0,,59.4,57.8,51.7,45.1,True,rating-breakdown,True,59.4,57.8,51.7,45.1,pass,True,False,,
1410240,Rodrigo Mora,14288845,rating-breakdown,passes,passes,,,,FC Porto,44.0,,76.2,75,78.4,71.6,,rating-breakdown,True,76.2,75,78.4,71.6,cross,True,False,,
1410240,Rodrigo Mora,14288845,rating-breakdown,passes,passes,,,,FC Porto,44.0,,64.8,58.4,63.5,65.1,True,rating-breakdown,True,64.8,58.4,63.5,65.1,pass,True,True,,
1410240,Rodrigo Mora,14288845,rating-breakdown,ball-carries,ball-carries,,,,FC Porto,44.0,,49.3,47.9,16.5,51.3,,rating-breakdown,True,49.3,47.9,16.5,51.3,ball-carry,True,,,
1410240,Rodrigo Mora,14288845,rating-breakdown,ball-carries,ball-carries,,,,FC Porto,44.0,,62.6,35.1,64,39.9,,rating-breakdown,True,62.6,35.1,64,39.9,ball-carry,True,,,
1410240,Rodrigo Mora,14288845,rating-breakdown,dribbles,dribbles,,,,FC Porto,44.0,,48.2,74.5,,,,rating-breakdown,True,48.2,74.5,,,dribble,True,False,,
1410240,Rodrigo Mora,14288845,rating-breakdown,dribbles,dribbles,,,,FC Porto,44.0,,64,39.4,,,True,rating-breakdown,True,64,39.4,,,dribble,True,False,,
1410240,Rodrigo Mora,14288845,rating-breakdown,defensive,defensive,,,,FC Porto,44.0,,49.3,47.9,,,True,rating-breakdown,True,49.3,47.9,,,ball-recovery,True,False,,
1410240,Rodrigo Mora,14288845,rating-breakdown,defensive,defensive,,,,FC Porto,44.0,,38.2,86.1,,,True,rating-breakdown,True,38.2,86.1,,,interception,True,False,,
1410240,Rodrigo Mora,14288845,rating-breakdown,defensive,defensive,,,,FC Porto,44.0,,62.6,35.1,,,True,rating-breakdown,True,62.6,35.1,,,ball-recovery,True,False,,
1410240,Rodrigo Mora,14288854,rating-breakdown,passes,passes,,,,FC Porto,20.0,,77.2,65.6,78.3,62.7,,rating-breakdown,True,77.2,65.6,78.3,62.7,pass,False,False,,
1410240,Rodrigo Mora,14288854,rating-breakdown,passes,passes,,,,FC Porto,20.0,,79.7,35.6,90.3,25.7,True,rating-breakdown,True,79.7,35.6,90.3,25.7,pass,False,False,,
1410240,Rodrigo Mora,14288854,rating-breakdown,passes,passes,,,,FC Porto,20.0,,99.5,0.5,92.5,43.6,True,rating-breakdown,True,99.5,0.5,92.5,43.6,cross,False,True,,
1410240,Rodrigo Mora,14288854,rating-breakdown,passes,passes,,,,FC Porto,20.0,,50.1,50.5,34.8,43.9,True,rating-breakdown,True,50.1,50.5,34.8,43.9,pass,False,False,,
1410240,Rodrigo Mora,14288854,rating-breakdown,passes,passes,,,,FC Porto,20.0,,33.6,48.3,21.4,53.8,True,rating-breakdown,True,33.6,48.3,21.4,53.8,pass,False,False,,
1410240,Rodrigo Mora,14288854,rating-breakdown,passes,passes,,,,FC Porto,20.0,,54.9,79.3,45.9,93.7,True,rating-breakdown,True,54.9,79.3,45.9,93.7,pass,False,False,,
1410240,Rodrigo Mora,14288854,rating-breakdown,passes,passes,,,,FC Porto,20.0,,87.3,86.2,93.6,29.1,,rating-breakdown,True,87.3,86.2,93.6,29.1,cross,False,False,True,
1410240,Rodrigo Mora,14288854,rating-breakdown,passes,passes,,,,FC Porto,20.0,,69.7,39.8,78.6,44.7,True,rating-breakdown,True,69.7,39.8,78.6,44.7,pass,False,False,,
1410240,Rodrigo Mora,14288854,rating-breakdown,passes,passes,,,,FC Porto,20.0,,99.5,99.5,96.2,53.2,,rating-breakdown,True,99.5,99.5,96.2,53.2,cross,False,False,,
1410240,Rodrigo Mora,14288854,rating-breakdown,passes,passes,,,,FC Porto,20.0,,99.7,99.1,95.9,60.2,,rating-breakdown,True,99.7,99.1,95.9,60.2,cross,False,False,,
1410240,Rodrigo Mora,14288854,rating-breakdown,passes,passes,,,,FC Porto,20.0,,78.6,40.8,100,26.8,,rating-breakdown,True,78.6,40.8,100,26.8,pass,False,False,,
1410240,Rodrigo Mora,14288854,rating-breakdown,passes,passes,,,,FC Porto,20.0,,86.6,94.7,92.5,48.3,True,rating-breakdown,True,86.6,94.7,92.5,48.3,cross,False,False,True,
1410240,Rodrigo Mora,14288854,rating-breakdown,ball-carries,ball-carries,,,,FC Porto,20.0,,73.3,84.9,77.2,65.6,,rating-breakdown,True,73.3,84.9,77.2,65.6,ball-carry,False,,,
1410240,Rodrigo Mora,14288854,rating-breakdown,ball-carries,ball-carries,,,,FC Porto,20.0,,76.5,42,78.8,57.6,,rating-breakdown,True,76.5,42,78.8,57.6,ball-carry,False,,,
1410240,Rodrigo Mora,14288854,rating-breakdown,ball-carries,ball-carries,,,,FC Porto,20.0,,34.6,32.9,33.6,48.3,,rating-breakdown,True,34.6,32.9,33.6,48.3,ball-carry,False,,,
1410240,Rodrigo Mora,14288854,rating-breakdown,ball-carries,ball-carries,,,,FC Porto,20.0,,64.4,43.5,69.7,39.8,,rating-breakdown,True,64.4,43.5,69.7,39.8,ball-carry,False,,,
1410240,Rodrigo Mora,14288854,rating-breakdown,ball-carries,ball-carries,,,,FC Porto,20.0,,77.2,68,78.5,61.5,,rating-breakdown,True,77.2,68,78.5,61.5,ball-carry,False,,,
1410240,Rodrigo Mora,14288854,rating-breakdown,defensive,defensive,,,,FC Porto,20.0,,71.4,43,,,True,rating-breakdown,True,71.4,43,,,interception,False,False,,
1410240,Rodrigo Mora,14288854,rating-breakdown,defensive,defensive,,,,FC Porto,20.0,,79.7,35.6,,,True,rating-breakdown,True,79.7,35.6,,,ball-recovery,False,False,,
1410240,Rodrigo Mora,14288854,rating-breakdown,defensive,defensive,,,,FC Porto,20.0,,34.7,58.7,,,True,rating-breakdown,True,34.7,58.7,,,tackle,False,False,,
1410240,Rodrigo Mora,14288854,rating-breakdown,defensive,defensive,,,,FC Porto,20.0,,35.6,53.5,,,True,rating-breakdown,True,35.6,53.5,,,ball-recovery,False,False,,
1410240,Rodrigo Mora,14288868,rating-breakdown,passes,passes,,,,FC Porto,45.0,,56,32.7,76.1,76.4,True,rating-breakdown,True,56,32.7,76.1,76.4,pass,True,False,True,
1410240,Rodrigo Mora,14288868,rating-breakdown,passes,passes,,,,FC Porto,45.0,,99.5,99.5,96.1,58.5,,rating-breakdown,True,99.5,99.5,96.1,58.5,cross,True,False,,
1410240,Rodrigo Mora,14288868,rating-breakdown,passes,passes,,,,FC Porto,45.0,,74.2,88.5,91.1,42,True,rating-breakdown,True,74.2,88.5,91.1,42,cross,True,True,True,
1410240,Rodrigo Mora,14288868,rating-breakdown,passes,passes,,,,FC Porto,45.0,,97.9,72.6,97.6,68.9,,rating-breakdown,True,97.9,72.6,97.6,68.9,pass,True,False,,
1410240,Rodrigo Mora,14288868,rating-breakdown,passes,passes,,,,FC Porto,45.0,,99.5,99.5,95.3,51.2,,rating-breakdown,True,99.5,99.5,95.3,51.2,cross,True,False,True,
1410240,Rodrigo Mora,14288868,rating-breakdown,passes,passes,,,,FC Porto,45.0,,27.6,60.3,52,75.9,True,rating-breakdown,True,27.6,60.3,52,75.9,pass,True,False,,
1410240,Rodrigo Mora,14288868,rating-breakdown,passes,passes,,,,FC Porto,45.0,,33.1,65.2,26.5,56.7,True,rating-breakdown,True,33.1,65.2,26.5,56.7,pass,True,False,,
1410240,Rodrigo Mora,14288868,rating-breakdown,passes,passes,,,,FC Porto,45.0,,71.1,59.1,87.8,69,True,rating-breakdown,True,71.1,59.1,87.8,69,pass,True,False,,
1410240,Rodrigo Mora,14288868,rating-breakdown,passes,passes,,,,FC Porto,45.0,,76.4,37.6,88.8,35.4,True,rating-breakdown,True,76.4,37.6,88.8,35.4,pass,True,False,,
1410240,Rodrigo Mora,14288868,rating-breakdown,passes,passes,,,,FC Porto,45.0,,87.9,15.4,74.2,5.3,True,rating-breakdown,True,87.9,15.4,74.2,5.3,pass,True,False,,
1410240,Rodrigo Mora,14288868,rating-breakdown,passes,passes,,,,FC Porto,45.0,,99.5,0.5,89.9,46.8,True,rating-breakdown,True,99.5,0.5,89.9,46.8,cross,True,True,True,
1410240,Rodrigo Mora,14288868,rating-breakdown,passes,passes,,,,FC Porto,45.0,,43.8,82.7,42.1,66.4,True,rating-breakdown,True,43.8,82.7,42.1,66.4,pass,True,False,,
1410240,Rodrigo Mora,14288868,rating-breakdown,passes,passes,,,,FC Porto,45.0,,43.8,77.4,38.1,65.8,True,rating-breakdown,True,43.8,77.4,38.1,65.8,pass,True,False,,
1410240,Rodrigo Mora,14288868,rating-breakdown,passes,passes,,,,FC Porto,45.0,,73.1,29.4,65.4,26.8,True,rating-breakdown,True,73.1,29.4,65.4,26.8,pass,True,False,,
1410240,Rodrigo Mora,14288868,rating-breakdown,passes,passes,,,,FC Porto,45.0,,76.1,72.3,76.9,87.3,True,rating-breakdown,True,76.1,72.3,76.9,87.3,pass,True,False,,
1410240,Rodrigo Mora,14288868,rating-breakdown,passes,passes,,,,FC Porto,45.0,,71.2,85.9,63,84.9,True,rating-breakdown,True,71.2,85.9,63,84.9,pass,True,False,,
1410240,Rodrigo Mora,14288868,rating-breakdown,passes,passes,,,,FC Porto,45.0,,99.5,99.5,95.8,52.4,True,rating-breakdown,True,99.5,99.5,95.8,52.4,cross,True,True,True,
1410240,Rodrigo Mora,14288868,rating-breakdown,passes,passes,,,,FC Porto,45.0,,81.5,80.8,86.6,75.3,,rating-breakdown,True,81.5,80.8,86.6,75.3,pass,True,False,,
1410240,Rodrigo Mora,14288868,rating-breakdown,passes,passes,,,,FC Porto,45.0,,45,76.8,33.4,48.9,True,rating-breakdown,True,45,76.8,33.4,48.9,pass,True,False,,
1410240,Rodrigo Mora,14288868,rating-breakdown,passes,passes,,,,FC Porto,45.0,,72.4,69.7,88,32.1,,rating-breakdown,True,72.4,69.7,88,32.1,pass,True,False,,
1410240,Rodrigo Mora,14288868,rating-breakdown,passes,passes,,,,FC Porto,45.0,,80,28,69.8,34.7,True,rating-breakdown,True,80,28,69.8,34.7,pass,True,False,,
1410240,Rodrigo Mora,14288868,rating-breakdown,passes,passes,,,,FC Porto,45.0,,83.5,68.9,87.5,58.8,,rating-breakdown,True,83.5,68.9,87.5,58.8,pass,True,False,,
1410240,Rodrigo Mora,14288868,rating-breakdown,passes,passes,,,,FC Porto,45.0,,76.9,45.9,75.8,49.5,,rating-breakdown,True,76.9,45.9,75.8,49.5,pass,True,False,,
1410240,Rodrigo Mora,14288868,rating-breakdown,passes,passes,,,,FC Porto,45.0,,88,12.7,89.3,45.8,,rating-breakdown,True,88,12.7,89.3,45.8,cross,True,False,,
1410240,Rodrigo Mora,14288868,rating-breakdown,passes,passes,,,,FC Porto,45.0,,96,14.5,85.6,14.7,True,rating-breakdown,True,96,14.5,85.6,14.7,pass,True,False,,
1410240,Rodrigo Mora,14288868,rating-breakdown,passes,passes,,,,FC Porto,45.0,,68.4,51.5,72.4,74.4,True,rating-breakdown,True,68.4,51.5,72.4,74.4,pass,True,False,,
1410240,Rodrigo Mora,14288868,rating-breakdown,passes,passes,,,,FC Porto,45.0,,99.5,0.5,89.3,39.4,True,rating-breakdown,True,99.5,0.5,89.3,39.4,cross,True,True,,
1410240,Rodrigo Mora,14288868,rating-breakdown,ball-carries,ball-carries,,,,FC Porto,45.0,,50.5,25.7,56,32.7,,rating-breakdown,True,50.5,25.7,56,32.7,ball-carry,True,,,
1410240,Rodrigo Mora,14288868,rating-breakdown,ball-carries,ball-carries,,,,FC Porto,45.0,,74.7,73.5,90.3,74.1,,rating-breakdown,True,74.7,73.5,90.3,74.1,ball-carry,True,,,
1410240,Rodrigo Mora,14288868,rating-breakdown,ball-carries,ball-carries,,,,FC Porto,45.0,,57.8,65.6,71.1,59.1,,rating-breakdown,True,57.8,65.6,71.1,59.1,ball-carry,True,,,
1410240,Rodrigo Mora,14288868,rating-breakdown,ball-carries,ball-carries,,,,FC Porto,45.0,,70.4,76.1,70.6,80.8,,rating-breakdown,True,70.4,76.1,70.6,80.8,ball-carry,True,,,
1410240,Rodrigo Mora,14288868,rating-breakdown,ball-carries,ball-carries,,,,FC Porto,45.0,,67.7,86.1,72.4,69.7,,rating-breakdown,True,67.7,86.1,72.4,69.7,ball-carry,True,,,
1410240,Rodrigo Mora,14288868,rating-breakdown,ball-carries,ball-carries,,,,FC Porto,45.0,,85.6,27.4,80,28,,rating-breakdown,True,85.6,27.4,80,28,ball-carry,True,,,
1410240,Rodrigo Mora,14288868,rating-breakdown,ball-carries,ball-carries,,,,FC Porto,45.0,,62.6,71.5,80,68.6,,rating-breakdown,True,62.6,71.5,80,68.6,ball-carry,True,,,
1410240,Rodrigo Mora,14288868,rating-breakdown,ball-carries,ball-carries,,,,FC Porto,45.0,,88.4,9.4,96,14.5,,rating-breakdown,True,88.4,9.4,96,14.5,ball-carry,True,,,
1410240,Rodrigo Mora,14288868,rating-breakdown,dribbles,dribbles,,,,FC Porto,45.0,,70.6,80.8,,,,rating-breakdown,True,70.6,80.8,,,dribble,True,False,,
1410240,Rodrigo Mora,14288868,rating-breakdown,defensive,defensive,,,,FC Porto,45.0,,50.5,25.7,,,True,rating-breakdown,True,50.5,25.7,,,ball-recovery,True,False,,
1410240,Rodrigo Mora,14288868,rating-breakdown,defensive,defensive,,,,FC Porto,45.0,,27.2,60,,,True,rating-breakdown,True,27.2,60,,,ball-recovery,True,False,,
1410240,Rodrigo Mora,14288868,rating-breakdown,defensive,defensive,,,,FC Porto,45.0,,43.8,82.7,,,True,rating-breakdown,True,43.8,82.7,,,ball-recovery,True,False,,
1410240,Rodrigo Mora,14288868,rating-breakdown,defensive,defensive,,,,FC Porto,45.0,,45,76.8,,,True,rating-breakdown,True,45,76.8,,,ball-recovery,True,False,,
1410240,Rodrigo Mora,14288875,rating-breakdown,passes,passes,,,,FC Porto,20.0,,80.3,89.2,89,96.3,True,rating-breakdown,True,80.3,89.2,89,96.3,pass,False,False,,
1410240,Rodrigo Mora,14288875,rating-breakdown,passes,passes,,,,FC Porto,20.0,,38.1,72.3,17.4,71.7,True,rating-breakdown,True,38.1,72.3,17.4,71.7,pass,False,False,,
1410240,Rodrigo Mora,14288875,rating-breakdown,passes,passes,,,,FC Porto,20.0,,25.1,68.2,14.2,42.4,True,rating-breakdown,True,25.1,68.2,14.2,42.4,pass,False,False,,
1410240,Rodrigo Mora,14288875,rating-breakdown,passes,passes,,,,FC Porto,20.0,,25.2,58.8,35.6,96.9,True,rating-breakdown,True,25.2,58.8,35.6,96.9,pass,False,False,,
1410240,Rodrigo Mora,14288875,rating-breakdown,passes,passes,,,,FC Porto,20.0,,72.3,75.3,91,26.7,True,rating-breakdown,True,72.3,75.3,91,26.7,cross,False,False,True,
1410240,Rodrigo Mora,14288875,rating-breakdown,passes,passes,,,,FC Porto,20.0,,65,39.6,79.3,95.1,,rating-breakdown,True,65,39.6,79.3,95.1,pass,False,False,True,
1410240,Rodrigo Mora,14288875,rating-breakdown,passes,passes,,,,FC Porto,20.0,,55,90.6,47,79,True,rating-breakdown,True,55,90.6,47,79,pass,False,False,,
1410240,Rodrigo Mora,14288875,rating-breakdown,passes,passes,,,,FC Porto,20.0,,52.7,56.2,46.3,24.3,True,rating-breakdown,True,52.7,56.2,46.3,24.3,pass,False,False,,
1410240,Rodrigo Mora,14288875,rating-breakdown,passes,passes,,,,FC Porto,20.0,,81.2,73.6,77.8,69.9,,rating-breakdown,True,81.2,73.6,77.8,69.9,pass,False,False,,
1410240,Rodrigo Mora,14288875,rating-breakdown,passes,passes,,,,FC Porto,20.0,,65,83.2,66.4,95.7,True,rating-breakdown,True,65,83.2,66.4,95.7,pass,False,False,,
1410240,Rodrigo Mora,14288875,rating-breakdown,ball-carries,ball-carries,,,,FC Porto,20.0,,25.9,48.1,25.2,58.8,,rating-breakdown,True,25.9,48.1,25.2,58.8,ball-carry,False,,,
1410240,Rodrigo Mora,14288875,rating-breakdown,ball-carries,ball-carries,,,,FC Porto,20.0,,48.1,74.8,63.8,76.6,,rating-breakdown,True,48.1,74.8,63.8,76.6,ball-carry,False,,,
1410240,Rodrigo Mora,14288875,rating-breakdown,ball-carries,ball-carries,,,,FC Porto,20.0,,87,79.2,81.2,73.6,,rating-breakdown,True,87,79.2,81.2,73.6,ball-carry,False,,,
1410240,Rodrigo Mora,14288875,rating-breakdown,defensive,defensive,,,,FC Porto,20.0,,26.1,90.8,,,True,rating-breakdown,True,26.1,90.8,,,tackle,False,False,,
1410240,Rodrigo Mora,14288881,rating-breakdown,passes,passes,,,,FC Porto,12.0,,52.1,89.5,19.7,69.3,True,rating-breakdown,True,52.1,89.5,19.7,69.3,pass,True,False,True,
1410240,Rodrigo Mora,14288881,rating-breakdown,ball-carries,ball-carries,,,,FC Porto,12.0,,69.6,86.1,52.1,89.5,,rating-breakdown,True,69.6,86.1,52.1,89.5,ball-carry,True,,,
1410240,Rodrigo Mora,14288892,rating-breakdown,passes,passes,,,,FC Porto,81.0,,47.1,66.7,55,63.9,True,rating-breakdown,True,47.1,66.7,55,63.9,pass,False,False,,
1410240,Rodrigo Mora,14288892,rating-breakdown,passes,passes,,,,FC Porto,81.0,,92.8,79.2,90.4,55.9,,rating-breakdown,True,92.8,79.2,90.4,55.9,cross,False,False,,
1410240,Rodrigo Mora,14288892,rating-breakdown,passes,passes,,,,FC Porto,81.0,,92.9,74.1,90.8,39,,rating-breakdown,True,92.9,74.1,90.8,39,cross,False,False,,
1410240,Rodrigo Mora,14288892,rating-breakdown,passes,passes,,,,FC Porto,81.0,,36.5,67.9,27.2,64.3,True,rating-breakdown,True,36.5,67.9,27.2,64.3,pass,False,False,,
1410240,Rodrigo Mora,14288892,rating-breakdown,passes,passes,,,,FC Porto,81.0,,19.8,27.7,27,41.7,True,rating-breakdown,True,19.8,27.7,27,41.7,pass,False,False,,
1410240,Rodrigo Mora,14288892,rating-breakdown,passes,passes,,,,FC Porto,81.0,,84.9,46.9,,,True,rating-breakdown,True,84.9,46.9,,,ball-touch,False,True,,
1410240,Rodrigo Mora,14288892,rating-breakdown,passes,passes,,,,FC Porto,81.0,,80.7,52.2,92.4,68,True,rating-breakdown,True,80.7,52.2,92.4,68,pass,False,False,,
1410240,Rodrigo Mora,14288892,rating-breakdown,passes,passes,,,,FC Porto,81.0,,99.5,0.5,90.1,49.3,,rating-breakdown,True,99.5,0.5,90.1,49.3,cross,False,False,True,
1410240,Rodrigo Mora,14288892,rating-breakdown,passes,passes,,,,FC Porto,81.0,,99.5,99.5,97.1,54.1,,rating-breakdown,True,99.5,99.5,97.1,54.1,cross,False,False,,
1410240,Rodrigo Mora,14288892,rating-breakdown,passes,passes,,,,FC Porto,81.0,,61.2,64.5,82.8,51.4,,rating-breakdown,True,61.2,64.5,82.8,51.4,pass,False,False,,
1410240,Rodrigo Mora,14288892,rating-breakdown,passes,passes,,,,FC Porto,81.0,,99.5,99.5,97.3,49.8,,rating-breakdown,True,99.5,99.5,97.3,49.8,cross,False,False,True,
1410240,Rodrigo Mora,14288892,rating-breakdown,passes,passes,,,,FC Porto,81.0,,15.6,79.9,34.7,89.5,,rating-breakdown,True,15.6,79.9,34.7,89.5,pass,False,False,True,
1410240,Rodrigo Mora,14288892,rating-breakdown,passes,passes,,,,FC Porto,81.0,,99.5,99.5,91,41.7,,rating-breakdown,True,99.5,99.5,91,41.7,cross,False,False,True,
1410240,Rodrigo Mora,14288892,rating-breakdown,passes,passes,,,,FC Porto,81.0,,68.4,83.2,63.1,24.3,True,rating-breakdown,True,68.4,83.2,63.1,24.3,pass,False,False,True,
1410240,Rodrigo Mora,14288892,rating-breakdown,passes,passes,,,,FC Porto,81.0,,18.7,64.3,4.9,53.1,True,rating-breakdown,True,18.7,64.3,4.9,53.1,pass,False,False,,
1410240,Rodrigo Mora,14288892,rating-breakdown,passes,passes,,,,FC Porto,81.0,,37.9,69.6,47.3,43.2,True,rating-breakdown,True,37.9,69.6,47.3,43.2,pass,False,False,,
1410240,Rodrigo Mora,14288892,rating-breakdown,passes,passes,,,,FC Porto,81.0,,99.5,99.5,98.2,52.9,,rating-breakdown,True,99.5,99.5,98.2,52.9,cross,False,False,,
1410240,Rodrigo Mora,14288892,rating-breakdown,passes,passes,,,,FC Porto,81.0,,80.8,65.5,98.4,69.3,True,rating-breakdown,True,80.8,65.5,98.4,69.3,pass,False,False,,
1410240,Rodrigo Mora,14288892,rating-breakdown,passes,passes,,,,FC Porto,81.0,,65.7,85,57.9,91.6,True,rating-breakdown,True,65.7,85,57.9,91.6,pass,False,False,,
1410240,Rodrigo Mora,14288892,rating-breakdown,passes,passes,,,,FC Porto,81.0,,82.3,39.7,98.6,33.3,,rating-breakdown,True,82.3,39.7,98.6,33.3,pass,False,False,,
1410240,Rodrigo Mora,14288892,rating-breakdown,passes,passes,,,,FC Porto,81.0,,51.3,82,59.5,94.6,True,rating-breakdown,True,51.3,82,59.5,94.6,pass,False,False,,
1410240,Rodrigo Mora,14288892,rating-breakdown,passes,passes,,,,FC Porto,81.0,,72.3,75.1,92.7,35.8,,rating-breakdown,True,72.3,75.1,92.7,35.8,cross,False,False,True,
1410240,Rodrigo Mora,14288892,rating-breakdown,passes,passes,,,,FC Porto,81.0,,36,69.7,29.5,37.5,True,rating-breakdown,True,36,69.7,29.5,37.5,pass,False,False,,
1410240,Rodrigo Mora,14288892,rating-breakdown,passes,passes,,,,FC Porto,81.0,,81.6,74.8,84.7,60.6,,rating-breakdown,True,81.6,74.8,84.7,60.6,cross,False,False,,
1410240,Rodrigo Mora,14288892,rating-breakdown,passes,passes,,,,FC Porto,81.0,,99.5,0.5,90.5,6.1,True,rating-breakdown,True,99.5,0.5,90.5,6.1,pass,False,False,,
1410240,Rodrigo Mora,14288892,rating-breakdown,passes,passes,,,,FC Porto,81.0,,99.5,0.5,90.5,45.4,,rating-breakdown,True,99.5,0.5,90.5,45.4,cross,False,False,,
1410240,Rodrigo Mora,14288892,rating-breakdown,passes,passes,,,,FC Porto,81.0,,83.4,14.4,86,15.3,,rating-breakdown,True,83.4,14.4,86,15.3,pass,False,False,,
1410240,Rodrigo Mora,14288892,rating-breakdown,passes,passes,,,,FC Porto,81.0,,65.7,76.3,59.9,89.7,True,rating-breakdown,True,65.7,76.3,59.9,89.7,pass,False,False,,
1410240,Rodrigo Mora,14288892,rating-breakdown,passes,passes,,,,FC Porto,81.0,,62.9,81.4,53.8,70.3,True,rating-breakdown,True,62.9,81.4,53.8,70.3,pass,False,False,,
1410240,Rodrigo Mora,14288892,rating-breakdown,passes,passes,,,,FC Porto,81.0,,64.2,98.5,61.1,82.6,True,rating-breakdown,True,64.2,98.5,61.1,82.6,pass,False,False,,
1410240,Rodrigo Mora,14288892,rating-breakdown,ball-carries,ball-carries,,,,FC Porto,81.0,,27.3,50.1,34.1,40.2,,rating-breakdown,True,27.3,50.1,34.1,40.2,ball-carry,False,,,
1410240,Rodrigo Mora,14288892,rating-breakdown,ball-carries,ball-carries,,,,FC Porto,81.0,,92.1,54.4,85.5,54.6,,rating-breakdown,True,92.1,54.4,85.5,54.6,ball-carry,False,,,
1410240,Rodrigo Mora,14288892,rating-breakdown,ball-carries,ball-carries,,,,FC Porto,81.0,,92.4,86.4,92.8,79.2,,rating-breakdown,True,92.4,86.4,92.8,79.2,ball-carry,False,,,
1410240,Rodrigo Mora,14288892,rating-breakdown,ball-carries,ball-carries,,,,FC Porto,81.0,,90.3,70.9,85.9,67.7,,rating-breakdown,True,90.3,70.9,85.9,67.7,ball-carry,False,,,
1410240,Rodrigo Mora,14288892,rating-breakdown,ball-carries,ball-carries,,,,FC Porto,81.0,,62,75.6,61.2,64.5,,rating-breakdown,True,62,75.6,61.2,64.5,ball-carry,False,,,
1410240,Rodrigo Mora,14288892,rating-breakdown,ball-carries,ball-carries,,,,FC Porto,81.0,,93,86.8,99,77.7,,rating-breakdown,True,93,86.8,99,77.7,ball-carry,False,,,
1410240,Rodrigo Mora,14288892,rating-breakdown,ball-carries,ball-carries,,,,FC Porto,81.0,,66.4,91.2,68.4,83.2,,rating-breakdown,True,66.4,91.2,68.4,83.2,ball-carry,False,,,
1410240,Rodrigo Mora,14288892,rating-breakdown,ball-carries,ball-carries,,,,FC Porto,81.0,,9.5,60,20.4,69.6,,rating-breakdown,True,9.5,60,20.4,69.6,ball-carry,False,,,
1410240,Rodrigo Mora,14288892,rating-breakdown,ball-carries,ball-carries,,,,FC Porto,81.0,,64.6,65.4,84.3,50.7,,rating-breakdown,True,64.6,65.4,84.3,50.7,ball-carry,False,,,
1410240,Rodrigo Mora,14288892,rating-breakdown,ball-carries,ball-carries,,,,FC Porto,81.0,,44.9,75.6,51.3,82,,rating-breakdown,True,44.9,75.6,51.3,82,ball-carry,False,,,
1410240,Rodrigo Mora,14288892,rating-breakdown,ball-carries,ball-carries,,,,FC Porto,81.0,,37.1,81.3,36,69.7,,rating-breakdown,True,37.1,81.3,36,69.7,ball-carry,False,,,
1410240,Rodrigo Mora,14288892,rating-breakdown,ball-carries,ball-carries,,,,FC Porto,81.0,,63.5,71.2,65.7,76.3,,rating-breakdown,True,63.5,71.2,65.7,76.3,ball-carry,False,,,
1410240,Rodrigo Mora,14288892,rating-breakdown,dribbles,dribbles,,,,FC Porto,81.0,,89.2,79.8,,,True,rating-breakdown,True,89.2,79.8,,,dribble,False,False,,
1410240,Rodrigo Mora,14288892,rating-breakdown,dribbles,dribbles,,,,FC Porto,81.0,,99,77.6,,,,rating-breakdown,True,99,77.6,,,dribble,False,False,,
1410240,Rodrigo Mora,14288892,rating-breakdown,dribbles,dribbles,,,,FC Porto,81.0,,20.4,69.6,,,True,rating-breakdown,True,20.4,69.6,,,dribble,False,False,,
1410240,Rodrigo Mora,14288892,rating-breakdown,defensive,defensive,,,,FC Porto,81.0,,47.1,66.7,,,True,rating-breakdown,True,47.1,66.7,,,ball-recovery,False,False,,
1410240,Rodrigo Mora,14288892,rating-breakdown,defensive,defensive,,,,FC Porto,81.0,,24.6,58.5,,,True,rating-breakdown,True,24.6,58.5,,,tackle,False,False,,
1410240,Rodrigo Mora,14288892,rating-breakdown,defensive,defensive,,,,FC Porto,81.0,,27.3,50.1,,,True,rating-breakdown,True,27.3,50.1,,,ball-recovery,False,False,,
1410240,Rodrigo Mora,14288892,rating-breakdown,defensive,defensive,,,,FC Porto,81.0,,19.8,27.7,,,True,rating-breakdown,True,19.8,27.7,,,ball-recovery,False,False,,
1410240,Rodrigo Mora,14288892,rating-breakdown,defensive,defensive,,,,FC Porto,81.0,,15.1,45.7,,,True,rating-breakdown,True,15.1,45.7,,,block,False,False,,
1410240,Rodrigo Mora,14288892,rating-breakdown,defensive,defensive,,,,FC Porto,81.0,,62.8,95.4,,,True,rating-breakdown,True,62.8,95.4,,,ball-recovery,False,False,,
1410240,Rodrigo Mora,14336196,rating-breakdown,passes,passes,,,,FC Porto,90.0,,69.6,57.9,74.5,7.6,True,rating-breakdown,True,69.6,57.9,74.5,7.6,pass,True,False,True,
1410240,Rodrigo Mora,14336196,rating-breakdown,passes,passes,,,,FC Porto,90.0,,89.8,88.3,79.1,92.7,True,rating-breakdown,True,89.8,88.3,79.1,92.7,pass,True,False,,
1410240,Rodrigo Mora,14336196,rating-breakdown,passes,passes,,,,FC Porto,90.0,,53.7,57.8,44,75.1,True,rating-breakdown,True,53.7,57.8,44,75.1,pass,True,False,,
1410240,Rodrigo Mora,14336196,rating-breakdown,passes,passes,,,,FC Porto,90.0,,60.4,67.2,58.1,85.9,True,rating-breakdown,True,60.4,67.2,58.1,85.9,pass,True,False,,
1410240,Rodrigo Mora,14336196,rating-breakdown,passes,passes,,,,FC Porto,90.0,,99.5,99.5,95.9,50.7,,rating-breakdown,True,99.5,99.5,95.9,50.7,cross,True,False,True,
1410240,Rodrigo Mora,14336196,rating-breakdown,passes,passes,,,,FC Porto,90.0,,69.7,63.7,75.8,26.5,True,rating-breakdown,True,69.7,63.7,75.8,26.5,pass,True,False,,
1410240,Rodrigo Mora,14336196,rating-breakdown,passes,passes,,,,FC Porto,90.0,,80.8,32.2,95.4,58.1,,rating-breakdown,True,80.8,32.2,95.4,58.1,pass,True,False,,
1410240,Rodrigo Mora,14336196,rating-breakdown,passes,passes,,,,FC Porto,90.0,,54.3,53.3,65.1,45.4,True,rating-breakdown,True,54.3,53.3,65.1,45.4,pass,True,False,,
1410240,Rodrigo Mora,14336196,rating-breakdown,passes,passes,,,,FC Porto,90.0,,51.6,59.1,47,39.5,True,rating-breakdown,True,51.6,59.1,47,39.5,pass,True,False,,
1410240,Rodrigo Mora,14336196,rating-breakdown,passes,passes,,,,FC Porto,90.0,,66.6,66.7,76.7,91.1,True,rating-breakdown,True,66.6,66.7,76.7,91.1,pass,True,False,,
1410240,Rodrigo Mora,14336196,rating-breakdown,passes,passes,,,,FC Porto,90.0,,79.4,76,75.3,94.8,True,rating-breakdown,True,79.4,76,75.3,94.8,pass,True,False,,
1410240,Rodrigo Mora,14336196,rating-breakdown,passes,passes,,,,FC Porto,90.0,,75.5,26.1,92.8,52.4,,rating-breakdown,True,75.5,26.1,92.8,52.4,cross,True,False,,
1410240,Rodrigo Mora,14336196,rating-breakdown,passes,passes,,,,FC Porto,90.0,,55.8,52.8,29,38.8,True,rating-breakdown,True,55.8,52.8,29,38.8,pass,True,False,,
1410240,Rodrigo Mora,14336196,rating-breakdown,passes,passes,,,,FC Porto,90.0,,40.9,60.6,34.5,71.8,True,rating-breakdown,True,40.9,60.6,34.5,71.8,pass,True,False,,
1410240,Rodrigo Mora,14336196,rating-breakdown,passes,passes,,,,FC Porto,90.0,,54.6,45.8,45.9,43,True,rating-breakdown,True,54.6,45.8,45.9,43,pass,True,False,,
1410240,Rodrigo Mora,14336196,rating-breakdown,passes,passes,,,,FC Porto,90.0,,55.6,43.4,48.6,66,True,rating-breakdown,True,55.6,43.4,48.6,66,pass,True,False,,
1410240,Rodrigo Mora,14336196,rating-breakdown,passes,passes,,,,FC Porto,90.0,,64.7,46,67.4,32.1,True,rating-breakdown,True,64.7,46,67.4,32.1,pass,True,False,,
1410240,Rodrigo Mora,14336196,rating-breakdown,passes,passes,,,,FC Porto,90.0,,77.5,53.9,89.6,55.2,True,rating-breakdown,True,77.5,53.9,89.6,55.2,pass,True,True,,
1410240,Rodrigo Mora,14336196,rating-breakdown,passes,passes,,,,FC Porto,90.0,,99.5,0.5,92.7,42.4,,rating-breakdown,True,99.5,0.5,92.7,42.4,cross,True,False,,
1410240,Rodrigo Mora,14336196,rating-breakdown,passes,passes,,,,FC Porto,90.0,,49.2,56.4,39.1,84.8,,rating-breakdown,True,49.2,56.4,39.1,84.8,pass,True,False,,
1410240,Rodrigo Mora,14336196,rating-breakdown,passes,passes,,,,FC Porto,90.0,,69.7,95.3,90.6,42.7,True,rating-breakdown,True,69.7,95.3,90.6,42.7,cross,True,False,True,
1410240,Rodrigo Mora,14336196,rating-breakdown,passes,passes,,,,FC Porto,90.0,,21.5,44,21.7,43,,rating-breakdown,True,21.5,44,21.7,43,pass,True,False,True,
1410240,Rodrigo Mora,14336196,rating-breakdown,passes,passes,,,,FC Porto,90.0,,85.8,15.4,87,52.1,True,rating-breakdown,True,85.8,15.4,87,52.1,cross,True,True,,
1410240,Rodrigo Mora,14336196,rating-breakdown,passes,passes,,,,FC Porto,90.0,,66.8,69.1,56.8,70.9,True,rating-breakdown,True,66.8,69.1,56.8,70.9,pass,True,False,,
1410240,Rodrigo Mora,14336196,rating-breakdown,passes,passes,,,,FC Porto,90.0,,63.5,70.5,58.6,40.4,True,rating-breakdown,True,63.5,70.5,58.6,40.4,pass,True,False,,
1410240,Rodrigo Mora,14336196,rating-breakdown,passes,passes,,,,FC Porto,90.0,,66.2,42.4,59.1,37.9,True,rating-breakdown,True,66.2,42.4,59.1,37.9,pass,True,False,,
1410240,Rodrigo Mora,14336196,rating-breakdown,passes,passes,,,,FC Porto,90.0,,68.9,62.3,53.7,53.4,True,rating-breakdown,True,68.9,62.3,53.7,53.4,pass,True,False,,
1410240,Rodrigo Mora,14336196,rating-breakdown,passes,passes,,,,FC Porto,90.0,,78.2,86.2,83.2,90.6,True,rating-breakdown,True,78.2,86.2,83.2,90.6,pass,True,False,,
1410240,Rodrigo Mora,14336196,rating-breakdown,passes,passes,,,,FC Porto,90.0,,77.9,69.1,92.9,71.7,True,rating-breakdown,True,77.9,69.1,92.9,71.7,pass,True,False,,
1410240,Rodrigo Mora,14336196,rating-breakdown,passes,passes,,,,FC Porto,90.0,,68.9,64.9,62.3,72.1,True,rating-breakdown,True,68.9,64.9,62.3,72.1,pass,True,False,,
1410240,Rodrigo Mora,14336196,rating-breakdown,passes,passes,,,,FC Porto,90.0,,69.8,68.2,63.4,75.1,True,rating-breakdown,True,69.8,68.2,63.4,75.1,pass,True,False,,
1410240,Rodrigo Mora,14336196,rating-breakdown,passes,passes,,,,FC Porto,90.0,,35.9,59.1,57.8,93.8,True,rating-breakdown,True,35.9,59.1,57.8,93.8,pass,True,True,True,
1410240,Rodrigo Mora,14336196,rating-breakdown,passes,passes,,,,FC Porto,90.0,,26.1,32.8,31.9,16.1,True,rating-breakdown,True,26.1,32.8,31.9,16.1,pass,True,False,,
1410240,Rodrigo Mora,14336196,rating-breakdown,passes,passes,,,,FC Porto,90.0,,79.8,52.6,81.3,51.5,,rating-breakdown,True,79.8,52.6,81.3,51.5,pass,True,False,,
1410240,Rodrigo Mora,14336196,rating-breakdown,ball-carries,ball-carries,,,,FC Porto,90.0,,97.3,92.7,89.8,88.3,,rating-breakdown,True,97.3,92.7,89.8,88.3,ball-carry,True,,,
1410240,Rodrigo Mora,14336196,rating-breakdown,ball-carries,ball-carries,,,,FC Porto,90.0,,35.9,82,69.7,63.7,,rating-breakdown,True,35.9,82,69.7,63.7,ball-carry,True,,,
1410240,Rodrigo Mora,14336196,rating-breakdown,ball-carries,ball-carries,,,,FC Porto,90.0,,45.1,62.3,47.4,58.1,,rating-breakdown,True,45.1,62.3,47.4,58.1,ball-carry,True,,,
1410240,Rodrigo Mora,14336196,rating-breakdown,ball-carries,ball-carries,,,,FC Porto,90.0,,47.4,58.1,54.3,53.3,,rating-breakdown,True,47.4,58.1,54.3,53.3,ball-carry,True,,,
1410240,Rodrigo Mora,14336196,rating-breakdown,ball-carries,ball-carries,,,,FC Porto,90.0,,55.2,55.2,53.8,51.2,,rating-breakdown,True,55.2,55.2,53.8,51.2,ball-carry,True,,,
1410240,Rodrigo Mora,14336196,rating-breakdown,ball-carries,ball-carries,,,,FC Porto,90.0,,56.5,63.6,51.6,59.1,,rating-breakdown,True,56.5,63.6,51.6,59.1,ball-carry,True,,,
1410240,Rodrigo Mora,14336196,rating-breakdown,ball-carries,ball-carries,,,,FC Porto,90.0,,85.5,73.8,79.4,76,,rating-breakdown,True,85.5,73.8,79.4,76,ball-carry,True,,,
1410240,Rodrigo Mora,14336196,rating-breakdown,ball-carries,ball-carries,,,,FC Porto,90.0,,60,40,55.6,43.4,,rating-breakdown,True,60,40,55.6,43.4,ball-carry,True,,,
1410240,Rodrigo Mora,14336196,rating-breakdown,ball-carries,ball-carries,,,,FC Porto,90.0,,71.9,61.7,77.5,53.9,,rating-breakdown,True,71.9,61.7,77.5,53.9,ball-carry,True,,,
1410240,Rodrigo Mora,14336196,rating-breakdown,ball-carries,ball-carries,,,,FC Porto,90.0,,31.7,55.7,35.9,59.1,,rating-breakdown,True,31.7,55.7,35.9,59.1,ball-carry,True,,,
1410240,Rodrigo Mora,14336196,rating-breakdown,ball-carries,ball-carries,,,,FC Porto,90.0,,74.4,62.3,79.6,49.1,,rating-breakdown,True,74.4,62.3,79.6,49.1,ball-carry,True,,,
1410240,Rodrigo Mora,14336196,rating-breakdown,dribbles,dribbles,,,,FC Porto,90.0,,70.6,79.6,,,,rating-breakdown,True,70.6,79.6,,,dribble,True,False,,
1410240,Rodrigo Mora,14336196,rating-breakdown,dribbles,dribbles,,,,FC Porto,90.0,,89.4,26.5,,,,rating-breakdown,True,89.4,26.5,,,dribble,True,False,,
1410240,Rodrigo Mora,14336196,rating-breakdown,dribbles,dribbles,,,,FC Porto,90.0,,71,50.2,,,,rating-breakdown,True,71,50.2,,,dribble,True,False,,
1410240,Rodrigo Mora,14336196,rating-breakdown,defensive,defensive,,,,FC Porto,90.0,,10.5,55.5,14.7,41.5,True,rating-breakdown,True,10.5,55.5,14.7,41.5,clearance,True,False,,
1410240,Rodrigo Mora,14336196,rating-breakdown,defensive,defensive,,,,FC Porto,90.0,,35.9,82,,,True,rating-breakdown,True,35.9,82,,,ball-recovery,True,False,,
1410240,Rodrigo Mora,14336196,rating-breakdown,defensive,defensive,,,,FC Porto,90.0,,47.4,58.1,,,True,rating-breakdown,True,47.4,58.1,,,ball-recovery,True,False,,
1410240,Rodrigo Mora,14336196,rating-breakdown,defensive,defensive,,,,FC Porto,90.0,,76.8,33,,,True,rating-breakdown,True,76.8,33,,,ball-recovery,True,False,,
1410240,Rodrigo Mora,14336196,rating-breakdown,defensive,defensive,,,,FC Porto,90.0,,71.9,61.7,,,True,rating-breakdown,True,71.9,61.7,,,ball-recovery,True,False,,
1410240,Rodrigo Mora,14336196,rating-breakdown,defensive,defensive,,,,FC Porto,90.0,,26.1,32.8,,,True,rating-breakdown,True,26.1,32.8,,,ball-recovery,True,False,,
