player_id,player_name,event_id,endpoint,category,action_type,match_date,home_team,away_team,team,minutes_played_matchlog,minute,x,y,end_x,end_y,success,successful,success_flag,success_source,outcome,accurate,won,is_assist,is_key_pass,pass_subtype,_endpoint,endpoint_available,playerCoordinates_x,playerCoordinates_y,passEndCoordinates_x,passEndCoordinates_y,eventActionType,isHome,keypass,_raw_action,isLongBall,isAssist
1046795,Savinho,14025142,rating-breakdown,passes,passes,,,,Manchester City,13.0,,83.2,88.7,71,80.2,True,True,1,boolean_field,success,True,,False,False,pass,rating-breakdown,True,83.2,88.7,71,80.2,pass,True,False,"{""playerCoordinates"": {""x"": 83.2, ""y"": 88.7}, ""passEndCoordinates"": {""x"": 71, ""y"": 80.2}, ""eventActionType"": ""pass"", ""isHome"": true, ""outcome"": true, ""keypass"": false}",,
1046795,Savinho,14025142,rating-breakdown,passes,passes,,,,Manchester City,13.0,,68.4,80,73.3,64.4,True,True,1,boolean_field,success,True,,False,False,pass,rating-breakdown,True,68.4,80,73.3,64.4,pass,True,False,"{""playerCoordinates"": {""x"": 68.4, ""y"": 80}, ""passEndCoordinates"": {""x"": 73.3, ""y"": 64.4}, ""eventActionType"": ""pass"", ""isHome"": true, ""outcome"": true, ""keypass"": false}",,
1046795,Savinho,14025142,rating-breakdown,defensive,defensive,,,,Manchester City,13.0,,53.6,72.1,,,True,True,1,boolean_field,success,,True,False,False,,rating-breakdown,True,53.6,72.1,,,interception,True,False,"{""playerCoordinates"": {""x"": 53.6, ""y"": 72.1}, ""eventActionType"": ""interception"", ""isHome"": true, ""outcome"": true, ""keypass"": false}",,
1046795,Savinho,14025142,rating-breakdown,defensive,defensive,,,,Manchester City,13.0,,21.1,75.3,,,True,True,1,boolean_field,success,,True,False,False,,rating-breakdown,True,21.1,75.3,,,interception,True,False,"{""playerCoordinates"": {""x"": 21.1, ""y"": 75.3}, ""eventActionType"": ""interception"", ""isHome"": true, ""outcome"": true, ""keypass"": false}",,
1046795,Savinho,14025154,rating-breakdown,passes,passes,,,,Manchester City,13.0,,85.3,2.9,85.8,5.3,,,,unresolvable,,,,False,False,pass,rating-breakdown,True,85.3,2.9,85.8,5.3,pass,False,False,"{""playerCoordinates"": {""x"": 85.3, ""y"": 2.9}, ""passEndCoordinates"": {""x"": 85.8, ""y"": 5.3}, ""eventActionType"": ""pass"", ""isHome"": false, ""keypass"": false}",,
1046795,Savinho,14025154,rating-breakdown,passes,passes,,,,Manchester City,13.0,,91.5,5.9,86.8,4.4,True,True,1,boolean_field,success,True,,False,False,pass,rating-breakdown,True,91.5,5.9,86.8,4.4,pass,False,False,"{""playerCoordinates"": {""x"": 91.5, ""y"": 5.9}, ""passEndCoordinates"": {""x"": 86.8, ""y"": 4.4}, ""eventActionType"": ""pass"", ""isHome"": false, ""outcome"": true, ""keypass"": false}",,
1046795,Savinho,14025154,rating-breakdown,passes,passes,,,,Manchester City,13.0,,71.7,72.4,69.1,61.4,True,True,1,boolean_field,success,True,,False,False,pass,rating-breakdown,True,71.7,72.4,69.1,61.4,pass,False,False,"{""playerCoordinates"": {""x"": 71.7, ""y"": 72.4}, ""passEndCoordinates"": {""x"": 69.1, ""y"": 61.4}, ""eventActionType"": ""pass"", ""isHome"": false, ""outcome"": true, ""keypass"": false}",,
1046795,Savinho,14025154,rating-breakdown,passes,passes,,,,Manchester City,13.0,,73.7,88.4,69.6,62.9,True,True,1,boolean_field,success,True,,False,False,pass,rating-breakdown,True,73.7,88.4,69.6,62.9,pass,False,False,"{""playerCoordinates"": {""x"": 73.7, ""y"": 88.4}, ""passEndCoordinates"": {""x"": 69.6, ""y"": 62.9}, ""eventActionType"": ""pass"", ""isHome"": false, ""outcome"": true, ""keypass"": false}",,
1046795,Savinho,14025154,rating-breakdown,passes,passes,,,,Manchester City,13.0,,76.4,29.4,68.1,29.7,,,,unresolvable,,,,False,False,pass,rating-breakdown,True,76.4,29.4,68.1,29.7,pass,False,False,"{""playerCoordinates"": {""x"": 76.4, ""y"": 29.4}, ""passEndCoordinates"": {""x"": 68.1, ""y"": 29.7}, ""eventActionType"": ""pass"", ""isHome"": false, ""keypass"": false}",,
1046795,Savinho,14025154,rating-breakdown,passes,passes,,,,Manchester City,13.0,,74.9,94.1,71.7,90.8,,,,unresolvable,,,,False,False,pass,rating-breakdown,True,74.9,94.1,71.7,90.8,pass,False,False,"{""playerCoordinates"": {""x"": 74.9, ""y"": 94.1}, ""passEndCoordinates"": {""x"": 71.7, ""y"": 90.8}, ""eventActionType"": ""pass"", ""isHome"": false, ""keypass"": false}",,
1046795,Savinho,14025154,rating-breakdown,dribbles,dribbles,,,,Manchester City,13.0,,59.3,6.6,,,,,,unresolvable,,,,False,False,,rating-breakdown,True,59.3,6.6,,,dribble,False,False,"{""playerCoordinates"": {""x"": 59.3, ""y"": 6.6}, ""eventActionType"": ""dribble"", ""isHome"": false, ""keypass"": false}",,
1046795,Savinho,14025154,rating-breakdown,defensive,defensive,,,,Manchester City,13.0,,33.2,72.3,,,True,True,1,boolean_field,success,,True,False,False,,rating-breakdown,True,33.2,72.3,,,ball-recovery,False,False,"{""playerCoordinates"": {""x"": 33.2, ""y"": 72.3}, ""eventActionType"": ""ball-recovery"", ""isHome"": false, ""outcome"": true, ""keypass"": false}",,
1046795,Savinho,14025199,rating-breakdown,passes,passes,,,,Manchester City,62.0,,87.9,23.3,86.9,36,True,True,1,boolean_field,success,True,,False,False,pass,rating-breakdown,True,87.9,23.3,86.9,36,pass,True,False,"{""playerCoordinates"": {""x"": 87.9, ""y"": 23.3}, ""passEndCoordinates"": {""x"": 86.9, ""y"": 36}, ""eventActionType"": ""pass"", ""isHome"": true, ""outcome"": true, ""keypass"": false}",,
1046795,Savinho,14025199,rating-breakdown,passes,passes,,,,Manchester City,62.0,,74.5,2.9,65.8,10.5,True,True,1,boolean_field,success,True,,False,False,pass,rating-breakdown,True,74.5,2.9,65.8,10.5,pass,True,False,"{""playerCoordinates"": {""x"": 74.5, ""y"": 2.9}, ""passEndCoordinates"": {""x"": 65.8, ""y"": 10.5}, ""eventActionType"": ""pass"", ""isHome"": true, ""outcome"": true, ""keypass"": false}",,
1046795,Savinho,14025199,rating-breakdown,passes,passes,,,,Manchester City,62.0,,96.9,29.9,96.2,39.5,,,,unresolvable,,,,False,False,pass,rating-breakdown,True,96.9,29.9,96.2,39.5,pass,True,False,"{""playerCoordinates"": {""x"": 96.9, ""y"": 29.9}, ""passEndCoordinates"": {""x"": 96.2, ""y"": 39.5}, ""eventActionType"": ""pass"", ""isHome"": true, ""keypass"": false}",,
1046795,Savinho,14025199,rating-breakdown,passes,passes,,,,Manchester City,62.0,,64.2,3.1,44,18.8,True,True,1,boolean_field,success,True,,False,False,pass,rating-breakdown,True,64.2,3.1,44,18.8,pass,True,False,"{""playerCoordinates"": {""x"": 64.2, ""y"": 3.1}, ""passEndCoordinates"": {""x"": 44, ""y"": 18.8}, ""eventActionType"": ""pass"", ""isHome"": true, ""outcome"": true, ""keypass"": false}",,
1046795,Savinho,14025199,rating-breakdown,passes,passes,,,,Manchester City,62.0,,83.5,5.4,70.8,14.8,True,True,1,boolean_field,success,True,,False,False,pass,rating-breakdown,True,83.5,5.4,70.8,14.8,pass,True,False,"{""playerCoordinates"": {""x"": 83.5, ""y"": 5.4}, ""passEndCoordinates"": {""x"": 70.8, ""y"": 14.8}, ""eventActionType"": ""pass"", ""isHome"": true, ""outcome"": true, ""keypass"": false}",,
1046795,Savinho,14025199,rating-breakdown,passes,passes,,,,Manchester City,62.0,,86.8,25,80.5,39.7,True,True,1,boolean_field,success,True,,False,False,pass,rating-breakdown,True,86.8,25,80.5,39.7,pass,True,False,"{""playerCoordinates"": {""x"": 86.8, ""y"": 25}, ""passEndCoordinates"": {""x"": 80.5, ""y"": 39.7}, ""eventActionType"": ""pass"", ""isHome"": true, ""outcome"": true, ""keypass"": false}",,
1046795,Savinho,14025199,rating-breakdown,passes,passes,,,,Manchester City,62.0,,80.6,10.9,66.9,21.4,True,True,1,boolean_field,success,True,,False,False,pass,rating-breakdown,True,80.6,10.9,66.9,21.4,pass,True,False,"{""playerCoordinates"": {""x"": 80.6, ""y"": 10.9}, ""passEndCoordinates"": {""x"": 66.9, ""y"": 21.4}, ""eventActionType"": ""pass"", ""isHome"": true, ""outcome"": true, ""keypass"": false}",,
1046795,Savinho,14025199,rating-breakdown,passes,passes,,,,Manchester City,62.0,,78.2,6.6,68.5,18.8,True,True,1,boolean_field,success,True,,False,False,pass,rating-breakdown,True,78.2,6.6,68.5,18.8,pass,True,False,"{""playerCoordinates"": {""x"": 78.2, ""y"": 6.6}, ""passEndCoordinates"": {""x"": 68.5, ""y"": 18.8}, ""eventActionType"": ""pass"", ""isHome"": true, ""outcome"": true, ""keypass"": false}",,
1046795,Savinho,14025199,rating-breakdown,passes,passes,,,,Manchester City,62.0,,66.8,7.9,41.8,16,True,True,1,boolean_field,success,True,,False,False,pass,rating-breakdown,True,66.8,7.9,41.8,16,pass,True,False,"{""playerCoordinates"": {""x"": 66.8, ""y"": 7.9}, ""passEndCoordinates"": {""x"": 41.8, ""y"": 16}, ""eventActionType"": ""pass"", ""isHome"": true, ""outcome"": true, ""keypass"": false}",,
1046795,Savinho,14025199,rating-breakdown,passes,passes,,,,Manchester City,62.0,,55.7,4.5,30.5,31.3,True,True,1,boolean_field,success,True,,False,False,pass,rating-breakdown,True,55.7,4.5,30.5,31.3,pass,True,False,"{""playerCoordinates"": {""x"": 55.7, ""y"": 4.5}, ""passEndCoordinates"": {""x"": 30.5, ""y"": 31.3}, ""eventActionType"": ""pass"", ""isHome"": true, ""outcome"": true, ""keypass"": false, ""isLongBall"": true}",True,
1046795,Savinho,14025199,rating-breakdown,passes,passes,,,,Manchester City,62.0,,53.3,9.6,54.6,20.8,,,,unresolvable,,,,False,False,pass,rating-breakdown,True,53.3,9.6,54.6,20.8,pass,True,False,"{""playerCoordinates"": {""x"": 53.3, ""y"": 9.6}, ""passEndCoordinates"": {""x"": 54.6, ""y"": 20.8}, ""eventActionType"": ""pass"", ""isHome"": true, ""keypass"": false}",,
1046795,Savinho,14025199,rating-breakdown,passes,passes,,,,Manchester City,62.0,,41.6,24,28.8,5.7,True,True,1,boolean_field,success,True,,False,False,pass,rating-breakdown,True,41.6,24,28.8,5.7,pass,True,False,"{""playerCoordinates"": {""x"": 41.6, ""y"": 24}, ""passEndCoordinates"": {""x"": 28.8, ""y"": 5.7}, ""eventActionType"": ""pass"", ""isHome"": true, ""outcome"": true, ""keypass"": false}",,
1046795,Savinho,14025199,rating-breakdown,passes,passes,,,,Manchester City,62.0,,70.5,7.8,68.1,27.6,True,True,1,boolean_field,success,True,,False,False,pass,rating-breakdown,True,70.5,7.8,68.1,27.6,pass,True,False,"{""playerCoordinates"": {""x"": 70.5, ""y"": 7.8}, ""passEndCoordinates"": {""x"": 68.1, ""y"": 27.6}, ""eventActionType"": ""pass"", ""isHome"": true, ""outcome"": true, ""keypass"": false}",,
1046795,Savinho,14025199,rating-breakdown,passes,passes,,,,Manchester City,62.0,,81.7,5.2,79.3,20.1,True,True,1,boolean_field,success,True,,False,False,pass,rating-breakdown,True,81.7,5.2,79.3,20.1,pass,True,False,"{""playerCoordinates"": {""x"": 81.7, ""y"": 5.2}, ""passEndCoordinates"": {""x"": 79.3, ""y"": 20.1}, ""eventActionType"": ""pass"", ""isHome"": true, ""outcome"": true, ""keypass"": false}",,
1046795,Savinho,14025199,rating-breakdown,passes,passes,,,,Manchester City,62.0,,79.8,6.7,72,10.5,True,True,1,boolean_field,success,True,,False,False,pass,rating-breakdown,True,79.8,6.7,72,10.5,pass,True,False,"{""playerCoordinates"": {""x"": 79.8, ""y"": 6.7}, ""passEndCoordinates"": {""x"": 72, ""y"": 10.5}, ""eventActionType"": ""pass"", ""isHome"": true, ""outcome"": true, ""keypass"": false}",,
1046795,Savinho,14025199,rating-breakdown,passes,passes,,,,Manchester City,62.0,,72.1,8,73.5,30.1,True,True,1,boolean_field,success,True,,False,False,pass,rating-breakdown,True,72.1,8,73.5,30.1,pass,True,False,"{""playerCoordinates"": {""x"": 72.1, ""y"": 8}, ""passEndCoordinates"": {""x"": 73.5, ""y"": 30.1}, ""eventActionType"": ""pass"", ""isHome"": true, ""outcome"": true, ""keypass"": false}",,
1046795,Savinho,14025199,rating-breakdown,passes,passes,,,,Manchester City,62.0,,88.5,15.3,84.9,6.9,True,True,1,boolean_field,success,True,,False,False,pass,rating-breakdown,True,88.5,15.3,84.9,6.9,pass,True,False,"{""playerCoordinates"": {""x"": 88.5, ""y"": 15.3}, ""passEndCoordinates"": {""x"": 84.9, ""y"": 6.9}, ""eventActionType"": ""pass"", ""isHome"": true, ""outcome"": true, ""keypass"": false}",,
1046795,Savinho,14025199,rating-breakdown,passes,passes,,,,Manchester City,62.0,,86,16,76.5,19.6,True,True,1,boolean_field,success,True,,False,False,pass,rating-breakdown,True,86,16,76.5,19.6,pass,True,False,"{""playerCoordinates"": {""x"": 86, ""y"": 16}, ""passEndCoordinates"": {""x"": 76.5, ""y"": 19.6}, ""eventActionType"": ""pass"", ""isHome"": true, ""outcome"": true, ""keypass"": false}",,
1046795,Savinho,14025199,rating-breakdown,passes,passes,,,,Manchester City,62.0,,87.9,15.8,77.4,27.6,True,True,1,boolean_field,success,True,,False,False,pass,rating-breakdown,True,87.9,15.8,77.4,27.6,pass,True,False,"{""playerCoordinates"": {""x"": 87.9, ""y"": 15.8}, ""passEndCoordinates"": {""x"": 77.4, ""y"": 27.6}, ""eventActionType"": ""pass"", ""isHome"": true, ""outcome"": true, ""keypass"": false}",,
1046795,Savinho,14025199,rating-breakdown,passes,passes,,,,Manchester City,62.0,,86.9,12.6,96.9,27.3,True,True,1,boolean_field,success,True,,False,False,pass,rating-breakdown,True,86.9,12.6,96.9,27.3,pass,True,False,"{""playerCoordinates"": {""x"": 86.9, ""y"": 12.6}, ""passEndCoordinates"": {""x"": 96.9, ""y"": 27.3}, ""eventActionType"": ""pass"", ""isHome"": true, ""outcome"": true, ""keypass"": false}",,
1046795,Savinho,14025199,rating-breakdown,passes,passes,,,,Manchester City,62.0,,85,26,88.8,37.2,,,,unresolvable,,,,False,False,pass,rating-breakdown,True,85,26,88.8,37.2,cross,True,False,"{""playerCoordinates"": {""x"": 85, ""y"": 26}, ""passEndCoordinates"": {""x"": 88.8, ""y"": 37.2}, ""eventActionType"": ""cross"", ""isHome"": true, ""keypass"": false}",,
1046795,Savinho,14025199,rating-breakdown,passes,passes,,,,Manchester City,62.0,,63.6,4.6,61.3,11.4,True,True,1,boolean_field,success,True,,False,False,pass,rating-breakdown,True,63.6,4.6,61.3,11.4,pass,True,False,"{""playerCoordinates"": {""x"": 63.6, ""y"": 4.6}, ""passEndCoordinates"": {""x"": 61.3, ""y"": 11.4}, ""eventActionType"": ""pass"", ""isHome"": true, ""outcome"": true, ""keypass"": false}",,
1046795,Savinho,14025199,rating-breakdown,passes,passes,,,,Manchester City,62.0,,77.1,7.5,77.2,25.8,True,True,1,boolean_field,success,True,,False,False,pass,rating-breakdown,True,77.1,7.5,77.2,25.8,pass,True,False,"{""playerCoordinates"": {""x"": 77.1, ""y"": 7.5}, ""passEndCoordinates"": {""x"": 77.2, ""y"": 25.8}, ""eventActionType"": ""pass"", ""isHome"": true, ""outcome"": true, ""keypass"": false}",,
1046795,Savinho,14025199,rating-breakdown,dribbles,dribbles,,,,Manchester City,62.0,,86.6,14.1,,,True,True,1,boolean_field,success,,True,False,False,,rating-breakdown,True,86.6,14.1,,,dribble,True,False,"{""playerCoordinates"": {""x"": 86.6, ""y"": 14.1}, ""eventActionType"": ""dribble"", ""isHome"": true, ""outcome"": true, ""keypass"": false}",,
1046795,Savinho,14025199,rating-breakdown,dribbles,dribbles,,,,Manchester City,62.0,,93,8.6,,,,,,unresolvable,,,,False,False,,rating-breakdown,True,93,8.6,,,dribble,True,False,"{""playerCoordinates"": {""x"": 93, ""y"": 8.6}, ""eventActionType"": ""dribble"", ""isHome"": true, ""keypass"": false}",,
1046795,Savinho,14025199,rating-breakdown,defensive,defensive,,,,Manchester City,62.0,,69.5,8.2,,,True,True,1,boolean_field,success,,True,False,False,,rating-breakdown,True,69.5,8.2,,,ball-recovery,True,False,"{""playerCoordinates"": {""x"": 69.5, ""y"": 8.2}, ""eventActionType"": ""ball-recovery"", ""isHome"": true, ""outcome"": true, ""keypass"": false}",,
1046795,Savinho,14025219,rating-breakdown,passes,passes,,,,Manchester City,90.0,,70.8,94.3,68.3,85.3,True,True,1,boolean_field,success,True,,False,False,pass,rating-breakdown,True,70.8,94.3,68.3,85.3,pass,False,False,"{""playerCoordinates"": {""x"": 70.8, ""y"": 94.3}, ""passEndCoordinates"": {""x"": 68.3, ""y"": 85.3}, ""eventActionType"": ""pass"", ""isHome"": false, ""outcome"": true, ""keypass"": false}",,
1046795,Savinho,14025219,rating-breakdown,passes,passes,,,,Manchester City,90.0,,35.3,97.9,40.2,93.4,,,,unresolvable,,,,False,False,pass,rating-breakdown,True,35.3,97.9,40.2,93.4,pass,False,False,"{""playerCoordinates"": {""x"": 35.3, ""y"": 97.9}, ""passEndCoordinates"": {""x"": 40.2, ""y"": 93.4}, ""eventActionType"": ""pass"", ""isHome"": false, ""keypass"": false}",,
1046795,Savinho,14025219,rating-breakdown,passes,passes,,,,Manchester City,90.0,,62.1,97.2,58.8,84.3,True,True,1,boolean_field,success,True,,False,False,pass,rating-breakdown,True,62.1,97.2,58.8,84.3,pass,False,False,"{""playerCoordinates"": {""x"": 62.1, ""y"": 97.2}, ""passEndCoordinates"": {""x"": 58.8, ""y"": 84.3}, ""eventActionType"": ""pass"", ""isHome"": false, ""outcome"": true, ""keypass"": false}",,
1046795,Savinho,14025219,rating-breakdown,passes,passes,,,,Manchester City,90.0,,88.2,94,78.2,87.9,True,True,1,boolean_field,success,True,,False,False,pass,rating-breakdown,True,88.2,94,78.2,87.9,pass,False,False,"{""playerCoordinates"": {""x"": 88.2, ""y"": 94}, ""passEndCoordinates"": {""x"": 78.2, ""y"": 87.9}, ""eventActionType"": ""pass"", ""isHome"": false, ""outcome"": true, ""keypass"": false}",,
1046795,Savinho,14025219,rating-breakdown,passes,passes,,,,Manchester City,90.0,,66.5,94.6,63.6,76,True,True,1,boolean_field,success,True,,False,False,pass,rating-breakdown,True,66.5,94.6,63.6,76,pass,False,False,"{""playerCoordinates"": {""x"": 66.5, ""y"": 94.6}, ""passEndCoordinates"": {""x"": 63.6, ""y"": 76}, ""eventActionType"": ""pass"", ""isHome"": false, ""outcome"": true, ""keypass"": false}",,
1046795,Savinho,14025219,rating-breakdown,passes,passes,,,,Manchester City,90.0,,33,96.3,26.6,81.7,True,True,1,boolean_field,success,True,,False,False,pass,rating-breakdown,True,33,96.3,26.6,81.7,pass,False,False,"{""playerCoordinates"": {""x"": 33, ""y"": 96.3}, ""passEndCoordinates"": {""x"": 26.6, ""y"": 81.7}, ""eventActionType"": ""pass"", ""isHome"": false, ""outcome"": true, ""keypass"": false}",,
1046795,Savinho,14025219,rating-breakdown,passes,passes,,,,Manchester City,90.0,,68.3,92.4,66.1,71.5,True,True,1,boolean_field,success,True,,False,False,pass,rating-breakdown,True,68.3,92.4,66.1,71.5,pass,False,False,"{""playerCoordinates"": {""x"": 68.3, ""y"": 92.4}, ""passEndCoordinates"": {""x"": 66.1, ""y"": 71.5}, ""eventActionType"": ""pass"", ""isHome"": false, ""outcome"": true, ""keypass"": false}",,
1046795,Savinho,14025219,rating-breakdown,passes,passes,,,,Manchester City,90.0,,70.7,80.7,68.4,70.8,True,True,1,boolean_field,success,True,,False,False,pass,rating-breakdown,True,70.7,80.7,68.4,70.8,pass,False,False,"{""playerCoordinates"": {""x"": 70.7, ""y"": 80.7}, ""passEndCoordinates"": {""x"": 68.4, ""y"": 70.8}, ""eventActionType"": ""pass"", ""isHome"": false, ""outcome"": true, ""keypass"": false}",,
1046795,Savinho,14025219,rating-breakdown,passes,passes,,,,Manchester City,90.0,,77.3,95.8,64.4,84.7,True,True,1,boolean_field,success,True,,False,False,pass,rating-breakdown,True,77.3,95.8,64.4,84.7,pass,False,False,"{""playerCoordinates"": {""x"": 77.3, ""y"": 95.8}, ""passEndCoordinates"": {""x"": 64.4, ""y"": 84.7}, ""eventActionType"": ""pass"", ""isHome"": false, ""outcome"": true, ""keypass"": false}",,
1046795,Savinho,14025219,rating-breakdown,passes,passes,,,,Manchester City,90.0,,64.3,83.1,63.4,62.7,True,True,1,boolean_field,success,True,,False,False,pass,rating-breakdown,True,64.3,83.1,63.4,62.7,pass,False,False,"{""playerCoordinates"": {""x"": 64.3, ""y"": 83.1}, ""passEndCoordinates"": {""x"": 63.4, ""y"": 62.7}, ""eventActionType"": ""pass"", ""isHome"": false, ""outcome"": true, ""keypass"": false}",,
1046795,Savinho,14025219,rating-breakdown,passes,passes,,,,Manchester City,90.0,,60.6,81.1,56.3,53.8,True,True,1,boolean_field,success,True,,False,False,pass,rating-breakdown,True,60.6,81.1,56.3,53.8,pass,False,False,"{""playerCoordinates"": {""x"": 60.6, ""y"": 81.1}, ""passEndCoordinates"": {""x"": 56.3, ""y"": 53.8}, ""eventActionType"": ""pass"", ""isHome"": false, ""outcome"": true, ""keypass"": false}",,
1046795,Savinho,14025219,rating-breakdown,passes,passes,,,,Manchester City,90.0,,61,42.6,46.2,56.1,True,True,1,boolean_field,success,True,,False,False,pass,rating-breakdown,True,61,42.6,46.2,56.1,pass,False,False,"{""playerCoordinates"": {""x"": 61, ""y"": 42.6}, ""passEndCoordinates"": {""x"": 46.2, ""y"": 56.1}, ""eventActionType"": ""pass"", ""isHome"": false, ""outcome"": true, ""keypass"": false}",,
1046795,Savinho,14025219,rating-breakdown,passes,passes,,,,Manchester City,90.0,,51.6,94,45.2,69.1,True,True,1,boolean_field,success,True,,False,False,pass,rating-breakdown,True,51.6,94,45.2,69.1,pass,False,False,"{""playerCoordinates"": {""x"": 51.6, ""y"": 94}, ""passEndCoordinates"": {""x"": 45.2, ""y"": 69.1}, ""eventActionType"": ""pass"", ""isHome"": false, ""outcome"": true, ""keypass"": false}",,
1046795,Savinho,14025219,rating-breakdown,passes,passes,,,,Manchester City,90.0,,62.1,77.2,57,50.2,True,True,1,boolean_field,success,True,,False,False,pass,rating-breakdown,True,62.1,77.2,57,50.2,pass,False,False,"{""playerCoordinates"": {""x"": 62.1, ""y"": 77.2}, ""passEndCoordinates"": {""x"": 57, ""y"": 50.2}, ""eventActionType"": ""pass"", ""isHome"": false, ""outcome"": true, ""keypass"": false}",,
1046795,Savinho,14025219,rating-breakdown,passes,passes,,,,Manchester City,90.0,,73.1,95.2,75.9,75,True,True,1,boolean_field,success,True,,False,False,pass,rating-breakdown,True,73.1,95.2,75.9,75,pass,False,False,"{""playerCoordinates"": {""x"": 73.1, ""y"": 95.2}, ""passEndCoordinates"": {""x"": 75.9, ""y"": 75}, ""eventActionType"": ""pass"", ""isHome"": false, ""outcome"": true, ""keypass"": false}",,
1046795,Savinho,14025219,rating-breakdown,passes,passes,,,,Manchester City,90.0,,90.5,90.1,90.8,87.4,,,,unresolvable,,,,False,False,pass,rating-breakdown,True,90.5,90.1,90.8,87.4,cross,False,False,"{""playerCoordinates"": {""x"": 90.5, ""y"": 90.1}, ""passEndCoordinates"": {""x"": 90.8, ""y"": 87.4}, ""eventActionType"": ""cross"", ""isHome"": false, ""keypass"": false}",,
1046795,Savinho,14025219,rating-breakdown,passes,passes,,,,Manchester City,90.0,,67.9,60.6,60.6,41.4,True,True,1,boolean_field,success,True,,False,False,pass,rating-breakdown,True,67.9,60.6,60.6,41.4,pass,False,False,"{""playerCoordinates"": {""x"": 67.9, ""y"": 60.6}, ""passEndCoordinates"": {""x"": 60.6, ""y"": 41.4}, ""eventActionType"": ""pass"", ""isHome"": false, ""outcome"": true, ""keypass"": false}",,
1046795,Savinho,14025219,rating-breakdown,passes,passes,,,,Manchester City,90.0,,61.3,90.6,46.7,85.5,True,True,1,boolean_field,success,True,,False,False,pass,rating-breakdown,True,61.3,90.6,46.7,85.5,pass,False,False,"{""playerCoordinates"": {""x"": 61.3, ""y"": 90.6}, ""passEndCoordinates"": {""x"": 46.7, ""y"": 85.5}, ""eventActionType"": ""pass"", ""isHome"": false, ""outcome"": true, ""keypass"": false}",,
1046795,Savinho,14025219,rating-breakdown,passes,passes,,,,Manchester City,90.0,,78.7,96.4,90.9,89.8,True,True,1,boolean_field,success,True,,False,False,pass,rating-breakdown,True,78.7,96.4,90.9,89.8,pass,False,False,"{""playerCoordinates"": {""x"": 78.7, ""y"": 96.4}, ""passEndCoordinates"": {""x"": 90.9, ""y"": 89.8}, ""eventActionType"": ""pass"", ""isHome"": false, ""outcome"": true, ""keypass"": false}",,
1046795,Savinho,14025219,rating-breakdown,passes,passes,,,,Manchester City,90.0,,75.7,91.8,69.8,81.7,True,True,1,boolean_field,success,True,,False,False,pass,rating-breakdown,True,75.7,91.8,69.8,81.7,pass,False,False,"{""playerCoordinates"": {""x"": 75.7, ""y"": 91.8}, ""passEndCoordinates"": {""x"": 69.8, ""y"": 81.7}, ""eventActionType"": ""pass"", ""isHome"": false, ""outcome"": true, ""keypass"": false}",,
1046795,Savinho,14025219,rating-breakdown,passes,passes,,,,Manchester City,90.0,,77.2,96.3,76.4,87.9,True,True,1,boolean_field,success,True,,False,False,pass,rating-breakdown,True,77.2,96.3,76.4,87.9,pass,False,False,"{""playerCoordinates"": {""x"": 77.2, ""y"": 96.3}, ""passEndCoordinates"": {""x"": 76.4, ""y"": 87.9}, ""eventActionType"": ""pass"", ""isHome"": false, ""outcome"": true, ""keypass"": false}",,
1046795,Savinho,14025219,rating-breakdown,passes,passes,,,,Manchester City,90.0,,65.2,83.2,66.2,60.1,True,True,1,boolean_field,success,True,,False,False,pass,rating-breakdown,True,65.2,83.2,66.2,60.1,pass,False,False,"{""playerCoordinates"": {""x"": 65.2, ""y"": 83.2}, ""passEndCoordinates"": {""x"": 66.2, ""y"": 60.1}, ""eventActionType"": ""pass"", ""isHome"": false, ""outcome"": true, ""keypass"": false}",,
1046795,Savinho,14025219,rating-breakdown,passes,passes,,,,Manchester City,90.0,,80.3,86.4,96.6,71.4,True,True,1,boolean_field,success,True,,False,False,pass,rating-breakdown,True,80.3,86.4,96.6,71.4,pass,False,False,"{""playerCoordinates"": {""x"": 80.3, ""y"": 86.4}, ""passEndCoordinates"": {""x"": 96.6, ""y"": 71.4}, ""eventActionType"": ""pass"", ""isHome"": false, ""outcome"": true, ""keypass"": false}",,
1046795,Savinho,14025219,rating-breakdown,passes,passes,,,,Manchester City,90.0,,71.4,94.6,55.7,73.3,True,True,1,boolean_field,success,True,,False,False,pass,rating-breakdown,True,71.4,94.6,55.7,73.3,pass,False,False,"{""playerCoordinates"": {""x"": 71.4, ""y"": 94.6}, ""passEndCoordinates"": {""x"": 55.7, ""y"": 73.3}, ""eventActionType"": ""pass"", ""isHome"": false, ""outcome"": true, ""keypass"": false}",,
1046795,Savinho,14025219,rating-breakdown,passes,passes,,,,Manchester City,90.0,,73.8,91.2,60,72.4,True,True,1,boolean_field,success,True,,False,False,pass,rating-breakdown,True,73.8,91.2,60,72.4,pass,False,False,"{""playerCoordinates"": {""x"": 73.8, ""y"": 91.2}, ""passEndCoordinates"": {""x"": 60, ""y"": 72.4}, ""eventActionType"": ""pass"", ""isHome"": false, ""outcome"": true, ""keypass"": false}",,
1046795,Savinho,14025219,rating-breakdown,passes,passes,,,,Manchester City,90.0,,44.3,88.5,35.4,87.6,True,True,1,boolean_field,success,True,,False,False,pass,rating-breakdown,True,44.3,88.5,35.4,87.6,pass,False,False,"{""playerCoordinates"": {""x"": 44.3, ""y"": 88.5}, ""passEndCoordinates"": {""x"": 35.4, ""y"": 87.6}, ""eventActionType"": ""pass"", ""isHome"": false, ""outcome"": true, ""keypass"": false}",,
1046795,Savinho,14025219,rating-breakdown,passes,passes,,,,Manchester City,90.0,,66.4,57.6,66.9,56.4,,,,unresolvable,,,,False,False,pass,rating-breakdown,True,66.4,57.6,66.9,56.4,pass,False,False,"{""playerCoordinates"": {""x"": 66.4, ""y"": 57.6}, ""passEndCoordinates"": {""x"": 66.9, ""y"": 56.4}, ""eventActionType"": ""pass"", ""isHome"": false, ""keypass"": false}",,
1046795,Savinho,14025219,rating-breakdown,passes,passes,,,,Manchester City,90.0,,35.8,91,31.5,88.2,True,True,1,boolean_field,success,True,,False,False,pass,rating-breakdown,True,35.8,91,31.5,88.2,pass,False,False,"{""playerCoordinates"": {""x"": 35.8, ""y"": 91}, ""passEndCoordinates"": {""x"": 31.5, ""y"": 88.2}, ""eventActionType"": ""pass"", ""isHome"": false, ""outcome"": true, ""keypass"": false}",,
1046795,Savinho,14025219,rating-breakdown,passes,passes,,,,Manchester City,90.0,,32.6,76.3,22.1,68.2,True,True,1,boolean_field,success,True,,False,False,pass,rating-breakdown,True,32.6,76.3,22.1,68.2,pass,False,False,"{""playerCoordinates"": {""x"": 32.6, ""y"": 76.3}, ""passEndCoordinates"": {""x"": 22.1, ""y"": 68.2}, ""eventActionType"": ""pass"", ""isHome"": false, ""outcome"": true, ""keypass"": false}",,
1046795,Savinho,14025219,rating-breakdown,passes,passes,,,,Manchester City,90.0,,64.1,92.1,64.8,74.7,True,True,1,boolean_field,success,True,,False,False,pass,rating-breakdown,True,64.1,92.1,64.8,74.7,pass,False,False,"{""playerCoordinates"": {""x"": 64.1, ""y"": 92.1}, ""passEndCoordinates"": {""x"": 64.8, ""y"": 74.7}, ""eventActionType"": ""pass"", ""isHome"": false, ""outcome"": true, ""keypass"": false}",,
1046795,Savinho,14025219,rating-breakdown,passes,passes,,,,Manchester City,90.0,,64.2,90.9,70.8,91.8,True,True,1,boolean_field,success,True,,False,False,pass,rating-breakdown,True,64.2,90.9,70.8,91.8,pass,False,False,"{""playerCoordinates"": {""x"": 64.2, ""y"": 90.9}, ""passEndCoordinates"": {""x"": 70.8, ""y"": 91.8}, ""eventActionType"": ""pass"", ""isHome"": false, ""outcome"": true, ""keypass"": false}",,
1046795,Savinho,14025219,rating-breakdown,passes,passes,,,,Manchester City,90.0,,63.1,85.6,57.3,75.3,True,True,1,boolean_field,success,True,,False,False,pass,rating-breakdown,True,63.1,85.6,57.3,75.3,pass,False,False,"{""playerCoordinates"": {""x"": 63.1, ""y"": 85.6}, ""passEndCoordinates"": {""x"": 57.3, ""y"": 75.3}, ""eventActionType"": ""pass"", ""isHome"": false, ""outcome"": true, ""keypass"": false}",,
1046795,Savinho,14025219,rating-breakdown,passes,passes,,,,Manchester City,90.0,,73,87.6,73.7,72.6,True,True,1,boolean_field,success,True,,False,False,pass,rating-breakdown,True,73,87.6,73.7,72.6,pass,False,False,"{""playerCoordinates"": {""x"": 73, ""y"": 87.6}, ""passEndCoordinates"": {""x"": 73.7, ""y"": 72.6}, ""eventActionType"": ""pass"", ""isHome"": false, ""outcome"": true, ""keypass"": false}",,
1046795,Savinho,14025219,rating-breakdown,passes,passes,,,,Manchester City,90.0,,70.4,77.7,60.7,67.9,True,True,1,boolean_field,success,True,,False,False,pass,rating-breakdown,True,70.4,77.7,60.7,67.9,pass,False,False,"{""playerCoordinates"": {""x"": 70.4, ""y"": 77.7}, ""passEndCoordinates"": {""x"": 60.7, ""y"": 67.9}, ""eventActionType"": ""pass"", ""isHome"": false, ""outcome"": true, ""keypass"": false}",,
1046795,Savinho,14025219,rating-breakdown,passes,passes,,,,Manchester City,90.0,,67.3,89.8,55.2,72.4,True,True,1,boolean_field,success,True,,False,False,pass,rating-breakdown,True,67.3,89.8,55.2,72.4,pass,False,False,"{""playerCoordinates"": {""x"": 67.3, ""y"": 89.8}, ""passEndCoordinates"": {""x"": 55.2, ""y"": 72.4}, ""eventActionType"": ""pass"", ""isHome"": false, ""outcome"": true, ""keypass"": false}",,
1046795,Savinho,14025219,rating-breakdown,passes,passes,,,,Manchester City,90.0,,21.7,86.5,15.5,72.1,True,True,1,boolean_field,success,True,,False,False,pass,rating-breakdown,True,21.7,86.5,15.5,72.1,pass,False,False,"{""playerCoordinates"": {""x"": 21.7, ""y"": 86.5}, ""passEndCoordinates"": {""x"": 15.5, ""y"": 72.1}, ""eventActionType"": ""pass"", ""isHome"": false, ""outcome"": true, ""keypass"": false}",,
1046795,Savinho,14025219,rating-breakdown,passes,passes,,,,Manchester City,90.0,,65.9,15.9,78.9,36.7,,,,unresolvable,,,,False,False,pass,rating-breakdown,True,65.9,15.9,78.9,36.7,pass,False,False,"{""playerCoordinates"": {""x"": 65.9, ""y"": 15.9}, ""passEndCoordinates"": {""x"": 78.9, ""y"": 36.7}, ""eventActionType"": ""pass"", ""isHome"": false, ""keypass"": false}",,
1046795,Savinho,14025219,rating-breakdown,passes,passes,,,,Manchester City,90.0,,87.5,85.6,96.4,41.5,,,,unresolvable,,,,False,False,pass,rating-breakdown,True,87.5,85.6,96.4,41.5,cross,False,False,"{""playerCoordinates"": {""x"": 87.5, ""y"": 85.6}, ""passEndCoordinates"": {""x"": 96.4, ""y"": 41.5}, ""eventActionType"": ""cross"", ""isHome"": false, ""keypass"": false}",,
1046795,Savinho,14025219,rating-breakdown,passes,passes,,,,Manchester City,90.0,,76.2,90.9,71.3,77.2,True,True,1,boolean_field,success,True,,False,False,pass,rating-breakdown,True,76.2,90.9,71.3,77.2,pass,False,False,"{""playerCoordinates"": {""x"": 76.2, ""y"": 90.9}, ""passEndCoordinates"": {""x"": 71.3, ""y"": 77.2}, ""eventActionType"": ""pass"", ""isHome"": false, ""outcome"": true, ""keypass"": false}",,
1046795,Savinho,14025219,rating-breakdown,passes,passes,,,,Manchester City,90.0,,64.9,92.7,45.5,65.4,True,True,1,boolean_field,success,True,,False,False,pass,rating-breakdown,True,64.9,92.7,45.5,65.4,pass,False,False,"{""playerCoordinates"": {""x"": 64.9, ""y"": 92.7}, ""passEndCoordinates"": {""x"": 45.5, ""y"": 65.4}, ""eventActionType"": ""pass"", ""isHome"": false, ""outcome"": true, ""keypass"": false}",,
1046795,Savinho,14025219,rating-breakdown,passes,passes,,,,Manchester City,90.0,,68.7,91.9,58.4,73.8,True,True,1,boolean_field,success,True,,False,False,pass,rating-breakdown,True,68.7,91.9,58.4,73.8,pass,False,False,"{""playerCoordinates"": {""x"": 68.7, ""y"": 91.9}, ""passEndCoordinates"": {""x"": 58.4, ""y"": 73.8}, ""eventActionType"": ""pass"", ""isHome"": false, ""outcome"": true, ""keypass"": false}",,
1046795,Savinho,14025219,rating-breakdown,passes,passes,,,,Manchester City,90.0,,69.4,4.6,63.8,19.2,True,True,1,boolean_field,success,True,,False,False,pass,rating-breakdown,True,69.4,4.6,63.8,19.2,pass,False,False,"{""playerCoordinates"": {""x"": 69.4, ""y"": 4.6}, ""passEndCoordinates"": {""x"": 63.8, ""y"": 19.2}, ""eventActionType"": ""pass"", ""isHome"": false, ""outcome"": true, ""keypass"": false}",,
1046795,Savinho,14025219,rating-breakdown,passes,passes,,,,Manchester City,90.0,,86.3,9.6,74.6,21.7,True,True,1,boolean_field,success,True,,False,False,pass,rating-breakdown,True,86.3,9.6,74.6,21.7,pass,False,False,"{""playerCoordinates"": {""x"": 86.3, ""y"": 9.6}, ""passEndCoordinates"": {""x"": 74.6, ""y"": 21.7}, ""eventActionType"": ""pass"", ""isHome"": false, ""outcome"": true, ""keypass"": false}",,
1046795,Savinho,14025219,rating-breakdown,passes,passes,,,,Manchester City,90.0,,82.8,11.7,75.8,17.4,True,True,1,boolean_field,success,True,,False,False,pass,rating-breakdown,True,82.8,11.7,75.8,17.4,pass,False,False,"{""playerCoordinates"": {""x"": 82.8, ""y"": 11.7}, ""passEndCoordinates"": {""x"": 75.8, ""y"": 17.4}, ""eventActionType"": ""pass"", ""isHome"": false, ""outcome"": true, ""keypass"": false}",,
1046795,Savinho,14025219,rating-breakdown,passes,passes,,,,Manchester City,90.0,,84.6,7.8,77.2,13.8,True,True,1,boolean_field,success,True,,False,False,pass,rating-breakdown,True,84.6,7.8,77.2,13.8,pass,False,False,"{""playerCoordinates"": {""x"": 84.6, ""y"": 7.8}, ""passEndCoordinates"": {""x"": 77.2, ""y"": 13.8}, ""eventActionType"": ""pass"", ""isHome"": false, ""outcome"": true, ""keypass"": false}",,
1046795,Savinho,14025219,rating-breakdown,passes,passes,,,,Manchester City,90.0,,81.3,2.5,83.7,2.5,,,,unresolvable,,,,False,False,pass,rating-breakdown,True,81.3,2.5,83.7,2.5,pass,False,False,"{""playerCoordinates"": {""x"": 81.3, ""y"": 2.5}, ""passEndCoordinates"": {""x"": 83.7, ""y"": 2.5}, ""eventActionType"": ""pass"", ""isHome"": false, ""keypass"": false}",,
1046795,Savinho,14025219,rating-breakdown,passes,passes,,,,Manchester City,90.0,,70.1,4.9,68,29.4,True,True,1,boolean_field,success,True,,False,False,pass,rating-breakdown,True,70.1,4.9,68,29.4,pass,False,False,"{""playerCoordinates"": {""x"": 70.1, ""y"": 4.9}, ""passEndCoordinates"": {""x"": 68, ""y"": 29.4}, ""eventActionType"": ""pass"", ""isHome"": false, ""outcome"": true, ""keypass"": false}",,
1046795,Savinho,14025219,rating-breakdown,passes,passes,,,,Manchester City,90.0,,4.4,5.8,42.9,22.6,True,True,1,boolean_field,success,True,,False,False,pass,rating-breakdown,True,4.4,5.8,42.9,22.6,pass,False,False,"{""playerCoordinates"": {""x"": 4.4, ""y"": 5.8}, ""passEndCoordinates"": {""x"": 42.9, ""y"": 22.6}, ""eventActionType"": ""pass"", ""isHome"": false, ""outcome"": true, ""keypass"": false, ""isLongBall"": true}",True,
1046795,Savinho,14025219,rating-breakdown,passes,passes,,,,Manchester City,90.0,,26.4,33.7,30.7,42.9,True,True,1,boolean_field,success,True,,False,False,pass,rating-breakdown,True,26.4,33.7,30.7,42.9,pass,False,False,"{""playerCoordinates"": {""x"": 26.4, ""y"": 33.7}, ""passEndCoordinates"": {""x"": 30.7, ""y"": 42.9}, ""eventActionType"": ""pass"", ""isHome"": false, ""outcome"": true, ""keypass"": false}",,
1046795,Savinho,14025219,rating-breakdown,passes,passes,,,,Manchester City,90.0,,86.3,26.2,79.8,27.4,True,True,1,boolean_field,success,True,,False,False,pass,rating-breakdown,True,86.3,26.2,79.8,27.4,pass,False,False,"{""playerCoordinates"": {""x"": 86.3, ""y"": 26.2}, ""passEndCoordinates"": {""x"": 79.8, ""y"": 27.4}, ""eventActionType"": ""pass"", ""isHome"": false, ""outcome"": true, ""keypass"": false}",,
1046795,Savinho,14025219,rating-breakdown,passes,passes,,,,Manchester City,90.0,,87.1,6.4,74.5,6.9,True,True,1,boolean_field,success,True,,False,False,pass,rating-breakdown,True,87.1,6.4,74.5,6.9,pass,False,False,"{""playerCoordinates"": {""x"": 87.1, ""y"": 6.4}, ""passEndCoordinates"": {""x"": 74.5, ""y"": 6.9}, ""eventActionType"": ""pass"", ""isHome"": false, ""outcome"": true, ""keypass"": false}",,
1046795,Savinho,14025219,rating-breakdown,passes,passes,,,,Manchester City,90.0,,79.4,3.4,68.1,4.9,True,True,1,boolean_field,success,True,,False,False,pass,rating-breakdown,True,79.4,3.4,68.1,4.9,pass,False,False,"{""playerCoordinates"": {""x"": 79.4, ""y"": 3.4}, ""passEndCoordinates"": {""x"": 68.1, ""y"": 4.9}, ""eventActionType"": ""pass"", ""isHome"": false, ""outcome"": true, ""keypass"": false}",,
1046795,Savinho,14025219,rating-breakdown,passes,passes,,,,Manchester City,90.0,,62.8,10.5,72.2,14.8,True,True,1,boolean_field,success,True,,False,False,pass,rating-breakdown,True,62.8,10.5,72.2,14.8,pass,False,False,"{""playerCoordinates"": {""x"": 62.8, ""y"": 10.5}, ""passEndCoordinates"": {""x"": 72.2, ""y"": 14.8}, ""eventActionType"": ""pass"", ""isHome"": false, ""outcome"": true, ""keypass"": false}",,
1046795,Savinho,14025219,rating-breakdown,dribbles,dribbles,,,,Manchester City,90.0,,35.2,97.6,,,,,,unresolvable,,,,False,False,,rating-breakdown,True,35.2,97.6,,,dribble,False,False,"{""playerCoordinates"": {""x"": 35.2, ""y"": 97.6}, ""eventActionType"": ""dribble"", ""isHome"": false, ""keypass"": false}",,
1046795,Savinho,14025219,rating-breakdown,dribbles,dribbles,,,,Manchester City,90.0,,65.8,95.4,,,,,,unresolvable,,,,False,False,,rating-breakdown,True,65.8,95.4,,,dribble,False,False,"{""playerCoordinates"": {""x"": 65.8, ""y"": 95.4}, ""eventActionType"": ""dribble"", ""isHome"": false, ""keypass"": false}",,
1046795,Savinho,14025219,rating-breakdown,defensive,defensive,,,,Manchester City,90.0,,34.3,97,,,True,True,1,boolean_field,success,,True,False,False,,rating-breakdown,True,34.3,97,,,ball-recovery,False,False,"{""playerCoordinates"": {""x"": 34.3, ""y"": 97}, ""eventActionType"": ""ball-recovery"", ""isHome"": false, ""outcome"": true, ""keypass"": false}",,
1046795,Savinho,14025219,rating-breakdown,defensive,defensive,,,,Manchester City,90.0,,61,42.6,,,True,True,1,boolean_field,success,,True,False,False,,rating-breakdown,True,61,42.6,,,ball-recovery,False,False,"{""playerCoordinates"": {""x"": 61, ""y"": 42.6}, ""eventActionType"": ""ball-recovery"", ""isHome"": false, ""outcome"": true, ""keypass"": false}",,
1046795,Savinho,14025219,rating-breakdown,defensive,defensive,,,,Manchester City,90.0,,58.8,95.2,,,True,True,1,boolean_field,success,,True,False,False,,rating-breakdown,True,58.8,95.2,,,ball-recovery,False,False,"{""playerCoordinates"": {""x"": 58.8, ""y"": 95.2}, ""eventActionType"": ""ball-recovery"", ""isHome"": false, ""outcome"": true, ""keypass"": false}",,
1046795,Savinho,14025219,rating-breakdown,defensive,defensive,,,,Manchester City,90.0,,21.9,86.7,,,True,True,1,boolean_field,success,,True,False,False,,rating-breakdown,True,21.9,86.7,,,ball-recovery,False,False,"{""playerCoordinates"": {""x"": 21.9, ""y"": 86.7}, ""eventActionType"": ""ball-recovery"", ""isHome"": false, ""outcome"": true, ""keypass"": false}",,
1046795,Savinho,14025219,rating-breakdown,defensive,defensive,,,,Manchester City,90.0,,3.3,2.2,,,True,True,1,boolean_field,success,,True,False,False,,rating-breakdown,True,3.3,2.2,,,ball-recovery,False,False,"{""playerCoordinates"": {""x"": 3.3, ""y"": 2.2}, ""eventActionType"": ""ball-recovery"", ""isHome"": false, ""outcome"": true, ""keypass"": false}",,
1046795,Savinho,14025219,rating-breakdown,defensive,defensive,,,,Manchester City,90.0,,26.4,33.7,,,True,True,1,boolean_field,success,,True,False,False,,rating-breakdown,True,26.4,33.7,,,ball-recovery,False,False,"{""playerCoordinates"": {""x"": 26.4, ""y"": 33.7}, ""eventActionType"": ""ball-recovery"", ""isHome"": false, ""outcome"": true, ""keypass"": false}",,
1046795,Savinho,14025219,rating-breakdown,defensive,defensive,,,,Manchester City,90.0,,40.3,22.3,,,True,True,1,boolean_field,success,,True,False,False,,rating-breakdown,True,40.3,22.3,,,ball-recovery,False,False,"{""playerCoordinates"": {""x"": 40.3, ""y"": 22.3}, ""eventActionType"": ""ball-recovery"", ""isHome"": false, ""outcome"": true, ""keypass"": false}",,
1046795,Savinho,14025243,rating-breakdown,passes,passes,,,,Manchester City,85.0,,27.8,21.3,25,29.7,True,True,1,boolean_field,success,True,,False,False,pass,rating-breakdown,True,27.8,21.3,25,29.7,pass,True,False,"{""playerCoordinates"": {""x"": 27.8, ""y"": 21.3}, ""passEndCoordinates"": {""x"": 25, ""y"": 29.7}, ""eventActionType"": ""pass"", ""isHome"": true, ""outcome"": true, ""keypass"": false}",,
1046795,Savinho,14025243,rating-breakdown,passes,passes,,,,Manchester City,85.0,,13.3,9.5,9.4,18.3,True,True,1,boolean_field,success,True,,False,False,pass,rating-breakdown,True,13.3,9.5,9.4,18.3,pass,True,False,"{""playerCoordinates"": {""x"": 13.3, ""y"": 9.5}, ""passEndCoordinates"": {""x"": 9.4, ""y"": 18.3}, ""eventActionType"": ""pass"", ""isHome"": true, ""outcome"": true, ""keypass"": false}",,
1046795,Savinho,14025243,rating-breakdown,passes,passes,,,,Manchester City,85.0,,58.7,9.7,53.5,44.1,True,True,1,boolean_field,success,True,,False,False,pass,rating-breakdown,True,58.7,9.7,53.5,44.1,pass,True,False,"{""playerCoordinates"": {""x"": 58.7, ""y"": 9.7}, ""passEndCoordinates"": {""x"": 53.5, ""y"": 44.1}, ""eventActionType"": ""pass"", ""isHome"": true, ""outcome"": true, ""keypass"": false}",,
1046795,Savinho,14025243,rating-breakdown,passes,passes,,,,Manchester City,85.0,,88.4,8.5,76.6,17.1,True,True,1,boolean_field,success,True,,False,False,pass,rating-breakdown,True,88.4,8.5,76.6,17.1,pass,True,False,"{""playerCoordinates"": {""x"": 88.4, ""y"": 8.5}, ""passEndCoordinates"": {""x"": 76.6, ""y"": 17.1}, ""eventActionType"": ""pass"", ""isHome"": true, ""outcome"": true, ""keypass"": false}",,
1046795,Savinho,14025243,rating-breakdown,passes,passes,,,,Manchester City,85.0,,94.4,33.6,89.4,90.2,,,,unresolvable,,,,False,False,pass,rating-breakdown,True,94.4,33.6,89.4,90.2,pass,True,False,"{""playerCoordinates"": {""x"": 94.4, ""y"": 33.6}, ""passEndCoordinates"": {""x"": 89.4, ""y"": 90.2}, ""eventActionType"": ""pass"", ""isHome"": true, ""keypass"": false, ""isLongBall"": true}",True,
1046795,Savinho,14025243,rating-breakdown,passes,passes,,,,Manchester City,85.0,,61.9,14.7,55,15.3,True,True,1,boolean_field,success,True,,False,False,pass,rating-breakdown,True,61.9,14.7,55,15.3,pass,True,False,"{""playerCoordinates"": {""x"": 61.9, ""y"": 14.7}, ""passEndCoordinates"": {""x"": 55, ""y"": 15.3}, ""eventActionType"": ""pass"", ""isHome"": true, ""outcome"": true, ""keypass"": false}",,
1046795,Savinho,14025243,rating-breakdown,passes,passes,,,,Manchester City,85.0,,63.4,20.4,59.3,31.4,True,True,1,boolean_field,success,True,,False,False,pass,rating-breakdown,True,63.4,20.4,59.3,31.4,pass,True,False,"{""playerCoordinates"": {""x"": 63.4, ""y"": 20.4}, ""passEndCoordinates"": {""x"": 59.3, ""y"": 31.4}, ""eventActionType"": ""pass"", ""isHome"": true, ""outcome"": true, ""keypass"": false}",,
1046795,Savinho,14025243,rating-breakdown,passes,passes,,,,Manchester City,85.0,,67.8,4.1,63.7,24.7,True,True,1,boolean_field,success,True,,False,False,pass,rating-breakdown,True,67.8,4.1,63.7,24.7,pass,True,False,"{""playerCoordinates"": {""x"": 67.8, ""y"": 4.1}, ""passEndCoordinates"": {""x"": 63.7, ""y"": 24.7}, ""eventActionType"": ""pass"", ""isHome"": true, ""outcome"": true, ""keypass"": false}",,
1046795,Savinho,14025243,rating-breakdown,passes,passes,,,,Manchester City,85.0,,73.3,6.2,66.1,13.3,True,True,1,boolean_field,success,True,,False,False,pass,rating-breakdown,True,73.3,6.2,66.1,13.3,pass,True,False,"{""playerCoordinates"": {""x"": 73.3, ""y"": 6.2}, ""passEndCoordinates"": {""x"": 66.1, ""y"": 13.3}, ""eventActionType"": ""pass"", ""isHome"": true, ""outcome"": true, ""keypass"": false}",,
1046795,Savinho,14025243,rating-breakdown,passes,passes,,,,Manchester City,85.0,,82,8.9,74.5,30.9,True,True,1,boolean_field,success,True,,False,False,pass,rating-breakdown,True,82,8.9,74.5,30.9,pass,True,False,"{""playerCoordinates"": {""x"": 82, ""y"": 8.9}, ""passEndCoordinates"": {""x"": 74.5, ""y"": 30.9}, ""eventActionType"": ""pass"", ""isHome"": true, ""outcome"": true, ""keypass"": false}",,
1046795,Savinho,14025243,rating-breakdown,passes,passes,,,,Manchester City,85.0,,58.6,5.9,52,5.4,True,True,1,boolean_field,success,True,,False,False,pass,rating-breakdown,True,58.6,5.9,52,5.4,pass,True,False,"{""playerCoordinates"": {""x"": 58.6, ""y"": 5.9}, ""passEndCoordinates"": {""x"": 52, ""y"": 5.4}, ""eventActionType"": ""pass"", ""isHome"": true, ""outcome"": true, ""keypass"": false}",,
1046795,Savinho,14025243,rating-breakdown,passes,passes,,,,Manchester City,85.0,,63.1,6.8,71,7.4,,,,unresolvable,,,,False,False,pass,rating-breakdown,True,63.1,6.8,71,7.4,pass,True,False,"{""playerCoordinates"": {""x"": 63.1, ""y"": 6.8}, ""passEndCoordinates"": {""x"": 71, ""y"": 7.4}, ""eventActionType"": ""pass"", ""isHome"": true, ""keypass"": false}",,
1046795,Savinho,14025243,rating-breakdown,passes,passes,,,,Manchester City,85.0,,73.3,23.2,70.3,34.8,,,,unresolvable,,,,False,False,pass,rating-breakdown,True,73.3,23.2,70.3,34.8,pass,True,False,"{""playerCoordinates"": {""x"": 73.3, ""y"": 23.2}, ""passEndCoordinates"": {""x"": 70.3, ""y"": 34.8}, ""eventActionType"": ""pass"", ""isHome"": true, ""keypass"": false}",,
1046795,Savinho,14025243,rating-breakdown,passes,passes,,,,Manchester City,85.0,,82.7,9.7,85.5,18.2,True,True,1,boolean_field,success,True,,False,False,pass,rating-breakdown,True,82.7,9.7,85.5,18.2,pass,True,False,"{""playerCoordinates"": {""x"": 82.7, ""y"": 9.7}, ""passEndCoordinates"": {""x"": 85.5, ""y"": 18.2}, ""eventActionType"": ""pass"", ""isHome"": true, ""outcome"": true, ""keypass"": false}",,
1046795,Savinho,14025243,rating-breakdown,passes,passes,,,,Manchester City,85.0,,91.3,8.3,79.9,13.6,True,True,1,boolean_field,success,True,,False,False,pass,rating-breakdown,True,91.3,8.3,79.9,13.6,pass,True,False,"{""playerCoordinates"": {""x"": 91.3, ""y"": 8.3}, ""passEndCoordinates"": {""x"": 79.9, ""y"": 13.6}, ""eventActionType"": ""pass"", ""isHome"": true, ""outcome"": true, ""keypass"": false}",,
1046795,Savinho,14025243,rating-breakdown,passes,passes,,,,Manchester City,85.0,,43.8,19.2,34.7,43.9,True,True,1,boolean_field,success,True,,False,False,pass,rating-breakdown,True,43.8,19.2,34.7,43.9,pass,True,False,"{""playerCoordinates"": {""x"": 43.8, ""y"": 19.2}, ""passEndCoordinates"": {""x"": 34.7, ""y"": 43.9}, ""eventActionType"": ""pass"", ""isHome"": true, ""outcome"": true, ""keypass"": false}",,
1046795,Savinho,14025243,rating-breakdown,passes,passes,,,,Manchester City,85.0,,57.4,7.6,42.8,23.8,True,True,1,boolean_field,success,True,,False,False,pass,rating-breakdown,True,57.4,7.6,42.8,23.8,pass,True,False,"{""playerCoordinates"": {""x"": 57.4, ""y"": 7.6}, ""passEndCoordinates"": {""x"": 42.8, ""y"": 23.8}, ""eventActionType"": ""pass"", ""isHome"": true, ""outcome"": true, ""keypass"": false}",,
1046795,Savinho,14025243,rating-breakdown,passes,passes,,,,Manchester City,85.0,,65.5,3.5,57.1,16.4,True,True,1,boolean_field,success,True,,False,False,pass,rating-breakdown,True,65.5,3.5,57.1,16.4,pass,True,False,"{""playerCoordinates"": {""x"": 65.5, ""y"": 3.5}, ""passEndCoordinates"": {""x"": 57.1, ""y"": 16.4}, ""eventActionType"": ""pass"", ""isHome"": true, ""outcome"": true, ""keypass"": false}",,
1046795,Savinho,14025243,rating-breakdown,passes,passes,,,,Manchester City,85.0,,77.1,22.6,82.6,7.2,True,True,1,boolean_field,success,True,,False,False,pass,rating-breakdown,True,77.1,22.6,82.6,7.2,pass,True,False,"{""playerCoordinates"": {""x"": 77.1, ""y"": 22.6}, ""passEndCoordinates"": {""x"": 82.6, ""y"": 7.2}, ""eventActionType"": ""pass"", ""isHome"": true, ""outcome"": true, ""keypass"": false}",,
1046795,Savinho,14025243,rating-breakdown,passes,passes,,,,Manchester City,85.0,,83.7,11.2,94.3,24.8,True,True,1,boolean_field,success,True,,False,False,pass,rating-breakdown,True,83.7,11.2,94.3,24.8,pass,True,False,"{""playerCoordinates"": {""x"": 83.7, ""y"": 11.2}, ""passEndCoordinates"": {""x"": 94.3, ""y"": 24.8}, ""eventActionType"": ""pass"", ""isHome"": true, ""outcome"": true, ""keypass"": false}",,
1046795,Savinho,14025243,rating-breakdown,passes,passes,,,,Manchester City,85.0,,86.2,3.1,53,26,True,True,1,boolean_field,success,True,,False,False,pass,rating-breakdown,True,86.2,3.1,53,26,pass,True,False,"{""playerCoordinates"": {""x"": 86.2, ""y"": 3.1}, ""passEndCoordinates"": {""x"": 53, ""y"": 26}, ""eventActionType"": ""pass"", ""isHome"": true, ""outcome"": true, ""keypass"": false, ""isLongBall"": true}",True,
1046795,Savinho,14025243,rating-breakdown,passes,passes,,,,Manchester City,85.0,,56.5,15.4,52.3,28,,,,unresolvable,,,,False,False,pass,rating-breakdown,True,56.5,15.4,52.3,28,pass,True,False,"{""playerCoordinates"": {""x"": 56.5, ""y"": 15.4}, ""passEndCoordinates"": {""x"": 52.3, ""y"": 28}, ""eventActionType"": ""pass"", ""isHome"": true, ""keypass"": false}",,
1046795,Savinho,14025243,rating-breakdown,passes,passes,,,,Manchester City,85.0,,58.5,9.2,51,40.6,True,True,1,boolean_field,success,True,,False,False,pass,rating-breakdown,True,58.5,9.2,51,40.6,pass,True,False,"{""playerCoordinates"": {""x"": 58.5, ""y"": 9.2}, ""passEndCoordinates"": {""x"": 51, ""y"": 40.6}, ""eventActionType"": ""pass"", ""isHome"": true, ""outcome"": true, ""keypass"": false}",,
1046795,Savinho,14025243,rating-breakdown,passes,passes,,,,Manchester City,85.0,,75.7,5.6,72,24.5,True,True,1,boolean_field,success,True,,False,False,pass,rating-breakdown,True,75.7,5.6,72,24.5,pass,True,False,"{""playerCoordinates"": {""x"": 75.7, ""y"": 5.6}, ""passEndCoordinates"": {""x"": 72, ""y"": 24.5}, ""eventActionType"": ""pass"", ""isHome"": true, ""outcome"": true, ""keypass"": false}",,
1046795,Savinho,14025243,rating-breakdown,passes,passes,,,,Manchester City,85.0,,66.8,3.2,64,16.8,True,True,1,boolean_field,success,True,,False,False,pass,rating-breakdown,True,66.8,3.2,64,16.8,pass,True,False,"{""playerCoordinates"": {""x"": 66.8, ""y"": 3.2}, ""passEndCoordinates"": {""x"": 64, ""y"": 16.8}, ""eventActionType"": ""pass"", ""isHome"": true, ""outcome"": true, ""keypass"": false}",,
1046795,Savinho,14025243,rating-breakdown,passes,passes,,,,Manchester City,85.0,,60.1,4.4,65.6,8.5,,,,unresolvable,,,,False,False,pass,rating-breakdown,True,60.1,4.4,65.6,8.5,pass,True,False,"{""playerCoordinates"": {""x"": 60.1, ""y"": 4.4}, ""passEndCoordinates"": {""x"": 65.6, ""y"": 8.5}, ""eventActionType"": ""pass"", ""isHome"": true, ""keypass"": false}",,
1046795,Savinho,14025243,rating-breakdown,passes,passes,,,,Manchester City,85.0,,89.2,72,85.9,63,True,True,1,boolean_field,success,True,,True,True,assist,rating-breakdown,True,89.2,72,85.9,63,pass,True,True,"{""playerCoordinates"": {""x"": 89.2, ""y"": 72}, ""passEndCoordinates"": {""x"": 85.9, ""y"": 63}, ""eventActionType"": ""pass"", ""isHome"": true, ""outcome"": true, ""keypass"": true, ""isAssist"": true}",,True
1046795,Savinho,14025243,rating-breakdown,passes,passes,,,,Manchester City,85.0,,69.2,86.7,52.8,72.1,True,True,1,boolean_field,success,True,,False,False,pass,rating-breakdown,True,69.2,86.7,52.8,72.1,pass,True,False,"{""playerCoordinates"": {""x"": 69.2, ""y"": 86.7}, ""passEndCoordinates"": {""x"": 52.8, ""y"": 72.1}, ""eventActionType"": ""pass"", ""isHome"": true, ""outcome"": true, ""keypass"": false}",,
1046795,Savinho,14025243,rating-breakdown,passes,passes,,,,Manchester City,85.0,,78.2,74,93.2,85.2,True,True,1,boolean_field,success,True,,False,False,pass,rating-breakdown,True,78.2,74,93.2,85.2,pass,True,False,"{""playerCoordinates"": {""x"": 78.2, ""y"": 74}, ""passEndCoordinates"": {""x"": 93.2, ""y"": 85.2}, ""eventActionType"": ""pass"", ""isHome"": true, ""outcome"": true, ""keypass"": false}",,
1046795,Savinho,14025243,rating-breakdown,passes,passes,,,,Manchester City,85.0,,80.7,64.3,75.9,68,True,True,1,boolean_field,success,True,,False,False,pass,rating-breakdown,True,80.7,64.3,75.9,68,pass,True,False,"{""playerCoordinates"": {""x"": 80.7, ""y"": 64.3}, ""passEndCoordinates"": {""x"": 75.9, ""y"": 68}, ""eventActionType"": ""pass"", ""isHome"": true, ""outcome"": true, ""keypass"": false}",,
1046795,Savinho,14025243,rating-breakdown,passes,passes,,,,Manchester City,85.0,,35.9,77.7,47.3,88.1,True,True,1,boolean_field,success,True,,False,False,pass,rating-breakdown,True,35.9,77.7,47.3,88.1,pass,True,False,"{""playerCoordinates"": {""x"": 35.9, ""y"": 77.7}, ""passEndCoordinates"": {""x"": 47.3, ""y"": 88.1}, ""eventActionType"": ""pass"", ""isHome"": true, ""outcome"": true, ""keypass"": false}",,
1046795,Savinho,14025243,rating-breakdown,passes,passes,,,,Manchester City,85.0,,76.2,70.8,91.7,61.5,,,,unresolvable,,,,False,False,pass,rating-breakdown,True,76.2,70.8,91.7,61.5,pass,True,False,"{""playerCoordinates"": {""x"": 76.2, ""y"": 70.8}, ""passEndCoordinates"": {""x"": 91.7, ""y"": 61.5}, ""eventActionType"": ""pass"", ""isHome"": true, ""keypass"": false}",,
1046795,Savinho,14025243,rating-breakdown,passes,passes,,,,Manchester City,85.0,,76.8,62,69.3,50.9,True,True,1,boolean_field,success,True,,False,False,pass,rating-breakdown,True,76.8,62,69.3,50.9,pass,True,False,"{""playerCoordinates"": {""x"": 76.8, ""y"": 62}, ""passEndCoordinates"": {""x"": 69.3, ""y"": 50.9}, ""eventActionType"": ""pass"", ""isHome"": true, ""outcome"": true, ""keypass"": false}",,
1046795,Savinho,14025243,rating-breakdown,passes,passes,,,,Manchester City,85.0,,75.4,67.1,69.9,52.9,True,True,1,boolean_field,success,True,,False,False,pass,rating-breakdown,True,75.4,67.1,69.9,52.9,pass,True,False,"{""playerCoordinates"": {""x"": 75.4, ""y"": 67.1}, ""passEndCoordinates"": {""x"": 69.9, ""y"": 52.9}, ""eventActionType"": ""pass"", ""isHome"": true, ""outcome"": true, ""keypass"": false}",,
1046795,Savinho,14025243,rating-breakdown,passes,passes,,,,Manchester City,85.0,,45.4,96.5,50.5,97.5,,,,unresolvable,,,,False,False,pass,rating-breakdown,True,45.4,96.5,50.5,97.5,pass,True,False,"{""playerCoordinates"": {""x"": 45.4, ""y"": 96.5}, ""passEndCoordinates"": {""x"": 50.5, ""y"": 97.5}, ""eventActionType"": ""pass"", ""isHome"": true, ""keypass"": false}",,
1046795,Savinho,14025243,rating-breakdown,passes,passes,,,,Manchester City,85.0,,90,78.1,93.7,51.2,True,True,1,boolean_field,success,True,,False,True,key_pass,rating-breakdown,True,90,78.1,93.7,51.2,cross,True,True,"{""playerCoordinates"": {""x"": 90, ""y"": 78.1}, ""passEndCoordinates"": {""x"": 93.7, ""y"": 51.2}, ""eventActionType"": ""cross"", ""isHome"": true, ""outcome"": true, ""keypass"": true}",,
1046795,Savinho,14025243,rating-breakdown,dribbles,dribbles,,,,Manchester City,85.0,,93,15.8,,,,,,unresolvable,,,,False,False,,rating-breakdown,True,93,15.8,,,dribble,True,False,"{""playerCoordinates"": {""x"": 93, ""y"": 15.8}, ""eventActionType"": ""dribble"", ""isHome"": true, ""keypass"": false}",,
1046795,Savinho,14025243,rating-breakdown,dribbles,dribbles,,,,Manchester City,85.0,,90.9,17.4,,,True,True,1,boolean_field,success,,True,False,False,,rating-breakdown,True,90.9,17.4,,,dribble,True,False,"{""playerCoordinates"": {""x"": 90.9, ""y"": 17.4}, ""eventActionType"": ""dribble"", ""isHome"": true, ""outcome"": true, ""keypass"": false}",,
1046795,Savinho,14025243,rating-breakdown,dribbles,dribbles,,,,Manchester City,85.0,,92.6,23.2,,,,,,unresolvable,,,,False,False,,rating-breakdown,True,92.6,23.2,,,dribble,True,False,"{""playerCoordinates"": {""x"": 92.6, ""y"": 23.2}, ""eventActionType"": ""dribble"", ""isHome"": true, ""keypass"": false}",,
1046795,Savinho,14025243,rating-breakdown,dribbles,dribbles,,,,Manchester City,85.0,,91.4,26,,,True,True,1,boolean_field,success,,True,False,False,,rating-breakdown,True,91.4,26,,,dribble,True,False,"{""playerCoordinates"": {""x"": 91.4, ""y"": 26}, ""eventActionType"": ""dribble"", ""isHome"": true, ""outcome"": true, ""keypass"": false}",,
1046795,Savinho,14025243,rating-breakdown,dribbles,dribbles,,,,Manchester City,85.0,,81.5,63,,,True,True,1,boolean_field,success,,True,False,False,,rating-breakdown,True,81.5,63,,,dribble,True,False,"{""playerCoordinates"": {""x"": 81.5, ""y"": 63}, ""eventActionType"": ""dribble"", ""isHome"": true, ""outcome"": true, ""keypass"": false}",,
1046795,Savinho,14025243,rating-breakdown,defensive,defensive,,,,Manchester City,85.0,,34,26,,,True,True,1,boolean_field,success,,True,False,False,,rating-breakdown,True,34,26,,,interception,True,False,"{""playerCoordinates"": {""x"": 34, ""y"": 26}, ""eventActionType"": ""interception"", ""isHome"": true, ""outcome"": true, ""keypass"": false}",,
1046795,Savinho,14025243,rating-breakdown,defensive,defensive,,,,Manchester City,85.0,,61.9,14.7,,,True,True,1,boolean_field,success,,True,False,False,,rating-breakdown,True,61.9,14.7,,,ball-recovery,True,False,"{""playerCoordinates"": {""x"": 61.9, ""y"": 14.7}, ""eventActionType"": ""ball-recovery"", ""isHome"": true, ""outcome"": true, ""keypass"": false}",,
1046795,Savinho,14025243,rating-breakdown,defensive,defensive,,,,Manchester City,85.0,,60.2,18.3,,,True,True,1,boolean_field,success,,True,False,False,,rating-breakdown,True,60.2,18.3,,,ball-recovery,True,False,"{""playerCoordinates"": {""x"": 60.2, ""y"": 18.3}, ""eventActionType"": ""ball-recovery"", ""isHome"": true, ""outcome"": true, ""keypass"": false}",,
1046795,Savinho,14025243,rating-breakdown,defensive,defensive,,,,Manchester City,85.0,,13,47.7,25.6,37.9,True,True,1,boolean_field,success,,True,False,False,,rating-breakdown,True,13,47.7,25.6,37.9,clearance,True,False,"{""playerCoordinates"": {""x"": 13, ""y"": 47.7}, ""passEndCoordinates"": {""x"": 25.6, ""y"": 37.9}, ""eventActionType"": ""clearance"", ""isHome"": true, ""outcome"": true, ""keypass"": false}",,
1046795,Savinho,14025243,rating-breakdown,defensive,defensive,,,,Manchester City,85.0,,48.2,88.6,,,,,,unresolvable,,,,False,False,,rating-breakdown,True,48.2,88.6,,,tackle,True,False,"{""playerCoordinates"": {""x"": 48.2, ""y"": 88.6}, ""eventActionType"": ""tackle"", ""isHome"": true, ""keypass"": false}",,
1046795,Savinho,14025257,rating-breakdown,passes,passes,,,,Manchester City,84.0,,43.6,85.3,34.4,75.1,True,True,1,boolean_field,success,True,,False,False,pass,rating-breakdown,True,43.6,85.3,34.4,75.1,pass,False,False,"{""playerCoordinates"": {""x"": 43.6, ""y"": 85.3}, ""passEndCoordinates"": {""x"": 34.4, ""y"": 75.1}, ""eventActionType"": ""pass"", ""isHome"": false, ""outcome"": true, ""keypass"": false}",,
1046795,Savinho,14025257,rating-breakdown,passes,passes,,,,Manchester City,84.0,,96.1,86,96.7,51.2,,,,unresolvable,,,,False,False,pass,rating-breakdown,True,96.1,86,96.7,51.2,cross,False,False,"{""playerCoordinates"": {""x"": 96.1, ""y"": 86}, ""passEndCoordinates"": {""x"": 96.7, ""y"": 51.2}, ""eventActionType"": ""cross"", ""isHome"": false, ""keypass"": false}",,
1046795,Savinho,14025257,rating-breakdown,passes,passes,,,,Manchester City,84.0,,95.4,80.9,92.3,63.9,,,,unresolvable,,,,False,False,pass,rating-breakdown,True,95.4,80.9,92.3,63.9,cross,False,False,"{""playerCoordinates"": {""x"": 95.4, ""y"": 80.9}, ""passEndCoordinates"": {""x"": 92.3, ""y"": 63.9}, ""eventActionType"": ""cross"", ""isHome"": false, ""keypass"": false}",,
1046795,Savinho,14025257,rating-breakdown,passes,passes,,,,Manchester City,84.0,,77.9,72.9,98.8,67.9,True,True,1,boolean_field,success,True,,False,False,pass,rating-breakdown,True,77.9,72.9,98.8,67.9,pass,False,False,"{""playerCoordinates"": {""x"": 77.9, ""y"": 72.9}, ""passEndCoordinates"": {""x"": 98.8, ""y"": 67.9}, ""eventActionType"": ""pass"", ""isHome"": false, ""outcome"": true, ""keypass"": false}",,
1046795,Savinho,14025257,rating-breakdown,passes,passes,,,,Manchester City,84.0,,74.3,34.5,90.3,37,,,,unresolvable,,,,False,False,pass,rating-breakdown,True,74.3,34.5,90.3,37,pass,False,False,"{""playerCoordinates"": {""x"": 74.3, ""y"": 34.5}, ""passEndCoordinates"": {""x"": 90.3, ""y"": 37}, ""eventActionType"": ""pass"", ""isHome"": false, ""keypass"": false}",,
1046795,Savinho,14025257,rating-breakdown,passes,passes,,,,Manchester City,84.0,,61.2,96.3,39.6,61.8,True,True,1,boolean_field,success,True,,False,False,pass,rating-breakdown,True,61.2,96.3,39.6,61.8,pass,False,False,"{""playerCoordinates"": {""x"": 61.2, ""y"": 96.3}, ""passEndCoordinates"": {""x"": 39.6, ""y"": 61.8}, ""eventActionType"": ""pass"", ""isHome"": false, ""outcome"": true, ""keypass"": false, ""isLongBall"": true}",True,
1046795,Savinho,14025257,rating-breakdown,passes,passes,,,,Manchester City,84.0,,94.4,82,100,31.9,,,,unresolvable,,,,False,False,pass,rating-breakdown,True,94.4,82,100,31.9,cross,False,False,"{""playerCoordinates"": {""x"": 94.4, ""y"": 82}, ""passEndCoordinates"": {""x"": 100, ""y"": 31.9}, ""eventActionType"": ""cross"", ""isHome"": false, ""keypass"": false, ""isLongBall"": true}",True,
1046795,Savinho,14025257,rating-breakdown,passes,passes,,,,Manchester City,84.0,,65.8,94.8,66.5,91.5,,,,unresolvable,,,,False,False,pass,rating-breakdown,True,65.8,94.8,66.5,91.5,pass,False,False,"{""playerCoordinates"": {""x"": 65.8, ""y"": 94.8}, ""passEndCoordinates"": {""x"": 66.5, ""y"": 91.5}, ""eventActionType"": ""pass"", ""isHome"": false, ""keypass"": false}",,
1046795,Savinho,14025257,rating-breakdown,passes,passes,,,,Manchester City,84.0,,92.7,82.4,78,27.1,,,,unresolvable,,,,False,False,pass,rating-breakdown,True,92.7,82.4,78,27.1,pass,False,False,"{""playerCoordinates"": {""x"": 92.7, ""y"": 82.4}, ""passEndCoordinates"": {""x"": 78, ""y"": 27.1}, ""eventActionType"": ""pass"", ""isHome"": false, ""keypass"": false, ""isLongBall"": true}",True,
1046795,Savinho,14025257,rating-breakdown,passes,passes,,,,Manchester City,84.0,,31.5,71.7,24.9,72,True,True,1,boolean_field,success,True,,False,False,pass,rating-breakdown,True,31.5,71.7,24.9,72,pass,False,False,"{""playerCoordinates"": {""x"": 31.5, ""y"": 71.7}, ""passEndCoordinates"": {""x"": 24.9, ""y"": 72}, ""eventActionType"": ""pass"", ""isHome"": false, ""outcome"": true, ""keypass"": false}",,
1046795,Savinho,14025257,rating-breakdown,passes,passes,,,,Manchester City,84.0,,76.5,92.4,80.1,86.8,,,,unresolvable,,,,False,False,pass,rating-breakdown,True,76.5,92.4,80.1,86.8,pass,False,False,"{""playerCoordinates"": {""x"": 76.5, ""y"": 92.4}, ""passEndCoordinates"": {""x"": 80.1, ""y"": 86.8}, ""eventActionType"": ""pass"", ""isHome"": false, ""keypass"": false}",,
1046795,Savinho,14025257,rating-breakdown,passes,passes,,,,Manchester City,84.0,,74.7,88.6,66.4,83.2,True,True,1,boolean_field,success,True,,False,False,pass,rating-breakdown,True,74.7,88.6,66.4,83.2,pass,False,False,"{""playerCoordinates"": {""x"": 74.7, ""y"": 88.6}, ""passEndCoordinates"": {""x"": 66.4, ""y"": 83.2}, ""eventActionType"": ""pass"", ""isHome"": false, ""outcome"": true, ""keypass"": false}",,
1046795,Savinho,14025257,rating-breakdown,passes,passes,,,,Manchester City,84.0,,87.7,81.8,89.2,53.1,,,,unresolvable,,,,False,False,pass,rating-breakdown,True,87.7,81.8,89.2,53.1,cross,False,False,"{""playerCoordinates"": {""x"": 87.7, ""y"": 81.8}, ""passEndCoordinates"": {""x"": 89.2, ""y"": 53.1}, ""eventActionType"": ""cross"", ""isHome"": false, ""keypass"": false}",,
1046795,Savinho,14025257,rating-breakdown,passes,passes,,,,Manchester City,84.0,,67.9,75.1,71.3,38,,,,unresolvable,,,,False,False,pass,rating-breakdown,True,67.9,75.1,71.3,38,pass,False,False,"{""playerCoordinates"": {""x"": 67.9, ""y"": 75.1}, ""passEndCoordinates"": {""x"": 71.3, ""y"": 38}, ""eventActionType"": ""pass"", ""isHome"": false, ""keypass"": false}",,
1046795,Savinho,14025257,rating-breakdown,passes,passes,,,,Manchester City,84.0,,75.7,74.1,79.2,79.4,True,True,1,boolean_field,success,True,,False,False,pass,rating-breakdown,True,75.7,74.1,79.2,79.4,pass,False,False,"{""playerCoordinates"": {""x"": 75.7, ""y"": 74.1}, ""passEndCoordinates"": {""x"": 79.2, ""y"": 79.4}, ""eventActionType"": ""pass"", ""isHome"": false, ""outcome"": true, ""keypass"": false}",,
1046795,Savinho,14025257,rating-breakdown,passes,passes,,,,Manchester City,84.0,,64,73.2,63,72.6,,,,unresolvable,,,,False,False,pass,rating-breakdown,True,64,73.2,63,72.6,pass,False,False,"{""playerCoordinates"": {""x"": 64, ""y"": 73.2}, ""passEndCoordinates"": {""x"": 63, ""y"": 72.6}, ""eventActionType"": ""pass"", ""isHome"": false, ""keypass"": false}",,
1046795,Savinho,14025257,rating-breakdown,passes,passes,,,,Manchester City,84.0,,71.6,92.3,70.9,69,True,True,1,boolean_field,success,True,,False,False,pass,rating-breakdown,True,71.6,92.3,70.9,69,pass,False,False,"{""playerCoordinates"": {""x"": 71.6, ""y"": 92.3}, ""passEndCoordinates"": {""x"": 70.9, ""y"": 69}, ""eventActionType"": ""pass"", ""isHome"": false, ""outcome"": true, ""keypass"": false}",,
1046795,Savinho,14025257,rating-breakdown,passes,passes,,,,Manchester City,84.0,,84.6,88,78.2,68.5,True,True,1,boolean_field,success,True,,False,False,pass,rating-breakdown,True,84.6,88,78.2,68.5,pass,False,False,"{""playerCoordinates"": {""x"": 84.6, ""y"": 88}, ""passEndCoordinates"": {""x"": 78.2, ""y"": 68.5}, ""eventActionType"": ""pass"", ""isHome"": false, ""outcome"": true, ""keypass"": false}",,
1046795,Savinho,14025257,rating-breakdown,passes,passes,,,,Manchester City,84.0,,98.3,72.9,97.7,56.7,,,,unresolvable,,,,False,False,pass,rating-breakdown,True,98.3,72.9,97.7,56.7,pass,False,False,"{""playerCoordinates"": {""x"": 98.3, ""y"": 72.9}, ""passEndCoordinates"": {""x"": 97.7, ""y"": 56.7}, ""eventActionType"": ""pass"", ""isHome"": false, ""keypass"": false}",,
1046795,Savinho,14025257,rating-breakdown,passes,passes,,,,Manchester City,84.0,,44.3,96,45.4,78.2,True,True,1,boolean_field,success,True,,False,False,pass,rating-breakdown,True,44.3,96,45.4,78.2,pass,False,False,"{""playerCoordinates"": {""x"": 44.3, ""y"": 96}, ""passEndCoordinates"": {""x"": 45.4, ""y"": 78.2}, ""eventActionType"": ""pass"", ""isHome"": false, ""outcome"": true, ""keypass"": false}",,
1046795,Savinho,14025257,rating-breakdown,passes,passes,,,,Manchester City,84.0,,90.5,72.6,89.7,60.2,True,True,1,boolean_field,success,True,,False,False,pass,rating-breakdown,True,90.5,72.6,89.7,60.2,pass,False,False,"{""playerCoordinates"": {""x"": 90.5, ""y"": 72.6}, ""passEndCoordinates"": {""x"": 89.7, ""y"": 60.2}, ""eventActionType"": ""pass"", ""isHome"": false, ""outcome"": true, ""keypass"": false}",,
1046795,Savinho,14025257,rating-breakdown,passes,passes,,,,Manchester City,84.0,,67.1,92.1,56.5,70.5,True,True,1,boolean_field,success,True,,False,False,pass,rating-breakdown,True,67.1,92.1,56.5,70.5,pass,False,False,"{""playerCoordinates"": {""x"": 67.1, ""y"": 92.1}, ""passEndCoordinates"": {""x"": 56.5, ""y"": 70.5}, ""eventActionType"": ""pass"", ""isHome"": false, ""outcome"": true, ""keypass"": false}",,
1046795,Savinho,14025257,rating-breakdown,passes,passes,,,,Manchester City,84.0,,74.1,91.8,66.3,77,True,True,1,boolean_field,success,True,,False,False,pass,rating-breakdown,True,74.1,91.8,66.3,77,pass,False,False,"{""playerCoordinates"": {""x"": 74.1, ""y"": 91.8}, ""passEndCoordinates"": {""x"": 66.3, ""y"": 77}, ""eventActionType"": ""pass"", ""isHome"": false, ""outcome"": true, ""keypass"": false}",,
1046795,Savinho,14025257,rating-breakdown,passes,passes,,,,Manchester City,84.0,,73.2,92.4,63,75.6,True,True,1,boolean_field,success,True,,False,False,pass,rating-breakdown,True,73.2,92.4,63,75.6,pass,False,False,"{""playerCoordinates"": {""x"": 73.2, ""y"": 92.4}, ""passEndCoordinates"": {""x"": 63, ""y"": 75.6}, ""eventActionType"": ""pass"", ""isHome"": false, ""outcome"": true, ""keypass"": false}",,
1046795,Savinho,14025257,rating-breakdown,passes,passes,,,,Manchester City,84.0,,14.3,95.1,29.4,82.7,True,True,1,boolean_field,success,True,,False,False,pass,rating-breakdown,True,14.3,95.1,29.4,82.7,pass,False,False,"{""playerCoordinates"": {""x"": 14.3, ""y"": 95.1}, ""passEndCoordinates"": {""x"": 29.4, ""y"": 82.7}, ""eventActionType"": ""pass"", ""isHome"": false, ""outcome"": true, ""keypass"": false}",,
1046795,Savinho,14025257,rating-breakdown,passes,passes,,,,Manchester City,84.0,,59.1,96.3,44.9,89,True,True,1,boolean_field,success,True,,False,False,pass,rating-breakdown,True,59.1,96.3,44.9,89,pass,False,False,"{""playerCoordinates"": {""x"": 59.1, ""y"": 96.3}, ""passEndCoordinates"": {""x"": 44.9, ""y"": 89}, ""eventActionType"": ""pass"", ""isHome"": false, ""outcome"": true, ""keypass"": false}",,
1046795,Savinho,14025257,rating-breakdown,passes,passes,,,,Manchester City,84.0,,79.1,82.1,70,70.2,True,True,1,boolean_field,success,True,,False,False,pass,rating-breakdown,True,79.1,82.1,70,70.2,pass,False,False,"{""playerCoordinates"": {""x"": 79.1, ""y"": 82.1}, ""passEndCoordinates"": {""x"": 70, ""y"": 70.2}, ""eventActionType"": ""pass"", ""isHome"": false, ""outcome"": true, ""keypass"": false}",,
1046795,Savinho,14025257,rating-breakdown,passes,passes,,,,Manchester City,84.0,,93.9,72,94.2,66.7,,,,unresolvable,,,,False,False,pass,rating-breakdown,True,93.9,72,94.2,66.7,pass,False,False,"{""playerCoordinates"": {""x"": 93.9, ""y"": 72}, ""passEndCoordinates"": {""x"": 94.2, ""y"": 66.7}, ""eventActionType"": ""pass"", ""isHome"": false, ""keypass"": false}",,
1046795,Savinho,14025257,rating-breakdown,passes,passes,,,,Manchester City,84.0,,71.7,80.3,65.5,66.4,True,True,1,boolean_field,success,True,,False,False,pass,rating-breakdown,True,71.7,80.3,65.5,66.4,pass,False,False,"{""playerCoordinates"": {""x"": 71.7, ""y"": 80.3}, ""passEndCoordinates"": {""x"": 65.5, ""y"": 66.4}, ""eventActionType"": ""pass"", ""isHome"": false, ""outcome"": true, ""keypass"": false}",,
1046795,Savinho,14025257,rating-breakdown,passes,passes,,,,Manchester City,84.0,,71.4,85.7,66.6,68.7,True,True,1,boolean_field,success,True,,False,False,pass,rating-breakdown,True,71.4,85.7,66.6,68.7,pass,False,False,"{""playerCoordinates"": {""x"": 71.4, ""y"": 85.7}, ""passEndCoordinates"": {""x"": 66.6, ""y"": 68.7}, ""eventActionType"": ""pass"", ""isHome"": false, ""outcome"": true, ""keypass"": false}",,
1046795,Savinho,14025257,rating-breakdown,passes,passes,,,,Manchester City,84.0,,94.7,85.1,94.8,83,,,,unresolvable,,,,False,False,pass,rating-breakdown,True,94.7,85.1,94.8,83,cross,False,False,"{""playerCoordinates"": {""x"": 94.7, ""y"": 85.1}, ""passEndCoordinates"": {""x"": 94.8, ""y"": 83}, ""eventActionType"": ""cross"", ""isHome"": false, ""keypass"": false}",,
1046795,Savinho,14025257,rating-breakdown,passes,passes,,,,Manchester City,84.0,,47.4,34.8,43.4,50.6,True,True,1,boolean_field,success,True,,False,False,pass,rating-breakdown,True,47.4,34.8,43.4,50.6,pass,False,False,"{""playerCoordinates"": {""x"": 47.4, ""y"": 34.8}, ""passEndCoordinates"": {""x"": 43.4, ""y"": 50.6}, ""eventActionType"": ""pass"", ""isHome"": false, ""outcome"": true, ""keypass"": false}",,
1046795,Savinho,14025257,rating-breakdown,passes,passes,,,,Manchester City,84.0,,70.2,6.2,66.7,24.4,True,True,1,boolean_field,success,True,,False,False,pass,rating-breakdown,True,70.2,6.2,66.7,24.4,pass,False,False,"{""playerCoordinates"": {""x"": 70.2, ""y"": 6.2}, ""passEndCoordinates"": {""x"": 66.7, ""y"": 24.4}, ""eventActionType"": ""pass"", ""isHome"": false, ""outcome"": true, ""keypass"": false}",,
1046795,Savinho,14025257,rating-breakdown,passes,passes,,,,Manchester City,84.0,,84.6,9.5,72.8,23.6,True,True,1,boolean_field,success,True,,False,False,pass,rating-breakdown,True,84.6,9.5,72.8,23.6,pass,False,False,"{""playerCoordinates"": {""x"": 84.6, ""y"": 9.5}, ""passEndCoordinates"": {""x"": 72.8, ""y"": 23.6}, ""eventActionType"": ""pass"", ""isHome"": false, ""outcome"": true, ""keypass"": false}",,
1046795,Savinho,14025257,rating-breakdown,passes,passes,,,,Manchester City,84.0,,76.2,10.6,68.5,26.7,True,True,1,boolean_field,success,True,,False,False,pass,rating-breakdown,True,76.2,10.6,68.5,26.7,pass,False,False,"{""playerCoordinates"": {""x"": 76.2, ""y"": 10.6}, ""passEndCoordinates"": {""x"": 68.5, ""y"": 26.7}, ""eventActionType"": ""pass"", ""isHome"": false, ""outcome"": true, ""keypass"": false}",,
1046795,Savinho,14025257,rating-breakdown,passes,passes,,,,Manchester City,84.0,,34,6.2,32.6,6.5,,,,unresolvable,,,,False,False,pass,rating-breakdown,True,34,6.2,32.6,6.5,pass,False,False,"{""playerCoordinates"": {""x"": 34, ""y"": 6.2}, ""passEndCoordinates"": {""x"": 32.6, ""y"": 6.5}, ""eventActionType"": ""pass"", ""isHome"": false, ""keypass"": false}",,
1046795,Savinho,14025257,rating-breakdown,dribbles,dribbles,,,,Manchester City,84.0,,60.7,81.3,,,True,True,1,boolean_field,success,,True,False,False,,rating-breakdown,True,60.7,81.3,,,dribble,False,False,"{""playerCoordinates"": {""x"": 60.7, ""y"": 81.3}, ""eventActionType"": ""dribble"", ""isHome"": false, ""outcome"": true, ""keypass"": false}",,
1046795,Savinho,14025257,rating-breakdown,dribbles,dribbles,,,,Manchester City,84.0,,65,95,,,,,,unresolvable,,,,False,False,,rating-breakdown,True,65,95,,,dribble,False,False,"{""playerCoordinates"": {""x"": 65, ""y"": 95}, ""eventActionType"": ""dribble"", ""isHome"": false, ""keypass"": false}",,
1046795,Savinho,14025257,rating-breakdown,dribbles,dribbles,,,,Manchester City,84.0,,76.8,6.6,,,,,,unresolvable,,,,False,False,,rating-breakdown,True,76.8,6.6,,,dribble,False,False,"{""playerCoordinates"": {""x"": 76.8, ""y"": 6.6}, ""eventActionType"": ""dribble"", ""isHome"": false, ""keypass"": false}",,
1046795,Savinho,14025257,rating-breakdown,dribbles,dribbles,,,,Manchester City,84.0,,21,6.8,,,,,,unresolvable,,,,False,False,,rating-breakdown,True,21,6.8,,,dribble,False,False,"{""playerCoordinates"": {""x"": 21, ""y"": 6.8}, ""eventActionType"": ""dribble"", ""isHome"": false, ""keypass"": false}",,
1046795,Savinho,14025257,rating-breakdown,defensive,defensive,,,,Manchester City,84.0,,71.3,30.4,,,True,True,1,boolean_field,success,,True,False,False,,rating-breakdown,True,71.3,30.4,,,ball-recovery,False,False,"{""playerCoordinates"": {""x"": 71.3, ""y"": 30.4}, ""eventActionType"": ""ball-recovery"", ""isHome"": false, ""outcome"": true, ""keypass"": false}",,
1046795,Savinho,14025257,rating-breakdown,defensive,defensive,,,,Manchester City,84.0,,63.3,88.8,,,,,,unresolvable,,,,False,False,,rating-breakdown,True,63.3,88.8,,,tackle,False,False,"{""playerCoordinates"": {""x"": 63.3, ""y"": 88.8}, ""eventActionType"": ""tackle"", ""isHome"": false, ""keypass"": false}",,
1046795,Savinho,14025257,rating-breakdown,defensive,defensive,,,,Manchester City,84.0,,67.8,95,,,,,,unresolvable,,,,False,False,,rating-breakdown,True,67.8,95,,,tackle,False,False,"{""playerCoordinates"": {""x"": 67.8, ""y"": 95}, ""eventActionType"": ""tackle"", ""isHome"": false, ""keypass"": false}",,
1046795,Savinho,14025257,rating-breakdown,defensive,defensive,,,,Manchester City,84.0,,73.7,91.5,,,True,True,1,boolean_field,success,,True,False,False,,rating-breakdown,True,73.7,91.5,,,ball-recovery,False,False,"{""playerCoordinates"": {""x"": 73.7, ""y"": 91.5}, ""eventActionType"": ""ball-recovery"", ""isHome"": false, ""outcome"": true, ""keypass"": false}",,
1046795,Savinho,14025257,rating-breakdown,defensive,defensive,,,,Manchester City,84.0,,18.2,82.3,,,True,True,1,boolean_field,success,,True,False,False,,rating-breakdown,True,18.2,82.3,,,ball-recovery,False,False,"{""playerCoordinates"": {""x"": 18.2, ""y"": 82.3}, ""eventActionType"": ""ball-recovery"", ""isHome"": false, ""outcome"": true, ""keypass"": false}",,
1046795,Savinho,14025257,rating-breakdown,defensive,defensive,,,,Manchester City,84.0,,10,88.9,12.1,89.6,True,True,1,boolean_field,success,,True,False,False,,rating-breakdown,True,10,88.9,12.1,89.6,clearance,False,False,"{""playerCoordinates"": {""x"": 10, ""y"": 88.9}, ""passEndCoordinates"": {""x"": 12.1, ""y"": 89.6}, ""eventActionType"": ""clearance"", ""isHome"": false, ""outcome"": true, ""keypass"": false}",,
1046795,Savinho,14025257,rating-breakdown,defensive,defensive,,,,Manchester City,84.0,,13.9,94.5,,,True,True,1,boolean_field,success,,True,False,False,,rating-breakdown,True,13.9,94.5,,,ball-recovery,False,False,"{""playerCoordinates"": {""x"": 13.9, ""y"": 94.5}, ""eventActionType"": ""ball-recovery"", ""isHome"": false, ""outcome"": true, ""keypass"": false}",,
1046795,Savinho,14025257,rating-breakdown,defensive,defensive,,,,Manchester City,84.0,,43.1,16.4,,,True,True,1,boolean_field,success,,True,False,False,,rating-breakdown,True,43.1,16.4,,,ball-recovery,False,False,"{""playerCoordinates"": {""x"": 43.1, ""y"": 16.4}, ""eventActionType"": ""ball-recovery"", ""isHome"": false, ""outcome"": true, ""keypass"": false}",,
1046795,Savinho,14025283,rating-breakdown,passes,passes,,,,Manchester City,17.0,,69.5,4.7,62.8,30.5,True,True,1,boolean_field,success,True,,False,False,pass,rating-breakdown,True,69.5,4.7,62.8,30.5,pass,True,False,"{""playerCoordinates"": {""x"": 69.5, ""y"": 4.7}, ""passEndCoordinates"": {""x"": 62.8, ""y"": 30.5}, ""eventActionType"": ""pass"", ""isHome"": true, ""outcome"": true, ""keypass"": false}",,
1046795,Savinho,14025283,rating-breakdown,passes,passes,,,,Manchester City,17.0,,74.9,5.2,74.9,15.7,True,True,1,boolean_field,success,True,,False,False,pass,rating-breakdown,True,74.9,5.2,74.9,15.7,pass,True,False,"{""playerCoordinates"": {""x"": 74.9, ""y"": 5.2}, ""passEndCoordinates"": {""x"": 74.9, ""y"": 15.7}, ""eventActionType"": ""pass"", ""isHome"": true, ""outcome"": true, ""keypass"": false}",,
1046795,Savinho,14025283,rating-breakdown,passes,passes,,,,Manchester City,17.0,,77.2,15,73.8,27,True,True,1,boolean_field,success,True,,False,True,key_pass,rating-breakdown,True,77.2,15,73.8,27,pass,True,True,"{""playerCoordinates"": {""x"": 77.2, ""y"": 15}, ""passEndCoordinates"": {""x"": 73.8, ""y"": 27}, ""eventActionType"": ""pass"", ""isHome"": true, ""outcome"": true, ""keypass"": true}",,
1046795,Savinho,14025283,rating-breakdown,passes,passes,,,,Manchester City,17.0,,89.4,72,87.8,59.3,,,,unresolvable,,,,False,False,pass,rating-breakdown,True,89.4,72,87.8,59.3,pass,True,False,"{""playerCoordinates"": {""x"": 89.4, ""y"": 72}, ""passEndCoordinates"": {""x"": 87.8, ""y"": 59.3}, ""eventActionType"": ""pass"", ""isHome"": true, ""keypass"": false}",,
1046795,Savinho,14025283,rating-breakdown,passes,passes,,,,Manchester City,17.0,,56.3,46.9,46.1,48.2,True,True,1,boolean_field,success,True,,False,False,pass,rating-breakdown,True,56.3,46.9,46.1,48.2,pass,True,False,"{""playerCoordinates"": {""x"": 56.3, ""y"": 46.9}, ""passEndCoordinates"": {""x"": 46.1, ""y"": 48.2}, ""eventActionType"": ""pass"", ""isHome"": true, ""outcome"": true, ""keypass"": false}",,
1046795,Savinho,14025283,rating-breakdown,passes,passes,,,,Manchester City,17.0,,73.2,17.5,87.6,1.9,True,True,1,boolean_field,success,True,,False,False,pass,rating-breakdown,True,73.2,17.5,87.6,1.9,pass,True,False,"{""playerCoordinates"": {""x"": 73.2, ""y"": 17.5}, ""passEndCoordinates"": {""x"": 87.6, ""y"": 1.9}, ""eventActionType"": ""pass"", ""isHome"": true, ""outcome"": true, ""keypass"": false}",,
1046795,Savinho,14025283,rating-breakdown,passes,passes,,,,Manchester City,17.0,,30.5,18.8,34,30.1,True,True,1,boolean_field,success,True,,False,False,pass,rating-breakdown,True,30.5,18.8,34,30.1,pass,True,False,"{""playerCoordinates"": {""x"": 30.5, ""y"": 18.8}, ""passEndCoordinates"": {""x"": 34, ""y"": 30.1}, ""eventActionType"": ""pass"", ""isHome"": true, ""outcome"": true, ""keypass"": false}",,
1046795,Savinho,14025283,rating-breakdown,passes,passes,,,,Manchester City,17.0,,98.4,29.5,96.7,40.9,True,True,1,boolean_field,success,True,,False,True,key_pass,rating-breakdown,True,98.4,29.5,96.7,40.9,pass,True,True,"{""playerCoordinates"": {""x"": 98.4, ""y"": 29.5}, ""passEndCoordinates"": {""x"": 96.7, ""y"": 40.9}, ""eventActionType"": ""pass"", ""isHome"": true, ""outcome"": true, ""keypass"": true}",,
1046795,Savinho,14025283,rating-breakdown,passes,passes,,,,Manchester City,17.0,,72.7,19.6,65.9,23.5,True,True,1,boolean_field,success,True,,False,False,pass,rating-breakdown,True,72.7,19.6,65.9,23.5,pass,True,False,"{""playerCoordinates"": {""x"": 72.7, ""y"": 19.6}, ""passEndCoordinates"": {""x"": 65.9, ""y"": 23.5}, ""eventActionType"": ""pass"", ""isHome"": true, ""outcome"": true, ""keypass"": false}",,
1046795,Savinho,14025283,rating-breakdown,passes,passes,,,,Manchester City,17.0,,30.5,14.1,26.9,6.9,True,True,1,boolean_field,success,True,,False,False,pass,rating-breakdown,True,30.5,14.1,26.9,6.9,pass,True,False,"{""playerCoordinates"": {""x"": 30.5, ""y"": 14.1}, ""passEndCoordinates"": {""x"": 26.9, ""y"": 6.9}, ""eventActionType"": ""pass"", ""isHome"": true, ""outcome"": true, ""keypass"": false}",,
1046795,Savinho,14025283,rating-breakdown,passes,passes,,,,Manchester City,17.0,,88.8,16.2,89.7,28.6,,,,unresolvable,,,,False,False,pass,rating-breakdown,True,88.8,16.2,89.7,28.6,cross,True,False,"{""playerCoordinates"": {""x"": 88.8, ""y"": 16.2}, ""passEndCoordinates"": {""x"": 89.7, ""y"": 28.6}, ""eventActionType"": ""cross"", ""isHome"": true, ""keypass"": false}",,
1046795,Savinho,14025283,rating-breakdown,dribbles,dribbles,,,,Manchester City,17.0,,88.2,34.6,,,,,,unresolvable,,,,False,False,,rating-breakdown,True,88.2,34.6,,,dribble,True,False,"{""playerCoordinates"": {""x"": 88.2, ""y"": 34.6}, ""eventActionType"": ""dribble"", ""isHome"": true, ""keypass"": false}",,
1046795,Savinho,14025283,rating-breakdown,dribbles,dribbles,,,,Manchester City,17.0,,88.5,35,,,,,,unresolvable,,,,False,False,,rating-breakdown,True,88.5,35,,,dribble,True,False,"{""playerCoordinates"": {""x"": 88.5, ""y"": 35}, ""eventActionType"": ""dribble"", ""isHome"": true, ""keypass"": false}",,
1046795,Savinho,14025283,rating-breakdown,dribbles,dribbles,,,,Manchester City,17.0,,87.2,23.2,,,,,,unresolvable,,,,False,False,,rating-breakdown,True,87.2,23.2,,,dribble,True,False,"{""playerCoordinates"": {""x"": 87.2, ""y"": 23.2}, ""eventActionType"": ""dribble"", ""isHome"": true, ""keypass"": false}",,
1046795,Savinho,14025283,rating-breakdown,dribbles,dribbles,,,,Manchester City,17.0,,86.6,25.3,,,True,True,1,boolean_field,success,,True,False,False,,rating-breakdown,True,86.6,25.3,,,dribble,True,False,"{""playerCoordinates"": {""x"": 86.6, ""y"": 25.3}, ""eventActionType"": ""dribble"", ""isHome"": true, ""outcome"": true, ""keypass"": false}",,
1046795,Savinho,14025283,rating-breakdown,defensive,defensive,,,,Manchester City,17.0,,18.7,46,31.9,40.3,True,True,1,boolean_field,success,,True,False,False,,rating-breakdown,True,18.7,46,31.9,40.3,clearance,True,False,"{""playerCoordinates"": {""x"": 18.7, ""y"": 46}, ""passEndCoordinates"": {""x"": 31.9, ""y"": 40.3}, ""eventActionType"": ""clearance"", ""isHome"": true, ""outcome"": true, ""keypass"": false}",,
1046795,Savinho,14025048,rating-breakdown,passes,passes,,,,Manchester City,37.0,,97.7,30.4,96.2,33.7,,,,unresolvable,,,,False,False,pass,rating-breakdown,True,97.7,30.4,96.2,33.7,pass,True,False,"{""playerCoordinates"": {""x"": 97.7, ""y"": 30.4}, ""passEndCoordinates"": {""x"": 96.2, ""y"": 33.7}, ""eventActionType"": ""pass"", ""isHome"": true, ""keypass"": false}",,
1046795,Savinho,14025048,rating-breakdown,passes,passes,,,,Manchester City,37.0,,25.3,6.1,19.2,7.5,True,True,1,boolean_field,success,True,,False,False,pass,rating-breakdown,True,25.3,6.1,19.2,7.5,pass,True,False,"{""playerCoordinates"": {""x"": 25.3, ""y"": 6.1}, ""passEndCoordinates"": {""x"": 19.2, ""y"": 7.5}, ""eventActionType"": ""pass"", ""isHome"": true, ""outcome"": true, ""keypass"": false}",,
1046795,Savinho,14025048,rating-breakdown,passes,passes,,,,Manchester City,37.0,,29.9,4.8,31.3,11.7,True,True,1,boolean_field,success,True,,False,False,pass,rating-breakdown,True,29.9,4.8,31.3,11.7,pass,True,False,"{""playerCoordinates"": {""x"": 29.9, ""y"": 4.8}, ""passEndCoordinates"": {""x"": 31.3, ""y"": 11.7}, ""eventActionType"": ""pass"", ""isHome"": true, ""outcome"": true, ""keypass"": false}",,
1046795,Savinho,14025048,rating-breakdown,passes,passes,,,,Manchester City,37.0,,52.9,43.2,45.8,47.5,True,True,1,boolean_field,success,True,,False,False,pass,rating-breakdown,True,52.9,43.2,45.8,47.5,pass,True,False,"{""playerCoordinates"": {""x"": 52.9, ""y"": 43.2}, ""passEndCoordinates"": {""x"": 45.8, ""y"": 47.5}, ""eventActionType"": ""pass"", ""isHome"": true, ""outcome"": true, ""keypass"": false}",,
1046795,Savinho,14025048,rating-breakdown,passes,passes,,,,Manchester City,37.0,,44.6,8.5,42.7,3.9,True,True,1,boolean_field,success,True,,False,False,pass,rating-breakdown,True,44.6,8.5,42.7,3.9,pass,True,False,"{""playerCoordinates"": {""x"": 44.6, ""y"": 8.5}, ""passEndCoordinates"": {""x"": 42.7, ""y"": 3.9}, ""eventActionType"": ""pass"", ""isHome"": true, ""outcome"": true, ""keypass"": false}",,
1046795,Savinho,14025048,rating-breakdown,passes,passes,,,,Manchester City,37.0,,74.1,20.1,80.7,4.8,True,True,1,boolean_field,success,True,,False,False,pass,rating-breakdown,True,74.1,20.1,80.7,4.8,pass,True,False,"{""playerCoordinates"": {""x"": 74.1, ""y"": 20.1}, ""passEndCoordinates"": {""x"": 80.7, ""y"": 4.8}, ""eventActionType"": ""pass"", ""isHome"": true, ""outcome"": true, ""keypass"": false}",,
1046795,Savinho,14025048,rating-breakdown,passes,passes,,,,Manchester City,37.0,,95.2,24.7,92.3,25.3,,,,unresolvable,,,,False,False,pass,rating-breakdown,True,95.2,24.7,92.3,25.3,pass,True,False,"{""playerCoordinates"": {""x"": 95.2, ""y"": 24.7}, ""passEndCoordinates"": {""x"": 92.3, ""y"": 25.3}, ""eventActionType"": ""pass"", ""isHome"": true, ""keypass"": false}",,
1046795,Savinho,14025048,rating-breakdown,passes,passes,,,,Manchester City,37.0,,95.7,5.7,91.8,4.3,True,True,1,boolean_field,success,True,,False,False,pass,rating-breakdown,True,95.7,5.7,91.8,4.3,pass,True,False,"{""playerCoordinates"": {""x"": 95.7, ""y"": 5.7}, ""passEndCoordinates"": {""x"": 91.8, ""y"": 4.3}, ""eventActionType"": ""pass"", ""isHome"": true, ""outcome"": true, ""keypass"": false}",,
1046795,Savinho,14025048,rating-breakdown,passes,passes,,,,Manchester City,37.0,,34.8,11.5,29.4,11.7,True,True,1,boolean_field,success,True,,False,False,pass,rating-breakdown,True,34.8,11.5,29.4,11.7,pass,True,False,"{""playerCoordinates"": {""x"": 34.8, ""y"": 11.5}, ""passEndCoordinates"": {""x"": 29.4, ""y"": 11.7}, ""eventActionType"": ""pass"", ""isHome"": true, ""outcome"": true, ""keypass"": false}",,
1046795,Savinho,14025048,rating-breakdown,passes,passes,,,,Manchester City,37.0,,71,5.8,80.2,14.2,True,True,1,boolean_field,success,True,,False,False,pass,rating-breakdown,True,71,5.8,80.2,14.2,pass,True,False,"{""playerCoordinates"": {""x"": 71, ""y"": 5.8}, ""passEndCoordinates"": {""x"": 80.2, ""y"": 14.2}, ""eventActionType"": ""pass"", ""isHome"": true, ""outcome"": true, ""keypass"": false}",,
1046795,Savinho,14025048,rating-breakdown,passes,passes,,,,Manchester City,37.0,,81.7,7.5,68.3,5.2,True,True,1,boolean_field,success,True,,False,False,pass,rating-breakdown,True,81.7,7.5,68.3,5.2,pass,True,False,"{""playerCoordinates"": {""x"": 81.7, ""y"": 7.5}, ""passEndCoordinates"": {""x"": 68.3, ""y"": 5.2}, ""eventActionType"": ""pass"", ""isHome"": true, ""outcome"": true, ""keypass"": false}",,
1046795,Savinho,14025048,rating-breakdown,passes,passes,,,,Manchester City,37.0,,71.9,4.6,64.6,5.1,True,True,1,boolean_field,success,True,,False,False,pass,rating-breakdown,True,71.9,4.6,64.6,5.1,pass,True,False,"{""playerCoordinates"": {""x"": 71.9, ""y"": 4.6}, ""passEndCoordinates"": {""x"": 64.6, ""y"": 5.1}, ""eventActionType"": ""pass"", ""isHome"": true, ""outcome"": true, ""keypass"": false}",,
1046795,Savinho,14025048,rating-breakdown,passes,passes,,,,Manchester City,37.0,,70.4,6,55.2,29.4,True,True,1,boolean_field,success,True,,False,False,pass,rating-breakdown,True,70.4,6,55.2,29.4,pass,True,False,"{""playerCoordinates"": {""x"": 70.4, ""y"": 6}, ""passEndCoordinates"": {""x"": 55.2, ""y"": 29.4}, ""eventActionType"": ""pass"", ""isHome"": true, ""outcome"": true, ""keypass"": false}",,
1046795,Savinho,14025048,rating-breakdown,passes,passes,,,,Manchester City,37.0,,72.6,8.8,75.6,21.9,True,True,1,boolean_field,success,True,,False,False,pass,rating-breakdown,True,72.6,8.8,75.6,21.9,pass,True,False,"{""playerCoordinates"": {""x"": 72.6, ""y"": 8.8}, ""passEndCoordinates"": {""x"": 75.6, ""y"": 21.9}, ""eventActionType"": ""pass"", ""isHome"": true, ""outcome"": true, ""keypass"": false}",,
1046795,Savinho,14025048,rating-breakdown,passes,passes,,,,Manchester City,37.0,,56.9,4.6,63.2,12.4,True,True,1,boolean_field,success,True,,False,False,pass,rating-breakdown,True,56.9,4.6,63.2,12.4,pass,True,False,"{""playerCoordinates"": {""x"": 56.9, ""y"": 4.6}, ""passEndCoordinates"": {""x"": 63.2, ""y"": 12.4}, ""eventActionType"": ""pass"", ""isHome"": true, ""outcome"": true, ""keypass"": false}",,
1046795,Savinho,14025048,rating-breakdown,passes,passes,,,,Manchester City,37.0,,67.3,3.4,69.4,5.4,True,True,1,boolean_field,success,True,,False,False,pass,rating-breakdown,True,67.3,3.4,69.4,5.4,pass,True,False,"{""playerCoordinates"": {""x"": 67.3, ""y"": 3.4}, ""passEndCoordinates"": {""x"": 69.4, ""y"": 5.4}, ""eventActionType"": ""pass"", ""isHome"": true, ""outcome"": true, ""keypass"": false}",,
1046795,Savinho,14025048,rating-breakdown,passes,passes,,,,Manchester City,37.0,,72.2,1.6,89.9,5.5,,,,unresolvable,,,,False,False,pass,rating-breakdown,True,72.2,1.6,89.9,5.5,pass,True,False,"{""playerCoordinates"": {""x"": 72.2, ""y"": 1.6}, ""passEndCoordinates"": {""x"": 89.9, ""y"": 5.5}, ""eventActionType"": ""pass"", ""isHome"": true, ""keypass"": false}",,
1046795,Savinho,14025048,rating-breakdown,defensive,defensive,,,,Manchester City,37.0,,13.8,46.3,54.5,6.1,True,True,1,boolean_field,success,,True,False,False,,rating-breakdown,True,13.8,46.3,54.5,6.1,clearance,True,False,"{""playerCoordinates"": {""x"": 13.8, ""y"": 46.3}, ""passEndCoordinates"": {""x"": 54.5, ""y"": 6.1}, ""eventActionType"": ""clearance"", ""isHome"": true, ""outcome"": true, ""keypass"": false}",,
1046795,Savinho,14025048,rating-breakdown,defensive,defensive,,,,Manchester City,37.0,,64.5,23.9,,,True,True,1,boolean_field,success,,True,False,False,,rating-breakdown,True,64.5,23.9,,,tackle,True,False,"{""playerCoordinates"": {""x"": 64.5, ""y"": 23.9}, ""eventActionType"": ""tackle"", ""isHome"": true, ""outcome"": true, ""keypass"": false}",,
1046795,Savinho,14025048,rating-breakdown,defensive,defensive,,,,Manchester City,37.0,,57.8,33,,,True,True,1,boolean_field,success,,True,False,False,,rating-breakdown,True,57.8,33,,,ball-recovery,True,False,"{""playerCoordinates"": {""x"": 57.8, ""y"": 33}, ""eventActionType"": ""ball-recovery"", ""isHome"": true, ""outcome"": true, ""keypass"": false}",,
1046795,Savinho,14025048,rating-breakdown,defensive,defensive,,,,Manchester City,37.0,,16.8,6.8,,,True,True,1,boolean_field,success,,True,False,False,,rating-breakdown,True,16.8,6.8,,,tackle,True,False,"{""playerCoordinates"": {""x"": 16.8, ""y"": 6.8}, ""eventActionType"": ""tackle"", ""isHome"": true, ""outcome"": true, ""keypass"": false}",,
1046795,Savinho,14025048,rating-breakdown,defensive,defensive,,,,Manchester City,37.0,,32.7,3.8,,,True,True,1,boolean_field,success,,True,False,False,,rating-breakdown,True,32.7,3.8,,,interception,True,False,"{""playerCoordinates"": {""x"": 32.7, ""y"": 3.8}, ""eventActionType"": ""interception"", ""isHome"": true, ""outcome"": true, ""keypass"": false}",,
1046795,Savinho,14025048,rating-breakdown,defensive,defensive,,,,Manchester City,37.0,,42.9,4.6,,,True,True,1,boolean_field,success,,True,False,False,,rating-breakdown,True,42.9,4.6,,,ball-recovery,True,False,"{""playerCoordinates"": {""x"": 42.9, ""y"": 4.6}, ""eventActionType"": ""ball-recovery"", ""isHome"": true, ""outcome"": true, ""keypass"": false}",,
1046795,Savinho,14025087,rating-breakdown,passes,passes,,,,Manchester City,14.0,,71.7,94.5,77,68.7,True,True,1,boolean_field,success,True,,False,False,pass,rating-breakdown,True,71.7,94.5,77,68.7,pass,False,False,"{""playerCoordinates"": {""x"": 71.7, ""y"": 94.5}, ""passEndCoordinates"": {""x"": 77, ""y"": 68.7}, ""eventActionType"": ""pass"", ""isHome"": false, ""outcome"": true, ""keypass"": false}",,
1046795,Savinho,14025087,rating-breakdown,passes,passes,,,,Manchester City,14.0,,91.3,83.4,93,34.6,True,True,1,boolean_field,success,True,,False,False,pass,rating-breakdown,True,91.3,83.4,93,34.6,cross,False,False,"{""playerCoordinates"": {""x"": 91.3, ""y"": 83.4}, ""passEndCoordinates"": {""x"": 93, ""y"": 34.6}, ""eventActionType"": ""cross"", ""isHome"": false, ""outcome"": true, ""keypass"": false, ""isLongBall"": true}",True,
1046795,Savinho,14025087,rating-breakdown,passes,passes,,,,Manchester City,14.0,,76.8,88.5,72.4,80.4,True,True,1,boolean_field,success,True,,False,False,pass,rating-breakdown,True,76.8,88.5,72.4,80.4,pass,False,False,"{""playerCoordinates"": {""x"": 76.8, ""y"": 88.5}, ""passEndCoordinates"": {""x"": 72.4, ""y"": 80.4}, ""eventActionType"": ""pass"", ""isHome"": false, ""outcome"": true, ""keypass"": false}",,
1046795,Savinho,14025087,rating-breakdown,passes,passes,,,,Manchester City,14.0,,89,84.1,76.3,76.6,True,True,1,boolean_field,success,True,,False,False,pass,rating-breakdown,True,89,84.1,76.3,76.6,pass,False,False,"{""playerCoordinates"": {""x"": 89, ""y"": 84.1}, ""passEndCoordinates"": {""x"": 76.3, ""y"": 76.6}, ""eventActionType"": ""pass"", ""isHome"": false, ""outcome"": true, ""keypass"": false}",,
1046795,Savinho,14025087,rating-breakdown,passes,passes,,,,Manchester City,14.0,,79.9,93.7,81.8,87.1,True,True,1,boolean_field,success,True,,False,False,pass,rating-breakdown,True,79.9,93.7,81.8,87.1,pass,False,False,"{""playerCoordinates"": {""x"": 79.9, ""y"": 93.7}, ""passEndCoordinates"": {""x"": 81.8, ""y"": 87.1}, ""eventActionType"": ""pass"", ""isHome"": false, ""outcome"": true, ""keypass"": false}",,
1046795,Savinho,14025087,rating-breakdown,passes,passes,,,,Manchester City,14.0,,77.7,86.7,65.9,62.7,True,True,1,boolean_field,success,True,,False,False,pass,rating-breakdown,True,77.7,86.7,65.9,62.7,pass,False,False,"{""playerCoordinates"": {""x"": 77.7, ""y"": 86.7}, ""passEndCoordinates"": {""x"": 65.9, ""y"": 62.7}, ""eventActionType"": ""pass"", ""isHome"": false, ""outcome"": true, ""keypass"": false}",,
1046795,Savinho,14025087,rating-breakdown,passes,passes,,,,Manchester City,14.0,,73.4,77.8,66.2,66.4,True,True,1,boolean_field,success,True,,False,False,pass,rating-breakdown,True,73.4,77.8,66.2,66.4,pass,False,False,"{""playerCoordinates"": {""x"": 73.4, ""y"": 77.8}, ""passEndCoordinates"": {""x"": 66.2, ""y"": 66.4}, ""eventActionType"": ""pass"", ""isHome"": false, ""outcome"": true, ""keypass"": false}",,
1046795,Savinho,14025087,rating-breakdown,passes,passes,,,,Manchester City,14.0,,74.6,95.8,78.3,85.9,True,True,1,boolean_field,success,True,,False,False,pass,rating-breakdown,True,74.6,95.8,78.3,85.9,pass,False,False,"{""playerCoordinates"": {""x"": 74.6, ""y"": 95.8}, ""passEndCoordinates"": {""x"": 78.3, ""y"": 85.9}, ""eventActionType"": ""pass"", ""isHome"": false, ""outcome"": true, ""keypass"": false}",,
1046795,Savinho,14025087,rating-breakdown,passes,passes,,,,Manchester City,14.0,,73.9,93,71.4,82.2,True,True,1,boolean_field,success,True,,False,False,pass,rating-breakdown,True,73.9,93,71.4,82.2,pass,False,False,"{""playerCoordinates"": {""x"": 73.9, ""y"": 93}, ""passEndCoordinates"": {""x"": 71.4, ""y"": 82.2}, ""eventActionType"": ""pass"", ""isHome"": false, ""outcome"": true, ""keypass"": false}",,
1046795,Savinho,14025087,rating-breakdown,passes,passes,,,,Manchester City,14.0,,74.9,96.3,66.4,82,True,True,1,boolean_field,success,True,,False,False,pass,rating-breakdown,True,74.9,96.3,66.4,82,pass,False,False,"{""playerCoordinates"": {""x"": 74.9, ""y"": 96.3}, ""passEndCoordinates"": {""x"": 66.4, ""y"": 82}, ""eventActionType"": ""pass"", ""isHome"": false, ""outcome"": true, ""keypass"": false}",,
1046795,Savinho,14025087,rating-breakdown,passes,passes,,,,Manchester City,14.0,,90,86.5,97.2,38.7,,,,unresolvable,,,,False,False,pass,rating-breakdown,True,90,86.5,97.2,38.7,cross,False,False,"{""playerCoordinates"": {""x"": 90, ""y"": 86.5}, ""passEndCoordinates"": {""x"": 97.2, ""y"": 38.7}, ""eventActionType"": ""cross"", ""isHome"": false, ""keypass"": false, ""isLongBall"": true}",True,
1046795,Savinho,14025087,rating-breakdown,passes,passes,,,,Manchester City,14.0,,74,81.6,69.5,61.9,True,True,1,boolean_field,success,True,,False,False,pass,rating-breakdown,True,74,81.6,69.5,61.9,pass,False,False,"{""playerCoordinates"": {""x"": 74, ""y"": 81.6}, ""passEndCoordinates"": {""x"": 69.5, ""y"": 61.9}, ""eventActionType"": ""pass"", ""isHome"": false, ""outcome"": true, ""keypass"": false}",,
1046795,Savinho,14025087,rating-breakdown,passes,passes,,,,Manchester City,14.0,,83.3,82.8,69.8,79.2,True,True,1,boolean_field,success,True,,False,False,pass,rating-breakdown,True,83.3,82.8,69.8,79.2,pass,False,False,"{""playerCoordinates"": {""x"": 83.3, ""y"": 82.8}, ""passEndCoordinates"": {""x"": 69.8, ""y"": 79.2}, ""eventActionType"": ""pass"", ""isHome"": false, ""outcome"": true, ""keypass"": false}",,
1046795,Savinho,14025087,rating-breakdown,passes,passes,,,,Manchester City,14.0,,97.6,81.8,97.9,81.8,,,,unresolvable,,,,False,False,pass,rating-breakdown,True,97.6,81.8,97.9,81.8,cross,False,False,"{""playerCoordinates"": {""x"": 97.6, ""y"": 81.8}, ""passEndCoordinates"": {""x"": 97.9, ""y"": 81.8}, ""eventActionType"": ""cross"", ""isHome"": false, ""keypass"": false}",,
1046795,Savinho,14025087,rating-breakdown,passes,passes,,,,Manchester City,14.0,,90.6,79.9,87.7,84.3,,,,unresolvable,,,,False,False,pass,rating-breakdown,True,90.6,79.9,87.7,84.3,pass,False,False,"{""playerCoordinates"": {""x"": 90.6, ""y"": 79.9}, ""passEndCoordinates"": {""x"": 87.7, ""y"": 84.3}, ""eventActionType"": ""pass"", ""isHome"": false, ""keypass"": false}",,
1046795,Savinho,14025087,rating-breakdown,passes,passes,,,,Manchester City,14.0,,83.9,86.1,92.2,50.9,,,,unresolvable,,,,False,False,pass,rating-breakdown,True,83.9,86.1,92.2,50.9,cross,False,False,"{""playerCoordinates"": {""x"": 83.9, ""y"": 86.1}, ""passEndCoordinates"": {""x"": 92.2, ""y"": 50.9}, ""eventActionType"": ""cross"", ""isHome"": false, ""keypass"": false}",,
1046795,Savinho,14025087,rating-breakdown,passes,passes,,,,Manchester City,14.0,,41.6,80.7,41.5,60.9,True,True,1,boolean_field,success,True,,False,False,pass,rating-breakdown,True,41.6,80.7,41.5,60.9,pass,False,False,"{""playerCoordinates"": {""x"": 41.6, ""y"": 80.7}, ""passEndCoordinates"": {""x"": 41.5, ""y"": 60.9}, ""eventActionType"": ""pass"", ""isHome"": false, ""outcome"": true, ""keypass"": false}",,
1046795,Savinho,14025087,rating-breakdown,passes,passes,,,,Manchester City,14.0,,81.3,91.6,72.3,79.5,True,True,1,boolean_field,success,True,,False,False,pass,rating-breakdown,True,81.3,91.6,72.3,79.5,pass,False,False,"{""playerCoordinates"": {""x"": 81.3, ""y"": 91.6}, ""passEndCoordinates"": {""x"": 72.3, ""y"": 79.5}, ""eventActionType"": ""pass"", ""isHome"": false, ""outcome"": true, ""keypass"": false}",,
1046795,Savinho,14025087,rating-breakdown,passes,passes,,,,Manchester City,14.0,,92.3,86.5,85.8,81,True,True,1,boolean_field,success,True,,False,False,pass,rating-breakdown,True,92.3,86.5,85.8,81,pass,False,False,"{""playerCoordinates"": {""x"": 92.3, ""y"": 86.5}, ""passEndCoordinates"": {""x"": 85.8, ""y"": 81}, ""eventActionType"": ""pass"", ""isHome"": false, ""outcome"": true, ""keypass"": false}",,
1046795,Savinho,14025087,rating-breakdown,passes,passes,,,,Manchester City,14.0,,88.2,76.3,92,46.4,,,,unresolvable,,,,False,False,pass,rating-breakdown,True,88.2,76.3,92,46.4,cross,False,False,"{""playerCoordinates"": {""x"": 88.2, ""y"": 76.3}, ""passEndCoordinates"": {""x"": 92, ""y"": 46.4}, ""eventActionType"": ""cross"", ""isHome"": false, ""keypass"": false}",,
1046795,Savinho,14025087,rating-breakdown,passes,passes,,,,Manchester City,14.0,,74.4,90.3,65.2,66.6,True,True,1,boolean_field,success,True,,False,False,pass,rating-breakdown,True,74.4,90.3,65.2,66.6,pass,False,False,"{""playerCoordinates"": {""x"": 74.4, ""y"": 90.3}, ""passEndCoordinates"": {""x"": 65.2, ""y"": 66.6}, ""eventActionType"": ""pass"", ""isHome"": false, ""outcome"": true, ""keypass"": false}",,
1046795,Savinho,14025087,rating-breakdown,dribbles,dribbles,,,,Manchester City,14.0,,67.2,97,,,,,,unresolvable,,,,False,False,,rating-breakdown,True,67.2,97,,,dribble,False,False,"{""playerCoordinates"": {""x"": 67.2, ""y"": 97}, ""eventActionType"": ""dribble"", ""isHome"": false, ""keypass"": false}",,
1046795,Savinho,14025135,rating-breakdown,passes,passes,,,,Manchester City,26.0,,59.1,64.2,58.5,58.5,True,True,1,boolean_field,success,True,,False,False,pass,rating-breakdown,True,59.1,64.2,58.5,58.5,pass,False,False,"{""playerCoordinates"": {""x"": 59.1, ""y"": 64.2}, ""passEndCoordinates"": {""x"": 58.5, ""y"": 58.5}, ""eventActionType"": ""pass"", ""isHome"": false, ""outcome"": true, ""keypass"": false}",,
1046795,Savinho,14025135,rating-breakdown,passes,passes,,,,Manchester City,26.0,,61.3,90.9,56.8,66.4,True,True,1,boolean_field,success,True,,False,False,pass,rating-breakdown,True,61.3,90.9,56.8,66.4,pass,False,False,"{""playerCoordinates"": {""x"": 61.3, ""y"": 90.9}, ""passEndCoordinates"": {""x"": 56.8, ""y"": 66.4}, ""eventActionType"": ""pass"", ""isHome"": false, ""outcome"": true, ""keypass"": false}",,
1046795,Savinho,14025135,rating-breakdown,passes,passes,,,,Manchester City,26.0,,90,81.7,94.9,47,True,True,1,boolean_field,success,True,,False,True,key_pass,rating-breakdown,True,90,81.7,94.9,47,cross,False,True,"{""playerCoordinates"": {""x"": 90, ""y"": 81.7}, ""passEndCoordinates"": {""x"": 94.9, ""y"": 47}, ""eventActionType"": ""cross"", ""isHome"": false, ""outcome"": true, ""keypass"": true}",,
1046795,Savinho,14025135,rating-breakdown,passes,passes,,,,Manchester City,26.0,,34.5,96.2,32.2,87.8,True,True,1,boolean_field,success,True,,False,False,pass,rating-breakdown,True,34.5,96.2,32.2,87.8,pass,False,False,"{""playerCoordinates"": {""x"": 34.5, ""y"": 96.2}, ""passEndCoordinates"": {""x"": 32.2, ""y"": 87.8}, ""eventActionType"": ""pass"", ""isHome"": false, ""outcome"": true, ""keypass"": false}",,
1046795,Savinho,14025135,rating-breakdown,passes,passes,,,,Manchester City,26.0,,6.8,95.9,8.2,96,,,,unresolvable,,,,False,False,pass,rating-breakdown,True,6.8,95.9,8.2,96,pass,False,False,"{""playerCoordinates"": {""x"": 6.8, ""y"": 95.9}, ""passEndCoordinates"": {""x"": 8.2, ""y"": 96}, ""eventActionType"": ""pass"", ""isHome"": false, ""keypass"": false, ""isLongBall"": true}",True,
1046795,Savinho,14025135,rating-breakdown,passes,passes,,,,Manchester City,26.0,,55,93.9,53,84.5,True,True,1,boolean_field,success,True,,False,False,pass,rating-breakdown,True,55,93.9,53,84.5,pass,False,False,"{""playerCoordinates"": {""x"": 55, ""y"": 93.9}, ""passEndCoordinates"": {""x"": 53, ""y"": 84.5}, ""eventActionType"": ""pass"", ""isHome"": false, ""outcome"": true, ""keypass"": false}",,
1046795,Savinho,14025135,rating-breakdown,passes,passes,,,,Manchester City,26.0,,73.1,64.2,61,60.3,True,True,1,boolean_field,success,True,,False,False,pass,rating-breakdown,True,73.1,64.2,61,60.3,pass,False,False,"{""playerCoordinates"": {""x"": 73.1, ""y"": 64.2}, ""passEndCoordinates"": {""x"": 61, ""y"": 60.3}, ""eventActionType"": ""pass"", ""isHome"": false, ""outcome"": true, ""keypass"": false}",,
1046795,Savinho,14025135,rating-breakdown,passes,passes,,,,Manchester City,26.0,,63.4,92.7,60.2,90.9,True,True,1,boolean_field,success,True,,False,False,pass,rating-breakdown,True,63.4,92.7,60.2,90.9,pass,False,False,"{""playerCoordinates"": {""x"": 63.4, ""y"": 92.7}, ""passEndCoordinates"": {""x"": 60.2, ""y"": 90.9}, ""eventActionType"": ""pass"", ""isHome"": false, ""outcome"": true, ""keypass"": false}",,
1046795,Savinho,14025135,rating-breakdown,passes,passes,,,,Manchester City,26.0,,34.5,73.6,41.5,68.5,,,,unresolvable,,,,False,False,pass,rating-breakdown,True,34.5,73.6,41.5,68.5,pass,False,False,"{""playerCoordinates"": {""x"": 34.5, ""y"": 73.6}, ""passEndCoordinates"": {""x"": 41.5, ""y"": 68.5}, ""eventActionType"": ""pass"", ""isHome"": false, ""keypass"": false}",,
1046795,Savinho,14025135,rating-breakdown,ball-carries,ball-carries,,,,Manchester City,26.0,,61.3,75.9,59.1,64.2,,,,unresolvable,,,,False,False,,rating-breakdown,True,61.3,75.9,59.1,64.2,ball-carry,False,,"{""playerCoordinates"": {""x"": 61.3, ""y"": 75.9}, ""passEndCoordinates"": {""x"": 59.1, ""y"": 64.2}, ""eventActionType"": ""ball-carry"", ""isHome"": false}",,
1046795,Savinho,14025135,rating-breakdown,ball-carries,ball-carries,,,,Manchester City,26.0,,64,97.4,61.3,90.9,,,,unresolvable,,,,False,False,,rating-breakdown,True,64,97.4,61.3,90.9,ball-carry,False,,"{""playerCoordinates"": {""x"": 64, ""y"": 97.4}, ""passEndCoordinates"": {""x"": 61.3, ""y"": 90.9}, ""eventActionType"": ""ball-carry"", ""isHome"": false}",,
1046795,Savinho,14025135,rating-breakdown,ball-carries,ball-carries,,,,Manchester City,26.0,,80.2,85.6,90,81.7,,,,unresolvable,,,,False,False,,rating-breakdown,True,80.2,85.6,90,81.7,ball-carry,False,,"{""playerCoordinates"": {""x"": 80.2, ""y"": 85.6}, ""passEndCoordinates"": {""x"": 90, ""y"": 81.7}, ""eventActionType"": ""ball-carry"", ""isHome"": false}",,
1046795,Savinho,14025135,rating-breakdown,ball-carries,ball-carries,,,,Manchester City,26.0,,13,92.3,6.8,95.9,,,,unresolvable,,,,False,False,,rating-breakdown,True,13,92.3,6.8,95.9,ball-carry,False,,"{""playerCoordinates"": {""x"": 13, ""y"": 92.3}, ""passEndCoordinates"": {""x"": 6.8, ""y"": 95.9}, ""eventActionType"": ""ball-carry"", ""isHome"": false}",,
1046795,Savinho,14025135,rating-breakdown,ball-carries,ball-carries,,,,Manchester City,26.0,,15.1,51.6,31.1,53.4,,,,unresolvable,,,,False,False,,rating-breakdown,True,15.1,51.6,31.1,53.4,ball-carry,False,,"{""playerCoordinates"": {""x"": 15.1, ""y"": 51.6}, ""passEndCoordinates"": {""x"": 31.1, ""y"": 53.4}, ""eventActionType"": ""ball-carry"", ""isHome"": false}",,
1046795,Savinho,14025135,rating-breakdown,dribbles,dribbles,,,,Manchester City,26.0,,95.4,84.4,,,,,,unresolvable,,,,False,False,,rating-breakdown,True,95.4,84.4,,,dribble,False,False,"{""playerCoordinates"": {""x"": 95.4, ""y"": 84.4}, ""eventActionType"": ""dribble"", ""isHome"": false, ""keypass"": false}",,
1046795,Savinho,14025135,rating-breakdown,defensive,defensive,,,,Manchester City,26.0,,13,92.3,,,True,True,1,boolean_field,success,,True,False,False,,rating-breakdown,True,13,92.3,,,ball-recovery,False,False,"{""playerCoordinates"": {""x"": 13, ""y"": 92.3}, ""eventActionType"": ""ball-recovery"", ""isHome"": false, ""outcome"": true, ""keypass"": false}",,
1046795,Savinho,14025135,rating-breakdown,defensive,defensive,,,,Manchester City,26.0,,34.5,73.6,,,True,True,1,boolean_field,success,,True,False,False,,rating-breakdown,True,34.5,73.6,,,ball-recovery,False,False,"{""playerCoordinates"": {""x"": 34.5, ""y"": 73.6}, ""eventActionType"": ""ball-recovery"", ""isHome"": false, ""outcome"": true, ""keypass"": false}",,
1046795,Savinho,14025135,rating-breakdown,defensive,defensive,,,,Manchester City,26.0,,15.1,51.6,,,True,True,1,boolean_field,success,,True,False,False,,rating-breakdown,True,15.1,51.6,,,ball-recovery,False,False,"{""playerCoordinates"": {""x"": 15.1, ""y"": 51.6}, ""eventActionType"": ""ball-recovery"", ""isHome"": false, ""outcome"": true, ""keypass"": false}",,
1046795,Savinho,14025171,rating-breakdown,passes,passes,,,,Manchester City,8.0,,87.2,15.2,80.6,32.3,,,,unresolvable,,,,False,False,pass,rating-breakdown,True,87.2,15.2,80.6,32.3,pass,True,False,"{""playerCoordinates"": {""x"": 87.2, ""y"": 15.2}, ""passEndCoordinates"": {""x"": 80.6, ""y"": 32.3}, ""eventActionType"": ""pass"", ""isHome"": true, ""keypass"": false}",,
1046795,Savinho,14025171,rating-breakdown,passes,passes,,,,Manchester City,8.0,,62.8,6.4,63.9,14.5,True,True,1,boolean_field,success,True,,False,False,pass,rating-breakdown,True,62.8,6.4,63.9,14.5,pass,True,False,"{""playerCoordinates"": {""x"": 62.8, ""y"": 6.4}, ""passEndCoordinates"": {""x"": 63.9, ""y"": 14.5}, ""eventActionType"": ""pass"", ""isHome"": true, ""outcome"": true, ""keypass"": false}",,
1046795,Savinho,14025171,rating-breakdown,passes,passes,,,,Manchester City,8.0,,71.9,4.6,61.2,9.3,True,True,1,boolean_field,success,True,,False,False,pass,rating-breakdown,True,71.9,4.6,61.2,9.3,pass,True,False,"{""playerCoordinates"": {""x"": 71.9, ""y"": 4.6}, ""passEndCoordinates"": {""x"": 61.2, ""y"": 9.3}, ""eventActionType"": ""pass"", ""isHome"": true, ""outcome"": true, ""keypass"": false}",,
1046795,Savinho,14025171,rating-breakdown,passes,passes,,,,Manchester City,8.0,,99.5,0.5,90.8,52.3,True,True,1,boolean_field,success,True,,False,True,key_pass,rating-breakdown,True,99.5,0.5,90.8,52.3,cross,True,True,"{""playerCoordinates"": {""x"": 99.5, ""y"": 0.5}, ""passEndCoordinates"": {""x"": 90.8, ""y"": 52.3}, ""eventActionType"": ""cross"", ""isHome"": true, ""outcome"": true, ""keypass"": true, ""isLongBall"": true}",True,
1046795,Savinho,14025171,rating-breakdown,passes,passes,,,,Manchester City,8.0,,70.4,7.8,61.7,23.1,True,True,1,boolean_field,success,True,,False,False,pass,rating-breakdown,True,70.4,7.8,61.7,23.1,pass,True,False,"{""playerCoordinates"": {""x"": 70.4, ""y"": 7.8}, ""passEndCoordinates"": {""x"": 61.7, ""y"": 23.1}, ""eventActionType"": ""pass"", ""isHome"": true, ""outcome"": true, ""keypass"": false}",,
1046795,Savinho,14025171,rating-breakdown,passes,passes,,,,Manchester City,8.0,,68.5,6.9,69.5,13.6,True,True,1,boolean_field,success,True,,False,False,pass,rating-breakdown,True,68.5,6.9,69.5,13.6,pass,True,False,"{""playerCoordinates"": {""x"": 68.5, ""y"": 6.9}, ""passEndCoordinates"": {""x"": 69.5, ""y"": 13.6}, ""eventActionType"": ""pass"", ""isHome"": true, ""outcome"": true, ""keypass"": false}",,
1046795,Savinho,14025171,rating-breakdown,passes,passes,,,,Manchester City,8.0,,69.8,39.3,75.1,74.7,,,,unresolvable,,,,False,False,pass,rating-breakdown,True,69.8,39.3,75.1,74.7,pass,True,False,"{""playerCoordinates"": {""x"": 69.8, ""y"": 39.3}, ""passEndCoordinates"": {""x"": 75.1, ""y"": 74.7}, ""eventActionType"": ""pass"", ""isHome"": true, ""keypass"": false}",,
1046795,Savinho,14025171,rating-breakdown,dribbles,dribbles,,,,Manchester City,8.0,,85.6,7,,,,,,unresolvable,,,,False,False,,rating-breakdown,True,85.6,7,,,dribble,True,False,"{""playerCoordinates"": {""x"": 85.6, ""y"": 7}, ""eventActionType"": ""dribble"", ""isHome"": true, ""keypass"": false}",,
1046795,Savinho,14025171,rating-breakdown,dribbles,dribbles,,,,Manchester City,8.0,,96.8,27.8,,,,,,unresolvable,,,,False,False,,rating-breakdown,True,96.8,27.8,,,dribble,True,False,"{""playerCoordinates"": {""x"": 96.8, ""y"": 27.8}, ""eventActionType"": ""dribble"", ""isHome"": true, ""keypass"": false}",,
1046795,Savinho,14025171,rating-breakdown,defensive,defensive,,,,Manchester City,8.0,,46.1,3.3,,,True,True,1,boolean_field,success,,True,False,False,,rating-breakdown,True,46.1,3.3,,,ball-recovery,True,False,"{""playerCoordinates"": {""x"": 46.1, ""y"": 3.3}, ""eventActionType"": ""ball-recovery"", ""isHome"": true, ""outcome"": true, ""keypass"": false}",,
1046795,Savinho,14025195,rating-breakdown,passes,passes,,,,Manchester City,12.0,,55.1,69.5,60.4,62.8,,,,unresolvable,,,,False,False,pass,rating-breakdown,True,55.1,69.5,60.4,62.8,pass,False,False,"{""playerCoordinates"": {""x"": 55.1, ""y"": 69.5}, ""passEndCoordinates"": {""x"": 60.4, ""y"": 62.8}, ""eventActionType"": ""pass"", ""isHome"": false, ""keypass"": false}",,
1046795,Savinho,14025195,rating-breakdown,passes,passes,,,,Manchester City,12.0,,21.6,59.1,23.8,54,True,True,1,boolean_field,success,True,,False,False,pass,rating-breakdown,True,21.6,59.1,23.8,54,pass,False,False,"{""playerCoordinates"": {""x"": 21.6, ""y"": 59.1}, ""passEndCoordinates"": {""x"": 23.8, ""y"": 54}, ""eventActionType"": ""pass"", ""isHome"": false, ""outcome"": true, ""keypass"": false}",,
1046795,Savinho,14025195,rating-breakdown,passes,passes,,,,Manchester City,12.0,,34,84.6,29.9,81.6,True,True,1,boolean_field,success,True,,False,False,pass,rating-breakdown,True,34,84.6,29.9,81.6,pass,False,False,"{""playerCoordinates"": {""x"": 34, ""y"": 84.6}, ""passEndCoordinates"": {""x"": 29.9, ""y"": 81.6}, ""eventActionType"": ""pass"", ""isHome"": false, ""outcome"": true, ""keypass"": false}",,
1046795,Savinho,14025195,rating-breakdown,passes,passes,,,,Manchester City,12.0,,91.8,90.5,95.3,84.6,True,True,1,boolean_field,success,True,,False,False,pass,rating-breakdown,True,91.8,90.5,95.3,84.6,pass,False,False,"{""playerCoordinates"": {""x"": 91.8, ""y"": 90.5}, ""passEndCoordinates"": {""x"": 95.3, ""y"": 84.6}, ""eventActionType"": ""pass"", ""isHome"": false, ""outcome"": true, ""keypass"": false}",,
1046795,Savinho,14025195,rating-breakdown,dribbles,dribbles,,,,Manchester City,12.0,,39.3,52.4,,,True,True,1,boolean_field,success,,True,False,False,,rating-breakdown,True,39.3,52.4,,,dribble,False,False,"{""playerCoordinates"": {""x"": 39.3, ""y"": 52.4}, ""eventActionType"": ""dribble"", ""isHome"": false, ""outcome"": true, ""keypass"": false}",,
1046795,Savinho,14025195,rating-breakdown,defensive,defensive,,,,Manchester City,12.0,,31.9,57.6,,,True,True,1,boolean_field,success,,True,False,False,,rating-breakdown,True,31.9,57.6,,,ball-recovery,False,False,"{""playerCoordinates"": {""x"": 31.9, ""y"": 57.6}, ""eventActionType"": ""ball-recovery"", ""isHome"": false, ""outcome"": true, ""keypass"": false}",,
1046795,Savinho,14025195,rating-breakdown,defensive,defensive,,,,Manchester City,12.0,,54.4,67.5,,,True,True,1,boolean_field,success,,True,False,False,,rating-breakdown,True,54.4,67.5,,,ball-recovery,False,False,"{""playerCoordinates"": {""x"": 54.4, ""y"": 67.5}, ""eventActionType"": ""ball-recovery"", ""isHome"": false, ""outcome"": true, ""keypass"": false}",,
1046795,Savinho,14025226,rating-breakdown,passes,passes,,,,Manchester City,23.0,,65.3,8.2,67.3,24.8,,,,unresolvable,,,,False,False,pass,rating-breakdown,True,65.3,8.2,67.3,24.8,pass,True,False,"{""playerCoordinates"": {""x"": 65.3, ""y"": 8.2}, ""passEndCoordinates"": {""x"": 67.3, ""y"": 24.8}, ""eventActionType"": ""pass"", ""isHome"": true, ""keypass"": false}",,
1046795,Savinho,14025226,rating-breakdown,passes,passes,,,,Manchester City,23.0,,78,25.6,85.4,40.9,True,True,1,boolean_field,success,True,,False,False,pass,rating-breakdown,True,78,25.6,85.4,40.9,pass,True,False,"{""playerCoordinates"": {""x"": 78, ""y"": 25.6}, ""passEndCoordinates"": {""x"": 85.4, ""y"": 40.9}, ""eventActionType"": ""pass"", ""isHome"": true, ""outcome"": true, ""keypass"": false}",,
1046795,Savinho,14025226,rating-breakdown,passes,passes,,,,Manchester City,23.0,,37.9,13,31.3,25.1,True,True,1,boolean_field,success,True,,False,False,pass,rating-breakdown,True,37.9,13,31.3,25.1,pass,True,False,"{""playerCoordinates"": {""x"": 37.9, ""y"": 13}, ""passEndCoordinates"": {""x"": 31.3, ""y"": 25.1}, ""eventActionType"": ""pass"", ""isHome"": true, ""outcome"": true, ""keypass"": false}",,
1046795,Savinho,14025226,rating-breakdown,passes,passes,,,,Manchester City,23.0,,62.3,4.7,57.4,11.3,True,True,1,boolean_field,success,True,,False,False,pass,rating-breakdown,True,62.3,4.7,57.4,11.3,pass,True,False,"{""playerCoordinates"": {""x"": 62.3, ""y"": 4.7}, ""passEndCoordinates"": {""x"": 57.4, ""y"": 11.3}, ""eventActionType"": ""pass"", ""isHome"": true, ""outcome"": true, ""keypass"": false}",,
1046795,Savinho,14025226,rating-breakdown,passes,passes,,,,Manchester City,23.0,,89.5,22.6,78.3,22.9,True,True,1,boolean_field,success,True,,False,False,pass,rating-breakdown,True,89.5,22.6,78.3,22.9,pass,True,False,"{""playerCoordinates"": {""x"": 89.5, ""y"": 22.6}, ""passEndCoordinates"": {""x"": 78.3, ""y"": 22.9}, ""eventActionType"": ""pass"", ""isHome"": true, ""outcome"": true, ""keypass"": false}",,
1046795,Savinho,14025226,rating-breakdown,passes,passes,,,,Manchester City,23.0,,95.4,9.2,80.6,7.6,True,True,1,boolean_field,success,True,,False,False,pass,rating-breakdown,True,95.4,9.2,80.6,7.6,pass,True,False,"{""playerCoordinates"": {""x"": 95.4, ""y"": 9.2}, ""passEndCoordinates"": {""x"": 80.6, ""y"": 7.6}, ""eventActionType"": ""pass"", ""isHome"": true, ""outcome"": true, ""keypass"": false}",,
1046795,Savinho,14025226,rating-breakdown,passes,passes,,,,Manchester City,23.0,,78.8,11.9,76.9,22.7,True,True,1,boolean_field,success,True,,False,False,pass,rating-breakdown,True,78.8,11.9,76.9,22.7,pass,True,False,"{""playerCoordinates"": {""x"": 78.8, ""y"": 11.9}, ""passEndCoordinates"": {""x"": 76.9, ""y"": 22.7}, ""eventActionType"": ""pass"", ""isHome"": true, ""outcome"": true, ""keypass"": false}",,
1046795,Savinho,14025226,rating-breakdown,passes,passes,,,,Manchester City,23.0,,78.1,17.1,69.4,14.5,True,True,1,boolean_field,success,True,,False,False,pass,rating-breakdown,True,78.1,17.1,69.4,14.5,pass,True,False,"{""playerCoordinates"": {""x"": 78.1, ""y"": 17.1}, ""passEndCoordinates"": {""x"": 69.4, ""y"": 14.5}, ""eventActionType"": ""pass"", ""isHome"": true, ""outcome"": true, ""keypass"": false}",,
1046795,Savinho,14025226,rating-breakdown,passes,passes,,,,Manchester City,23.0,,64.7,2.7,63.8,10.3,True,True,1,boolean_field,success,True,,False,False,pass,rating-breakdown,True,64.7,2.7,63.8,10.3,pass,True,False,"{""playerCoordinates"": {""x"": 64.7, ""y"": 2.7}, ""passEndCoordinates"": {""x"": 63.8, ""y"": 10.3}, ""eventActionType"": ""pass"", ""isHome"": true, ""outcome"": true, ""keypass"": false}",,
1046795,Savinho,14025226,rating-breakdown,passes,passes,,,,Manchester City,23.0,,60.7,9.9,56.1,19.9,True,True,1,boolean_field,success,True,,False,False,pass,rating-breakdown,True,60.7,9.9,56.1,19.9,pass,True,False,"{""playerCoordinates"": {""x"": 60.7, ""y"": 9.9}, ""passEndCoordinates"": {""x"": 56.1, ""y"": 19.9}, ""eventActionType"": ""pass"", ""isHome"": true, ""outcome"": true, ""keypass"": false}",,
1046795,Savinho,14025226,rating-breakdown,passes,passes,,,,Manchester City,23.0,,62.5,3.6,55.3,6.8,True,True,1,boolean_field,success,True,,False,False,pass,rating-breakdown,True,62.5,3.6,55.3,6.8,pass,True,False,"{""playerCoordinates"": {""x"": 62.5, ""y"": 3.6}, ""passEndCoordinates"": {""x"": 55.3, ""y"": 6.8}, ""eventActionType"": ""pass"", ""isHome"": true, ""outcome"": true, ""keypass"": false}",,
1046795,Savinho,14025226,rating-breakdown,passes,passes,,,,Manchester City,23.0,,79,23.5,96.6,49.4,,,,unresolvable,,,,False,False,pass,rating-breakdown,True,79,23.5,96.6,49.4,pass,True,False,"{""playerCoordinates"": {""x"": 79, ""y"": 23.5}, ""passEndCoordinates"": {""x"": 96.6, ""y"": 49.4}, ""eventActionType"": ""pass"", ""isHome"": true, ""keypass"": false}",,
1046795,Savinho,14025226,rating-breakdown,passes,passes,,,,Manchester City,23.0,,96.2,10.6,83.7,7.6,True,True,1,boolean_field,success,True,,False,False,pass,rating-breakdown,True,96.2,10.6,83.7,7.6,pass,True,False,"{""playerCoordinates"": {""x"": 96.2, ""y"": 10.6}, ""passEndCoordinates"": {""x"": 83.7, ""y"": 7.6}, ""eventActionType"": ""pass"", ""isHome"": true, ""outcome"": true, ""keypass"": false}",,
1046795,Savinho,14025226,rating-breakdown,passes,passes,,,,Manchester City,23.0,,77.9,6.6,73.4,17.3,True,True,1,boolean_field,success,True,,False,False,pass,rating-breakdown,True,77.9,6.6,73.4,17.3,pass,True,False,"{""playerCoordinates"": {""x"": 77.9, ""y"": 6.6}, ""passEndCoordinates"": {""x"": 73.4, ""y"": 17.3}, ""eventActionType"": ""pass"", ""isHome"": true, ""outcome"": true, ""keypass"": false}",,
1046795,Savinho,14025226,rating-breakdown,passes,passes,,,,Manchester City,23.0,,80.9,4.2,73.5,22.7,True,True,1,boolean_field,success,True,,False,False,pass,rating-breakdown,True,80.9,4.2,73.5,22.7,pass,True,False,"{""playerCoordinates"": {""x"": 80.9, ""y"": 4.2}, ""passEndCoordinates"": {""x"": 73.5, ""y"": 22.7}, ""eventActionType"": ""pass"", ""isHome"": true, ""outcome"": true, ""keypass"": false}",,
1046795,Savinho,14025226,rating-breakdown,passes,passes,,,,Manchester City,23.0,,71.2,6.5,62.4,15,True,True,1,boolean_field,success,True,,False,False,pass,rating-breakdown,True,71.2,6.5,62.4,15,pass,True,False,"{""playerCoordinates"": {""x"": 71.2, ""y"": 6.5}, ""passEndCoordinates"": {""x"": 62.4, ""y"": 15}, ""eventActionType"": ""pass"", ""isHome"": true, ""outcome"": true, ""keypass"": false}",,
1046795,Savinho,14025226,rating-breakdown,passes,passes,,,,Manchester City,23.0,,75.1,2.1,62.9,6.9,True,True,1,boolean_field,success,True,,False,False,pass,rating-breakdown,True,75.1,2.1,62.9,6.9,pass,True,False,"{""playerCoordinates"": {""x"": 75.1, ""y"": 2.1}, ""passEndCoordinates"": {""x"": 62.9, ""y"": 6.9}, ""eventActionType"": ""pass"", ""isHome"": true, ""outcome"": true, ""keypass"": false}",,
1046795,Savinho,14025226,rating-breakdown,passes,passes,,,,Manchester City,23.0,,46.7,41.5,38.9,22.6,True,True,1,boolean_field,success,True,,False,False,pass,rating-breakdown,True,46.7,41.5,38.9,22.6,pass,True,False,"{""playerCoordinates"": {""x"": 46.7, ""y"": 41.5}, ""passEndCoordinates"": {""x"": 38.9, ""y"": 22.6}, ""eventActionType"": ""pass"", ""isHome"": true, ""outcome"": true, ""keypass"": false}",,
1046795,Savinho,14025226,rating-breakdown,passes,passes,,,,Manchester City,23.0,,80.3,33.8,71,31,True,True,1,boolean_field,success,True,,False,False,pass,rating-breakdown,True,80.3,33.8,71,31,pass,True,False,"{""playerCoordinates"": {""x"": 80.3, ""y"": 33.8}, ""passEndCoordinates"": {""x"": 71, ""y"": 31}, ""eventActionType"": ""pass"", ""isHome"": true, ""outcome"": true, ""keypass"": false}",,
1046795,Savinho,14025226,rating-breakdown,ball-carries,ball-carries,,,,Manchester City,23.0,,67.41,2.652,68.565,5.576,,,,unresolvable,,,,False,False,,rating-breakdown,True,67.41,2.652,68.565,5.576,ball-carry,True,,"{""playerCoordinates"": {""x"": 67.41, ""y"": 2.652}, ""passEndCoordinates"": {""x"": 68.565, ""y"": 5.576}, ""eventActionType"": ""ball-carry"", ""isHome"": true}",,
1046795,Savinho,14025226,rating-breakdown,ball-carries,ball-carries,,,,Manchester City,23.0,,76.65,15.64,81.9,17.408,,,,unresolvable,,,,False,False,,rating-breakdown,True,76.65,15.64,81.9,17.408,ball-carry,True,,"{""playerCoordinates"": {""x"": 76.65, ""y"": 15.64}, ""passEndCoordinates"": {""x"": 81.9, ""y"": 17.408}, ""eventActionType"": ""ball-carry"", ""isHome"": true}",,
1046795,Savinho,14025226,rating-breakdown,ball-carries,ball-carries,,,,Manchester City,23.0,,32.55,4.488,39.795,8.84,,,,unresolvable,,,,False,False,,rating-breakdown,True,32.55,4.488,39.795,8.84,ball-carry,True,,"{""playerCoordinates"": {""x"": 32.55, ""y"": 4.488}, ""passEndCoordinates"": {""x"": 39.795, ""y"": 8.84}, ""eventActionType"": ""ball-carry"", ""isHome"": true}",,
1046795,Savinho,14025226,rating-breakdown,ball-carries,ball-carries,,,,Manchester City,23.0,,89.46,10.404,99.855,15.98,,,,unresolvable,,,,False,False,,rating-breakdown,True,89.46,10.404,99.855,15.98,ball-carry,True,,"{""playerCoordinates"": {""x"": 89.46, ""y"": 10.404}, ""passEndCoordinates"": {""x"": 99.855, ""y"": 15.98}, ""eventActionType"": ""ball-carry"", ""isHome"": true}",,
1046795,Savinho,14025226,rating-breakdown,ball-carries,ball-carries,,,,Manchester City,23.0,,63.63,6.052,65.415,3.196,,,,unresolvable,,,,False,False,,rating-breakdown,True,63.63,6.052,65.415,3.196,ball-carry,True,,"{""playerCoordinates"": {""x"": 63.63, ""y"": 6.052}, ""passEndCoordinates"": {""x"": 65.415, ""y"": 3.196}, ""eventActionType"": ""ball-carry"", ""isHome"": true}",,
1046795,Savinho,14025226,rating-breakdown,ball-carries,ball-carries,,,,Manchester City,23.0,,84.84,8.568,93.975,15.368,,,,unresolvable,,,,False,False,,rating-breakdown,True,84.84,8.568,93.975,15.368,ball-carry,True,,"{""playerCoordinates"": {""x"": 84.84, ""y"": 8.568}, ""passEndCoordinates"": {""x"": 93.975, ""y"": 15.368}, ""eventActionType"": ""ball-carry"", ""isHome"": true}",,
1046795,Savinho,14025226,rating-breakdown,ball-carries,ball-carries,,,,Manchester City,23.0,,86.73,6.188,82.74,8.092,,,,unresolvable,,,,False,False,,rating-breakdown,True,86.73,6.188,82.74,8.092,ball-carry,True,,"{""playerCoordinates"": {""x"": 86.73, ""y"": 6.188}, ""passEndCoordinates"": {""x"": 82.74, ""y"": 8.092}, ""eventActionType"": ""ball-carry"", ""isHome"": true}",,
1046795,Savinho,14025226,rating-breakdown,ball-carries,ball-carries,,,,Manchester City,23.0,,84.21,7.072,82.005,11.628,,,,unresolvable,,,,False,False,,rating-breakdown,True,84.21,7.072,82.005,11.628,ball-carry,True,,"{""playerCoordinates"": {""x"": 84.21, ""y"": 7.072}, ""passEndCoordinates"": {""x"": 82.005, ""y"": 11.628}, ""eventActionType"": ""ball-carry"", ""isHome"": true}",,
1046795,Savinho,14025226,rating-breakdown,ball-carries,ball-carries,,,,Manchester City,23.0,,71.82,2.448,65.625,2.448,,,,unresolvable,,,,False,False,,rating-breakdown,True,71.82,2.448,65.625,2.448,ball-carry,True,,"{""playerCoordinates"": {""x"": 71.82, ""y"": 2.448}, ""passEndCoordinates"": {""x"": 65.625, ""y"": 2.448}, ""eventActionType"": ""ball-carry"", ""isHome"": true}",,
1046795,Savinho,14025226,rating-breakdown,ball-carries,ball-carries,,,,Manchester City,23.0,,80.115,5.644,82.95,15.98,,,,unresolvable,,,,False,False,,rating-breakdown,True,80.115,5.644,82.95,15.98,ball-carry,True,,"{""playerCoordinates"": {""x"": 80.115, ""y"": 5.644}, ""passEndCoordinates"": {""x"": 82.95, ""y"": 15.98}, ""eventActionType"": ""ball-carry"", ""isHome"": true}",,
1046795,Savinho,14025226,rating-breakdown,ball-carries,ball-carries,,,,Manchester City,23.0,,88.515,2.584,84.945,2.856,,,,unresolvable,,,,False,False,,rating-breakdown,True,88.515,2.584,84.945,2.856,ball-carry,True,,"{""playerCoordinates"": {""x"": 88.515, ""y"": 2.584}, ""passEndCoordinates"": {""x"": 84.945, ""y"": 2.856}, ""eventActionType"": ""ball-carry"", ""isHome"": true}",,
1046795,Savinho,14025226,rating-breakdown,ball-carries,ball-carries,,,,Manchester City,23.0,,55.44,35.836,47.88,33.184,,,,unresolvable,,,,False,False,,rating-breakdown,True,55.44,35.836,47.88,33.184,ball-carry,True,,"{""playerCoordinates"": {""x"": 55.44, ""y"": 35.836}, ""passEndCoordinates"": {""x"": 47.88, ""y"": 33.184}, ""eventActionType"": ""ball-carry"", ""isHome"": true}",,
1046795,Savinho,14025226,rating-breakdown,ball-carries,ball-carries,,,,Manchester City,23.0,,47.88,33.184,49.035,28.22,,,,unresolvable,,,,False,False,,rating-breakdown,True,47.88,33.184,49.035,28.22,ball-carry,True,,"{""playerCoordinates"": {""x"": 47.88, ""y"": 33.184}, ""passEndCoordinates"": {""x"": 49.035, ""y"": 28.22}, ""eventActionType"": ""ball-carry"", ""isHome"": true}",,
1046795,Savinho,14025226,rating-breakdown,ball-carries,ball-carries,,,,Manchester City,23.0,,59.535,20.808,9.765,46.92,,,,unresolvable,,,,False,False,,rating-breakdown,True,59.535,20.808,9.765,46.92,ball-carry,True,,"{""playerCoordinates"": {""x"": 59.535, ""y"": 20.808}, ""passEndCoordinates"": {""x"": 9.765, ""y"": 46.92}, ""eventActionType"": ""ball-carry"", ""isHome"": true}",,
1046795,Savinho,14025226,rating-breakdown,defensive,defensive,,,,Manchester City,23.0,,45.6,48.8,,,True,True,1,boolean_field,success,,True,False,False,,rating-breakdown,True,45.6,48.8,,,ball-recovery,True,False,"{""playerCoordinates"": {""x"": 45.6, ""y"": 48.8}, ""eventActionType"": ""ball-recovery"", ""isHome"": true, ""outcome"": true, ""keypass"": false}",,
1046795,Savinho,14025226,rating-breakdown,defensive,defensive,,,,Manchester City,23.0,,56.7,30.6,,,True,True,1,boolean_field,success,,True,False,False,,rating-breakdown,True,56.7,30.6,,,ball-recovery,True,False,"{""playerCoordinates"": {""x"": 56.7, ""y"": 30.6}, ""eventActionType"": ""ball-recovery"", ""isHome"": true, ""outcome"": true, ""keypass"": false}",,
1046795,Savinho,14025248,rating-breakdown,passes,passes,,,,Manchester City,17.0,,86.3,8.6,74.5,15.4,True,True,1,boolean_field,success,True,,False,False,pass,rating-breakdown,True,86.3,8.6,74.5,15.4,pass,False,False,"{""playerCoordinates"": {""x"": 86.3, ""y"": 8.6}, ""passEndCoordinates"": {""x"": 74.5, ""y"": 15.4}, ""eventActionType"": ""pass"", ""isHome"": false, ""outcome"": true, ""keypass"": false}",,
1046795,Savinho,14025248,rating-breakdown,passes,passes,,,,Manchester City,17.0,,93.2,10.2,78.4,15.3,True,True,1,boolean_field,success,True,,False,False,pass,rating-breakdown,True,93.2,10.2,78.4,15.3,pass,False,False,"{""playerCoordinates"": {""x"": 93.2, ""y"": 10.2}, ""passEndCoordinates"": {""x"": 78.4, ""y"": 15.3}, ""eventActionType"": ""pass"", ""isHome"": false, ""outcome"": true, ""keypass"": false}",,
1046795,Savinho,14025248,rating-breakdown,passes,passes,,,,Manchester City,17.0,,87.5,12.3,76.2,16.8,True,True,1,boolean_field,success,True,,False,False,pass,rating-breakdown,True,87.5,12.3,76.2,16.8,pass,False,False,"{""playerCoordinates"": {""x"": 87.5, ""y"": 12.3}, ""passEndCoordinates"": {""x"": 76.2, ""y"": 16.8}, ""eventActionType"": ""pass"", ""isHome"": false, ""outcome"": true, ""keypass"": false}",,
1046795,Savinho,14025248,rating-breakdown,passes,passes,,,,Manchester City,17.0,,97.8,25.3,95.4,44.5,,,,unresolvable,,,,False,False,pass,rating-breakdown,True,97.8,25.3,95.4,44.5,cross,False,False,"{""playerCoordinates"": {""x"": 97.8, ""y"": 25.3}, ""passEndCoordinates"": {""x"": 95.4, ""y"": 44.5}, ""eventActionType"": ""cross"", ""isHome"": false, ""keypass"": false}",,
1046795,Savinho,14025248,rating-breakdown,passes,passes,,,,Manchester City,17.0,,79.5,6.9,70.5,9.9,True,True,1,boolean_field,success,True,,False,False,pass,rating-breakdown,True,79.5,6.9,70.5,9.9,pass,False,False,"{""playerCoordinates"": {""x"": 79.5, ""y"": 6.9}, ""passEndCoordinates"": {""x"": 70.5, ""y"": 9.9}, ""eventActionType"": ""pass"", ""isHome"": false, ""outcome"": true, ""keypass"": false}",,
1046795,Savinho,14025248,rating-breakdown,passes,passes,,,,Manchester City,17.0,,62.1,7.9,87.4,62.1,,,,unresolvable,,,,False,False,pass,rating-breakdown,True,62.1,7.9,87.4,62.1,pass,False,False,"{""playerCoordinates"": {""x"": 62.1, ""y"": 7.9}, ""passEndCoordinates"": {""x"": 87.4, ""y"": 62.1}, ""eventActionType"": ""pass"", ""isHome"": false, ""keypass"": false, ""isLongBall"": true}",True,
1046795,Savinho,14025248,rating-breakdown,passes,passes,,,,Manchester City,17.0,,56.2,9.4,35.7,12.1,True,True,1,boolean_field,success,True,,False,False,pass,rating-breakdown,True,56.2,9.4,35.7,12.1,pass,False,False,"{""playerCoordinates"": {""x"": 56.2, ""y"": 9.4}, ""passEndCoordinates"": {""x"": 35.7, ""y"": 12.1}, ""eventActionType"": ""pass"", ""isHome"": false, ""outcome"": true, ""keypass"": false}",,
1046795,Savinho,14025248,rating-breakdown,passes,passes,,,,Manchester City,17.0,,87.1,20.5,77.1,39.1,True,True,1,boolean_field,success,True,,False,False,pass,rating-breakdown,True,87.1,20.5,77.1,39.1,pass,False,False,"{""playerCoordinates"": {""x"": 87.1, ""y"": 20.5}, ""passEndCoordinates"": {""x"": 77.1, ""y"": 39.1}, ""eventActionType"": ""pass"", ""isHome"": false, ""outcome"": true, ""keypass"": false}",,
1046795,Savinho,14025248,rating-breakdown,passes,passes,,,,Manchester City,17.0,,87.9,16.3,78.9,18.3,True,True,1,boolean_field,success,True,,False,False,pass,rating-breakdown,True,87.9,16.3,78.9,18.3,pass,False,False,"{""playerCoordinates"": {""x"": 87.9, ""y"": 16.3}, ""passEndCoordinates"": {""x"": 78.9, ""y"": 18.3}, ""eventActionType"": ""pass"", ""isHome"": false, ""outcome"": true, ""keypass"": false}",,
1046795,Savinho,14025248,rating-breakdown,passes,passes,,,,Manchester City,17.0,,93.9,7.2,84.7,7.8,True,True,1,boolean_field,success,True,,False,False,pass,rating-breakdown,True,93.9,7.2,84.7,7.8,pass,False,False,"{""playerCoordinates"": {""x"": 93.9, ""y"": 7.2}, ""passEndCoordinates"": {""x"": 84.7, ""y"": 7.8}, ""eventActionType"": ""pass"", ""isHome"": false, ""outcome"": true, ""keypass"": false}",,
1046795,Savinho,14025248,rating-breakdown,passes,passes,,,,Manchester City,17.0,,85.1,3.9,71.3,7.6,True,True,1,boolean_field,success,True,,False,False,pass,rating-breakdown,True,85.1,3.9,71.3,7.6,pass,False,False,"{""playerCoordinates"": {""x"": 85.1, ""y"": 3.9}, ""passEndCoordinates"": {""x"": 71.3, ""y"": 7.6}, ""eventActionType"": ""pass"", ""isHome"": false, ""outcome"": true, ""keypass"": false}",,
1046795,Savinho,14025248,rating-breakdown,passes,passes,,,,Manchester City,17.0,,24.5,34.5,48.1,43.9,,,,unresolvable,,,,False,False,pass,rating-breakdown,True,24.5,34.5,48.1,43.9,pass,False,False,"{""playerCoordinates"": {""x"": 24.5, ""y"": 34.5}, ""passEndCoordinates"": {""x"": 48.1, ""y"": 43.9}, ""eventActionType"": ""pass"", ""isHome"": false, ""keypass"": false, ""isLongBall"": true}",True,
1046795,Savinho,14025248,rating-breakdown,dribbles,dribbles,,,,Manchester City,17.0,,88.6,10.4,,,,,,unresolvable,,,,False,False,,rating-breakdown,True,88.6,10.4,,,dribble,False,False,"{""playerCoordinates"": {""x"": 88.6, ""y"": 10.4}, ""eventActionType"": ""dribble"", ""isHome"": false, ""keypass"": false}",,
1046795,Savinho,14025248,rating-breakdown,dribbles,dribbles,,,,Manchester City,17.0,,57.4,9.4,,,,,,unresolvable,,,,False,False,,rating-breakdown,True,57.4,9.4,,,dribble,False,False,"{""playerCoordinates"": {""x"": 57.4, ""y"": 9.4}, ""eventActionType"": ""dribble"", ""isHome"": false, ""keypass"": false}",,
1046795,Savinho,14025248,rating-breakdown,dribbles,dribbles,,,,Manchester City,17.0,,84.3,26.7,,,True,True,1,boolean_field,success,,True,False,False,,rating-breakdown,True,84.3,26.7,,,dribble,False,False,"{""playerCoordinates"": {""x"": 84.3, ""y"": 26.7}, ""eventActionType"": ""dribble"", ""isHome"": false, ""outcome"": true, ""keypass"": false}",,
1046795,Savinho,14025270,rating-breakdown,passes,passes,,,,Manchester City,51.0,,90,86.3,91.6,64,,,,unresolvable,,,,False,False,pass,rating-breakdown,True,90,86.3,91.6,64,cross,False,False,"{""playerCoordinates"": {""x"": 90, ""y"": 86.3}, ""passEndCoordinates"": {""x"": 91.6, ""y"": 64}, ""eventActionType"": ""cross"", ""isHome"": false, ""keypass"": false}",,
1046795,Savinho,14025270,rating-breakdown,passes,passes,,,,Manchester City,51.0,,36.8,80.8,53.4,75.7,,,,unresolvable,,,,False,False,pass,rating-breakdown,True,36.8,80.8,53.4,75.7,pass,False,False,"{""playerCoordinates"": {""x"": 36.8, ""y"": 80.8}, ""passEndCoordinates"": {""x"": 53.4, ""y"": 75.7}, ""eventActionType"": ""pass"", ""isHome"": false, ""keypass"": false}",,
1046795,Savinho,14025270,rating-breakdown,passes,passes,,,,Manchester City,51.0,,95.3,90.8,91.7,29.1,True,True,1,boolean_field,success,True,,False,False,pass,rating-breakdown,True,95.3,90.8,91.7,29.1,cross,False,False,"{""playerCoordinates"": {""x"": 95.3, ""y"": 90.8}, ""passEndCoordinates"": {""x"": 91.7, ""y"": 29.1}, ""eventActionType"": ""cross"", ""isHome"": false, ""outcome"": true, ""keypass"": false, ""isLongBall"": true}",True,
1046795,Savinho,14025270,rating-breakdown,passes,passes,,,,Manchester City,51.0,,75.3,98.3,75.7,95.6,,,,unresolvable,,,,False,False,pass,rating-breakdown,True,75.3,98.3,75.7,95.6,pass,False,False,"{""playerCoordinates"": {""x"": 75.3, ""y"": 98.3}, ""passEndCoordinates"": {""x"": 75.7, ""y"": 95.6}, ""eventActionType"": ""pass"", ""isHome"": false, ""keypass"": false}",,
1046795,Savinho,14025270,rating-breakdown,passes,passes,,,,Manchester City,51.0,,75.1,96.9,59.8,96.9,True,True,1,boolean_field,success,True,,False,False,pass,rating-breakdown,True,75.1,96.9,59.8,96.9,pass,False,False,"{""playerCoordinates"": {""x"": 75.1, ""y"": 96.9}, ""passEndCoordinates"": {""x"": 59.8, ""y"": 96.9}, ""eventActionType"": ""pass"", ""isHome"": false, ""outcome"": true, ""keypass"": false}",,
1046795,Savinho,14025270,rating-breakdown,passes,passes,,,,Manchester City,51.0,,70.9,94.7,57.8,86.6,True,True,1,boolean_field,success,True,,False,False,pass,rating-breakdown,True,70.9,94.7,57.8,86.6,pass,False,False,"{""playerCoordinates"": {""x"": 70.9, ""y"": 94.7}, ""passEndCoordinates"": {""x"": 57.8, ""y"": 86.6}, ""eventActionType"": ""pass"", ""isHome"": false, ""outcome"": true, ""keypass"": false}",,
1046795,Savinho,14025270,rating-breakdown,passes,passes,,,,Manchester City,51.0,,68.5,94.8,64.5,76.9,True,True,1,boolean_field,success,True,,False,False,pass,rating-breakdown,True,68.5,94.8,64.5,76.9,pass,False,False,"{""playerCoordinates"": {""x"": 68.5, ""y"": 94.8}, ""passEndCoordinates"": {""x"": 64.5, ""y"": 76.9}, ""eventActionType"": ""pass"", ""isHome"": false, ""outcome"": true, ""keypass"": false}",,
1046795,Savinho,14025270,rating-breakdown,passes,passes,,,,Manchester City,51.0,,77.9,94.1,68.4,77.5,True,True,1,boolean_field,success,True,,False,False,pass,rating-breakdown,True,77.9,94.1,68.4,77.5,pass,False,False,"{""playerCoordinates"": {""x"": 77.9, ""y"": 94.1}, ""passEndCoordinates"": {""x"": 68.4, ""y"": 77.5}, ""eventActionType"": ""pass"", ""isHome"": false, ""outcome"": true, ""keypass"": false}",,
1046795,Savinho,14025270,rating-breakdown,passes,passes,,,,Manchester City,51.0,,98.1,83.9,86,51.5,True,True,1,boolean_field,success,True,,False,False,pass,rating-breakdown,True,98.1,83.9,86,51.5,cross,False,False,"{""playerCoordinates"": {""x"": 98.1, ""y"": 83.9}, ""passEndCoordinates"": {""x"": 86, ""y"": 51.5}, ""eventActionType"": ""cross"", ""isHome"": false, ""outcome"": true, ""keypass"": false}",,
1046795,Savinho,14025270,rating-breakdown,passes,passes,,,,Manchester City,51.0,,70.7,77.3,66.7,67.9,True,True,1,boolean_field,success,True,,False,False,pass,rating-breakdown,True,70.7,77.3,66.7,67.9,pass,False,False,"{""playerCoordinates"": {""x"": 70.7, ""y"": 77.3}, ""passEndCoordinates"": {""x"": 66.7, ""y"": 67.9}, ""eventActionType"": ""pass"", ""isHome"": false, ""outcome"": true, ""keypass"": false}",,
1046795,Savinho,14025270,rating-breakdown,passes,passes,,,,Manchester City,51.0,,33.2,86.5,29,91.5,True,True,1,boolean_field,success,True,,False,False,pass,rating-breakdown,True,33.2,86.5,29,91.5,pass,False,False,"{""playerCoordinates"": {""x"": 33.2, ""y"": 86.5}, ""passEndCoordinates"": {""x"": 29, ""y"": 91.5}, ""eventActionType"": ""pass"", ""isHome"": false, ""outcome"": true, ""keypass"": false}",,
1046795,Savinho,14025270,rating-breakdown,passes,passes,,,,Manchester City,51.0,,61.3,96.8,55.3,92.9,True,True,1,boolean_field,success,True,,False,False,pass,rating-breakdown,True,61.3,96.8,55.3,92.9,pass,False,False,"{""playerCoordinates"": {""x"": 61.3, ""y"": 96.8}, ""passEndCoordinates"": {""x"": 55.3, ""y"": 92.9}, ""eventActionType"": ""pass"", ""isHome"": false, ""outcome"": true, ""keypass"": false}",,
1046795,Savinho,14025270,rating-breakdown,passes,passes,,,,Manchester City,51.0,,88.3,91.2,86.8,0,,,,unresolvable,,,,False,False,pass,rating-breakdown,True,88.3,91.2,86.8,0,cross,False,False,"{""playerCoordinates"": {""x"": 88.3, ""y"": 91.2}, ""passEndCoordinates"": {""x"": 86.8, ""y"": 0}, ""eventActionType"": ""cross"", ""isHome"": false, ""keypass"": false, ""isLongBall"": true}",True,
1046795,Savinho,14025270,rating-breakdown,passes,passes,,,,Manchester City,51.0,,89.2,83.5,95.4,52.4,,,,unresolvable,,,,False,False,pass,rating-breakdown,True,89.2,83.5,95.4,52.4,cross,False,False,"{""playerCoordinates"": {""x"": 89.2, ""y"": 83.5}, ""passEndCoordinates"": {""x"": 95.4, ""y"": 52.4}, ""eventActionType"": ""cross"", ""isHome"": false, ""keypass"": false}",,
1046795,Savinho,14025270,rating-breakdown,passes,passes,,,,Manchester City,51.0,,71.6,93.2,96.8,72.3,True,True,1,boolean_field,success,True,,False,False,pass,rating-breakdown,True,71.6,93.2,96.8,72.3,pass,False,False,"{""playerCoordinates"": {""x"": 71.6, ""y"": 93.2}, ""passEndCoordinates"": {""x"": 96.8, ""y"": 72.3}, ""eventActionType"": ""pass"", ""isHome"": false, ""outcome"": true, ""keypass"": false}",,
1046795,Savinho,14025270,rating-breakdown,passes,passes,,,,Manchester City,51.0,,48,76.3,36.5,74,True,True,1,boolean_field,success,True,,False,False,pass,rating-breakdown,True,48,76.3,36.5,74,pass,False,False,"{""playerCoordinates"": {""x"": 48, ""y"": 76.3}, ""passEndCoordinates"": {""x"": 36.5, ""y"": 74}, ""eventActionType"": ""pass"", ""isHome"": false, ""outcome"": true, ""keypass"": false}",,
1046795,Savinho,14025270,rating-breakdown,passes,passes,,,,Manchester City,51.0,,62.3,55.8,53.4,73.2,True,True,1,boolean_field,success,True,,False,False,pass,rating-breakdown,True,62.3,55.8,53.4,73.2,pass,False,False,"{""playerCoordinates"": {""x"": 62.3, ""y"": 55.8}, ""passEndCoordinates"": {""x"": 53.4, ""y"": 73.2}, ""eventActionType"": ""pass"", ""isHome"": false, ""outcome"": true, ""keypass"": false}",,
1046795,Savinho,14025270,rating-breakdown,passes,passes,,,,Manchester City,51.0,,62.8,95.4,66.7,85.4,True,True,1,boolean_field,success,True,,False,False,pass,rating-breakdown,True,62.8,95.4,66.7,85.4,pass,False,False,"{""playerCoordinates"": {""x"": 62.8, ""y"": 95.4}, ""passEndCoordinates"": {""x"": 66.7, ""y"": 85.4}, ""eventActionType"": ""pass"", ""isHome"": false, ""outcome"": true, ""keypass"": false}",,
1046795,Savinho,14025270,rating-breakdown,passes,passes,,,,Manchester City,51.0,,58.5,96.5,52.7,68.2,True,True,1,boolean_field,success,True,,False,False,pass,rating-breakdown,True,58.5,96.5,52.7,68.2,pass,False,False,"{""playerCoordinates"": {""x"": 58.5, ""y"": 96.5}, ""passEndCoordinates"": {""x"": 52.7, ""y"": 68.2}, ""eventActionType"": ""pass"", ""isHome"": false, ""outcome"": true, ""keypass"": false}",,
1046795,Savinho,14025270,rating-breakdown,passes,passes,,,,Manchester City,51.0,,61.2,80.9,61.7,60.2,True,True,1,boolean_field,success,True,,False,False,pass,rating-breakdown,True,61.2,80.9,61.7,60.2,pass,False,False,"{""playerCoordinates"": {""x"": 61.2, ""y"": 80.9}, ""passEndCoordinates"": {""x"": 61.7, ""y"": 60.2}, ""eventActionType"": ""pass"", ""isHome"": false, ""outcome"": true, ""keypass"": false}",,
1046795,Savinho,14025270,rating-breakdown,passes,passes,,,,Manchester City,51.0,,94.8,74.7,97.3,25,True,True,1,boolean_field,success,True,,False,False,pass,rating-breakdown,True,94.8,74.7,97.3,25,pass,False,False,"{""playerCoordinates"": {""x"": 94.8, ""y"": 74.7}, ""passEndCoordinates"": {""x"": 97.3, ""y"": 25}, ""eventActionType"": ""pass"", ""isHome"": false, ""outcome"": true, ""keypass"": false, ""isLongBall"": true}",True,
1046795,Savinho,14025270,rating-breakdown,passes,passes,,,,Manchester City,51.0,,90.2,84.7,90.7,82.4,,,,unresolvable,,,,False,False,pass,rating-breakdown,True,90.2,84.7,90.7,82.4,cross,False,False,"{""playerCoordinates"": {""x"": 90.2, ""y"": 84.7}, ""passEndCoordinates"": {""x"": 90.7, ""y"": 82.4}, ""eventActionType"": ""cross"", ""isHome"": false, ""keypass"": false}",,
1046795,Savinho,14025270,rating-breakdown,passes,passes,,,,Manchester City,51.0,,62.9,87.5,55.6,74.8,True,True,1,boolean_field,success,True,,False,False,pass,rating-breakdown,True,62.9,87.5,55.6,74.8,pass,False,False,"{""playerCoordinates"": {""x"": 62.9, ""y"": 87.5}, ""passEndCoordinates"": {""x"": 55.6, ""y"": 74.8}, ""eventActionType"": ""pass"", ""isHome"": false, ""outcome"": true, ""keypass"": false}",,
1046795,Savinho,14025270,rating-breakdown,passes,passes,,,,Manchester City,51.0,,29.9,96.8,34.4,87.1,True,True,1,boolean_field,success,True,,False,False,pass,rating-breakdown,True,29.9,96.8,34.4,87.1,pass,False,False,"{""playerCoordinates"": {""x"": 29.9, ""y"": 96.8}, ""passEndCoordinates"": {""x"": 34.4, ""y"": 87.1}, ""eventActionType"": ""pass"", ""isHome"": false, ""outcome"": true, ""keypass"": false}",,
1046795,Savinho,14025270,rating-breakdown,defensive,defensive,,,,Manchester City,51.0,,31,81.2,,,True,True,1,boolean_field,success,,True,False,False,,rating-breakdown,True,31,81.2,,,ball-recovery,False,False,"{""playerCoordinates"": {""x"": 31, ""y"": 81.2}, ""eventActionType"": ""ball-recovery"", ""isHome"": false, ""outcome"": true, ""keypass"": false}",,
1046795,Savinho,14025270,rating-breakdown,defensive,defensive,,,,Manchester City,51.0,,61.6,88.4,,,True,True,1,boolean_field,success,,True,False,False,,rating-breakdown,True,61.6,88.4,,,ball-recovery,False,False,"{""playerCoordinates"": {""x"": 61.6, ""y"": 88.4}, ""eventActionType"": ""ball-recovery"", ""isHome"": false, ""outcome"": true, ""keypass"": false}",,
1046795,Savinho,14025270,rating-breakdown,defensive,defensive,,,,Manchester City,51.0,,33.2,86.5,,,True,True,1,boolean_field,success,,True,False,False,,rating-breakdown,True,33.2,86.5,,,ball-recovery,False,False,"{""playerCoordinates"": {""x"": 33.2, ""y"": 86.5}, ""eventActionType"": ""ball-recovery"", ""isHome"": false, ""outcome"": true, ""keypass"": false}",,
1046795,Savinho,14025270,rating-breakdown,defensive,defensive,,,,Manchester City,51.0,,37.1,81.4,,,True,True,1,boolean_field,success,,True,False,False,,rating-breakdown,True,37.1,81.4,,,interception,False,False,"{""playerCoordinates"": {""x"": 37.1, ""y"": 81.4}, ""eventActionType"": ""interception"", ""isHome"": false, ""outcome"": true, ""keypass"": false}",,
1046795,Savinho,14025270,rating-breakdown,defensive,defensive,,,,Manchester City,51.0,,29.9,96.8,,,True,True,1,boolean_field,success,,True,False,False,,rating-breakdown,True,29.9,96.8,,,ball-recovery,False,False,"{""playerCoordinates"": {""x"": 29.9, ""y"": 96.8}, ""eventActionType"": ""ball-recovery"", ""isHome"": false, ""outcome"": true, ""keypass"": false}",,
1046795,Savinho,14023974,rating-breakdown,passes,passes,,,,Manchester City,22.0,,24.2,11.6,34.2,20.6,True,True,1,boolean_field,success,True,,False,False,pass,rating-breakdown,True,24.2,11.6,34.2,20.6,pass,False,False,"{""playerCoordinates"": {""x"": 24.2, ""y"": 11.6}, ""passEndCoordinates"": {""x"": 34.2, ""y"": 20.6}, ""eventActionType"": ""pass"", ""isHome"": false, ""outcome"": true, ""keypass"": false}",,
1046795,Savinho,14023974,rating-breakdown,passes,passes,,,,Manchester City,22.0,,41.1,29.8,62.1,47.3,,,,unresolvable,,,,False,False,pass,rating-breakdown,True,41.1,29.8,62.1,47.3,pass,False,False,"{""playerCoordinates"": {""x"": 41.1, ""y"": 29.8}, ""passEndCoordinates"": {""x"": 62.1, ""y"": 47.3}, ""eventActionType"": ""pass"", ""isHome"": false, ""keypass"": false, ""isLongBall"": true}",True,
1046795,Savinho,14023974,rating-breakdown,ball-carries,ball-carries,,,,Manchester City,22.0,,21,11,24.2,11.6,,,,unresolvable,,,,False,False,,rating-breakdown,True,21,11,24.2,11.6,ball-carry,False,,"{""playerCoordinates"": {""x"": 21, ""y"": 11}, ""passEndCoordinates"": {""x"": 24.2, ""y"": 11.6}, ""eventActionType"": ""ball-carry"", ""isHome"": false}",,
1046795,Savinho,14023974,rating-breakdown,defensive,defensive,,,,Manchester City,22.0,,16.1,7.9,,,True,True,1,boolean_field,success,,True,False,False,,rating-breakdown,True,16.1,7.9,,,tackle,False,False,"{""playerCoordinates"": {""x"": 16.1, ""y"": 7.9}, ""eventActionType"": ""tackle"", ""isHome"": false, ""outcome"": true, ""keypass"": false}",,
1046795,Savinho,14023974,rating-breakdown,defensive,defensive,,,,Manchester City,22.0,,21,11,,,True,True,1,boolean_field,success,,True,False,False,,rating-breakdown,True,21,11,,,ball-recovery,False,False,"{""playerCoordinates"": {""x"": 21, ""y"": 11}, ""eventActionType"": ""ball-recovery"", ""isHome"": false, ""outcome"": true, ""keypass"": false}",,
1046795,Savinho,14023984,rating-breakdown,passes,passes,,,,Manchester City,8.0,,98.3,16.8,97.9,20.1,,,,unresolvable,,,,False,False,pass,rating-breakdown,True,98.3,16.8,97.9,20.1,cross,True,False,"{""playerCoordinates"": {""x"": 98.3, ""y"": 16.8}, ""passEndCoordinates"": {""x"": 97.9, ""y"": 20.1}, ""eventActionType"": ""cross"", ""isHome"": true, ""keypass"": false}",,
1046795,Savinho,14023984,rating-breakdown,passes,passes,,,,Manchester City,8.0,,80,23.1,74.4,50.4,True,True,1,boolean_field,success,True,,False,False,pass,rating-breakdown,True,80,23.1,74.4,50.4,pass,True,False,"{""playerCoordinates"": {""x"": 80, ""y"": 23.1}, ""passEndCoordinates"": {""x"": 74.4, ""y"": 50.4}, ""eventActionType"": ""pass"", ""isHome"": true, ""outcome"": true, ""keypass"": false}",,
1046795,Savinho,14023984,rating-breakdown,passes,passes,,,,Manchester City,8.0,,75.3,38.7,74.7,64.2,True,True,1,boolean_field,success,True,,False,False,pass,rating-breakdown,True,75.3,38.7,74.7,64.2,pass,True,False,"{""playerCoordinates"": {""x"": 75.3, ""y"": 38.7}, ""passEndCoordinates"": {""x"": 74.7, ""y"": 64.2}, ""eventActionType"": ""pass"", ""isHome"": true, ""outcome"": true, ""keypass"": false}",,
1046795,Savinho,14023984,rating-breakdown,passes,passes,,,,Manchester City,8.0,,95.2,17.8,95.4,46.3,,,,unresolvable,,,,False,False,pass,rating-breakdown,True,95.2,17.8,95.4,46.3,cross,True,False,"{""playerCoordinates"": {""x"": 95.2, ""y"": 17.8}, ""passEndCoordinates"": {""x"": 95.4, ""y"": 46.3}, ""eventActionType"": ""cross"", ""isHome"": true, ""keypass"": false}",,
1046795,Savinho,14023984,rating-breakdown,passes,passes,,,,Manchester City,8.0,,90.6,14.1,90.2,42.4,,,,unresolvable,,,,False,False,pass,rating-breakdown,True,90.6,14.1,90.2,42.4,cross,True,False,"{""playerCoordinates"": {""x"": 90.6, ""y"": 14.1}, ""passEndCoordinates"": {""x"": 90.2, ""y"": 42.4}, ""eventActionType"": ""cross"", ""isHome"": true, ""keypass"": false}",,
1046795,Savinho,14023984,rating-breakdown,passes,passes,,,,Manchester City,8.0,,99.2,25.3,96.6,43.6,,,,unresolvable,,,,False,False,pass,rating-breakdown,True,99.2,25.3,96.6,43.6,pass,True,False,"{""playerCoordinates"": {""x"": 99.2, ""y"": 25.3}, ""passEndCoordinates"": {""x"": 96.6, ""y"": 43.6}, ""eventActionType"": ""pass"", ""isHome"": true, ""keypass"": false}",,
1046795,Savinho,14023984,rating-breakdown,passes,passes,,,,Manchester City,8.0,,93.5,15.4,87.4,53.7,,,,unresolvable,,,,False,False,pass,rating-breakdown,True,93.5,15.4,87.4,53.7,cross,True,False,"{""playerCoordinates"": {""x"": 93.5, ""y"": 15.4}, ""passEndCoordinates"": {""x"": 87.4, ""y"": 53.7}, ""eventActionType"": ""cross"", ""isHome"": true, ""keypass"": false}",,
1046795,Savinho,14023984,rating-breakdown,passes,passes,,,,Manchester City,8.0,,67,10.9,57.5,35.7,True,True,1,boolean_field,success,True,,False,False,pass,rating-breakdown,True,67,10.9,57.5,35.7,pass,True,False,"{""playerCoordinates"": {""x"": 67, ""y"": 10.9}, ""passEndCoordinates"": {""x"": 57.5, ""y"": 35.7}, ""eventActionType"": ""pass"", ""isHome"": true, ""outcome"": true, ""keypass"": false}",,
1046795,Savinho,14023984,rating-breakdown,ball-carries,ball-carries,,,,Manchester City,8.0,,91,10,90.1,17,,,,unresolvable,,,,False,False,,rating-breakdown,True,91,10,90.1,17,ball-carry,True,,"{""playerCoordinates"": {""x"": 91, ""y"": 10}, ""passEndCoordinates"": {""x"": 90.1, ""y"": 17}, ""eventActionType"": ""ball-carry"", ""isHome"": true}",,
1046795,Savinho,14023984,rating-breakdown,ball-carries,ball-carries,,,,Manchester City,8.0,,80.7,7.6,99.5,15.1,,,,unresolvable,,,,False,False,,rating-breakdown,True,80.7,7.6,99.5,15.1,ball-carry,True,,"{""playerCoordinates"": {""x"": 80.7, ""y"": 7.6}, ""passEndCoordinates"": {""x"": 99.5, ""y"": 15.1}, ""eventActionType"": ""ball-carry"", ""isHome"": true}",,
1046795,Savinho,14023984,rating-breakdown,ball-carries,ball-carries,,,,Manchester City,8.0,,62,4.6,72.4,24.2,,,,unresolvable,,,,False,False,,rating-breakdown,True,62,4.6,72.4,24.2,ball-carry,True,,"{""playerCoordinates"": {""x"": 62, ""y"": 4.6}, ""passEndCoordinates"": {""x"": 72.4, ""y"": 24.2}, ""eventActionType"": ""ball-carry"", ""isHome"": true}",,
1046795,Savinho,14023984,rating-breakdown,ball-carries,ball-carries,,,,Manchester City,8.0,,85,13.3,80,23.1,,,,unresolvable,,,,False,False,,rating-breakdown,True,85,13.3,80,23.1,ball-carry,True,,"{""playerCoordinates"": {""x"": 85, ""y"": 13.3}, ""passEndCoordinates"": {""x"": 80, ""y"": 23.1}, ""eventActionType"": ""ball-carry"", ""isHome"": true}",,
1046795,Savinho,14023984,rating-breakdown,ball-carries,ball-carries,,,,Manchester City,8.0,,81.3,26.2,75.3,38.7,,,,unresolvable,,,,False,False,,rating-breakdown,True,81.3,26.2,75.3,38.7,ball-carry,True,,"{""playerCoordinates"": {""x"": 81.3, ""y"": 26.2}, ""passEndCoordinates"": {""x"": 75.3, ""y"": 38.7}, ""eventActionType"": ""ball-carry"", ""isHome"": true}",,
1046795,Savinho,14023984,rating-breakdown,ball-carries,ball-carries,,,,Manchester City,8.0,,82.2,5.4,95.2,17.8,,,,unresolvable,,,,False,False,,rating-breakdown,True,82.2,5.4,95.2,17.8,ball-carry,True,,"{""playerCoordinates"": {""x"": 82.2, ""y"": 5.4}, ""passEndCoordinates"": {""x"": 95.2, ""y"": 17.8}, ""eventActionType"": ""ball-carry"", ""isHome"": true}",,
1046795,Savinho,14023984,rating-breakdown,ball-carries,ball-carries,,,,Manchester City,8.0,,83.6,8.1,90.6,14.1,,,,unresolvable,,,,False,False,,rating-breakdown,True,83.6,8.1,90.6,14.1,ball-carry,True,,"{""playerCoordinates"": {""x"": 83.6, ""y"": 8.1}, ""passEndCoordinates"": {""x"": 90.6, ""y"": 14.1}, ""eventActionType"": ""ball-carry"", ""isHome"": true}",,
1046795,Savinho,14023984,rating-breakdown,ball-carries,ball-carries,,,,Manchester City,8.0,,74.9,4,93.5,15.4,,,,unresolvable,,,,False,False,,rating-breakdown,True,74.9,4,93.5,15.4,ball-carry,True,,"{""playerCoordinates"": {""x"": 74.9, ""y"": 4}, ""passEndCoordinates"": {""x"": 93.5, ""y"": 15.4}, ""eventActionType"": ""ball-carry"", ""isHome"": true}",,
1046795,Savinho,14023984,rating-breakdown,dribbles,dribbles,,,,Manchester City,8.0,,90.8,17,,,,,,unresolvable,,,,False,False,,rating-breakdown,True,90.8,17,,,dribble,True,False,"{""playerCoordinates"": {""x"": 90.8, ""y"": 17}, ""eventActionType"": ""dribble"", ""isHome"": true, ""keypass"": false}",,
1046795,Savinho,14023984,rating-breakdown,dribbles,dribbles,,,,Manchester City,8.0,,72.4,24.2,,,,,,unresolvable,,,,False,False,,rating-breakdown,True,72.4,24.2,,,dribble,True,False,"{""playerCoordinates"": {""x"": 72.4, ""y"": 24.2}, ""eventActionType"": ""dribble"", ""isHome"": true, ""keypass"": false}",,
1046795,Savinho,14023998,rating-breakdown,passes,passes,,,,Manchester City,14.0,,67.7,23.4,64.1,32.4,True,True,1,boolean_field,success,True,,False,False,pass,rating-breakdown,True,67.7,23.4,64.1,32.4,pass,False,False,"{""playerCoordinates"": {""x"": 67.7, ""y"": 23.4}, ""passEndCoordinates"": {""x"": 64.1, ""y"": 32.4}, ""eventActionType"": ""pass"", ""isHome"": false, ""outcome"": true, ""keypass"": false}",,
1046795,Savinho,14023998,rating-breakdown,passes,passes,,,,Manchester City,14.0,,85,9.8,68,11.9,True,True,1,boolean_field,success,True,,False,False,pass,rating-breakdown,True,85,9.8,68,11.9,pass,False,False,"{""playerCoordinates"": {""x"": 85, ""y"": 9.8}, ""passEndCoordinates"": {""x"": 68, ""y"": 11.9}, ""eventActionType"": ""pass"", ""isHome"": false, ""outcome"": true, ""keypass"": false}",,
1046795,Savinho,14023998,rating-breakdown,passes,passes,,,,Manchester City,14.0,,67.4,5.9,70.3,24,True,True,1,boolean_field,success,True,,False,False,pass,rating-breakdown,True,67.4,5.9,70.3,24,pass,False,False,"{""playerCoordinates"": {""x"": 67.4, ""y"": 5.9}, ""passEndCoordinates"": {""x"": 70.3, ""y"": 24}, ""eventActionType"": ""pass"", ""isHome"": false, ""outcome"": true, ""keypass"": false}",,
1046795,Savinho,14023998,rating-breakdown,passes,passes,,,,Manchester City,14.0,,91.7,9.1,88.4,50.9,,,,unresolvable,,,,False,False,pass,rating-breakdown,True,91.7,9.1,88.4,50.9,cross,False,False,"{""playerCoordinates"": {""x"": 91.7, ""y"": 9.1}, ""passEndCoordinates"": {""x"": 88.4, ""y"": 50.9}, ""eventActionType"": ""cross"", ""isHome"": false, ""keypass"": false}",,
1046795,Savinho,14023998,rating-breakdown,passes,passes,,,,Manchester City,14.0,,59.9,5.5,56.8,8.3,,,,unresolvable,,,,False,False,pass,rating-breakdown,True,59.9,5.5,56.8,8.3,pass,False,False,"{""playerCoordinates"": {""x"": 59.9, ""y"": 5.5}, ""passEndCoordinates"": {""x"": 56.8, ""y"": 8.3}, ""eventActionType"": ""pass"", ""isHome"": false, ""keypass"": false}",,
1046795,Savinho,14023998,rating-breakdown,passes,passes,,,,Manchester City,14.0,,91.9,17.6,91.2,92.4,True,True,1,boolean_field,success,True,,False,False,pass,rating-breakdown,True,91.9,17.6,91.2,92.4,cross,False,False,"{""playerCoordinates"": {""x"": 91.9, ""y"": 17.6}, ""passEndCoordinates"": {""x"": 91.2, ""y"": 92.4}, ""eventActionType"": ""cross"", ""isHome"": false, ""outcome"": true, ""keypass"": false, ""isLongBall"": true}",True,
1046795,Savinho,14023998,rating-breakdown,passes,passes,,,,Manchester City,14.0,,85,24,85.5,37.1,True,True,1,boolean_field,success,True,,False,False,pass,rating-breakdown,True,85,24,85.5,37.1,pass,False,False,"{""playerCoordinates"": {""x"": 85, ""y"": 24}, ""passEndCoordinates"": {""x"": 85.5, ""y"": 37.1}, ""eventActionType"": ""pass"", ""isHome"": false, ""outcome"": true, ""keypass"": false}",,
1046795,Savinho,14023998,rating-breakdown,passes,passes,,,,Manchester City,14.0,,86.9,24.6,77.1,38.9,True,True,1,boolean_field,success,True,,False,False,pass,rating-breakdown,True,86.9,24.6,77.1,38.9,pass,False,False,"{""playerCoordinates"": {""x"": 86.9, ""y"": 24.6}, ""passEndCoordinates"": {""x"": 77.1, ""y"": 38.9}, ""eventActionType"": ""pass"", ""isHome"": false, ""outcome"": true, ""keypass"": false}",,
1046795,Savinho,14023998,rating-breakdown,ball-carries,ball-carries,,,,Manchester City,14.0,,76.3,6.7,85,9.8,,,,unresolvable,,,,False,False,,rating-breakdown,True,76.3,6.7,85,9.8,ball-carry,False,,"{""playerCoordinates"": {""x"": 76.3, ""y"": 6.7}, ""passEndCoordinates"": {""x"": 85, ""y"": 9.8}, ""eventActionType"": ""ball-carry"", ""isHome"": false}",,
1046795,Savinho,14023998,rating-breakdown,ball-carries,ball-carries,,,,Manchester City,14.0,,75.3,7,91.9,17.6,,,,unresolvable,,,,False,False,,rating-breakdown,True,75.3,7,91.9,17.6,ball-carry,False,,"{""playerCoordinates"": {""x"": 75.3, ""y"": 7}, ""passEndCoordinates"": {""x"": 91.9, ""y"": 17.6}, ""eventActionType"": ""ball-carry"", ""isHome"": false}",,
1046795,Savinho,14023998,rating-breakdown,ball-carries,ball-carries,,,,Manchester City,14.0,,72.7,6.4,85,24,,,,unresolvable,,,,False,False,,rating-breakdown,True,72.7,6.4,85,24,ball-carry,False,,"{""playerCoordinates"": {""x"": 72.7, ""y"": 6.4}, ""passEndCoordinates"": {""x"": 85, ""y"": 24}, ""eventActionType"": ""ball-carry"", ""isHome"": false}",,
1046795,Savinho,14025039,rating-breakdown,passes,passes,,,,Manchester City,10.0,,55.1,91.2,27.4,73.7,True,True,1,boolean_field,success,True,,False,False,pass,rating-breakdown,True,55.1,91.2,27.4,73.7,pass,True,False,"{""playerCoordinates"": {""x"": 55.1, ""y"": 91.2}, ""passEndCoordinates"": {""x"": 27.4, ""y"": 73.7}, ""eventActionType"": ""pass"", ""isHome"": true, ""outcome"": true, ""keypass"": false}",,
1046795,Savinho,14025039,rating-breakdown,passes,passes,,,,Manchester City,10.0,,61.1,95.2,77.6,74.6,,,,unresolvable,,,,False,False,pass,rating-breakdown,True,61.1,95.2,77.6,74.6,pass,True,False,"{""playerCoordinates"": {""x"": 61.1, ""y"": 95.2}, ""passEndCoordinates"": {""x"": 77.6, ""y"": 74.6}, ""eventActionType"": ""pass"", ""isHome"": true, ""keypass"": false, ""isLongBall"": true}",True,
1046795,Savinho,14025039,rating-breakdown,ball-carries,ball-carries,,,,Manchester City,10.0,,44,90.2,55.1,91.2,,,,unresolvable,,,,False,False,,rating-breakdown,True,44,90.2,55.1,91.2,ball-carry,True,,"{""playerCoordinates"": {""x"": 44, ""y"": 90.2}, ""passEndCoordinates"": {""x"": 55.1, ""y"": 91.2}, ""eventActionType"": ""ball-carry"", ""isHome"": true}",,
1046795,Savinho,14025039,rating-breakdown,defensive,defensive,,,,Manchester City,10.0,,12.2,89.6,28.8,94.4,True,True,1,boolean_field,success,,True,False,False,,rating-breakdown,True,12.2,89.6,28.8,94.4,clearance,True,False,"{""playerCoordinates"": {""x"": 12.2, ""y"": 89.6}, ""passEndCoordinates"": {""x"": 28.8, ""y"": 94.4}, ""eventActionType"": ""clearance"", ""isHome"": true, ""outcome"": true, ""keypass"": false}",,
1046795,Savinho,14024003,rating-breakdown,passes,passes,,,,Manchester City,25.0,,31.4,40.1,52.1,13.3,True,True,1,boolean_field,success,True,,False,False,pass,rating-breakdown,True,31.4,40.1,52.1,13.3,pass,False,False,"{""playerCoordinates"": {""x"": 31.4, ""y"": 40.1}, ""passEndCoordinates"": {""x"": 52.1, ""y"": 13.3}, ""eventActionType"": ""pass"", ""isHome"": false, ""outcome"": true, ""keypass"": false}",,
1046795,Savinho,14024003,rating-breakdown,passes,passes,,,,Manchester City,25.0,,91.1,23.6,87.6,31.7,True,True,1,boolean_field,success,True,,False,False,pass,rating-breakdown,True,91.1,23.6,87.6,31.7,pass,False,False,"{""playerCoordinates"": {""x"": 91.1, ""y"": 23.6}, ""passEndCoordinates"": {""x"": 87.6, ""y"": 31.7}, ""eventActionType"": ""pass"", ""isHome"": false, ""outcome"": true, ""keypass"": false}",,
1046795,Savinho,14024003,rating-breakdown,passes,passes,,,,Manchester City,25.0,,90.2,13.3,86.1,17.1,True,True,1,boolean_field,success,True,,False,False,pass,rating-breakdown,True,90.2,13.3,86.1,17.1,pass,False,False,"{""playerCoordinates"": {""x"": 90.2, ""y"": 13.3}, ""passEndCoordinates"": {""x"": 86.1, ""y"": 17.1}, ""eventActionType"": ""pass"", ""isHome"": false, ""outcome"": true, ""keypass"": false}",,
1046795,Savinho,14024003,rating-breakdown,passes,passes,,,,Manchester City,25.0,,87.8,9.5,77.9,22.4,True,True,1,boolean_field,success,True,,False,False,pass,rating-breakdown,True,87.8,9.5,77.9,22.4,pass,False,False,"{""playerCoordinates"": {""x"": 87.8, ""y"": 9.5}, ""passEndCoordinates"": {""x"": 77.9, ""y"": 22.4}, ""eventActionType"": ""pass"", ""isHome"": false, ""outcome"": true, ""keypass"": false}",,
1046795,Savinho,14024003,rating-breakdown,passes,passes,,,,Manchester City,25.0,,94.3,17.4,89.7,45.2,,,,unresolvable,,,,False,False,pass,rating-breakdown,True,94.3,17.4,89.7,45.2,cross,False,False,"{""playerCoordinates"": {""x"": 94.3, ""y"": 17.4}, ""passEndCoordinates"": {""x"": 89.7, ""y"": 45.2}, ""eventActionType"": ""cross"", ""isHome"": false, ""keypass"": false}",,
1046795,Savinho,14024003,rating-breakdown,passes,passes,,,,Manchester City,25.0,,90.5,22.9,84.5,27.6,True,True,1,boolean_field,success,True,,False,False,pass,rating-breakdown,True,90.5,22.9,84.5,27.6,pass,False,False,"{""playerCoordinates"": {""x"": 90.5, ""y"": 22.9}, ""passEndCoordinates"": {""x"": 84.5, ""y"": 27.6}, ""eventActionType"": ""pass"", ""isHome"": false, ""outcome"": true, ""keypass"": false}",,
1046795,Savinho,14024003,rating-breakdown,passes,passes,,,,Manchester City,25.0,,99.4,0.5,95.7,57.5,,,,unresolvable,,,,False,False,pass,rating-breakdown,True,99.4,0.5,95.7,57.5,cross,False,False,"{""playerCoordinates"": {""x"": 99.4, ""y"": 0.5}, ""passEndCoordinates"": {""x"": 95.7, ""y"": 57.5}, ""eventActionType"": ""cross"", ""isHome"": false, ""keypass"": false, ""isLongBall"": true}",True,
1046795,Savinho,14024003,rating-breakdown,passes,passes,,,,Manchester City,25.0,,91.8,20.9,91.8,30.7,True,True,1,boolean_field,success,True,,False,False,pass,rating-breakdown,True,91.8,20.9,91.8,30.7,pass,False,False,"{""playerCoordinates"": {""x"": 91.8, ""y"": 20.9}, ""passEndCoordinates"": {""x"": 91.8, ""y"": 30.7}, ""eventActionType"": ""pass"", ""isHome"": false, ""outcome"": true, ""keypass"": false}",,
1046795,Savinho,14024003,rating-breakdown,passes,passes,,,,Manchester City,25.0,,44.2,30,40,42,True,True,1,boolean_field,success,True,,False,False,pass,rating-breakdown,True,44.2,30,40,42,pass,False,False,"{""playerCoordinates"": {""x"": 44.2, ""y"": 30}, ""passEndCoordinates"": {""x"": 40, ""y"": 42}, ""eventActionType"": ""pass"", ""isHome"": false, ""outcome"": true, ""keypass"": false}",,
1046795,Savinho,14024003,rating-breakdown,passes,passes,,,,Manchester City,25.0,,99.5,0.5,74.3,10.1,True,True,1,boolean_field,success,True,,False,False,pass,rating-breakdown,True,99.5,0.5,74.3,10.1,pass,False,False,"{""playerCoordinates"": {""x"": 99.5, ""y"": 0.5}, ""passEndCoordinates"": {""x"": 74.3, ""y"": 10.1}, ""eventActionType"": ""pass"", ""isHome"": false, ""outcome"": true, ""keypass"": false}",,
1046795,Savinho,14024003,rating-breakdown,passes,passes,,,,Manchester City,25.0,,87.7,11.2,84.9,30.3,True,True,1,boolean_field,success,True,,False,False,pass,rating-breakdown,True,87.7,11.2,84.9,30.3,pass,False,False,"{""playerCoordinates"": {""x"": 87.7, ""y"": 11.2}, ""passEndCoordinates"": {""x"": 84.9, ""y"": 30.3}, ""eventActionType"": ""pass"", ""isHome"": false, ""outcome"": true, ""keypass"": false}",,
1046795,Savinho,14024003,rating-breakdown,passes,passes,,,,Manchester City,25.0,,81.9,3.3,75.9,3,True,True,1,boolean_field,success,True,,False,False,pass,rating-breakdown,True,81.9,3.3,75.9,3,pass,False,False,"{""playerCoordinates"": {""x"": 81.9, ""y"": 3.3}, ""passEndCoordinates"": {""x"": 75.9, ""y"": 3}, ""eventActionType"": ""pass"", ""isHome"": false, ""outcome"": true, ""keypass"": false}",,
1046795,Savinho,14024003,rating-breakdown,passes,passes,,,,Manchester City,25.0,,20.4,92.8,23.1,90.8,,,,unresolvable,,,,False,False,pass,rating-breakdown,True,20.4,92.8,23.1,90.8,pass,False,False,"{""playerCoordinates"": {""x"": 20.4, ""y"": 92.8}, ""passEndCoordinates"": {""x"": 23.1, ""y"": 90.8}, ""eventActionType"": ""pass"", ""isHome"": false, ""keypass"": false}",,
1046795,Savinho,14024003,rating-breakdown,ball-carries,ball-carries,,,,Manchester City,25.0,,86.8,31.2,90.2,31.2,,,,unresolvable,,,,False,False,,rating-breakdown,True,86.8,31.2,90.2,31.2,ball-carry,False,,"{""playerCoordinates"": {""x"": 86.8, ""y"": 31.2}, ""passEndCoordinates"": {""x"": 90.2, ""y"": 31.2}, ""eventActionType"": ""ball-carry"", ""isHome"": false}",,
1046795,Savinho,14024003,rating-breakdown,ball-carries,ball-carries,,,,Manchester City,25.0,,66.9,10.9,83.8,16.2,,,,unresolvable,,,,False,False,,rating-breakdown,True,66.9,10.9,83.8,16.2,ball-carry,False,,"{""playerCoordinates"": {""x"": 66.9, ""y"": 10.9}, ""passEndCoordinates"": {""x"": 83.8, ""y"": 16.2}, ""eventActionType"": ""ball-carry"", ""isHome"": false}",,
1046795,Savinho,14024003,rating-breakdown,ball-carries,ball-carries,,,,Manchester City,25.0,,79.5,7.6,91.5,15.1,,,,unresolvable,,,,False,False,,rating-breakdown,True,79.5,7.6,91.5,15.1,ball-carry,False,,"{""playerCoordinates"": {""x"": 79.5, ""y"": 7.6}, ""passEndCoordinates"": {""x"": 91.5, ""y"": 15.1}, ""eventActionType"": ""ball-carry"", ""isHome"": false}",,
1046795,Savinho,14024003,rating-breakdown,ball-carries,ball-carries,,,,Manchester City,25.0,,78.8,13.8,86.4,17.6,,,,unresolvable,,,,False,False,,rating-breakdown,True,78.8,13.8,86.4,17.6,ball-carry,False,,"{""playerCoordinates"": {""x"": 78.8, ""y"": 13.8}, ""passEndCoordinates"": {""x"": 86.4, ""y"": 17.6}, ""eventActionType"": ""ball-carry"", ""isHome"": false}",,
1046795,Savinho,14024003,rating-breakdown,ball-carries,ball-carries,,,,Manchester City,25.0,,74.1,12.9,90.2,24.6,,,,unresolvable,,,,False,False,,rating-breakdown,True,74.1,12.9,90.2,24.6,ball-carry,False,,"{""playerCoordinates"": {""x"": 74.1, ""y"": 12.9}, ""passEndCoordinates"": {""x"": 90.2, ""y"": 24.6}, ""eventActionType"": ""ball-carry"", ""isHome"": false}",,
1046795,Savinho,14024003,rating-breakdown,ball-carries,ball-carries,,,,Manchester City,25.0,,86.6,12.3,91.8,20.9,,,,unresolvable,,,,False,False,,rating-breakdown,True,86.6,12.3,91.8,20.9,ball-carry,False,,"{""playerCoordinates"": {""x"": 86.6, ""y"": 12.3}, ""passEndCoordinates"": {""x"": 91.8, ""y"": 20.9}, ""eventActionType"": ""ball-carry"", ""isHome"": false}",,
1046795,Savinho,14024003,rating-breakdown,ball-carries,ball-carries,,,,Manchester City,25.0,,84,7.6,87.7,11.2,,,,unresolvable,,,,False,False,,rating-breakdown,True,84,7.6,87.7,11.2,ball-carry,False,,"{""playerCoordinates"": {""x"": 84, ""y"": 7.6}, ""passEndCoordinates"": {""x"": 87.7, ""y"": 11.2}, ""eventActionType"": ""ball-carry"", ""isHome"": false}",,
1046795,Savinho,14024003,rating-breakdown,ball-carries,ball-carries,,,,Manchester City,25.0,,84,17.3,90.8,26.6,,,,unresolvable,,,,False,False,,rating-breakdown,True,84,17.3,90.8,26.6,ball-carry,False,,"{""playerCoordinates"": {""x"": 84, ""y"": 17.3}, ""passEndCoordinates"": {""x"": 90.8, ""y"": 26.6}, ""eventActionType"": ""ball-carry"", ""isHome"": false}",,
1046795,Savinho,14024003,rating-breakdown,dribbles,dribbles,,,,Manchester City,25.0,,26,47.7,,,True,True,1,boolean_field,success,,True,False,False,,rating-breakdown,True,26,47.7,,,dribble,False,False,"{""playerCoordinates"": {""x"": 26, ""y"": 47.7}, ""eventActionType"": ""dribble"", ""isHome"": false, ""outcome"": true, ""keypass"": false}",,
1046795,Savinho,14024003,rating-breakdown,dribbles,dribbles,,,,Manchester City,25.0,,83.8,16.2,,,,,,unresolvable,,,,False,False,,rating-breakdown,True,83.8,16.2,,,dribble,False,False,"{""playerCoordinates"": {""x"": 83.8, ""y"": 16.2}, ""eventActionType"": ""dribble"", ""isHome"": false, ""keypass"": false}",,
1046795,Savinho,14024003,rating-breakdown,dribbles,dribbles,,,,Manchester City,25.0,,90.2,24.6,,,,,,unresolvable,,,,False,False,,rating-breakdown,True,90.2,24.6,,,dribble,False,False,"{""playerCoordinates"": {""x"": 90.2, ""y"": 24.6}, ""eventActionType"": ""dribble"", ""isHome"": false, ""keypass"": false}",,
1046795,Savinho,14024003,rating-breakdown,dribbles,dribbles,,,,Manchester City,25.0,,90.8,26.6,,,,,,unresolvable,,,,False,False,,rating-breakdown,True,90.8,26.6,,,dribble,False,False,"{""playerCoordinates"": {""x"": 90.8, ""y"": 26.6}, ""eventActionType"": ""dribble"", ""isHome"": false, ""keypass"": false}",,
1046795,Savinho,14024003,rating-breakdown,dribbles,dribbles,,,,Manchester City,25.0,,20.7,86.8,,,,,,unresolvable,,,,False,False,,rating-breakdown,True,20.7,86.8,,,dribble,False,False,"{""playerCoordinates"": {""x"": 20.7, ""y"": 86.8}, ""eventActionType"": ""dribble"", ""isHome"": false, ""keypass"": false}",,
1046795,Savinho,14024003,rating-breakdown,defensive,defensive,,,,Manchester City,25.0,,25.8,43.8,,,True,True,1,boolean_field,success,,True,False,False,,rating-breakdown,True,25.8,43.8,,,ball-recovery,False,False,"{""playerCoordinates"": {""x"": 25.8, ""y"": 43.8}, ""eventActionType"": ""ball-recovery"", ""isHome"": false, ""outcome"": true, ""keypass"": false}",,
1046795,Savinho,14024003,rating-breakdown,defensive,defensive,,,,Manchester City,25.0,,44,26.2,,,True,True,1,boolean_field,success,,True,False,False,,rating-breakdown,True,44,26.2,,,tackle,False,False,"{""playerCoordinates"": {""x"": 44, ""y"": 26.2}, ""eventActionType"": ""tackle"", ""isHome"": false, ""outcome"": true, ""keypass"": false}",,
1046795,Savinho,14024003,rating-breakdown,defensive,defensive,,,,Manchester City,25.0,,44.2,30,,,True,True,1,boolean_field,success,,True,False,False,,rating-breakdown,True,44.2,30,,,ball-recovery,False,False,"{""playerCoordinates"": {""x"": 44.2, ""y"": 30}, ""eventActionType"": ""ball-recovery"", ""isHome"": false, ""outcome"": true, ""keypass"": false}",,
1046795,Savinho,14024003,rating-breakdown,defensive,defensive,,,,Manchester City,25.0,,14.2,42.6,28.4,71.8,True,True,1,boolean_field,success,,True,False,False,,rating-breakdown,True,14.2,42.6,28.4,71.8,clearance,False,False,"{""playerCoordinates"": {""x"": 14.2, ""y"": 42.6}, ""passEndCoordinates"": {""x"": 28.4, ""y"": 71.8}, ""eventActionType"": ""clearance"", ""isHome"": false, ""outcome"": true, ""keypass"": false}",,
1046795,Savinho,14023946,rating-breakdown,passes,passes,,,,Manchester City,1.0,,16.3,92.7,14.6,83.3,True,True,1,boolean_field,success,True,,False,False,pass,rating-breakdown,True,16.3,92.7,14.6,83.3,pass,True,False,"{""playerCoordinates"": {""x"": 16.3, ""y"": 92.7}, ""passEndCoordinates"": {""x"": 14.6, ""y"": 83.3}, ""eventActionType"": ""pass"", ""isHome"": true, ""outcome"": true, ""keypass"": false}",,
1046795,Savinho,14023946,rating-breakdown,passes,passes,,,,Manchester City,1.0,,71,73.5,73.2,50.6,True,True,1,boolean_field,success,True,,False,False,pass,rating-breakdown,True,71,73.5,73.2,50.6,pass,True,False,"{""playerCoordinates"": {""x"": 71, ""y"": 73.5}, ""passEndCoordinates"": {""x"": 73.2, ""y"": 50.6}, ""eventActionType"": ""pass"", ""isHome"": true, ""outcome"": true, ""keypass"": false}",,
1046795,Savinho,14023946,rating-breakdown,ball-carries,ball-carries,,,,Manchester City,1.0,,40.5,92,71,73.5,,,,unresolvable,,,,False,False,,rating-breakdown,True,40.5,92,71,73.5,ball-carry,True,,"{""playerCoordinates"": {""x"": 40.5, ""y"": 92}, ""passEndCoordinates"": {""x"": 71, ""y"": 73.5}, ""eventActionType"": ""ball-carry"", ""isHome"": true}",,
1046795,Savinho,15999228,rating-breakdown,passes,passes,,,,Manchester City,90.0,,54.2,10.7,41.3,15.4,True,True,1,boolean_field,success,True,,False,False,pass,rating-breakdown,True,54.2,10.7,41.3,15.4,pass,True,False,"{""playerCoordinates"": {""x"": 54.2, ""y"": 10.7}, ""passEndCoordinates"": {""x"": 41.3, ""y"": 15.4}, ""eventActionType"": ""pass"", ""isHome"": true, ""outcome"": true, ""keypass"": false}",,
1046795,Savinho,15999228,rating-breakdown,passes,passes,,,,Manchester City,90.0,,74.3,9.4,86.2,27.6,,,,unresolvable,,,,False,False,pass,rating-breakdown,True,74.3,9.4,86.2,27.6,pass,True,False,"{""playerCoordinates"": {""x"": 74.3, ""y"": 9.4}, ""passEndCoordinates"": {""x"": 86.2, ""y"": 27.6}, ""eventActionType"": ""pass"", ""isHome"": true, ""keypass"": false}",,
1046795,Savinho,15999228,rating-breakdown,passes,passes,,,,Manchester City,90.0,,85.2,8,83,11.7,True,True,1,boolean_field,success,True,,False,False,pass,rating-breakdown,True,85.2,8,83,11.7,pass,True,False,"{""playerCoordinates"": {""x"": 85.2, ""y"": 8}, ""passEndCoordinates"": {""x"": 83, ""y"": 11.7}, ""eventActionType"": ""pass"", ""isHome"": true, ""outcome"": true, ""keypass"": false}",,
1046795,Savinho,15999228,rating-breakdown,passes,passes,,,,Manchester City,90.0,,84.4,8,94,18.2,True,True,1,boolean_field,success,True,,False,False,pass,rating-breakdown,True,84.4,8,94,18.2,pass,True,False,"{""playerCoordinates"": {""x"": 84.4, ""y"": 8}, ""passEndCoordinates"": {""x"": 94, ""y"": 18.2}, ""eventActionType"": ""pass"", ""isHome"": true, ""outcome"": true, ""keypass"": false}",,
1046795,Savinho,15999228,rating-breakdown,passes,passes,,,,Manchester City,90.0,,99.5,0.5,91.6,7.6,True,True,1,boolean_field,success,True,,False,False,pass,rating-breakdown,True,99.5,0.5,91.6,7.6,pass,True,False,"{""playerCoordinates"": {""x"": 99.5, ""y"": 0.5}, ""passEndCoordinates"": {""x"": 91.6, ""y"": 7.6}, ""eventActionType"": ""pass"", ""isHome"": true, ""outcome"": true, ""keypass"": false}",,
1046795,Savinho,15999228,rating-breakdown,passes,passes,,,,Manchester City,90.0,,89.9,12.9,90.3,39.8,,,,unresolvable,,,,False,False,pass,rating-breakdown,True,89.9,12.9,90.3,39.8,cross,True,False,"{""playerCoordinates"": {""x"": 89.9, ""y"": 12.9}, ""passEndCoordinates"": {""x"": 90.3, ""y"": 39.8}, ""eventActionType"": ""cross"", ""isHome"": true, ""keypass"": false}",,
1046795,Savinho,15999228,rating-breakdown,passes,passes,,,,Manchester City,90.0,,78.8,8,70.7,16.6,True,True,1,boolean_field,success,True,,False,False,pass,rating-breakdown,True,78.8,8,70.7,16.6,pass,True,False,"{""playerCoordinates"": {""x"": 78.8, ""y"": 8}, ""passEndCoordinates"": {""x"": 70.7, ""y"": 16.6}, ""eventActionType"": ""pass"", ""isHome"": true, ""outcome"": true, ""keypass"": false}",,
1046795,Savinho,15999228,rating-breakdown,passes,passes,,,,Manchester City,90.0,,75.6,3,69.1,17.7,True,True,1,boolean_field,success,True,,False,False,pass,rating-breakdown,True,75.6,3,69.1,17.7,pass,True,False,"{""playerCoordinates"": {""x"": 75.6, ""y"": 3}, ""passEndCoordinates"": {""x"": 69.1, ""y"": 17.7}, ""eventActionType"": ""pass"", ""isHome"": true, ""outcome"": true, ""keypass"": false}",,
1046795,Savinho,15999228,rating-breakdown,passes,passes,,,,Manchester City,90.0,,94.9,23.2,90.6,46.4,,,,unresolvable,,,,False,False,pass,rating-breakdown,True,94.9,23.2,90.6,46.4,cross,True,False,"{""playerCoordinates"": {""x"": 94.9, ""y"": 23.2}, ""passEndCoordinates"": {""x"": 90.6, ""y"": 46.4}, ""eventActionType"": ""cross"", ""isHome"": true, ""keypass"": false}",,
1046795,Savinho,15999228,rating-breakdown,passes,passes,,,,Manchester City,90.0,,83.3,11.5,71.4,24.4,True,True,1,boolean_field,success,True,,False,False,pass,rating-breakdown,True,83.3,11.5,71.4,24.4,pass,True,False,"{""playerCoordinates"": {""x"": 83.3, ""y"": 11.5}, ""passEndCoordinates"": {""x"": 71.4, ""y"": 24.4}, ""eventActionType"": ""pass"", ""isHome"": true, ""outcome"": true, ""keypass"": false}",,
1046795,Savinho,15999228,rating-breakdown,passes,passes,,,,Manchester City,90.0,,69.9,5.9,62.2,17.4,True,True,1,boolean_field,success,True,,False,False,pass,rating-breakdown,True,69.9,5.9,62.2,17.4,pass,True,False,"{""playerCoordinates"": {""x"": 69.9, ""y"": 5.9}, ""passEndCoordinates"": {""x"": 62.2, ""y"": 17.4}, ""eventActionType"": ""pass"", ""isHome"": true, ""outcome"": true, ""keypass"": false}",,
1046795,Savinho,15999228,rating-breakdown,passes,passes,,,,Manchester City,90.0,,68.3,15.4,56.4,28,True,True,1,boolean_field,success,True,,False,False,pass,rating-breakdown,True,68.3,15.4,56.4,28,pass,True,False,"{""playerCoordinates"": {""x"": 68.3, ""y"": 15.4}, ""passEndCoordinates"": {""x"": 56.4, ""y"": 28}, ""eventActionType"": ""pass"", ""isHome"": true, ""outcome"": true, ""keypass"": false}",,
1046795,Savinho,15999228,rating-breakdown,passes,passes,,,,Manchester City,90.0,,38,4.4,36.6,27,,,,unresolvable,,,,False,False,pass,rating-breakdown,True,38,4.4,36.6,27,pass,True,False,"{""playerCoordinates"": {""x"": 38, ""y"": 4.4}, ""passEndCoordinates"": {""x"": 36.6, ""y"": 27}, ""eventActionType"": ""pass"", ""isHome"": true, ""keypass"": false}",,
1046795,Savinho,15999228,rating-breakdown,passes,passes,,,,Manchester City,90.0,,65.8,10.1,69.1,25.6,True,True,1,boolean_field,success,True,,False,False,pass,rating-breakdown,True,65.8,10.1,69.1,25.6,pass,True,False,"{""playerCoordinates"": {""x"": 65.8, ""y"": 10.1}, ""passEndCoordinates"": {""x"": 69.1, ""y"": 25.6}, ""eventActionType"": ""pass"", ""isHome"": true, ""outcome"": true, ""keypass"": false}",,
1046795,Savinho,15999228,rating-breakdown,passes,passes,,,,Manchester City,90.0,,67.8,27.4,100,79.9,,,,unresolvable,,,,False,False,pass,rating-breakdown,True,67.8,27.4,100,79.9,pass,True,False,"{""playerCoordinates"": {""x"": 67.8, ""y"": 27.4}, ""passEndCoordinates"": {""x"": 100, ""y"": 79.9}, ""eventActionType"": ""pass"", ""isHome"": true, ""keypass"": false, ""isLongBall"": true}",True,
1046795,Savinho,15999228,rating-breakdown,passes,passes,,,,Manchester City,90.0,,83.9,8.3,88.7,18.2,True,True,1,boolean_field,success,True,,False,False,pass,rating-breakdown,True,83.9,8.3,88.7,18.2,pass,True,False,"{""playerCoordinates"": {""x"": 83.9, ""y"": 8.3}, ""passEndCoordinates"": {""x"": 88.7, ""y"": 18.2}, ""eventActionType"": ""pass"", ""isHome"": true, ""outcome"": true, ""keypass"": false}",,
1046795,Savinho,15999228,rating-breakdown,passes,passes,,,,Manchester City,90.0,,90.5,5.1,86,3.6,True,True,1,boolean_field,success,True,,False,False,pass,rating-breakdown,True,90.5,5.1,86,3.6,pass,True,False,"{""playerCoordinates"": {""x"": 90.5, ""y"": 5.1}, ""passEndCoordinates"": {""x"": 86, ""y"": 3.6}, ""eventActionType"": ""pass"", ""isHome"": true, ""outcome"": true, ""keypass"": false}",,
1046795,Savinho,15999228,rating-breakdown,passes,passes,,,,Manchester City,90.0,,72.4,27.9,66.9,64.7,True,True,1,boolean_field,success,True,,False,False,pass,rating-breakdown,True,72.4,27.9,66.9,64.7,pass,True,False,"{""playerCoordinates"": {""x"": 72.4, ""y"": 27.9}, ""passEndCoordinates"": {""x"": 66.9, ""y"": 64.7}, ""eventActionType"": ""pass"", ""isHome"": true, ""outcome"": true, ""keypass"": false}",,
1046795,Savinho,15999228,rating-breakdown,passes,passes,,,,Manchester City,90.0,,70.5,4.1,65.9,16.5,True,True,1,boolean_field,success,True,,False,False,pass,rating-breakdown,True,70.5,4.1,65.9,16.5,pass,True,False,"{""playerCoordinates"": {""x"": 70.5, ""y"": 4.1}, ""passEndCoordinates"": {""x"": 65.9, ""y"": 16.5}, ""eventActionType"": ""pass"", ""isHome"": true, ""outcome"": true, ""keypass"": false}",,
1046795,Savinho,15999228,rating-breakdown,passes,passes,,,,Manchester City,90.0,,82.9,9.5,72.5,18,True,True,1,boolean_field,success,True,,False,False,pass,rating-breakdown,True,82.9,9.5,72.5,18,pass,True,False,"{""playerCoordinates"": {""x"": 82.9, ""y"": 9.5}, ""passEndCoordinates"": {""x"": 72.5, ""y"": 18}, ""eventActionType"": ""pass"", ""isHome"": true, ""outcome"": true, ""keypass"": false}",,
1046795,Savinho,15999228,rating-breakdown,passes,passes,,,,Manchester City,90.0,,65.6,6,87.6,41.4,,,,unresolvable,,,,False,False,pass,rating-breakdown,True,65.6,6,87.6,41.4,pass,True,False,"{""playerCoordinates"": {""x"": 65.6, ""y"": 6}, ""passEndCoordinates"": {""x"": 87.6, ""y"": 41.4}, ""eventActionType"": ""pass"", ""isHome"": true, ""keypass"": false, ""isLongBall"": true}",True,
1046795,Savinho,15999228,rating-breakdown,passes,passes,,,,Manchester City,90.0,,74.9,9.1,63.1,15.4,True,True,1,boolean_field,success,True,,False,False,pass,rating-breakdown,True,74.9,9.1,63.1,15.4,pass,True,False,"{""playerCoordinates"": {""x"": 74.9, ""y"": 9.1}, ""passEndCoordinates"": {""x"": 63.1, ""y"": 15.4}, ""eventActionType"": ""pass"", ""isHome"": true, ""outcome"": true, ""keypass"": false}",,
1046795,Savinho,15999228,rating-breakdown,passes,passes,,,,Manchester City,90.0,,75.9,39.4,92.5,35.9,True,True,1,boolean_field,success,True,,False,False,pass,rating-breakdown,True,75.9,39.4,92.5,35.9,pass,True,False,"{""playerCoordinates"": {""x"": 75.9, ""y"": 39.4}, ""passEndCoordinates"": {""x"": 92.5, ""y"": 35.9}, ""eventActionType"": ""pass"", ""isHome"": true, ""outcome"": true, ""keypass"": false}",,
1046795,Savinho,15999228,rating-breakdown,passes,passes,,,,Manchester City,90.0,,65.8,23.2,46.1,14.2,True,True,1,boolean_field,success,True,,False,False,pass,rating-breakdown,True,65.8,23.2,46.1,14.2,pass,True,False,"{""playerCoordinates"": {""x"": 65.8, ""y"": 23.2}, ""passEndCoordinates"": {""x"": 46.1, ""y"": 14.2}, ""eventActionType"": ""pass"", ""isHome"": true, ""outcome"": true, ""keypass"": false}",,
1046795,Savinho,15999228,rating-breakdown,passes,passes,,,,Manchester City,90.0,,75.1,5,70.6,15.1,True,True,1,boolean_field,success,True,,False,False,pass,rating-breakdown,True,75.1,5,70.6,15.1,pass,True,False,"{""playerCoordinates"": {""x"": 75.1, ""y"": 5}, ""passEndCoordinates"": {""x"": 70.6, ""y"": 15.1}, ""eventActionType"": ""pass"", ""isHome"": true, ""outcome"": true, ""keypass"": false}",,
1046795,Savinho,15999228,rating-breakdown,passes,passes,,,,Manchester City,90.0,,40.3,64.1,76.4,71.5,,,,unresolvable,,,,False,False,pass,rating-breakdown,True,40.3,64.1,76.4,71.5,pass,True,False,"{""playerCoordinates"": {""x"": 40.3, ""y"": 64.1}, ""passEndCoordinates"": {""x"": 76.4, ""y"": 71.5}, ""eventActionType"": ""pass"", ""isHome"": true, ""keypass"": false, ""isLongBall"": true}",True,
1046795,Savinho,15999228,rating-breakdown,passes,passes,,,,Manchester City,90.0,,84.4,17.9,92.2,33.6,,,,unresolvable,,,,False,False,pass,rating-breakdown,True,84.4,17.9,92.2,33.6,pass,True,False,"{""playerCoordinates"": {""x"": 84.4, ""y"": 17.9}, ""passEndCoordinates"": {""x"": 92.2, ""y"": 33.6}, ""eventActionType"": ""pass"", ""isHome"": true, ""keypass"": false}",,
1046795,Savinho,15999228,rating-breakdown,passes,passes,,,,Manchester City,90.0,,38.8,13.6,58.4,35.4,,,,unresolvable,,,,False,False,pass,rating-breakdown,True,38.8,13.6,58.4,35.4,pass,True,False,"{""playerCoordinates"": {""x"": 38.8, ""y"": 13.6}, ""passEndCoordinates"": {""x"": 58.4, ""y"": 35.4}, ""eventActionType"": ""pass"", ""isHome"": true, ""keypass"": false}",,
1046795,Savinho,15999228,rating-breakdown,passes,passes,,,,Manchester City,90.0,,83.6,14.1,90.2,13,True,True,1,boolean_field,success,True,,False,False,pass,rating-breakdown,True,83.6,14.1,90.2,13,pass,True,False,"{""playerCoordinates"": {""x"": 83.6, ""y"": 14.1}, ""passEndCoordinates"": {""x"": 90.2, ""y"": 13}, ""eventActionType"": ""pass"", ""isHome"": true, ""outcome"": true, ""keypass"": false}",,
1046795,Savinho,15999228,rating-breakdown,passes,passes,,,,Manchester City,90.0,,41.3,8.2,84.2,25.3,,,,unresolvable,,,,False,False,pass,rating-breakdown,True,41.3,8.2,84.2,25.3,pass,True,False,"{""playerCoordinates"": {""x"": 41.3, ""y"": 8.2}, ""passEndCoordinates"": {""x"": 84.2, ""y"": 25.3}, ""eventActionType"": ""pass"", ""isHome"": true, ""keypass"": false, ""isLongBall"": true}",True,
1046795,Savinho,15999228,rating-breakdown,passes,passes,,,,Manchester City,90.0,,41,3.2,22.5,5.3,True,True,1,boolean_field,success,True,,False,False,pass,rating-breakdown,True,41,3.2,22.5,5.3,pass,True,False,"{""playerCoordinates"": {""x"": 41, ""y"": 3.2}, ""passEndCoordinates"": {""x"": 22.5, ""y"": 5.3}, ""eventActionType"": ""pass"", ""isHome"": true, ""outcome"": true, ""keypass"": false}",,
1046795,Savinho,15999228,rating-breakdown,passes,passes,,,,Manchester City,90.0,,41.3,27.7,48.6,60.5,True,True,1,boolean_field,success,True,,False,False,pass,rating-breakdown,True,41.3,27.7,48.6,60.5,pass,True,False,"{""playerCoordinates"": {""x"": 41.3, ""y"": 27.7}, ""passEndCoordinates"": {""x"": 48.6, ""y"": 60.5}, ""eventActionType"": ""pass"", ""isHome"": true, ""outcome"": true, ""keypass"": false}",,
1046795,Savinho,15999228,rating-breakdown,passes,passes,,,,Manchester City,90.0,,61.8,5.1,64.1,17.1,True,True,1,boolean_field,success,True,,False,False,pass,rating-breakdown,True,61.8,5.1,64.1,17.1,pass,True,False,"{""playerCoordinates"": {""x"": 61.8, ""y"": 5.1}, ""passEndCoordinates"": {""x"": 64.1, ""y"": 17.1}, ""eventActionType"": ""pass"", ""isHome"": true, ""outcome"": true, ""keypass"": false}",,
1046795,Savinho,15999228,rating-breakdown,passes,passes,,,,Manchester City,90.0,,68.6,13,72.2,18.8,True,True,1,boolean_field,success,True,,False,False,pass,rating-breakdown,True,68.6,13,72.2,18.8,pass,True,False,"{""playerCoordinates"": {""x"": 68.6, ""y"": 13}, ""passEndCoordinates"": {""x"": 72.2, ""y"": 18.8}, ""eventActionType"": ""pass"", ""isHome"": true, ""outcome"": true, ""keypass"": false}",,
1046795,Savinho,15999228,rating-breakdown,passes,passes,,,,Manchester City,90.0,,60,5.3,65.3,23.9,True,True,1,boolean_field,success,True,,False,False,pass,rating-breakdown,True,60,5.3,65.3,23.9,pass,True,False,"{""playerCoordinates"": {""x"": 60, ""y"": 5.3}, ""passEndCoordinates"": {""x"": 65.3, ""y"": 23.9}, ""eventActionType"": ""pass"", ""isHome"": true, ""outcome"": true, ""keypass"": false}",,
1046795,Savinho,15999228,rating-breakdown,passes,passes,,,,Manchester City,90.0,,55.3,11.9,54.2,23.8,True,True,1,boolean_field,success,True,,False,False,pass,rating-breakdown,True,55.3,11.9,54.2,23.8,pass,True,False,"{""playerCoordinates"": {""x"": 55.3, ""y"": 11.9}, ""passEndCoordinates"": {""x"": 54.2, ""y"": 23.8}, ""eventActionType"": ""pass"", ""isHome"": true, ""outcome"": true, ""keypass"": false}",,
1046795,Savinho,15999228,rating-breakdown,passes,passes,,,,Manchester City,90.0,,52.7,7.2,40.1,15.9,True,True,1,boolean_field,success,True,,False,False,pass,rating-breakdown,True,52.7,7.2,40.1,15.9,pass,True,False,"{""playerCoordinates"": {""x"": 52.7, ""y"": 7.2}, ""passEndCoordinates"": {""x"": 40.1, ""y"": 15.9}, ""eventActionType"": ""pass"", ""isHome"": true, ""outcome"": true, ""keypass"": false}",,
1046795,Savinho,15999228,rating-breakdown,passes,passes,,,,Manchester City,90.0,,88.1,7.1,76.2,18.8,True,True,1,boolean_field,success,True,,False,False,pass,rating-breakdown,True,88.1,7.1,76.2,18.8,pass,True,False,"{""playerCoordinates"": {""x"": 88.1, ""y"": 7.1}, ""passEndCoordinates"": {""x"": 76.2, ""y"": 18.8}, ""eventActionType"": ""pass"", ""isHome"": true, ""outcome"": true, ""keypass"": false}",,
1046795,Savinho,15999228,rating-breakdown,passes,passes,,,,Manchester City,90.0,,69.4,4.7,69.2,24.2,True,True,1,boolean_field,success,True,,False,False,pass,rating-breakdown,True,69.4,4.7,69.2,24.2,pass,True,False,"{""playerCoordinates"": {""x"": 69.4, ""y"": 4.7}, ""passEndCoordinates"": {""x"": 69.2, ""y"": 24.2}, ""eventActionType"": ""pass"", ""isHome"": true, ""outcome"": true, ""keypass"": false}",,
1046795,Savinho,15999228,rating-breakdown,passes,passes,,,,Manchester City,90.0,,59.4,6.5,45.6,13.8,True,True,1,boolean_field,success,True,,False,False,pass,rating-breakdown,True,59.4,6.5,45.6,13.8,pass,True,False,"{""playerCoordinates"": {""x"": 59.4, ""y"": 6.5}, ""passEndCoordinates"": {""x"": 45.6, ""y"": 13.8}, ""eventActionType"": ""pass"", ""isHome"": true, ""outcome"": true, ""keypass"": false}",,
1046795,Savinho,15999228,rating-breakdown,passes,passes,,,,Manchester City,90.0,,75.2,17.9,82.1,29.8,True,True,1,boolean_field,success,True,,False,False,pass,rating-breakdown,True,75.2,17.9,82.1,29.8,pass,True,False,"{""playerCoordinates"": {""x"": 75.2, ""y"": 17.9}, ""passEndCoordinates"": {""x"": 82.1, ""y"": 29.8}, ""eventActionType"": ""pass"", ""isHome"": true, ""outcome"": true, ""keypass"": false}",,
1046795,Savinho,15999228,rating-breakdown,passes,passes,,,,Manchester City,90.0,,64.8,7.9,74.8,18.8,,,,unresolvable,,,,False,False,pass,rating-breakdown,True,64.8,7.9,74.8,18.8,pass,True,False,"{""playerCoordinates"": {""x"": 64.8, ""y"": 7.9}, ""passEndCoordinates"": {""x"": 74.8, ""y"": 18.8}, ""eventActionType"": ""pass"", ""isHome"": true, ""keypass"": false}",,
1046795,Savinho,15999228,rating-breakdown,passes,passes,,,,Manchester City,90.0,,56.4,20,55,28.9,True,True,1,boolean_field,success,True,,False,False,pass,rating-breakdown,True,56.4,20,55,28.9,pass,True,False,"{""playerCoordinates"": {""x"": 56.4, ""y"": 20}, ""passEndCoordinates"": {""x"": 55, ""y"": 28.9}, ""eventActionType"": ""pass"", ""isHome"": true, ""outcome"": true, ""keypass"": false}",,
1046795,Savinho,15999228,rating-breakdown,passes,passes,,,,Manchester City,90.0,,78.5,40.6,76.5,48.3,,,,unresolvable,,,,False,False,pass,rating-breakdown,True,78.5,40.6,76.5,48.3,pass,True,False,"{""playerCoordinates"": {""x"": 78.5, ""y"": 40.6}, ""passEndCoordinates"": {""x"": 76.5, ""y"": 48.3}, ""eventActionType"": ""pass"", ""isHome"": true, ""keypass"": false}",,
1046795,Savinho,15999228,rating-breakdown,passes,passes,,,,Manchester City,90.0,,45.3,3.8,33.9,4.7,True,True,1,boolean_field,success,True,,False,False,pass,rating-breakdown,True,45.3,3.8,33.9,4.7,pass,True,False,"{""playerCoordinates"": {""x"": 45.3, ""y"": 3.8}, ""passEndCoordinates"": {""x"": 33.9, ""y"": 4.7}, ""eventActionType"": ""pass"", ""isHome"": true, ""outcome"": true, ""keypass"": false}",,
1046795,Savinho,15999228,rating-breakdown,passes,passes,,,,Manchester City,90.0,,61.7,5.1,53.9,16.5,True,True,1,boolean_field,success,True,,False,False,pass,rating-breakdown,True,61.7,5.1,53.9,16.5,pass,True,False,"{""playerCoordinates"": {""x"": 61.7, ""y"": 5.1}, ""passEndCoordinates"": {""x"": 53.9, ""y"": 16.5}, ""eventActionType"": ""pass"", ""isHome"": true, ""outcome"": true, ""keypass"": false}",,
1046795,Savinho,15999228,rating-breakdown,passes,passes,,,,Manchester City,90.0,,76.3,3.9,77.9,5,,,,unresolvable,,,,False,False,pass,rating-breakdown,True,76.3,3.9,77.9,5,pass,True,False,"{""playerCoordinates"": {""x"": 76.3, ""y"": 3.9}, ""passEndCoordinates"": {""x"": 77.9, ""y"": 5}, ""eventActionType"": ""pass"", ""isHome"": true, ""keypass"": false}",,
1046795,Savinho,15999228,rating-breakdown,passes,passes,,,,Manchester City,90.0,,73.6,8,76,3.2,True,True,1,boolean_field,success,True,,False,False,pass,rating-breakdown,True,73.6,8,76,3.2,pass,True,False,"{""playerCoordinates"": {""x"": 73.6, ""y"": 8}, ""passEndCoordinates"": {""x"": 76, ""y"": 3.2}, ""eventActionType"": ""pass"", ""isHome"": true, ""outcome"": true, ""keypass"": false}",,
1046795,Savinho,15999228,rating-breakdown,passes,passes,,,,Manchester City,90.0,,41.1,11.3,64.7,5.3,True,True,1,boolean_field,success,True,,False,False,pass,rating-breakdown,True,41.1,11.3,64.7,5.3,pass,True,False,"{""playerCoordinates"": {""x"": 41.1, ""y"": 11.3}, ""passEndCoordinates"": {""x"": 64.7, ""y"": 5.3}, ""eventActionType"": ""pass"", ""isHome"": true, ""outcome"": true, ""keypass"": false}",,
1046795,Savinho,15999228,rating-breakdown,passes,passes,,,,Manchester City,90.0,,79.5,9.2,65.8,16.6,True,True,1,boolean_field,success,True,,False,False,pass,rating-breakdown,True,79.5,9.2,65.8,16.6,pass,True,False,"{""playerCoordinates"": {""x"": 79.5, ""y"": 9.2}, ""passEndCoordinates"": {""x"": 65.8, ""y"": 16.6}, ""eventActionType"": ""pass"", ""isHome"": true, ""outcome"": true, ""keypass"": false}",,
1046795,Savinho,15999228,rating-breakdown,passes,passes,,,,Manchester City,90.0,,75,6,63.9,19.8,True,True,1,boolean_field,success,True,,False,False,pass,rating-breakdown,True,75,6,63.9,19.8,pass,True,False,"{""playerCoordinates"": {""x"": 75, ""y"": 6}, ""passEndCoordinates"": {""x"": 63.9, ""y"": 19.8}, ""eventActionType"": ""pass"", ""isHome"": true, ""outcome"": true, ""keypass"": false}",,
1046795,Savinho,15999228,rating-breakdown,passes,passes,,,,Manchester City,90.0,,61.7,4.1,43.3,27.1,True,True,1,boolean_field,success,True,,False,False,pass,rating-breakdown,True,61.7,4.1,43.3,27.1,pass,True,False,"{""playerCoordinates"": {""x"": 61.7, ""y"": 4.1}, ""passEndCoordinates"": {""x"": 43.3, ""y"": 27.1}, ""eventActionType"": ""pass"", ""isHome"": true, ""outcome"": true, ""keypass"": false}",,
1046795,Savinho,15999228,rating-breakdown,passes,passes,,,,Manchester City,90.0,,86.2,14.8,90.2,37.1,,,,unresolvable,,,,False,False,pass,rating-breakdown,True,86.2,14.8,90.2,37.1,cross,True,False,"{""playerCoordinates"": {""x"": 86.2, ""y"": 14.8}, ""passEndCoordinates"": {""x"": 90.2, ""y"": 37.1}, ""eventActionType"": ""cross"", ""isHome"": true, ""keypass"": false}",,
1046795,Savinho,15999228,rating-breakdown,passes,passes,,,,Manchester City,90.0,,85.8,33,80.2,49.1,True,True,1,boolean_field,success,True,,False,False,pass,rating-breakdown,True,85.8,33,80.2,49.1,pass,True,False,"{""playerCoordinates"": {""x"": 85.8, ""y"": 33}, ""passEndCoordinates"": {""x"": 80.2, ""y"": 49.1}, ""eventActionType"": ""pass"", ""isHome"": true, ""outcome"": true, ""keypass"": false}",,
1046795,Savinho,15999228,rating-breakdown,passes,passes,,,,Manchester City,90.0,,60.7,38.3,57,46.7,True,True,1,boolean_field,success,True,,False,False,pass,rating-breakdown,True,60.7,38.3,57,46.7,pass,True,False,"{""playerCoordinates"": {""x"": 60.7, ""y"": 38.3}, ""passEndCoordinates"": {""x"": 57, ""y"": 46.7}, ""eventActionType"": ""pass"", ""isHome"": true, ""outcome"": true, ""keypass"": false}",,
1046795,Savinho,15999228,rating-breakdown,ball-carries,ball-carries,,,,Manchester City,90.0,,60.1,6.9,54.7,6.9,,,,unresolvable,,,,False,False,,rating-breakdown,True,60.1,6.9,54.7,6.9,ball-carry,True,,"{""playerCoordinates"": {""x"": 60.1, ""y"": 6.9}, ""passEndCoordinates"": {""x"": 54.7, ""y"": 6.9}, ""eventActionType"": ""ball-carry"", ""isHome"": true}",,
1046795,Savinho,15999228,rating-breakdown,ball-carries,ball-carries,,,,Manchester City,90.0,,68.7,15,79.6,14.6,,,,unresolvable,,,,False,False,,rating-breakdown,True,68.7,15,79.6,14.6,ball-carry,True,,"{""playerCoordinates"": {""x"": 68.7, ""y"": 15}, ""passEndCoordinates"": {""x"": 79.6, ""y"": 14.6}, ""eventActionType"": ""ball-carry"", ""isHome"": true}",,
1046795,Savinho,15999228,rating-breakdown,ball-carries,ball-carries,,,,Manchester City,90.0,,83,13.2,89.9,12.9,,,,unresolvable,,,,False,False,,rating-breakdown,True,83,13.2,89.9,12.9,ball-carry,True,,"{""playerCoordinates"": {""x"": 83, ""y"": 13.2}, ""passEndCoordinates"": {""x"": 89.9, ""y"": 12.9}, ""eventActionType"": ""ball-carry"", ""isHome"": true}",,
1046795,Savinho,15999228,rating-breakdown,ball-carries,ball-carries,,,,Manchester City,90.0,,82.3,10.4,78.8,8,,,,unresolvable,,,,False,False,,rating-breakdown,True,82.3,10.4,78.8,8,ball-carry,True,,"{""playerCoordinates"": {""x"": 82.3, ""y"": 10.4}, ""passEndCoordinates"": {""x"": 78.8, ""y"": 8}, ""eventActionType"": ""ball-carry"", ""isHome"": true}",,
1046795,Savinho,15999228,rating-breakdown,ball-carries,ball-carries,,,,Manchester City,90.0,,74.2,13.3,94.9,23.2,,,,unresolvable,,,,False,False,,rating-breakdown,True,74.2,13.3,94.9,23.2,ball-carry,True,,"{""playerCoordinates"": {""x"": 74.2, ""y"": 13.3}, ""passEndCoordinates"": {""x"": 94.9, ""y"": 23.2}, ""eventActionType"": ""ball-carry"", ""isHome"": true}",,
1046795,Savinho,15999228,rating-breakdown,ball-carries,ball-carries,,,,Manchester City,90.0,,71.1,8.3,83.3,11.5,,,,unresolvable,,,,False,False,,rating-breakdown,True,71.1,8.3,83.3,11.5,ball-carry,True,,"{""playerCoordinates"": {""x"": 71.1, ""y"": 8.3}, ""passEndCoordinates"": {""x"": 83.3, ""y"": 11.5}, ""eventActionType"": ""ball-carry"", ""isHome"": true}",,
1046795,Savinho,15999228,rating-breakdown,ball-carries,ball-carries,,,,Manchester City,90.0,,67,5.7,69.9,5.9,,,,unresolvable,,,,False,False,,rating-breakdown,True,67,5.7,69.9,5.9,ball-carry,True,,"{""playerCoordinates"": {""x"": 67, ""y"": 5.7}, ""passEndCoordinates"": {""x"": 69.9, ""y"": 5.9}, ""eventActionType"": ""ball-carry"", ""isHome"": true}",,
1046795,Savinho,15999228,rating-breakdown,ball-carries,ball-carries,,,,Manchester City,90.0,,65.4,25,67.8,27.4,,,,unresolvable,,,,False,False,,rating-breakdown,True,65.4,25,67.8,27.4,ball-carry,True,,"{""playerCoordinates"": {""x"": 65.4, ""y"": 25}, ""passEndCoordinates"": {""x"": 67.8, ""y"": 27.4}, ""eventActionType"": ""ball-carry"", ""isHome"": true}",,
1046795,Savinho,15999228,rating-breakdown,ball-carries,ball-carries,,,,Manchester City,90.0,,72.4,4.1,74.3,14.6,,,,unresolvable,,,,False,False,,rating-breakdown,True,72.4,4.1,74.3,14.6,ball-carry,True,,"{""playerCoordinates"": {""x"": 72.4, ""y"": 4.1}, ""passEndCoordinates"": {""x"": 74.3, ""y"": 14.6}, ""eventActionType"": ""ball-carry"", ""isHome"": true}",,
1046795,Savinho,15999228,rating-breakdown,ball-carries,ball-carries,,,,Manchester City,90.0,,78.1,8.6,82.9,9.5,,,,unresolvable,,,,False,False,,rating-breakdown,True,78.1,8.6,82.9,9.5,ball-carry,True,,"{""playerCoordinates"": {""x"": 78.1, ""y"": 8.6}, ""passEndCoordinates"": {""x"": 82.9, ""y"": 9.5}, ""eventActionType"": ""ball-carry"", ""isHome"": true}",,
1046795,Savinho,15999228,rating-breakdown,ball-carries,ball-carries,,,,Manchester City,90.0,,68.4,50.5,75.9,39.4,,,,unresolvable,,,,False,False,,rating-breakdown,True,68.4,50.5,75.9,39.4,ball-carry,True,,"{""playerCoordinates"": {""x"": 68.4, ""y"": 50.5}, ""passEndCoordinates"": {""x"": 75.9, ""y"": 39.4}, ""eventActionType"": ""ball-carry"", ""isHome"": true}",,
1046795,Savinho,15999228,rating-breakdown,ball-carries,ball-carries,,,,Manchester City,90.0,,76.9,9.1,83.6,14.1,,,,unresolvable,,,,False,False,,rating-breakdown,True,76.9,9.1,83.6,14.1,ball-carry,True,,"{""playerCoordinates"": {""x"": 76.9, ""y"": 9.1}, ""passEndCoordinates"": {""x"": 83.6, ""y"": 14.1}, ""eventActionType"": ""ball-carry"", ""isHome"": true}",,
1046795,Savinho,15999228,rating-breakdown,ball-carries,ball-carries,,,,Manchester City,90.0,,39.3,4.1,41.3,8.2,,,,unresolvable,,,,False,False,,rating-breakdown,True,39.3,4.1,41.3,8.2,ball-carry,True,,"{""playerCoordinates"": {""x"": 39.3, ""y"": 4.1}, ""passEndCoordinates"": {""x"": 41.3, ""y"": 8.2}, ""eventActionType"": ""ball-carry"", ""isHome"": true}",,
1046795,Savinho,15999228,rating-breakdown,ball-carries,ball-carries,,,,Manchester City,90.0,,60.3,8,65.6,12.1,,,,unresolvable,,,,False,False,,rating-breakdown,True,60.3,8,65.6,12.1,ball-carry,True,,"{""playerCoordinates"": {""x"": 60.3, ""y"": 8}, ""passEndCoordinates"": {""x"": 65.6, ""y"": 12.1}, ""eventActionType"": ""ball-carry"", ""isHome"": true}",,
1046795,Savinho,15999228,rating-breakdown,ball-carries,ball-carries,,,,Manchester City,90.0,,47,16,55.3,11.9,,,,unresolvable,,,,False,False,,rating-breakdown,True,47,16,55.3,11.9,ball-carry,True,,"{""playerCoordinates"": {""x"": 47, ""y"": 16}, ""passEndCoordinates"": {""x"": 55.3, ""y"": 11.9}, ""eventActionType"": ""ball-carry"", ""isHome"": true}",,
1046795,Savinho,15999228,rating-breakdown,ball-carries,ball-carries,,,,Manchester City,90.0,,82.4,4.2,88.1,7.1,,,,unresolvable,,,,False,False,,rating-breakdown,True,82.4,4.2,88.1,7.1,ball-carry,True,,"{""playerCoordinates"": {""x"": 82.4, ""y"": 4.2}, ""passEndCoordinates"": {""x"": 88.1, ""y"": 7.1}, ""eventActionType"": ""ball-carry"", ""isHome"": true}",,
1046795,Savinho,15999228,rating-breakdown,ball-carries,ball-carries,,,,Manchester City,90.0,,69,2.5,75.2,17.9,,,,unresolvable,,,,False,False,,rating-breakdown,True,69,2.5,75.2,17.9,ball-carry,True,,"{""playerCoordinates"": {""x"": 69, ""y"": 2.5}, ""passEndCoordinates"": {""x"": 75.2, ""y"": 17.9}, ""eventActionType"": ""ball-carry"", ""isHome"": true}",,
1046795,Savinho,15999228,rating-breakdown,ball-carries,ball-carries,,,,Manchester City,90.0,,59.2,6.3,56.4,20,,,,unresolvable,,,,False,False,,rating-breakdown,True,59.2,6.3,56.4,20,ball-carry,True,,"{""playerCoordinates"": {""x"": 59.2, ""y"": 6.3}, ""passEndCoordinates"": {""x"": 56.4, ""y"": 20}, ""eventActionType"": ""ball-carry"", ""isHome"": true}",,
1046795,Savinho,15999228,rating-breakdown,ball-carries,ball-carries,,,,Manchester City,90.0,,64.9,3.5,61.7,5.1,,,,unresolvable,,,,False,False,,rating-breakdown,True,64.9,3.5,61.7,5.1,ball-carry,True,,"{""playerCoordinates"": {""x"": 64.9, ""y"": 3.5}, ""passEndCoordinates"": {""x"": 61.7, ""y"": 5.1}, ""eventActionType"": ""ball-carry"", ""isHome"": true}",,
1046795,Savinho,15999228,rating-breakdown,ball-carries,ball-carries,,,,Manchester City,90.0,,87.5,3.8,97.1,14.8,,,,unresolvable,,,,False,False,,rating-breakdown,True,87.5,3.8,97.1,14.8,ball-carry,True,,"{""playerCoordinates"": {""x"": 87.5, ""y"": 3.8}, ""passEndCoordinates"": {""x"": 97.1, ""y"": 14.8}, ""eventActionType"": ""ball-carry"", ""isHome"": true}",,
1046795,Savinho,15999228,rating-breakdown,ball-carries,ball-carries,,,,Manchester City,90.0,,38.9,8.3,41.1,11.3,,,,unresolvable,,,,False,False,,rating-breakdown,True,38.9,8.3,41.1,11.3,ball-carry,True,,"{""playerCoordinates"": {""x"": 38.9, ""y"": 8.3}, ""passEndCoordinates"": {""x"": 41.1, ""y"": 11.3}, ""eventActionType"": ""ball-carry"", ""isHome"": true}",,
1046795,Savinho,15999228,rating-breakdown,ball-carries,ball-carries,,,,Manchester City,90.0,,77.9,5.7,75,6,,,,unresolvable,,,,False,False,,rating-breakdown,True,77.9,5.7,75,6,ball-carry,True,,"{""playerCoordinates"": {""x"": 77.9, ""y"": 5.7}, ""passEndCoordinates"": {""x"": 75, ""y"": 6}, ""eventActionType"": ""ball-carry"", ""isHome"": true}",,
1046795,Savinho,15999228,rating-breakdown,dribbles,dribbles,,,,Manchester City,90.0,,54.7,6.9,,,True,True,1,boolean_field,success,,True,False,False,,rating-breakdown,True,54.7,6.9,,,dribble,True,False,"{""playerCoordinates"": {""x"": 54.7, ""y"": 6.9}, ""eventActionType"": ""dribble"", ""isHome"": true, ""outcome"": true, ""keypass"": false}",,
1046795,Savinho,15999228,rating-breakdown,dribbles,dribbles,,,,Manchester City,90.0,,79.6,14.6,,,,,,unresolvable,,,,False,False,,rating-breakdown,True,79.6,14.6,,,dribble,True,False,"{""playerCoordinates"": {""x"": 79.6, ""y"": 14.6}, ""eventActionType"": ""dribble"", ""isHome"": true, ""keypass"": false}",,
1046795,Savinho,15999228,rating-breakdown,dribbles,dribbles,,,,Manchester City,90.0,,68.2,6.4,,,,,,unresolvable,,,,False,False,,rating-breakdown,True,68.2,6.4,,,dribble,True,False,"{""playerCoordinates"": {""x"": 68.2, ""y"": 6.4}, ""eventActionType"": ""dribble"", ""isHome"": true, ""keypass"": false}",,
1046795,Savinho,15999228,rating-breakdown,dribbles,dribbles,,,,Manchester City,90.0,,71.9,5.6,,,,,,unresolvable,,,,False,False,,rating-breakdown,True,71.9,5.6,,,dribble,True,False,"{""playerCoordinates"": {""x"": 71.9, ""y"": 5.6}, ""eventActionType"": ""dribble"", ""isHome"": true, ""keypass"": false}",,
1046795,Savinho,15999228,rating-breakdown,dribbles,dribbles,,,,Manchester City,90.0,,74.4,14.6,,,True,True,1,boolean_field,success,,True,False,False,,rating-breakdown,True,74.4,14.6,,,dribble,True,False,"{""playerCoordinates"": {""x"": 74.4, ""y"": 14.6}, ""eventActionType"": ""dribble"", ""isHome"": true, ""outcome"": true, ""keypass"": false}",,
1046795,Savinho,15999228,rating-breakdown,dribbles,dribbles,,,,Manchester City,90.0,,90.4,7.2,,,,,,unresolvable,,,,False,False,,rating-breakdown,True,90.4,7.2,,,dribble,True,False,"{""playerCoordinates"": {""x"": 90.4, ""y"": 7.2}, ""eventActionType"": ""dribble"", ""isHome"": true, ""keypass"": false}",,
1046795,Savinho,15999228,rating-breakdown,dribbles,dribbles,,,,Manchester City,90.0,,90.4,7.2,,,,,,unresolvable,,,,False,False,,rating-breakdown,True,90.4,7.2,,,dribble,True,False,"{""playerCoordinates"": {""x"": 90.4, ""y"": 7.2}, ""eventActionType"": ""dribble"", ""isHome"": true, ""keypass"": false}",,
1046795,Savinho,15999228,rating-breakdown,dribbles,dribbles,,,,Manchester City,90.0,,75.4,22.8,,,True,True,1,boolean_field,success,,True,False,False,,rating-breakdown,True,75.4,22.8,,,dribble,True,False,"{""playerCoordinates"": {""x"": 75.4, ""y"": 22.8}, ""eventActionType"": ""dribble"", ""isHome"": true, ""outcome"": true, ""keypass"": false}",,
1046795,Savinho,15999228,rating-breakdown,dribbles,dribbles,,,,Manchester City,90.0,,36.4,4.4,,,,,,unresolvable,,,,False,False,,rating-breakdown,True,36.4,4.4,,,dribble,True,False,"{""playerCoordinates"": {""x"": 36.4, ""y"": 4.4}, ""eventActionType"": ""dribble"", ""isHome"": true, ""keypass"": false}",,
1046795,Savinho,15999228,rating-breakdown,dribbles,dribbles,,,,Manchester City,90.0,,65.6,12.1,,,True,True,1,boolean_field,success,,True,False,False,,rating-breakdown,True,65.6,12.1,,,dribble,True,False,"{""playerCoordinates"": {""x"": 65.6, ""y"": 12.1}, ""eventActionType"": ""dribble"", ""isHome"": true, ""outcome"": true, ""keypass"": false}",,
1046795,Savinho,15999228,rating-breakdown,dribbles,dribbles,,,,Manchester City,90.0,,80.4,10,,,True,True,1,boolean_field,success,,True,False,False,,rating-breakdown,True,80.4,10,,,dribble,True,False,"{""playerCoordinates"": {""x"": 80.4, ""y"": 10}, ""eventActionType"": ""dribble"", ""isHome"": true, ""outcome"": true, ""keypass"": false}",,
1046795,Savinho,15999228,rating-breakdown,dribbles,dribbles,,,,Manchester City,90.0,,87.6,32.9,,,,,,unresolvable,,,,False,False,,rating-breakdown,True,87.6,32.9,,,dribble,True,False,"{""playerCoordinates"": {""x"": 87.6, ""y"": 32.9}, ""eventActionType"": ""dribble"", ""isHome"": true, ""keypass"": false}",,
1046795,Savinho,15999228,rating-breakdown,defensive,defensive,,,,Manchester City,90.0,,65.7,7.8,,,True,True,1,boolean_field,success,,True,False,False,,rating-breakdown,True,65.7,7.8,,,tackle,True,False,"{""playerCoordinates"": {""x"": 65.7, ""y"": 7.8}, ""eventActionType"": ""tackle"", ""isHome"": true, ""outcome"": true, ""keypass"": false}",,
1046795,Savinho,15999228,rating-breakdown,defensive,defensive,,,,Manchester City,90.0,,68.4,50.5,,,True,True,1,boolean_field,success,,True,False,False,,rating-breakdown,True,68.4,50.5,,,ball-recovery,True,False,"{""playerCoordinates"": {""x"": 68.4, ""y"": 50.5}, ""eventActionType"": ""ball-recovery"", ""isHome"": true, ""outcome"": true, ""keypass"": false}",,
1046795,Savinho,15999228,rating-breakdown,defensive,defensive,,,,Manchester City,90.0,,40.3,64.1,,,True,True,1,boolean_field,success,,True,False,False,,rating-breakdown,True,40.3,64.1,,,ball-recovery,True,False,"{""playerCoordinates"": {""x"": 40.3, ""y"": 64.1}, ""eventActionType"": ""ball-recovery"", ""isHome"": true, ""outcome"": true, ""keypass"": false}",,
1046795,Savinho,15999228,rating-breakdown,defensive,defensive,,,,Manchester City,90.0,,65.6,30.2,,,,,,unresolvable,,,,False,False,,rating-breakdown,True,65.6,30.2,,,tackle,True,False,"{""playerCoordinates"": {""x"": 65.6, ""y"": 30.2}, ""eventActionType"": ""tackle"", ""isHome"": true, ""keypass"": false}",,
1046795,Savinho,14023936,rating-breakdown,passes,passes,,,,Manchester City,34.0,,74.1,10.3,72.5,17.4,True,True,1,boolean_field,success,True,,False,False,pass,rating-breakdown,True,74.1,10.3,72.5,17.4,pass,False,False,"{""playerCoordinates"": {""x"": 74.1, ""y"": 10.3}, ""passEndCoordinates"": {""x"": 72.5, ""y"": 17.4}, ""eventActionType"": ""pass"", ""isHome"": false, ""outcome"": true, ""keypass"": false}",,
1046795,Savinho,14023936,rating-breakdown,passes,passes,,,,Manchester City,34.0,,83.2,5.7,77.2,9.4,,,,unresolvable,,,,False,False,pass,rating-breakdown,True,83.2,5.7,77.2,9.4,pass,False,False,"{""playerCoordinates"": {""x"": 83.2, ""y"": 5.7}, ""passEndCoordinates"": {""x"": 77.2, ""y"": 9.4}, ""eventActionType"": ""pass"", ""isHome"": false, ""keypass"": false}",,
1046795,Savinho,14023936,rating-breakdown,passes,passes,,,,Manchester City,34.0,,54.5,16.6,60,9.4,True,True,1,boolean_field,success,True,,False,False,pass,rating-breakdown,True,54.5,16.6,60,9.4,pass,False,False,"{""playerCoordinates"": {""x"": 54.5, ""y"": 16.6}, ""passEndCoordinates"": {""x"": 60, ""y"": 9.4}, ""eventActionType"": ""pass"", ""isHome"": false, ""outcome"": true, ""keypass"": false}",,
1046795,Savinho,14023936,rating-breakdown,passes,passes,,,,Manchester City,34.0,,76.5,21.5,71.4,27.1,True,True,1,boolean_field,success,True,,False,False,pass,rating-breakdown,True,76.5,21.5,71.4,27.1,pass,False,False,"{""playerCoordinates"": {""x"": 76.5, ""y"": 21.5}, ""passEndCoordinates"": {""x"": 71.4, ""y"": 27.1}, ""eventActionType"": ""pass"", ""isHome"": false, ""outcome"": true, ""keypass"": false}",,
1046795,Savinho,14023936,rating-breakdown,passes,passes,,,,Manchester City,34.0,,74.8,11.5,98.2,19.9,True,True,1,boolean_field,success,True,,False,False,pass,rating-breakdown,True,74.8,11.5,98.2,19.9,pass,False,False,"{""playerCoordinates"": {""x"": 74.8, ""y"": 11.5}, ""passEndCoordinates"": {""x"": 98.2, ""y"": 19.9}, ""eventActionType"": ""pass"", ""isHome"": false, ""outcome"": true, ""keypass"": false}",,
1046795,Savinho,14023936,rating-breakdown,passes,passes,,,,Manchester City,34.0,,85.9,86.7,86.3,84.3,,,,unresolvable,,,,False,False,pass,rating-breakdown,True,85.9,86.7,86.3,84.3,cross,False,False,"{""playerCoordinates"": {""x"": 85.9, ""y"": 86.7}, ""passEndCoordinates"": {""x"": 86.3, ""y"": 84.3}, ""eventActionType"": ""cross"", ""isHome"": false, ""keypass"": false}",,
1046795,Savinho,14023936,rating-breakdown,passes,passes,,,,Manchester City,34.0,,92.1,75.3,91.8,52.6,,,,unresolvable,,,,False,False,pass,rating-breakdown,True,92.1,75.3,91.8,52.6,cross,False,False,"{""playerCoordinates"": {""x"": 92.1, ""y"": 75.3}, ""passEndCoordinates"": {""x"": 91.8, ""y"": 52.6}, ""eventActionType"": ""cross"", ""isHome"": false, ""keypass"": false}",,
1046795,Savinho,14023936,rating-breakdown,passes,passes,,,,Manchester City,34.0,,89,85,91,78.9,,,,unresolvable,,,,False,False,pass,rating-breakdown,True,89,85,91,78.9,cross,False,False,"{""playerCoordinates"": {""x"": 89, ""y"": 85}, ""passEndCoordinates"": {""x"": 91, ""y"": 78.9}, ""eventActionType"": ""cross"", ""isHome"": false, ""keypass"": false}",,
1046795,Savinho,14023936,rating-breakdown,passes,passes,,,,Manchester City,34.0,,67.9,82.7,69.7,82.7,,,,unresolvable,,,,False,False,pass,rating-breakdown,True,67.9,82.7,69.7,82.7,pass,False,False,"{""playerCoordinates"": {""x"": 67.9, ""y"": 82.7}, ""passEndCoordinates"": {""x"": 69.7, ""y"": 82.7}, ""eventActionType"": ""pass"", ""isHome"": false, ""keypass"": false}",,
1046795,Savinho,14023936,rating-breakdown,passes,passes,,,,Manchester City,34.0,,32.4,87.6,34,75.5,True,True,1,boolean_field,success,True,,False,False,pass,rating-breakdown,True,32.4,87.6,34,75.5,pass,False,False,"{""playerCoordinates"": {""x"": 32.4, ""y"": 87.6}, ""passEndCoordinates"": {""x"": 34, ""y"": 75.5}, ""eventActionType"": ""pass"", ""isHome"": false, ""outcome"": true, ""keypass"": false}",,
1046795,Savinho,14023936,rating-breakdown,passes,passes,,,,Manchester City,34.0,,91.2,85,90.9,81.1,,,,unresolvable,,,,False,False,pass,rating-breakdown,True,91.2,85,90.9,81.1,pass,False,False,"{""playerCoordinates"": {""x"": 91.2, ""y"": 85}, ""passEndCoordinates"": {""x"": 90.9, ""y"": 81.1}, ""eventActionType"": ""pass"", ""isHome"": false, ""keypass"": false}",,
1046795,Savinho,14023936,rating-breakdown,passes,passes,,,,Manchester City,34.0,,91.3,73.4,85.2,57.3,True,True,1,boolean_field,success,True,,False,True,key_pass,rating-breakdown,True,91.3,73.4,85.2,57.3,pass,False,True,"{""playerCoordinates"": {""x"": 91.3, ""y"": 73.4}, ""passEndCoordinates"": {""x"": 85.2, ""y"": 57.3}, ""eventActionType"": ""pass"", ""isHome"": false, ""outcome"": true, ""keypass"": true}",,
1046795,Savinho,14023936,rating-breakdown,ball-carries,ball-carries,,,,Manchester City,34.0,,36.1,33.5,39.2,31.4,,,,unresolvable,,,,False,False,,rating-breakdown,True,36.1,33.5,39.2,31.4,ball-carry,False,,"{""playerCoordinates"": {""x"": 36.1, ""y"": 33.5}, ""passEndCoordinates"": {""x"": 39.2, ""y"": 31.4}, ""eventActionType"": ""ball-carry"", ""isHome"": false}",,
1046795,Savinho,14023936,rating-breakdown,ball-carries,ball-carries,,,,Manchester City,34.0,,39.2,31.4,37.3,28.1,,,,unresolvable,,,,False,False,,rating-breakdown,True,39.2,31.4,37.3,28.1,ball-carry,False,,"{""playerCoordinates"": {""x"": 39.2, ""y"": 31.4}, ""passEndCoordinates"": {""x"": 37.3, ""y"": 28.1}, ""eventActionType"": ""ball-carry"", ""isHome"": false}",,
1046795,Savinho,14023936,rating-breakdown,ball-carries,ball-carries,,,,Manchester City,34.0,,68.9,21.5,80.1,18.9,,,,unresolvable,,,,False,False,,rating-breakdown,True,68.9,21.5,80.1,18.9,ball-carry,False,,"{""playerCoordinates"": {""x"": 68.9, ""y"": 21.5}, ""passEndCoordinates"": {""x"": 80.1, ""y"": 18.9}, ""eventActionType"": ""ball-carry"", ""isHome"": false}",,
1046795,Savinho,14023936,rating-breakdown,ball-carries,ball-carries,,,,Manchester City,34.0,,42.4,27.1,54.5,16.6,,,,unresolvable,,,,False,False,,rating-breakdown,True,42.4,27.1,54.5,16.6,ball-carry,False,,"{""playerCoordinates"": {""x"": 42.4, ""y"": 27.1}, ""passEndCoordinates"": {""x"": 54.5, ""y"": 16.6}, ""eventActionType"": ""ball-carry"", ""isHome"": false}",,
1046795,Savinho,14023936,rating-breakdown,ball-carries,ball-carries,,,,Manchester City,34.0,,72.1,9.8,74.8,11.5,,,,unresolvable,,,,False,False,,rating-breakdown,True,72.1,9.8,74.8,11.5,ball-carry,False,,"{""playerCoordinates"": {""x"": 72.1, ""y"": 9.8}, ""passEndCoordinates"": {""x"": 74.8, ""y"": 11.5}, ""eventActionType"": ""ball-carry"", ""isHome"": false}",,
1046795,Savinho,14023936,rating-breakdown,ball-carries,ball-carries,,,,Manchester City,34.0,,84.2,90.5,91.8,85.8,,,,unresolvable,,,,False,False,,rating-breakdown,True,84.2,90.5,91.8,85.8,ball-carry,False,,"{""playerCoordinates"": {""x"": 84.2, ""y"": 90.5}, ""passEndCoordinates"": {""x"": 91.8, ""y"": 85.8}, ""eventActionType"": ""ball-carry"", ""isHome"": false}",,
1046795,Savinho,14023936,rating-breakdown,ball-carries,ball-carries,,,,Manchester City,34.0,,41.3,93.1,38.6,94.8,,,,unresolvable,,,,False,False,,rating-breakdown,True,41.3,93.1,38.6,94.8,ball-carry,False,,"{""playerCoordinates"": {""x"": 41.3, ""y"": 93.1}, ""passEndCoordinates"": {""x"": 38.6, ""y"": 94.8}, ""eventActionType"": ""ball-carry"", ""isHome"": false}",,
1046795,Savinho,14023936,rating-breakdown,ball-carries,ball-carries,,,,Manchester City,34.0,,62.4,94.1,67.9,82.7,,,,unresolvable,,,,False,False,,rating-breakdown,True,62.4,94.1,67.9,82.7,ball-carry,False,,"{""playerCoordinates"": {""x"": 62.4, ""y"": 94.1}, ""passEndCoordinates"": {""x"": 67.9, ""y"": 82.7}, ""eventActionType"": ""ball-carry"", ""isHome"": false}",,
1046795,Savinho,14023936,rating-breakdown,ball-carries,ball-carries,,,,Manchester City,34.0,,26.8,89.3,32.4,87.6,,,,unresolvable,,,,False,False,,rating-breakdown,True,26.8,89.3,32.4,87.6,ball-carry,False,,"{""playerCoordinates"": {""x"": 26.8, ""y"": 89.3}, ""passEndCoordinates"": {""x"": 32.4, ""y"": 87.6}, ""eventActionType"": ""ball-carry"", ""isHome"": false}",,
1046795,Savinho,14023936,rating-breakdown,ball-carries,ball-carries,,,,Manchester City,34.0,,68.4,91.5,91.2,85,,,,unresolvable,,,,False,False,,rating-breakdown,True,68.4,91.5,91.2,85,ball-carry,False,,"{""playerCoordinates"": {""x"": 68.4, ""y"": 91.5}, ""passEndCoordinates"": {""x"": 91.2, ""y"": 85}, ""eventActionType"": ""ball-carry"", ""isHome"": false}",,
1046795,Savinho,14023936,rating-breakdown,ball-carries,ball-carries,,,,Manchester City,34.0,,60.1,73,61.7,84.5,,,,unresolvable,,,,False,False,,rating-breakdown,True,60.1,73,61.7,84.5,ball-carry,False,,"{""playerCoordinates"": {""x"": 60.1, ""y"": 73}, ""passEndCoordinates"": {""x"": 61.7, ""y"": 84.5}, ""eventActionType"": ""ball-carry"", ""isHome"": false}",,
1046795,Savinho,14023936,rating-breakdown,dribbles,dribbles,,,,Manchester City,34.0,,56.8,78.7,,,True,True,1,boolean_field,success,,True,False,False,,rating-breakdown,True,56.8,78.7,,,dribble,False,False,"{""playerCoordinates"": {""x"": 56.8, ""y"": 78.7}, ""eventActionType"": ""dribble"", ""isHome"": false, ""outcome"": true, ""keypass"": false}",,
1046795,Savinho,14023936,rating-breakdown,dribbles,dribbles,,,,Manchester City,34.0,,61.4,81.3,,,True,True,1,boolean_field,success,,True,False,False,,rating-breakdown,True,61.4,81.3,,,dribble,False,False,"{""playerCoordinates"": {""x"": 61.4, ""y"": 81.3}, ""eventActionType"": ""dribble"", ""isHome"": false, ""outcome"": true, ""keypass"": false}",,
1046795,Savinho,14023936,rating-breakdown,defensive,defensive,,,,Manchester City,34.0,,39.2,31.4,,,True,True,1,boolean_field,success,,True,False,False,,rating-breakdown,True,39.2,31.4,,,ball-recovery,False,False,"{""playerCoordinates"": {""x"": 39.2, ""y"": 31.4}, ""eventActionType"": ""ball-recovery"", ""isHome"": false, ""outcome"": true, ""keypass"": false}",,
1046795,Savinho,14023936,rating-breakdown,defensive,defensive,,,,Manchester City,34.0,,26.8,89.3,,,True,True,1,boolean_field,success,,True,False,False,,rating-breakdown,True,26.8,89.3,,,ball-recovery,False,False,"{""playerCoordinates"": {""x"": 26.8, ""y"": 89.3}, ""eventActionType"": ""ball-recovery"", ""isHome"": false, ""outcome"": true, ""keypass"": false}",,
1046795,Savinho,14023961,rating-breakdown,passes,passes,,,,Manchester City,90.0,,70.5,91.2,67.4,81.8,True,True,1,boolean_field,success,True,,False,False,pass,rating-breakdown,True,70.5,91.2,67.4,81.8,pass,True,False,"{""playerCoordinates"": {""x"": 70.5, ""y"": 91.2}, ""passEndCoordinates"": {""x"": 67.4, ""y"": 81.8}, ""eventActionType"": ""pass"", ""isHome"": true, ""outcome"": true, ""keypass"": false}",,
1046795,Savinho,14023961,rating-breakdown,passes,passes,,,,Manchester City,90.0,,93,72.3,94.2,64.1,True,True,1,boolean_field,success,True,,False,True,key_pass,rating-breakdown,True,93,72.3,94.2,64.1,pass,True,True,"{""playerCoordinates"": {""x"": 93, ""y"": 72.3}, ""passEndCoordinates"": {""x"": 94.2, ""y"": 64.1}, ""eventActionType"": ""pass"", ""isHome"": true, ""outcome"": true, ""keypass"": true}",,
1046795,Savinho,14023961,rating-breakdown,passes,passes,,,,Manchester City,90.0,,86.2,88.2,75.8,86.4,True,True,1,boolean_field,success,True,,False,False,pass,rating-breakdown,True,86.2,88.2,75.8,86.4,pass,True,False,"{""playerCoordinates"": {""x"": 86.2, ""y"": 88.2}, ""passEndCoordinates"": {""x"": 75.8, ""y"": 86.4}, ""eventActionType"": ""pass"", ""isHome"": true, ""outcome"": true, ""keypass"": false}",,
1046795,Savinho,14023961,rating-breakdown,passes,passes,,,,Manchester City,90.0,,81.8,88.1,79.4,64.1,True,True,1,boolean_field,success,True,,False,False,pass,rating-breakdown,True,81.8,88.1,79.4,64.1,pass,True,False,"{""playerCoordinates"": {""x"": 81.8, ""y"": 88.1}, ""passEndCoordinates"": {""x"": 79.4, ""y"": 64.1}, ""eventActionType"": ""pass"", ""isHome"": true, ""outcome"": true, ""keypass"": false}",,
1046795,Savinho,14023961,rating-breakdown,passes,passes,,,,Manchester City,90.0,,78.4,75.9,75,62.9,True,True,1,boolean_field,success,True,,False,False,pass,rating-breakdown,True,78.4,75.9,75,62.9,pass,True,False,"{""playerCoordinates"": {""x"": 78.4, ""y"": 75.9}, ""passEndCoordinates"": {""x"": 75, ""y"": 62.9}, ""eventActionType"": ""pass"", ""isHome"": true, ""outcome"": true, ""keypass"": false}",,
1046795,Savinho,14023961,rating-breakdown,passes,passes,,,,Manchester City,90.0,,80.9,75.9,91.7,87.9,True,True,1,boolean_field,success,True,,False,False,pass,rating-breakdown,True,80.9,75.9,91.7,87.9,pass,True,False,"{""playerCoordinates"": {""x"": 80.9, ""y"": 75.9}, ""passEndCoordinates"": {""x"": 91.7, ""y"": 87.9}, ""eventActionType"": ""pass"", ""isHome"": true, ""outcome"": true, ""keypass"": false}",,
1046795,Savinho,14023961,rating-breakdown,passes,passes,,,,Manchester City,90.0,,80.1,75.5,86.8,71.4,True,True,1,boolean_field,success,True,,False,False,pass,rating-breakdown,True,80.1,75.5,86.8,71.4,pass,True,False,"{""playerCoordinates"": {""x"": 80.1, ""y"": 75.5}, ""passEndCoordinates"": {""x"": 86.8, ""y"": 71.4}, ""eventActionType"": ""pass"", ""isHome"": true, ""outcome"": true, ""keypass"": false}",,
1046795,Savinho,14023961,rating-breakdown,passes,passes,,,,Manchester City,90.0,,77,73.7,69.6,69,True,True,1,boolean_field,success,True,,False,False,pass,rating-breakdown,True,77,73.7,69.6,69,pass,True,False,"{""playerCoordinates"": {""x"": 77, ""y"": 73.7}, ""passEndCoordinates"": {""x"": 69.6, ""y"": 69}, ""eventActionType"": ""pass"", ""isHome"": true, ""outcome"": true, ""keypass"": false}",,
1046795,Savinho,14023961,rating-breakdown,passes,passes,,,,Manchester City,90.0,,85.3,85.2,96.4,62.8,True,True,1,boolean_field,success,True,,False,True,key_pass,rating-breakdown,True,85.3,85.2,96.4,62.8,pass,True,True,"{""playerCoordinates"": {""x"": 85.3, ""y"": 85.2}, ""passEndCoordinates"": {""x"": 96.4, ""y"": 62.8}, ""eventActionType"": ""pass"", ""isHome"": true, ""outcome"": true, ""keypass"": true}",,
1046795,Savinho,14023961,rating-breakdown,passes,passes,,,,Manchester City,90.0,,96.5,64.6,95.7,59.2,,,,unresolvable,,,,False,False,pass,rating-breakdown,True,96.5,64.6,95.7,59.2,pass,True,False,"{""playerCoordinates"": {""x"": 96.5, ""y"": 64.6}, ""passEndCoordinates"": {""x"": 95.7, ""y"": 59.2}, ""eventActionType"": ""pass"", ""isHome"": true, ""keypass"": false}",,
1046795,Savinho,14023961,rating-breakdown,passes,passes,,,,Manchester City,90.0,,78.5,93.5,72.2,84.1,True,True,1,boolean_field,success,True,,False,False,pass,rating-breakdown,True,78.5,93.5,72.2,84.1,pass,True,False,"{""playerCoordinates"": {""x"": 78.5, ""y"": 93.5}, ""passEndCoordinates"": {""x"": 72.2, ""y"": 84.1}, ""eventActionType"": ""pass"", ""isHome"": true, ""outcome"": true, ""keypass"": false}",,
1046795,Savinho,14023961,rating-breakdown,passes,passes,,,,Manchester City,90.0,,93.4,93.9,88.1,88.5,True,True,1,boolean_field,success,True,,False,False,pass,rating-breakdown,True,93.4,93.9,88.1,88.5,pass,True,False,"{""playerCoordinates"": {""x"": 93.4, ""y"": 93.9}, ""passEndCoordinates"": {""x"": 88.1, ""y"": 88.5}, ""eventActionType"": ""pass"", ""isHome"": true, ""outcome"": true, ""keypass"": false}",,
1046795,Savinho,14023961,rating-breakdown,passes,passes,,,,Manchester City,90.0,,63.7,95.9,58,79.7,True,True,1,boolean_field,success,True,,False,False,pass,rating-breakdown,True,63.7,95.9,58,79.7,pass,True,False,"{""playerCoordinates"": {""x"": 63.7, ""y"": 95.9}, ""passEndCoordinates"": {""x"": 58, ""y"": 79.7}, ""eventActionType"": ""pass"", ""isHome"": true, ""outcome"": true, ""keypass"": false}",,
1046795,Savinho,14023961,rating-breakdown,passes,passes,,,,Manchester City,90.0,,65,93.5,55.9,81.5,True,True,1,boolean_field,success,True,,False,False,pass,rating-breakdown,True,65,93.5,55.9,81.5,pass,True,False,"{""playerCoordinates"": {""x"": 65, ""y"": 93.5}, ""passEndCoordinates"": {""x"": 55.9, ""y"": 81.5}, ""eventActionType"": ""pass"", ""isHome"": true, ""outcome"": true, ""keypass"": false}",,
1046795,Savinho,14023961,rating-breakdown,passes,passes,,,,Manchester City,90.0,,53.7,69.6,49.9,56.2,True,True,1,boolean_field,success,True,,False,False,pass,rating-breakdown,True,53.7,69.6,49.9,56.2,pass,True,False,"{""playerCoordinates"": {""x"": 53.7, ""y"": 69.6}, ""passEndCoordinates"": {""x"": 49.9, ""y"": 56.2}, ""eventActionType"": ""pass"", ""isHome"": true, ""outcome"": true, ""keypass"": false}",,
1046795,Savinho,14023961,rating-breakdown,passes,passes,,,,Manchester City,90.0,,41.7,94.1,53.7,80.3,True,True,1,boolean_field,success,True,,False,False,pass,rating-breakdown,True,41.7,94.1,53.7,80.3,pass,True,False,"{""playerCoordinates"": {""x"": 41.7, ""y"": 94.1}, ""passEndCoordinates"": {""x"": 53.7, ""y"": 80.3}, ""eventActionType"": ""pass"", ""isHome"": true, ""outcome"": true, ""keypass"": false}",,
1046795,Savinho,14023961,rating-breakdown,passes,passes,,,,Manchester City,90.0,,39.4,91.2,30.3,84.7,True,True,1,boolean_field,success,True,,False,False,pass,rating-breakdown,True,39.4,91.2,30.3,84.7,pass,True,False,"{""playerCoordinates"": {""x"": 39.4, ""y"": 91.2}, ""passEndCoordinates"": {""x"": 30.3, ""y"": 84.7}, ""eventActionType"": ""pass"", ""isHome"": true, ""outcome"": true, ""keypass"": false}",,
1046795,Savinho,14023961,rating-breakdown,passes,passes,,,,Manchester City,90.0,,86.4,85.9,86.9,73.3,,,,unresolvable,,,,False,False,pass,rating-breakdown,True,86.4,85.9,86.9,73.3,pass,True,False,"{""playerCoordinates"": {""x"": 86.4, ""y"": 85.9}, ""passEndCoordinates"": {""x"": 86.9, ""y"": 73.3}, ""eventActionType"": ""pass"", ""isHome"": true, ""keypass"": false}",,
1046795,Savinho,14023961,rating-breakdown,passes,passes,,,,Manchester City,90.0,,53,18.2,41.8,52.4,True,True,1,boolean_field,success,True,,False,False,pass,rating-breakdown,True,53,18.2,41.8,52.4,pass,True,False,"{""playerCoordinates"": {""x"": 53, ""y"": 18.2}, ""passEndCoordinates"": {""x"": 41.8, ""y"": 52.4}, ""eventActionType"": ""pass"", ""isHome"": true, ""outcome"": true, ""keypass"": false}",,
1046795,Savinho,14023961,rating-breakdown,passes,passes,,,,Manchester City,90.0,,91.2,75.8,95.3,47,,,,unresolvable,,,,False,False,pass,rating-breakdown,True,91.2,75.8,95.3,47,cross,True,False,"{""playerCoordinates"": {""x"": 91.2, ""y"": 75.8}, ""passEndCoordinates"": {""x"": 95.3, ""y"": 47}, ""eventActionType"": ""cross"", ""isHome"": true, ""keypass"": false}",,
1046795,Savinho,14023961,rating-breakdown,passes,passes,,,,Manchester City,90.0,,91.2,88.2,82.5,91.5,True,True,1,boolean_field,success,True,,False,False,pass,rating-breakdown,True,91.2,88.2,82.5,91.5,pass,True,False,"{""playerCoordinates"": {""x"": 91.2, ""y"": 88.2}, ""passEndCoordinates"": {""x"": 82.5, ""y"": 91.5}, ""eventActionType"": ""pass"", ""isHome"": true, ""outcome"": true, ""keypass"": false}",,
1046795,Savinho,14023961,rating-breakdown,passes,passes,,,,Manchester City,90.0,,90.3,81.1,93.3,0,,,,unresolvable,,,,False,False,pass,rating-breakdown,True,90.3,81.1,93.3,0,cross,True,False,"{""playerCoordinates"": {""x"": 90.3, ""y"": 81.1}, ""passEndCoordinates"": {""x"": 93.3, ""y"": 0}, ""eventActionType"": ""cross"", ""isHome"": true, ""keypass"": false, ""isLongBall"": true}",True,
1046795,Savinho,14023961,rating-breakdown,passes,passes,,,,Manchester City,90.0,,50.9,84.3,51.9,55.6,True,True,1,boolean_field,success,True,,False,False,pass,rating-breakdown,True,50.9,84.3,51.9,55.6,pass,True,False,"{""playerCoordinates"": {""x"": 50.9, ""y"": 84.3}, ""passEndCoordinates"": {""x"": 51.9, ""y"": 55.6}, ""eventActionType"": ""pass"", ""isHome"": true, ""outcome"": true, ""keypass"": false}",,
1046795,Savinho,14023961,rating-breakdown,passes,passes,,,,Manchester City,90.0,,36.9,11.5,28.2,27.3,True,True,1,boolean_field,success,True,,False,False,pass,rating-breakdown,True,36.9,11.5,28.2,27.3,pass,True,False,"{""playerCoordinates"": {""x"": 36.9, ""y"": 11.5}, ""passEndCoordinates"": {""x"": 28.2, ""y"": 27.3}, ""eventActionType"": ""pass"", ""isHome"": true, ""outcome"": true, ""keypass"": false}",,
1046795,Savinho,14023961,rating-breakdown,passes,passes,,,,Manchester City,90.0,,71.6,9.5,60.7,27,True,True,1,boolean_field,success,True,,False,False,pass,rating-breakdown,True,71.6,9.5,60.7,27,pass,True,False,"{""playerCoordinates"": {""x"": 71.6, ""y"": 9.5}, ""passEndCoordinates"": {""x"": 60.7, ""y"": 27}, ""eventActionType"": ""pass"", ""isHome"": true, ""outcome"": true, ""keypass"": false}",,
1046795,Savinho,14023961,rating-breakdown,passes,passes,,,,Manchester City,90.0,,71,12.6,62.6,24.4,True,True,1,boolean_field,success,True,,False,False,pass,rating-breakdown,True,71,12.6,62.6,24.4,pass,True,False,"{""playerCoordinates"": {""x"": 71, ""y"": 12.6}, ""passEndCoordinates"": {""x"": 62.6, ""y"": 24.4}, ""eventActionType"": ""pass"", ""isHome"": true, ""outcome"": true, ""keypass"": false}",,
1046795,Savinho,14023961,rating-breakdown,passes,passes,,,,Manchester City,90.0,,77.5,3.8,74.5,25.6,True,True,1,boolean_field,success,True,,False,False,pass,rating-breakdown,True,77.5,3.8,74.5,25.6,pass,True,False,"{""playerCoordinates"": {""x"": 77.5, ""y"": 3.8}, ""passEndCoordinates"": {""x"": 74.5, ""y"": 25.6}, ""eventActionType"": ""pass"", ""isHome"": true, ""outcome"": true, ""keypass"": false}",,
1046795,Savinho,14023961,rating-breakdown,passes,passes,,,,Manchester City,90.0,,95.4,30.6,89.6,58.5,,,,unresolvable,,,,False,False,pass,rating-breakdown,True,95.4,30.6,89.6,58.5,pass,True,False,"{""playerCoordinates"": {""x"": 95.4, ""y"": 30.6}, ""passEndCoordinates"": {""x"": 89.6, ""y"": 58.5}, ""eventActionType"": ""pass"", ""isHome"": true, ""keypass"": false}",,
1046795,Savinho,14023961,rating-breakdown,passes,passes,,,,Manchester City,90.0,,85.6,22.9,97,31.7,,,,unresolvable,,,,False,False,pass,rating-breakdown,True,85.6,22.9,97,31.7,pass,True,False,"{""playerCoordinates"": {""x"": 85.6, ""y"": 22.9}, ""passEndCoordinates"": {""x"": 97, ""y"": 31.7}, ""eventActionType"": ""pass"", ""isHome"": true, ""keypass"": false}",,
1046795,Savinho,14023961,rating-breakdown,passes,passes,,,,Manchester City,90.0,,74.2,15.1,68.5,37,True,True,1,boolean_field,success,True,,False,False,pass,rating-breakdown,True,74.2,15.1,68.5,37,pass,True,False,"{""playerCoordinates"": {""x"": 74.2, ""y"": 15.1}, ""passEndCoordinates"": {""x"": 68.5, ""y"": 37}, ""eventActionType"": ""pass"", ""isHome"": true, ""outcome"": true, ""keypass"": false}",,
1046795,Savinho,14023961,rating-breakdown,passes,passes,,,,Manchester City,90.0,,71.5,29.5,68.8,21.7,True,True,1,boolean_field,success,True,,False,False,pass,rating-breakdown,True,71.5,29.5,68.8,21.7,pass,True,False,"{""playerCoordinates"": {""x"": 71.5, ""y"": 29.5}, ""passEndCoordinates"": {""x"": 68.8, ""y"": 21.7}, ""eventActionType"": ""pass"", ""isHome"": true, ""outcome"": true, ""keypass"": false}",,
1046795,Savinho,14023961,rating-breakdown,ball-carries,ball-carries,,,,Manchester City,90.0,,75.1,94.4,93,72.3,,,,unresolvable,,,,False,False,,rating-breakdown,True,75.1,94.4,93,72.3,ball-carry,True,,"{""playerCoordinates"": {""x"": 75.1, ""y"": 94.4}, ""passEndCoordinates"": {""x"": 93, ""y"": 72.3}, ""eventActionType"": ""ball-carry"", ""isHome"": true}",,
1046795,Savinho,14023961,rating-breakdown,ball-carries,ball-carries,,,,Manchester City,90.0,,68.3,90.6,86.2,88.2,,,,unresolvable,,,,False,False,,rating-breakdown,True,68.3,90.6,86.2,88.2,ball-carry,True,,"{""playerCoordinates"": {""x"": 68.3, ""y"": 90.6}, ""passEndCoordinates"": {""x"": 86.2, ""y"": 88.2}, ""eventActionType"": ""ball-carry"", ""isHome"": true}",,
1046795,Savinho,14023961,rating-breakdown,ball-carries,ball-carries,,,,Manchester City,90.0,,78.9,86.8,81.8,88.1,,,,unresolvable,,,,False,False,,rating-breakdown,True,78.9,86.8,81.8,88.1,ball-carry,True,,"{""playerCoordinates"": {""x"": 78.9, ""y"": 86.8}, ""passEndCoordinates"": {""x"": 81.8, ""y"": 88.1}, ""eventActionType"": ""ball-carry"", ""isHome"": true}",,
1046795,Savinho,14023961,rating-breakdown,ball-carries,ball-carries,,,,Manchester City,90.0,,78.4,86.2,78.4,75.9,,,,unresolvable,,,,False,False,,rating-breakdown,True,78.4,86.2,78.4,75.9,ball-carry,True,,"{""playerCoordinates"": {""x"": 78.4, ""y"": 86.2}, ""passEndCoordinates"": {""x"": 78.4, ""y"": 75.9}, ""eventActionType"": ""ball-carry"", ""isHome"": true}",,
1046795,Savinho,14023961,rating-breakdown,ball-carries,ball-carries,,,,Manchester City,90.0,,81.4,87,85.3,85.2,,,,unresolvable,,,,False,False,,rating-breakdown,True,81.4,87,85.3,85.2,ball-carry,True,,"{""playerCoordinates"": {""x"": 81.4, ""y"": 87}, ""passEndCoordinates"": {""x"": 85.3, ""y"": 85.2}, ""eventActionType"": ""ball-carry"", ""isHome"": true}",,
1046795,Savinho,14023961,rating-breakdown,ball-carries,ball-carries,,,,Manchester City,90.0,,69.9,97,96.5,64.6,,,,unresolvable,,,,False,False,,rating-breakdown,True,69.9,97,96.5,64.6,ball-carry,True,,"{""playerCoordinates"": {""x"": 69.9, ""y"": 97}, ""passEndCoordinates"": {""x"": 96.5, ""y"": 64.6}, ""eventActionType"": ""ball-carry"", ""isHome"": true}",,
1046795,Savinho,14023961,rating-breakdown,ball-carries,ball-carries,,,,Manchester City,90.0,,74.7,95.8,78.5,93.5,,,,unresolvable,,,,False,False,,rating-breakdown,True,74.7,95.8,78.5,93.5,ball-carry,True,,"{""playerCoordinates"": {""x"": 74.7, ""y"": 95.8}, ""passEndCoordinates"": {""x"": 78.5, ""y"": 93.5}, ""eventActionType"": ""ball-carry"", ""isHome"": true}",,
1046795,Savinho,14023961,rating-breakdown,ball-carries,ball-carries,,,,Manchester City,90.0,,83.7,92.3,88.8,80.6,,,,unresolvable,,,,False,False,,rating-breakdown,True,83.7,92.3,88.8,80.6,ball-carry,True,,"{""playerCoordinates"": {""x"": 83.7, ""y"": 92.3}, ""passEndCoordinates"": {""x"": 88.8, ""y"": 80.6}, ""eventActionType"": ""ball-carry"", ""isHome"": true}",,
1046795,Savinho,14023961,rating-breakdown,ball-carries,ball-carries,,,,Manchester City,90.0,,82.1,80.6,70.6,70,,,,unresolvable,,,,False,False,,rating-breakdown,True,82.1,80.6,70.6,70,ball-carry,True,,"{""playerCoordinates"": {""x"": 82.1, ""y"": 80.6}, ""passEndCoordinates"": {""x"": 70.6, ""y"": 70}, ""eventActionType"": ""ball-carry"", ""isHome"": true}",,
1046795,Savinho,14023961,rating-breakdown,ball-carries,ball-carries,,,,Manchester City,90.0,,70.3,90.9,88.6,88.6,,,,unresolvable,,,,False,False,,rating-breakdown,True,70.3,90.9,88.6,88.6,ball-carry,True,,"{""playerCoordinates"": {""x"": 70.3, ""y"": 90.9}, ""passEndCoordinates"": {""x"": 88.6, ""y"": 88.6}, ""eventActionType"": ""ball-carry"", ""isHome"": true}",,
1046795,Savinho,14023961,rating-breakdown,ball-carries,ball-carries,,,,Manchester City,90.0,,78.9,95.3,91.3,74,,,,unresolvable,,,,False,False,,rating-breakdown,True,78.9,95.3,91.3,74,ball-carry,True,,"{""playerCoordinates"": {""x"": 78.9, ""y"": 95.3}, ""passEndCoordinates"": {""x"": 91.3, ""y"": 74}, ""eventActionType"": ""ball-carry"", ""isHome"": true}",,
1046795,Savinho,14023961,rating-breakdown,ball-carries,ball-carries,,,,Manchester City,90.0,,30.4,93.5,41.7,94.1,,,,unresolvable,,,,False,False,,rating-breakdown,True,30.4,93.5,41.7,94.1,ball-carry,True,,"{""playerCoordinates"": {""x"": 30.4, ""y"": 93.5}, ""passEndCoordinates"": {""x"": 41.7, ""y"": 94.1}, ""eventActionType"": ""ball-carry"", ""isHome"": true}",,
1046795,Savinho,14023961,rating-breakdown,ball-carries,ball-carries,,,,Manchester City,90.0,,55.1,91.2,86.4,85.9,,,,unresolvable,,,,False,False,,rating-breakdown,True,55.1,91.2,86.4,85.9,ball-carry,True,,"{""playerCoordinates"": {""x"": 55.1, ""y"": 91.2}, ""passEndCoordinates"": {""x"": 86.4, ""y"": 85.9}, ""eventActionType"": ""ball-carry"", ""isHome"": true}",,
1046795,Savinho,14023961,rating-breakdown,ball-carries,ball-carries,,,,Manchester City,90.0,,77,89,92.8,77,,,,unresolvable,,,,False,False,,rating-breakdown,True,77,89,92.8,77,ball-carry,True,,"{""playerCoordinates"": {""x"": 77, ""y"": 89}, ""passEndCoordinates"": {""x"": 92.8, ""y"": 77}, ""eventActionType"": ""ball-carry"", ""isHome"": true}",,
1046795,Savinho,14023961,rating-breakdown,ball-carries,ball-carries,,,,Manchester City,90.0,,85,84.7,90.3,81.1,,,,unresolvable,,,,False,False,,rating-breakdown,True,85,84.7,90.3,81.1,ball-carry,True,,"{""playerCoordinates"": {""x"": 85, ""y"": 84.7}, ""passEndCoordinates"": {""x"": 90.3, ""y"": 81.1}, ""eventActionType"": ""ball-carry"", ""isHome"": true}",,
1046795,Savinho,14023961,rating-breakdown,ball-carries,ball-carries,,,,Manchester City,90.0,,63.8,90.6,50.9,84.3,,,,unresolvable,,,,False,False,,rating-breakdown,True,63.8,90.6,50.9,84.3,ball-carry,True,,"{""playerCoordinates"": {""x"": 63.8, ""y"": 90.6}, ""passEndCoordinates"": {""x"": 50.9, ""y"": 84.3}, ""eventActionType"": ""ball-carry"", ""isHome"": true}",,
1046795,Savinho,14023961,rating-breakdown,ball-carries,ball-carries,,,,Manchester City,90.0,,72.5,10.4,98.3,18.5,,,,unresolvable,,,,False,False,,rating-breakdown,True,72.5,10.4,98.3,18.5,ball-carry,True,,"{""playerCoordinates"": {""x"": 72.5, ""y"": 10.4}, ""passEndCoordinates"": {""x"": 98.3, ""y"": 18.5}, ""eventActionType"": ""ball-carry"", ""isHome"": true}",,
1046795,Savinho,14023961,rating-breakdown,ball-carries,ball-carries,,,,Manchester City,90.0,,53.9,5.6,71,12.6,,,,unresolvable,,,,False,False,,rating-breakdown,True,53.9,5.6,71,12.6,ball-carry,True,,"{""playerCoordinates"": {""x"": 53.9, ""y"": 5.6}, ""passEndCoordinates"": {""x"": 71, ""y"": 12.6}, ""eventActionType"": ""ball-carry"", ""isHome"": true}",,
1046795,Savinho,14023961,rating-breakdown,ball-carries,ball-carries,,,,Manchester City,90.0,,91.4,27.1,95.4,30.6,,,,unresolvable,,,,False,False,,rating-breakdown,True,91.4,27.1,95.4,30.6,ball-carry,True,,"{""playerCoordinates"": {""x"": 91.4, ""y"": 27.1}, ""passEndCoordinates"": {""x"": 95.4, ""y"": 30.6}, ""eventActionType"": ""ball-carry"", ""isHome"": true}",,
1046795,Savinho,14023961,rating-breakdown,ball-carries,ball-carries,,,,Manchester City,90.0,,70.8,10,74.2,15.1,,,,unresolvable,,,,False,False,,rating-breakdown,True,70.8,10,74.2,15.1,ball-carry,True,,"{""playerCoordinates"": {""x"": 70.8, ""y"": 10}, ""passEndCoordinates"": {""x"": 74.2, ""y"": 15.1}, ""eventActionType"": ""ball-carry"", ""isHome"": true}",,
1046795,Savinho,14023961,rating-breakdown,ball-carries,ball-carries,,,,Manchester City,90.0,,73,16,71.5,29.5,,,,unresolvable,,,,False,False,,rating-breakdown,True,73,16,71.5,29.5,ball-carry,True,,"{""playerCoordinates"": {""x"": 73, ""y"": 16}, ""passEndCoordinates"": {""x"": 71.5, ""y"": 29.5}, ""eventActionType"": ""ball-carry"", ""isHome"": true}",,
1046795,Savinho,14023961,rating-breakdown,dribbles,dribbles,,,,Manchester City,90.0,,0.8,24.6,,,,,,unresolvable,,,,False,False,,rating-breakdown,True,0.8,24.6,,,dribble,True,False,"{""playerCoordinates"": {""x"": 0.8, ""y"": 24.6}, ""eventActionType"": ""dribble"", ""isHome"": true, ""keypass"": false}",,
1046795,Savinho,14023961,rating-breakdown,dribbles,dribbles,,,,Manchester City,90.0,,88.8,80.4,,,,,,unresolvable,,,,False,False,,rating-breakdown,True,88.8,80.4,,,dribble,True,False,"{""playerCoordinates"": {""x"": 88.8, ""y"": 80.4}, ""eventActionType"": ""dribble"", ""isHome"": true, ""keypass"": false}",,
1046795,Savinho,14023961,rating-breakdown,dribbles,dribbles,,,,Manchester City,90.0,,88.6,88.6,,,,,,unresolvable,,,,False,False,,rating-breakdown,True,88.6,88.6,,,dribble,True,False,"{""playerCoordinates"": {""x"": 88.6, ""y"": 88.6}, ""eventActionType"": ""dribble"", ""isHome"": true, ""keypass"": false}",,
1046795,Savinho,14023961,rating-breakdown,dribbles,dribbles,,,,Manchester City,90.0,,96.5,86.6,,,,,,unresolvable,,,,False,False,,rating-breakdown,True,96.5,86.6,,,dribble,True,False,"{""playerCoordinates"": {""x"": 96.5, ""y"": 86.6}, ""eventActionType"": ""dribble"", ""isHome"": true, ""keypass"": false}",,
1046795,Savinho,14023961,rating-breakdown,dribbles,dribbles,,,,Manchester City,90.0,,93.2,21.6,,,True,True,1,boolean_field,success,,True,False,False,,rating-breakdown,True,93.2,21.6,,,dribble,True,False,"{""playerCoordinates"": {""x"": 93.2, ""y"": 21.6}, ""eventActionType"": ""dribble"", ""isHome"": true, ""outcome"": true, ""keypass"": false}",,
1046795,Savinho,14023961,rating-breakdown,dribbles,dribbles,,,,Manchester City,90.0,,91.5,24.4,,,,,,unresolvable,,,,False,False,,rating-breakdown,True,91.5,24.4,,,dribble,True,False,"{""playerCoordinates"": {""x"": 91.5, ""y"": 24.4}, ""eventActionType"": ""dribble"", ""isHome"": true, ""keypass"": false}",,
1046795,Savinho,14023961,rating-breakdown,defensive,defensive,,,,Manchester City,90.0,,55.1,91.2,,,True,True,1,boolean_field,success,,True,False,False,,rating-breakdown,True,55.1,91.2,,,ball-recovery,True,False,"{""playerCoordinates"": {""x"": 55.1, ""y"": 91.2}, ""eventActionType"": ""ball-recovery"", ""isHome"": true, ""outcome"": true, ""keypass"": false}",,
1046795,Savinho,14023961,rating-breakdown,defensive,defensive,,,,Manchester City,90.0,,63.8,90.6,,,True,True,1,boolean_field,success,,True,False,False,,rating-breakdown,True,63.8,90.6,,,ball-recovery,True,False,"{""playerCoordinates"": {""x"": 63.8, ""y"": 90.6}, ""eventActionType"": ""ball-recovery"", ""isHome"": true, ""outcome"": true, ""keypass"": false}",,
