player_id,player_name,event_id,endpoint,category,action_type,match_date,home_team,away_team,team,minutes_played_matchlog,minute,x,y,end_x,end_y,success,successful,success_flag,success_source,outcome,accurate,won,is_assist,is_key_pass,pass_subtype,_endpoint,endpoint_available,playerCoordinates_x,playerCoordinates_y,passEndCoordinates_x,passEndCoordinates_y,eventActionType,isHome,keypass,_raw_action,isLongBall,isAssist
2087085,Yan Diomande,14056037,rating-breakdown,passes,passes,,,,RB Leipzig,45.0,,33,96.5,23.5,81.6,True,True,1,boolean_field,success,True,,False,False,pass,rating-breakdown,True,33,96.5,23.5,81.6,pass,False,False,"{""playerCoordinates"": {""x"": 33, ""y"": 96.5}, ""passEndCoordinates"": {""x"": 23.5, ""y"": 81.6}, ""eventActionType"": ""pass"", ""isHome"": false, ""outcome"": true, ""keypass"": false}",,
2087085,Yan Diomande,14056037,rating-breakdown,passes,passes,,,,RB Leipzig,45.0,,36,92.7,58.5,99.1,True,True,1,boolean_field,success,True,,False,False,pass,rating-breakdown,True,36,92.7,58.5,99.1,pass,False,False,"{""playerCoordinates"": {""x"": 36, ""y"": 92.7}, ""passEndCoordinates"": {""x"": 58.5, ""y"": 99.1}, ""eventActionType"": ""pass"", ""isHome"": false, ""outcome"": true, ""keypass"": false}",,
2087085,Yan Diomande,14056037,rating-breakdown,passes,passes,,,,RB Leipzig,45.0,,29.9,91.8,37.3,92,True,True,1,boolean_field,success,True,,False,False,pass,rating-breakdown,True,29.9,91.8,37.3,92,pass,False,False,"{""playerCoordinates"": {""x"": 29.9, ""y"": 91.8}, ""passEndCoordinates"": {""x"": 37.3, ""y"": 92}, ""eventActionType"": ""pass"", ""isHome"": false, ""outcome"": true, ""keypass"": false}",,
2087085,Yan Diomande,14056037,rating-breakdown,passes,passes,,,,RB Leipzig,45.0,,58.2,86.8,58.5,90.6,,,,unresolvable,,,,False,False,pass,rating-breakdown,True,58.2,86.8,58.5,90.6,pass,False,False,"{""playerCoordinates"": {""x"": 58.2, ""y"": 86.8}, ""passEndCoordinates"": {""x"": 58.5, ""y"": 90.6}, ""eventActionType"": ""pass"", ""isHome"": false, ""keypass"": false}",,
2087085,Yan Diomande,14056037,rating-breakdown,passes,passes,,,,RB Leipzig,45.0,,32,81.6,42.7,93.4,True,True,1,boolean_field,success,True,,False,False,pass,rating-breakdown,True,32,81.6,42.7,93.4,pass,False,False,"{""playerCoordinates"": {""x"": 32, ""y"": 81.6}, ""passEndCoordinates"": {""x"": 42.7, ""y"": 93.4}, ""eventActionType"": ""pass"", ""isHome"": false, ""outcome"": true, ""keypass"": false}",,
2087085,Yan Diomande,14056037,rating-breakdown,passes,passes,,,,RB Leipzig,45.0,,31.5,88.3,22.4,72.2,,,,unresolvable,,,,False,False,pass,rating-breakdown,True,31.5,88.3,22.4,72.2,pass,False,False,"{""playerCoordinates"": {""x"": 31.5, ""y"": 88.3}, ""passEndCoordinates"": {""x"": 22.4, ""y"": 72.2}, ""eventActionType"": ""pass"", ""isHome"": false, ""keypass"": false}",,
2087085,Yan Diomande,14056037,rating-breakdown,passes,passes,,,,RB Leipzig,45.0,,35.7,71.2,25,77.8,True,True,1,boolean_field,success,True,,False,False,pass,rating-breakdown,True,35.7,71.2,25,77.8,pass,False,False,"{""playerCoordinates"": {""x"": 35.7, ""y"": 71.2}, ""passEndCoordinates"": {""x"": 25, ""y"": 77.8}, ""eventActionType"": ""pass"", ""isHome"": false, ""outcome"": true, ""keypass"": false}",,
2087085,Yan Diomande,14056037,rating-breakdown,passes,passes,,,,RB Leipzig,45.0,,32.5,82,28.4,71.7,True,True,1,boolean_field,success,True,,False,False,pass,rating-breakdown,True,32.5,82,28.4,71.7,pass,False,False,"{""playerCoordinates"": {""x"": 32.5, ""y"": 82}, ""passEndCoordinates"": {""x"": 28.4, ""y"": 71.7}, ""eventActionType"": ""pass"", ""isHome"": false, ""outcome"": true, ""keypass"": false}",,
2087085,Yan Diomande,14056037,rating-breakdown,passes,passes,,,,RB Leipzig,45.0,,51.5,96.6,42.2,88.8,True,True,1,boolean_field,success,True,,False,False,pass,rating-breakdown,True,51.5,96.6,42.2,88.8,pass,False,False,"{""playerCoordinates"": {""x"": 51.5, ""y"": 96.6}, ""passEndCoordinates"": {""x"": 42.2, ""y"": 88.8}, ""eventActionType"": ""pass"", ""isHome"": false, ""outcome"": true, ""keypass"": false}",,
2087085,Yan Diomande,14056037,rating-breakdown,passes,passes,,,,RB Leipzig,45.0,,12.7,64.4,42.4,30.9,True,True,1,boolean_field,success,True,,False,False,pass,rating-breakdown,True,12.7,64.4,42.4,30.9,pass,False,False,"{""playerCoordinates"": {""x"": 12.7, ""y"": 64.4}, ""passEndCoordinates"": {""x"": 42.4, ""y"": 30.9}, ""eventActionType"": ""pass"", ""isHome"": false, ""outcome"": true, ""keypass"": false, ""isLongBall"": true}",True,
2087085,Yan Diomande,14056037,rating-breakdown,passes,passes,,,,RB Leipzig,45.0,,67.4,92.4,71.7,86.4,True,True,1,boolean_field,success,True,,False,False,pass,rating-breakdown,True,67.4,92.4,71.7,86.4,pass,False,False,"{""playerCoordinates"": {""x"": 67.4, ""y"": 92.4}, ""passEndCoordinates"": {""x"": 71.7, ""y"": 86.4}, ""eventActionType"": ""pass"", ""isHome"": false, ""outcome"": true, ""keypass"": false}",,
2087085,Yan Diomande,14056037,rating-breakdown,dribbles,dribbles,,,,RB Leipzig,45.0,,88.6,69.4,,,True,True,1,boolean_field,success,,True,False,False,,rating-breakdown,True,88.6,69.4,,,dribble,False,False,"{""playerCoordinates"": {""x"": 88.6, ""y"": 69.4}, ""eventActionType"": ""dribble"", ""isHome"": false, ""outcome"": true, ""keypass"": false}",,
2087085,Yan Diomande,14056037,rating-breakdown,dribbles,dribbles,,,,RB Leipzig,45.0,,72.8,96,,,True,True,1,boolean_field,success,,True,False,False,,rating-breakdown,True,72.8,96,,,dribble,False,False,"{""playerCoordinates"": {""x"": 72.8, ""y"": 96}, ""eventActionType"": ""dribble"", ""isHome"": false, ""outcome"": true, ""keypass"": false}",,
2087085,Yan Diomande,14056037,rating-breakdown,defensive,defensive,,,,RB Leipzig,45.0,,18,74.1,,,True,True,1,boolean_field,success,,True,False,False,,rating-breakdown,True,18,74.1,,,ball-recovery,False,False,"{""playerCoordinates"": {""x"": 18, ""y"": 74.1}, ""eventActionType"": ""ball-recovery"", ""isHome"": false, ""outcome"": true, ""keypass"": false}",,
2087085,Yan Diomande,14056037,rating-breakdown,defensive,defensive,,,,RB Leipzig,45.0,,12.4,61.4,,,True,True,1,boolean_field,success,,True,False,False,,rating-breakdown,True,12.4,61.4,,,block,False,False,"{""playerCoordinates"": {""x"": 12.4, ""y"": 61.4}, ""eventActionType"": ""block"", ""isHome"": false, ""outcome"": true, ""keypass"": false}",,
2087085,Yan Diomande,14065064,rating-breakdown,passes,passes,,,,RB Leipzig,23.0,,97.8,26.7,93,45.3,,,,unresolvable,,,,False,False,pass,rating-breakdown,True,97.8,26.7,93,45.3,pass,True,False,"{""playerCoordinates"": {""x"": 97.8, ""y"": 26.7}, ""passEndCoordinates"": {""x"": 93, ""y"": 45.3}, ""eventActionType"": ""pass"", ""isHome"": true, ""keypass"": false}",,
2087085,Yan Diomande,14065064,rating-breakdown,passes,passes,,,,RB Leipzig,23.0,,62.9,46.9,72.2,75.9,True,True,1,boolean_field,success,True,,False,False,pass,rating-breakdown,True,62.9,46.9,72.2,75.9,pass,True,False,"{""playerCoordinates"": {""x"": 62.9, ""y"": 46.9}, ""passEndCoordinates"": {""x"": 72.2, ""y"": 75.9}, ""eventActionType"": ""pass"", ""isHome"": true, ""outcome"": true, ""keypass"": false}",,
2087085,Yan Diomande,14065064,rating-breakdown,passes,passes,,,,RB Leipzig,23.0,,75.3,22.8,88.8,10.8,True,True,1,boolean_field,success,True,,False,False,pass,rating-breakdown,True,75.3,22.8,88.8,10.8,pass,True,False,"{""playerCoordinates"": {""x"": 75.3, ""y"": 22.8}, ""passEndCoordinates"": {""x"": 88.8, ""y"": 10.8}, ""eventActionType"": ""pass"", ""isHome"": true, ""outcome"": true, ""keypass"": false}",,
2087085,Yan Diomande,14065064,rating-breakdown,passes,passes,,,,RB Leipzig,23.0,,35.6,16.3,14.8,33.3,True,True,1,boolean_field,success,True,,False,False,pass,rating-breakdown,True,35.6,16.3,14.8,33.3,pass,True,False,"{""playerCoordinates"": {""x"": 35.6, ""y"": 16.3}, ""passEndCoordinates"": {""x"": 14.8, ""y"": 33.3}, ""eventActionType"": ""pass"", ""isHome"": true, ""outcome"": true, ""keypass"": false}",,
2087085,Yan Diomande,14065064,rating-breakdown,passes,passes,,,,RB Leipzig,23.0,,87.8,21.3,96.1,28.5,True,True,1,boolean_field,success,True,,False,False,pass,rating-breakdown,True,87.8,21.3,96.1,28.5,pass,True,False,"{""playerCoordinates"": {""x"": 87.8, ""y"": 21.3}, ""passEndCoordinates"": {""x"": 96.1, ""y"": 28.5}, ""eventActionType"": ""pass"", ""isHome"": true, ""outcome"": true, ""keypass"": false}",,
2087085,Yan Diomande,14065064,rating-breakdown,passes,passes,,,,RB Leipzig,23.0,,52.8,35.5,47.2,48.3,True,True,1,boolean_field,success,True,,False,False,pass,rating-breakdown,True,52.8,35.5,47.2,48.3,pass,True,False,"{""playerCoordinates"": {""x"": 52.8, ""y"": 35.5}, ""passEndCoordinates"": {""x"": 47.2, ""y"": 48.3}, ""eventActionType"": ""pass"", ""isHome"": true, ""outcome"": true, ""keypass"": false}",,
2087085,Yan Diomande,14065064,rating-breakdown,passes,passes,,,,RB Leipzig,23.0,,5.9,5.4,28.7,5.7,,,,unresolvable,,,,False,False,pass,rating-breakdown,True,5.9,5.4,28.7,5.7,pass,True,False,"{""playerCoordinates"": {""x"": 5.9, ""y"": 5.4}, ""passEndCoordinates"": {""x"": 28.7, ""y"": 5.7}, ""eventActionType"": ""pass"", ""isHome"": true, ""keypass"": false}",,
2087085,Yan Diomande,14065064,rating-breakdown,passes,passes,,,,RB Leipzig,23.0,,55.2,4.9,54.6,29.4,True,True,1,boolean_field,success,True,,False,False,pass,rating-breakdown,True,55.2,4.9,54.6,29.4,pass,True,False,"{""playerCoordinates"": {""x"": 55.2, ""y"": 4.9}, ""passEndCoordinates"": {""x"": 54.6, ""y"": 29.4}, ""eventActionType"": ""pass"", ""isHome"": true, ""outcome"": true, ""keypass"": false}",,
2087085,Yan Diomande,14065064,rating-breakdown,passes,passes,,,,RB Leipzig,23.0,,71.4,32.1,68.2,37.5,True,True,1,boolean_field,success,True,,False,False,pass,rating-breakdown,True,71.4,32.1,68.2,37.5,pass,True,False,"{""playerCoordinates"": {""x"": 71.4, ""y"": 32.1}, ""passEndCoordinates"": {""x"": 68.2, ""y"": 37.5}, ""eventActionType"": ""pass"", ""isHome"": true, ""outcome"": true, ""keypass"": false}",,
2087085,Yan Diomande,14065064,rating-breakdown,passes,passes,,,,RB Leipzig,23.0,,71.9,25.8,80,27.1,True,True,1,boolean_field,success,True,,False,False,pass,rating-breakdown,True,71.9,25.8,80,27.1,pass,True,False,"{""playerCoordinates"": {""x"": 71.9, ""y"": 25.8}, ""passEndCoordinates"": {""x"": 80, ""y"": 27.1}, ""eventActionType"": ""pass"", ""isHome"": true, ""outcome"": true, ""keypass"": false}",,
2087085,Yan Diomande,14065064,rating-breakdown,passes,passes,,,,RB Leipzig,23.0,,76.5,33.6,77,60.4,,,,unresolvable,,,,False,False,pass,rating-breakdown,True,76.5,33.6,77,60.4,pass,True,False,"{""playerCoordinates"": {""x"": 76.5, ""y"": 33.6}, ""passEndCoordinates"": {""x"": 77, ""y"": 60.4}, ""eventActionType"": ""pass"", ""isHome"": true, ""keypass"": false}",,
2087085,Yan Diomande,14065064,rating-breakdown,passes,passes,,,,RB Leipzig,23.0,,37,4,44.8,3.6,True,True,1,boolean_field,success,True,,False,False,pass,rating-breakdown,True,37,4,44.8,3.6,pass,True,False,"{""playerCoordinates"": {""x"": 37, ""y"": 4}, ""passEndCoordinates"": {""x"": 44.8, ""y"": 3.6}, ""eventActionType"": ""pass"", ""isHome"": true, ""outcome"": true, ""keypass"": false}",,
2087085,Yan Diomande,14065064,rating-breakdown,passes,passes,,,,RB Leipzig,23.0,,38.8,8.5,51.8,34,True,True,1,boolean_field,success,True,,False,False,pass,rating-breakdown,True,38.8,8.5,51.8,34,pass,True,False,"{""playerCoordinates"": {""x"": 38.8, ""y"": 8.5}, ""passEndCoordinates"": {""x"": 51.8, ""y"": 34}, ""eventActionType"": ""pass"", ""isHome"": true, ""outcome"": true, ""keypass"": false}",,
2087085,Yan Diomande,14065064,rating-breakdown,passes,passes,,,,RB Leipzig,23.0,,42.4,34.2,40.2,42,True,True,1,boolean_field,success,True,,False,False,pass,rating-breakdown,True,42.4,34.2,40.2,42,pass,True,False,"{""playerCoordinates"": {""x"": 42.4, ""y"": 34.2}, ""passEndCoordinates"": {""x"": 40.2, ""y"": 42}, ""eventActionType"": ""pass"", ""isHome"": true, ""outcome"": true, ""keypass"": false}",,
2087085,Yan Diomande,14065064,rating-breakdown,passes,passes,,,,RB Leipzig,23.0,,74.8,25.6,73.4,46.3,True,True,1,boolean_field,success,True,,False,False,pass,rating-breakdown,True,74.8,25.6,73.4,46.3,pass,True,False,"{""playerCoordinates"": {""x"": 74.8, ""y"": 25.6}, ""passEndCoordinates"": {""x"": 73.4, ""y"": 46.3}, ""eventActionType"": ""pass"", ""isHome"": true, ""outcome"": true, ""keypass"": false}",,
2087085,Yan Diomande,14065064,rating-breakdown,passes,passes,,,,RB Leipzig,23.0,,74.9,34.3,91.7,47.5,,,,unresolvable,,,,False,False,pass,rating-breakdown,True,74.9,34.3,91.7,47.5,pass,True,False,"{""playerCoordinates"": {""x"": 74.9, ""y"": 34.3}, ""passEndCoordinates"": {""x"": 91.7, ""y"": 47.5}, ""eventActionType"": ""pass"", ""isHome"": true, ""keypass"": false}",,
2087085,Yan Diomande,14065064,rating-breakdown,dribbles,dribbles,,,,RB Leipzig,23.0,,74.1,33,,,,,,unresolvable,,,,False,False,,rating-breakdown,True,74.1,33,,,dribble,True,False,"{""playerCoordinates"": {""x"": 74.1, ""y"": 33}, ""eventActionType"": ""dribble"", ""isHome"": true, ""keypass"": false}",,
2087085,Yan Diomande,14065064,rating-breakdown,dribbles,dribbles,,,,RB Leipzig,23.0,,86.6,44.6,,,,,,unresolvable,,,,False,False,,rating-breakdown,True,86.6,44.6,,,dribble,True,False,"{""playerCoordinates"": {""x"": 86.6, ""y"": 44.6}, ""eventActionType"": ""dribble"", ""isHome"": true, ""keypass"": false}",,
2087085,Yan Diomande,14065064,rating-breakdown,dribbles,dribbles,,,,RB Leipzig,23.0,,86.2,17.2,,,True,True,1,boolean_field,success,,True,False,False,,rating-breakdown,True,86.2,17.2,,,dribble,True,False,"{""playerCoordinates"": {""x"": 86.2, ""y"": 17.2}, ""eventActionType"": ""dribble"", ""isHome"": true, ""outcome"": true, ""keypass"": false}",,
2087085,Yan Diomande,14065064,rating-breakdown,dribbles,dribbles,,,,RB Leipzig,23.0,,37.3,21.4,,,True,True,1,boolean_field,success,,True,False,False,,rating-breakdown,True,37.3,21.4,,,dribble,True,False,"{""playerCoordinates"": {""x"": 37.3, ""y"": 21.4}, ""eventActionType"": ""dribble"", ""isHome"": true, ""outcome"": true, ""keypass"": false}",,
2087085,Yan Diomande,14065064,rating-breakdown,dribbles,dribbles,,,,RB Leipzig,23.0,,60,10.8,,,True,True,1,boolean_field,success,,True,False,False,,rating-breakdown,True,60,10.8,,,dribble,True,False,"{""playerCoordinates"": {""x"": 60, ""y"": 10.8}, ""eventActionType"": ""dribble"", ""isHome"": true, ""outcome"": true, ""keypass"": false}",,
2087085,Yan Diomande,14065064,rating-breakdown,dribbles,dribbles,,,,RB Leipzig,23.0,,65.8,11.2,,,True,True,1,boolean_field,success,,True,False,False,,rating-breakdown,True,65.8,11.2,,,dribble,True,False,"{""playerCoordinates"": {""x"": 65.8, ""y"": 11.2}, ""eventActionType"": ""dribble"", ""isHome"": true, ""outcome"": true, ""keypass"": false}",,
2087085,Yan Diomande,14065064,rating-breakdown,defensive,defensive,,,,RB Leipzig,23.0,,55.8,40,,,True,True,1,boolean_field,success,,True,False,False,,rating-breakdown,True,55.8,40,,,ball-recovery,True,False,"{""playerCoordinates"": {""x"": 55.8, ""y"": 40}, ""eventActionType"": ""ball-recovery"", ""isHome"": true, ""outcome"": true, ""keypass"": false}",,
2087085,Yan Diomande,14065064,rating-breakdown,defensive,defensive,,,,RB Leipzig,23.0,,42.1,4.4,,,True,True,1,boolean_field,success,,True,False,False,,rating-breakdown,True,42.1,4.4,,,tackle,True,False,"{""playerCoordinates"": {""x"": 42.1, ""y"": 4.4}, ""eventActionType"": ""tackle"", ""isHome"": true, ""outcome"": true, ""keypass"": false}",,
2087085,Yan Diomande,14065064,rating-breakdown,defensive,defensive,,,,RB Leipzig,23.0,,42.3,8.2,,,True,True,1,boolean_field,success,,True,False,False,,rating-breakdown,True,42.3,8.2,,,ball-recovery,True,False,"{""playerCoordinates"": {""x"": 42.3, ""y"": 8.2}, ""eventActionType"": ""ball-recovery"", ""isHome"": true, ""outcome"": true, ""keypass"": false}",,
2087085,Yan Diomande,14065064,rating-breakdown,defensive,defensive,,,,RB Leipzig,23.0,,12.9,24.6,,,True,True,1,boolean_field,success,,True,False,False,,rating-breakdown,True,12.9,24.6,,,ball-recovery,True,False,"{""playerCoordinates"": {""x"": 12.9, ""y"": 24.6}, ""eventActionType"": ""ball-recovery"", ""isHome"": true, ""outcome"": true, ""keypass"": false}",,
2087085,Yan Diomande,14065064,rating-breakdown,defensive,defensive,,,,RB Leipzig,23.0,,37,4,,,True,True,1,boolean_field,success,,True,False,False,,rating-breakdown,True,37,4,,,ball-recovery,True,False,"{""playerCoordinates"": {""x"": 37, ""y"": 4}, ""eventActionType"": ""ball-recovery"", ""isHome"": true, ""outcome"": true, ""keypass"": false}",,
2087085,Yan Diomande,14065078,rating-breakdown,passes,passes,,,,RB Leipzig,24.0,,44.5,4.2,71.8,25.9,,,,unresolvable,,,,False,False,pass,rating-breakdown,True,44.5,4.2,71.8,25.9,pass,False,False,"{""playerCoordinates"": {""x"": 44.5, ""y"": 4.2}, ""passEndCoordinates"": {""x"": 71.8, ""y"": 25.9}, ""eventActionType"": ""pass"", ""isHome"": false, ""keypass"": false, ""isLongBall"": true}",True,
2087085,Yan Diomande,14065078,rating-breakdown,passes,passes,,,,RB Leipzig,24.0,,23.8,5.4,14.7,16.5,True,True,1,boolean_field,success,True,,False,False,pass,rating-breakdown,True,23.8,5.4,14.7,16.5,pass,False,False,"{""playerCoordinates"": {""x"": 23.8, ""y"": 5.4}, ""passEndCoordinates"": {""x"": 14.7, ""y"": 16.5}, ""eventActionType"": ""pass"", ""isHome"": false, ""outcome"": true, ""keypass"": false}",,
2087085,Yan Diomande,14065078,rating-breakdown,passes,passes,,,,RB Leipzig,24.0,,12.9,28.5,21.8,12,True,True,1,boolean_field,success,True,,False,False,pass,rating-breakdown,True,12.9,28.5,21.8,12,pass,False,False,"{""playerCoordinates"": {""x"": 12.9, ""y"": 28.5}, ""passEndCoordinates"": {""x"": 21.8, ""y"": 12}, ""eventActionType"": ""pass"", ""isHome"": false, ""outcome"": true, ""keypass"": false}",,
2087085,Yan Diomande,14065078,rating-breakdown,passes,passes,,,,RB Leipzig,24.0,,58.5,11.1,61.7,16.6,,,,unresolvable,,,,False,False,pass,rating-breakdown,True,58.5,11.1,61.7,16.6,pass,False,False,"{""playerCoordinates"": {""x"": 58.5, ""y"": 11.1}, ""passEndCoordinates"": {""x"": 61.7, ""y"": 16.6}, ""eventActionType"": ""pass"", ""isHome"": false, ""keypass"": false}",,
2087085,Yan Diomande,14065078,rating-breakdown,passes,passes,,,,RB Leipzig,24.0,,63.9,16.2,67,55.2,True,True,1,boolean_field,success,True,,False,False,pass,rating-breakdown,True,63.9,16.2,67,55.2,pass,False,False,"{""playerCoordinates"": {""x"": 63.9, ""y"": 16.2}, ""passEndCoordinates"": {""x"": 67, ""y"": 55.2}, ""eventActionType"": ""pass"", ""isHome"": false, ""outcome"": true, ""keypass"": false}",,
2087085,Yan Diomande,14065078,rating-breakdown,passes,passes,,,,RB Leipzig,24.0,,84.8,49.8,84.8,46.8,,,,unresolvable,,,,False,False,pass,rating-breakdown,True,84.8,49.8,84.8,46.8,pass,False,False,"{""playerCoordinates"": {""x"": 84.8, ""y"": 49.8}, ""passEndCoordinates"": {""x"": 84.8, ""y"": 46.8}, ""eventActionType"": ""pass"", ""isHome"": false, ""keypass"": false}",,
2087085,Yan Diomande,14065078,rating-breakdown,passes,passes,,,,RB Leipzig,24.0,,68.8,49,84.1,11.1,True,True,1,boolean_field,success,True,,False,False,pass,rating-breakdown,True,68.8,49,84.1,11.1,pass,False,False,"{""playerCoordinates"": {""x"": 68.8, ""y"": 49}, ""passEndCoordinates"": {""x"": 84.1, ""y"": 11.1}, ""eventActionType"": ""pass"", ""isHome"": false, ""outcome"": true, ""keypass"": false}",,
2087085,Yan Diomande,14065078,rating-breakdown,passes,passes,,,,RB Leipzig,24.0,,65,6,63.7,28.8,True,True,1,boolean_field,success,True,,False,False,pass,rating-breakdown,True,65,6,63.7,28.8,pass,False,False,"{""playerCoordinates"": {""x"": 65, ""y"": 6}, ""passEndCoordinates"": {""x"": 63.7, ""y"": 28.8}, ""eventActionType"": ""pass"", ""isHome"": false, ""outcome"": true, ""keypass"": false}",,
2087085,Yan Diomande,14065078,rating-breakdown,passes,passes,,,,RB Leipzig,24.0,,64.9,7.5,62.4,20.8,True,True,1,boolean_field,success,True,,False,False,pass,rating-breakdown,True,64.9,7.5,62.4,20.8,pass,False,False,"{""playerCoordinates"": {""x"": 64.9, ""y"": 7.5}, ""passEndCoordinates"": {""x"": 62.4, ""y"": 20.8}, ""eventActionType"": ""pass"", ""isHome"": false, ""outcome"": true, ""keypass"": false}",,
2087085,Yan Diomande,14065078,rating-breakdown,passes,passes,,,,RB Leipzig,24.0,,54.3,15.8,47,15.2,True,True,1,boolean_field,success,True,,False,False,pass,rating-breakdown,True,54.3,15.8,47,15.2,pass,False,False,"{""playerCoordinates"": {""x"": 54.3, ""y"": 15.8}, ""passEndCoordinates"": {""x"": 47, ""y"": 15.2}, ""eventActionType"": ""pass"", ""isHome"": false, ""outcome"": true, ""keypass"": false}",,
2087085,Yan Diomande,14065078,rating-breakdown,passes,passes,,,,RB Leipzig,24.0,,55.6,63.9,76.5,36.9,True,True,1,boolean_field,success,True,,False,False,pass,rating-breakdown,True,55.6,63.9,76.5,36.9,pass,False,False,"{""playerCoordinates"": {""x"": 55.6, ""y"": 63.9}, ""passEndCoordinates"": {""x"": 76.5, ""y"": 36.9}, ""eventActionType"": ""pass"", ""isHome"": false, ""outcome"": true, ""keypass"": false}",,
2087085,Yan Diomande,14065078,rating-breakdown,passes,passes,,,,RB Leipzig,24.0,,28.7,77.8,41.6,77.2,,,,unresolvable,,,,False,False,pass,rating-breakdown,True,28.7,77.8,41.6,77.2,pass,False,False,"{""playerCoordinates"": {""x"": 28.7, ""y"": 77.8}, ""passEndCoordinates"": {""x"": 41.6, ""y"": 77.2}, ""eventActionType"": ""pass"", ""isHome"": false, ""keypass"": false}",,
2087085,Yan Diomande,14065078,rating-breakdown,passes,passes,,,,RB Leipzig,24.0,,24.2,75.7,35.6,86.8,True,True,1,boolean_field,success,True,,False,False,pass,rating-breakdown,True,24.2,75.7,35.6,86.8,pass,False,False,"{""playerCoordinates"": {""x"": 24.2, ""y"": 75.7}, ""passEndCoordinates"": {""x"": 35.6, ""y"": 86.8}, ""eventActionType"": ""pass"", ""isHome"": false, ""outcome"": true, ""keypass"": false}",,
2087085,Yan Diomande,14065078,rating-breakdown,passes,passes,,,,RB Leipzig,24.0,,77.5,25.6,77.5,29.1,,,,unresolvable,,,,False,False,pass,rating-breakdown,True,77.5,25.6,77.5,29.1,pass,False,False,"{""playerCoordinates"": {""x"": 77.5, ""y"": 25.6}, ""passEndCoordinates"": {""x"": 77.5, ""y"": 29.1}, ""eventActionType"": ""pass"", ""isHome"": false, ""keypass"": false}",,
2087085,Yan Diomande,14065078,rating-breakdown,passes,passes,,,,RB Leipzig,24.0,,81.5,47.5,87.2,27.6,True,True,1,boolean_field,success,True,,False,False,pass,rating-breakdown,True,81.5,47.5,87.2,27.6,pass,False,False,"{""playerCoordinates"": {""x"": 81.5, ""y"": 47.5}, ""passEndCoordinates"": {""x"": 87.2, ""y"": 27.6}, ""eventActionType"": ""pass"", ""isHome"": false, ""outcome"": true, ""keypass"": false}",,
2087085,Yan Diomande,14065078,rating-breakdown,dribbles,dribbles,,,,RB Leipzig,24.0,,71.8,26.2,,,,,,unresolvable,,,,False,False,,rating-breakdown,True,71.8,26.2,,,dribble,False,False,"{""playerCoordinates"": {""x"": 71.8, ""y"": 26.2}, ""eventActionType"": ""dribble"", ""isHome"": false, ""keypass"": false}",,
2087085,Yan Diomande,14065078,rating-breakdown,defensive,defensive,,,,RB Leipzig,24.0,,12.9,28.5,,,True,True,1,boolean_field,success,,True,False,False,,rating-breakdown,True,12.9,28.5,,,ball-recovery,False,False,"{""playerCoordinates"": {""x"": 12.9, ""y"": 28.5}, ""eventActionType"": ""ball-recovery"", ""isHome"": false, ""outcome"": true, ""keypass"": false}",,
2087085,Yan Diomande,14065078,rating-breakdown,defensive,defensive,,,,RB Leipzig,24.0,,43.2,66.1,,,True,True,1,boolean_field,success,,True,False,False,,rating-breakdown,True,43.2,66.1,,,ball-recovery,False,False,"{""playerCoordinates"": {""x"": 43.2, ""y"": 66.1}, ""eventActionType"": ""ball-recovery"", ""isHome"": false, ""outcome"": true, ""keypass"": false}",,
2087085,Yan Diomande,14065078,rating-breakdown,defensive,defensive,,,,RB Leipzig,24.0,,30,82.6,,,True,True,1,boolean_field,success,,True,False,False,,rating-breakdown,True,30,82.6,,,ball-recovery,False,False,"{""playerCoordinates"": {""x"": 30, ""y"": 82.6}, ""eventActionType"": ""ball-recovery"", ""isHome"": false, ""outcome"": true, ""keypass"": false}",,
2087085,Yan Diomande,14065078,rating-breakdown,defensive,defensive,,,,RB Leipzig,24.0,,24.1,73.9,,,True,True,1,boolean_field,success,,True,False,False,,rating-breakdown,True,24.1,73.9,,,interception,False,False,"{""playerCoordinates"": {""x"": 24.1, ""y"": 73.9}, ""eventActionType"": ""interception"", ""isHome"": false, ""outcome"": true, ""keypass"": false}",,
2087085,Yan Diomande,14065078,rating-breakdown,defensive,defensive,,,,RB Leipzig,24.0,,24.2,76.2,,,True,True,1,boolean_field,success,,True,False,False,,rating-breakdown,True,24.2,76.2,,,ball-recovery,False,False,"{""playerCoordinates"": {""x"": 24.2, ""y"": 76.2}, ""eventActionType"": ""ball-recovery"", ""isHome"": false, ""outcome"": true, ""keypass"": false}",,
2087085,Yan Diomande,14065078,rating-breakdown,defensive,defensive,,,,RB Leipzig,24.0,,23.7,31,16.4,24.7,True,True,1,boolean_field,success,,True,False,False,,rating-breakdown,True,23.7,31,16.4,24.7,clearance,False,False,"{""playerCoordinates"": {""x"": 23.7, ""y"": 31}, ""passEndCoordinates"": {""x"": 16.4, ""y"": 24.7}, ""eventActionType"": ""clearance"", ""isHome"": false, ""outcome"": true, ""keypass"": false}",,
2087085,Yan Diomande,14065078,rating-breakdown,defensive,defensive,,,,RB Leipzig,24.0,,20.8,30.6,25.4,16.5,True,True,1,boolean_field,success,,True,False,False,,rating-breakdown,True,20.8,30.6,25.4,16.5,clearance,False,False,"{""playerCoordinates"": {""x"": 20.8, ""y"": 30.6}, ""passEndCoordinates"": {""x"": 25.4, ""y"": 16.5}, ""eventActionType"": ""clearance"", ""isHome"": false, ""outcome"": true, ""keypass"": false}",,
2087085,Yan Diomande,14065091,rating-breakdown,passes,passes,,,,RB Leipzig,89.0,,53.9,95.1,31.4,68.5,True,True,1,boolean_field,success,True,,False,False,pass,rating-breakdown,True,53.9,95.1,31.4,68.5,pass,True,False,"{""playerCoordinates"": {""x"": 53.9, ""y"": 95.1}, ""passEndCoordinates"": {""x"": 31.4, ""y"": 68.5}, ""eventActionType"": ""pass"", ""isHome"": true, ""outcome"": true, ""keypass"": false}",,
2087085,Yan Diomande,14065091,rating-breakdown,passes,passes,,,,RB Leipzig,89.0,,41.4,87.4,32,68.1,True,True,1,boolean_field,success,True,,False,False,pass,rating-breakdown,True,41.4,87.4,32,68.1,pass,True,False,"{""playerCoordinates"": {""x"": 41.4, ""y"": 87.4}, ""passEndCoordinates"": {""x"": 32, ""y"": 68.1}, ""eventActionType"": ""pass"", ""isHome"": true, ""outcome"": true, ""keypass"": false}",,
2087085,Yan Diomande,14065091,rating-breakdown,passes,passes,,,,RB Leipzig,89.0,,62.5,63.2,33.5,53.7,True,True,1,boolean_field,success,True,,False,False,pass,rating-breakdown,True,62.5,63.2,33.5,53.7,pass,True,False,"{""playerCoordinates"": {""x"": 62.5, ""y"": 63.2}, ""passEndCoordinates"": {""x"": 33.5, ""y"": 53.7}, ""eventActionType"": ""pass"", ""isHome"": true, ""outcome"": true, ""keypass"": false}",,
2087085,Yan Diomande,14065091,rating-breakdown,passes,passes,,,,RB Leipzig,89.0,,91.7,72.4,92.5,55.4,,,,unresolvable,,,,False,False,pass,rating-breakdown,True,91.7,72.4,92.5,55.4,pass,True,False,"{""playerCoordinates"": {""x"": 91.7, ""y"": 72.4}, ""passEndCoordinates"": {""x"": 92.5, ""y"": 55.4}, ""eventActionType"": ""pass"", ""isHome"": true, ""keypass"": false}",,
2087085,Yan Diomande,14065091,rating-breakdown,passes,passes,,,,RB Leipzig,89.0,,67.5,68.1,67.3,66.7,,,,unresolvable,,,,False,False,pass,rating-breakdown,True,67.5,68.1,67.3,66.7,pass,True,False,"{""playerCoordinates"": {""x"": 67.5, ""y"": 68.1}, ""passEndCoordinates"": {""x"": 67.3, ""y"": 66.7}, ""eventActionType"": ""pass"", ""isHome"": true, ""keypass"": false}",,
2087085,Yan Diomande,14065091,rating-breakdown,passes,passes,,,,RB Leipzig,89.0,,30.8,85.3,31.4,100,,,,unresolvable,,,,False,False,pass,rating-breakdown,True,30.8,85.3,31.4,100,pass,True,False,"{""playerCoordinates"": {""x"": 30.8, ""y"": 85.3}, ""passEndCoordinates"": {""x"": 31.4, ""y"": 100}, ""eventActionType"": ""pass"", ""isHome"": true, ""keypass"": false}",,
2087085,Yan Diomande,14065091,rating-breakdown,passes,passes,,,,RB Leipzig,89.0,,52.9,81.1,36.7,73.3,True,True,1,boolean_field,success,True,,False,False,pass,rating-breakdown,True,52.9,81.1,36.7,73.3,pass,True,False,"{""playerCoordinates"": {""x"": 52.9, ""y"": 81.1}, ""passEndCoordinates"": {""x"": 36.7, ""y"": 73.3}, ""eventActionType"": ""pass"", ""isHome"": true, ""outcome"": true, ""keypass"": false}",,
2087085,Yan Diomande,14065091,rating-breakdown,passes,passes,,,,RB Leipzig,89.0,,54.7,86.5,41.5,76.7,True,True,1,boolean_field,success,True,,False,False,pass,rating-breakdown,True,54.7,86.5,41.5,76.7,pass,True,False,"{""playerCoordinates"": {""x"": 54.7, ""y"": 86.5}, ""passEndCoordinates"": {""x"": 41.5, ""y"": 76.7}, ""eventActionType"": ""pass"", ""isHome"": true, ""outcome"": true, ""keypass"": false}",,
2087085,Yan Diomande,14065091,rating-breakdown,passes,passes,,,,RB Leipzig,89.0,,89.4,68.2,91.6,75.3,True,True,1,boolean_field,success,True,,False,False,pass,rating-breakdown,True,89.4,68.2,91.6,75.3,pass,True,False,"{""playerCoordinates"": {""x"": 89.4, ""y"": 68.2}, ""passEndCoordinates"": {""x"": 91.6, ""y"": 75.3}, ""eventActionType"": ""pass"", ""isHome"": true, ""outcome"": true, ""keypass"": false}",,
2087085,Yan Diomande,14065091,rating-breakdown,passes,passes,,,,RB Leipzig,89.0,,60.8,87.7,54.7,92.7,True,True,1,boolean_field,success,True,,False,False,pass,rating-breakdown,True,60.8,87.7,54.7,92.7,pass,True,False,"{""playerCoordinates"": {""x"": 60.8, ""y"": 87.7}, ""passEndCoordinates"": {""x"": 54.7, ""y"": 92.7}, ""eventActionType"": ""pass"", ""isHome"": true, ""outcome"": true, ""keypass"": false}",,
2087085,Yan Diomande,14065091,rating-breakdown,passes,passes,,,,RB Leipzig,89.0,,66.3,87.1,52.5,76.4,True,True,1,boolean_field,success,True,,False,False,pass,rating-breakdown,True,66.3,87.1,52.5,76.4,pass,True,False,"{""playerCoordinates"": {""x"": 66.3, ""y"": 87.1}, ""passEndCoordinates"": {""x"": 52.5, ""y"": 76.4}, ""eventActionType"": ""pass"", ""isHome"": true, ""outcome"": true, ""keypass"": false}",,
2087085,Yan Diomande,14065091,rating-breakdown,passes,passes,,,,RB Leipzig,89.0,,64.9,90.3,52.3,77.6,True,True,1,boolean_field,success,True,,False,False,pass,rating-breakdown,True,64.9,90.3,52.3,77.6,pass,True,False,"{""playerCoordinates"": {""x"": 64.9, ""y"": 90.3}, ""passEndCoordinates"": {""x"": 52.3, ""y"": 77.6}, ""eventActionType"": ""pass"", ""isHome"": true, ""outcome"": true, ""keypass"": false}",,
2087085,Yan Diomande,14065091,rating-breakdown,passes,passes,,,,RB Leipzig,89.0,,78.1,95.4,69.4,81.2,True,True,1,boolean_field,success,True,,False,False,pass,rating-breakdown,True,78.1,95.4,69.4,81.2,pass,True,False,"{""playerCoordinates"": {""x"": 78.1, ""y"": 95.4}, ""passEndCoordinates"": {""x"": 69.4, ""y"": 81.2}, ""eventActionType"": ""pass"", ""isHome"": true, ""outcome"": true, ""keypass"": false}",,
2087085,Yan Diomande,14065091,rating-breakdown,passes,passes,,,,RB Leipzig,89.0,,76.7,51.3,81.8,28.6,True,True,1,boolean_field,success,True,,False,False,pass,rating-breakdown,True,76.7,51.3,81.8,28.6,pass,True,False,"{""playerCoordinates"": {""x"": 76.7, ""y"": 51.3}, ""passEndCoordinates"": {""x"": 81.8, ""y"": 28.6}, ""eventActionType"": ""pass"", ""isHome"": true, ""outcome"": true, ""keypass"": false}",,
2087085,Yan Diomande,14065091,rating-breakdown,passes,passes,,,,RB Leipzig,89.0,,73.9,52.5,64.3,52.8,True,True,1,boolean_field,success,True,,False,False,pass,rating-breakdown,True,73.9,52.5,64.3,52.8,pass,True,False,"{""playerCoordinates"": {""x"": 73.9, ""y"": 52.5}, ""passEndCoordinates"": {""x"": 64.3, ""y"": 52.8}, ""eventActionType"": ""pass"", ""isHome"": true, ""outcome"": true, ""keypass"": false}",,
2087085,Yan Diomande,14065091,rating-breakdown,passes,passes,,,,RB Leipzig,89.0,,84.2,84.4,75.6,51.9,True,True,1,boolean_field,success,True,,False,False,pass,rating-breakdown,True,84.2,84.4,75.6,51.9,pass,True,False,"{""playerCoordinates"": {""x"": 84.2, ""y"": 84.4}, ""passEndCoordinates"": {""x"": 75.6, ""y"": 51.9}, ""eventActionType"": ""pass"", ""isHome"": true, ""outcome"": true, ""keypass"": false}",,
2087085,Yan Diomande,14065091,rating-breakdown,passes,passes,,,,RB Leipzig,89.0,,81.2,64.3,79.2,49.4,True,True,1,boolean_field,success,True,,False,True,key_pass,rating-breakdown,True,81.2,64.3,79.2,49.4,pass,True,True,"{""playerCoordinates"": {""x"": 81.2, ""y"": 64.3}, ""passEndCoordinates"": {""x"": 79.2, ""y"": 49.4}, ""eventActionType"": ""pass"", ""isHome"": true, ""outcome"": true, ""keypass"": true}",,
2087085,Yan Diomande,14065091,rating-breakdown,passes,passes,,,,RB Leipzig,89.0,,73,95.6,80.6,86,True,True,1,boolean_field,success,True,,False,False,pass,rating-breakdown,True,73,95.6,80.6,86,pass,True,False,"{""playerCoordinates"": {""x"": 73, ""y"": 95.6}, ""passEndCoordinates"": {""x"": 80.6, ""y"": 86}, ""eventActionType"": ""pass"", ""isHome"": true, ""outcome"": true, ""keypass"": false}",,
2087085,Yan Diomande,14065091,rating-breakdown,passes,passes,,,,RB Leipzig,89.0,,93.8,83.2,91.9,69.4,True,True,1,boolean_field,success,True,,False,False,pass,rating-breakdown,True,93.8,83.2,91.9,69.4,pass,True,False,"{""playerCoordinates"": {""x"": 93.8, ""y"": 83.2}, ""passEndCoordinates"": {""x"": 91.9, ""y"": 69.4}, ""eventActionType"": ""pass"", ""isHome"": true, ""outcome"": true, ""keypass"": false}",,
2087085,Yan Diomande,14065091,rating-breakdown,passes,passes,,,,RB Leipzig,89.0,,95.8,78.5,95.2,51.6,,,,unresolvable,,,,False,False,pass,rating-breakdown,True,95.8,78.5,95.2,51.6,cross,True,False,"{""playerCoordinates"": {""x"": 95.8, ""y"": 78.5}, ""passEndCoordinates"": {""x"": 95.2, ""y"": 51.6}, ""eventActionType"": ""cross"", ""isHome"": true, ""keypass"": false}",,
2087085,Yan Diomande,14065091,rating-breakdown,passes,passes,,,,RB Leipzig,89.0,,85.1,70.2,89.8,50.9,True,True,1,boolean_field,success,True,,False,True,key_pass,rating-breakdown,True,85.1,70.2,89.8,50.9,pass,True,True,"{""playerCoordinates"": {""x"": 85.1, ""y"": 70.2}, ""passEndCoordinates"": {""x"": 89.8, ""y"": 50.9}, ""eventActionType"": ""pass"", ""isHome"": true, ""outcome"": true, ""keypass"": true}",,
2087085,Yan Diomande,14065091,rating-breakdown,passes,passes,,,,RB Leipzig,89.0,,80.5,92.4,72.6,76.1,True,True,1,boolean_field,success,True,,False,False,pass,rating-breakdown,True,80.5,92.4,72.6,76.1,pass,True,False,"{""playerCoordinates"": {""x"": 80.5, ""y"": 92.4}, ""passEndCoordinates"": {""x"": 72.6, ""y"": 76.1}, ""eventActionType"": ""pass"", ""isHome"": true, ""outcome"": true, ""keypass"": false}",,
2087085,Yan Diomande,14065091,rating-breakdown,passes,passes,,,,RB Leipzig,89.0,,91.7,71.1,84.4,66,True,True,1,boolean_field,success,True,,False,False,pass,rating-breakdown,True,91.7,71.1,84.4,66,pass,True,False,"{""playerCoordinates"": {""x"": 91.7, ""y"": 71.1}, ""passEndCoordinates"": {""x"": 84.4, ""y"": 66}, ""eventActionType"": ""pass"", ""isHome"": true, ""outcome"": true, ""keypass"": false}",,
2087085,Yan Diomande,14065091,rating-breakdown,passes,passes,,,,RB Leipzig,89.0,,29.1,74.2,25.9,68.2,True,True,1,boolean_field,success,True,,False,False,pass,rating-breakdown,True,29.1,74.2,25.9,68.2,pass,True,False,"{""playerCoordinates"": {""x"": 29.1, ""y"": 74.2}, ""passEndCoordinates"": {""x"": 25.9, ""y"": 68.2}, ""eventActionType"": ""pass"", ""isHome"": true, ""outcome"": true, ""keypass"": false}",,
2087085,Yan Diomande,14065091,rating-breakdown,passes,passes,,,,RB Leipzig,89.0,,34.1,66.7,40.6,79.7,True,True,1,boolean_field,success,True,,False,False,pass,rating-breakdown,True,34.1,66.7,40.6,79.7,pass,True,False,"{""playerCoordinates"": {""x"": 34.1, ""y"": 66.7}, ""passEndCoordinates"": {""x"": 40.6, ""y"": 79.7}, ""eventActionType"": ""pass"", ""isHome"": true, ""outcome"": true, ""keypass"": false}",,
2087085,Yan Diomande,14065091,rating-breakdown,passes,passes,,,,RB Leipzig,89.0,,64,96.5,36.9,88.1,True,True,1,boolean_field,success,True,,False,False,pass,rating-breakdown,True,64,96.5,36.9,88.1,pass,True,False,"{""playerCoordinates"": {""x"": 64, ""y"": 96.5}, ""passEndCoordinates"": {""x"": 36.9, ""y"": 88.1}, ""eventActionType"": ""pass"", ""isHome"": true, ""outcome"": true, ""keypass"": false}",,
2087085,Yan Diomande,14065091,rating-breakdown,passes,passes,,,,RB Leipzig,89.0,,62.9,93.9,62.2,82.3,True,True,1,boolean_field,success,True,,False,False,pass,rating-breakdown,True,62.9,93.9,62.2,82.3,pass,True,False,"{""playerCoordinates"": {""x"": 62.9, ""y"": 93.9}, ""passEndCoordinates"": {""x"": 62.2, ""y"": 82.3}, ""eventActionType"": ""pass"", ""isHome"": true, ""outcome"": true, ""keypass"": false}",,
2087085,Yan Diomande,14065091,rating-breakdown,passes,passes,,,,RB Leipzig,89.0,,63.9,84.5,79.9,88,True,True,1,boolean_field,success,True,,False,False,pass,rating-breakdown,True,63.9,84.5,79.9,88,pass,True,False,"{""playerCoordinates"": {""x"": 63.9, ""y"": 84.5}, ""passEndCoordinates"": {""x"": 79.9, ""y"": 88}, ""eventActionType"": ""pass"", ""isHome"": true, ""outcome"": true, ""keypass"": false}",,
2087085,Yan Diomande,14065091,rating-breakdown,passes,passes,,,,RB Leipzig,89.0,,78.1,87.2,88.8,89.6,True,True,1,boolean_field,success,True,,False,False,pass,rating-breakdown,True,78.1,87.2,88.8,89.6,pass,True,False,"{""playerCoordinates"": {""x"": 78.1, ""y"": 87.2}, ""passEndCoordinates"": {""x"": 88.8, ""y"": 89.6}, ""eventActionType"": ""pass"", ""isHome"": true, ""outcome"": true, ""keypass"": false}",,
2087085,Yan Diomande,14065091,rating-breakdown,passes,passes,,,,RB Leipzig,89.0,,80.5,82.4,87.6,81.1,True,True,1,boolean_field,success,True,,False,False,pass,rating-breakdown,True,80.5,82.4,87.6,81.1,pass,True,False,"{""playerCoordinates"": {""x"": 80.5, ""y"": 82.4}, ""passEndCoordinates"": {""x"": 87.6, ""y"": 81.1}, ""eventActionType"": ""pass"", ""isHome"": true, ""outcome"": true, ""keypass"": false}",,
2087085,Yan Diomande,14065091,rating-breakdown,passes,passes,,,,RB Leipzig,89.0,,36.9,74.2,27.4,61.2,True,True,1,boolean_field,success,True,,False,False,pass,rating-breakdown,True,36.9,74.2,27.4,61.2,pass,True,False,"{""playerCoordinates"": {""x"": 36.9, ""y"": 74.2}, ""passEndCoordinates"": {""x"": 27.4, ""y"": 61.2}, ""eventActionType"": ""pass"", ""isHome"": true, ""outcome"": true, ""keypass"": false}",,
2087085,Yan Diomande,14065091,rating-breakdown,passes,passes,,,,RB Leipzig,89.0,,35,71.1,28.3,65.8,True,True,1,boolean_field,success,True,,False,False,pass,rating-breakdown,True,35,71.1,28.3,65.8,pass,True,False,"{""playerCoordinates"": {""x"": 35, ""y"": 71.1}, ""passEndCoordinates"": {""x"": 28.3, ""y"": 65.8}, ""eventActionType"": ""pass"", ""isHome"": true, ""outcome"": true, ""keypass"": false}",,
2087085,Yan Diomande,14065091,rating-breakdown,dribbles,dribbles,,,,RB Leipzig,89.0,,71.2,91.9,,,,,,unresolvable,,,,False,False,,rating-breakdown,True,71.2,91.9,,,dribble,True,False,"{""playerCoordinates"": {""x"": 71.2, ""y"": 91.9}, ""eventActionType"": ""dribble"", ""isHome"": true, ""keypass"": false}",,
2087085,Yan Diomande,14065091,rating-breakdown,dribbles,dribbles,,,,RB Leipzig,89.0,,79.8,89.5,,,True,True,1,boolean_field,success,,True,False,False,,rating-breakdown,True,79.8,89.5,,,dribble,True,False,"{""playerCoordinates"": {""x"": 79.8, ""y"": 89.5}, ""eventActionType"": ""dribble"", ""isHome"": true, ""outcome"": true, ""keypass"": false}",,
2087085,Yan Diomande,14065091,rating-breakdown,dribbles,dribbles,,,,RB Leipzig,89.0,,28,85.2,,,,,,unresolvable,,,,False,False,,rating-breakdown,True,28,85.2,,,dribble,True,False,"{""playerCoordinates"": {""x"": 28, ""y"": 85.2}, ""eventActionType"": ""dribble"", ""isHome"": true, ""keypass"": false}",,
2087085,Yan Diomande,14065091,rating-breakdown,defensive,defensive,,,,RB Leipzig,89.0,,65.9,73.5,,,True,True,1,boolean_field,success,,True,False,False,,rating-breakdown,True,65.9,73.5,,,interception,True,False,"{""playerCoordinates"": {""x"": 65.9, ""y"": 73.5}, ""eventActionType"": ""interception"", ""isHome"": true, ""outcome"": true, ""keypass"": false}",,
2087085,Yan Diomande,14065091,rating-breakdown,defensive,defensive,,,,RB Leipzig,89.0,,32.9,65.8,,,True,True,1,boolean_field,success,,True,False,False,,rating-breakdown,True,32.9,65.8,,,ball-recovery,True,False,"{""playerCoordinates"": {""x"": 32.9, ""y"": 65.8}, ""eventActionType"": ""ball-recovery"", ""isHome"": true, ""outcome"": true, ""keypass"": false}",,
2087085,Yan Diomande,14065091,rating-breakdown,defensive,defensive,,,,RB Leipzig,89.0,,66.7,77.9,,,,,,unresolvable,,,,False,False,,rating-breakdown,True,66.7,77.9,,,tackle,True,False,"{""playerCoordinates"": {""x"": 66.7, ""y"": 77.9}, ""eventActionType"": ""tackle"", ""isHome"": true, ""keypass"": false}",,
2087085,Yan Diomande,14065091,rating-breakdown,defensive,defensive,,,,RB Leipzig,89.0,,68.2,82.9,,,True,True,1,boolean_field,success,,True,False,False,,rating-breakdown,True,68.2,82.9,,,ball-recovery,True,False,"{""playerCoordinates"": {""x"": 68.2, ""y"": 82.9}, ""eventActionType"": ""ball-recovery"", ""isHome"": true, ""outcome"": true, ""keypass"": false}",,
2087085,Yan Diomande,14065103,rating-breakdown,passes,passes,,,,RB Leipzig,79.0,,84.8,73.8,93.8,76.8,True,True,1,boolean_field,success,True,,False,False,pass,rating-breakdown,True,84.8,73.8,93.8,76.8,pass,False,False,"{""playerCoordinates"": {""x"": 84.8, ""y"": 73.8}, ""passEndCoordinates"": {""x"": 93.8, ""y"": 76.8}, ""eventActionType"": ""pass"", ""isHome"": false, ""outcome"": true, ""keypass"": false}",,
2087085,Yan Diomande,14065103,rating-breakdown,passes,passes,,,,RB Leipzig,79.0,,78.1,80.8,92.5,81.7,True,True,1,boolean_field,success,True,,False,False,pass,rating-breakdown,True,78.1,80.8,92.5,81.7,pass,False,False,"{""playerCoordinates"": {""x"": 78.1, ""y"": 80.8}, ""passEndCoordinates"": {""x"": 92.5, ""y"": 81.7}, ""eventActionType"": ""pass"", ""isHome"": false, ""outcome"": true, ""keypass"": false}",,
2087085,Yan Diomande,14065103,rating-breakdown,passes,passes,,,,RB Leipzig,79.0,,91.8,81,86.1,69,True,True,1,boolean_field,success,True,,False,True,key_pass,rating-breakdown,True,91.8,81,86.1,69,pass,False,True,"{""playerCoordinates"": {""x"": 91.8, ""y"": 81}, ""passEndCoordinates"": {""x"": 86.1, ""y"": 69}, ""eventActionType"": ""pass"", ""isHome"": false, ""outcome"": true, ""keypass"": true}",,
2087085,Yan Diomande,14065103,rating-breakdown,passes,passes,,,,RB Leipzig,79.0,,47.1,52.8,35.1,49.5,True,True,1,boolean_field,success,True,,False,False,pass,rating-breakdown,True,47.1,52.8,35.1,49.5,pass,False,False,"{""playerCoordinates"": {""x"": 47.1, ""y"": 52.8}, ""passEndCoordinates"": {""x"": 35.1, ""y"": 49.5}, ""eventActionType"": ""pass"", ""isHome"": false, ""outcome"": true, ""keypass"": false}",,
2087085,Yan Diomande,14065103,rating-breakdown,passes,passes,,,,RB Leipzig,79.0,,85.7,74.1,77.2,95.7,True,True,1,boolean_field,success,True,,False,False,pass,rating-breakdown,True,85.7,74.1,77.2,95.7,pass,False,False,"{""playerCoordinates"": {""x"": 85.7, ""y"": 74.1}, ""passEndCoordinates"": {""x"": 77.2, ""y"": 95.7}, ""eventActionType"": ""pass"", ""isHome"": false, ""outcome"": true, ""keypass"": false}",,
2087085,Yan Diomande,14065103,rating-breakdown,passes,passes,,,,RB Leipzig,79.0,,86,87.7,92.9,96.4,True,True,1,boolean_field,success,True,,False,False,pass,rating-breakdown,True,86,87.7,92.9,96.4,pass,False,False,"{""playerCoordinates"": {""x"": 86, ""y"": 87.7}, ""passEndCoordinates"": {""x"": 92.9, ""y"": 96.4}, ""eventActionType"": ""pass"", ""isHome"": false, ""outcome"": true, ""keypass"": false}",,
2087085,Yan Diomande,14065103,rating-breakdown,passes,passes,,,,RB Leipzig,79.0,,85.9,86.8,89.2,71.4,True,True,1,boolean_field,success,True,,False,False,pass,rating-breakdown,True,85.9,86.8,89.2,71.4,pass,False,False,"{""playerCoordinates"": {""x"": 85.9, ""y"": 86.8}, ""passEndCoordinates"": {""x"": 89.2, ""y"": 71.4}, ""eventActionType"": ""pass"", ""isHome"": false, ""outcome"": true, ""keypass"": false}",,
2087085,Yan Diomande,14065103,rating-breakdown,passes,passes,,,,RB Leipzig,79.0,,85.5,70.3,85.6,60.7,,,,unresolvable,,,,False,False,pass,rating-breakdown,True,85.5,70.3,85.6,60.7,pass,False,False,"{""playerCoordinates"": {""x"": 85.5, ""y"": 70.3}, ""passEndCoordinates"": {""x"": 85.6, ""y"": 60.7}, ""eventActionType"": ""pass"", ""isHome"": false, ""keypass"": false}",,
2087085,Yan Diomande,14065103,rating-breakdown,passes,passes,,,,RB Leipzig,79.0,,29.1,47.2,30.9,48.4,,,,unresolvable,,,,False,False,pass,rating-breakdown,True,29.1,47.2,30.9,48.4,pass,False,False,"{""playerCoordinates"": {""x"": 29.1, ""y"": 47.2}, ""passEndCoordinates"": {""x"": 30.9, ""y"": 48.4}, ""eventActionType"": ""pass"", ""isHome"": false, ""keypass"": false}",,
2087085,Yan Diomande,14065103,rating-breakdown,passes,passes,,,,RB Leipzig,79.0,,30.2,47,32,47,,,,unresolvable,,,,False,False,pass,rating-breakdown,True,30.2,47,32,47,pass,False,False,"{""playerCoordinates"": {""x"": 30.2, ""y"": 47}, ""passEndCoordinates"": {""x"": 32, ""y"": 47}, ""eventActionType"": ""pass"", ""isHome"": false, ""keypass"": false}",,
2087085,Yan Diomande,14065103,rating-breakdown,passes,passes,,,,RB Leipzig,79.0,,43.8,92.4,38.2,73.2,True,True,1,boolean_field,success,True,,False,False,pass,rating-breakdown,True,43.8,92.4,38.2,73.2,pass,False,False,"{""playerCoordinates"": {""x"": 43.8, ""y"": 92.4}, ""passEndCoordinates"": {""x"": 38.2, ""y"": 73.2}, ""eventActionType"": ""pass"", ""isHome"": false, ""outcome"": true, ""keypass"": false}",,
2087085,Yan Diomande,14065103,rating-breakdown,passes,passes,,,,RB Leipzig,79.0,,70.3,87.4,84.8,79.9,,,,unresolvable,,,,False,False,pass,rating-breakdown,True,70.3,87.4,84.8,79.9,pass,False,False,"{""playerCoordinates"": {""x"": 70.3, ""y"": 87.4}, ""passEndCoordinates"": {""x"": 84.8, ""y"": 79.9}, ""eventActionType"": ""pass"", ""isHome"": false, ""keypass"": false}",,
2087085,Yan Diomande,14065103,rating-breakdown,passes,passes,,,,RB Leipzig,79.0,,42.5,75.9,25.9,70.8,,,,unresolvable,,,,False,False,pass,rating-breakdown,True,42.5,75.9,25.9,70.8,pass,False,False,"{""playerCoordinates"": {""x"": 42.5, ""y"": 75.9}, ""passEndCoordinates"": {""x"": 25.9, ""y"": 70.8}, ""eventActionType"": ""pass"", ""isHome"": false, ""keypass"": false}",,
2087085,Yan Diomande,14065103,rating-breakdown,passes,passes,,,,RB Leipzig,79.0,,89,66.9,94.7,66.9,True,True,1,boolean_field,success,True,,False,False,pass,rating-breakdown,True,89,66.9,94.7,66.9,pass,False,False,"{""playerCoordinates"": {""x"": 89, ""y"": 66.9}, ""passEndCoordinates"": {""x"": 94.7, ""y"": 66.9}, ""eventActionType"": ""pass"", ""isHome"": false, ""outcome"": true, ""keypass"": false}",,
2087085,Yan Diomande,14065103,rating-breakdown,passes,passes,,,,RB Leipzig,79.0,,97,65.4,93.1,42.3,,,,unresolvable,,,,False,False,pass,rating-breakdown,True,97,65.4,93.1,42.3,pass,False,False,"{""playerCoordinates"": {""x"": 97, ""y"": 65.4}, ""passEndCoordinates"": {""x"": 93.1, ""y"": 42.3}, ""eventActionType"": ""pass"", ""isHome"": false, ""keypass"": false}",,
2087085,Yan Diomande,14065103,rating-breakdown,passes,passes,,,,RB Leipzig,79.0,,73.4,55.6,62.2,65.1,True,True,1,boolean_field,success,True,,False,False,pass,rating-breakdown,True,73.4,55.6,62.2,65.1,pass,False,False,"{""playerCoordinates"": {""x"": 73.4, ""y"": 55.6}, ""passEndCoordinates"": {""x"": 62.2, ""y"": 65.1}, ""eventActionType"": ""pass"", ""isHome"": false, ""outcome"": true, ""keypass"": false}",,
2087085,Yan Diomande,14065103,rating-breakdown,passes,passes,,,,RB Leipzig,79.0,,25.4,66.4,13.9,75.1,True,True,1,boolean_field,success,True,,False,False,pass,rating-breakdown,True,25.4,66.4,13.9,75.1,pass,False,False,"{""playerCoordinates"": {""x"": 25.4, ""y"": 66.4}, ""passEndCoordinates"": {""x"": 13.9, ""y"": 75.1}, ""eventActionType"": ""pass"", ""isHome"": false, ""outcome"": true, ""keypass"": false}",,
2087085,Yan Diomande,14065103,rating-breakdown,passes,passes,,,,RB Leipzig,79.0,,71,76.2,73.3,58,True,True,1,boolean_field,success,True,,False,False,pass,rating-breakdown,True,71,76.2,73.3,58,pass,False,False,"{""playerCoordinates"": {""x"": 71, ""y"": 76.2}, ""passEndCoordinates"": {""x"": 73.3, ""y"": 58}, ""eventActionType"": ""pass"", ""isHome"": false, ""outcome"": true, ""keypass"": false}",,
2087085,Yan Diomande,14065103,rating-breakdown,passes,passes,,,,RB Leipzig,79.0,,31.8,97,28.8,85.5,True,True,1,boolean_field,success,True,,False,False,pass,rating-breakdown,True,31.8,97,28.8,85.5,pass,False,False,"{""playerCoordinates"": {""x"": 31.8, ""y"": 97}, ""passEndCoordinates"": {""x"": 28.8, ""y"": 85.5}, ""eventActionType"": ""pass"", ""isHome"": false, ""outcome"": true, ""keypass"": false}",,
2087085,Yan Diomande,14065103,rating-breakdown,passes,passes,,,,RB Leipzig,79.0,,83.7,86.2,84,68.2,True,True,1,boolean_field,success,True,,False,False,pass,rating-breakdown,True,83.7,86.2,84,68.2,pass,False,False,"{""playerCoordinates"": {""x"": 83.7, ""y"": 86.2}, ""passEndCoordinates"": {""x"": 84, ""y"": 68.2}, ""eventActionType"": ""pass"", ""isHome"": false, ""outcome"": true, ""keypass"": false}",,
2087085,Yan Diomande,14065103,rating-breakdown,passes,passes,,,,RB Leipzig,79.0,,88.3,70.2,86.3,55.5,True,True,1,boolean_field,success,True,,False,False,pass,rating-breakdown,True,88.3,70.2,86.3,55.5,pass,False,False,"{""playerCoordinates"": {""x"": 88.3, ""y"": 70.2}, ""passEndCoordinates"": {""x"": 86.3, ""y"": 55.5}, ""eventActionType"": ""pass"", ""isHome"": false, ""outcome"": true, ""keypass"": false}",,
2087085,Yan Diomande,14065103,rating-breakdown,passes,passes,,,,RB Leipzig,79.0,,92.5,71.1,93.3,58,,,,unresolvable,,,,False,False,pass,rating-breakdown,True,92.5,71.1,93.3,58,pass,False,False,"{""playerCoordinates"": {""x"": 92.5, ""y"": 71.1}, ""passEndCoordinates"": {""x"": 93.3, ""y"": 58}, ""eventActionType"": ""pass"", ""isHome"": false, ""keypass"": false}",,
2087085,Yan Diomande,14065103,rating-breakdown,passes,passes,,,,RB Leipzig,79.0,,46.7,96.9,54.1,76.6,True,True,1,boolean_field,success,True,,False,False,pass,rating-breakdown,True,46.7,96.9,54.1,76.6,pass,False,False,"{""playerCoordinates"": {""x"": 46.7, ""y"": 96.9}, ""passEndCoordinates"": {""x"": 54.1, ""y"": 76.6}, ""eventActionType"": ""pass"", ""isHome"": false, ""outcome"": true, ""keypass"": false}",,
2087085,Yan Diomande,14065103,rating-breakdown,passes,passes,,,,RB Leipzig,79.0,,41.3,93.7,38.7,92.8,True,True,1,boolean_field,success,True,,False,False,pass,rating-breakdown,True,41.3,93.7,38.7,92.8,pass,False,False,"{""playerCoordinates"": {""x"": 41.3, ""y"": 93.7}, ""passEndCoordinates"": {""x"": 38.7, ""y"": 92.8}, ""eventActionType"": ""pass"", ""isHome"": false, ""outcome"": true, ""keypass"": false}",,
2087085,Yan Diomande,14065103,rating-breakdown,passes,passes,,,,RB Leipzig,79.0,,51.1,79.3,54.8,61.9,True,True,1,boolean_field,success,True,,False,False,pass,rating-breakdown,True,51.1,79.3,54.8,61.9,pass,False,False,"{""playerCoordinates"": {""x"": 51.1, ""y"": 79.3}, ""passEndCoordinates"": {""x"": 54.8, ""y"": 61.9}, ""eventActionType"": ""pass"", ""isHome"": false, ""outcome"": true, ""keypass"": false}",,
2087085,Yan Diomande,14065103,rating-breakdown,passes,passes,,,,RB Leipzig,79.0,,76.4,96.4,74.1,76.8,True,True,1,boolean_field,success,True,,False,False,pass,rating-breakdown,True,76.4,96.4,74.1,76.8,pass,False,False,"{""playerCoordinates"": {""x"": 76.4, ""y"": 96.4}, ""passEndCoordinates"": {""x"": 74.1, ""y"": 76.8}, ""eventActionType"": ""pass"", ""isHome"": false, ""outcome"": true, ""keypass"": false}",,
2087085,Yan Diomande,14065103,rating-breakdown,passes,passes,,,,RB Leipzig,79.0,,34.4,82.3,36.8,71.1,True,True,1,boolean_field,success,True,,False,False,pass,rating-breakdown,True,34.4,82.3,36.8,71.1,pass,False,False,"{""playerCoordinates"": {""x"": 34.4, ""y"": 82.3}, ""passEndCoordinates"": {""x"": 36.8, ""y"": 71.1}, ""eventActionType"": ""pass"", ""isHome"": false, ""outcome"": true, ""keypass"": false}",,
2087085,Yan Diomande,14065103,rating-breakdown,passes,passes,,,,RB Leipzig,79.0,,78.1,68.8,91.9,23.8,True,True,1,boolean_field,success,True,,False,False,pass,rating-breakdown,True,78.1,68.8,91.9,23.8,pass,False,False,"{""playerCoordinates"": {""x"": 78.1, ""y"": 68.8}, ""passEndCoordinates"": {""x"": 91.9, ""y"": 23.8}, ""eventActionType"": ""pass"", ""isHome"": false, ""outcome"": true, ""keypass"": false, ""isLongBall"": true}",True,
2087085,Yan Diomande,14065103,rating-breakdown,passes,passes,,,,RB Leipzig,79.0,,85.5,88.3,73.2,92.2,True,True,1,boolean_field,success,True,,False,False,pass,rating-breakdown,True,85.5,88.3,73.2,92.2,pass,False,False,"{""playerCoordinates"": {""x"": 85.5, ""y"": 88.3}, ""passEndCoordinates"": {""x"": 73.2, ""y"": 92.2}, ""eventActionType"": ""pass"", ""isHome"": false, ""outcome"": true, ""keypass"": false}",,
2087085,Yan Diomande,14065103,rating-breakdown,passes,passes,,,,RB Leipzig,79.0,,91.4,77.4,91.9,60.7,True,True,1,boolean_field,success,True,,False,False,pass,rating-breakdown,True,91.4,77.4,91.9,60.7,cross,False,False,"{""playerCoordinates"": {""x"": 91.4, ""y"": 77.4}, ""passEndCoordinates"": {""x"": 91.9, ""y"": 60.7}, ""eventActionType"": ""cross"", ""isHome"": false, ""outcome"": true, ""keypass"": false}",,
2087085,Yan Diomande,14065103,rating-breakdown,passes,passes,,,,RB Leipzig,79.0,,55.9,53,61.9,16.6,True,True,1,boolean_field,success,True,,False,True,key_pass,rating-breakdown,True,55.9,53,61.9,16.6,pass,False,True,"{""playerCoordinates"": {""x"": 55.9, ""y"": 53}, ""passEndCoordinates"": {""x"": 61.9, ""y"": 16.6}, ""eventActionType"": ""pass"", ""isHome"": false, ""outcome"": true, ""keypass"": true}",,
2087085,Yan Diomande,14065103,rating-breakdown,passes,passes,,,,RB Leipzig,79.0,,84.2,19.5,90.5,9.8,True,True,1,boolean_field,success,True,,False,False,pass,rating-breakdown,True,84.2,19.5,90.5,9.8,pass,False,False,"{""playerCoordinates"": {""x"": 84.2, ""y"": 19.5}, ""passEndCoordinates"": {""x"": 90.5, ""y"": 9.8}, ""eventActionType"": ""pass"", ""isHome"": false, ""outcome"": true, ""keypass"": false}",,
2087085,Yan Diomande,14065103,rating-breakdown,passes,passes,,,,RB Leipzig,79.0,,86.1,69.1,86.8,55.9,,,,unresolvable,,,,False,False,pass,rating-breakdown,True,86.1,69.1,86.8,55.9,pass,False,False,"{""playerCoordinates"": {""x"": 86.1, ""y"": 69.1}, ""passEndCoordinates"": {""x"": 86.8, ""y"": 55.9}, ""eventActionType"": ""pass"", ""isHome"": false, ""keypass"": false}",,
2087085,Yan Diomande,14065103,rating-breakdown,passes,passes,,,,RB Leipzig,79.0,,87.8,75.9,89.6,56.1,True,True,1,boolean_field,success,True,,False,False,pass,rating-breakdown,True,87.8,75.9,89.6,56.1,pass,False,False,"{""playerCoordinates"": {""x"": 87.8, ""y"": 75.9}, ""passEndCoordinates"": {""x"": 89.6, ""y"": 56.1}, ""eventActionType"": ""pass"", ""isHome"": false, ""outcome"": true, ""keypass"": false}",,
2087085,Yan Diomande,14065103,rating-breakdown,dribbles,dribbles,,,,RB Leipzig,79.0,,83.5,79.6,,,True,True,1,boolean_field,success,,True,False,False,,rating-breakdown,True,83.5,79.6,,,dribble,False,False,"{""playerCoordinates"": {""x"": 83.5, ""y"": 79.6}, ""eventActionType"": ""dribble"", ""isHome"": false, ""outcome"": true, ""keypass"": false}",,
2087085,Yan Diomande,14065103,rating-breakdown,dribbles,dribbles,,,,RB Leipzig,79.0,,70,81,,,True,True,1,boolean_field,success,,True,False,False,,rating-breakdown,True,70,81,,,dribble,False,False,"{""playerCoordinates"": {""x"": 70, ""y"": 81}, ""eventActionType"": ""dribble"", ""isHome"": false, ""outcome"": true, ""keypass"": false}",,
2087085,Yan Diomande,14065103,rating-breakdown,dribbles,dribbles,,,,RB Leipzig,79.0,,58.3,84.2,,,True,True,1,boolean_field,success,,True,False,False,,rating-breakdown,True,58.3,84.2,,,dribble,False,False,"{""playerCoordinates"": {""x"": 58.3, ""y"": 84.2}, ""eventActionType"": ""dribble"", ""isHome"": false, ""outcome"": true, ""keypass"": false}",,
2087085,Yan Diomande,14065103,rating-breakdown,dribbles,dribbles,,,,RB Leipzig,79.0,,94.4,70.5,,,,,,unresolvable,,,,False,False,,rating-breakdown,True,94.4,70.5,,,dribble,False,False,"{""playerCoordinates"": {""x"": 94.4, ""y"": 70.5}, ""eventActionType"": ""dribble"", ""isHome"": false, ""keypass"": false}",,
2087085,Yan Diomande,14065103,rating-breakdown,dribbles,dribbles,,,,RB Leipzig,79.0,,74.8,53,,,,,,unresolvable,,,,False,False,,rating-breakdown,True,74.8,53,,,dribble,False,False,"{""playerCoordinates"": {""x"": 74.8, ""y"": 53}, ""eventActionType"": ""dribble"", ""isHome"": false, ""keypass"": false}",,
2087085,Yan Diomande,14065103,rating-breakdown,defensive,defensive,,,,RB Leipzig,79.0,,67.8,81.9,,,True,True,1,boolean_field,success,,True,False,False,,rating-breakdown,True,67.8,81.9,,,ball-recovery,False,False,"{""playerCoordinates"": {""x"": 67.8, ""y"": 81.9}, ""eventActionType"": ""ball-recovery"", ""isHome"": false, ""outcome"": true, ""keypass"": false}",,
2087085,Yan Diomande,14065103,rating-breakdown,defensive,defensive,,,,RB Leipzig,79.0,,75.2,72.9,,,True,True,1,boolean_field,success,,True,False,False,,rating-breakdown,True,75.2,72.9,,,ball-recovery,False,False,"{""playerCoordinates"": {""x"": 75.2, ""y"": 72.9}, ""eventActionType"": ""ball-recovery"", ""isHome"": false, ""outcome"": true, ""keypass"": false}",,
2087085,Yan Diomande,14065103,rating-breakdown,defensive,defensive,,,,RB Leipzig,79.0,,28,66.9,,,True,True,1,boolean_field,success,,True,False,False,,rating-breakdown,True,28,66.9,,,ball-recovery,False,False,"{""playerCoordinates"": {""x"": 28, ""y"": 66.9}, ""eventActionType"": ""ball-recovery"", ""isHome"": false, ""outcome"": true, ""keypass"": false}",,
2087085,Yan Diomande,14065103,rating-breakdown,defensive,defensive,,,,RB Leipzig,79.0,,22.8,84.1,,,True,True,1,boolean_field,success,,True,False,False,,rating-breakdown,True,22.8,84.1,,,ball-recovery,False,False,"{""playerCoordinates"": {""x"": 22.8, ""y"": 84.1}, ""eventActionType"": ""ball-recovery"", ""isHome"": false, ""outcome"": true, ""keypass"": false}",,
2087085,Yan Diomande,14065103,rating-breakdown,defensive,defensive,,,,RB Leipzig,79.0,,22.2,67.6,,,True,True,1,boolean_field,success,,True,False,False,,rating-breakdown,True,22.2,67.6,,,ball-recovery,False,False,"{""playerCoordinates"": {""x"": 22.2, ""y"": 67.6}, ""eventActionType"": ""ball-recovery"", ""isHome"": false, ""outcome"": true, ""keypass"": false}",,
2087085,Yan Diomande,14065103,rating-breakdown,defensive,defensive,,,,RB Leipzig,79.0,,47.7,85.2,,,True,True,1,boolean_field,success,,True,False,False,,rating-breakdown,True,47.7,85.2,,,ball-recovery,False,False,"{""playerCoordinates"": {""x"": 47.7, ""y"": 85.2}, ""eventActionType"": ""ball-recovery"", ""isHome"": false, ""outcome"": true, ""keypass"": false}",,
2087085,Yan Diomande,14065103,rating-breakdown,defensive,defensive,,,,RB Leipzig,79.0,,33.3,79.3,,,True,True,1,boolean_field,success,,True,False,False,,rating-breakdown,True,33.3,79.3,,,ball-recovery,False,False,"{""playerCoordinates"": {""x"": 33.3, ""y"": 79.3}, ""eventActionType"": ""ball-recovery"", ""isHome"": false, ""outcome"": true, ""keypass"": false}",,
2087085,Yan Diomande,14065103,rating-breakdown,defensive,defensive,,,,RB Leipzig,79.0,,64.9,93.7,,,True,True,1,boolean_field,success,,True,False,False,,rating-breakdown,True,64.9,93.7,,,interception,False,False,"{""playerCoordinates"": {""x"": 64.9, ""y"": 93.7}, ""eventActionType"": ""interception"", ""isHome"": false, ""outcome"": true, ""keypass"": false}",,
2087085,Yan Diomande,14065103,rating-breakdown,defensive,defensive,,,,RB Leipzig,79.0,,81.1,80.3,,,True,True,1,boolean_field,success,,True,False,False,,rating-breakdown,True,81.1,80.3,,,ball-recovery,False,False,"{""playerCoordinates"": {""x"": 81.1, ""y"": 80.3}, ""eventActionType"": ""ball-recovery"", ""isHome"": false, ""outcome"": true, ""keypass"": false}",,
2087085,Yan Diomande,14065098,rating-breakdown,passes,passes,,,,RB Leipzig,23.0,,39.8,75.4,42.4,36,True,True,1,boolean_field,success,True,,False,False,pass,rating-breakdown,True,39.8,75.4,42.4,36,pass,False,False,"{""playerCoordinates"": {""x"": 39.8, ""y"": 75.4}, ""passEndCoordinates"": {""x"": 42.4, ""y"": 36}, ""eventActionType"": ""pass"", ""isHome"": false, ""outcome"": true, ""keypass"": false}",,
2087085,Yan Diomande,14065098,rating-breakdown,passes,passes,,,,RB Leipzig,23.0,,89.3,85.2,95.9,40.5,,,,unresolvable,,,,False,False,pass,rating-breakdown,True,89.3,85.2,95.9,40.5,cross,False,False,"{""playerCoordinates"": {""x"": 89.3, ""y"": 85.2}, ""passEndCoordinates"": {""x"": 95.9, ""y"": 40.5}, ""eventActionType"": ""cross"", ""isHome"": false, ""keypass"": false}",,
2087085,Yan Diomande,14065098,rating-breakdown,passes,passes,,,,RB Leipzig,23.0,,62.3,89.7,67.6,75.7,True,True,1,boolean_field,success,True,,False,False,pass,rating-breakdown,True,62.3,89.7,67.6,75.7,pass,False,False,"{""playerCoordinates"": {""x"": 62.3, ""y"": 89.7}, ""passEndCoordinates"": {""x"": 67.6, ""y"": 75.7}, ""eventActionType"": ""pass"", ""isHome"": false, ""outcome"": true, ""keypass"": false}",,
2087085,Yan Diomande,14065098,rating-breakdown,passes,passes,,,,RB Leipzig,23.0,,45.4,80.8,33,90.8,,,,unresolvable,,,,False,False,pass,rating-breakdown,True,45.4,80.8,33,90.8,pass,False,False,"{""playerCoordinates"": {""x"": 45.4, ""y"": 80.8}, ""passEndCoordinates"": {""x"": 33, ""y"": 90.8}, ""eventActionType"": ""pass"", ""isHome"": false, ""keypass"": false}",,
2087085,Yan Diomande,14065098,rating-breakdown,passes,passes,,,,RB Leipzig,23.0,,36.1,92.1,26.3,76.9,True,True,1,boolean_field,success,True,,False,False,pass,rating-breakdown,True,36.1,92.1,26.3,76.9,pass,False,False,"{""playerCoordinates"": {""x"": 36.1, ""y"": 92.1}, ""passEndCoordinates"": {""x"": 26.3, ""y"": 76.9}, ""eventActionType"": ""pass"", ""isHome"": false, ""outcome"": true, ""keypass"": false}",,
2087085,Yan Diomande,14065098,rating-breakdown,passes,passes,,,,RB Leipzig,23.0,,90.7,76.1,96.2,52.7,,,,unresolvable,,,,False,False,pass,rating-breakdown,True,90.7,76.1,96.2,52.7,pass,False,False,"{""playerCoordinates"": {""x"": 90.7, ""y"": 76.1}, ""passEndCoordinates"": {""x"": 96.2, ""y"": 52.7}, ""eventActionType"": ""pass"", ""isHome"": false, ""keypass"": false}",,
2087085,Yan Diomande,14065098,rating-breakdown,passes,passes,,,,RB Leipzig,23.0,,63.4,95,66.5,85.9,True,True,1,boolean_field,success,True,,False,False,pass,rating-breakdown,True,63.4,95,66.5,85.9,pass,False,False,"{""playerCoordinates"": {""x"": 63.4, ""y"": 95}, ""passEndCoordinates"": {""x"": 66.5, ""y"": 85.9}, ""eventActionType"": ""pass"", ""isHome"": false, ""outcome"": true, ""keypass"": false}",,
2087085,Yan Diomande,14065098,rating-breakdown,passes,passes,,,,RB Leipzig,23.0,,58,98.1,53.2,98.3,True,True,1,boolean_field,success,True,,False,False,pass,rating-breakdown,True,58,98.1,53.2,98.3,pass,False,False,"{""playerCoordinates"": {""x"": 58, ""y"": 98.1}, ""passEndCoordinates"": {""x"": 53.2, ""y"": 98.3}, ""eventActionType"": ""pass"", ""isHome"": false, ""outcome"": true, ""keypass"": false}",,
2087085,Yan Diomande,14065098,rating-breakdown,passes,passes,,,,RB Leipzig,23.0,,74.5,97.7,90.6,83.2,True,True,1,boolean_field,success,True,,False,False,pass,rating-breakdown,True,74.5,97.7,90.6,83.2,pass,False,False,"{""playerCoordinates"": {""x"": 74.5, ""y"": 97.7}, ""passEndCoordinates"": {""x"": 90.6, ""y"": 83.2}, ""eventActionType"": ""pass"", ""isHome"": false, ""outcome"": true, ""keypass"": false}",,
2087085,Yan Diomande,14065098,rating-breakdown,dribbles,dribbles,,,,RB Leipzig,23.0,,90.7,69.7,,,True,True,1,boolean_field,success,,True,False,False,,rating-breakdown,True,90.7,69.7,,,dribble,False,False,"{""playerCoordinates"": {""x"": 90.7, ""y"": 69.7}, ""eventActionType"": ""dribble"", ""isHome"": false, ""outcome"": true, ""keypass"": false}",,
2087085,Yan Diomande,14065098,rating-breakdown,dribbles,dribbles,,,,RB Leipzig,23.0,,40.2,93.6,,,True,True,1,boolean_field,success,,True,False,False,,rating-breakdown,True,40.2,93.6,,,dribble,False,False,"{""playerCoordinates"": {""x"": 40.2, ""y"": 93.6}, ""eventActionType"": ""dribble"", ""isHome"": false, ""outcome"": true, ""keypass"": false}",,
2087085,Yan Diomande,14065098,rating-breakdown,dribbles,dribbles,,,,RB Leipzig,23.0,,56.6,65.2,,,True,True,1,boolean_field,success,,True,False,False,,rating-breakdown,True,56.6,65.2,,,dribble,False,False,"{""playerCoordinates"": {""x"": 56.6, ""y"": 65.2}, ""eventActionType"": ""dribble"", ""isHome"": false, ""outcome"": true, ""keypass"": false}",,
2087085,Yan Diomande,14065098,rating-breakdown,dribbles,dribbles,,,,RB Leipzig,23.0,,64.7,58.2,,,True,True,1,boolean_field,success,,True,False,False,,rating-breakdown,True,64.7,58.2,,,dribble,False,False,"{""playerCoordinates"": {""x"": 64.7, ""y"": 58.2}, ""eventActionType"": ""dribble"", ""isHome"": false, ""outcome"": true, ""keypass"": false}",,
2087085,Yan Diomande,14065098,rating-breakdown,dribbles,dribbles,,,,RB Leipzig,23.0,,74.6,93.5,,,True,True,1,boolean_field,success,,True,False,False,,rating-breakdown,True,74.6,93.5,,,dribble,False,False,"{""playerCoordinates"": {""x"": 74.6, ""y"": 93.5}, ""eventActionType"": ""dribble"", ""isHome"": false, ""outcome"": true, ""keypass"": false}",,
2087085,Yan Diomande,14065098,rating-breakdown,defensive,defensive,,,,RB Leipzig,23.0,,42.4,92.4,,,True,True,1,boolean_field,success,,True,False,False,,rating-breakdown,True,42.4,92.4,,,tackle,False,False,"{""playerCoordinates"": {""x"": 42.4, ""y"": 92.4}, ""eventActionType"": ""tackle"", ""isHome"": false, ""outcome"": true, ""keypass"": false}",,
2087085,Yan Diomande,14065098,rating-breakdown,defensive,defensive,,,,RB Leipzig,23.0,,43.7,97.2,,,True,True,1,boolean_field,success,,True,False,False,,rating-breakdown,True,43.7,97.2,,,ball-recovery,False,False,"{""playerCoordinates"": {""x"": 43.7, ""y"": 97.2}, ""eventActionType"": ""ball-recovery"", ""isHome"": false, ""outcome"": true, ""keypass"": false}",,
2087085,Yan Diomande,14065098,rating-breakdown,defensive,defensive,,,,RB Leipzig,23.0,,25,93.8,,,True,True,1,boolean_field,success,,True,False,False,,rating-breakdown,True,25,93.8,,,interception,False,False,"{""playerCoordinates"": {""x"": 25, ""y"": 93.8}, ""eventActionType"": ""interception"", ""isHome"": false, ""outcome"": true, ""keypass"": false}",,
2087085,Yan Diomande,14065114,rating-breakdown,passes,passes,,,,RB Leipzig,29.0,,46.1,95.7,37.4,92.7,True,True,1,boolean_field,success,True,,False,False,pass,rating-breakdown,True,46.1,95.7,37.4,92.7,pass,True,False,"{""playerCoordinates"": {""x"": 46.1, ""y"": 95.7}, ""passEndCoordinates"": {""x"": 37.4, ""y"": 92.7}, ""eventActionType"": ""pass"", ""isHome"": true, ""outcome"": true, ""keypass"": false}",,
2087085,Yan Diomande,14065114,rating-breakdown,passes,passes,,,,RB Leipzig,29.0,,85.2,5.1,68.6,12.3,True,True,1,boolean_field,success,True,,False,False,pass,rating-breakdown,True,85.2,5.1,68.6,12.3,pass,True,False,"{""playerCoordinates"": {""x"": 85.2, ""y"": 5.1}, ""passEndCoordinates"": {""x"": 68.6, ""y"": 12.3}, ""eventActionType"": ""pass"", ""isHome"": true, ""outcome"": true, ""keypass"": false}",,
2087085,Yan Diomande,14065114,rating-breakdown,passes,passes,,,,RB Leipzig,29.0,,46.8,8.1,33.9,29.7,True,True,1,boolean_field,success,True,,False,False,pass,rating-breakdown,True,46.8,8.1,33.9,29.7,pass,True,False,"{""playerCoordinates"": {""x"": 46.8, ""y"": 8.1}, ""passEndCoordinates"": {""x"": 33.9, ""y"": 29.7}, ""eventActionType"": ""pass"", ""isHome"": true, ""outcome"": true, ""keypass"": false}",,
2087085,Yan Diomande,14065114,rating-breakdown,passes,passes,,,,RB Leipzig,29.0,,37.6,10.9,39.9,4.2,True,True,1,boolean_field,success,True,,False,False,pass,rating-breakdown,True,37.6,10.9,39.9,4.2,pass,True,False,"{""playerCoordinates"": {""x"": 37.6, ""y"": 10.9}, ""passEndCoordinates"": {""x"": 39.9, ""y"": 4.2}, ""eventActionType"": ""pass"", ""isHome"": true, ""outcome"": true, ""keypass"": false}",,
2087085,Yan Diomande,14065114,rating-breakdown,passes,passes,,,,RB Leipzig,29.0,,59,42,62.9,60.4,True,True,1,boolean_field,success,True,,False,False,pass,rating-breakdown,True,59,42,62.9,60.4,pass,True,False,"{""playerCoordinates"": {""x"": 59, ""y"": 42}, ""passEndCoordinates"": {""x"": 62.9, ""y"": 60.4}, ""eventActionType"": ""pass"", ""isHome"": true, ""outcome"": true, ""keypass"": false}",,
2087085,Yan Diomande,14065114,rating-breakdown,passes,passes,,,,RB Leipzig,29.0,,32.7,75.1,25.5,85.3,True,True,1,boolean_field,success,True,,False,False,pass,rating-breakdown,True,32.7,75.1,25.5,85.3,pass,True,False,"{""playerCoordinates"": {""x"": 32.7, ""y"": 75.1}, ""passEndCoordinates"": {""x"": 25.5, ""y"": 85.3}, ""eventActionType"": ""pass"", ""isHome"": true, ""outcome"": true, ""keypass"": false}",,
2087085,Yan Diomande,14065114,rating-breakdown,passes,passes,,,,RB Leipzig,29.0,,89.1,74.8,89.4,70.2,,,,unresolvable,,,,False,False,pass,rating-breakdown,True,89.1,74.8,89.4,70.2,pass,True,False,"{""playerCoordinates"": {""x"": 89.1, ""y"": 74.8}, ""passEndCoordinates"": {""x"": 89.4, ""y"": 70.2}, ""eventActionType"": ""pass"", ""isHome"": true, ""keypass"": false}",,
2087085,Yan Diomande,14065114,rating-breakdown,passes,passes,,,,RB Leipzig,29.0,,91.6,90.4,86.4,80.8,True,True,1,boolean_field,success,True,,False,False,pass,rating-breakdown,True,91.6,90.4,86.4,80.8,pass,True,False,"{""playerCoordinates"": {""x"": 91.6, ""y"": 90.4}, ""passEndCoordinates"": {""x"": 86.4, ""y"": 80.8}, ""eventActionType"": ""pass"", ""isHome"": true, ""outcome"": true, ""keypass"": false}",,
2087085,Yan Diomande,14065114,rating-breakdown,passes,passes,,,,RB Leipzig,29.0,,85.5,89.7,81.3,69.3,,,,unresolvable,,,,False,False,pass,rating-breakdown,True,85.5,89.7,81.3,69.3,pass,True,False,"{""playerCoordinates"": {""x"": 85.5, ""y"": 89.7}, ""passEndCoordinates"": {""x"": 81.3, ""y"": 69.3}, ""eventActionType"": ""pass"", ""isHome"": true, ""keypass"": false}",,
2087085,Yan Diomande,14065114,rating-breakdown,passes,passes,,,,RB Leipzig,29.0,,95,83.5,96,70.9,,,,unresolvable,,,,False,False,pass,rating-breakdown,True,95,83.5,96,70.9,cross,True,False,"{""playerCoordinates"": {""x"": 95, ""y"": 83.5}, ""passEndCoordinates"": {""x"": 96, ""y"": 70.9}, ""eventActionType"": ""cross"", ""isHome"": true, ""keypass"": false}",,
2087085,Yan Diomande,14065114,rating-breakdown,passes,passes,,,,RB Leipzig,29.0,,25.8,93,20.9,90.1,True,True,1,boolean_field,success,True,,False,False,pass,rating-breakdown,True,25.8,93,20.9,90.1,pass,True,False,"{""playerCoordinates"": {""x"": 25.8, ""y"": 93}, ""passEndCoordinates"": {""x"": 20.9, ""y"": 90.1}, ""eventActionType"": ""pass"", ""isHome"": true, ""outcome"": true, ""keypass"": false}",,
2087085,Yan Diomande,14065114,rating-breakdown,passes,passes,,,,RB Leipzig,29.0,,31,92.7,50.9,79.6,,,,unresolvable,,,,False,False,pass,rating-breakdown,True,31,92.7,50.9,79.6,pass,True,False,"{""playerCoordinates"": {""x"": 31, ""y"": 92.7}, ""passEndCoordinates"": {""x"": 50.9, ""y"": 79.6}, ""eventActionType"": ""pass"", ""isHome"": true, ""keypass"": false}",,
2087085,Yan Diomande,14065114,rating-breakdown,dribbles,dribbles,,,,RB Leipzig,29.0,,67.8,90.8,,,,,,unresolvable,,,,False,False,,rating-breakdown,True,67.8,90.8,,,dribble,True,False,"{""playerCoordinates"": {""x"": 67.8, ""y"": 90.8}, ""eventActionType"": ""dribble"", ""isHome"": true, ""keypass"": false}",,
2087085,Yan Diomande,14065114,rating-breakdown,dribbles,dribbles,,,,RB Leipzig,29.0,,88.9,73.2,,,True,True,1,boolean_field,success,,True,False,False,,rating-breakdown,True,88.9,73.2,,,dribble,True,False,"{""playerCoordinates"": {""x"": 88.9, ""y"": 73.2}, ""eventActionType"": ""dribble"", ""isHome"": true, ""outcome"": true, ""keypass"": false}",,
2087085,Yan Diomande,14065114,rating-breakdown,dribbles,dribbles,,,,RB Leipzig,29.0,,71.4,86.4,,,True,True,1,boolean_field,success,,True,False,False,,rating-breakdown,True,71.4,86.4,,,dribble,True,False,"{""playerCoordinates"": {""x"": 71.4, ""y"": 86.4}, ""eventActionType"": ""dribble"", ""isHome"": true, ""outcome"": true, ""keypass"": false}",,
2087085,Yan Diomande,14065114,rating-breakdown,defensive,defensive,,,,RB Leipzig,29.0,,32.7,75.1,,,True,True,1,boolean_field,success,,True,False,False,,rating-breakdown,True,32.7,75.1,,,ball-recovery,True,False,"{""playerCoordinates"": {""x"": 32.7, ""y"": 75.1}, ""eventActionType"": ""ball-recovery"", ""isHome"": true, ""outcome"": true, ""keypass"": false}",,
2087085,Yan Diomande,14065114,rating-breakdown,defensive,defensive,,,,RB Leipzig,29.0,,16.2,75.4,,,True,True,1,boolean_field,success,,True,False,False,,rating-breakdown,True,16.2,75.4,,,ball-recovery,True,False,"{""playerCoordinates"": {""x"": 16.2, ""y"": 75.4}, ""eventActionType"": ""ball-recovery"", ""isHome"": true, ""outcome"": true, ""keypass"": false}",,
2087085,Yan Diomande,14065114,rating-breakdown,defensive,defensive,,,,RB Leipzig,29.0,,33.5,96.3,,,True,True,1,boolean_field,success,,True,False,False,,rating-breakdown,True,33.5,96.3,,,interception,True,False,"{""playerCoordinates"": {""x"": 33.5, ""y"": 96.3}, ""eventActionType"": ""interception"", ""isHome"": true, ""outcome"": true, ""keypass"": false}",,
2087085,Yan Diomande,14065114,rating-breakdown,defensive,defensive,,,,RB Leipzig,29.0,,25.8,93,,,True,True,1,boolean_field,success,,True,False,False,,rating-breakdown,True,25.8,93,,,ball-recovery,True,False,"{""playerCoordinates"": {""x"": 25.8, ""y"": 93}, ""eventActionType"": ""ball-recovery"", ""isHome"": true, ""outcome"": true, ""keypass"": false}",,
2087085,Yan Diomande,14065127,rating-breakdown,passes,passes,,,,RB Leipzig,63.0,,30.9,34.8,40.5,40.5,True,True,1,boolean_field,success,True,,False,False,pass,rating-breakdown,True,30.9,34.8,40.5,40.5,pass,False,False,"{""playerCoordinates"": {""x"": 30.9, ""y"": 34.8}, ""passEndCoordinates"": {""x"": 40.5, ""y"": 40.5}, ""eventActionType"": ""pass"", ""isHome"": false, ""outcome"": true, ""keypass"": false}",,
2087085,Yan Diomande,14065127,rating-breakdown,passes,passes,,,,RB Leipzig,63.0,,46.9,13.8,45.7,24.7,True,True,1,boolean_field,success,True,,False,False,pass,rating-breakdown,True,46.9,13.8,45.7,24.7,pass,False,False,"{""playerCoordinates"": {""x"": 46.9, ""y"": 13.8}, ""passEndCoordinates"": {""x"": 45.7, ""y"": 24.7}, ""eventActionType"": ""pass"", ""isHome"": false, ""outcome"": true, ""keypass"": false}",,
2087085,Yan Diomande,14065127,rating-breakdown,passes,passes,,,,RB Leipzig,63.0,,69.3,37.3,87.2,37,,,,unresolvable,,,,False,False,pass,rating-breakdown,True,69.3,37.3,87.2,37,pass,False,False,"{""playerCoordinates"": {""x"": 69.3, ""y"": 37.3}, ""passEndCoordinates"": {""x"": 87.2, ""y"": 37}, ""eventActionType"": ""pass"", ""isHome"": false, ""keypass"": false}",,
2087085,Yan Diomande,14065127,rating-breakdown,passes,passes,,,,RB Leipzig,63.0,,68.3,22.5,69,6.4,True,True,1,boolean_field,success,True,,False,False,pass,rating-breakdown,True,68.3,22.5,69,6.4,pass,False,False,"{""playerCoordinates"": {""x"": 68.3, ""y"": 22.5}, ""passEndCoordinates"": {""x"": 69, ""y"": 6.4}, ""eventActionType"": ""pass"", ""isHome"": false, ""outcome"": true, ""keypass"": false}",,
2087085,Yan Diomande,14065127,rating-breakdown,passes,passes,,,,RB Leipzig,63.0,,65.1,17.2,75.5,29.4,True,True,1,boolean_field,success,True,,False,False,pass,rating-breakdown,True,65.1,17.2,75.5,29.4,pass,False,False,"{""playerCoordinates"": {""x"": 65.1, ""y"": 17.2}, ""passEndCoordinates"": {""x"": 75.5, ""y"": 29.4}, ""eventActionType"": ""pass"", ""isHome"": false, ""outcome"": true, ""keypass"": false}",,
2087085,Yan Diomande,14065127,rating-breakdown,passes,passes,,,,RB Leipzig,63.0,,39.2,16.5,37.2,17.2,,,,unresolvable,,,,False,False,pass,rating-breakdown,True,39.2,16.5,37.2,17.2,pass,False,False,"{""playerCoordinates"": {""x"": 39.2, ""y"": 16.5}, ""passEndCoordinates"": {""x"": 37.2, ""y"": 17.2}, ""eventActionType"": ""pass"", ""isHome"": false, ""keypass"": false}",,
2087085,Yan Diomande,14065127,rating-breakdown,passes,passes,,,,RB Leipzig,63.0,,36.3,24.7,45.4,28,True,True,1,boolean_field,success,True,,False,False,pass,rating-breakdown,True,36.3,24.7,45.4,28,pass,False,False,"{""playerCoordinates"": {""x"": 36.3, ""y"": 24.7}, ""passEndCoordinates"": {""x"": 45.4, ""y"": 28}, ""eventActionType"": ""pass"", ""isHome"": false, ""outcome"": true, ""keypass"": false}",,
2087085,Yan Diomande,14065127,rating-breakdown,passes,passes,,,,RB Leipzig,63.0,,42.7,17.1,30.9,28.2,True,True,1,boolean_field,success,True,,False,False,pass,rating-breakdown,True,42.7,17.1,30.9,28.2,pass,False,False,"{""playerCoordinates"": {""x"": 42.7, ""y"": 17.1}, ""passEndCoordinates"": {""x"": 30.9, ""y"": 28.2}, ""eventActionType"": ""pass"", ""isHome"": false, ""outcome"": true, ""keypass"": false}",,
2087085,Yan Diomande,14065127,rating-breakdown,passes,passes,,,,RB Leipzig,63.0,,85.6,33.9,85.8,45.6,True,True,1,boolean_field,success,True,,True,True,assist,rating-breakdown,True,85.6,33.9,85.8,45.6,pass,False,True,"{""playerCoordinates"": {""x"": 85.6, ""y"": 33.9}, ""passEndCoordinates"": {""x"": 85.8, ""y"": 45.6}, ""eventActionType"": ""pass"", ""isHome"": false, ""outcome"": true, ""keypass"": true, ""isAssist"": true}",,True
2087085,Yan Diomande,14065127,rating-breakdown,passes,passes,,,,RB Leipzig,63.0,,69.6,29.1,75.6,35.5,,,,unresolvable,,,,False,False,pass,rating-breakdown,True,69.6,29.1,75.6,35.5,pass,False,False,"{""playerCoordinates"": {""x"": 69.6, ""y"": 29.1}, ""passEndCoordinates"": {""x"": 75.6, ""y"": 35.5}, ""eventActionType"": ""pass"", ""isHome"": false, ""keypass"": false}",,
2087085,Yan Diomande,14065127,rating-breakdown,passes,passes,,,,RB Leipzig,63.0,,59.7,34.6,54,36.1,True,True,1,boolean_field,success,True,,False,False,pass,rating-breakdown,True,59.7,34.6,54,36.1,pass,False,False,"{""playerCoordinates"": {""x"": 59.7, ""y"": 34.6}, ""passEndCoordinates"": {""x"": 54, ""y"": 36.1}, ""eventActionType"": ""pass"", ""isHome"": false, ""outcome"": true, ""keypass"": false}",,
2087085,Yan Diomande,14065127,rating-breakdown,passes,passes,,,,RB Leipzig,63.0,,53.1,32.2,53.3,75.7,True,True,1,boolean_field,success,True,,False,False,pass,rating-breakdown,True,53.1,32.2,53.3,75.7,pass,False,False,"{""playerCoordinates"": {""x"": 53.1, ""y"": 32.2}, ""passEndCoordinates"": {""x"": 53.3, ""y"": 75.7}, ""eventActionType"": ""pass"", ""isHome"": false, ""outcome"": true, ""keypass"": false}",,
2087085,Yan Diomande,14065127,rating-breakdown,passes,passes,,,,RB Leipzig,63.0,,31.5,57.4,26.7,61.6,True,True,1,boolean_field,success,True,,False,False,pass,rating-breakdown,True,31.5,57.4,26.7,61.6,pass,False,False,"{""playerCoordinates"": {""x"": 31.5, ""y"": 57.4}, ""passEndCoordinates"": {""x"": 26.7, ""y"": 61.6}, ""eventActionType"": ""pass"", ""isHome"": false, ""outcome"": true, ""keypass"": false}",,
2087085,Yan Diomande,14065127,rating-breakdown,passes,passes,,,,RB Leipzig,63.0,,47,3.6,34.2,9,True,True,1,boolean_field,success,True,,False,False,pass,rating-breakdown,True,47,3.6,34.2,9,pass,False,False,"{""playerCoordinates"": {""x"": 47, ""y"": 3.6}, ""passEndCoordinates"": {""x"": 34.2, ""y"": 9}, ""eventActionType"": ""pass"", ""isHome"": false, ""outcome"": true, ""keypass"": false}",,
2087085,Yan Diomande,14065127,rating-breakdown,passes,passes,,,,RB Leipzig,63.0,,31.6,4.5,26.8,44.1,,,,unresolvable,,,,False,False,pass,rating-breakdown,True,31.6,4.5,26.8,44.1,pass,False,False,"{""playerCoordinates"": {""x"": 31.6, ""y"": 4.5}, ""passEndCoordinates"": {""x"": 26.8, ""y"": 44.1}, ""eventActionType"": ""pass"", ""isHome"": false, ""keypass"": false}",,
2087085,Yan Diomande,14065127,rating-breakdown,passes,passes,,,,RB Leipzig,63.0,,86,34.2,85.8,45.9,True,True,1,boolean_field,success,True,,True,True,assist,rating-breakdown,True,86,34.2,85.8,45.9,pass,False,True,"{""playerCoordinates"": {""x"": 86, ""y"": 34.2}, ""passEndCoordinates"": {""x"": 85.8, ""y"": 45.9}, ""eventActionType"": ""pass"", ""isHome"": false, ""outcome"": true, ""keypass"": true, ""isAssist"": true}",,True
2087085,Yan Diomande,14065127,rating-breakdown,passes,passes,,,,RB Leipzig,63.0,,85.6,88.9,70.2,88.2,True,True,1,boolean_field,success,True,,False,False,pass,rating-breakdown,True,85.6,88.9,70.2,88.2,pass,False,False,"{""playerCoordinates"": {""x"": 85.6, ""y"": 88.9}, ""passEndCoordinates"": {""x"": 70.2, ""y"": 88.2}, ""eventActionType"": ""pass"", ""isHome"": false, ""outcome"": true, ""keypass"": false}",,
2087085,Yan Diomande,14065127,rating-breakdown,passes,passes,,,,RB Leipzig,63.0,,32.6,11.7,32.5,31.9,True,True,1,boolean_field,success,True,,False,False,pass,rating-breakdown,True,32.6,11.7,32.5,31.9,pass,False,False,"{""playerCoordinates"": {""x"": 32.6, ""y"": 11.7}, ""passEndCoordinates"": {""x"": 32.5, ""y"": 31.9}, ""eventActionType"": ""pass"", ""isHome"": false, ""outcome"": true, ""keypass"": false}",,
2087085,Yan Diomande,14065127,rating-breakdown,passes,passes,,,,RB Leipzig,63.0,,28.2,12,37.7,17.2,True,True,1,boolean_field,success,True,,False,False,pass,rating-breakdown,True,28.2,12,37.7,17.2,pass,False,False,"{""playerCoordinates"": {""x"": 28.2, ""y"": 12}, ""passEndCoordinates"": {""x"": 37.7, ""y"": 17.2}, ""eventActionType"": ""pass"", ""isHome"": false, ""outcome"": true, ""keypass"": false}",,
2087085,Yan Diomande,14065127,rating-breakdown,passes,passes,,,,RB Leipzig,63.0,,72.9,32.4,76.8,85.3,True,True,1,boolean_field,success,True,,False,False,pass,rating-breakdown,True,72.9,32.4,76.8,85.3,pass,False,False,"{""playerCoordinates"": {""x"": 72.9, ""y"": 32.4}, ""passEndCoordinates"": {""x"": 76.8, ""y"": 85.3}, ""eventActionType"": ""pass"", ""isHome"": false, ""outcome"": true, ""keypass"": false, ""isLongBall"": true}",True,
2087085,Yan Diomande,14065127,rating-breakdown,passes,passes,,,,RB Leipzig,63.0,,42,25.2,43.2,21.3,,,,unresolvable,,,,False,False,pass,rating-breakdown,True,42,25.2,43.2,21.3,pass,False,False,"{""playerCoordinates"": {""x"": 42, ""y"": 25.2}, ""passEndCoordinates"": {""x"": 43.2, ""y"": 21.3}, ""eventActionType"": ""pass"", ""isHome"": false, ""keypass"": false}",,
2087085,Yan Diomande,14065127,rating-breakdown,passes,passes,,,,RB Leipzig,63.0,,33.6,22.9,26.2,26.7,True,True,1,boolean_field,success,True,,False,False,pass,rating-breakdown,True,33.6,22.9,26.2,26.7,pass,False,False,"{""playerCoordinates"": {""x"": 33.6, ""y"": 22.9}, ""passEndCoordinates"": {""x"": 26.2, ""y"": 26.7}, ""eventActionType"": ""pass"", ""isHome"": false, ""outcome"": true, ""keypass"": false}",,
2087085,Yan Diomande,14065127,rating-breakdown,passes,passes,,,,RB Leipzig,63.0,,33.7,31.8,17.7,34.9,True,True,1,boolean_field,success,True,,False,False,pass,rating-breakdown,True,33.7,31.8,17.7,34.9,pass,False,False,"{""playerCoordinates"": {""x"": 33.7, ""y"": 31.8}, ""passEndCoordinates"": {""x"": 17.7, ""y"": 34.9}, ""eventActionType"": ""pass"", ""isHome"": false, ""outcome"": true, ""keypass"": false}",,
2087085,Yan Diomande,14065127,rating-breakdown,passes,passes,,,,RB Leipzig,63.0,,92.4,27.6,88.4,32.4,,,,unresolvable,,,,False,False,pass,rating-breakdown,True,92.4,27.6,88.4,32.4,pass,False,False,"{""playerCoordinates"": {""x"": 92.4, ""y"": 27.6}, ""passEndCoordinates"": {""x"": 88.4, ""y"": 32.4}, ""eventActionType"": ""pass"", ""isHome"": false, ""keypass"": false}",,
2087085,Yan Diomande,14065127,rating-breakdown,passes,passes,,,,RB Leipzig,63.0,,91.5,25.9,90.9,32.4,,,,unresolvable,,,,False,False,pass,rating-breakdown,True,91.5,25.9,90.9,32.4,pass,False,False,"{""playerCoordinates"": {""x"": 91.5, ""y"": 25.9}, ""passEndCoordinates"": {""x"": 90.9, ""y"": 32.4}, ""eventActionType"": ""pass"", ""isHome"": false, ""keypass"": false}",,
2087085,Yan Diomande,14065127,rating-breakdown,passes,passes,,,,RB Leipzig,63.0,,84,70.6,95.5,71.2,True,True,1,boolean_field,success,True,,False,False,pass,rating-breakdown,True,84,70.6,95.5,71.2,pass,False,False,"{""playerCoordinates"": {""x"": 84, ""y"": 70.6}, ""passEndCoordinates"": {""x"": 95.5, ""y"": 71.2}, ""eventActionType"": ""pass"", ""isHome"": false, ""outcome"": true, ""keypass"": false}",,
2087085,Yan Diomande,14065127,rating-breakdown,dribbles,dribbles,,,,RB Leipzig,63.0,,46.2,46.6,,,,,,unresolvable,,,,False,False,,rating-breakdown,True,46.2,46.6,,,dribble,False,False,"{""playerCoordinates"": {""x"": 46.2, ""y"": 46.6}, ""eventActionType"": ""dribble"", ""isHome"": false, ""keypass"": false}",,
2087085,Yan Diomande,14065127,rating-breakdown,dribbles,dribbles,,,,RB Leipzig,63.0,,60.3,29.8,,,,,,unresolvable,,,,False,False,,rating-breakdown,True,60.3,29.8,,,dribble,False,False,"{""playerCoordinates"": {""x"": 60.3, ""y"": 29.8}, ""eventActionType"": ""dribble"", ""isHome"": false, ""keypass"": false}",,
2087085,Yan Diomande,14065127,rating-breakdown,dribbles,dribbles,,,,RB Leipzig,63.0,,77.9,24.7,,,True,True,1,boolean_field,success,,True,False,False,,rating-breakdown,True,77.9,24.7,,,dribble,False,False,"{""playerCoordinates"": {""x"": 77.9, ""y"": 24.7}, ""eventActionType"": ""dribble"", ""isHome"": false, ""outcome"": true, ""keypass"": false}",,
2087085,Yan Diomande,14065127,rating-breakdown,dribbles,dribbles,,,,RB Leipzig,63.0,,33.8,13.9,,,,,,unresolvable,,,,False,False,,rating-breakdown,True,33.8,13.9,,,dribble,False,False,"{""playerCoordinates"": {""x"": 33.8, ""y"": 13.9}, ""eventActionType"": ""dribble"", ""isHome"": false, ""keypass"": false}",,
2087085,Yan Diomande,14065127,rating-breakdown,dribbles,dribbles,,,,RB Leipzig,63.0,,56.2,35.2,,,,,,unresolvable,,,,False,False,,rating-breakdown,True,56.2,35.2,,,dribble,False,False,"{""playerCoordinates"": {""x"": 56.2, ""y"": 35.2}, ""eventActionType"": ""dribble"", ""isHome"": false, ""keypass"": false}",,
2087085,Yan Diomande,14065127,rating-breakdown,dribbles,dribbles,,,,RB Leipzig,63.0,,70.9,87.8,,,True,True,1,boolean_field,success,,True,False,False,,rating-breakdown,True,70.9,87.8,,,dribble,False,False,"{""playerCoordinates"": {""x"": 70.9, ""y"": 87.8}, ""eventActionType"": ""dribble"", ""isHome"": false, ""outcome"": true, ""keypass"": false}",,
2087085,Yan Diomande,14065127,rating-breakdown,dribbles,dribbles,,,,RB Leipzig,63.0,,74,86.8,,,True,True,1,boolean_field,success,,True,False,False,,rating-breakdown,True,74,86.8,,,dribble,False,False,"{""playerCoordinates"": {""x"": 74, ""y"": 86.8}, ""eventActionType"": ""dribble"", ""isHome"": false, ""outcome"": true, ""keypass"": false}",,
2087085,Yan Diomande,14065127,rating-breakdown,defensive,defensive,,,,RB Leipzig,63.0,,30.9,34.8,,,True,True,1,boolean_field,success,,True,False,False,,rating-breakdown,True,30.9,34.8,,,ball-recovery,False,False,"{""playerCoordinates"": {""x"": 30.9, ""y"": 34.8}, ""eventActionType"": ""ball-recovery"", ""isHome"": false, ""outcome"": true, ""keypass"": false}",,
2087085,Yan Diomande,14065127,rating-breakdown,defensive,defensive,,,,RB Leipzig,63.0,,44.5,27.3,,,True,True,1,boolean_field,success,,True,False,False,,rating-breakdown,True,44.5,27.3,,,ball-recovery,False,False,"{""playerCoordinates"": {""x"": 44.5, ""y"": 27.3}, ""eventActionType"": ""ball-recovery"", ""isHome"": false, ""outcome"": true, ""keypass"": false}",,
2087085,Yan Diomande,14065127,rating-breakdown,defensive,defensive,,,,RB Leipzig,63.0,,35.5,22.6,,,True,True,1,boolean_field,success,,True,False,False,,rating-breakdown,True,35.5,22.6,,,ball-recovery,False,False,"{""playerCoordinates"": {""x"": 35.5, ""y"": 22.6}, ""eventActionType"": ""ball-recovery"", ""isHome"": false, ""outcome"": true, ""keypass"": false}",,
2087085,Yan Diomande,14065127,rating-breakdown,defensive,defensive,,,,RB Leipzig,63.0,,44.3,37,,,True,True,1,boolean_field,success,,True,False,False,,rating-breakdown,True,44.3,37,,,ball-recovery,False,False,"{""playerCoordinates"": {""x"": 44.3, ""y"": 37}, ""eventActionType"": ""ball-recovery"", ""isHome"": false, ""outcome"": true, ""keypass"": false}",,
2087085,Yan Diomande,14065132,rating-breakdown,passes,passes,,,,RB Leipzig,90.0,,47.9,5.2,43.7,13.9,True,True,1,boolean_field,success,True,,False,False,pass,rating-breakdown,True,47.9,5.2,43.7,13.9,pass,True,False,"{""playerCoordinates"": {""x"": 47.9, ""y"": 5.2}, ""passEndCoordinates"": {""x"": 43.7, ""y"": 13.9}, ""eventActionType"": ""pass"", ""isHome"": true, ""outcome"": true, ""keypass"": false}",,
2087085,Yan Diomande,14065132,rating-breakdown,passes,passes,,,,RB Leipzig,90.0,,67.8,26.6,68.4,28.4,,,,unresolvable,,,,False,False,pass,rating-breakdown,True,67.8,26.6,68.4,28.4,pass,True,False,"{""playerCoordinates"": {""x"": 67.8, ""y"": 26.6}, ""passEndCoordinates"": {""x"": 68.4, ""y"": 28.4}, ""eventActionType"": ""pass"", ""isHome"": true, ""keypass"": false}",,
2087085,Yan Diomande,14065132,rating-breakdown,passes,passes,,,,RB Leipzig,90.0,,90.6,68.7,91.3,67.5,,,,unresolvable,,,,False,False,pass,rating-breakdown,True,90.6,68.7,91.3,67.5,pass,True,False,"{""playerCoordinates"": {""x"": 90.6, ""y"": 68.7}, ""passEndCoordinates"": {""x"": 91.3, ""y"": 67.5}, ""eventActionType"": ""pass"", ""isHome"": true, ""keypass"": false}",,
2087085,Yan Diomande,14065132,rating-breakdown,passes,passes,,,,RB Leipzig,90.0,,35.3,24.4,30.5,37.8,True,True,1,boolean_field,success,True,,False,False,pass,rating-breakdown,True,35.3,24.4,30.5,37.8,pass,True,False,"{""playerCoordinates"": {""x"": 35.3, ""y"": 24.4}, ""passEndCoordinates"": {""x"": 30.5, ""y"": 37.8}, ""eventActionType"": ""pass"", ""isHome"": true, ""outcome"": true, ""keypass"": false}",,
2087085,Yan Diomande,14065132,rating-breakdown,passes,passes,,,,RB Leipzig,90.0,,31.2,49.6,31.1,50.2,True,True,1,boolean_field,success,True,,False,False,pass,rating-breakdown,True,31.2,49.6,31.1,50.2,pass,True,False,"{""playerCoordinates"": {""x"": 31.2, ""y"": 49.6}, ""passEndCoordinates"": {""x"": 31.1, ""y"": 50.2}, ""eventActionType"": ""pass"", ""isHome"": true, ""outcome"": true, ""keypass"": false}",,
2087085,Yan Diomande,14065132,rating-breakdown,passes,passes,,,,RB Leipzig,90.0,,52.8,5.7,53,15,True,True,1,boolean_field,success,True,,False,False,pass,rating-breakdown,True,52.8,5.7,53,15,pass,True,False,"{""playerCoordinates"": {""x"": 52.8, ""y"": 5.7}, ""passEndCoordinates"": {""x"": 53, ""y"": 15}, ""eventActionType"": ""pass"", ""isHome"": true, ""outcome"": true, ""keypass"": false}",,
2087085,Yan Diomande,14065132,rating-breakdown,passes,passes,,,,RB Leipzig,90.0,,40.8,9.4,45.4,22.5,True,True,1,boolean_field,success,True,,False,False,pass,rating-breakdown,True,40.8,9.4,45.4,22.5,pass,True,False,"{""playerCoordinates"": {""x"": 40.8, ""y"": 9.4}, ""passEndCoordinates"": {""x"": 45.4, ""y"": 22.5}, ""eventActionType"": ""pass"", ""isHome"": true, ""outcome"": true, ""keypass"": false}",,
2087085,Yan Diomande,14065132,rating-breakdown,passes,passes,,,,RB Leipzig,90.0,,47.3,11.2,73.7,19.2,True,True,1,boolean_field,success,True,,False,True,key_pass,rating-breakdown,True,47.3,11.2,73.7,19.2,pass,True,True,"{""playerCoordinates"": {""x"": 47.3, ""y"": 11.2}, ""passEndCoordinates"": {""x"": 73.7, ""y"": 19.2}, ""eventActionType"": ""pass"", ""isHome"": true, ""outcome"": true, ""keypass"": true}",,
2087085,Yan Diomande,14065132,rating-breakdown,passes,passes,,,,RB Leipzig,90.0,,45.3,9.1,53.9,51,,,,unresolvable,,,,False,False,pass,rating-breakdown,True,45.3,9.1,53.9,51,pass,True,False,"{""playerCoordinates"": {""x"": 45.3, ""y"": 9.1}, ""passEndCoordinates"": {""x"": 53.9, ""y"": 51}, ""eventActionType"": ""pass"", ""isHome"": true, ""keypass"": false}",,
2087085,Yan Diomande,14065132,rating-breakdown,passes,passes,,,,RB Leipzig,90.0,,57.2,1.8,67.4,1.9,True,True,1,boolean_field,success,True,,False,False,pass,rating-breakdown,True,57.2,1.8,67.4,1.9,pass,True,False,"{""playerCoordinates"": {""x"": 57.2, ""y"": 1.8}, ""passEndCoordinates"": {""x"": 67.4, ""y"": 1.9}, ""eventActionType"": ""pass"", ""isHome"": true, ""outcome"": true, ""keypass"": false}",,
2087085,Yan Diomande,14065132,rating-breakdown,passes,passes,,,,RB Leipzig,90.0,,59.2,5.7,62.8,25.9,,,,unresolvable,,,,False,False,pass,rating-breakdown,True,59.2,5.7,62.8,25.9,pass,True,False,"{""playerCoordinates"": {""x"": 59.2, ""y"": 5.7}, ""passEndCoordinates"": {""x"": 62.8, ""y"": 25.9}, ""eventActionType"": ""pass"", ""isHome"": true, ""keypass"": false}",,
2087085,Yan Diomande,14065132,rating-breakdown,passes,passes,,,,RB Leipzig,90.0,,31.7,2.5,26.6,9,True,True,1,boolean_field,success,True,,False,False,pass,rating-breakdown,True,31.7,2.5,26.6,9,pass,True,False,"{""playerCoordinates"": {""x"": 31.7, ""y"": 2.5}, ""passEndCoordinates"": {""x"": 26.6, ""y"": 9}, ""eventActionType"": ""pass"", ""isHome"": true, ""outcome"": true, ""keypass"": false}",,
2087085,Yan Diomande,14065132,rating-breakdown,passes,passes,,,,RB Leipzig,90.0,,80.4,9.6,81.6,33.1,True,True,1,boolean_field,success,True,,False,False,pass,rating-breakdown,True,80.4,9.6,81.6,33.1,pass,True,False,"{""playerCoordinates"": {""x"": 80.4, ""y"": 9.6}, ""passEndCoordinates"": {""x"": 81.6, ""y"": 33.1}, ""eventActionType"": ""pass"", ""isHome"": true, ""outcome"": true, ""keypass"": false}",,
2087085,Yan Diomande,14065132,rating-breakdown,passes,passes,,,,RB Leipzig,90.0,,55.8,16.9,66.4,14.7,True,True,1,boolean_field,success,True,,False,False,pass,rating-breakdown,True,55.8,16.9,66.4,14.7,pass,True,False,"{""playerCoordinates"": {""x"": 55.8, ""y"": 16.9}, ""passEndCoordinates"": {""x"": 66.4, ""y"": 14.7}, ""eventActionType"": ""pass"", ""isHome"": true, ""outcome"": true, ""keypass"": false}",,
2087085,Yan Diomande,14065132,rating-breakdown,passes,passes,,,,RB Leipzig,90.0,,42.3,3.1,34.7,12.3,True,True,1,boolean_field,success,True,,False,False,pass,rating-breakdown,True,42.3,3.1,34.7,12.3,pass,True,False,"{""playerCoordinates"": {""x"": 42.3, ""y"": 3.1}, ""passEndCoordinates"": {""x"": 34.7, ""y"": 12.3}, ""eventActionType"": ""pass"", ""isHome"": true, ""outcome"": true, ""keypass"": false}",,
2087085,Yan Diomande,14065132,rating-breakdown,passes,passes,,,,RB Leipzig,90.0,,39.8,19.3,46.9,67.6,True,True,1,boolean_field,success,True,,False,False,pass,rating-breakdown,True,39.8,19.3,46.9,67.6,pass,True,False,"{""playerCoordinates"": {""x"": 39.8, ""y"": 19.3}, ""passEndCoordinates"": {""x"": 46.9, ""y"": 67.6}, ""eventActionType"": ""pass"", ""isHome"": true, ""outcome"": true, ""keypass"": false, ""isLongBall"": true}",True,
2087085,Yan Diomande,14065132,rating-breakdown,passes,passes,,,,RB Leipzig,90.0,,73.9,26.2,71.2,10.2,True,True,1,boolean_field,success,True,,False,False,pass,rating-breakdown,True,73.9,26.2,71.2,10.2,pass,True,False,"{""playerCoordinates"": {""x"": 73.9, ""y"": 26.2}, ""passEndCoordinates"": {""x"": 71.2, ""y"": 10.2}, ""eventActionType"": ""pass"", ""isHome"": true, ""outcome"": true, ""keypass"": false}",,
2087085,Yan Diomande,14065132,rating-breakdown,passes,passes,,,,RB Leipzig,90.0,,72.9,18,66.7,6,True,True,1,boolean_field,success,True,,False,False,pass,rating-breakdown,True,72.9,18,66.7,6,pass,True,False,"{""playerCoordinates"": {""x"": 72.9, ""y"": 18}, ""passEndCoordinates"": {""x"": 66.7, ""y"": 6}, ""eventActionType"": ""pass"", ""isHome"": true, ""outcome"": true, ""keypass"": false}",,
2087085,Yan Diomande,14065132,rating-breakdown,passes,passes,,,,RB Leipzig,90.0,,62.6,15.7,67.9,3.7,True,True,1,boolean_field,success,True,,False,False,pass,rating-breakdown,True,62.6,15.7,67.9,3.7,pass,True,False,"{""playerCoordinates"": {""x"": 62.6, ""y"": 15.7}, ""passEndCoordinates"": {""x"": 67.9, ""y"": 3.7}, ""eventActionType"": ""pass"", ""isHome"": true, ""outcome"": true, ""keypass"": false}",,
2087085,Yan Diomande,14065132,rating-breakdown,passes,passes,,,,RB Leipzig,90.0,,61.7,19.2,73.5,3.9,True,True,1,boolean_field,success,True,,False,False,pass,rating-breakdown,True,61.7,19.2,73.5,3.9,pass,True,False,"{""playerCoordinates"": {""x"": 61.7, ""y"": 19.2}, ""passEndCoordinates"": {""x"": 73.5, ""y"": 3.9}, ""eventActionType"": ""pass"", ""isHome"": true, ""outcome"": true, ""keypass"": false}",,
2087085,Yan Diomande,14065132,rating-breakdown,passes,passes,,,,RB Leipzig,90.0,,95.9,44.2,93.7,21.9,,,,unresolvable,,,,False,False,pass,rating-breakdown,True,95.9,44.2,93.7,21.9,pass,True,False,"{""playerCoordinates"": {""x"": 95.9, ""y"": 44.2}, ""passEndCoordinates"": {""x"": 93.7, ""y"": 21.9}, ""eventActionType"": ""pass"", ""isHome"": true, ""keypass"": false}",,
2087085,Yan Diomande,14065132,rating-breakdown,passes,passes,,,,RB Leipzig,90.0,,30,29.7,41,30.7,,,,unresolvable,,,,False,False,pass,rating-breakdown,True,30,29.7,41,30.7,pass,True,False,"{""playerCoordinates"": {""x"": 30, ""y"": 29.7}, ""passEndCoordinates"": {""x"": 41, ""y"": 30.7}, ""eventActionType"": ""pass"", ""isHome"": true, ""keypass"": false}",,
2087085,Yan Diomande,14065132,rating-breakdown,passes,passes,,,,RB Leipzig,90.0,,19.9,5.7,12.8,8.1,True,True,1,boolean_field,success,True,,False,False,pass,rating-breakdown,True,19.9,5.7,12.8,8.1,pass,True,False,"{""playerCoordinates"": {""x"": 19.9, ""y"": 5.7}, ""passEndCoordinates"": {""x"": 12.8, ""y"": 8.1}, ""eventActionType"": ""pass"", ""isHome"": true, ""outcome"": true, ""keypass"": false}",,
2087085,Yan Diomande,14065132,rating-breakdown,passes,passes,,,,RB Leipzig,90.0,,21.5,7.3,13.4,13.5,True,True,1,boolean_field,success,True,,False,False,pass,rating-breakdown,True,21.5,7.3,13.4,13.5,pass,True,False,"{""playerCoordinates"": {""x"": 21.5, ""y"": 7.3}, ""passEndCoordinates"": {""x"": 13.4, ""y"": 13.5}, ""eventActionType"": ""pass"", ""isHome"": true, ""outcome"": true, ""keypass"": false}",,
2087085,Yan Diomande,14065132,rating-breakdown,passes,passes,,,,RB Leipzig,90.0,,32.5,27.2,35.9,78.1,True,True,1,boolean_field,success,True,,False,False,pass,rating-breakdown,True,32.5,27.2,35.9,78.1,pass,True,False,"{""playerCoordinates"": {""x"": 32.5, ""y"": 27.2}, ""passEndCoordinates"": {""x"": 35.9, ""y"": 78.1}, ""eventActionType"": ""pass"", ""isHome"": true, ""outcome"": true, ""keypass"": false, ""isLongBall"": true}",True,
2087085,Yan Diomande,14065132,rating-breakdown,passes,passes,,,,RB Leipzig,90.0,,51.7,9.9,58.2,4,True,True,1,boolean_field,success,True,,False,False,pass,rating-breakdown,True,51.7,9.9,58.2,4,pass,True,False,"{""playerCoordinates"": {""x"": 51.7, ""y"": 9.9}, ""passEndCoordinates"": {""x"": 58.2, ""y"": 4}, ""eventActionType"": ""pass"", ""isHome"": true, ""outcome"": true, ""keypass"": false}",,
2087085,Yan Diomande,14065132,rating-breakdown,passes,passes,,,,RB Leipzig,90.0,,62.3,37.3,37.8,41.7,True,True,1,boolean_field,success,True,,False,False,pass,rating-breakdown,True,62.3,37.3,37.8,41.7,pass,True,False,"{""playerCoordinates"": {""x"": 62.3, ""y"": 37.3}, ""passEndCoordinates"": {""x"": 37.8, ""y"": 41.7}, ""eventActionType"": ""pass"", ""isHome"": true, ""outcome"": true, ""keypass"": false}",,
2087085,Yan Diomande,14065132,rating-breakdown,passes,passes,,,,RB Leipzig,90.0,,55.9,71.1,79.6,40.2,,,,unresolvable,,,,False,False,pass,rating-breakdown,True,55.9,71.1,79.6,40.2,pass,True,False,"{""playerCoordinates"": {""x"": 55.9, ""y"": 71.1}, ""passEndCoordinates"": {""x"": 79.6, ""y"": 40.2}, ""eventActionType"": ""pass"", ""isHome"": true, ""keypass"": false, ""isLongBall"": true}",True,
2087085,Yan Diomande,14065132,rating-breakdown,passes,passes,,,,RB Leipzig,90.0,,95.8,98.1,84.7,98.1,True,True,1,boolean_field,success,True,,False,False,pass,rating-breakdown,True,95.8,98.1,84.7,98.1,pass,True,False,"{""playerCoordinates"": {""x"": 95.8, ""y"": 98.1}, ""passEndCoordinates"": {""x"": 84.7, ""y"": 98.1}, ""eventActionType"": ""pass"", ""isHome"": true, ""outcome"": true, ""keypass"": false}",,
2087085,Yan Diomande,14065132,rating-breakdown,passes,passes,,,,RB Leipzig,90.0,,69.1,96.4,95.8,91.8,True,True,1,boolean_field,success,True,,False,False,pass,rating-breakdown,True,69.1,96.4,95.8,91.8,pass,True,False,"{""playerCoordinates"": {""x"": 69.1, ""y"": 96.4}, ""passEndCoordinates"": {""x"": 95.8, ""y"": 91.8}, ""eventActionType"": ""pass"", ""isHome"": true, ""outcome"": true, ""keypass"": false}",,
2087085,Yan Diomande,14065132,rating-breakdown,passes,passes,,,,RB Leipzig,90.0,,29.9,81.7,38,16.8,True,True,1,boolean_field,success,True,,False,False,pass,rating-breakdown,True,29.9,81.7,38,16.8,pass,True,False,"{""playerCoordinates"": {""x"": 29.9, ""y"": 81.7}, ""passEndCoordinates"": {""x"": 38, ""y"": 16.8}, ""eventActionType"": ""pass"", ""isHome"": true, ""outcome"": true, ""keypass"": false, ""isLongBall"": true}",True,
2087085,Yan Diomande,14065132,rating-breakdown,passes,passes,,,,RB Leipzig,90.0,,91.1,74.4,89.2,61,True,True,1,boolean_field,success,True,,False,False,pass,rating-breakdown,True,91.1,74.4,89.2,61,pass,True,False,"{""playerCoordinates"": {""x"": 91.1, ""y"": 74.4}, ""passEndCoordinates"": {""x"": 89.2, ""y"": 61}, ""eventActionType"": ""pass"", ""isHome"": true, ""outcome"": true, ""keypass"": false}",,
2087085,Yan Diomande,14065132,rating-breakdown,dribbles,dribbles,,,,RB Leipzig,90.0,,69.4,15.2,,,True,True,1,boolean_field,success,,True,False,False,,rating-breakdown,True,69.4,15.2,,,dribble,True,False,"{""playerCoordinates"": {""x"": 69.4, ""y"": 15.2}, ""eventActionType"": ""dribble"", ""isHome"": true, ""outcome"": true, ""keypass"": false}",,
2087085,Yan Diomande,14065132,rating-breakdown,dribbles,dribbles,,,,RB Leipzig,90.0,,66.2,4.3,,,True,True,1,boolean_field,success,,True,False,False,,rating-breakdown,True,66.2,4.3,,,dribble,True,False,"{""playerCoordinates"": {""x"": 66.2, ""y"": 4.3}, ""eventActionType"": ""dribble"", ""isHome"": true, ""outcome"": true, ""keypass"": false}",,
2087085,Yan Diomande,14065132,rating-breakdown,dribbles,dribbles,,,,RB Leipzig,90.0,,38,12.8,,,True,True,1,boolean_field,success,,True,False,False,,rating-breakdown,True,38,12.8,,,dribble,True,False,"{""playerCoordinates"": {""x"": 38, ""y"": 12.8}, ""eventActionType"": ""dribble"", ""isHome"": true, ""outcome"": true, ""keypass"": false}",,
2087085,Yan Diomande,14065132,rating-breakdown,dribbles,dribbles,,,,RB Leipzig,90.0,,82.1,6.6,,,True,True,1,boolean_field,success,,True,False,False,,rating-breakdown,True,82.1,6.6,,,dribble,True,False,"{""playerCoordinates"": {""x"": 82.1, ""y"": 6.6}, ""eventActionType"": ""dribble"", ""isHome"": true, ""outcome"": true, ""keypass"": false}",,
2087085,Yan Diomande,14065132,rating-breakdown,dribbles,dribbles,,,,RB Leipzig,90.0,,11.4,4.7,,,True,True,1,boolean_field,success,,True,False,False,,rating-breakdown,True,11.4,4.7,,,dribble,True,False,"{""playerCoordinates"": {""x"": 11.4, ""y"": 4.7}, ""eventActionType"": ""dribble"", ""isHome"": true, ""outcome"": true, ""keypass"": false}",,
2087085,Yan Diomande,14065132,rating-breakdown,defensive,defensive,,,,RB Leipzig,90.0,,30.5,29.1,,,True,True,1,boolean_field,success,,True,False,False,,rating-breakdown,True,30.5,29.1,,,ball-recovery,True,False,"{""playerCoordinates"": {""x"": 30.5, ""y"": 29.1}, ""eventActionType"": ""ball-recovery"", ""isHome"": true, ""outcome"": true, ""keypass"": false}",,
2087085,Yan Diomande,14065132,rating-breakdown,defensive,defensive,,,,RB Leipzig,90.0,,43.6,13.5,,,True,True,1,boolean_field,success,,True,False,False,,rating-breakdown,True,43.6,13.5,,,ball-recovery,True,False,"{""playerCoordinates"": {""x"": 43.6, ""y"": 13.5}, ""eventActionType"": ""ball-recovery"", ""isHome"": true, ""outcome"": true, ""keypass"": false}",,
2087085,Yan Diomande,14065132,rating-breakdown,defensive,defensive,,,,RB Leipzig,90.0,,45.4,2.5,,,True,True,1,boolean_field,success,,True,False,False,,rating-breakdown,True,45.4,2.5,,,ball-recovery,True,False,"{""playerCoordinates"": {""x"": 45.4, ""y"": 2.5}, ""eventActionType"": ""ball-recovery"", ""isHome"": true, ""outcome"": true, ""keypass"": false}",,
2087085,Yan Diomande,14065132,rating-breakdown,defensive,defensive,,,,RB Leipzig,90.0,,31.1,5.5,,,True,True,1,boolean_field,success,,True,False,False,,rating-breakdown,True,31.1,5.5,,,tackle,True,False,"{""playerCoordinates"": {""x"": 31.1, ""y"": 5.5}, ""eventActionType"": ""tackle"", ""isHome"": true, ""outcome"": true, ""keypass"": false}",,
2087085,Yan Diomande,14065132,rating-breakdown,defensive,defensive,,,,RB Leipzig,90.0,,34.7,70,,,True,True,1,boolean_field,success,,True,False,False,,rating-breakdown,True,34.7,70,,,ball-recovery,True,False,"{""playerCoordinates"": {""x"": 34.7, ""y"": 70}, ""eventActionType"": ""ball-recovery"", ""isHome"": true, ""outcome"": true, ""keypass"": false}",,
2087085,Yan Diomande,14065145,rating-breakdown,passes,passes,,,,RB Leipzig,67.0,,36.6,36.4,40.1,53.6,True,True,1,boolean_field,success,True,,False,False,pass,rating-breakdown,True,36.6,36.4,40.1,53.6,pass,False,False,"{""playerCoordinates"": {""x"": 36.6, ""y"": 36.4}, ""passEndCoordinates"": {""x"": 40.1, ""y"": 53.6}, ""eventActionType"": ""pass"", ""isHome"": false, ""outcome"": true, ""keypass"": false}",,
2087085,Yan Diomande,14065145,rating-breakdown,passes,passes,,,,RB Leipzig,67.0,,23.5,8.6,12.2,17.1,True,True,1,boolean_field,success,True,,False,False,pass,rating-breakdown,True,23.5,8.6,12.2,17.1,pass,False,False,"{""playerCoordinates"": {""x"": 23.5, ""y"": 8.6}, ""passEndCoordinates"": {""x"": 12.2, ""y"": 17.1}, ""eventActionType"": ""pass"", ""isHome"": false, ""outcome"": true, ""keypass"": false}",,
2087085,Yan Diomande,14065145,rating-breakdown,passes,passes,,,,RB Leipzig,67.0,,78,34.6,79.7,45.8,True,True,1,boolean_field,success,True,,False,True,key_pass,rating-breakdown,True,78,34.6,79.7,45.8,pass,False,True,"{""playerCoordinates"": {""x"": 78, ""y"": 34.6}, ""passEndCoordinates"": {""x"": 79.7, ""y"": 45.8}, ""eventActionType"": ""pass"", ""isHome"": false, ""outcome"": true, ""keypass"": true}",,
2087085,Yan Diomande,14065145,rating-breakdown,passes,passes,,,,RB Leipzig,67.0,,62.4,5.2,59.3,12.3,True,True,1,boolean_field,success,True,,False,False,pass,rating-breakdown,True,62.4,5.2,59.3,12.3,pass,False,False,"{""playerCoordinates"": {""x"": 62.4, ""y"": 5.2}, ""passEndCoordinates"": {""x"": 59.3, ""y"": 12.3}, ""eventActionType"": ""pass"", ""isHome"": false, ""outcome"": true, ""keypass"": false}",,
2087085,Yan Diomande,14065145,rating-breakdown,passes,passes,,,,RB Leipzig,67.0,,30.2,8,31.2,9.9,,,,unresolvable,,,,False,False,pass,rating-breakdown,True,30.2,8,31.2,9.9,pass,False,False,"{""playerCoordinates"": {""x"": 30.2, ""y"": 8}, ""passEndCoordinates"": {""x"": 31.2, ""y"": 9.9}, ""eventActionType"": ""pass"", ""isHome"": false, ""keypass"": false}",,
2087085,Yan Diomande,14065145,rating-breakdown,passes,passes,,,,RB Leipzig,67.0,,87.2,13.7,90.6,95.7,True,True,1,boolean_field,success,True,,False,False,pass,rating-breakdown,True,87.2,13.7,90.6,95.7,cross,False,False,"{""playerCoordinates"": {""x"": 87.2, ""y"": 13.7}, ""passEndCoordinates"": {""x"": 90.6, ""y"": 95.7}, ""eventActionType"": ""cross"", ""isHome"": false, ""outcome"": true, ""keypass"": false, ""isLongBall"": true}",True,
2087085,Yan Diomande,14065145,rating-breakdown,passes,passes,,,,RB Leipzig,67.0,,60.5,10.1,63.5,29.4,,,,unresolvable,,,,False,False,pass,rating-breakdown,True,60.5,10.1,63.5,29.4,pass,False,False,"{""playerCoordinates"": {""x"": 60.5, ""y"": 10.1}, ""passEndCoordinates"": {""x"": 63.5, ""y"": 29.4}, ""eventActionType"": ""pass"", ""isHome"": false, ""keypass"": false}",,
2087085,Yan Diomande,14065145,rating-breakdown,passes,passes,,,,RB Leipzig,67.0,,58,25.6,56.8,37,True,True,1,boolean_field,success,True,,False,False,pass,rating-breakdown,True,58,25.6,56.8,37,pass,False,False,"{""playerCoordinates"": {""x"": 58, ""y"": 25.6}, ""passEndCoordinates"": {""x"": 56.8, ""y"": 37}, ""eventActionType"": ""pass"", ""isHome"": false, ""outcome"": true, ""keypass"": false}",,
2087085,Yan Diomande,14065145,rating-breakdown,passes,passes,,,,RB Leipzig,67.0,,82.5,11,66,16.8,True,True,1,boolean_field,success,True,,False,False,pass,rating-breakdown,True,82.5,11,66,16.8,pass,False,False,"{""playerCoordinates"": {""x"": 82.5, ""y"": 11}, ""passEndCoordinates"": {""x"": 66, ""y"": 16.8}, ""eventActionType"": ""pass"", ""isHome"": false, ""outcome"": true, ""keypass"": false}",,
2087085,Yan Diomande,14065145,rating-breakdown,passes,passes,,,,RB Leipzig,67.0,,84.6,25.6,84.5,45.2,True,True,1,boolean_field,success,True,,False,True,key_pass,rating-breakdown,True,84.6,25.6,84.5,45.2,pass,False,True,"{""playerCoordinates"": {""x"": 84.6, ""y"": 25.6}, ""passEndCoordinates"": {""x"": 84.5, ""y"": 45.2}, ""eventActionType"": ""pass"", ""isHome"": false, ""outcome"": true, ""keypass"": true}",,
2087085,Yan Diomande,14065145,rating-breakdown,passes,passes,,,,RB Leipzig,67.0,,28.4,8.3,33.6,4.6,True,True,1,boolean_field,success,True,,False,False,pass,rating-breakdown,True,28.4,8.3,33.6,4.6,pass,False,False,"{""playerCoordinates"": {""x"": 28.4, ""y"": 8.3}, ""passEndCoordinates"": {""x"": 33.6, ""y"": 4.6}, ""eventActionType"": ""pass"", ""isHome"": false, ""outcome"": true, ""keypass"": false}",,
2087085,Yan Diomande,14065145,rating-breakdown,passes,passes,,,,RB Leipzig,67.0,,55.7,9.7,38.7,28.8,True,True,1,boolean_field,success,True,,False,False,pass,rating-breakdown,True,55.7,9.7,38.7,28.8,pass,False,False,"{""playerCoordinates"": {""x"": 55.7, ""y"": 9.7}, ""passEndCoordinates"": {""x"": 38.7, ""y"": 28.8}, ""eventActionType"": ""pass"", ""isHome"": false, ""outcome"": true, ""keypass"": false}",,
2087085,Yan Diomande,14065145,rating-breakdown,passes,passes,,,,RB Leipzig,67.0,,60.5,13.7,66.2,35.7,,,,unresolvable,,,,False,False,pass,rating-breakdown,True,60.5,13.7,66.2,35.7,pass,False,False,"{""playerCoordinates"": {""x"": 60.5, ""y"": 13.7}, ""passEndCoordinates"": {""x"": 66.2, ""y"": 35.7}, ""eventActionType"": ""pass"", ""isHome"": false, ""keypass"": false}",,
2087085,Yan Diomande,14065145,rating-breakdown,passes,passes,,,,RB Leipzig,67.0,,78,6.5,86.5,13.7,True,True,1,boolean_field,success,True,,False,False,pass,rating-breakdown,True,78,6.5,86.5,13.7,pass,False,False,"{""playerCoordinates"": {""x"": 78, ""y"": 6.5}, ""passEndCoordinates"": {""x"": 86.5, ""y"": 13.7}, ""eventActionType"": ""pass"", ""isHome"": false, ""outcome"": true, ""keypass"": false}",,
2087085,Yan Diomande,14065145,rating-breakdown,passes,passes,,,,RB Leipzig,67.0,,43,11.1,34.6,29.5,True,True,1,boolean_field,success,True,,False,False,pass,rating-breakdown,True,43,11.1,34.6,29.5,pass,False,False,"{""playerCoordinates"": {""x"": 43, ""y"": 11.1}, ""passEndCoordinates"": {""x"": 34.6, ""y"": 29.5}, ""eventActionType"": ""pass"", ""isHome"": false, ""outcome"": true, ""keypass"": false}",,
2087085,Yan Diomande,14065145,rating-breakdown,passes,passes,,,,RB Leipzig,67.0,,76.8,26.1,88,19.1,True,True,1,boolean_field,success,True,,False,False,pass,rating-breakdown,True,76.8,26.1,88,19.1,pass,False,False,"{""playerCoordinates"": {""x"": 76.8, ""y"": 26.1}, ""passEndCoordinates"": {""x"": 88, ""y"": 19.1}, ""eventActionType"": ""pass"", ""isHome"": false, ""outcome"": true, ""keypass"": false}",,
2087085,Yan Diomande,14065145,rating-breakdown,passes,passes,,,,RB Leipzig,67.0,,35.8,4.9,59.6,95.1,True,True,1,boolean_field,success,True,,False,False,pass,rating-breakdown,True,35.8,4.9,59.6,95.1,pass,False,False,"{""playerCoordinates"": {""x"": 35.8, ""y"": 4.9}, ""passEndCoordinates"": {""x"": 59.6, ""y"": 95.1}, ""eventActionType"": ""pass"", ""isHome"": false, ""outcome"": true, ""keypass"": false, ""isLongBall"": true}",True,
2087085,Yan Diomande,14065145,rating-breakdown,passes,passes,,,,RB Leipzig,67.0,,35.7,24.6,36.1,25.3,,,,unresolvable,,,,False,False,pass,rating-breakdown,True,35.7,24.6,36.1,25.3,pass,False,False,"{""playerCoordinates"": {""x"": 35.7, ""y"": 24.6}, ""passEndCoordinates"": {""x"": 36.1, ""y"": 25.3}, ""eventActionType"": ""pass"", ""isHome"": false, ""keypass"": false}",,
2087085,Yan Diomande,14065145,rating-breakdown,passes,passes,,,,RB Leipzig,67.0,,71.7,20,74.4,28.6,True,True,1,boolean_field,success,True,,False,False,pass,rating-breakdown,True,71.7,20,74.4,28.6,pass,False,False,"{""playerCoordinates"": {""x"": 71.7, ""y"": 20}, ""passEndCoordinates"": {""x"": 74.4, ""y"": 28.6}, ""eventActionType"": ""pass"", ""isHome"": false, ""outcome"": true, ""keypass"": false}",,
2087085,Yan Diomande,14065145,rating-breakdown,passes,passes,,,,RB Leipzig,67.0,,71.3,27.6,72.7,51.8,True,True,1,boolean_field,success,True,,False,False,pass,rating-breakdown,True,71.3,27.6,72.7,51.8,pass,False,False,"{""playerCoordinates"": {""x"": 71.3, ""y"": 27.6}, ""passEndCoordinates"": {""x"": 72.7, ""y"": 51.8}, ""eventActionType"": ""pass"", ""isHome"": false, ""outcome"": true, ""keypass"": false}",,
2087085,Yan Diomande,14065145,rating-breakdown,passes,passes,,,,RB Leipzig,67.0,,84.4,25.2,90.7,53.7,,,,unresolvable,,,,False,False,pass,rating-breakdown,True,84.4,25.2,90.7,53.7,cross,False,False,"{""playerCoordinates"": {""x"": 84.4, ""y"": 25.2}, ""passEndCoordinates"": {""x"": 90.7, ""y"": 53.7}, ""eventActionType"": ""cross"", ""isHome"": false, ""keypass"": false}",,
2087085,Yan Diomande,14065145,rating-breakdown,passes,passes,,,,RB Leipzig,67.0,,86.8,8.8,72.9,7.4,True,True,1,boolean_field,success,True,,False,False,pass,rating-breakdown,True,86.8,8.8,72.9,7.4,pass,False,False,"{""playerCoordinates"": {""x"": 86.8, ""y"": 8.8}, ""passEndCoordinates"": {""x"": 72.9, ""y"": 7.4}, ""eventActionType"": ""pass"", ""isHome"": false, ""outcome"": true, ""keypass"": false}",,
2087085,Yan Diomande,14065145,rating-breakdown,passes,passes,,,,RB Leipzig,67.0,,45.1,6.7,34.3,29.1,True,True,1,boolean_field,success,True,,False,False,pass,rating-breakdown,True,45.1,6.7,34.3,29.1,pass,False,False,"{""playerCoordinates"": {""x"": 45.1, ""y"": 6.7}, ""passEndCoordinates"": {""x"": 34.3, ""y"": 29.1}, ""eventActionType"": ""pass"", ""isHome"": false, ""outcome"": true, ""keypass"": false}",,
2087085,Yan Diomande,14065145,rating-breakdown,passes,passes,,,,RB Leipzig,67.0,,71.4,10.1,91.2,10,True,True,1,boolean_field,success,True,,False,False,pass,rating-breakdown,True,71.4,10.1,91.2,10,pass,False,False,"{""playerCoordinates"": {""x"": 71.4, ""y"": 10.1}, ""passEndCoordinates"": {""x"": 91.2, ""y"": 10}, ""eventActionType"": ""pass"", ""isHome"": false, ""outcome"": true, ""keypass"": false}",,
2087085,Yan Diomande,14065145,rating-breakdown,passes,passes,,,,RB Leipzig,67.0,,75.3,26.7,73,45.2,True,True,1,boolean_field,success,True,,False,False,pass,rating-breakdown,True,75.3,26.7,73,45.2,pass,False,False,"{""playerCoordinates"": {""x"": 75.3, ""y"": 26.7}, ""passEndCoordinates"": {""x"": 73, ""y"": 45.2}, ""eventActionType"": ""pass"", ""isHome"": false, ""outcome"": true, ""keypass"": false}",,
2087085,Yan Diomande,14065145,rating-breakdown,passes,passes,,,,RB Leipzig,67.0,,88.3,18.5,89.8,24,,,,unresolvable,,,,False,False,pass,rating-breakdown,True,88.3,18.5,89.8,24,cross,False,False,"{""playerCoordinates"": {""x"": 88.3, ""y"": 18.5}, ""passEndCoordinates"": {""x"": 89.8, ""y"": 24}, ""eventActionType"": ""cross"", ""isHome"": false, ""keypass"": false}",,
2087085,Yan Diomande,14065145,rating-breakdown,passes,passes,,,,RB Leipzig,67.0,,78,16.5,67.2,16.2,True,True,1,boolean_field,success,True,,False,False,pass,rating-breakdown,True,78,16.5,67.2,16.2,pass,False,False,"{""playerCoordinates"": {""x"": 78, ""y"": 16.5}, ""passEndCoordinates"": {""x"": 67.2, ""y"": 16.2}, ""eventActionType"": ""pass"", ""isHome"": false, ""outcome"": true, ""keypass"": false}",,
2087085,Yan Diomande,14065145,rating-breakdown,passes,passes,,,,RB Leipzig,67.0,,41.1,11,39.7,25.6,True,True,1,boolean_field,success,True,,False,False,pass,rating-breakdown,True,41.1,11,39.7,25.6,pass,False,False,"{""playerCoordinates"": {""x"": 41.1, ""y"": 11}, ""passEndCoordinates"": {""x"": 39.7, ""y"": 25.6}, ""eventActionType"": ""pass"", ""isHome"": false, ""outcome"": true, ""keypass"": false}",,
2087085,Yan Diomande,14065145,rating-breakdown,passes,passes,,,,RB Leipzig,67.0,,67.7,47.8,53.8,34.5,True,True,1,boolean_field,success,True,,False,False,pass,rating-breakdown,True,67.7,47.8,53.8,34.5,pass,False,False,"{""playerCoordinates"": {""x"": 67.7, ""y"": 47.8}, ""passEndCoordinates"": {""x"": 53.8, ""y"": 34.5}, ""eventActionType"": ""pass"", ""isHome"": false, ""outcome"": true, ""keypass"": false}",,
2087085,Yan Diomande,14065145,rating-breakdown,dribbles,dribbles,,,,RB Leipzig,67.0,,93.2,40.5,,,True,True,1,boolean_field,success,,True,False,False,,rating-breakdown,True,93.2,40.5,,,dribble,False,False,"{""playerCoordinates"": {""x"": 93.2, ""y"": 40.5}, ""eventActionType"": ""dribble"", ""isHome"": false, ""outcome"": true, ""keypass"": false}",,
2087085,Yan Diomande,14065145,rating-breakdown,dribbles,dribbles,,,,RB Leipzig,67.0,,27.4,14,,,,,,unresolvable,,,,False,False,,rating-breakdown,True,27.4,14,,,dribble,False,False,"{""playerCoordinates"": {""x"": 27.4, ""y"": 14}, ""eventActionType"": ""dribble"", ""isHome"": false, ""keypass"": false}",,
2087085,Yan Diomande,14065145,rating-breakdown,dribbles,dribbles,,,,RB Leipzig,67.0,,80,3.4,,,,,,unresolvable,,,,False,False,,rating-breakdown,True,80,3.4,,,dribble,False,False,"{""playerCoordinates"": {""x"": 80, ""y"": 3.4}, ""eventActionType"": ""dribble"", ""isHome"": false, ""keypass"": false}",,
2087085,Yan Diomande,14065145,rating-breakdown,dribbles,dribbles,,,,RB Leipzig,67.0,,31.9,9.8,,,True,True,1,boolean_field,success,,True,False,False,,rating-breakdown,True,31.9,9.8,,,dribble,False,False,"{""playerCoordinates"": {""x"": 31.9, ""y"": 9.8}, ""eventActionType"": ""dribble"", ""isHome"": false, ""outcome"": true, ""keypass"": false}",,
2087085,Yan Diomande,14065145,rating-breakdown,dribbles,dribbles,,,,RB Leipzig,67.0,,62.2,9.1,,,True,True,1,boolean_field,success,,True,False,False,,rating-breakdown,True,62.2,9.1,,,dribble,False,False,"{""playerCoordinates"": {""x"": 62.2, ""y"": 9.1}, ""eventActionType"": ""dribble"", ""isHome"": false, ""outcome"": true, ""keypass"": false}",,
2087085,Yan Diomande,14065145,rating-breakdown,dribbles,dribbles,,,,RB Leipzig,67.0,,91,26,,,True,True,1,boolean_field,success,,True,False,False,,rating-breakdown,True,91,26,,,dribble,False,False,"{""playerCoordinates"": {""x"": 91, ""y"": 26}, ""eventActionType"": ""dribble"", ""isHome"": false, ""outcome"": true, ""keypass"": false}",,
2087085,Yan Diomande,14065145,rating-breakdown,defensive,defensive,,,,RB Leipzig,67.0,,36.6,36.4,,,True,True,1,boolean_field,success,,True,False,False,,rating-breakdown,True,36.6,36.4,,,ball-recovery,False,False,"{""playerCoordinates"": {""x"": 36.6, ""y"": 36.4}, ""eventActionType"": ""ball-recovery"", ""isHome"": false, ""outcome"": true, ""keypass"": false}",,
2087085,Yan Diomande,14065145,rating-breakdown,defensive,defensive,,,,RB Leipzig,67.0,,27.6,10.9,,,,,,unresolvable,,,,False,False,,rating-breakdown,True,27.6,10.9,,,tackle,False,False,"{""playerCoordinates"": {""x"": 27.6, ""y"": 10.9}, ""eventActionType"": ""tackle"", ""isHome"": false, ""keypass"": false}",,
2087085,Yan Diomande,14065145,rating-breakdown,defensive,defensive,,,,RB Leipzig,67.0,,45.2,18.6,,,True,True,1,boolean_field,success,,True,False,False,,rating-breakdown,True,45.2,18.6,,,tackle,False,False,"{""playerCoordinates"": {""x"": 45.2, ""y"": 18.6}, ""eventActionType"": ""tackle"", ""isHome"": false, ""outcome"": true, ""keypass"": false}",,
2087085,Yan Diomande,14065145,rating-breakdown,defensive,defensive,,,,RB Leipzig,67.0,,33.8,3.2,,,True,True,1,boolean_field,success,,True,False,False,,rating-breakdown,True,33.8,3.2,,,ball-recovery,False,False,"{""playerCoordinates"": {""x"": 33.8, ""y"": 3.2}, ""eventActionType"": ""ball-recovery"", ""isHome"": false, ""outcome"": true, ""keypass"": false}",,
2087085,Yan Diomande,14065145,rating-breakdown,defensive,defensive,,,,RB Leipzig,67.0,,34.6,7.9,,,True,True,1,boolean_field,success,,True,False,False,,rating-breakdown,True,34.6,7.9,,,ball-recovery,False,False,"{""playerCoordinates"": {""x"": 34.6, ""y"": 7.9}, ""eventActionType"": ""ball-recovery"", ""isHome"": false, ""outcome"": true, ""keypass"": false}",,
2087085,Yan Diomande,14065145,rating-breakdown,defensive,defensive,,,,RB Leipzig,67.0,,64.8,25.5,,,True,True,1,boolean_field,success,,True,False,False,,rating-breakdown,True,64.8,25.5,,,ball-recovery,False,False,"{""playerCoordinates"": {""x"": 64.8, ""y"": 25.5}, ""eventActionType"": ""ball-recovery"", ""isHome"": false, ""outcome"": true, ""keypass"": false}",,
2087085,Yan Diomande,14065145,rating-breakdown,defensive,defensive,,,,RB Leipzig,67.0,,67.5,13.1,,,True,True,1,boolean_field,success,,True,False,False,,rating-breakdown,True,67.5,13.1,,,ball-recovery,False,False,"{""playerCoordinates"": {""x"": 67.5, ""y"": 13.1}, ""eventActionType"": ""ball-recovery"", ""isHome"": false, ""outcome"": true, ""keypass"": false}",,
2087085,Yan Diomande,14065151,rating-breakdown,passes,passes,,,,RB Leipzig,89.0,,75.2,3.7,74.6,9,True,True,1,boolean_field,success,True,,False,False,pass,rating-breakdown,True,75.2,3.7,74.6,9,pass,True,False,"{""playerCoordinates"": {""x"": 75.2, ""y"": 3.7}, ""passEndCoordinates"": {""x"": 74.6, ""y"": 9}, ""eventActionType"": ""pass"", ""isHome"": true, ""outcome"": true, ""keypass"": false}",,
2087085,Yan Diomande,14065151,rating-breakdown,passes,passes,,,,RB Leipzig,89.0,,45.2,3.6,42.5,7,True,True,1,boolean_field,success,True,,False,False,pass,rating-breakdown,True,45.2,3.6,42.5,7,pass,True,False,"{""playerCoordinates"": {""x"": 45.2, ""y"": 3.6}, ""passEndCoordinates"": {""x"": 42.5, ""y"": 7}, ""eventActionType"": ""pass"", ""isHome"": true, ""outcome"": true, ""keypass"": false}",,
2087085,Yan Diomande,14065151,rating-breakdown,passes,passes,,,,RB Leipzig,89.0,,53.7,3.3,60.8,9.7,True,True,1,boolean_field,success,True,,False,False,pass,rating-breakdown,True,53.7,3.3,60.8,9.7,pass,True,False,"{""playerCoordinates"": {""x"": 53.7, ""y"": 3.3}, ""passEndCoordinates"": {""x"": 60.8, ""y"": 9.7}, ""eventActionType"": ""pass"", ""isHome"": true, ""outcome"": true, ""keypass"": false}",,
2087085,Yan Diomande,14065151,rating-breakdown,passes,passes,,,,RB Leipzig,89.0,,56.3,3.9,60.3,10.3,True,True,1,boolean_field,success,True,,False,False,pass,rating-breakdown,True,56.3,3.9,60.3,10.3,pass,True,False,"{""playerCoordinates"": {""x"": 56.3, ""y"": 3.9}, ""passEndCoordinates"": {""x"": 60.3, ""y"": 10.3}, ""eventActionType"": ""pass"", ""isHome"": true, ""outcome"": true, ""keypass"": false}",,
2087085,Yan Diomande,14065151,rating-breakdown,passes,passes,,,,RB Leipzig,89.0,,65.2,3.9,73.6,4,True,True,1,boolean_field,success,True,,False,False,pass,rating-breakdown,True,65.2,3.9,73.6,4,pass,True,False,"{""playerCoordinates"": {""x"": 65.2, ""y"": 3.9}, ""passEndCoordinates"": {""x"": 73.6, ""y"": 4}, ""eventActionType"": ""pass"", ""isHome"": true, ""outcome"": true, ""keypass"": false}",,
2087085,Yan Diomande,14065151,rating-breakdown,passes,passes,,,,RB Leipzig,89.0,,60.6,7.2,66.3,21.4,True,True,1,boolean_field,success,True,,False,False,pass,rating-breakdown,True,60.6,7.2,66.3,21.4,pass,True,False,"{""playerCoordinates"": {""x"": 60.6, ""y"": 7.2}, ""passEndCoordinates"": {""x"": 66.3, ""y"": 21.4}, ""eventActionType"": ""pass"", ""isHome"": true, ""outcome"": true, ""keypass"": false}",,
2087085,Yan Diomande,14065151,rating-breakdown,passes,passes,,,,RB Leipzig,89.0,,85.3,15.3,92.7,46,,,,unresolvable,,,,False,False,pass,rating-breakdown,True,85.3,15.3,92.7,46,cross,True,False,"{""playerCoordinates"": {""x"": 85.3, ""y"": 15.3}, ""passEndCoordinates"": {""x"": 92.7, ""y"": 46}, ""eventActionType"": ""cross"", ""isHome"": true, ""keypass"": false}",,
2087085,Yan Diomande,14065151,rating-breakdown,passes,passes,,,,RB Leipzig,89.0,,79.4,15.3,67.4,28.3,True,True,1,boolean_field,success,True,,False,False,pass,rating-breakdown,True,79.4,15.3,67.4,28.3,pass,True,False,"{""playerCoordinates"": {""x"": 79.4, ""y"": 15.3}, ""passEndCoordinates"": {""x"": 67.4, ""y"": 28.3}, ""eventActionType"": ""pass"", ""isHome"": true, ""outcome"": true, ""keypass"": false}",,
2087085,Yan Diomande,14065151,rating-breakdown,passes,passes,,,,RB Leipzig,89.0,,70.4,10.5,72.3,22.6,True,True,1,boolean_field,success,True,,False,False,pass,rating-breakdown,True,70.4,10.5,72.3,22.6,pass,True,False,"{""playerCoordinates"": {""x"": 70.4, ""y"": 10.5}, ""passEndCoordinates"": {""x"": 72.3, ""y"": 22.6}, ""eventActionType"": ""pass"", ""isHome"": true, ""outcome"": true, ""keypass"": false}",,
2087085,Yan Diomande,14065151,rating-breakdown,passes,passes,,,,RB Leipzig,89.0,,70.8,25.6,73.3,34,True,True,1,boolean_field,success,True,,False,False,pass,rating-breakdown,True,70.8,25.6,73.3,34,pass,True,False,"{""playerCoordinates"": {""x"": 70.8, ""y"": 25.6}, ""passEndCoordinates"": {""x"": 73.3, ""y"": 34}, ""eventActionType"": ""pass"", ""isHome"": true, ""outcome"": true, ""keypass"": false}",,
2087085,Yan Diomande,14065151,rating-breakdown,passes,passes,,,,RB Leipzig,89.0,,60.8,6.9,66.9,28,True,True,1,boolean_field,success,True,,False,False,pass,rating-breakdown,True,60.8,6.9,66.9,28,pass,True,False,"{""playerCoordinates"": {""x"": 60.8, ""y"": 6.9}, ""passEndCoordinates"": {""x"": 66.9, ""y"": 28}, ""eventActionType"": ""pass"", ""isHome"": true, ""outcome"": true, ""keypass"": false}",,
2087085,Yan Diomande,14065151,rating-breakdown,passes,passes,,,,RB Leipzig,89.0,,65.9,13.2,57.2,70.2,True,True,1,boolean_field,success,True,,False,False,pass,rating-breakdown,True,65.9,13.2,57.2,70.2,pass,True,False,"{""playerCoordinates"": {""x"": 65.9, ""y"": 13.2}, ""passEndCoordinates"": {""x"": 57.2, ""y"": 70.2}, ""eventActionType"": ""pass"", ""isHome"": true, ""outcome"": true, ""keypass"": false, ""isLongBall"": true}",True,
2087085,Yan Diomande,14065151,rating-breakdown,passes,passes,,,,RB Leipzig,89.0,,59.8,10.8,45.8,41.1,True,True,1,boolean_field,success,True,,False,False,pass,rating-breakdown,True,59.8,10.8,45.8,41.1,pass,True,False,"{""playerCoordinates"": {""x"": 59.8, ""y"": 10.8}, ""passEndCoordinates"": {""x"": 45.8, ""y"": 41.1}, ""eventActionType"": ""pass"", ""isHome"": true, ""outcome"": true, ""keypass"": false}",,
2087085,Yan Diomande,14065151,rating-breakdown,passes,passes,,,,RB Leipzig,89.0,,62.3,4.3,52.5,27.9,True,True,1,boolean_field,success,True,,False,False,pass,rating-breakdown,True,62.3,4.3,52.5,27.9,pass,True,False,"{""playerCoordinates"": {""x"": 62.3, ""y"": 4.3}, ""passEndCoordinates"": {""x"": 52.5, ""y"": 27.9}, ""eventActionType"": ""pass"", ""isHome"": true, ""outcome"": true, ""keypass"": false}",,
2087085,Yan Diomande,14065151,rating-breakdown,passes,passes,,,,RB Leipzig,89.0,,84.7,4.2,85.8,26.8,True,True,1,boolean_field,success,True,,False,False,pass,rating-breakdown,True,84.7,4.2,85.8,26.8,pass,True,False,"{""playerCoordinates"": {""x"": 84.7, ""y"": 4.2}, ""passEndCoordinates"": {""x"": 85.8, ""y"": 26.8}, ""eventActionType"": ""pass"", ""isHome"": true, ""outcome"": true, ""keypass"": false}",,
2087085,Yan Diomande,14065151,rating-breakdown,passes,passes,,,,RB Leipzig,89.0,,69.8,4,68.5,17.1,True,True,1,boolean_field,success,True,,False,False,pass,rating-breakdown,True,69.8,4,68.5,17.1,pass,True,False,"{""playerCoordinates"": {""x"": 69.8, ""y"": 4}, ""passEndCoordinates"": {""x"": 68.5, ""y"": 17.1}, ""eventActionType"": ""pass"", ""isHome"": true, ""outcome"": true, ""keypass"": false}",,
2087085,Yan Diomande,14065151,rating-breakdown,passes,passes,,,,RB Leipzig,89.0,,76.2,10.2,79.4,27.6,True,True,1,boolean_field,success,True,,False,False,pass,rating-breakdown,True,76.2,10.2,79.4,27.6,pass,True,False,"{""playerCoordinates"": {""x"": 76.2, ""y"": 10.2}, ""passEndCoordinates"": {""x"": 79.4, ""y"": 27.6}, ""eventActionType"": ""pass"", ""isHome"": true, ""outcome"": true, ""keypass"": false}",,
2087085,Yan Diomande,14065151,rating-breakdown,passes,passes,,,,RB Leipzig,89.0,,50.2,4.9,42.2,17.1,True,True,1,boolean_field,success,True,,False,False,pass,rating-breakdown,True,50.2,4.9,42.2,17.1,pass,True,False,"{""playerCoordinates"": {""x"": 50.2, ""y"": 4.9}, ""passEndCoordinates"": {""x"": 42.2, ""y"": 17.1}, ""eventActionType"": ""pass"", ""isHome"": true, ""outcome"": true, ""keypass"": false}",,
2087085,Yan Diomande,14065151,rating-breakdown,passes,passes,,,,RB Leipzig,89.0,,56,7.2,46.6,41.1,True,True,1,boolean_field,success,True,,False,False,pass,rating-breakdown,True,56,7.2,46.6,41.1,pass,True,False,"{""playerCoordinates"": {""x"": 56, ""y"": 7.2}, ""passEndCoordinates"": {""x"": 46.6, ""y"": 41.1}, ""eventActionType"": ""pass"", ""isHome"": true, ""outcome"": true, ""keypass"": false}",,
2087085,Yan Diomande,14065151,rating-breakdown,passes,passes,,,,RB Leipzig,89.0,,42,4.2,39.9,27.7,True,True,1,boolean_field,success,True,,False,False,pass,rating-breakdown,True,42,4.2,39.9,27.7,pass,True,False,"{""playerCoordinates"": {""x"": 42, ""y"": 4.2}, ""passEndCoordinates"": {""x"": 39.9, ""y"": 27.7}, ""eventActionType"": ""pass"", ""isHome"": true, ""outcome"": true, ""keypass"": false}",,
2087085,Yan Diomande,14065151,rating-breakdown,passes,passes,,,,RB Leipzig,89.0,,68.7,23.4,62.9,36.3,True,True,1,boolean_field,success,True,,False,False,pass,rating-breakdown,True,68.7,23.4,62.9,36.3,pass,True,False,"{""playerCoordinates"": {""x"": 68.7, ""y"": 23.4}, ""passEndCoordinates"": {""x"": 62.9, ""y"": 36.3}, ""eventActionType"": ""pass"", ""isHome"": true, ""outcome"": true, ""keypass"": false}",,
2087085,Yan Diomande,14065151,rating-breakdown,passes,passes,,,,RB Leipzig,89.0,,41.3,10.9,33.1,26.5,True,True,1,boolean_field,success,True,,False,False,pass,rating-breakdown,True,41.3,10.9,33.1,26.5,pass,True,False,"{""playerCoordinates"": {""x"": 41.3, ""y"": 10.9}, ""passEndCoordinates"": {""x"": 33.1, ""y"": 26.5}, ""eventActionType"": ""pass"", ""isHome"": true, ""outcome"": true, ""keypass"": false}",,
2087085,Yan Diomande,14065151,rating-breakdown,passes,passes,,,,RB Leipzig,89.0,,58.6,4.3,64.9,6,True,True,1,boolean_field,success,True,,False,False,pass,rating-breakdown,True,58.6,4.3,64.9,6,pass,True,False,"{""playerCoordinates"": {""x"": 58.6, ""y"": 4.3}, ""passEndCoordinates"": {""x"": 64.9, ""y"": 6}, ""eventActionType"": ""pass"", ""isHome"": true, ""outcome"": true, ""keypass"": false}",,
2087085,Yan Diomande,14065151,rating-breakdown,passes,passes,,,,RB Leipzig,89.0,,59.9,3,46.1,28.6,True,True,1,boolean_field,success,True,,False,False,pass,rating-breakdown,True,59.9,3,46.1,28.6,pass,True,False,"{""playerCoordinates"": {""x"": 59.9, ""y"": 3}, ""passEndCoordinates"": {""x"": 46.1, ""y"": 28.6}, ""eventActionType"": ""pass"", ""isHome"": true, ""outcome"": true, ""keypass"": false}",,
2087085,Yan Diomande,14065151,rating-breakdown,passes,passes,,,,RB Leipzig,89.0,,76,12.7,66.1,28,True,True,1,boolean_field,success,True,,False,False,pass,rating-breakdown,True,76,12.7,66.1,28,pass,True,False,"{""playerCoordinates"": {""x"": 76, ""y"": 12.7}, ""passEndCoordinates"": {""x"": 66.1, ""y"": 28}, ""eventActionType"": ""pass"", ""isHome"": true, ""outcome"": true, ""keypass"": false}",,
2087085,Yan Diomande,14065151,rating-breakdown,passes,passes,,,,RB Leipzig,89.0,,74,5.7,67.8,20.4,True,True,1,boolean_field,success,True,,False,False,pass,rating-breakdown,True,74,5.7,67.8,20.4,pass,True,False,"{""playerCoordinates"": {""x"": 74, ""y"": 5.7}, ""passEndCoordinates"": {""x"": 67.8, ""y"": 20.4}, ""eventActionType"": ""pass"", ""isHome"": true, ""outcome"": true, ""keypass"": false}",,
2087085,Yan Diomande,14065151,rating-breakdown,passes,passes,,,,RB Leipzig,89.0,,59,3.7,62.5,15.6,True,True,1,boolean_field,success,True,,False,False,pass,rating-breakdown,True,59,3.7,62.5,15.6,pass,True,False,"{""playerCoordinates"": {""x"": 59, ""y"": 3.7}, ""passEndCoordinates"": {""x"": 62.5, ""y"": 15.6}, ""eventActionType"": ""pass"", ""isHome"": true, ""outcome"": true, ""keypass"": false}",,
2087085,Yan Diomande,14065151,rating-breakdown,passes,passes,,,,RB Leipzig,89.0,,69,4.5,68.4,13.2,,,,unresolvable,,,,False,False,pass,rating-breakdown,True,69,4.5,68.4,13.2,pass,True,False,"{""playerCoordinates"": {""x"": 69, ""y"": 4.5}, ""passEndCoordinates"": {""x"": 68.4, ""y"": 13.2}, ""eventActionType"": ""pass"", ""isHome"": true, ""keypass"": false}",,
2087085,Yan Diomande,14065151,rating-breakdown,passes,passes,,,,RB Leipzig,89.0,,20.2,5.2,14.8,17.8,True,True,1,boolean_field,success,True,,False,False,pass,rating-breakdown,True,20.2,5.2,14.8,17.8,pass,True,False,"{""playerCoordinates"": {""x"": 20.2, ""y"": 5.2}, ""passEndCoordinates"": {""x"": 14.8, ""y"": 17.8}, ""eventActionType"": ""pass"", ""isHome"": true, ""outcome"": true, ""keypass"": false}",,
2087085,Yan Diomande,14065151,rating-breakdown,passes,passes,,,,RB Leipzig,89.0,,20.5,2.2,13,13.2,True,True,1,boolean_field,success,True,,False,False,pass,rating-breakdown,True,20.5,2.2,13,13.2,pass,True,False,"{""playerCoordinates"": {""x"": 20.5, ""y"": 2.2}, ""passEndCoordinates"": {""x"": 13, ""y"": 13.2}, ""eventActionType"": ""pass"", ""isHome"": true, ""outcome"": true, ""keypass"": false}",,
2087085,Yan Diomande,14065151,rating-breakdown,passes,passes,,,,RB Leipzig,89.0,,19.9,5.8,22.7,14.8,True,True,1,boolean_field,success,True,,False,False,pass,rating-breakdown,True,19.9,5.8,22.7,14.8,pass,True,False,"{""playerCoordinates"": {""x"": 19.9, ""y"": 5.8}, ""passEndCoordinates"": {""x"": 22.7, ""y"": 14.8}, ""eventActionType"": ""pass"", ""isHome"": true, ""outcome"": true, ""keypass"": false}",,
2087085,Yan Diomande,14065151,rating-breakdown,passes,passes,,,,RB Leipzig,89.0,,32.5,44.2,34.2,51.1,,,,unresolvable,,,,False,False,pass,rating-breakdown,True,32.5,44.2,34.2,51.1,pass,True,False,"{""playerCoordinates"": {""x"": 32.5, ""y"": 44.2}, ""passEndCoordinates"": {""x"": 34.2, ""y"": 51.1}, ""eventActionType"": ""pass"", ""isHome"": true, ""keypass"": false}",,
2087085,Yan Diomande,14065151,rating-breakdown,passes,passes,,,,RB Leipzig,89.0,,30.5,10.2,29.6,16.9,True,True,1,boolean_field,success,True,,False,False,pass,rating-breakdown,True,30.5,10.2,29.6,16.9,pass,True,False,"{""playerCoordinates"": {""x"": 30.5, ""y"": 10.2}, ""passEndCoordinates"": {""x"": 29.6, ""y"": 16.9}, ""eventActionType"": ""pass"", ""isHome"": true, ""outcome"": true, ""keypass"": false}",,
2087085,Yan Diomande,14065151,rating-breakdown,passes,passes,,,,RB Leipzig,89.0,,32.5,7.9,35.1,15.9,True,True,1,boolean_field,success,True,,False,False,pass,rating-breakdown,True,32.5,7.9,35.1,15.9,pass,True,False,"{""playerCoordinates"": {""x"": 32.5, ""y"": 7.9}, ""passEndCoordinates"": {""x"": 35.1, ""y"": 15.9}, ""eventActionType"": ""pass"", ""isHome"": true, ""outcome"": true, ""keypass"": false}",,
2087085,Yan Diomande,14065151,rating-breakdown,passes,passes,,,,RB Leipzig,89.0,,97.5,24.7,91.6,50.4,,,,unresolvable,,,,False,False,pass,rating-breakdown,True,97.5,24.7,91.6,50.4,pass,True,False,"{""playerCoordinates"": {""x"": 97.5, ""y"": 24.7}, ""passEndCoordinates"": {""x"": 91.6, ""y"": 50.4}, ""eventActionType"": ""pass"", ""isHome"": true, ""keypass"": false}",,
2087085,Yan Diomande,14065151,rating-breakdown,passes,passes,,,,RB Leipzig,89.0,,68.6,7.2,65.2,19.3,True,True,1,boolean_field,success,True,,False,False,pass,rating-breakdown,True,68.6,7.2,65.2,19.3,pass,True,False,"{""playerCoordinates"": {""x"": 68.6, ""y"": 7.2}, ""passEndCoordinates"": {""x"": 65.2, ""y"": 19.3}, ""eventActionType"": ""pass"", ""isHome"": true, ""outcome"": true, ""keypass"": false}",,
2087085,Yan Diomande,14065151,rating-breakdown,passes,passes,,,,RB Leipzig,89.0,,80.6,9.9,73.5,13,True,True,1,boolean_field,success,True,,False,False,pass,rating-breakdown,True,80.6,9.9,73.5,13,pass,True,False,"{""playerCoordinates"": {""x"": 80.6, ""y"": 9.9}, ""passEndCoordinates"": {""x"": 73.5, ""y"": 13}, ""eventActionType"": ""pass"", ""isHome"": true, ""outcome"": true, ""keypass"": false}",,
2087085,Yan Diomande,14065151,rating-breakdown,passes,passes,,,,RB Leipzig,89.0,,83.3,11.1,84.7,31.8,True,True,1,boolean_field,success,True,,False,False,pass,rating-breakdown,True,83.3,11.1,84.7,31.8,pass,True,False,"{""playerCoordinates"": {""x"": 83.3, ""y"": 11.1}, ""passEndCoordinates"": {""x"": 84.7, ""y"": 31.8}, ""eventActionType"": ""pass"", ""isHome"": true, ""outcome"": true, ""keypass"": false}",,
2087085,Yan Diomande,14065151,rating-breakdown,passes,passes,,,,RB Leipzig,89.0,,58.6,9.1,65.3,6.6,,,,unresolvable,,,,False,False,pass,rating-breakdown,True,58.6,9.1,65.3,6.6,pass,True,False,"{""playerCoordinates"": {""x"": 58.6, ""y"": 9.1}, ""passEndCoordinates"": {""x"": 65.3, ""y"": 6.6}, ""eventActionType"": ""pass"", ""isHome"": true, ""keypass"": false}",,
2087085,Yan Diomande,14065151,rating-breakdown,passes,passes,,,,RB Leipzig,89.0,,59.4,13,61.7,28.3,True,True,1,boolean_field,success,True,,False,False,pass,rating-breakdown,True,59.4,13,61.7,28.3,pass,True,False,"{""playerCoordinates"": {""x"": 59.4, ""y"": 13}, ""passEndCoordinates"": {""x"": 61.7, ""y"": 28.3}, ""eventActionType"": ""pass"", ""isHome"": true, ""outcome"": true, ""keypass"": false}",,
2087085,Yan Diomande,14065151,rating-breakdown,passes,passes,,,,RB Leipzig,89.0,,44.6,79.6,35.3,70.6,True,True,1,boolean_field,success,True,,False,False,pass,rating-breakdown,True,44.6,79.6,35.3,70.6,pass,True,False,"{""playerCoordinates"": {""x"": 44.6, ""y"": 79.6}, ""passEndCoordinates"": {""x"": 35.3, ""y"": 70.6}, ""eventActionType"": ""pass"", ""isHome"": true, ""outcome"": true, ""keypass"": false}",,
2087085,Yan Diomande,14065151,rating-breakdown,passes,passes,,,,RB Leipzig,89.0,,65.6,97.6,64,82.9,True,True,1,boolean_field,success,True,,False,False,pass,rating-breakdown,True,65.6,97.6,64,82.9,pass,True,False,"{""playerCoordinates"": {""x"": 65.6, ""y"": 97.6}, ""passEndCoordinates"": {""x"": 64, ""y"": 82.9}, ""eventActionType"": ""pass"", ""isHome"": true, ""outcome"": true, ""keypass"": false}",,
2087085,Yan Diomande,14065151,rating-breakdown,passes,passes,,,,RB Leipzig,89.0,,85.3,84.9,90.2,59.1,True,True,1,boolean_field,success,True,,False,False,pass,rating-breakdown,True,85.3,84.9,90.2,59.1,pass,True,False,"{""playerCoordinates"": {""x"": 85.3, ""y"": 84.9}, ""passEndCoordinates"": {""x"": 90.2, ""y"": 59.1}, ""eventActionType"": ""pass"", ""isHome"": true, ""outcome"": true, ""keypass"": false}",,
2087085,Yan Diomande,14065151,rating-breakdown,passes,passes,,,,RB Leipzig,89.0,,89.1,84,85.7,73.5,True,True,1,boolean_field,success,True,,False,False,pass,rating-breakdown,True,89.1,84,85.7,73.5,pass,True,False,"{""playerCoordinates"": {""x"": 89.1, ""y"": 84}, ""passEndCoordinates"": {""x"": 85.7, ""y"": 73.5}, ""eventActionType"": ""pass"", ""isHome"": true, ""outcome"": true, ""keypass"": false}",,
2087085,Yan Diomande,14065151,rating-breakdown,passes,passes,,,,RB Leipzig,89.0,,94.6,72.3,94.6,68.1,,,,unresolvable,,,,False,False,pass,rating-breakdown,True,94.6,72.3,94.6,68.1,pass,True,False,"{""playerCoordinates"": {""x"": 94.6, ""y"": 72.3}, ""passEndCoordinates"": {""x"": 94.6, ""y"": 68.1}, ""eventActionType"": ""pass"", ""isHome"": true, ""keypass"": false}",,
2087085,Yan Diomande,14065151,rating-breakdown,passes,passes,,,,RB Leipzig,89.0,,65.6,79.2,64.8,71.5,True,True,1,boolean_field,success,True,,False,False,pass,rating-breakdown,True,65.6,79.2,64.8,71.5,pass,True,False,"{""playerCoordinates"": {""x"": 65.6, ""y"": 79.2}, ""passEndCoordinates"": {""x"": 64.8, ""y"": 71.5}, ""eventActionType"": ""pass"", ""isHome"": true, ""outcome"": true, ""keypass"": false}",,
2087085,Yan Diomande,14065151,rating-breakdown,passes,passes,,,,RB Leipzig,89.0,,74.7,82.9,70.7,72.7,True,True,1,boolean_field,success,True,,False,False,pass,rating-breakdown,True,74.7,82.9,70.7,72.7,pass,True,False,"{""playerCoordinates"": {""x"": 74.7, ""y"": 82.9}, ""passEndCoordinates"": {""x"": 70.7, ""y"": 72.7}, ""eventActionType"": ""pass"", ""isHome"": true, ""outcome"": true, ""keypass"": false}",,
2087085,Yan Diomande,14065151,rating-breakdown,passes,passes,,,,RB Leipzig,89.0,,27.3,81.6,33.4,69.3,True,True,1,boolean_field,success,True,,False,False,pass,rating-breakdown,True,27.3,81.6,33.4,69.3,pass,True,False,"{""playerCoordinates"": {""x"": 27.3, ""y"": 81.6}, ""passEndCoordinates"": {""x"": 33.4, ""y"": 69.3}, ""eventActionType"": ""pass"", ""isHome"": true, ""outcome"": true, ""keypass"": false}",,
2087085,Yan Diomande,14065151,rating-breakdown,passes,passes,,,,RB Leipzig,89.0,,70.3,94.9,66,76.9,True,True,1,boolean_field,success,True,,False,False,pass,rating-breakdown,True,70.3,94.9,66,76.9,pass,True,False,"{""playerCoordinates"": {""x"": 70.3, ""y"": 94.9}, ""passEndCoordinates"": {""x"": 66, ""y"": 76.9}, ""eventActionType"": ""pass"", ""isHome"": true, ""outcome"": true, ""keypass"": false}",,
2087085,Yan Diomande,14065151,rating-breakdown,passes,passes,,,,RB Leipzig,89.0,,69.6,97.5,62.8,95.5,True,True,1,boolean_field,success,True,,False,False,pass,rating-breakdown,True,69.6,97.5,62.8,95.5,pass,True,False,"{""playerCoordinates"": {""x"": 69.6, ""y"": 97.5}, ""passEndCoordinates"": {""x"": 62.8, ""y"": 95.5}, ""eventActionType"": ""pass"", ""isHome"": true, ""outcome"": true, ""keypass"": false}",,
2087085,Yan Diomande,14065151,rating-breakdown,passes,passes,,,,RB Leipzig,89.0,,73,96.7,54.5,84.4,True,True,1,boolean_field,success,True,,False,False,pass,rating-breakdown,True,73,96.7,54.5,84.4,pass,True,False,"{""playerCoordinates"": {""x"": 73, ""y"": 96.7}, ""passEndCoordinates"": {""x"": 54.5, ""y"": 84.4}, ""eventActionType"": ""pass"", ""isHome"": true, ""outcome"": true, ""keypass"": false}",,
2087085,Yan Diomande,14065151,rating-breakdown,passes,passes,,,,RB Leipzig,89.0,,72.2,88.5,65.8,86.7,True,True,1,boolean_field,success,True,,False,False,pass,rating-breakdown,True,72.2,88.5,65.8,86.7,pass,True,False,"{""playerCoordinates"": {""x"": 72.2, ""y"": 88.5}, ""passEndCoordinates"": {""x"": 65.8, ""y"": 86.7}, ""eventActionType"": ""pass"", ""isHome"": true, ""outcome"": true, ""keypass"": false}",,
2087085,Yan Diomande,14065151,rating-breakdown,passes,passes,,,,RB Leipzig,89.0,,86.4,73.2,90.2,64.2,True,True,1,boolean_field,success,True,,False,False,pass,rating-breakdown,True,86.4,73.2,90.2,64.2,pass,True,False,"{""playerCoordinates"": {""x"": 86.4, ""y"": 73.2}, ""passEndCoordinates"": {""x"": 90.2, ""y"": 64.2}, ""eventActionType"": ""pass"", ""isHome"": true, ""outcome"": true, ""keypass"": false}",,
2087085,Yan Diomande,14065151,rating-breakdown,dribbles,dribbles,,,,RB Leipzig,89.0,,98,22.4,,,,,,unresolvable,,,,False,False,,rating-breakdown,True,98,22.4,,,dribble,True,False,"{""playerCoordinates"": {""x"": 98, ""y"": 22.4}, ""eventActionType"": ""dribble"", ""isHome"": true, ""keypass"": false}",,
2087085,Yan Diomande,14065151,rating-breakdown,dribbles,dribbles,,,,RB Leipzig,89.0,,43,12.4,,,True,True,1,boolean_field,success,,True,False,False,,rating-breakdown,True,43,12.4,,,dribble,True,False,"{""playerCoordinates"": {""x"": 43, ""y"": 12.4}, ""eventActionType"": ""dribble"", ""isHome"": true, ""outcome"": true, ""keypass"": false}",,
2087085,Yan Diomande,14065151,rating-breakdown,dribbles,dribbles,,,,RB Leipzig,89.0,,42,9.4,,,True,True,1,boolean_field,success,,True,False,False,,rating-breakdown,True,42,9.4,,,dribble,True,False,"{""playerCoordinates"": {""x"": 42, ""y"": 9.4}, ""eventActionType"": ""dribble"", ""isHome"": true, ""outcome"": true, ""keypass"": false}",,
2087085,Yan Diomande,14065151,rating-breakdown,dribbles,dribbles,,,,RB Leipzig,89.0,,42.2,7.2,,,,,,unresolvable,,,,False,False,,rating-breakdown,True,42.2,7.2,,,dribble,True,False,"{""playerCoordinates"": {""x"": 42.2, ""y"": 7.2}, ""eventActionType"": ""dribble"", ""isHome"": true, ""keypass"": false}",,
2087085,Yan Diomande,14065151,rating-breakdown,dribbles,dribbles,,,,RB Leipzig,89.0,,61.2,96.2,,,,,,unresolvable,,,,False,False,,rating-breakdown,True,61.2,96.2,,,dribble,True,False,"{""playerCoordinates"": {""x"": 61.2, ""y"": 96.2}, ""eventActionType"": ""dribble"", ""isHome"": true, ""keypass"": false}",,
2087085,Yan Diomande,14065151,rating-breakdown,defensive,defensive,,,,RB Leipzig,89.0,,66.4,38.1,,,True,True,1,boolean_field,success,,True,False,False,,rating-breakdown,True,66.4,38.1,,,ball-recovery,True,False,"{""playerCoordinates"": {""x"": 66.4, ""y"": 38.1}, ""eventActionType"": ""ball-recovery"", ""isHome"": true, ""outcome"": true, ""keypass"": false}",,
2087085,Yan Diomande,14065151,rating-breakdown,defensive,defensive,,,,RB Leipzig,89.0,,71.1,24,,,True,True,1,boolean_field,success,,True,False,False,,rating-breakdown,True,71.1,24,,,ball-recovery,True,False,"{""playerCoordinates"": {""x"": 71.1, ""y"": 24}, ""eventActionType"": ""ball-recovery"", ""isHome"": true, ""outcome"": true, ""keypass"": false}",,
2087085,Yan Diomande,14065151,rating-breakdown,defensive,defensive,,,,RB Leipzig,89.0,,30.2,31.2,39.5,1.6,True,True,1,boolean_field,success,,True,False,False,,rating-breakdown,True,30.2,31.2,39.5,1.6,clearance,True,False,"{""playerCoordinates"": {""x"": 30.2, ""y"": 31.2}, ""passEndCoordinates"": {""x"": 39.5, ""y"": 1.6}, ""eventActionType"": ""clearance"", ""isHome"": true, ""outcome"": true, ""keypass"": false}",,
2087085,Yan Diomande,14065151,rating-breakdown,defensive,defensive,,,,RB Leipzig,89.0,,37.8,7.8,,,True,True,1,boolean_field,success,,True,False,False,,rating-breakdown,True,37.8,7.8,,,interception,True,False,"{""playerCoordinates"": {""x"": 37.8, ""y"": 7.8}, ""eventActionType"": ""interception"", ""isHome"": true, ""outcome"": true, ""keypass"": false}",,
2087085,Yan Diomande,14065151,rating-breakdown,defensive,defensive,,,,RB Leipzig,89.0,,20.2,5.2,,,True,True,1,boolean_field,success,,True,False,False,,rating-breakdown,True,20.2,5.2,,,ball-recovery,True,False,"{""playerCoordinates"": {""x"": 20.2, ""y"": 5.2}, ""eventActionType"": ""ball-recovery"", ""isHome"": true, ""outcome"": true, ""keypass"": false}",,
2087085,Yan Diomande,14065151,rating-breakdown,defensive,defensive,,,,RB Leipzig,89.0,,9.6,43,,,True,True,1,boolean_field,success,,True,False,False,,rating-breakdown,True,9.6,43,,,tackle,True,False,"{""playerCoordinates"": {""x"": 9.6, ""y"": 43}, ""eventActionType"": ""tackle"", ""isHome"": true, ""outcome"": true, ""keypass"": false}",,
2087085,Yan Diomande,14065151,rating-breakdown,defensive,defensive,,,,RB Leipzig,89.0,,37.2,95.8,,,,,,unresolvable,,,,False,False,,rating-breakdown,True,37.2,95.8,,,tackle,True,False,"{""playerCoordinates"": {""x"": 37.2, ""y"": 95.8}, ""eventActionType"": ""tackle"", ""isHome"": true, ""keypass"": false}",,
2087085,Yan Diomande,14065151,rating-breakdown,defensive,defensive,,,,RB Leipzig,89.0,,3.1,89.5,,,True,True,1,boolean_field,success,,True,False,False,,rating-breakdown,True,3.1,89.5,,,ball-recovery,True,False,"{""playerCoordinates"": {""x"": 3.1, ""y"": 89.5}, ""eventActionType"": ""ball-recovery"", ""isHome"": true, ""outcome"": true, ""keypass"": false}",,
2087085,Yan Diomande,14065166,rating-breakdown,passes,passes,,,,RB Leipzig,90.0,,45.1,67.8,49.3,83.1,True,True,1,boolean_field,success,True,,False,False,pass,rating-breakdown,True,45.1,67.8,49.3,83.1,pass,False,False,"{""playerCoordinates"": {""x"": 45.1, ""y"": 67.8}, ""passEndCoordinates"": {""x"": 49.3, ""y"": 83.1}, ""eventActionType"": ""pass"", ""isHome"": false, ""outcome"": true, ""keypass"": false}",,
2087085,Yan Diomande,14065166,rating-breakdown,passes,passes,,,,RB Leipzig,90.0,,65.8,5.7,75,19.9,True,True,1,boolean_field,success,True,,False,False,pass,rating-breakdown,True,65.8,5.7,75,19.9,pass,False,False,"{""playerCoordinates"": {""x"": 65.8, ""y"": 5.7}, ""passEndCoordinates"": {""x"": 75, ""y"": 19.9}, ""eventActionType"": ""pass"", ""isHome"": false, ""outcome"": true, ""keypass"": false}",,
2087085,Yan Diomande,14065166,rating-breakdown,passes,passes,,,,RB Leipzig,90.0,,44.4,1.5,47.1,8.1,True,True,1,boolean_field,success,True,,False,False,pass,rating-breakdown,True,44.4,1.5,47.1,8.1,pass,False,False,"{""playerCoordinates"": {""x"": 44.4, ""y"": 1.5}, ""passEndCoordinates"": {""x"": 47.1, ""y"": 8.1}, ""eventActionType"": ""pass"", ""isHome"": false, ""outcome"": true, ""keypass"": false}",,
2087085,Yan Diomande,14065166,rating-breakdown,passes,passes,,,,RB Leipzig,90.0,,55.6,13.5,60.7,3.6,True,True,1,boolean_field,success,True,,False,False,pass,rating-breakdown,True,55.6,13.5,60.7,3.6,pass,False,False,"{""playerCoordinates"": {""x"": 55.6, ""y"": 13.5}, ""passEndCoordinates"": {""x"": 60.7, ""y"": 3.6}, ""eventActionType"": ""pass"", ""isHome"": false, ""outcome"": true, ""keypass"": false}",,
2087085,Yan Diomande,14065166,rating-breakdown,passes,passes,,,,RB Leipzig,90.0,,88,2.2,75.7,3.1,True,True,1,boolean_field,success,True,,False,False,pass,rating-breakdown,True,88,2.2,75.7,3.1,pass,False,False,"{""playerCoordinates"": {""x"": 88, ""y"": 2.2}, ""passEndCoordinates"": {""x"": 75.7, ""y"": 3.1}, ""eventActionType"": ""pass"", ""isHome"": false, ""outcome"": true, ""keypass"": false}",,
2087085,Yan Diomande,14065166,rating-breakdown,passes,passes,,,,RB Leipzig,90.0,,67.3,2.5,75.7,2.8,True,True,1,boolean_field,success,True,,False,False,pass,rating-breakdown,True,67.3,2.5,75.7,2.8,pass,False,False,"{""playerCoordinates"": {""x"": 67.3, ""y"": 2.5}, ""passEndCoordinates"": {""x"": 75.7, ""y"": 2.8}, ""eventActionType"": ""pass"", ""isHome"": false, ""outcome"": true, ""keypass"": false}",,
2087085,Yan Diomande,14065166,rating-breakdown,passes,passes,,,,RB Leipzig,90.0,,75.2,47.1,81.5,80.4,True,True,1,boolean_field,success,True,,False,True,key_pass,rating-breakdown,True,75.2,47.1,81.5,80.4,pass,False,True,"{""playerCoordinates"": {""x"": 75.2, ""y"": 47.1}, ""passEndCoordinates"": {""x"": 81.5, ""y"": 80.4}, ""eventActionType"": ""pass"", ""isHome"": false, ""outcome"": true, ""keypass"": true}",,
2087085,Yan Diomande,14065166,rating-breakdown,passes,passes,,,,RB Leipzig,90.0,,72.9,5.5,73.5,1.8,True,True,1,boolean_field,success,True,,False,False,pass,rating-breakdown,True,72.9,5.5,73.5,1.8,pass,False,False,"{""playerCoordinates"": {""x"": 72.9, ""y"": 5.5}, ""passEndCoordinates"": {""x"": 73.5, ""y"": 1.8}, ""eventActionType"": ""pass"", ""isHome"": false, ""outcome"": true, ""keypass"": false}",,
2087085,Yan Diomande,14065166,rating-breakdown,passes,passes,,,,RB Leipzig,90.0,,79.6,19.8,70,24,True,True,1,boolean_field,success,True,,False,False,pass,rating-breakdown,True,79.6,19.8,70,24,pass,False,False,"{""playerCoordinates"": {""x"": 79.6, ""y"": 19.8}, ""passEndCoordinates"": {""x"": 70, ""y"": 24}, ""eventActionType"": ""pass"", ""isHome"": false, ""outcome"": true, ""keypass"": false}",,
2087085,Yan Diomande,14065166,rating-breakdown,passes,passes,,,,RB Leipzig,90.0,,80.7,8.1,79.6,34,True,True,1,boolean_field,success,True,,False,False,pass,rating-breakdown,True,80.7,8.1,79.6,34,pass,False,False,"{""playerCoordinates"": {""x"": 80.7, ""y"": 8.1}, ""passEndCoordinates"": {""x"": 79.6, ""y"": 34}, ""eventActionType"": ""pass"", ""isHome"": false, ""outcome"": true, ""keypass"": false}",,
2087085,Yan Diomande,14065166,rating-breakdown,passes,passes,,,,RB Leipzig,90.0,,22.6,23.8,12.8,23.5,True,True,1,boolean_field,success,True,,False,False,pass,rating-breakdown,True,22.6,23.8,12.8,23.5,pass,False,False,"{""playerCoordinates"": {""x"": 22.6, ""y"": 23.8}, ""passEndCoordinates"": {""x"": 12.8, ""y"": 23.5}, ""eventActionType"": ""pass"", ""isHome"": false, ""outcome"": true, ""keypass"": false}",,
2087085,Yan Diomande,14065166,rating-breakdown,passes,passes,,,,RB Leipzig,90.0,,18.7,22.6,10.8,6.3,True,True,1,boolean_field,success,True,,False,False,pass,rating-breakdown,True,18.7,22.6,10.8,6.3,pass,False,False,"{""playerCoordinates"": {""x"": 18.7, ""y"": 22.6}, ""passEndCoordinates"": {""x"": 10.8, ""y"": 6.3}, ""eventActionType"": ""pass"", ""isHome"": false, ""outcome"": true, ""keypass"": false}",,
2087085,Yan Diomande,14065166,rating-breakdown,passes,passes,,,,RB Leipzig,90.0,,25.5,6,56.2,100,,,,unresolvable,,,,False,False,pass,rating-breakdown,True,25.5,6,56.2,100,pass,False,False,"{""playerCoordinates"": {""x"": 25.5, ""y"": 6}, ""passEndCoordinates"": {""x"": 56.2, ""y"": 100}, ""eventActionType"": ""pass"", ""isHome"": false, ""keypass"": false, ""isLongBall"": true}",True,
2087085,Yan Diomande,14065166,rating-breakdown,passes,passes,,,,RB Leipzig,90.0,,52.1,4,47,25,True,True,1,boolean_field,success,True,,False,False,pass,rating-breakdown,True,52.1,4,47,25,pass,False,False,"{""playerCoordinates"": {""x"": 52.1, ""y"": 4}, ""passEndCoordinates"": {""x"": 47, ""y"": 25}, ""eventActionType"": ""pass"", ""isHome"": false, ""outcome"": true, ""keypass"": false}",,
2087085,Yan Diomande,14065166,rating-breakdown,passes,passes,,,,RB Leipzig,90.0,,57.6,30,65.6,33.9,True,True,1,boolean_field,success,True,,False,False,pass,rating-breakdown,True,57.6,30,65.6,33.9,pass,False,False,"{""playerCoordinates"": {""x"": 57.6, ""y"": 30}, ""passEndCoordinates"": {""x"": 65.6, ""y"": 33.9}, ""eventActionType"": ""pass"", ""isHome"": false, ""outcome"": true, ""keypass"": false}",,
2087085,Yan Diomande,14065166,rating-breakdown,passes,passes,,,,RB Leipzig,90.0,,69.8,13.8,63.1,18,True,True,1,boolean_field,success,True,,False,False,pass,rating-breakdown,True,69.8,13.8,63.1,18,pass,False,False,"{""playerCoordinates"": {""x"": 69.8, ""y"": 13.8}, ""passEndCoordinates"": {""x"": 63.1, ""y"": 18}, ""eventActionType"": ""pass"", ""isHome"": false, ""outcome"": true, ""keypass"": false}",,
2087085,Yan Diomande,14065166,rating-breakdown,passes,passes,,,,RB Leipzig,90.0,,46.6,3.6,52.7,13.3,True,True,1,boolean_field,success,True,,False,False,pass,rating-breakdown,True,46.6,3.6,52.7,13.3,pass,False,False,"{""playerCoordinates"": {""x"": 46.6, ""y"": 3.6}, ""passEndCoordinates"": {""x"": 52.7, ""y"": 13.3}, ""eventActionType"": ""pass"", ""isHome"": false, ""outcome"": true, ""keypass"": false}",,
2087085,Yan Diomande,14065166,rating-breakdown,passes,passes,,,,RB Leipzig,90.0,,55.5,30,53.9,13.9,True,True,1,boolean_field,success,True,,False,False,pass,rating-breakdown,True,55.5,30,53.9,13.9,pass,False,False,"{""playerCoordinates"": {""x"": 55.5, ""y"": 30}, ""passEndCoordinates"": {""x"": 53.9, ""y"": 13.9}, ""eventActionType"": ""pass"", ""isHome"": false, ""outcome"": true, ""keypass"": false}",,
2087085,Yan Diomande,14065166,rating-breakdown,passes,passes,,,,RB Leipzig,90.0,,75.2,9.3,71.7,18.1,,,,unresolvable,,,,False,False,pass,rating-breakdown,True,75.2,9.3,71.7,18.1,pass,False,False,"{""playerCoordinates"": {""x"": 75.2, ""y"": 9.3}, ""passEndCoordinates"": {""x"": 71.7, ""y"": 18.1}, ""eventActionType"": ""pass"", ""isHome"": false, ""keypass"": false}",,
2087085,Yan Diomande,14065166,rating-breakdown,passes,passes,,,,RB Leipzig,90.0,,52.7,7.6,44.4,20.4,True,True,1,boolean_field,success,True,,False,False,pass,rating-breakdown,True,52.7,7.6,44.4,20.4,pass,False,False,"{""playerCoordinates"": {""x"": 52.7, ""y"": 7.6}, ""passEndCoordinates"": {""x"": 44.4, ""y"": 20.4}, ""eventActionType"": ""pass"", ""isHome"": false, ""outcome"": true, ""keypass"": false}",,
2087085,Yan Diomande,14065166,rating-breakdown,passes,passes,,,,RB Leipzig,90.0,,58,7.3,52.4,16.6,True,True,1,boolean_field,success,True,,False,False,pass,rating-breakdown,True,58,7.3,52.4,16.6,pass,False,False,"{""playerCoordinates"": {""x"": 58, ""y"": 7.3}, ""passEndCoordinates"": {""x"": 52.4, ""y"": 16.6}, ""eventActionType"": ""pass"", ""isHome"": false, ""outcome"": true, ""keypass"": false}",,
2087085,Yan Diomande,14065166,rating-breakdown,passes,passes,,,,RB Leipzig,90.0,,57.5,6.9,60.4,14.8,True,True,1,boolean_field,success,True,,False,False,pass,rating-breakdown,True,57.5,6.9,60.4,14.8,pass,False,False,"{""playerCoordinates"": {""x"": 57.5, ""y"": 6.9}, ""passEndCoordinates"": {""x"": 60.4, ""y"": 14.8}, ""eventActionType"": ""pass"", ""isHome"": false, ""outcome"": true, ""keypass"": false}",,
2087085,Yan Diomande,14065166,rating-breakdown,passes,passes,,,,RB Leipzig,90.0,,54.2,57.6,27.8,51.6,True,True,1,boolean_field,success,True,,False,False,pass,rating-breakdown,True,54.2,57.6,27.8,51.6,pass,False,False,"{""playerCoordinates"": {""x"": 54.2, ""y"": 57.6}, ""passEndCoordinates"": {""x"": 27.8, ""y"": 51.6}, ""eventActionType"": ""pass"", ""isHome"": false, ""outcome"": true, ""keypass"": false}",,
2087085,Yan Diomande,14065166,rating-breakdown,passes,passes,,,,RB Leipzig,90.0,,66.6,12.9,68.3,13.6,,,,unresolvable,,,,False,False,pass,rating-breakdown,True,66.6,12.9,68.3,13.6,pass,False,False,"{""playerCoordinates"": {""x"": 66.6, ""y"": 12.9}, ""passEndCoordinates"": {""x"": 68.3, ""y"": 13.6}, ""eventActionType"": ""pass"", ""isHome"": false, ""keypass"": false}",,
2087085,Yan Diomande,14065166,rating-breakdown,passes,passes,,,,RB Leipzig,90.0,,68.9,10.8,82.7,10,True,True,1,boolean_field,success,True,,False,False,pass,rating-breakdown,True,68.9,10.8,82.7,10,pass,False,False,"{""playerCoordinates"": {""x"": 68.9, ""y"": 10.8}, ""passEndCoordinates"": {""x"": 82.7, ""y"": 10}, ""eventActionType"": ""pass"", ""isHome"": false, ""outcome"": true, ""keypass"": false}",,
2087085,Yan Diomande,14065166,rating-breakdown,passes,passes,,,,RB Leipzig,90.0,,75.4,68.8,85.8,55,,,,unresolvable,,,,False,False,pass,rating-breakdown,True,75.4,68.8,85.8,55,pass,False,False,"{""playerCoordinates"": {""x"": 75.4, ""y"": 68.8}, ""passEndCoordinates"": {""x"": 85.8, ""y"": 55}, ""eventActionType"": ""pass"", ""isHome"": false, ""keypass"": false}",,
2087085,Yan Diomande,14065166,rating-breakdown,passes,passes,,,,RB Leipzig,90.0,,71.9,17.7,80.1,28,True,True,1,boolean_field,success,True,,False,False,pass,rating-breakdown,True,71.9,17.7,80.1,28,pass,False,False,"{""playerCoordinates"": {""x"": 71.9, ""y"": 17.7}, ""passEndCoordinates"": {""x"": 80.1, ""y"": 28}, ""eventActionType"": ""pass"", ""isHome"": false, ""outcome"": true, ""keypass"": false}",,
2087085,Yan Diomande,14065166,rating-breakdown,passes,passes,,,,RB Leipzig,90.0,,72.7,8.8,94.2,20.5,True,True,1,boolean_field,success,True,,False,False,pass,rating-breakdown,True,72.7,8.8,94.2,20.5,pass,False,False,"{""playerCoordinates"": {""x"": 72.7, ""y"": 8.8}, ""passEndCoordinates"": {""x"": 94.2, ""y"": 20.5}, ""eventActionType"": ""pass"", ""isHome"": false, ""outcome"": true, ""keypass"": false}",,
2087085,Yan Diomande,14065166,rating-breakdown,passes,passes,,,,RB Leipzig,90.0,,73.7,95.5,77.7,93,,,,unresolvable,,,,False,False,pass,rating-breakdown,True,73.7,95.5,77.7,93,pass,False,False,"{""playerCoordinates"": {""x"": 73.7, ""y"": 95.5}, ""passEndCoordinates"": {""x"": 77.7, ""y"": 93}, ""eventActionType"": ""pass"", ""isHome"": false, ""keypass"": false}",,
2087085,Yan Diomande,14065166,rating-breakdown,passes,passes,,,,RB Leipzig,90.0,,77.7,72.6,91.9,68,True,True,1,boolean_field,success,True,,False,True,key_pass,rating-breakdown,True,77.7,72.6,91.9,68,pass,False,True,"{""playerCoordinates"": {""x"": 77.7, ""y"": 72.6}, ""passEndCoordinates"": {""x"": 91.9, ""y"": 68}, ""eventActionType"": ""pass"", ""isHome"": false, ""outcome"": true, ""keypass"": true}",,
2087085,Yan Diomande,14065166,rating-breakdown,passes,passes,,,,RB Leipzig,90.0,,66.2,65.4,62.3,40.8,True,True,1,boolean_field,success,True,,False,False,pass,rating-breakdown,True,66.2,65.4,62.3,40.8,pass,False,False,"{""playerCoordinates"": {""x"": 66.2, ""y"": 65.4}, ""passEndCoordinates"": {""x"": 62.3, ""y"": 40.8}, ""eventActionType"": ""pass"", ""isHome"": false, ""outcome"": true, ""keypass"": false}",,
2087085,Yan Diomande,14065166,rating-breakdown,passes,passes,,,,RB Leipzig,90.0,,96.2,98.7,80.1,97.6,True,True,1,boolean_field,success,True,,False,False,pass,rating-breakdown,True,96.2,98.7,80.1,97.6,pass,False,False,"{""playerCoordinates"": {""x"": 96.2, ""y"": 98.7}, ""passEndCoordinates"": {""x"": 80.1, ""y"": 97.6}, ""eventActionType"": ""pass"", ""isHome"": false, ""outcome"": true, ""keypass"": false}",,
2087085,Yan Diomande,14065166,rating-breakdown,passes,passes,,,,RB Leipzig,90.0,,57.5,95.8,53,91.2,True,True,1,boolean_field,success,True,,False,False,pass,rating-breakdown,True,57.5,95.8,53,91.2,pass,False,False,"{""playerCoordinates"": {""x"": 57.5, ""y"": 95.8}, ""passEndCoordinates"": {""x"": 53, ""y"": 91.2}, ""eventActionType"": ""pass"", ""isHome"": false, ""outcome"": true, ""keypass"": false}",,
2087085,Yan Diomande,14065166,rating-breakdown,passes,passes,,,,RB Leipzig,90.0,,67.2,62.2,68.7,36.4,True,True,1,boolean_field,success,True,,False,False,pass,rating-breakdown,True,67.2,62.2,68.7,36.4,pass,False,False,"{""playerCoordinates"": {""x"": 67.2, ""y"": 62.2}, ""passEndCoordinates"": {""x"": 68.7, ""y"": 36.4}, ""eventActionType"": ""pass"", ""isHome"": false, ""outcome"": true, ""keypass"": false}",,
2087085,Yan Diomande,14065166,rating-breakdown,passes,passes,,,,RB Leipzig,90.0,,85.5,82.3,82,73.5,True,True,1,boolean_field,success,True,,False,False,pass,rating-breakdown,True,85.5,82.3,82,73.5,pass,False,False,"{""playerCoordinates"": {""x"": 85.5, ""y"": 82.3}, ""passEndCoordinates"": {""x"": 82, ""y"": 73.5}, ""eventActionType"": ""pass"", ""isHome"": false, ""outcome"": true, ""keypass"": false}",,
2087085,Yan Diomande,14065166,rating-breakdown,passes,passes,,,,RB Leipzig,90.0,,82.5,80.8,85.1,51.4,True,True,1,boolean_field,success,True,,False,True,key_pass,rating-breakdown,True,82.5,80.8,85.1,51.4,pass,False,True,"{""playerCoordinates"": {""x"": 82.5, ""y"": 80.8}, ""passEndCoordinates"": {""x"": 85.1, ""y"": 51.4}, ""eventActionType"": ""pass"", ""isHome"": false, ""outcome"": true, ""keypass"": true}",,
2087085,Yan Diomande,14065166,rating-breakdown,passes,passes,,,,RB Leipzig,90.0,,81.2,66.6,85.6,58.6,True,True,1,boolean_field,success,True,,False,False,pass,rating-breakdown,True,81.2,66.6,85.6,58.6,pass,False,False,"{""playerCoordinates"": {""x"": 81.2, ""y"": 66.6}, ""passEndCoordinates"": {""x"": 85.6, ""y"": 58.6}, ""eventActionType"": ""pass"", ""isHome"": false, ""outcome"": true, ""keypass"": false}",,
2087085,Yan Diomande,14065166,rating-breakdown,passes,passes,,,,RB Leipzig,90.0,,58.8,96.7,46.6,71.8,True,True,1,boolean_field,success,True,,False,False,pass,rating-breakdown,True,58.8,96.7,46.6,71.8,pass,False,False,"{""playerCoordinates"": {""x"": 58.8, ""y"": 96.7}, ""passEndCoordinates"": {""x"": 46.6, ""y"": 71.8}, ""eventActionType"": ""pass"", ""isHome"": false, ""outcome"": true, ""keypass"": false}",,
2087085,Yan Diomande,14065166,rating-breakdown,dribbles,dribbles,,,,RB Leipzig,90.0,,57.7,9.8,,,,,,unresolvable,,,,False,False,,rating-breakdown,True,57.7,9.8,,,dribble,False,False,"{""playerCoordinates"": {""x"": 57.7, ""y"": 9.8}, ""eventActionType"": ""dribble"", ""isHome"": false, ""keypass"": false}",,
2087085,Yan Diomande,14065166,rating-breakdown,dribbles,dribbles,,,,RB Leipzig,90.0,,70,17.1,,,True,True,1,boolean_field,success,,True,False,False,,rating-breakdown,True,70,17.1,,,dribble,False,False,"{""playerCoordinates"": {""x"": 70, ""y"": 17.1}, ""eventActionType"": ""dribble"", ""isHome"": false, ""outcome"": true, ""keypass"": false}",,
2087085,Yan Diomande,14065166,rating-breakdown,dribbles,dribbles,,,,RB Leipzig,90.0,,75.7,4.4,,,True,True,1,boolean_field,success,,True,False,False,,rating-breakdown,True,75.7,4.4,,,dribble,False,False,"{""playerCoordinates"": {""x"": 75.7, ""y"": 4.4}, ""eventActionType"": ""dribble"", ""isHome"": false, ""outcome"": true, ""keypass"": false}",,
2087085,Yan Diomande,14065166,rating-breakdown,defensive,defensive,,,,RB Leipzig,90.0,,70.3,4.7,,,True,True,1,boolean_field,success,,True,False,False,,rating-breakdown,True,70.3,4.7,,,interception,False,False,"{""playerCoordinates"": {""x"": 70.3, ""y"": 4.7}, ""eventActionType"": ""interception"", ""isHome"": false, ""outcome"": true, ""keypass"": false}",,
2087085,Yan Diomande,14065166,rating-breakdown,defensive,defensive,,,,RB Leipzig,90.0,,32.9,56.2,,,True,True,1,boolean_field,success,,True,False,False,,rating-breakdown,True,32.9,56.2,,,ball-recovery,False,False,"{""playerCoordinates"": {""x"": 32.9, ""y"": 56.2}, ""eventActionType"": ""ball-recovery"", ""isHome"": false, ""outcome"": true, ""keypass"": false}",,
2087085,Yan Diomande,14065166,rating-breakdown,defensive,defensive,,,,RB Leipzig,90.0,,23.4,51.8,,,,,,unresolvable,,,,False,False,,rating-breakdown,True,23.4,51.8,,,tackle,False,False,"{""playerCoordinates"": {""x"": 23.4, ""y"": 51.8}, ""eventActionType"": ""tackle"", ""isHome"": false, ""keypass"": false}",,
2087085,Yan Diomande,14065166,rating-breakdown,defensive,defensive,,,,RB Leipzig,90.0,,22.6,23.8,,,True,True,1,boolean_field,success,,True,False,False,,rating-breakdown,True,22.6,23.8,,,ball-recovery,False,False,"{""playerCoordinates"": {""x"": 22.6, ""y"": 23.8}, ""eventActionType"": ""ball-recovery"", ""isHome"": false, ""outcome"": true, ""keypass"": false}",,
2087085,Yan Diomande,14065166,rating-breakdown,defensive,defensive,,,,RB Leipzig,90.0,,23,8.5,,,True,True,1,boolean_field,success,,True,False,False,,rating-breakdown,True,23,8.5,,,ball-recovery,False,False,"{""playerCoordinates"": {""x"": 23, ""y"": 8.5}, ""eventActionType"": ""ball-recovery"", ""isHome"": false, ""outcome"": true, ""keypass"": false}",,
2087085,Yan Diomande,14065167,rating-breakdown,passes,passes,,,,RB Leipzig,87.0,,44.4,1.9,42.9,23.5,,,,unresolvable,,,,False,False,pass,rating-breakdown,True,44.4,1.9,42.9,23.5,pass,True,False,"{""playerCoordinates"": {""x"": 44.4, ""y"": 1.9}, ""passEndCoordinates"": {""x"": 42.9, ""y"": 23.5}, ""eventActionType"": ""pass"", ""isHome"": true, ""keypass"": false}",,
2087085,Yan Diomande,14065167,rating-breakdown,passes,passes,,,,RB Leipzig,87.0,,39.8,3.1,30.3,6.4,True,True,1,boolean_field,success,True,,False,False,pass,rating-breakdown,True,39.8,3.1,30.3,6.4,pass,True,False,"{""playerCoordinates"": {""x"": 39.8, ""y"": 3.1}, ""passEndCoordinates"": {""x"": 30.3, ""y"": 6.4}, ""eventActionType"": ""pass"", ""isHome"": true, ""outcome"": true, ""keypass"": false}",,
2087085,Yan Diomande,14065167,rating-breakdown,passes,passes,,,,RB Leipzig,87.0,,68.7,23.2,84.6,8.8,True,True,1,boolean_field,success,True,,False,False,pass,rating-breakdown,True,68.7,23.2,84.6,8.8,pass,True,False,"{""playerCoordinates"": {""x"": 68.7, ""y"": 23.2}, ""passEndCoordinates"": {""x"": 84.6, ""y"": 8.8}, ""eventActionType"": ""pass"", ""isHome"": true, ""outcome"": true, ""keypass"": false}",,
2087085,Yan Diomande,14065167,rating-breakdown,passes,passes,,,,RB Leipzig,87.0,,32.4,4.6,21.6,6.7,True,True,1,boolean_field,success,True,,False,False,pass,rating-breakdown,True,32.4,4.6,21.6,6.7,pass,True,False,"{""playerCoordinates"": {""x"": 32.4, ""y"": 4.6}, ""passEndCoordinates"": {""x"": 21.6, ""y"": 6.7}, ""eventActionType"": ""pass"", ""isHome"": true, ""outcome"": true, ""keypass"": false}",,
2087085,Yan Diomande,14065167,rating-breakdown,passes,passes,,,,RB Leipzig,87.0,,21.6,5.1,24.8,17.1,True,True,1,boolean_field,success,True,,False,False,pass,rating-breakdown,True,21.6,5.1,24.8,17.1,pass,True,False,"{""playerCoordinates"": {""x"": 21.6, ""y"": 5.1}, ""passEndCoordinates"": {""x"": 24.8, ""y"": 17.1}, ""eventActionType"": ""pass"", ""isHome"": true, ""outcome"": true, ""keypass"": false}",,
2087085,Yan Diomande,14065167,rating-breakdown,passes,passes,,,,RB Leipzig,87.0,,33.9,5.2,21.9,17.1,True,True,1,boolean_field,success,True,,False,False,pass,rating-breakdown,True,33.9,5.2,21.9,17.1,pass,True,False,"{""playerCoordinates"": {""x"": 33.9, ""y"": 5.2}, ""passEndCoordinates"": {""x"": 21.9, ""y"": 17.1}, ""eventActionType"": ""pass"", ""isHome"": true, ""outcome"": true, ""keypass"": false}",,
2087085,Yan Diomande,14065167,rating-breakdown,passes,passes,,,,RB Leipzig,87.0,,46.2,4.6,37.9,10,True,True,1,boolean_field,success,True,,False,False,pass,rating-breakdown,True,46.2,4.6,37.9,10,pass,True,False,"{""playerCoordinates"": {""x"": 46.2, ""y"": 4.6}, ""passEndCoordinates"": {""x"": 37.9, ""y"": 10}, ""eventActionType"": ""pass"", ""isHome"": true, ""outcome"": true, ""keypass"": false}",,
2087085,Yan Diomande,14065167,rating-breakdown,passes,passes,,,,RB Leipzig,87.0,,65.2,45.4,53.3,58,True,True,1,boolean_field,success,True,,False,False,pass,rating-breakdown,True,65.2,45.4,53.3,58,pass,True,False,"{""playerCoordinates"": {""x"": 65.2, ""y"": 45.4}, ""passEndCoordinates"": {""x"": 53.3, ""y"": 58}, ""eventActionType"": ""pass"", ""isHome"": true, ""outcome"": true, ""keypass"": false}",,
2087085,Yan Diomande,14065167,rating-breakdown,passes,passes,,,,RB Leipzig,87.0,,57.1,4.6,64.7,24.6,True,True,1,boolean_field,success,True,,False,False,pass,rating-breakdown,True,57.1,4.6,64.7,24.6,pass,True,False,"{""playerCoordinates"": {""x"": 57.1, ""y"": 4.6}, ""passEndCoordinates"": {""x"": 64.7, ""y"": 24.6}, ""eventActionType"": ""pass"", ""isHome"": true, ""outcome"": true, ""keypass"": false}",,
2087085,Yan Diomande,14065167,rating-breakdown,passes,passes,,,,RB Leipzig,87.0,,72.9,4.9,63.2,9.6,True,True,1,boolean_field,success,True,,False,False,pass,rating-breakdown,True,72.9,4.9,63.2,9.6,pass,True,False,"{""playerCoordinates"": {""x"": 72.9, ""y"": 4.9}, ""passEndCoordinates"": {""x"": 63.2, ""y"": 9.6}, ""eventActionType"": ""pass"", ""isHome"": true, ""outcome"": true, ""keypass"": false}",,
2087085,Yan Diomande,14065167,rating-breakdown,passes,passes,,,,RB Leipzig,87.0,,35,15.9,23,9.4,True,True,1,boolean_field,success,True,,False,False,pass,rating-breakdown,True,35,15.9,23,9.4,pass,True,False,"{""playerCoordinates"": {""x"": 35, ""y"": 15.9}, ""passEndCoordinates"": {""x"": 23, ""y"": 9.4}, ""eventActionType"": ""pass"", ""isHome"": true, ""outcome"": true, ""keypass"": false}",,
2087085,Yan Diomande,14065167,rating-breakdown,passes,passes,,,,RB Leipzig,87.0,,69.5,24,79.8,16.3,True,True,1,boolean_field,success,True,,False,False,pass,rating-breakdown,True,69.5,24,79.8,16.3,pass,True,False,"{""playerCoordinates"": {""x"": 69.5, ""y"": 24}, ""passEndCoordinates"": {""x"": 79.8, ""y"": 16.3}, ""eventActionType"": ""pass"", ""isHome"": true, ""outcome"": true, ""keypass"": false}",,
2087085,Yan Diomande,14065167,rating-breakdown,passes,passes,,,,RB Leipzig,87.0,,74.8,24.6,90.8,18.4,True,True,1,boolean_field,success,True,,False,False,pass,rating-breakdown,True,74.8,24.6,90.8,18.4,pass,True,False,"{""playerCoordinates"": {""x"": 74.8, ""y"": 24.6}, ""passEndCoordinates"": {""x"": 90.8, ""y"": 18.4}, ""eventActionType"": ""pass"", ""isHome"": true, ""outcome"": true, ""keypass"": false}",,
2087085,Yan Diomande,14065167,rating-breakdown,passes,passes,,,,RB Leipzig,87.0,,85.3,24,78.2,37.8,True,True,1,boolean_field,success,True,,False,True,key_pass,rating-breakdown,True,85.3,24,78.2,37.8,pass,True,True,"{""playerCoordinates"": {""x"": 85.3, ""y"": 24}, ""passEndCoordinates"": {""x"": 78.2, ""y"": 37.8}, ""eventActionType"": ""pass"", ""isHome"": true, ""outcome"": true, ""keypass"": true}",,
2087085,Yan Diomande,14065167,rating-breakdown,passes,passes,,,,RB Leipzig,87.0,,36.2,14.1,22.7,19.5,True,True,1,boolean_field,success,True,,False,False,pass,rating-breakdown,True,36.2,14.1,22.7,19.5,pass,True,False,"{""playerCoordinates"": {""x"": 36.2, ""y"": 14.1}, ""passEndCoordinates"": {""x"": 22.7, ""y"": 19.5}, ""eventActionType"": ""pass"", ""isHome"": true, ""outcome"": true, ""keypass"": false}",,
2087085,Yan Diomande,14065167,rating-breakdown,passes,passes,,,,RB Leipzig,87.0,,41.8,19.2,51.1,29.5,True,True,1,boolean_field,success,True,,False,False,pass,rating-breakdown,True,41.8,19.2,51.1,29.5,pass,True,False,"{""playerCoordinates"": {""x"": 41.8, ""y"": 19.2}, ""passEndCoordinates"": {""x"": 51.1, ""y"": 29.5}, ""eventActionType"": ""pass"", ""isHome"": true, ""outcome"": true, ""keypass"": false}",,
2087085,Yan Diomande,14065167,rating-breakdown,passes,passes,,,,RB Leipzig,87.0,,74.8,38.4,94,26.2,True,True,1,boolean_field,success,True,,False,False,pass,rating-breakdown,True,74.8,38.4,94,26.2,pass,True,False,"{""playerCoordinates"": {""x"": 74.8, ""y"": 38.4}, ""passEndCoordinates"": {""x"": 94, ""y"": 26.2}, ""eventActionType"": ""pass"", ""isHome"": true, ""outcome"": true, ""keypass"": false}",,
2087085,Yan Diomande,14065167,rating-breakdown,passes,passes,,,,RB Leipzig,87.0,,79.9,26.2,89.9,12.6,True,True,1,boolean_field,success,True,,False,False,pass,rating-breakdown,True,79.9,26.2,89.9,12.6,pass,True,False,"{""playerCoordinates"": {""x"": 79.9, ""y"": 26.2}, ""passEndCoordinates"": {""x"": 89.9, ""y"": 12.6}, ""eventActionType"": ""pass"", ""isHome"": true, ""outcome"": true, ""keypass"": false}",,
2087085,Yan Diomande,14065167,rating-breakdown,passes,passes,,,,RB Leipzig,87.0,,55.2,52.9,76.5,69,,,,unresolvable,,,,False,False,pass,rating-breakdown,True,55.2,52.9,76.5,69,pass,True,False,"{""playerCoordinates"": {""x"": 55.2, ""y"": 52.9}, ""passEndCoordinates"": {""x"": 76.5, ""y"": 69}, ""eventActionType"": ""pass"", ""isHome"": true, ""keypass"": false}",,
2087085,Yan Diomande,14065167,rating-breakdown,passes,passes,,,,RB Leipzig,87.0,,91.6,9.3,78.3,10.6,True,True,1,boolean_field,success,True,,False,False,pass,rating-breakdown,True,91.6,9.3,78.3,10.6,pass,True,False,"{""playerCoordinates"": {""x"": 91.6, ""y"": 9.3}, ""passEndCoordinates"": {""x"": 78.3, ""y"": 10.6}, ""eventActionType"": ""pass"", ""isHome"": true, ""outcome"": true, ""keypass"": false}",,
2087085,Yan Diomande,14065167,rating-breakdown,passes,passes,,,,RB Leipzig,87.0,,81.4,7.9,73.3,13.2,True,True,1,boolean_field,success,True,,False,False,pass,rating-breakdown,True,81.4,7.9,73.3,13.2,pass,True,False,"{""playerCoordinates"": {""x"": 81.4, ""y"": 7.9}, ""passEndCoordinates"": {""x"": 73.3, ""y"": 13.2}, ""eventActionType"": ""pass"", ""isHome"": true, ""outcome"": true, ""keypass"": false}",,
2087085,Yan Diomande,14065167,rating-breakdown,passes,passes,,,,RB Leipzig,87.0,,43.1,17.5,36.4,27,True,True,1,boolean_field,success,True,,False,False,pass,rating-breakdown,True,43.1,17.5,36.4,27,pass,True,False,"{""playerCoordinates"": {""x"": 43.1, ""y"": 17.5}, ""passEndCoordinates"": {""x"": 36.4, ""y"": 27}, ""eventActionType"": ""pass"", ""isHome"": true, ""outcome"": true, ""keypass"": false}",,
2087085,Yan Diomande,14065167,rating-breakdown,passes,passes,,,,RB Leipzig,87.0,,54.8,3.5,46.2,25.4,True,True,1,boolean_field,success,True,,False,False,pass,rating-breakdown,True,54.8,3.5,46.2,25.4,pass,True,False,"{""playerCoordinates"": {""x"": 54.8, ""y"": 3.5}, ""passEndCoordinates"": {""x"": 46.2, ""y"": 25.4}, ""eventActionType"": ""pass"", ""isHome"": true, ""outcome"": true, ""keypass"": false}",,
2087085,Yan Diomande,14065167,rating-breakdown,passes,passes,,,,RB Leipzig,87.0,,73.2,19.8,69,32.8,True,True,1,boolean_field,success,True,,False,False,pass,rating-breakdown,True,73.2,19.8,69,32.8,pass,True,False,"{""playerCoordinates"": {""x"": 73.2, ""y"": 19.8}, ""passEndCoordinates"": {""x"": 69, ""y"": 32.8}, ""eventActionType"": ""pass"", ""isHome"": true, ""outcome"": true, ""keypass"": false}",,
2087085,Yan Diomande,14065167,rating-breakdown,passes,passes,,,,RB Leipzig,87.0,,84.8,4.5,72.4,21.3,True,True,1,boolean_field,success,True,,False,False,pass,rating-breakdown,True,84.8,4.5,72.4,21.3,pass,True,False,"{""playerCoordinates"": {""x"": 84.8, ""y"": 4.5}, ""passEndCoordinates"": {""x"": 72.4, ""y"": 21.3}, ""eventActionType"": ""pass"", ""isHome"": true, ""outcome"": true, ""keypass"": false}",,
2087085,Yan Diomande,14065167,rating-breakdown,passes,passes,,,,RB Leipzig,87.0,,74.9,12.9,86.5,8.2,True,True,1,boolean_field,success,True,,False,False,pass,rating-breakdown,True,74.9,12.9,86.5,8.2,pass,True,False,"{""playerCoordinates"": {""x"": 74.9, ""y"": 12.9}, ""passEndCoordinates"": {""x"": 86.5, ""y"": 8.2}, ""eventActionType"": ""pass"", ""isHome"": true, ""outcome"": true, ""keypass"": false}",,
2087085,Yan Diomande,14065167,rating-breakdown,passes,passes,,,,RB Leipzig,87.0,,79,8.1,78.1,22.2,True,True,1,boolean_field,success,True,,False,False,pass,rating-breakdown,True,79,8.1,78.1,22.2,pass,True,False,"{""playerCoordinates"": {""x"": 79, ""y"": 8.1}, ""passEndCoordinates"": {""x"": 78.1, ""y"": 22.2}, ""eventActionType"": ""pass"", ""isHome"": true, ""outcome"": true, ""keypass"": false}",,
2087085,Yan Diomande,14065167,rating-breakdown,passes,passes,,,,RB Leipzig,87.0,,73.4,10,75.3,28.8,True,True,1,boolean_field,success,True,,False,False,pass,rating-breakdown,True,73.4,10,75.3,28.8,pass,True,False,"{""playerCoordinates"": {""x"": 73.4, ""y"": 10}, ""passEndCoordinates"": {""x"": 75.3, ""y"": 28.8}, ""eventActionType"": ""pass"", ""isHome"": true, ""outcome"": true, ""keypass"": false}",,
2087085,Yan Diomande,14065167,rating-breakdown,passes,passes,,,,RB Leipzig,87.0,,75.7,17.8,71.9,37,True,True,1,boolean_field,success,True,,False,False,pass,rating-breakdown,True,75.7,17.8,71.9,37,pass,True,False,"{""playerCoordinates"": {""x"": 75.7, ""y"": 17.8}, ""passEndCoordinates"": {""x"": 71.9, ""y"": 37}, ""eventActionType"": ""pass"", ""isHome"": true, ""outcome"": true, ""keypass"": false}",,
2087085,Yan Diomande,14065167,rating-breakdown,passes,passes,,,,RB Leipzig,87.0,,74.8,22.3,68,43.3,True,True,1,boolean_field,success,True,,False,False,pass,rating-breakdown,True,74.8,22.3,68,43.3,pass,True,False,"{""playerCoordinates"": {""x"": 74.8, ""y"": 22.3}, ""passEndCoordinates"": {""x"": 68, ""y"": 43.3}, ""eventActionType"": ""pass"", ""isHome"": true, ""outcome"": true, ""keypass"": false}",,
2087085,Yan Diomande,14065167,rating-breakdown,passes,passes,,,,RB Leipzig,87.0,,62.9,33.1,72.3,42.9,,,,unresolvable,,,,False,False,pass,rating-breakdown,True,62.9,33.1,72.3,42.9,pass,True,False,"{""playerCoordinates"": {""x"": 62.9, ""y"": 33.1}, ""passEndCoordinates"": {""x"": 72.3, ""y"": 42.9}, ""eventActionType"": ""pass"", ""isHome"": true, ""keypass"": false}",,
2087085,Yan Diomande,14065167,rating-breakdown,dribbles,dribbles,,,,RB Leipzig,87.0,,78.6,6.6,,,,,,unresolvable,,,,False,False,,rating-breakdown,True,78.6,6.6,,,dribble,True,False,"{""playerCoordinates"": {""x"": 78.6, ""y"": 6.6}, ""eventActionType"": ""dribble"", ""isHome"": true, ""keypass"": false}",,
2087085,Yan Diomande,14065167,rating-breakdown,dribbles,dribbles,,,,RB Leipzig,87.0,,70,9.4,,,True,True,1,boolean_field,success,,True,False,False,,rating-breakdown,True,70,9.4,,,dribble,True,False,"{""playerCoordinates"": {""x"": 70, ""y"": 9.4}, ""eventActionType"": ""dribble"", ""isHome"": true, ""outcome"": true, ""keypass"": false}",,
2087085,Yan Diomande,14065167,rating-breakdown,dribbles,dribbles,,,,RB Leipzig,87.0,,76.1,31.1,,,True,True,1,boolean_field,success,,True,False,False,,rating-breakdown,True,76.1,31.1,,,dribble,True,False,"{""playerCoordinates"": {""x"": 76.1, ""y"": 31.1}, ""eventActionType"": ""dribble"", ""isHome"": true, ""outcome"": true, ""keypass"": false}",,
2087085,Yan Diomande,14065167,rating-breakdown,dribbles,dribbles,,,,RB Leipzig,87.0,,33.4,14.4,,,,,,unresolvable,,,,False,False,,rating-breakdown,True,33.4,14.4,,,dribble,True,False,"{""playerCoordinates"": {""x"": 33.4, ""y"": 14.4}, ""eventActionType"": ""dribble"", ""isHome"": true, ""keypass"": false}",,
2087085,Yan Diomande,14065167,rating-breakdown,dribbles,dribbles,,,,RB Leipzig,87.0,,31.4,6.8,,,,,,unresolvable,,,,False,False,,rating-breakdown,True,31.4,6.8,,,dribble,True,False,"{""playerCoordinates"": {""x"": 31.4, ""y"": 6.8}, ""eventActionType"": ""dribble"", ""isHome"": true, ""keypass"": false}",,
2087085,Yan Diomande,14065167,rating-breakdown,dribbles,dribbles,,,,RB Leipzig,87.0,,64.2,28.3,,,True,True,1,boolean_field,success,,True,False,False,,rating-breakdown,True,64.2,28.3,,,dribble,True,False,"{""playerCoordinates"": {""x"": 64.2, ""y"": 28.3}, ""eventActionType"": ""dribble"", ""isHome"": true, ""outcome"": true, ""keypass"": false}",,
2087085,Yan Diomande,14065167,rating-breakdown,dribbles,dribbles,,,,RB Leipzig,87.0,,91.4,23.2,,,,,,unresolvable,,,,False,False,,rating-breakdown,True,91.4,23.2,,,dribble,True,False,"{""playerCoordinates"": {""x"": 91.4, ""y"": 23.2}, ""eventActionType"": ""dribble"", ""isHome"": true, ""keypass"": false}",,
2087085,Yan Diomande,14065167,rating-breakdown,dribbles,dribbles,,,,RB Leipzig,87.0,,89.7,61.7,,,True,True,1,boolean_field,success,,True,False,False,,rating-breakdown,True,89.7,61.7,,,dribble,True,False,"{""playerCoordinates"": {""x"": 89.7, ""y"": 61.7}, ""eventActionType"": ""dribble"", ""isHome"": true, ""outcome"": true, ""keypass"": false}",,
2087085,Yan Diomande,14065167,rating-breakdown,defensive,defensive,,,,RB Leipzig,87.0,,12.9,5.7,,,True,True,1,boolean_field,success,,True,False,False,,rating-breakdown,True,12.9,5.7,,,ball-recovery,True,False,"{""playerCoordinates"": {""x"": 12.9, ""y"": 5.7}, ""eventActionType"": ""ball-recovery"", ""isHome"": true, ""outcome"": true, ""keypass"": false}",,
2087085,Yan Diomande,14065167,rating-breakdown,defensive,defensive,,,,RB Leipzig,87.0,,60.2,25.3,,,True,True,1,boolean_field,success,,True,False,False,,rating-breakdown,True,60.2,25.3,,,ball-recovery,True,False,"{""playerCoordinates"": {""x"": 60.2, ""y"": 25.3}, ""eventActionType"": ""ball-recovery"", ""isHome"": true, ""outcome"": true, ""keypass"": false}",,
2087085,Yan Diomande,14065167,rating-breakdown,defensive,defensive,,,,RB Leipzig,87.0,,23.8,14.2,,,,,,unresolvable,,,,False,False,,rating-breakdown,True,23.8,14.2,,,tackle,True,False,"{""playerCoordinates"": {""x"": 23.8, ""y"": 14.2}, ""eventActionType"": ""tackle"", ""isHome"": true, ""keypass"": false}",,
2087085,Yan Diomande,14065167,rating-breakdown,defensive,defensive,,,,RB Leipzig,87.0,,21.4,13.5,,,True,True,1,boolean_field,success,,True,False,False,,rating-breakdown,True,21.4,13.5,,,ball-recovery,True,False,"{""playerCoordinates"": {""x"": 21.4, ""y"": 13.5}, ""eventActionType"": ""ball-recovery"", ""isHome"": true, ""outcome"": true, ""keypass"": false}",,
2087085,Yan Diomande,14065167,rating-breakdown,defensive,defensive,,,,RB Leipzig,87.0,,26.6,11.1,,,True,True,1,boolean_field,success,,True,False,False,,rating-breakdown,True,26.6,11.1,,,ball-recovery,True,False,"{""playerCoordinates"": {""x"": 26.6, ""y"": 11.1}, ""eventActionType"": ""ball-recovery"", ""isHome"": true, ""outcome"": true, ""keypass"": false}",,
2087085,Yan Diomande,14065167,rating-breakdown,defensive,defensive,,,,RB Leipzig,87.0,,55.6,50.8,,,True,True,1,boolean_field,success,,True,False,False,,rating-breakdown,True,55.6,50.8,,,ball-recovery,True,False,"{""playerCoordinates"": {""x"": 55.6, ""y"": 50.8}, ""eventActionType"": ""ball-recovery"", ""isHome"": true, ""outcome"": true, ""keypass"": false}",,
2087085,Yan Diomande,15362429,rating-breakdown,passes,passes,,,,RB Leipzig,89.0,,56,3.9,43.7,5.6,True,True,1,boolean_field,success,True,,False,False,pass,rating-breakdown,True,56,3.9,43.7,5.6,pass,False,False,"{""playerCoordinates"": {""x"": 56, ""y"": 3.9}, ""passEndCoordinates"": {""x"": 43.7, ""y"": 5.6}, ""eventActionType"": ""pass"", ""isHome"": false, ""outcome"": true, ""keypass"": false}",,
2087085,Yan Diomande,15362429,rating-breakdown,passes,passes,,,,RB Leipzig,89.0,,88,19.8,79.3,31.4,True,True,1,boolean_field,success,True,,False,True,key_pass,rating-breakdown,True,88,19.8,79.3,31.4,pass,False,True,"{""playerCoordinates"": {""x"": 88, ""y"": 19.8}, ""passEndCoordinates"": {""x"": 79.3, ""y"": 31.4}, ""eventActionType"": ""pass"", ""isHome"": false, ""outcome"": true, ""keypass"": true}",,
2087085,Yan Diomande,15362429,rating-breakdown,passes,passes,,,,RB Leipzig,89.0,,71.8,2.7,69.1,3.6,,,,unresolvable,,,,False,False,pass,rating-breakdown,True,71.8,2.7,69.1,3.6,pass,False,False,"{""playerCoordinates"": {""x"": 71.8, ""y"": 2.7}, ""passEndCoordinates"": {""x"": 69.1, ""y"": 3.6}, ""eventActionType"": ""pass"", ""isHome"": false, ""keypass"": false}",,
2087085,Yan Diomande,15362429,rating-breakdown,passes,passes,,,,RB Leipzig,89.0,,46.7,6.2,55.8,16.2,True,True,1,boolean_field,success,True,,False,False,pass,rating-breakdown,True,46.7,6.2,55.8,16.2,pass,False,False,"{""playerCoordinates"": {""x"": 46.7, ""y"": 6.2}, ""passEndCoordinates"": {""x"": 55.8, ""y"": 16.2}, ""eventActionType"": ""pass"", ""isHome"": false, ""outcome"": true, ""keypass"": false}",,
2087085,Yan Diomande,15362429,rating-breakdown,passes,passes,,,,RB Leipzig,89.0,,80.7,9.4,71.4,22.9,True,True,1,boolean_field,success,True,,False,False,pass,rating-breakdown,True,80.7,9.4,71.4,22.9,pass,False,False,"{""playerCoordinates"": {""x"": 80.7, ""y"": 9.4}, ""passEndCoordinates"": {""x"": 71.4, ""y"": 22.9}, ""eventActionType"": ""pass"", ""isHome"": false, ""outcome"": true, ""keypass"": false}",,
2087085,Yan Diomande,15362429,rating-breakdown,passes,passes,,,,RB Leipzig,89.0,,79,1.9,91.9,1.8,True,True,1,boolean_field,success,True,,False,False,pass,rating-breakdown,True,79,1.9,91.9,1.8,pass,False,False,"{""playerCoordinates"": {""x"": 79, ""y"": 1.9}, ""passEndCoordinates"": {""x"": 91.9, ""y"": 1.8}, ""eventActionType"": ""pass"", ""isHome"": false, ""outcome"": true, ""keypass"": false}",,
2087085,Yan Diomande,15362429,rating-breakdown,passes,passes,,,,RB Leipzig,89.0,,92.3,18,96.7,45.3,,,,unresolvable,,,,False,False,pass,rating-breakdown,True,92.3,18,96.7,45.3,cross,False,False,"{""playerCoordinates"": {""x"": 92.3, ""y"": 18}, ""passEndCoordinates"": {""x"": 96.7, ""y"": 45.3}, ""eventActionType"": ""cross"", ""isHome"": false, ""keypass"": false}",,
2087085,Yan Diomande,15362429,rating-breakdown,passes,passes,,,,RB Leipzig,89.0,,44.8,4.8,61,2.9,True,True,1,boolean_field,success,True,,False,False,pass,rating-breakdown,True,44.8,4.8,61,2.9,pass,False,False,"{""playerCoordinates"": {""x"": 44.8, ""y"": 4.8}, ""passEndCoordinates"": {""x"": 61, ""y"": 2.9}, ""eventActionType"": ""pass"", ""isHome"": false, ""outcome"": true, ""keypass"": false}",,
2087085,Yan Diomande,15362429,rating-breakdown,passes,passes,,,,RB Leipzig,89.0,,90.5,15.9,87.2,33,True,True,1,boolean_field,success,True,,False,True,key_pass,rating-breakdown,True,90.5,15.9,87.2,33,pass,False,True,"{""playerCoordinates"": {""x"": 90.5, ""y"": 15.9}, ""passEndCoordinates"": {""x"": 87.2, ""y"": 33}, ""eventActionType"": ""pass"", ""isHome"": false, ""outcome"": true, ""keypass"": true}",,
2087085,Yan Diomande,15362429,rating-breakdown,passes,passes,,,,RB Leipzig,89.0,,97.3,3.5,85.9,12.4,True,True,1,boolean_field,success,True,,False,False,pass,rating-breakdown,True,97.3,3.5,85.9,12.4,pass,False,False,"{""playerCoordinates"": {""x"": 97.3, ""y"": 3.5}, ""passEndCoordinates"": {""x"": 85.9, ""y"": 12.4}, ""eventActionType"": ""pass"", ""isHome"": false, ""outcome"": true, ""keypass"": false}",,
2087085,Yan Diomande,15362429,rating-breakdown,passes,passes,,,,RB Leipzig,89.0,,81.3,3.3,81.5,15.7,,,,unresolvable,,,,False,False,pass,rating-breakdown,True,81.3,3.3,81.5,15.7,pass,False,False,"{""playerCoordinates"": {""x"": 81.3, ""y"": 3.3}, ""passEndCoordinates"": {""x"": 81.5, ""y"": 15.7}, ""eventActionType"": ""pass"", ""isHome"": false, ""keypass"": false}",,
2087085,Yan Diomande,15362429,rating-breakdown,passes,passes,,,,RB Leipzig,89.0,,78.5,27,86.1,34.2,True,True,1,boolean_field,success,True,,False,False,pass,rating-breakdown,True,78.5,27,86.1,34.2,pass,False,False,"{""playerCoordinates"": {""x"": 78.5, ""y"": 27}, ""passEndCoordinates"": {""x"": 86.1, ""y"": 34.2}, ""eventActionType"": ""pass"", ""isHome"": false, ""outcome"": true, ""keypass"": false}",,
2087085,Yan Diomande,15362429,rating-breakdown,passes,passes,,,,RB Leipzig,89.0,,62.2,4.4,46.1,16.2,True,True,1,boolean_field,success,True,,False,False,pass,rating-breakdown,True,62.2,4.4,46.1,16.2,pass,False,False,"{""playerCoordinates"": {""x"": 62.2, ""y"": 4.4}, ""passEndCoordinates"": {""x"": 46.1, ""y"": 16.2}, ""eventActionType"": ""pass"", ""isHome"": false, ""outcome"": true, ""keypass"": false}",,
2087085,Yan Diomande,15362429,rating-breakdown,passes,passes,,,,RB Leipzig,89.0,,87,6.5,86.3,21,True,True,1,boolean_field,success,True,,False,False,pass,rating-breakdown,True,87,6.5,86.3,21,pass,False,False,"{""playerCoordinates"": {""x"": 87, ""y"": 6.5}, ""passEndCoordinates"": {""x"": 86.3, ""y"": 21}, ""eventActionType"": ""pass"", ""isHome"": false, ""outcome"": true, ""keypass"": false}",,
2087085,Yan Diomande,15362429,rating-breakdown,passes,passes,,,,RB Leipzig,89.0,,62.3,5.6,47.6,14.8,True,True,1,boolean_field,success,True,,False,False,pass,rating-breakdown,True,62.3,5.6,47.6,14.8,pass,False,False,"{""playerCoordinates"": {""x"": 62.3, ""y"": 5.6}, ""passEndCoordinates"": {""x"": 47.6, ""y"": 14.8}, ""eventActionType"": ""pass"", ""isHome"": false, ""outcome"": true, ""keypass"": false}",,
2087085,Yan Diomande,15362429,rating-breakdown,passes,passes,,,,RB Leipzig,89.0,,65.8,10.7,73.3,2.9,True,True,1,boolean_field,success,True,,False,False,pass,rating-breakdown,True,65.8,10.7,73.3,2.9,pass,False,False,"{""playerCoordinates"": {""x"": 65.8, ""y"": 10.7}, ""passEndCoordinates"": {""x"": 73.3, ""y"": 2.9}, ""eventActionType"": ""pass"", ""isHome"": false, ""outcome"": true, ""keypass"": false}",,
2087085,Yan Diomande,15362429,rating-breakdown,passes,passes,,,,RB Leipzig,89.0,,64.2,13.6,51.2,48.2,True,True,1,boolean_field,success,True,,False,False,pass,rating-breakdown,True,64.2,13.6,51.2,48.2,pass,False,False,"{""playerCoordinates"": {""x"": 64.2, ""y"": 13.6}, ""passEndCoordinates"": {""x"": 51.2, ""y"": 48.2}, ""eventActionType"": ""pass"", ""isHome"": false, ""outcome"": true, ""keypass"": false}",,
2087085,Yan Diomande,15362429,rating-breakdown,passes,passes,,,,RB Leipzig,89.0,,78.8,25.6,90,24.7,,,,unresolvable,,,,False,False,pass,rating-breakdown,True,78.8,25.6,90,24.7,pass,False,False,"{""playerCoordinates"": {""x"": 78.8, ""y"": 25.6}, ""passEndCoordinates"": {""x"": 90, ""y"": 24.7}, ""eventActionType"": ""pass"", ""isHome"": false, ""keypass"": false}",,
2087085,Yan Diomande,15362429,rating-breakdown,passes,passes,,,,RB Leipzig,89.0,,66,11.3,62.6,30.7,True,True,1,boolean_field,success,True,,False,False,pass,rating-breakdown,True,66,11.3,62.6,30.7,pass,False,False,"{""playerCoordinates"": {""x"": 66, ""y"": 11.3}, ""passEndCoordinates"": {""x"": 62.6, ""y"": 30.7}, ""eventActionType"": ""pass"", ""isHome"": false, ""outcome"": true, ""keypass"": false}",,
2087085,Yan Diomande,15362429,rating-breakdown,passes,passes,,,,RB Leipzig,89.0,,70.6,47,74.9,72,True,True,1,boolean_field,success,True,,False,True,key_pass,rating-breakdown,True,70.6,47,74.9,72,pass,False,True,"{""playerCoordinates"": {""x"": 70.6, ""y"": 47}, ""passEndCoordinates"": {""x"": 74.9, ""y"": 72}, ""eventActionType"": ""pass"", ""isHome"": false, ""outcome"": true, ""keypass"": true}",,
2087085,Yan Diomande,15362429,rating-breakdown,passes,passes,,,,RB Leipzig,89.0,,85.7,12.1,95.2,27.6,True,True,1,boolean_field,success,True,,False,False,pass,rating-breakdown,True,85.7,12.1,95.2,27.6,pass,False,False,"{""playerCoordinates"": {""x"": 85.7, ""y"": 12.1}, ""passEndCoordinates"": {""x"": 95.2, ""y"": 27.6}, ""eventActionType"": ""pass"", ""isHome"": false, ""outcome"": true, ""keypass"": false}",,
2087085,Yan Diomande,15362429,rating-breakdown,passes,passes,,,,RB Leipzig,89.0,,86.2,12.9,87.2,32.7,True,True,1,boolean_field,success,True,,False,False,pass,rating-breakdown,True,86.2,12.9,87.2,32.7,cross,False,False,"{""playerCoordinates"": {""x"": 86.2, ""y"": 12.9}, ""passEndCoordinates"": {""x"": 87.2, ""y"": 32.7}, ""eventActionType"": ""cross"", ""isHome"": false, ""outcome"": true, ""keypass"": false}",,
2087085,Yan Diomande,15362429,rating-breakdown,passes,passes,,,,RB Leipzig,89.0,,61.1,3.9,73.3,2.1,True,True,1,boolean_field,success,True,,False,False,pass,rating-breakdown,True,61.1,3.9,73.3,2.1,pass,False,False,"{""playerCoordinates"": {""x"": 61.1, ""y"": 3.9}, ""passEndCoordinates"": {""x"": 73.3, ""y"": 2.1}, ""eventActionType"": ""pass"", ""isHome"": false, ""outcome"": true, ""keypass"": false}",,
2087085,Yan Diomande,15362429,rating-breakdown,passes,passes,,,,RB Leipzig,89.0,,78.9,4.1,78.6,21.8,,,,unresolvable,,,,False,False,pass,rating-breakdown,True,78.9,4.1,78.6,21.8,pass,False,False,"{""playerCoordinates"": {""x"": 78.9, ""y"": 4.1}, ""passEndCoordinates"": {""x"": 78.6, ""y"": 21.8}, ""eventActionType"": ""pass"", ""isHome"": false, ""keypass"": false}",,
2087085,Yan Diomande,15362429,rating-breakdown,passes,passes,,,,RB Leipzig,89.0,,76,15.1,65.1,18.2,True,True,1,boolean_field,success,True,,False,False,pass,rating-breakdown,True,76,15.1,65.1,18.2,pass,False,False,"{""playerCoordinates"": {""x"": 76, ""y"": 15.1}, ""passEndCoordinates"": {""x"": 65.1, ""y"": 18.2}, ""eventActionType"": ""pass"", ""isHome"": false, ""outcome"": true, ""keypass"": false}",,
2087085,Yan Diomande,15362429,rating-breakdown,passes,passes,,,,RB Leipzig,89.0,,74.9,8,65.4,26,True,True,1,boolean_field,success,True,,False,False,pass,rating-breakdown,True,74.9,8,65.4,26,pass,False,False,"{""playerCoordinates"": {""x"": 74.9, ""y"": 8}, ""passEndCoordinates"": {""x"": 65.4, ""y"": 26}, ""eventActionType"": ""pass"", ""isHome"": false, ""outcome"": true, ""keypass"": false}",,
2087085,Yan Diomande,15362429,rating-breakdown,passes,passes,,,,RB Leipzig,89.0,,85.2,18.3,85.3,48.8,True,True,1,boolean_field,success,True,,False,True,key_pass,rating-breakdown,True,85.2,18.3,85.3,48.8,pass,False,True,"{""playerCoordinates"": {""x"": 85.2, ""y"": 18.3}, ""passEndCoordinates"": {""x"": 85.3, ""y"": 48.8}, ""eventActionType"": ""pass"", ""isHome"": false, ""outcome"": true, ""keypass"": true}",,
2087085,Yan Diomande,15362429,rating-breakdown,passes,passes,,,,RB Leipzig,89.0,,30,9.1,20.6,18.6,True,True,1,boolean_field,success,True,,False,False,pass,rating-breakdown,True,30,9.1,20.6,18.6,pass,False,False,"{""playerCoordinates"": {""x"": 30, ""y"": 9.1}, ""passEndCoordinates"": {""x"": 20.6, ""y"": 18.6}, ""eventActionType"": ""pass"", ""isHome"": false, ""outcome"": true, ""keypass"": false}",,
2087085,Yan Diomande,15362429,rating-breakdown,passes,passes,,,,RB Leipzig,89.0,,59.2,17.3,56.5,34.4,True,True,1,boolean_field,success,True,,False,False,pass,rating-breakdown,True,59.2,17.3,56.5,34.4,pass,False,False,"{""playerCoordinates"": {""x"": 59.2, ""y"": 17.3}, ""passEndCoordinates"": {""x"": 56.5, ""y"": 34.4}, ""eventActionType"": ""pass"", ""isHome"": false, ""outcome"": true, ""keypass"": false}",,
2087085,Yan Diomande,15362429,rating-breakdown,passes,passes,,,,RB Leipzig,89.0,,93,23,84.5,32.1,True,True,1,boolean_field,success,True,,False,False,pass,rating-breakdown,True,93,23,84.5,32.1,pass,False,False,"{""playerCoordinates"": {""x"": 93, ""y"": 23}, ""passEndCoordinates"": {""x"": 84.5, ""y"": 32.1}, ""eventActionType"": ""pass"", ""isHome"": false, ""outcome"": true, ""keypass"": false}",,
2087085,Yan Diomande,15362429,rating-breakdown,passes,passes,,,,RB Leipzig,89.0,,60.1,4.1,52,18.8,True,True,1,boolean_field,success,True,,False,False,pass,rating-breakdown,True,60.1,4.1,52,18.8,pass,False,False,"{""playerCoordinates"": {""x"": 60.1, ""y"": 4.1}, ""passEndCoordinates"": {""x"": 52, ""y"": 18.8}, ""eventActionType"": ""pass"", ""isHome"": false, ""outcome"": true, ""keypass"": false}",,
2087085,Yan Diomande,15362429,rating-breakdown,passes,passes,,,,RB Leipzig,89.0,,58.7,14.2,54,33.3,True,True,1,boolean_field,success,True,,False,False,pass,rating-breakdown,True,58.7,14.2,54,33.3,pass,False,False,"{""playerCoordinates"": {""x"": 58.7, ""y"": 14.2}, ""passEndCoordinates"": {""x"": 54, ""y"": 33.3}, ""eventActionType"": ""pass"", ""isHome"": false, ""outcome"": true, ""keypass"": false}",,
2087085,Yan Diomande,15362429,rating-breakdown,passes,passes,,,,RB Leipzig,89.0,,76.1,9.2,72.8,32.3,True,True,1,boolean_field,success,True,,False,False,pass,rating-breakdown,True,76.1,9.2,72.8,32.3,pass,False,False,"{""playerCoordinates"": {""x"": 76.1, ""y"": 9.2}, ""passEndCoordinates"": {""x"": 72.8, ""y"": 32.3}, ""eventActionType"": ""pass"", ""isHome"": false, ""outcome"": true, ""keypass"": false}",,
2087085,Yan Diomande,15362429,rating-breakdown,passes,passes,,,,RB Leipzig,89.0,,30.7,6.5,33.5,29.8,True,True,1,boolean_field,success,True,,False,False,pass,rating-breakdown,True,30.7,6.5,33.5,29.8,pass,False,False,"{""playerCoordinates"": {""x"": 30.7, ""y"": 6.5}, ""passEndCoordinates"": {""x"": 33.5, ""y"": 29.8}, ""eventActionType"": ""pass"", ""isHome"": false, ""outcome"": true, ""keypass"": false}",,
2087085,Yan Diomande,15362429,rating-breakdown,passes,passes,,,,RB Leipzig,89.0,,58.8,3.8,45.7,28.9,True,True,1,boolean_field,success,True,,False,False,pass,rating-breakdown,True,58.8,3.8,45.7,28.9,pass,False,False,"{""playerCoordinates"": {""x"": 58.8, ""y"": 3.8}, ""passEndCoordinates"": {""x"": 45.7, ""y"": 28.9}, ""eventActionType"": ""pass"", ""isHome"": false, ""outcome"": true, ""keypass"": false}",,
2087085,Yan Diomande,15362429,rating-breakdown,ball-carries,ball-carries,,,,RB Leipzig,89.0,,85.9,13.8,88,19.8,,,,unresolvable,,,,False,False,,rating-breakdown,True,85.9,13.8,88,19.8,ball-carry,False,,"{""playerCoordinates"": {""x"": 85.9, ""y"": 13.8}, ""passEndCoordinates"": {""x"": 88, ""y"": 19.8}, ""eventActionType"": ""ball-carry"", ""isHome"": false}",,
2087085,Yan Diomande,15362429,rating-breakdown,ball-carries,ball-carries,,,,RB Leipzig,89.0,,74.9,5.1,80.2,7.6,,,,unresolvable,,,,False,False,,rating-breakdown,True,74.9,5.1,80.2,7.6,ball-carry,False,,"{""playerCoordinates"": {""x"": 74.9, ""y"": 5.1}, ""passEndCoordinates"": {""x"": 80.2, ""y"": 7.6}, ""eventActionType"": ""ball-carry"", ""isHome"": false}",,
2087085,Yan Diomande,15362429,rating-breakdown,ball-carries,ball-carries,,,,RB Leipzig,89.0,,73.9,2.4,90.5,15.9,,,,unresolvable,,,,False,False,,rating-breakdown,True,73.9,2.4,90.5,15.9,ball-carry,False,,"{""playerCoordinates"": {""x"": 73.9, ""y"": 2.4}, ""passEndCoordinates"": {""x"": 90.5, ""y"": 15.9}, ""eventActionType"": ""ball-carry"", ""isHome"": false}",,
2087085,Yan Diomande,15362429,rating-breakdown,ball-carries,ball-carries,,,,RB Leipzig,89.0,,85.8,2.5,81.3,3.3,,,,unresolvable,,,,False,False,,rating-breakdown,True,85.8,2.5,81.3,3.3,ball-carry,False,,"{""playerCoordinates"": {""x"": 85.8, ""y"": 2.5}, ""passEndCoordinates"": {""x"": 81.3, ""y"": 3.3}, ""eventActionType"": ""ball-carry"", ""isHome"": false}",,
2087085,Yan Diomande,15362429,rating-breakdown,ball-carries,ball-carries,,,,RB Leipzig,89.0,,73.5,23.5,78.5,27,,,,unresolvable,,,,False,False,,rating-breakdown,True,73.5,23.5,78.5,27,ball-carry,False,,"{""playerCoordinates"": {""x"": 73.5, ""y"": 23.5}, ""passEndCoordinates"": {""x"": 78.5, ""y"": 27}, ""eventActionType"": ""ball-carry"", ""isHome"": false}",,
2087085,Yan Diomande,15362429,rating-breakdown,ball-carries,ball-carries,,,,RB Leipzig,89.0,,65,3.5,62.2,4.4,,,,unresolvable,,,,False,False,,rating-breakdown,True,65,3.5,62.2,4.4,ball-carry,False,,"{""playerCoordinates"": {""x"": 65, ""y"": 3.5}, ""passEndCoordinates"": {""x"": 62.2, ""y"": 4.4}, ""eventActionType"": ""ball-carry"", ""isHome"": false}",,
2087085,Yan Diomande,15362429,rating-breakdown,ball-carries,ball-carries,,,,RB Leipzig,89.0,,69.8,3.5,62.3,5.6,,,,unresolvable,,,,False,False,,rating-breakdown,True,69.8,3.5,62.3,5.6,ball-carry,False,,"{""playerCoordinates"": {""x"": 69.8, ""y"": 3.5}, ""passEndCoordinates"": {""x"": 62.3, ""y"": 5.6}, ""eventActionType"": ""ball-carry"", ""isHome"": false}",,
2087085,Yan Diomande,15362429,rating-breakdown,ball-carries,ball-carries,,,,RB Leipzig,89.0,,62.2,5.1,65.8,10.7,,,,unresolvable,,,,False,False,,rating-breakdown,True,62.2,5.1,65.8,10.7,ball-carry,False,,"{""playerCoordinates"": {""x"": 62.2, ""y"": 5.1}, ""passEndCoordinates"": {""x"": 65.8, ""y"": 10.7}, ""eventActionType"": ""ball-carry"", ""isHome"": false}",,
2087085,Yan Diomande,15362429,rating-breakdown,ball-carries,ball-carries,,,,RB Leipzig,89.0,,89.8,10.7,85.7,12.1,,,,unresolvable,,,,False,False,,rating-breakdown,True,89.8,10.7,85.7,12.1,ball-carry,False,,"{""playerCoordinates"": {""x"": 89.8, ""y"": 10.7}, ""passEndCoordinates"": {""x"": 85.7, ""y"": 12.1}, ""eventActionType"": ""ball-carry"", ""isHome"": false}",,
2087085,Yan Diomande,15362429,rating-breakdown,ball-carries,ball-carries,,,,RB Leipzig,89.0,,77.5,3.3,70.1,4.3,,,,unresolvable,,,,False,False,,rating-breakdown,True,77.5,3.3,70.1,4.3,ball-carry,False,,"{""playerCoordinates"": {""x"": 77.5, ""y"": 3.3}, ""passEndCoordinates"": {""x"": 70.1, ""y"": 4.3}, ""eventActionType"": ""ball-carry"", ""isHome"": false}",,
2087085,Yan Diomande,15362429,rating-breakdown,ball-carries,ball-carries,,,,RB Leipzig,89.0,,64.7,4.1,61.1,3.9,,,,unresolvable,,,,False,False,,rating-breakdown,True,64.7,4.1,61.1,3.9,ball-carry,False,,"{""playerCoordinates"": {""x"": 64.7, ""y"": 4.1}, ""passEndCoordinates"": {""x"": 61.1, ""y"": 3.9}, ""eventActionType"": ""ball-carry"", ""isHome"": false}",,
2087085,Yan Diomande,15362429,rating-breakdown,ball-carries,ball-carries,,,,RB Leipzig,89.0,,75.8,3.2,74.9,8,,,,unresolvable,,,,False,False,,rating-breakdown,True,75.8,3.2,74.9,8,ball-carry,False,,"{""playerCoordinates"": {""x"": 75.8, ""y"": 3.2}, ""passEndCoordinates"": {""x"": 74.9, ""y"": 8}, ""eventActionType"": ""ball-carry"", ""isHome"": false}",,
2087085,Yan Diomande,15362429,rating-breakdown,ball-carries,ball-carries,,,,RB Leipzig,89.0,,72.6,15.3,85.2,18.3,,,,unresolvable,,,,False,False,,rating-breakdown,True,72.6,15.3,85.2,18.3,ball-carry,False,,"{""playerCoordinates"": {""x"": 72.6, ""y"": 15.3}, ""passEndCoordinates"": {""x"": 85.2, ""y"": 18.3}, ""eventActionType"": ""ball-carry"", ""isHome"": false}",,
2087085,Yan Diomande,15362429,rating-breakdown,ball-carries,ball-carries,,,,RB Leipzig,89.0,,79.5,5.1,74.6,8.4,,,,unresolvable,,,,False,False,,rating-breakdown,True,79.5,5.1,74.6,8.4,ball-carry,False,,"{""playerCoordinates"": {""x"": 79.5, ""y"": 5.1}, ""passEndCoordinates"": {""x"": 74.6, ""y"": 8.4}, ""eventActionType"": ""ball-carry"", ""isHome"": false}",,
2087085,Yan Diomande,15362429,rating-breakdown,ball-carries,ball-carries,,,,RB Leipzig,89.0,,32.2,4.7,30,9.1,,,,unresolvable,,,,False,False,,rating-breakdown,True,32.2,4.7,30,9.1,ball-carry,False,,"{""playerCoordinates"": {""x"": 32.2, ""y"": 4.7}, ""passEndCoordinates"": {""x"": 30, ""y"": 9.1}, ""eventActionType"": ""ball-carry"", ""isHome"": false}",,
2087085,Yan Diomande,15362429,rating-breakdown,ball-carries,ball-carries,,,,RB Leipzig,89.0,,55.4,3.3,59.2,17.3,,,,unresolvable,,,,False,False,,rating-breakdown,True,55.4,3.3,59.2,17.3,ball-carry,False,,"{""playerCoordinates"": {""x"": 55.4, ""y"": 3.3}, ""passEndCoordinates"": {""x"": 59.2, ""y"": 17.3}, ""eventActionType"": ""ball-carry"", ""isHome"": false}",,
2087085,Yan Diomande,15362429,rating-breakdown,ball-carries,ball-carries,,,,RB Leipzig,89.0,,81.9,15.6,86.2,34.7,,,,unresolvable,,,,False,False,,rating-breakdown,True,81.9,15.6,86.2,34.7,ball-carry,False,,"{""playerCoordinates"": {""x"": 81.9, ""y"": 15.6}, ""passEndCoordinates"": {""x"": 86.2, ""y"": 34.7}, ""eventActionType"": ""ball-carry"", ""isHome"": false}",,
2087085,Yan Diomande,15362429,rating-breakdown,ball-carries,ball-carries,,,,RB Leipzig,89.0,,25,6.3,28.6,9.6,,,,unresolvable,,,,False,False,,rating-breakdown,True,25,6.3,28.6,9.6,ball-carry,False,,"{""playerCoordinates"": {""x"": 25, ""y"": 6.3}, ""passEndCoordinates"": {""x"": 28.6, ""y"": 9.6}, ""eventActionType"": ""ball-carry"", ""isHome"": false}",,
2087085,Yan Diomande,15362429,rating-breakdown,ball-carries,ball-carries,,,,RB Leipzig,89.0,,54,10.9,62,12.6,,,,unresolvable,,,,False,False,,rating-breakdown,True,54,10.9,62,12.6,ball-carry,False,,"{""playerCoordinates"": {""x"": 54, ""y"": 10.9}, ""passEndCoordinates"": {""x"": 62, ""y"": 12.6}, ""eventActionType"": ""ball-carry"", ""isHome"": false}",,
2087085,Yan Diomande,15362429,rating-breakdown,ball-carries,ball-carries,,,,RB Leipzig,89.0,,57.8,4.1,58.7,14.2,,,,unresolvable,,,,False,False,,rating-breakdown,True,57.8,4.1,58.7,14.2,ball-carry,False,,"{""playerCoordinates"": {""x"": 57.8, ""y"": 4.1}, ""passEndCoordinates"": {""x"": 58.7, ""y"": 14.2}, ""eventActionType"": ""ball-carry"", ""isHome"": false}",,
2087085,Yan Diomande,15362429,rating-breakdown,ball-carries,ball-carries,,,,RB Leipzig,89.0,,31.3,17.9,29.8,12.6,,,,unresolvable,,,,False,False,,rating-breakdown,True,31.3,17.9,29.8,12.6,ball-carry,False,,"{""playerCoordinates"": {""x"": 31.3, ""y"": 17.9}, ""passEndCoordinates"": {""x"": 29.8, ""y"": 12.6}, ""eventActionType"": ""ball-carry"", ""isHome"": false}",,
2087085,Yan Diomande,15362429,rating-breakdown,dribbles,dribbles,,,,RB Leipzig,89.0,,79.2,6.8,,,,,,unresolvable,,,,False,False,,rating-breakdown,True,79.2,6.8,,,dribble,False,False,"{""playerCoordinates"": {""x"": 79.2, ""y"": 6.8}, ""eventActionType"": ""dribble"", ""isHome"": false, ""keypass"": false}",,
2087085,Yan Diomande,15362429,rating-breakdown,dribbles,dribbles,,,,RB Leipzig,89.0,,65.6,39.2,,,True,True,1,boolean_field,success,,True,False,False,,rating-breakdown,True,65.6,39.2,,,dribble,False,False,"{""playerCoordinates"": {""x"": 65.6, ""y"": 39.2}, ""eventActionType"": ""dribble"", ""isHome"": false, ""outcome"": true, ""keypass"": false}",,
2087085,Yan Diomande,15362429,rating-breakdown,dribbles,dribbles,,,,RB Leipzig,89.0,,71.2,4.6,,,True,True,1,boolean_field,success,,True,False,False,,rating-breakdown,True,71.2,4.6,,,dribble,False,False,"{""playerCoordinates"": {""x"": 71.2, ""y"": 4.6}, ""eventActionType"": ""dribble"", ""isHome"": false, ""outcome"": true, ""keypass"": false}",,
2087085,Yan Diomande,15362429,rating-breakdown,dribbles,dribbles,,,,RB Leipzig,89.0,,74.6,8.4,,,True,True,1,boolean_field,success,,True,False,False,,rating-breakdown,True,74.6,8.4,,,dribble,False,False,"{""playerCoordinates"": {""x"": 74.6, ""y"": 8.4}, ""eventActionType"": ""dribble"", ""isHome"": false, ""outcome"": true, ""keypass"": false}",,
2087085,Yan Diomande,15362429,rating-breakdown,dribbles,dribbles,,,,RB Leipzig,89.0,,74.6,22,,,,,,unresolvable,,,,False,False,,rating-breakdown,True,74.6,22,,,dribble,False,False,"{""playerCoordinates"": {""x"": 74.6, ""y"": 22}, ""eventActionType"": ""dribble"", ""isHome"": false, ""keypass"": false}",,
2087085,Yan Diomande,15362429,rating-breakdown,dribbles,dribbles,,,,RB Leipzig,89.0,,31.7,8.1,,,True,True,1,boolean_field,success,,True,False,False,,rating-breakdown,True,31.7,8.1,,,dribble,False,False,"{""playerCoordinates"": {""x"": 31.7, ""y"": 8.1}, ""eventActionType"": ""dribble"", ""isHome"": false, ""outcome"": true, ""keypass"": false}",,
2087085,Yan Diomande,15362429,rating-breakdown,dribbles,dribbles,,,,RB Leipzig,89.0,,86.2,34.7,,,,,,unresolvable,,,,False,False,,rating-breakdown,True,86.2,34.7,,,dribble,False,False,"{""playerCoordinates"": {""x"": 86.2, ""y"": 34.7}, ""eventActionType"": ""dribble"", ""isHome"": false, ""keypass"": false}",,
2087085,Yan Diomande,15362429,rating-breakdown,dribbles,dribbles,,,,RB Leipzig,89.0,,28.6,9.6,,,,,,unresolvable,,,,False,False,,rating-breakdown,True,28.6,9.6,,,dribble,False,False,"{""playerCoordinates"": {""x"": 28.6, ""y"": 9.6}, ""eventActionType"": ""dribble"", ""isHome"": false, ""keypass"": false}",,
2087085,Yan Diomande,15362429,rating-breakdown,dribbles,dribbles,,,,RB Leipzig,89.0,,30.8,12.5,,,True,True,1,boolean_field,success,,True,False,False,,rating-breakdown,True,30.8,12.5,,,dribble,False,False,"{""playerCoordinates"": {""x"": 30.8, ""y"": 12.5}, ""eventActionType"": ""dribble"", ""isHome"": false, ""outcome"": true, ""keypass"": false}",,
2087085,Yan Diomande,15362429,rating-breakdown,defensive,defensive,,,,RB Leipzig,89.0,,68.4,11.4,,,True,True,1,boolean_field,success,,True,False,False,,rating-breakdown,True,68.4,11.4,,,interception,False,False,"{""playerCoordinates"": {""x"": 68.4, ""y"": 11.4}, ""eventActionType"": ""interception"", ""isHome"": false, ""outcome"": true, ""keypass"": false}",,
2087085,Yan Diomande,15362429,rating-breakdown,defensive,defensive,,,,RB Leipzig,89.0,,39.2,10.7,,,True,True,1,boolean_field,success,,True,False,False,,rating-breakdown,True,39.2,10.7,,,tackle,False,False,"{""playerCoordinates"": {""x"": 39.2, ""y"": 10.7}, ""eventActionType"": ""tackle"", ""isHome"": false, ""outcome"": true, ""keypass"": false}",,
2087085,Yan Diomande,15362429,rating-breakdown,defensive,defensive,,,,RB Leipzig,89.0,,66.7,9.8,,,True,True,1,boolean_field,success,,True,False,False,,rating-breakdown,True,66.7,9.8,,,ball-recovery,False,False,"{""playerCoordinates"": {""x"": 66.7, ""y"": 9.8}, ""eventActionType"": ""ball-recovery"", ""isHome"": false, ""outcome"": true, ""keypass"": false}",,
2087085,Yan Diomande,15362429,rating-breakdown,defensive,defensive,,,,RB Leipzig,89.0,,89.8,10.7,,,True,True,1,boolean_field,success,,True,False,False,,rating-breakdown,True,89.8,10.7,,,ball-recovery,False,False,"{""playerCoordinates"": {""x"": 89.8, ""y"": 10.7}, ""eventActionType"": ""ball-recovery"", ""isHome"": false, ""outcome"": true, ""keypass"": false}",,
2087085,Yan Diomande,15362429,rating-breakdown,defensive,defensive,,,,RB Leipzig,89.0,,76.6,19.4,,,True,True,1,boolean_field,success,,True,False,False,,rating-breakdown,True,76.6,19.4,,,interception,False,False,"{""playerCoordinates"": {""x"": 76.6, ""y"": 19.4}, ""eventActionType"": ""interception"", ""isHome"": false, ""outcome"": true, ""keypass"": false}",,
2087085,Yan Diomande,15362429,rating-breakdown,defensive,defensive,,,,RB Leipzig,89.0,,32.2,4.7,,,True,True,1,boolean_field,success,,True,False,False,,rating-breakdown,True,32.2,4.7,,,ball-recovery,False,False,"{""playerCoordinates"": {""x"": 32.2, ""y"": 4.7}, ""eventActionType"": ""ball-recovery"", ""isHome"": false, ""outcome"": true, ""keypass"": false}",,
2087085,Yan Diomande,15362429,rating-breakdown,defensive,defensive,,,,RB Leipzig,89.0,,43.4,4.2,,,True,True,1,boolean_field,success,,True,False,False,,rating-breakdown,True,43.4,4.2,,,ball-recovery,False,False,"{""playerCoordinates"": {""x"": 43.4, ""y"": 4.2}, ""eventActionType"": ""ball-recovery"", ""isHome"": false, ""outcome"": true, ""keypass"": false}",,
2087085,Yan Diomande,15362429,rating-breakdown,defensive,defensive,,,,RB Leipzig,89.0,,20.7,37,36.7,26.7,True,True,1,boolean_field,success,,True,False,False,,rating-breakdown,True,20.7,37,36.7,26.7,clearance,False,False,"{""playerCoordinates"": {""x"": 20.7, ""y"": 37}, ""passEndCoordinates"": {""x"": 36.7, ""y"": 26.7}, ""eventActionType"": ""clearance"", ""isHome"": false, ""outcome"": true, ""keypass"": false}",,
2087085,Yan Diomande,15362429,rating-breakdown,defensive,defensive,,,,RB Leipzig,89.0,,63.5,11.2,,,True,True,1,boolean_field,success,,True,False,False,,rating-breakdown,True,63.5,11.2,,,tackle,False,False,"{""playerCoordinates"": {""x"": 63.5, ""y"": 11.2}, ""eventActionType"": ""tackle"", ""isHome"": false, ""outcome"": true, ""keypass"": false}",,
2087085,Yan Diomande,15362429,rating-breakdown,defensive,defensive,,,,RB Leipzig,89.0,,21.4,37.9,43.2,48,True,True,1,boolean_field,success,,True,False,False,,rating-breakdown,True,21.4,37.9,43.2,48,clearance,False,False,"{""playerCoordinates"": {""x"": 21.4, ""y"": 37.9}, ""passEndCoordinates"": {""x"": 43.2, ""y"": 48}, ""eventActionType"": ""clearance"", ""isHome"": false, ""outcome"": true, ""keypass"": false}",,
2087085,Yan Diomande,15362429,rating-breakdown,defensive,defensive,,,,RB Leipzig,89.0,,31.3,17.9,,,True,True,1,boolean_field,success,,True,False,False,,rating-breakdown,True,31.3,17.9,,,ball-recovery,False,False,"{""playerCoordinates"": {""x"": 31.3, ""y"": 17.9}, ""eventActionType"": ""ball-recovery"", ""isHome"": false, ""outcome"": true, ""keypass"": false}",,
2087085,Yan Diomande,14062149,rating-breakdown,passes,passes,,,,RB Leipzig,30.0,,39.1,22.8,24.3,33.7,True,True,1,boolean_field,success,True,,False,False,pass,rating-breakdown,True,39.1,22.8,24.3,33.7,pass,True,False,"{""playerCoordinates"": {""x"": 39.1, ""y"": 22.8}, ""passEndCoordinates"": {""x"": 24.3, ""y"": 33.7}, ""eventActionType"": ""pass"", ""isHome"": true, ""outcome"": true, ""keypass"": false}",,
2087085,Yan Diomande,14062149,rating-breakdown,passes,passes,,,,RB Leipzig,30.0,,61.2,10.6,51.2,22.8,True,True,1,boolean_field,success,True,,False,False,pass,rating-breakdown,True,61.2,10.6,51.2,22.8,pass,True,False,"{""playerCoordinates"": {""x"": 61.2, ""y"": 10.6}, ""passEndCoordinates"": {""x"": 51.2, ""y"": 22.8}, ""eventActionType"": ""pass"", ""isHome"": true, ""outcome"": true, ""keypass"": false}",,
2087085,Yan Diomande,14062149,rating-breakdown,passes,passes,,,,RB Leipzig,30.0,,69.6,67.8,74.6,72.1,True,True,1,boolean_field,success,True,,False,False,pass,rating-breakdown,True,69.6,67.8,74.6,72.1,pass,True,False,"{""playerCoordinates"": {""x"": 69.6, ""y"": 67.8}, ""passEndCoordinates"": {""x"": 74.6, ""y"": 72.1}, ""eventActionType"": ""pass"", ""isHome"": true, ""outcome"": true, ""keypass"": false}",,
2087085,Yan Diomande,14062149,rating-breakdown,passes,passes,,,,RB Leipzig,30.0,,83.6,19.6,85.1,43.9,,,,unresolvable,,,,False,False,pass,rating-breakdown,True,83.6,19.6,85.1,43.9,pass,True,False,"{""playerCoordinates"": {""x"": 83.6, ""y"": 19.6}, ""passEndCoordinates"": {""x"": 85.1, ""y"": 43.9}, ""eventActionType"": ""pass"", ""isHome"": true, ""keypass"": false}",,
2087085,Yan Diomande,14062149,rating-breakdown,passes,passes,,,,RB Leipzig,30.0,,90.5,15.7,72.6,27,True,True,1,boolean_field,success,True,,False,False,pass,rating-breakdown,True,90.5,15.7,72.6,27,pass,True,False,"{""playerCoordinates"": {""x"": 90.5, ""y"": 15.7}, ""passEndCoordinates"": {""x"": 72.6, ""y"": 27}, ""eventActionType"": ""pass"", ""isHome"": true, ""outcome"": true, ""keypass"": false}",,
2087085,Yan Diomande,14062149,rating-breakdown,passes,passes,,,,RB Leipzig,30.0,,76,12.7,76.4,28,True,True,1,boolean_field,success,True,,False,False,pass,rating-breakdown,True,76,12.7,76.4,28,pass,True,False,"{""playerCoordinates"": {""x"": 76, ""y"": 12.7}, ""passEndCoordinates"": {""x"": 76.4, ""y"": 28}, ""eventActionType"": ""pass"", ""isHome"": true, ""outcome"": true, ""keypass"": false}",,
2087085,Yan Diomande,14062149,rating-breakdown,passes,passes,,,,RB Leipzig,30.0,,98.1,26.8,95.9,40.9,True,True,1,boolean_field,success,True,,False,True,key_pass,rating-breakdown,True,98.1,26.8,95.9,40.9,pass,True,True,"{""playerCoordinates"": {""x"": 98.1, ""y"": 26.8}, ""passEndCoordinates"": {""x"": 95.9, ""y"": 40.9}, ""eventActionType"": ""pass"", ""isHome"": true, ""outcome"": true, ""keypass"": true}",,
2087085,Yan Diomande,14062149,rating-breakdown,passes,passes,,,,RB Leipzig,30.0,,41.3,38.4,33.1,72,True,True,1,boolean_field,success,True,,False,False,pass,rating-breakdown,True,41.3,38.4,33.1,72,pass,True,False,"{""playerCoordinates"": {""x"": 41.3, ""y"": 38.4}, ""passEndCoordinates"": {""x"": 33.1, ""y"": 72}, ""eventActionType"": ""pass"", ""isHome"": true, ""outcome"": true, ""keypass"": false}",,
2087085,Yan Diomande,14062149,rating-breakdown,passes,passes,,,,RB Leipzig,30.0,,86.6,15.4,78.1,26.7,True,True,1,boolean_field,success,True,,False,False,pass,rating-breakdown,True,86.6,15.4,78.1,26.7,pass,True,False,"{""playerCoordinates"": {""x"": 86.6, ""y"": 15.4}, ""passEndCoordinates"": {""x"": 78.1, ""y"": 26.7}, ""eventActionType"": ""pass"", ""isHome"": true, ""outcome"": true, ""keypass"": false}",,
2087085,Yan Diomande,14062149,rating-breakdown,passes,passes,,,,RB Leipzig,30.0,,94.7,76.7,96.2,64.8,,,,unresolvable,,,,False,False,pass,rating-breakdown,True,94.7,76.7,96.2,64.8,cross,True,False,"{""playerCoordinates"": {""x"": 94.7, ""y"": 76.7}, ""passEndCoordinates"": {""x"": 96.2, ""y"": 64.8}, ""eventActionType"": ""cross"", ""isHome"": true, ""keypass"": false}",,
2087085,Yan Diomande,14062149,rating-breakdown,passes,passes,,,,RB Leipzig,30.0,,35.2,42.9,37.7,83.4,True,True,1,boolean_field,success,True,,False,False,pass,rating-breakdown,True,35.2,42.9,37.7,83.4,pass,True,False,"{""playerCoordinates"": {""x"": 35.2, ""y"": 42.9}, ""passEndCoordinates"": {""x"": 37.7, ""y"": 83.4}, ""eventActionType"": ""pass"", ""isHome"": true, ""outcome"": true, ""keypass"": false}",,
2087085,Yan Diomande,14062149,rating-breakdown,passes,passes,,,,RB Leipzig,30.0,,32.2,8.7,30.6,31.6,True,True,1,boolean_field,success,True,,False,False,pass,rating-breakdown,True,32.2,8.7,30.6,31.6,pass,True,False,"{""playerCoordinates"": {""x"": 32.2, ""y"": 8.7}, ""passEndCoordinates"": {""x"": 30.6, ""y"": 31.6}, ""eventActionType"": ""pass"", ""isHome"": true, ""outcome"": true, ""keypass"": false}",,
2087085,Yan Diomande,14062149,rating-breakdown,passes,passes,,,,RB Leipzig,30.0,,77.6,71.1,79.8,57.1,True,True,1,boolean_field,success,True,,False,False,pass,rating-breakdown,True,77.6,71.1,79.8,57.1,pass,True,False,"{""playerCoordinates"": {""x"": 77.6, ""y"": 71.1}, ""passEndCoordinates"": {""x"": 79.8, ""y"": 57.1}, ""eventActionType"": ""pass"", ""isHome"": true, ""outcome"": true, ""keypass"": false}",,
2087085,Yan Diomande,14062149,rating-breakdown,passes,passes,,,,RB Leipzig,30.0,,98.1,72.1,,,True,True,1,boolean_field,success,True,,False,True,key_pass,rating-breakdown,True,98.1,72.1,,,ball-touch,True,True,"{""playerCoordinates"": {""x"": 98.1, ""y"": 72.1}, ""eventActionType"": ""ball-touch"", ""isHome"": true, ""outcome"": true, ""keypass"": true}",,
2087085,Yan Diomande,14062149,rating-breakdown,passes,passes,,,,RB Leipzig,30.0,,91,69.7,84.6,51.1,True,True,1,boolean_field,success,True,,False,True,key_pass,rating-breakdown,True,91,69.7,84.6,51.1,pass,True,True,"{""playerCoordinates"": {""x"": 91, ""y"": 69.7}, ""passEndCoordinates"": {""x"": 84.6, ""y"": 51.1}, ""eventActionType"": ""pass"", ""isHome"": true, ""outcome"": true, ""keypass"": true}",,
2087085,Yan Diomande,14062149,rating-breakdown,passes,passes,,,,RB Leipzig,30.0,,83.6,93.6,75.9,91.3,True,True,1,boolean_field,success,True,,False,False,pass,rating-breakdown,True,83.6,93.6,75.9,91.3,pass,True,False,"{""playerCoordinates"": {""x"": 83.6, ""y"": 93.6}, ""passEndCoordinates"": {""x"": 75.9, ""y"": 91.3}, ""eventActionType"": ""pass"", ""isHome"": true, ""outcome"": true, ""keypass"": false}",,
2087085,Yan Diomande,14062149,rating-breakdown,passes,passes,,,,RB Leipzig,30.0,,81.5,92.4,76.7,91.9,True,True,1,boolean_field,success,True,,False,False,pass,rating-breakdown,True,81.5,92.4,76.7,91.9,pass,True,False,"{""playerCoordinates"": {""x"": 81.5, ""y"": 92.4}, ""passEndCoordinates"": {""x"": 76.7, ""y"": 91.9}, ""eventActionType"": ""pass"", ""isHome"": true, ""outcome"": true, ""keypass"": false}",,
2087085,Yan Diomande,14062149,rating-breakdown,passes,passes,,,,RB Leipzig,30.0,,77.1,89.1,66.4,92.5,True,True,1,boolean_field,success,True,,False,False,pass,rating-breakdown,True,77.1,89.1,66.4,92.5,pass,True,False,"{""playerCoordinates"": {""x"": 77.1, ""y"": 89.1}, ""passEndCoordinates"": {""x"": 66.4, ""y"": 92.5}, ""eventActionType"": ""pass"", ""isHome"": true, ""outcome"": true, ""keypass"": false}",,
2087085,Yan Diomande,14062149,rating-breakdown,passes,passes,,,,RB Leipzig,30.0,,71.3,85.3,72.4,91.9,True,True,1,boolean_field,success,True,,False,False,pass,rating-breakdown,True,71.3,85.3,72.4,91.9,pass,True,False,"{""playerCoordinates"": {""x"": 71.3, ""y"": 85.3}, ""passEndCoordinates"": {""x"": 72.4, ""y"": 91.9}, ""eventActionType"": ""pass"", ""isHome"": true, ""outcome"": true, ""keypass"": false}",,
2087085,Yan Diomande,14062149,rating-breakdown,passes,passes,,,,RB Leipzig,30.0,,69.7,86.2,63.7,93.9,True,True,1,boolean_field,success,True,,False,False,pass,rating-breakdown,True,69.7,86.2,63.7,93.9,pass,True,False,"{""playerCoordinates"": {""x"": 69.7, ""y"": 86.2}, ""passEndCoordinates"": {""x"": 63.7, ""y"": 93.9}, ""eventActionType"": ""pass"", ""isHome"": true, ""outcome"": true, ""keypass"": false}",,
2087085,Yan Diomande,14062149,rating-breakdown,ball-carries,ball-carries,,,,RB Leipzig,30.0,,42.4,9.9,39.1,22.8,,,,unresolvable,,,,False,False,,rating-breakdown,True,42.4,9.9,39.1,22.8,ball-carry,True,,"{""playerCoordinates"": {""x"": 42.4, ""y"": 9.9}, ""passEndCoordinates"": {""x"": 39.1, ""y"": 22.8}, ""eventActionType"": ""ball-carry"", ""isHome"": true}",,
2087085,Yan Diomande,14062149,rating-breakdown,ball-carries,ball-carries,,,,RB Leipzig,30.0,,57.9,6.9,61.2,10.6,,,,unresolvable,,,,False,False,,rating-breakdown,True,57.9,6.9,61.2,10.6,ball-carry,True,,"{""playerCoordinates"": {""x"": 57.9, ""y"": 6.9}, ""passEndCoordinates"": {""x"": 61.2, ""y"": 10.6}, ""eventActionType"": ""ball-carry"", ""isHome"": true}",,
2087085,Yan Diomande,14062149,rating-breakdown,ball-carries,ball-carries,,,,RB Leipzig,30.0,,77.8,23.5,83.6,19.6,,,,unresolvable,,,,False,False,,rating-breakdown,True,77.8,23.5,83.6,19.6,ball-carry,True,,"{""playerCoordinates"": {""x"": 77.8, ""y"": 23.5}, ""passEndCoordinates"": {""x"": 83.6, ""y"": 19.6}, ""eventActionType"": ""ball-carry"", ""isHome"": true}",,
2087085,Yan Diomande,14062149,rating-breakdown,ball-carries,ball-carries,,,,RB Leipzig,30.0,,73.1,12.1,76,12.7,,,,unresolvable,,,,False,False,,rating-breakdown,True,73.1,12.1,76,12.7,ball-carry,True,,"{""playerCoordinates"": {""x"": 73.1, ""y"": 12.1}, ""passEndCoordinates"": {""x"": 76, ""y"": 12.7}, ""eventActionType"": ""ball-carry"", ""isHome"": true}",,
2087085,Yan Diomande,14062149,rating-breakdown,ball-carries,ball-carries,,,,RB Leipzig,30.0,,79.8,15.7,98.1,26.8,,,,unresolvable,,,,False,False,,rating-breakdown,True,79.8,15.7,98.1,26.8,ball-carry,True,,"{""playerCoordinates"": {""x"": 79.8, ""y"": 15.7}, ""passEndCoordinates"": {""x"": 98.1, ""y"": 26.8}, ""eventActionType"": ""ball-carry"", ""isHome"": true}",,
2087085,Yan Diomande,14062149,rating-breakdown,ball-carries,ball-carries,,,,RB Leipzig,30.0,,40.7,15,41.3,38.4,,,,unresolvable,,,,False,False,,rating-breakdown,True,40.7,15,41.3,38.4,ball-carry,True,,"{""playerCoordinates"": {""x"": 40.7, ""y"": 15}, ""passEndCoordinates"": {""x"": 41.3, ""y"": 38.4}, ""eventActionType"": ""ball-carry"", ""isHome"": true}",,
2087085,Yan Diomande,14062149,rating-breakdown,ball-carries,ball-carries,,,,RB Leipzig,30.0,,68.6,7.2,86.6,15.4,,,,unresolvable,,,,False,False,,rating-breakdown,True,68.6,7.2,86.6,15.4,ball-carry,True,,"{""playerCoordinates"": {""x"": 68.6, ""y"": 7.2}, ""passEndCoordinates"": {""x"": 86.6, ""y"": 15.4}, ""eventActionType"": ""ball-carry"", ""isHome"": true}",,
2087085,Yan Diomande,14062149,rating-breakdown,ball-carries,ball-carries,,,,RB Leipzig,30.0,,10.3,17.1,30.3,25.6,,,,unresolvable,,,,False,False,,rating-breakdown,True,10.3,17.1,30.3,25.6,ball-carry,True,,"{""playerCoordinates"": {""x"": 10.3, ""y"": 17.1}, ""passEndCoordinates"": {""x"": 30.3, ""y"": 25.6}, ""eventActionType"": ""ball-carry"", ""isHome"": true}",,
2087085,Yan Diomande,14062149,rating-breakdown,ball-carries,ball-carries,,,,RB Leipzig,30.0,,85.9,76,91.9,75,,,,unresolvable,,,,False,False,,rating-breakdown,True,85.9,76,91.9,75,ball-carry,True,,"{""playerCoordinates"": {""x"": 85.9, ""y"": 76}, ""passEndCoordinates"": {""x"": 91.9, ""y"": 75}, ""eventActionType"": ""ball-carry"", ""isHome"": true}",,
2087085,Yan Diomande,14062149,rating-breakdown,ball-carries,ball-carries,,,,RB Leipzig,30.0,,27.8,4.9,32.2,8.7,,,,unresolvable,,,,False,False,,rating-breakdown,True,27.8,4.9,32.2,8.7,ball-carry,True,,"{""playerCoordinates"": {""x"": 27.8, ""y"": 4.9}, ""passEndCoordinates"": {""x"": 32.2, ""y"": 8.7}, ""eventActionType"": ""ball-carry"", ""isHome"": true}",,
2087085,Yan Diomande,14062149,rating-breakdown,ball-carries,ball-carries,,,,RB Leipzig,30.0,,85.1,86.2,91,69.7,,,,unresolvable,,,,False,False,,rating-breakdown,True,85.1,86.2,91,69.7,ball-carry,True,,"{""playerCoordinates"": {""x"": 85.1, ""y"": 86.2}, ""passEndCoordinates"": {""x"": 91, ""y"": 69.7}, ""eventActionType"": ""ball-carry"", ""isHome"": true}",,
2087085,Yan Diomande,14062149,rating-breakdown,ball-carries,ball-carries,,,,RB Leipzig,30.0,,73.1,92.5,83.6,93.6,,,,unresolvable,,,,False,False,,rating-breakdown,True,73.1,92.5,83.6,93.6,ball-carry,True,,"{""playerCoordinates"": {""x"": 73.1, ""y"": 92.5}, ""passEndCoordinates"": {""x"": 83.6, ""y"": 93.6}, ""eventActionType"": ""ball-carry"", ""isHome"": true}",,
2087085,Yan Diomande,14062149,rating-breakdown,ball-carries,ball-carries,,,,RB Leipzig,30.0,,43.3,27.1,54,28.6,,,,unresolvable,,,,False,False,,rating-breakdown,True,43.3,27.1,54,28.6,ball-carry,True,,"{""playerCoordinates"": {""x"": 43.3, ""y"": 27.1}, ""passEndCoordinates"": {""x"": 54, ""y"": 28.6}, ""eventActionType"": ""ball-carry"", ""isHome"": true}",,
2087085,Yan Diomande,14062149,rating-breakdown,defensive,defensive,,,,RB Leipzig,30.0,,10.3,17.1,,,True,True,1,boolean_field,success,,True,False,False,,rating-breakdown,True,10.3,17.1,,,ball-recovery,True,False,"{""playerCoordinates"": {""x"": 10.3, ""y"": 17.1}, ""eventActionType"": ""ball-recovery"", ""isHome"": true, ""outcome"": true, ""keypass"": false}",,
2087085,Yan Diomande,14062149,rating-breakdown,defensive,defensive,,,,RB Leipzig,30.0,,11.3,9,,,,,,unresolvable,,,,False,False,,rating-breakdown,True,11.3,9,,,tackle,True,False,"{""playerCoordinates"": {""x"": 11.3, ""y"": 9}, ""eventActionType"": ""tackle"", ""isHome"": true, ""keypass"": false}",,
2087085,Yan Diomande,14062170,rating-breakdown,passes,passes,,,,RB Leipzig,90.0,,84.6,34.9,92.6,36.8,True,True,1,boolean_field,success,True,,False,True,key_pass,rating-breakdown,True,84.6,34.9,92.6,36.8,pass,True,True,"{""playerCoordinates"": {""x"": 84.6, ""y"": 34.9}, ""passEndCoordinates"": {""x"": 92.6, ""y"": 36.8}, ""eventActionType"": ""pass"", ""isHome"": true, ""outcome"": true, ""keypass"": true}",,
2087085,Yan Diomande,14062170,rating-breakdown,passes,passes,,,,RB Leipzig,90.0,,97,23.7,95.8,51.7,True,True,1,boolean_field,success,True,,False,True,key_pass,rating-breakdown,True,97,23.7,95.8,51.7,pass,True,True,"{""playerCoordinates"": {""x"": 97, ""y"": 23.7}, ""passEndCoordinates"": {""x"": 95.8, ""y"": 51.7}, ""eventActionType"": ""pass"", ""isHome"": true, ""outcome"": true, ""keypass"": true}",,
2087085,Yan Diomande,14062170,rating-breakdown,passes,passes,,,,RB Leipzig,90.0,,75.1,5.4,86.8,7,True,True,1,boolean_field,success,True,,False,False,pass,rating-breakdown,True,75.1,5.4,86.8,7,pass,True,False,"{""playerCoordinates"": {""x"": 75.1, ""y"": 5.4}, ""passEndCoordinates"": {""x"": 86.8, ""y"": 7}, ""eventActionType"": ""pass"", ""isHome"": true, ""outcome"": true, ""keypass"": false}",,
2087085,Yan Diomande,14062170,rating-breakdown,passes,passes,,,,RB Leipzig,90.0,,55.2,4.6,55.7,14.4,True,True,1,boolean_field,success,True,,False,False,pass,rating-breakdown,True,55.2,4.6,55.7,14.4,pass,True,False,"{""playerCoordinates"": {""x"": 55.2, ""y"": 4.6}, ""passEndCoordinates"": {""x"": 55.7, ""y"": 14.4}, ""eventActionType"": ""pass"", ""isHome"": true, ""outcome"": true, ""keypass"": false}",,
2087085,Yan Diomande,14062170,rating-breakdown,passes,passes,,,,RB Leipzig,90.0,,89.3,20.1,82,34,True,True,1,boolean_field,success,True,,False,True,key_pass,rating-breakdown,True,89.3,20.1,82,34,pass,True,True,"{""playerCoordinates"": {""x"": 89.3, ""y"": 20.1}, ""passEndCoordinates"": {""x"": 82, ""y"": 34}, ""eventActionType"": ""pass"", ""isHome"": true, ""outcome"": true, ""keypass"": true}",,
2087085,Yan Diomande,14062170,rating-breakdown,passes,passes,,,,RB Leipzig,90.0,,64.1,6.1,52.7,24.6,True,True,1,boolean_field,success,True,,False,False,pass,rating-breakdown,True,64.1,6.1,52.7,24.6,pass,True,False,"{""playerCoordinates"": {""x"": 64.1, ""y"": 6.1}, ""passEndCoordinates"": {""x"": 52.7, ""y"": 24.6}, ""eventActionType"": ""pass"", ""isHome"": true, ""outcome"": true, ""keypass"": false}",,
2087085,Yan Diomande,14062170,rating-breakdown,passes,passes,,,,RB Leipzig,90.0,,48.8,33.1,74.2,6,,,,unresolvable,,,,False,False,pass,rating-breakdown,True,48.8,33.1,74.2,6,pass,True,False,"{""playerCoordinates"": {""x"": 48.8, ""y"": 33.1}, ""passEndCoordinates"": {""x"": 74.2, ""y"": 6}, ""eventActionType"": ""pass"", ""isHome"": true, ""keypass"": false, ""isLongBall"": true}",True,
2087085,Yan Diomande,14062170,rating-breakdown,passes,passes,,,,RB Leipzig,90.0,,14.7,24.7,21.1,5.1,True,True,1,boolean_field,success,True,,False,False,pass,rating-breakdown,True,14.7,24.7,21.1,5.1,pass,True,False,"{""playerCoordinates"": {""x"": 14.7, ""y"": 24.7}, ""passEndCoordinates"": {""x"": 21.1, ""y"": 5.1}, ""eventActionType"": ""pass"", ""isHome"": true, ""outcome"": true, ""keypass"": false}",,
2087085,Yan Diomande,14062170,rating-breakdown,passes,passes,,,,RB Leipzig,90.0,,34.4,19.6,33.3,9.9,True,True,1,boolean_field,success,True,,False,False,pass,rating-breakdown,True,34.4,19.6,33.3,9.9,pass,True,False,"{""playerCoordinates"": {""x"": 34.4, ""y"": 19.6}, ""passEndCoordinates"": {""x"": 33.3, ""y"": 9.9}, ""eventActionType"": ""pass"", ""isHome"": true, ""outcome"": true, ""keypass"": false}",,
2087085,Yan Diomande,14062170,rating-breakdown,passes,passes,,,,RB Leipzig,90.0,,88.6,23.1,98.6,43.6,,,,unresolvable,,,,False,False,pass,rating-breakdown,True,88.6,23.1,98.6,43.6,pass,True,False,"{""playerCoordinates"": {""x"": 88.6, ""y"": 23.1}, ""passEndCoordinates"": {""x"": 98.6, ""y"": 43.6}, ""eventActionType"": ""pass"", ""isHome"": true, ""keypass"": false}",,
2087085,Yan Diomande,14062170,rating-breakdown,passes,passes,,,,RB Leipzig,90.0,,56.7,14.1,58.5,23.8,True,True,1,boolean_field,success,True,,False,False,pass,rating-breakdown,True,56.7,14.1,58.5,23.8,pass,True,False,"{""playerCoordinates"": {""x"": 56.7, ""y"": 14.1}, ""passEndCoordinates"": {""x"": 58.5, ""y"": 23.8}, ""eventActionType"": ""pass"", ""isHome"": true, ""outcome"": true, ""keypass"": false}",,
2087085,Yan Diomande,14062170,rating-breakdown,passes,passes,,,,RB Leipzig,90.0,,60.9,3.3,53.3,4.3,True,True,1,boolean_field,success,True,,False,False,pass,rating-breakdown,True,60.9,3.3,53.3,4.3,pass,True,False,"{""playerCoordinates"": {""x"": 60.9, ""y"": 3.3}, ""passEndCoordinates"": {""x"": 53.3, ""y"": 4.3}, ""eventActionType"": ""pass"", ""isHome"": true, ""outcome"": true, ""keypass"": false}",,
2087085,Yan Diomande,14062170,rating-breakdown,passes,passes,,,,RB Leipzig,90.0,,33.4,11.5,33.3,18,True,True,1,boolean_field,success,True,,False,False,pass,rating-breakdown,True,33.4,11.5,33.3,18,pass,True,False,"{""playerCoordinates"": {""x"": 33.4, ""y"": 11.5}, ""passEndCoordinates"": {""x"": 33.3, ""y"": 18}, ""eventActionType"": ""pass"", ""isHome"": true, ""outcome"": true, ""keypass"": false}",,
2087085,Yan Diomande,14062170,rating-breakdown,passes,passes,,,,RB Leipzig,90.0,,79.2,17.8,90.5,17.5,True,True,1,boolean_field,success,True,,False,False,pass,rating-breakdown,True,79.2,17.8,90.5,17.5,pass,True,False,"{""playerCoordinates"": {""x"": 79.2, ""y"": 17.8}, ""passEndCoordinates"": {""x"": 90.5, ""y"": 17.5}, ""eventActionType"": ""pass"", ""isHome"": true, ""outcome"": true, ""keypass"": false}",,
2087085,Yan Diomande,14062170,rating-breakdown,passes,passes,,,,RB Leipzig,90.0,,39.9,3.9,30.5,3.3,True,True,1,boolean_field,success,True,,False,False,pass,rating-breakdown,True,39.9,3.9,30.5,3.3,pass,True,False,"{""playerCoordinates"": {""x"": 39.9, ""y"": 3.9}, ""passEndCoordinates"": {""x"": 30.5, ""y"": 3.3}, ""eventActionType"": ""pass"", ""isHome"": true, ""outcome"": true, ""keypass"": false}",,
2087085,Yan Diomande,14062170,rating-breakdown,passes,passes,,,,RB Leipzig,90.0,,53.5,6.6,55.6,10.2,True,True,1,boolean_field,success,True,,False,False,pass,rating-breakdown,True,53.5,6.6,55.6,10.2,pass,True,False,"{""playerCoordinates"": {""x"": 53.5, ""y"": 6.6}, ""passEndCoordinates"": {""x"": 55.6, ""y"": 10.2}, ""eventActionType"": ""pass"", ""isHome"": true, ""outcome"": true, ""keypass"": false}",,
2087085,Yan Diomande,14062170,rating-breakdown,passes,passes,,,,RB Leipzig,90.0,,37.6,5.4,12.9,46.2,True,True,1,boolean_field,success,True,,False,False,pass,rating-breakdown,True,37.6,5.4,12.9,46.2,pass,True,False,"{""playerCoordinates"": {""x"": 37.6, ""y"": 5.4}, ""passEndCoordinates"": {""x"": 12.9, ""y"": 46.2}, ""eventActionType"": ""pass"", ""isHome"": true, ""outcome"": true, ""keypass"": false, ""isLongBall"": true}",True,
2087085,Yan Diomande,14062170,rating-breakdown,passes,passes,,,,RB Leipzig,90.0,,97.8,17.8,87.1,35.8,,,,unresolvable,,,,False,False,pass,rating-breakdown,True,97.8,17.8,87.1,35.8,pass,True,False,"{""playerCoordinates"": {""x"": 97.8, ""y"": 17.8}, ""passEndCoordinates"": {""x"": 87.1, ""y"": 35.8}, ""eventActionType"": ""pass"", ""isHome"": true, ""keypass"": false}",,
2087085,Yan Diomande,14062170,rating-breakdown,passes,passes,,,,RB Leipzig,90.0,,55.7,4.8,50.9,7.9,True,True,1,boolean_field,success,True,,False,False,pass,rating-breakdown,True,55.7,4.8,50.9,7.9,pass,True,False,"{""playerCoordinates"": {""x"": 55.7, ""y"": 4.8}, ""passEndCoordinates"": {""x"": 50.9, ""y"": 7.9}, ""eventActionType"": ""pass"", ""isHome"": true, ""outcome"": true, ""keypass"": false}",,
2087085,Yan Diomande,14062170,rating-breakdown,passes,passes,,,,RB Leipzig,90.0,,30.6,3.7,21.8,6.3,True,True,1,boolean_field,success,True,,False,False,pass,rating-breakdown,True,30.6,3.7,21.8,6.3,pass,True,False,"{""playerCoordinates"": {""x"": 30.6, ""y"": 3.7}, ""passEndCoordinates"": {""x"": 21.8, ""y"": 6.3}, ""eventActionType"": ""pass"", ""isHome"": true, ""outcome"": true, ""keypass"": false}",,
2087085,Yan Diomande,14062170,rating-breakdown,passes,passes,,,,RB Leipzig,90.0,,56.8,34.2,64.1,11.7,True,True,1,boolean_field,success,True,,False,False,pass,rating-breakdown,True,56.8,34.2,64.1,11.7,pass,True,False,"{""playerCoordinates"": {""x"": 56.8, ""y"": 34.2}, ""passEndCoordinates"": {""x"": 64.1, ""y"": 11.7}, ""eventActionType"": ""pass"", ""isHome"": true, ""outcome"": true, ""keypass"": false}",,
2087085,Yan Diomande,14062170,rating-breakdown,passes,passes,,,,RB Leipzig,90.0,,53.8,3.4,23.5,25.2,True,True,1,boolean_field,success,True,,False,False,pass,rating-breakdown,True,53.8,3.4,23.5,25.2,pass,True,False,"{""playerCoordinates"": {""x"": 53.8, ""y"": 3.4}, ""passEndCoordinates"": {""x"": 23.5, ""y"": 25.2}, ""eventActionType"": ""pass"", ""isHome"": true, ""outcome"": true, ""keypass"": false, ""isLongBall"": true}",True,
2087085,Yan Diomande,14062170,rating-breakdown,passes,passes,,,,RB Leipzig,90.0,,13.4,23.4,8.7,31.6,True,True,1,boolean_field,success,True,,False,False,pass,rating-breakdown,True,13.4,23.4,8.7,31.6,pass,True,False,"{""playerCoordinates"": {""x"": 13.4, ""y"": 23.4}, ""passEndCoordinates"": {""x"": 8.7, ""y"": 31.6}, ""eventActionType"": ""pass"", ""isHome"": true, ""outcome"": true, ""keypass"": false}",,
2087085,Yan Diomande,14062170,rating-breakdown,passes,passes,,,,RB Leipzig,90.0,,67.3,43.5,73.3,28.5,True,True,1,boolean_field,success,True,,False,False,pass,rating-breakdown,True,67.3,43.5,73.3,28.5,pass,True,False,"{""playerCoordinates"": {""x"": 67.3, ""y"": 43.5}, ""passEndCoordinates"": {""x"": 73.3, ""y"": 28.5}, ""eventActionType"": ""pass"", ""isHome"": true, ""outcome"": true, ""keypass"": false}",,
2087085,Yan Diomande,14062170,rating-breakdown,passes,passes,,,,RB Leipzig,90.0,,77.5,9.3,59.5,20.8,True,True,1,boolean_field,success,True,,False,False,pass,rating-breakdown,True,77.5,9.3,59.5,20.8,pass,True,False,"{""playerCoordinates"": {""x"": 77.5, ""y"": 9.3}, ""passEndCoordinates"": {""x"": 59.5, ""y"": 20.8}, ""eventActionType"": ""pass"", ""isHome"": true, ""outcome"": true, ""keypass"": false}",,
2087085,Yan Diomande,14062170,rating-breakdown,passes,passes,,,,RB Leipzig,90.0,,44.8,25.8,55.3,44.1,,,,unresolvable,,,,False,False,pass,rating-breakdown,True,44.8,25.8,55.3,44.1,pass,True,False,"{""playerCoordinates"": {""x"": 44.8, ""y"": 25.8}, ""passEndCoordinates"": {""x"": 55.3, ""y"": 44.1}, ""eventActionType"": ""pass"", ""isHome"": true, ""keypass"": false}",,
2087085,Yan Diomande,14062170,rating-breakdown,passes,passes,,,,RB Leipzig,90.0,,69.5,40.9,81.9,48.4,,,,unresolvable,,,,False,False,pass,rating-breakdown,True,69.5,40.9,81.9,48.4,pass,True,False,"{""playerCoordinates"": {""x"": 69.5, ""y"": 40.9}, ""passEndCoordinates"": {""x"": 81.9, ""y"": 48.4}, ""eventActionType"": ""pass"", ""isHome"": true, ""keypass"": false}",,
2087085,Yan Diomande,14062170,rating-breakdown,passes,passes,,,,RB Leipzig,90.0,,73.3,5.4,76.1,10.2,True,True,1,boolean_field,success,True,,False,False,pass,rating-breakdown,True,73.3,5.4,76.1,10.2,pass,True,False,"{""playerCoordinates"": {""x"": 73.3, ""y"": 5.4}, ""passEndCoordinates"": {""x"": 76.1, ""y"": 10.2}, ""eventActionType"": ""pass"", ""isHome"": true, ""outcome"": true, ""keypass"": false}",,
2087085,Yan Diomande,14062170,rating-breakdown,passes,passes,,,,RB Leipzig,90.0,,69.3,2.7,72,8.1,True,True,1,boolean_field,success,True,,False,False,pass,rating-breakdown,True,69.3,2.7,72,8.1,pass,True,False,"{""playerCoordinates"": {""x"": 69.3, ""y"": 2.7}, ""passEndCoordinates"": {""x"": 72, ""y"": 8.1}, ""eventActionType"": ""pass"", ""isHome"": true, ""outcome"": true, ""keypass"": false}",,
2087085,Yan Diomande,14062170,rating-breakdown,passes,passes,,,,RB Leipzig,90.0,,54.3,5.4,55.6,15.6,True,True,1,boolean_field,success,True,,False,False,pass,rating-breakdown,True,54.3,5.4,55.6,15.6,pass,True,False,"{""playerCoordinates"": {""x"": 54.3, ""y"": 5.4}, ""passEndCoordinates"": {""x"": 55.6, ""y"": 15.6}, ""eventActionType"": ""pass"", ""isHome"": true, ""outcome"": true, ""keypass"": false}",,
2087085,Yan Diomande,14062170,rating-breakdown,passes,passes,,,,RB Leipzig,90.0,,72,5.4,59.5,5.1,True,True,1,boolean_field,success,True,,False,False,pass,rating-breakdown,True,72,5.4,59.5,5.1,pass,True,False,"{""playerCoordinates"": {""x"": 72, ""y"": 5.4}, ""passEndCoordinates"": {""x"": 59.5, ""y"": 5.1}, ""eventActionType"": ""pass"", ""isHome"": true, ""outcome"": true, ""keypass"": false}",,
2087085,Yan Diomande,14062170,rating-breakdown,passes,passes,,,,RB Leipzig,90.0,,61.8,22.8,57.2,33.6,True,True,1,boolean_field,success,True,,False,False,pass,rating-breakdown,True,61.8,22.8,57.2,33.6,pass,True,False,"{""playerCoordinates"": {""x"": 61.8, ""y"": 22.8}, ""passEndCoordinates"": {""x"": 57.2, ""y"": 33.6}, ""eventActionType"": ""pass"", ""isHome"": true, ""outcome"": true, ""keypass"": false}",,
2087085,Yan Diomande,14062170,rating-breakdown,passes,passes,,,,RB Leipzig,90.0,,36.8,12.3,26.5,12,,,,unresolvable,,,,False,False,pass,rating-breakdown,True,36.8,12.3,26.5,12,pass,True,False,"{""playerCoordinates"": {""x"": 36.8, ""y"": 12.3}, ""passEndCoordinates"": {""x"": 26.5, ""y"": 12}, ""eventActionType"": ""pass"", ""isHome"": true, ""keypass"": false}",,
2087085,Yan Diomande,14062170,rating-breakdown,passes,passes,,,,RB Leipzig,90.0,,26.4,16.2,35,4.5,True,True,1,boolean_field,success,True,,False,False,pass,rating-breakdown,True,26.4,16.2,35,4.5,pass,True,False,"{""playerCoordinates"": {""x"": 26.4, ""y"": 16.2}, ""passEndCoordinates"": {""x"": 35, ""y"": 4.5}, ""eventActionType"": ""pass"", ""isHome"": true, ""outcome"": true, ""keypass"": false}",,
2087085,Yan Diomande,14062170,rating-breakdown,passes,passes,,,,RB Leipzig,90.0,,53.9,21.4,62.5,41.1,True,True,1,boolean_field,success,True,,False,False,pass,rating-breakdown,True,53.9,21.4,62.5,41.1,pass,True,False,"{""playerCoordinates"": {""x"": 53.9, ""y"": 21.4}, ""passEndCoordinates"": {""x"": 62.5, ""y"": 41.1}, ""eventActionType"": ""pass"", ""isHome"": true, ""outcome"": true, ""keypass"": false}",,
2087085,Yan Diomande,14062170,rating-breakdown,ball-carries,ball-carries,,,,RB Leipzig,90.0,,85.1,12,90.6,27,,,,unresolvable,,,,False,False,,rating-breakdown,True,85.1,12,90.6,27,ball-carry,True,,"{""playerCoordinates"": {""x"": 85.1, ""y"": 12}, ""passEndCoordinates"": {""x"": 90.6, ""y"": 27}, ""eventActionType"": ""ball-carry"", ""isHome"": true}",,
2087085,Yan Diomande,14062170,rating-breakdown,ball-carries,ball-carries,,,,RB Leipzig,90.0,,76.7,3.3,91.8,8.5,,,,unresolvable,,,,False,False,,rating-breakdown,True,76.7,3.3,91.8,8.5,ball-carry,True,,"{""playerCoordinates"": {""x"": 76.7, ""y"": 3.3}, ""passEndCoordinates"": {""x"": 91.8, ""y"": 8.5}, ""eventActionType"": ""ball-carry"", ""isHome"": true}",,
2087085,Yan Diomande,14062170,rating-breakdown,ball-carries,ball-carries,,,,RB Leipzig,90.0,,84.5,13.6,89.3,20.1,,,,unresolvable,,,,False,False,,rating-breakdown,True,84.5,13.6,89.3,20.1,ball-carry,True,,"{""playerCoordinates"": {""x"": 84.5, ""y"": 13.6}, ""passEndCoordinates"": {""x"": 89.3, ""y"": 20.1}, ""eventActionType"": ""ball-carry"", ""isHome"": true}",,
2087085,Yan Diomande,14062170,rating-breakdown,ball-carries,ball-carries,,,,RB Leipzig,90.0,,52.1,3.1,46.6,7.6,,,,unresolvable,,,,False,False,,rating-breakdown,True,52.1,3.1,46.6,7.6,ball-carry,True,,"{""playerCoordinates"": {""x"": 52.1, ""y"": 3.1}, ""passEndCoordinates"": {""x"": 46.6, ""y"": 7.6}, ""eventActionType"": ""ball-carry"", ""isHome"": true}",,
2087085,Yan Diomande,14062170,rating-breakdown,ball-carries,ball-carries,,,,RB Leipzig,90.0,,60.3,3.4,64.1,6.1,,,,unresolvable,,,,False,False,,rating-breakdown,True,60.3,3.4,64.1,6.1,ball-carry,True,,"{""playerCoordinates"": {""x"": 60.3, ""y"": 3.4}, ""passEndCoordinates"": {""x"": 64.1, ""y"": 6.1}, ""eventActionType"": ""ball-carry"", ""isHome"": true}",,
2087085,Yan Diomande,14062170,rating-breakdown,ball-carries,ball-carries,,,,RB Leipzig,90.0,,44.2,27.4,45.4,31.6,,,,unresolvable,,,,False,False,,rating-breakdown,True,44.2,27.4,45.4,31.6,ball-carry,True,,"{""playerCoordinates"": {""x"": 44.2, ""y"": 27.4}, ""passEndCoordinates"": {""x"": 45.4, ""y"": 31.6}, ""eventActionType"": ""ball-carry"", ""isHome"": true}",,
2087085,Yan Diomande,14062170,rating-breakdown,ball-carries,ball-carries,,,,RB Leipzig,90.0,,45.4,31.6,48.8,33.1,,,,unresolvable,,,,False,False,,rating-breakdown,True,45.4,31.6,48.8,33.1,ball-carry,True,,"{""playerCoordinates"": {""x"": 45.4, ""y"": 31.6}, ""passEndCoordinates"": {""x"": 48.8, ""y"": 33.1}, ""eventActionType"": ""ball-carry"", ""isHome"": true}",,
2087085,Yan Diomande,14062170,rating-breakdown,ball-carries,ball-carries,,,,RB Leipzig,90.0,,26.1,12.1,23.7,19.6,,,,unresolvable,,,,False,False,,rating-breakdown,True,26.1,12.1,23.7,19.6,ball-carry,True,,"{""playerCoordinates"": {""x"": 26.1, ""y"": 12.1}, ""passEndCoordinates"": {""x"": 23.7, ""y"": 19.6}, ""eventActionType"": ""ball-carry"", ""isHome"": true}",,
2087085,Yan Diomande,14062170,rating-breakdown,ball-carries,ball-carries,,,,RB Leipzig,90.0,,23.7,19.6,14.7,24.7,,,,unresolvable,,,,False,False,,rating-breakdown,True,23.7,19.6,14.7,24.7,ball-carry,True,,"{""playerCoordinates"": {""x"": 23.7, ""y"": 19.6}, ""passEndCoordinates"": {""x"": 14.7, ""y"": 24.7}, ""eventActionType"": ""ball-carry"", ""isHome"": true}",,
2087085,Yan Diomande,14062170,rating-breakdown,ball-carries,ball-carries,,,,RB Leipzig,90.0,,70.1,1.6,95.3,24.4,,,,unresolvable,,,,False,False,,rating-breakdown,True,70.1,1.6,95.3,24.4,ball-carry,True,,"{""playerCoordinates"": {""x"": 70.1, ""y"": 1.6}, ""passEndCoordinates"": {""x"": 95.3, ""y"": 24.4}, ""eventActionType"": ""ball-carry"", ""isHome"": true}",,
2087085,Yan Diomande,14062170,rating-breakdown,ball-carries,ball-carries,,,,RB Leipzig,90.0,,71.1,2.4,79.2,17.8,,,,unresolvable,,,,False,False,,rating-breakdown,True,71.1,2.4,79.2,17.8,ball-carry,True,,"{""playerCoordinates"": {""x"": 71.1, ""y"": 2.4}, ""passEndCoordinates"": {""x"": 79.2, ""y"": 17.8}, ""eventActionType"": ""ball-carry"", ""isHome"": true}",,
2087085,Yan Diomande,14062170,rating-breakdown,ball-carries,ball-carries,,,,RB Leipzig,90.0,,84.6,43.8,84.6,39.1,,,,unresolvable,,,,False,False,,rating-breakdown,True,84.6,43.8,84.6,39.1,ball-carry,True,,"{""playerCoordinates"": {""x"": 84.6, ""y"": 43.8}, ""passEndCoordinates"": {""x"": 84.6, ""y"": 39.1}, ""eventActionType"": ""ball-carry"", ""isHome"": true}",,
2087085,Yan Diomande,14062170,rating-breakdown,ball-carries,ball-carries,,,,RB Leipzig,90.0,,43.9,3.4,37.6,5.4,,,,unresolvable,,,,False,False,,rating-breakdown,True,43.9,3.4,37.6,5.4,ball-carry,True,,"{""playerCoordinates"": {""x"": 43.9, ""y"": 3.4}, ""passEndCoordinates"": {""x"": 37.6, ""y"": 5.4}, ""eventActionType"": ""ball-carry"", ""isHome"": true}",,
2087085,Yan Diomande,14062170,rating-breakdown,ball-carries,ball-carries,,,,RB Leipzig,90.0,,58.4,1.6,55.7,4.8,,,,unresolvable,,,,False,False,,rating-breakdown,True,58.4,1.6,55.7,4.8,ball-carry,True,,"{""playerCoordinates"": {""x"": 58.4, ""y"": 1.6}, ""passEndCoordinates"": {""x"": 55.7, ""y"": 4.8}, ""eventActionType"": ""ball-carry"", ""isHome"": true}",,
2087085,Yan Diomande,14062170,rating-breakdown,ball-carries,ball-carries,,,,RB Leipzig,90.0,,47.9,33.3,56.8,34.2,,,,unresolvable,,,,False,False,,rating-breakdown,True,47.9,33.3,56.8,34.2,ball-carry,True,,"{""playerCoordinates"": {""x"": 47.9, ""y"": 33.3}, ""passEndCoordinates"": {""x"": 56.8, ""y"": 34.2}, ""eventActionType"": ""ball-carry"", ""isHome"": true}",,
2087085,Yan Diomande,14062170,rating-breakdown,ball-carries,ball-carries,,,,RB Leipzig,90.0,,37.2,31.2,67.3,43.5,,,,unresolvable,,,,False,False,,rating-breakdown,True,37.2,31.2,67.3,43.5,ball-carry,True,,"{""playerCoordinates"": {""x"": 37.2, ""y"": 31.2}, ""passEndCoordinates"": {""x"": 67.3, ""y"": 43.5}, ""eventActionType"": ""ball-carry"", ""isHome"": true}",,
2087085,Yan Diomande,14062170,rating-breakdown,ball-carries,ball-carries,,,,RB Leipzig,90.0,,85.5,28.8,92.1,35.2,,,,unresolvable,,,,False,False,,rating-breakdown,True,85.5,28.8,92.1,35.2,ball-carry,True,,"{""playerCoordinates"": {""x"": 85.5, ""y"": 28.8}, ""passEndCoordinates"": {""x"": 92.1, ""y"": 35.2}, ""eventActionType"": ""ball-carry"", ""isHome"": true}",,
2087085,Yan Diomande,14062170,rating-breakdown,ball-carries,ball-carries,,,,RB Leipzig,90.0,,41.9,35.1,67.2,45.2,,,,unresolvable,,,,False,False,,rating-breakdown,True,41.9,35.1,67.2,45.2,ball-carry,True,,"{""playerCoordinates"": {""x"": 41.9, ""y"": 35.1}, ""passEndCoordinates"": {""x"": 67.2, ""y"": 45.2}, ""eventActionType"": ""ball-carry"", ""isHome"": true}",,
2087085,Yan Diomande,14062170,rating-breakdown,ball-carries,ball-carries,,,,RB Leipzig,90.0,,72,4.3,69.3,2.7,,,,unresolvable,,,,False,False,,rating-breakdown,True,72,4.3,69.3,2.7,ball-carry,True,,"{""playerCoordinates"": {""x"": 72, ""y"": 4.3}, ""passEndCoordinates"": {""x"": 69.3, ""y"": 2.7}, ""eventActionType"": ""ball-carry"", ""isHome"": true}",,
2087085,Yan Diomande,14062170,rating-breakdown,ball-carries,ball-carries,,,,RB Leipzig,90.0,,46.1,5.7,54.3,5.4,,,,unresolvable,,,,False,False,,rating-breakdown,True,46.1,5.7,54.3,5.4,ball-carry,True,,"{""playerCoordinates"": {""x"": 46.1, ""y"": 5.7}, ""passEndCoordinates"": {""x"": 54.3, ""y"": 5.4}, ""eventActionType"": ""ball-carry"", ""isHome"": true}",,
2087085,Yan Diomande,14062170,rating-breakdown,ball-carries,ball-carries,,,,RB Leipzig,90.0,,54.8,6.7,53.9,21.4,,,,unresolvable,,,,False,False,,rating-breakdown,True,54.8,6.7,53.9,21.4,ball-carry,True,,"{""playerCoordinates"": {""x"": 54.8, ""y"": 6.7}, ""passEndCoordinates"": {""x"": 53.9, ""y"": 21.4}, ""eventActionType"": ""ball-carry"", ""isHome"": true}",,
2087085,Yan Diomande,14062170,rating-breakdown,dribbles,dribbles,,,,RB Leipzig,90.0,,91.6,26.4,,,True,True,1,boolean_field,success,,True,False,False,,rating-breakdown,True,91.6,26.4,,,dribble,True,False,"{""playerCoordinates"": {""x"": 91.6, ""y"": 26.4}, ""eventActionType"": ""dribble"", ""isHome"": true, ""outcome"": true, ""keypass"": false}",,
2087085,Yan Diomande,14062170,rating-breakdown,dribbles,dribbles,,,,RB Leipzig,90.0,,36.7,4,,,,,,unresolvable,,,,False,False,,rating-breakdown,True,36.7,4,,,dribble,True,False,"{""playerCoordinates"": {""x"": 36.7, ""y"": 4}, ""eventActionType"": ""dribble"", ""isHome"": true, ""keypass"": false}",,
2087085,Yan Diomande,14062170,rating-breakdown,dribbles,dribbles,,,,RB Leipzig,90.0,,24.5,7.9,,,,,,unresolvable,,,,False,False,,rating-breakdown,True,24.5,7.9,,,dribble,True,False,"{""playerCoordinates"": {""x"": 24.5, ""y"": 7.9}, ""eventActionType"": ""dribble"", ""isHome"": true, ""keypass"": false}",,
2087085,Yan Diomande,14062170,rating-breakdown,dribbles,dribbles,,,,RB Leipzig,90.0,,48,33.3,,,True,True,1,boolean_field,success,,True,False,False,,rating-breakdown,True,48,33.3,,,dribble,True,False,"{""playerCoordinates"": {""x"": 48, ""y"": 33.3}, ""eventActionType"": ""dribble"", ""isHome"": true, ""outcome"": true, ""keypass"": false}",,
2087085,Yan Diomande,14062170,rating-breakdown,dribbles,dribbles,,,,RB Leipzig,90.0,,67.2,45.2,,,,,,unresolvable,,,,False,False,,rating-breakdown,True,67.2,45.2,,,dribble,True,False,"{""playerCoordinates"": {""x"": 67.2, ""y"": 45.2}, ""eventActionType"": ""dribble"", ""isHome"": true, ""keypass"": false}",,
2087085,Yan Diomande,14062170,rating-breakdown,dribbles,dribbles,,,,RB Leipzig,90.0,,71,12.1,,,,,,unresolvable,,,,False,False,,rating-breakdown,True,71,12.1,,,dribble,True,False,"{""playerCoordinates"": {""x"": 71, ""y"": 12.1}, ""eventActionType"": ""dribble"", ""isHome"": true, ""keypass"": false}",,
2087085,Yan Diomande,14062170,rating-breakdown,defensive,defensive,,,,RB Leipzig,90.0,,55.2,4.6,,,True,True,1,boolean_field,success,,True,False,False,,rating-breakdown,True,55.2,4.6,,,ball-recovery,True,False,"{""playerCoordinates"": {""x"": 55.2, ""y"": 4.6}, ""eventActionType"": ""ball-recovery"", ""isHome"": true, ""outcome"": true, ""keypass"": false}",,
2087085,Yan Diomande,14062170,rating-breakdown,defensive,defensive,,,,RB Leipzig,90.0,,45.4,31.6,,,True,True,1,boolean_field,success,,True,False,False,,rating-breakdown,True,45.4,31.6,,,ball-recovery,True,False,"{""playerCoordinates"": {""x"": 45.4, ""y"": 31.6}, ""eventActionType"": ""ball-recovery"", ""isHome"": true, ""outcome"": true, ""keypass"": false}",,
2087085,Yan Diomande,14062170,rating-breakdown,defensive,defensive,,,,RB Leipzig,90.0,,23.7,19.6,,,True,True,1,boolean_field,success,,True,False,False,,rating-breakdown,True,23.7,19.6,,,ball-recovery,True,False,"{""playerCoordinates"": {""x"": 23.7, ""y"": 19.6}, ""eventActionType"": ""ball-recovery"", ""isHome"": true, ""outcome"": true, ""keypass"": false}",,
2087085,Yan Diomande,14062170,rating-breakdown,defensive,defensive,,,,RB Leipzig,90.0,,34.4,19.6,,,True,True,1,boolean_field,success,,True,False,False,,rating-breakdown,True,34.4,19.6,,,ball-recovery,True,False,"{""playerCoordinates"": {""x"": 34.4, ""y"": 19.6}, ""eventActionType"": ""ball-recovery"", ""isHome"": true, ""outcome"": true, ""keypass"": false}",,
2087085,Yan Diomande,14062170,rating-breakdown,defensive,defensive,,,,RB Leipzig,90.0,,33.4,11.5,,,True,True,1,boolean_field,success,,True,False,False,,rating-breakdown,True,33.4,11.5,,,ball-recovery,True,False,"{""playerCoordinates"": {""x"": 33.4, ""y"": 11.5}, ""eventActionType"": ""ball-recovery"", ""isHome"": true, ""outcome"": true, ""keypass"": false}",,
2087085,Yan Diomande,14062170,rating-breakdown,defensive,defensive,,,,RB Leipzig,90.0,,43.9,3.4,,,True,True,1,boolean_field,success,,True,False,False,,rating-breakdown,True,43.9,3.4,,,ball-recovery,True,False,"{""playerCoordinates"": {""x"": 43.9, ""y"": 3.4}, ""eventActionType"": ""ball-recovery"", ""isHome"": true, ""outcome"": true, ""keypass"": false}",,
2087085,Yan Diomande,14062170,rating-breakdown,defensive,defensive,,,,RB Leipzig,90.0,,47.9,33.3,,,True,True,1,boolean_field,success,,True,False,False,,rating-breakdown,True,47.9,33.3,,,ball-recovery,True,False,"{""playerCoordinates"": {""x"": 47.9, ""y"": 33.3}, ""eventActionType"": ""ball-recovery"", ""isHome"": true, ""outcome"": true, ""keypass"": false}",,
2087085,Yan Diomande,14062170,rating-breakdown,defensive,defensive,,,,RB Leipzig,90.0,,15.6,58.3,46.1,48.1,True,True,1,boolean_field,success,,True,False,False,,rating-breakdown,True,15.6,58.3,46.1,48.1,clearance,True,False,"{""playerCoordinates"": {""x"": 15.6, ""y"": 58.3}, ""passEndCoordinates"": {""x"": 46.1, ""y"": 48.1}, ""eventActionType"": ""clearance"", ""isHome"": true, ""outcome"": true, ""keypass"": false}",,
2087085,Yan Diomande,14062170,rating-breakdown,defensive,defensive,,,,RB Leipzig,90.0,,32,32,,,True,True,1,boolean_field,success,,True,False,False,,rating-breakdown,True,32,32,,,interception,True,False,"{""playerCoordinates"": {""x"": 32, ""y"": 32}, ""eventActionType"": ""interception"", ""isHome"": true, ""outcome"": true, ""keypass"": false}",,
2087085,Yan Diomande,14062170,rating-breakdown,defensive,defensive,,,,RB Leipzig,90.0,,37.2,31.2,,,True,True,1,boolean_field,success,,True,False,False,,rating-breakdown,True,37.2,31.2,,,ball-recovery,True,False,"{""playerCoordinates"": {""x"": 37.2, ""y"": 31.2}, ""eventActionType"": ""ball-recovery"", ""isHome"": true, ""outcome"": true, ""keypass"": false}",,
2087085,Yan Diomande,14062186,rating-breakdown,passes,passes,,,,RB Leipzig,90.0,,79.8,48.3,93,75,True,True,1,boolean_field,success,True,,False,False,pass,rating-breakdown,True,79.8,48.3,93,75,pass,False,False,"{""playerCoordinates"": {""x"": 79.8, ""y"": 48.3}, ""passEndCoordinates"": {""x"": 93, ""y"": 75}, ""eventActionType"": ""pass"", ""isHome"": false, ""outcome"": true, ""keypass"": false}",,
2087085,Yan Diomande,14062186,rating-breakdown,passes,passes,,,,RB Leipzig,90.0,,62.1,39.1,65,69.3,,,,unresolvable,,,,False,False,pass,rating-breakdown,True,62.1,39.1,65,69.3,pass,False,False,"{""playerCoordinates"": {""x"": 62.1, ""y"": 39.1}, ""passEndCoordinates"": {""x"": 65, ""y"": 69.3}, ""eventActionType"": ""pass"", ""isHome"": false, ""keypass"": false}",,
2087085,Yan Diomande,14062186,rating-breakdown,passes,passes,,,,RB Leipzig,90.0,,71.8,6.8,57.4,33.8,True,True,1,boolean_field,success,True,,False,False,pass,rating-breakdown,True,71.8,6.8,57.4,33.8,pass,False,False,"{""playerCoordinates"": {""x"": 71.8, ""y"": 6.8}, ""passEndCoordinates"": {""x"": 57.4, ""y"": 33.8}, ""eventActionType"": ""pass"", ""isHome"": false, ""outcome"": true, ""keypass"": false}",,
2087085,Yan Diomande,14062186,rating-breakdown,passes,passes,,,,RB Leipzig,90.0,,65.2,3.9,66.5,21.1,,,,unresolvable,,,,False,False,pass,rating-breakdown,True,65.2,3.9,66.5,21.1,pass,False,False,"{""playerCoordinates"": {""x"": 65.2, ""y"": 3.9}, ""passEndCoordinates"": {""x"": 66.5, ""y"": 21.1}, ""eventActionType"": ""pass"", ""isHome"": false, ""keypass"": false}",,
2087085,Yan Diomande,14062186,rating-breakdown,passes,passes,,,,RB Leipzig,90.0,,42.2,26.5,40.1,36.7,True,True,1,boolean_field,success,True,,False,False,pass,rating-breakdown,True,42.2,26.5,40.1,36.7,pass,False,False,"{""playerCoordinates"": {""x"": 42.2, ""y"": 26.5}, ""passEndCoordinates"": {""x"": 40.1, ""y"": 36.7}, ""eventActionType"": ""pass"", ""isHome"": false, ""outcome"": true, ""keypass"": false}",,
2087085,Yan Diomande,14062186,rating-breakdown,passes,passes,,,,RB Leipzig,90.0,,30.8,45,10.8,46,True,True,1,boolean_field,success,True,,False,False,pass,rating-breakdown,True,30.8,45,10.8,46,pass,False,False,"{""playerCoordinates"": {""x"": 30.8, ""y"": 45}, ""passEndCoordinates"": {""x"": 10.8, ""y"": 46}, ""eventActionType"": ""pass"", ""isHome"": false, ""outcome"": true, ""keypass"": false}",,
2087085,Yan Diomande,14062186,rating-breakdown,passes,passes,,,,RB Leipzig,90.0,,65.4,4.3,69.7,14.8,,,,unresolvable,,,,False,False,pass,rating-breakdown,True,65.4,4.3,69.7,14.8,pass,False,False,"{""playerCoordinates"": {""x"": 65.4, ""y"": 4.3}, ""passEndCoordinates"": {""x"": 69.7, ""y"": 14.8}, ""eventActionType"": ""pass"", ""isHome"": false, ""keypass"": false}",,
2087085,Yan Diomande,14062186,rating-breakdown,passes,passes,,,,RB Leipzig,90.0,,80.6,18.8,83.5,36.8,,,,unresolvable,,,,False,False,pass,rating-breakdown,True,80.6,18.8,83.5,36.8,pass,False,False,"{""playerCoordinates"": {""x"": 80.6, ""y"": 18.8}, ""passEndCoordinates"": {""x"": 83.5, ""y"": 36.8}, ""eventActionType"": ""pass"", ""isHome"": false, ""keypass"": false}",,
2087085,Yan Diomande,14062186,rating-breakdown,passes,passes,,,,RB Leipzig,90.0,,62.4,19.9,40.7,41.9,True,True,1,boolean_field,success,True,,False,False,pass,rating-breakdown,True,62.4,19.9,40.7,41.9,pass,False,False,"{""playerCoordinates"": {""x"": 62.4, ""y"": 19.9}, ""passEndCoordinates"": {""x"": 40.7, ""y"": 41.9}, ""eventActionType"": ""pass"", ""isHome"": false, ""outcome"": true, ""keypass"": false}",,
2087085,Yan Diomande,14062186,rating-breakdown,passes,passes,,,,RB Leipzig,90.0,,66.8,45.1,74,37.8,True,True,1,boolean_field,success,True,,False,False,pass,rating-breakdown,True,66.8,45.1,74,37.8,pass,False,False,"{""playerCoordinates"": {""x"": 66.8, ""y"": 45.1}, ""passEndCoordinates"": {""x"": 74, ""y"": 37.8}, ""eventActionType"": ""pass"", ""isHome"": false, ""outcome"": true, ""keypass"": false}",,
2087085,Yan Diomande,14062186,rating-breakdown,passes,passes,,,,RB Leipzig,90.0,,72.6,38.2,69.1,31.8,True,True,1,boolean_field,success,True,,False,False,pass,rating-breakdown,True,72.6,38.2,69.1,31.8,pass,False,False,"{""playerCoordinates"": {""x"": 72.6, ""y"": 38.2}, ""passEndCoordinates"": {""x"": 69.1, ""y"": 31.8}, ""eventActionType"": ""pass"", ""isHome"": false, ""outcome"": true, ""keypass"": false}",,
2087085,Yan Diomande,14062186,rating-breakdown,passes,passes,,,,RB Leipzig,90.0,,71.5,86.1,64.3,80.7,True,True,1,boolean_field,success,True,,False,False,pass,rating-breakdown,True,71.5,86.1,64.3,80.7,pass,False,False,"{""playerCoordinates"": {""x"": 71.5, ""y"": 86.1}, ""passEndCoordinates"": {""x"": 64.3, ""y"": 80.7}, ""eventActionType"": ""pass"", ""isHome"": false, ""outcome"": true, ""keypass"": false}",,
2087085,Yan Diomande,14062186,rating-breakdown,passes,passes,,,,RB Leipzig,90.0,,78.5,79.1,88.6,86.1,True,True,1,boolean_field,success,True,,False,False,pass,rating-breakdown,True,78.5,79.1,88.6,86.1,pass,False,False,"{""playerCoordinates"": {""x"": 78.5, ""y"": 79.1}, ""passEndCoordinates"": {""x"": 88.6, ""y"": 86.1}, ""eventActionType"": ""pass"", ""isHome"": false, ""outcome"": true, ""keypass"": false}",,
2087085,Yan Diomande,14062186,rating-breakdown,passes,passes,,,,RB Leipzig,90.0,,75.1,79.6,81.5,95.4,True,True,1,boolean_field,success,True,,False,False,pass,rating-breakdown,True,75.1,79.6,81.5,95.4,pass,False,False,"{""playerCoordinates"": {""x"": 75.1, ""y"": 79.6}, ""passEndCoordinates"": {""x"": 81.5, ""y"": 95.4}, ""eventActionType"": ""pass"", ""isHome"": false, ""outcome"": true, ""keypass"": false}",,
2087085,Yan Diomande,14062186,rating-breakdown,passes,passes,,,,RB Leipzig,90.0,,77.5,81.7,79.5,95.5,True,True,1,boolean_field,success,True,,False,False,pass,rating-breakdown,True,77.5,81.7,79.5,95.5,pass,False,False,"{""playerCoordinates"": {""x"": 77.5, ""y"": 81.7}, ""passEndCoordinates"": {""x"": 79.5, ""y"": 95.5}, ""eventActionType"": ""pass"", ""isHome"": false, ""outcome"": true, ""keypass"": false}",,
2087085,Yan Diomande,14062186,rating-breakdown,passes,passes,,,,RB Leipzig,90.0,,79.7,91.6,78.5,97.6,True,True,1,boolean_field,success,True,,False,False,pass,rating-breakdown,True,79.7,91.6,78.5,97.6,pass,False,False,"{""playerCoordinates"": {""x"": 79.7, ""y"": 91.6}, ""passEndCoordinates"": {""x"": 78.5, ""y"": 97.6}, ""eventActionType"": ""pass"", ""isHome"": false, ""outcome"": true, ""keypass"": false}",,
2087085,Yan Diomande,14062186,rating-breakdown,passes,passes,,,,RB Leipzig,90.0,,61.8,53.6,62.3,67.1,True,True,1,boolean_field,success,True,,False,False,pass,rating-breakdown,True,61.8,53.6,62.3,67.1,pass,False,False,"{""playerCoordinates"": {""x"": 61.8, ""y"": 53.6}, ""passEndCoordinates"": {""x"": 62.3, ""y"": 67.1}, ""eventActionType"": ""pass"", ""isHome"": false, ""outcome"": true, ""keypass"": false}",,
2087085,Yan Diomande,14062186,rating-breakdown,passes,passes,,,,RB Leipzig,90.0,,94.6,8,84.2,67.3,,,,unresolvable,,,,False,False,pass,rating-breakdown,True,94.6,8,84.2,67.3,cross,False,False,"{""playerCoordinates"": {""x"": 94.6, ""y"": 8}, ""passEndCoordinates"": {""x"": 84.2, ""y"": 67.3}, ""eventActionType"": ""cross"", ""isHome"": false, ""keypass"": false, ""isLongBall"": true}",True,
2087085,Yan Diomande,14062186,rating-breakdown,passes,passes,,,,RB Leipzig,90.0,,42.4,8.8,57.6,15.6,True,True,1,boolean_field,success,True,,False,False,pass,rating-breakdown,True,42.4,8.8,57.6,15.6,pass,False,False,"{""playerCoordinates"": {""x"": 42.4, ""y"": 8.8}, ""passEndCoordinates"": {""x"": 57.6, ""y"": 15.6}, ""eventActionType"": ""pass"", ""isHome"": false, ""outcome"": true, ""keypass"": false}",,
2087085,Yan Diomande,14062186,rating-breakdown,passes,passes,,,,RB Leipzig,90.0,,76.5,25.9,78.7,30.9,,,,unresolvable,,,,False,False,pass,rating-breakdown,True,76.5,25.9,78.7,30.9,pass,False,False,"{""playerCoordinates"": {""x"": 76.5, ""y"": 25.9}, ""passEndCoordinates"": {""x"": 78.7, ""y"": 30.9}, ""eventActionType"": ""pass"", ""isHome"": false, ""keypass"": false}",,
2087085,Yan Diomande,14062186,rating-breakdown,passes,passes,,,,RB Leipzig,90.0,,70.8,20.7,62.5,22.1,True,True,1,boolean_field,success,True,,False,False,pass,rating-breakdown,True,70.8,20.7,62.5,22.1,pass,False,False,"{""playerCoordinates"": {""x"": 70.8, ""y"": 20.7}, ""passEndCoordinates"": {""x"": 62.5, ""y"": 22.1}, ""eventActionType"": ""pass"", ""isHome"": false, ""outcome"": true, ""keypass"": false}",,
2087085,Yan Diomande,14062186,rating-breakdown,passes,passes,,,,RB Leipzig,90.0,,75.4,10,76.8,4,True,True,1,boolean_field,success,True,,False,False,pass,rating-breakdown,True,75.4,10,76.8,4,pass,False,False,"{""playerCoordinates"": {""x"": 75.4, ""y"": 10}, ""passEndCoordinates"": {""x"": 76.8, ""y"": 4}, ""eventActionType"": ""pass"", ""isHome"": false, ""outcome"": true, ""keypass"": false}",,
2087085,Yan Diomande,14062186,rating-breakdown,passes,passes,,,,RB Leipzig,90.0,,91.3,12.3,88.8,27.2,True,True,1,boolean_field,success,True,,False,False,pass,rating-breakdown,True,91.3,12.3,88.8,27.2,pass,False,False,"{""playerCoordinates"": {""x"": 91.3, ""y"": 12.3}, ""passEndCoordinates"": {""x"": 88.8, ""y"": 27.2}, ""eventActionType"": ""pass"", ""isHome"": false, ""outcome"": true, ""keypass"": false}",,
2087085,Yan Diomande,14062186,rating-breakdown,passes,passes,,,,RB Leipzig,90.0,,64.4,49.7,48.4,38.1,True,True,1,boolean_field,success,True,,False,False,pass,rating-breakdown,True,64.4,49.7,48.4,38.1,pass,False,False,"{""playerCoordinates"": {""x"": 64.4, ""y"": 49.7}, ""passEndCoordinates"": {""x"": 48.4, ""y"": 38.1}, ""eventActionType"": ""pass"", ""isHome"": false, ""outcome"": true, ""keypass"": false}",,
2087085,Yan Diomande,14062186,rating-breakdown,passes,passes,,,,RB Leipzig,90.0,,66.2,2.1,69.4,6.6,,,,unresolvable,,,,False,False,pass,rating-breakdown,True,66.2,2.1,69.4,6.6,pass,False,False,"{""playerCoordinates"": {""x"": 66.2, ""y"": 2.1}, ""passEndCoordinates"": {""x"": 69.4, ""y"": 6.6}, ""eventActionType"": ""pass"", ""isHome"": false, ""keypass"": false}",,
2087085,Yan Diomande,14062186,rating-breakdown,passes,passes,,,,RB Leipzig,90.0,,66.2,3.9,59.7,18.4,True,True,1,boolean_field,success,True,,False,False,pass,rating-breakdown,True,66.2,3.9,59.7,18.4,pass,False,False,"{""playerCoordinates"": {""x"": 66.2, ""y"": 3.9}, ""passEndCoordinates"": {""x"": 59.7, ""y"": 18.4}, ""eventActionType"": ""pass"", ""isHome"": false, ""outcome"": true, ""keypass"": false}",,
2087085,Yan Diomande,14062186,rating-breakdown,passes,passes,,,,RB Leipzig,90.0,,82.9,4,84.2,24.7,True,True,1,boolean_field,success,True,,False,False,pass,rating-breakdown,True,82.9,4,84.2,24.7,pass,False,False,"{""playerCoordinates"": {""x"": 82.9, ""y"": 4}, ""passEndCoordinates"": {""x"": 84.2, ""y"": 24.7}, ""eventActionType"": ""pass"", ""isHome"": false, ""outcome"": true, ""keypass"": false}",,
2087085,Yan Diomande,14062186,rating-breakdown,passes,passes,,,,RB Leipzig,90.0,,44.2,13.7,33.3,18.6,True,True,1,boolean_field,success,True,,False,False,pass,rating-breakdown,True,44.2,13.7,33.3,18.6,pass,False,False,"{""playerCoordinates"": {""x"": 44.2, ""y"": 13.7}, ""passEndCoordinates"": {""x"": 33.3, ""y"": 18.6}, ""eventActionType"": ""pass"", ""isHome"": false, ""outcome"": true, ""keypass"": false}",,
2087085,Yan Diomande,14062186,rating-breakdown,passes,passes,,,,RB Leipzig,90.0,,76.8,25.2,92.7,19.2,True,True,1,boolean_field,success,True,,True,True,assist,rating-breakdown,True,76.8,25.2,92.7,19.2,pass,False,True,"{""playerCoordinates"": {""x"": 76.8, ""y"": 25.2}, ""passEndCoordinates"": {""x"": 92.7, ""y"": 19.2}, ""eventActionType"": ""pass"", ""isHome"": false, ""outcome"": true, ""keypass"": true, ""isAssist"": true}",,True
2087085,Yan Diomande,14062186,rating-breakdown,passes,passes,,,,RB Leipzig,90.0,,62.1,12.4,44.2,15.3,True,True,1,boolean_field,success,True,,False,False,pass,rating-breakdown,True,62.1,12.4,44.2,15.3,pass,False,False,"{""playerCoordinates"": {""x"": 62.1, ""y"": 12.4}, ""passEndCoordinates"": {""x"": 44.2, ""y"": 15.3}, ""eventActionType"": ""pass"", ""isHome"": false, ""outcome"": true, ""keypass"": false}",,
2087085,Yan Diomande,14062186,rating-breakdown,passes,passes,,,,RB Leipzig,90.0,,68,6.1,64.1,29.1,True,True,1,boolean_field,success,True,,False,False,pass,rating-breakdown,True,68,6.1,64.1,29.1,pass,False,False,"{""playerCoordinates"": {""x"": 68, ""y"": 6.1}, ""passEndCoordinates"": {""x"": 64.1, ""y"": 29.1}, ""eventActionType"": ""pass"", ""isHome"": false, ""outcome"": true, ""keypass"": false}",,
2087085,Yan Diomande,14062186,rating-breakdown,passes,passes,,,,RB Leipzig,90.0,,73.2,15,63.7,15,True,True,1,boolean_field,success,True,,False,False,pass,rating-breakdown,True,73.2,15,63.7,15,pass,False,False,"{""playerCoordinates"": {""x"": 73.2, ""y"": 15}, ""passEndCoordinates"": {""x"": 63.7, ""y"": 15}, ""eventActionType"": ""pass"", ""isHome"": false, ""outcome"": true, ""keypass"": false}",,
2087085,Yan Diomande,14062186,rating-breakdown,passes,passes,,,,RB Leipzig,90.0,,80.2,18.6,90,24.4,,,,unresolvable,,,,False,False,pass,rating-breakdown,True,80.2,18.6,90,24.4,pass,False,False,"{""playerCoordinates"": {""x"": 80.2, ""y"": 18.6}, ""passEndCoordinates"": {""x"": 90, ""y"": 24.4}, ""eventActionType"": ""pass"", ""isHome"": false, ""keypass"": false}",,
2087085,Yan Diomande,14062186,rating-breakdown,passes,passes,,,,RB Leipzig,90.0,,57.6,2.5,42.9,3.4,True,True,1,boolean_field,success,True,,False,False,pass,rating-breakdown,True,57.6,2.5,42.9,3.4,pass,False,False,"{""playerCoordinates"": {""x"": 57.6, ""y"": 2.5}, ""passEndCoordinates"": {""x"": 42.9, ""y"": 3.4}, ""eventActionType"": ""pass"", ""isHome"": false, ""outcome"": true, ""keypass"": false}",,
2087085,Yan Diomande,14062186,rating-breakdown,passes,passes,,,,RB Leipzig,90.0,,82.1,37.8,90.6,66.9,True,True,1,boolean_field,success,True,,True,True,assist,rating-breakdown,True,82.1,37.8,90.6,66.9,pass,False,True,"{""playerCoordinates"": {""x"": 82.1, ""y"": 37.8}, ""passEndCoordinates"": {""x"": 90.6, ""y"": 66.9}, ""eventActionType"": ""pass"", ""isHome"": false, ""outcome"": true, ""keypass"": true, ""isAssist"": true}",,True
2087085,Yan Diomande,14062186,rating-breakdown,passes,passes,,,,RB Leipzig,90.0,,26.2,63.4,32.5,56.4,,,,unresolvable,,,,False,False,pass,rating-breakdown,True,26.2,63.4,32.5,56.4,pass,False,False,"{""playerCoordinates"": {""x"": 26.2, ""y"": 63.4}, ""passEndCoordinates"": {""x"": 32.5, ""y"": 56.4}, ""eventActionType"": ""pass"", ""isHome"": false, ""keypass"": false}",,
2087085,Yan Diomande,14062186,rating-breakdown,passes,passes,,,,RB Leipzig,90.0,,34.3,76.3,39.2,92,True,True,1,boolean_field,success,True,,False,False,pass,rating-breakdown,True,34.3,76.3,39.2,92,pass,False,False,"{""playerCoordinates"": {""x"": 34.3, ""y"": 76.3}, ""passEndCoordinates"": {""x"": 39.2, ""y"": 92}, ""eventActionType"": ""pass"", ""isHome"": false, ""outcome"": true, ""keypass"": false}",,
2087085,Yan Diomande,14062186,rating-breakdown,passes,passes,,,,RB Leipzig,90.0,,40.4,85.8,33,71.1,True,True,1,boolean_field,success,True,,False,False,pass,rating-breakdown,True,40.4,85.8,33,71.1,pass,False,False,"{""playerCoordinates"": {""x"": 40.4, ""y"": 85.8}, ""passEndCoordinates"": {""x"": 33, ""y"": 71.1}, ""eventActionType"": ""pass"", ""isHome"": false, ""outcome"": true, ""keypass"": false}",,
2087085,Yan Diomande,14062186,rating-breakdown,passes,passes,,,,RB Leipzig,90.0,,32.8,72.9,7.6,58.6,True,True,1,boolean_field,success,True,,False,False,pass,rating-breakdown,True,32.8,72.9,7.6,58.6,pass,False,False,"{""playerCoordinates"": {""x"": 32.8, ""y"": 72.9}, ""passEndCoordinates"": {""x"": 7.6, ""y"": 58.6}, ""eventActionType"": ""pass"", ""isHome"": false, ""outcome"": true, ""keypass"": false}",,
2087085,Yan Diomande,14062186,rating-breakdown,passes,passes,,,,RB Leipzig,90.0,,34.6,96.9,29.4,88.5,True,True,1,boolean_field,success,True,,False,False,pass,rating-breakdown,True,34.6,96.9,29.4,88.5,pass,False,False,"{""playerCoordinates"": {""x"": 34.6, ""y"": 96.9}, ""passEndCoordinates"": {""x"": 29.4, ""y"": 88.5}, ""eventActionType"": ""pass"", ""isHome"": false, ""outcome"": true, ""keypass"": false}",,
2087085,Yan Diomande,14062186,rating-breakdown,passes,passes,,,,RB Leipzig,90.0,,74.8,97.5,68.8,95.4,True,True,1,boolean_field,success,True,,False,False,pass,rating-breakdown,True,74.8,97.5,68.8,95.4,pass,False,False,"{""playerCoordinates"": {""x"": 74.8, ""y"": 97.5}, ""passEndCoordinates"": {""x"": 68.8, ""y"": 95.4}, ""eventActionType"": ""pass"", ""isHome"": false, ""outcome"": true, ""keypass"": false}",,
2087085,Yan Diomande,14062186,rating-breakdown,passes,passes,,,,RB Leipzig,90.0,,73.4,93.1,67.8,95.5,True,True,1,boolean_field,success,True,,False,False,pass,rating-breakdown,True,73.4,93.1,67.8,95.5,pass,False,False,"{""playerCoordinates"": {""x"": 73.4, ""y"": 93.1}, ""passEndCoordinates"": {""x"": 67.8, ""y"": 95.5}, ""eventActionType"": ""pass"", ""isHome"": false, ""outcome"": true, ""keypass"": false}",,
2087085,Yan Diomande,14062186,rating-breakdown,passes,passes,,,,RB Leipzig,90.0,,46,94,33.6,76.5,True,True,1,boolean_field,success,True,,False,False,pass,rating-breakdown,True,46,94,33.6,76.5,pass,False,False,"{""playerCoordinates"": {""x"": 46, ""y"": 94}, ""passEndCoordinates"": {""x"": 33.6, ""y"": 76.5}, ""eventActionType"": ""pass"", ""isHome"": false, ""outcome"": true, ""keypass"": false}",,
2087085,Yan Diomande,14062186,rating-breakdown,passes,passes,,,,RB Leipzig,90.0,,67.6,90,60.4,79.9,True,True,1,boolean_field,success,True,,False,False,pass,rating-breakdown,True,67.6,90,60.4,79.9,pass,False,False,"{""playerCoordinates"": {""x"": 67.6, ""y"": 90}, ""passEndCoordinates"": {""x"": 60.4, ""y"": 79.9}, ""eventActionType"": ""pass"", ""isHome"": false, ""outcome"": true, ""keypass"": false}",,
2087085,Yan Diomande,14062186,rating-breakdown,passes,passes,,,,RB Leipzig,90.0,,78.5,94,75.6,78.1,True,True,1,boolean_field,success,True,,False,False,pass,rating-breakdown,True,78.5,94,75.6,78.1,pass,False,False,"{""playerCoordinates"": {""x"": 78.5, ""y"": 94}, ""passEndCoordinates"": {""x"": 75.6, ""y"": 78.1}, ""eventActionType"": ""pass"", ""isHome"": false, ""outcome"": true, ""keypass"": false}",,
2087085,Yan Diomande,14062186,rating-breakdown,passes,passes,,,,RB Leipzig,90.0,,63.8,55.8,28.2,49,True,True,1,boolean_field,success,True,,False,False,pass,rating-breakdown,True,63.8,55.8,28.2,49,pass,False,False,"{""playerCoordinates"": {""x"": 63.8, ""y"": 55.8}, ""passEndCoordinates"": {""x"": 28.2, ""y"": 49}, ""eventActionType"": ""pass"", ""isHome"": false, ""outcome"": true, ""keypass"": false, ""isLongBall"": true}",True,
2087085,Yan Diomande,14062186,rating-breakdown,passes,passes,,,,RB Leipzig,90.0,,36.1,95.7,30.5,82.8,True,True,1,boolean_field,success,True,,False,False,pass,rating-breakdown,True,36.1,95.7,30.5,82.8,pass,False,False,"{""playerCoordinates"": {""x"": 36.1, ""y"": 95.7}, ""passEndCoordinates"": {""x"": 30.5, ""y"": 82.8}, ""eventActionType"": ""pass"", ""isHome"": false, ""outcome"": true, ""keypass"": false}",,
2087085,Yan Diomande,14062186,rating-breakdown,passes,passes,,,,RB Leipzig,90.0,,56.5,85,45.1,57.6,True,True,1,boolean_field,success,True,,False,False,pass,rating-breakdown,True,56.5,85,45.1,57.6,pass,False,False,"{""playerCoordinates"": {""x"": 56.5, ""y"": 85}, ""passEndCoordinates"": {""x"": 45.1, ""y"": 57.6}, ""eventActionType"": ""pass"", ""isHome"": false, ""outcome"": true, ""keypass"": false}",,
2087085,Yan Diomande,14062186,rating-breakdown,passes,passes,,,,RB Leipzig,90.0,,48.2,94.5,59,79.3,True,True,1,boolean_field,success,True,,False,False,pass,rating-breakdown,True,48.2,94.5,59,79.3,pass,False,False,"{""playerCoordinates"": {""x"": 48.2, ""y"": 94.5}, ""passEndCoordinates"": {""x"": 59, ""y"": 79.3}, ""eventActionType"": ""pass"", ""isHome"": false, ""outcome"": true, ""keypass"": false}",,
2087085,Yan Diomande,14062186,rating-breakdown,passes,passes,,,,RB Leipzig,90.0,,41.5,79.5,22,60.1,True,True,1,boolean_field,success,True,,False,False,pass,rating-breakdown,True,41.5,79.5,22,60.1,pass,False,False,"{""playerCoordinates"": {""x"": 41.5, ""y"": 79.5}, ""passEndCoordinates"": {""x"": 22, ""y"": 60.1}, ""eventActionType"": ""pass"", ""isHome"": false, ""outcome"": true, ""keypass"": false}",,
2087085,Yan Diomande,14062186,rating-breakdown,passes,passes,,,,RB Leipzig,90.0,,53.3,80.7,53.8,69.7,True,True,1,boolean_field,success,True,,False,False,pass,rating-breakdown,True,53.3,80.7,53.8,69.7,pass,False,False,"{""playerCoordinates"": {""x"": 53.3, ""y"": 80.7}, ""passEndCoordinates"": {""x"": 53.8, ""y"": 69.7}, ""eventActionType"": ""pass"", ""isHome"": false, ""outcome"": true, ""keypass"": false}",,
2087085,Yan Diomande,14062186,rating-breakdown,passes,passes,,,,RB Leipzig,90.0,,45.7,73.5,45.8,47.5,True,True,1,boolean_field,success,True,,False,False,pass,rating-breakdown,True,45.7,73.5,45.8,47.5,pass,False,False,"{""playerCoordinates"": {""x"": 45.7, ""y"": 73.5}, ""passEndCoordinates"": {""x"": 45.8, ""y"": 47.5}, ""eventActionType"": ""pass"", ""isHome"": false, ""outcome"": true, ""keypass"": false}",,
2087085,Yan Diomande,14062186,rating-breakdown,passes,passes,,,,RB Leipzig,90.0,,59.7,64.4,50.1,46.4,True,True,1,boolean_field,success,True,,False,False,pass,rating-breakdown,True,59.7,64.4,50.1,46.4,pass,False,False,"{""playerCoordinates"": {""x"": 59.7, ""y"": 64.4}, ""passEndCoordinates"": {""x"": 50.1, ""y"": 46.4}, ""eventActionType"": ""pass"", ""isHome"": false, ""outcome"": true, ""keypass"": false}",,
2087085,Yan Diomande,14062186,rating-breakdown,passes,passes,,,,RB Leipzig,90.0,,31.1,88.5,28.7,64.3,True,True,1,boolean_field,success,True,,False,False,pass,rating-breakdown,True,31.1,88.5,28.7,64.3,pass,False,False,"{""playerCoordinates"": {""x"": 31.1, ""y"": 88.5}, ""passEndCoordinates"": {""x"": 28.7, ""y"": 64.3}, ""eventActionType"": ""pass"", ""isHome"": false, ""outcome"": true, ""keypass"": false}",,
2087085,Yan Diomande,14062186,rating-breakdown,passes,passes,,,,RB Leipzig,90.0,,36.8,57.3,25.9,65.4,True,True,1,boolean_field,success,True,,False,False,pass,rating-breakdown,True,36.8,57.3,25.9,65.4,pass,False,False,"{""playerCoordinates"": {""x"": 36.8, ""y"": 57.3}, ""passEndCoordinates"": {""x"": 25.9, ""y"": 65.4}, ""eventActionType"": ""pass"", ""isHome"": false, ""outcome"": true, ""keypass"": false}",,
2087085,Yan Diomande,14062186,rating-breakdown,passes,passes,,,,RB Leipzig,90.0,,45,87.4,45.4,65.8,True,True,1,boolean_field,success,True,,False,False,pass,rating-breakdown,True,45,87.4,45.4,65.8,pass,False,False,"{""playerCoordinates"": {""x"": 45, ""y"": 87.4}, ""passEndCoordinates"": {""x"": 45.4, ""y"": 65.8}, ""eventActionType"": ""pass"", ""isHome"": false, ""outcome"": true, ""keypass"": false}",,
2087085,Yan Diomande,14062186,rating-breakdown,ball-carries,ball-carries,,,,RB Leipzig,90.0,,54.7,5.5,60.6,10.9,,,,unresolvable,,,,False,False,,rating-breakdown,True,54.7,5.5,60.6,10.9,ball-carry,False,,"{""playerCoordinates"": {""x"": 54.7, ""y"": 5.5}, ""passEndCoordinates"": {""x"": 60.6, ""y"": 10.9}, ""eventActionType"": ""ball-carry"", ""isHome"": false}",,
2087085,Yan Diomande,14062186,rating-breakdown,ball-carries,ball-carries,,,,RB Leipzig,90.0,,68.2,13.5,73.4,12.8,,,,unresolvable,,,,False,False,,rating-breakdown,True,68.2,13.5,73.4,12.8,ball-carry,False,,"{""playerCoordinates"": {""x"": 68.2, ""y"": 13.5}, ""passEndCoordinates"": {""x"": 73.4, ""y"": 12.8}, ""eventActionType"": ""ball-carry"", ""isHome"": false}",,
2087085,Yan Diomande,14062186,rating-breakdown,ball-carries,ball-carries,,,,RB Leipzig,90.0,,75.9,3.4,71.8,6.8,,,,unresolvable,,,,False,False,,rating-breakdown,True,75.9,3.4,71.8,6.8,ball-carry,False,,"{""playerCoordinates"": {""x"": 75.9, ""y"": 3.4}, ""passEndCoordinates"": {""x"": 71.8, ""y"": 6.8}, ""eventActionType"": ""ball-carry"", ""isHome"": false}",,
2087085,Yan Diomande,14062186,rating-breakdown,ball-carries,ball-carries,,,,RB Leipzig,90.0,,69.6,4.2,65.4,4.3,,,,unresolvable,,,,False,False,,rating-breakdown,True,69.6,4.2,65.4,4.3,ball-carry,False,,"{""playerCoordinates"": {""x"": 69.6, ""y"": 4.2}, ""passEndCoordinates"": {""x"": 65.4, ""y"": 4.3}, ""eventActionType"": ""ball-carry"", ""isHome"": false}",,
2087085,Yan Diomande,14062186,rating-breakdown,ball-carries,ball-carries,,,,RB Leipzig,90.0,,84.7,13.8,85.6,18.9,,,,unresolvable,,,,False,False,,rating-breakdown,True,84.7,13.8,85.6,18.9,ball-carry,False,,"{""playerCoordinates"": {""x"": 84.7, ""y"": 13.8}, ""passEndCoordinates"": {""x"": 85.6, ""y"": 18.9}, ""eventActionType"": ""ball-carry"", ""isHome"": false}",,
2087085,Yan Diomande,14062186,rating-breakdown,ball-carries,ball-carries,,,,RB Leipzig,90.0,,69.5,10.3,80.7,17.7,,,,unresolvable,,,,False,False,,rating-breakdown,True,69.5,10.3,80.7,17.7,ball-carry,False,,"{""playerCoordinates"": {""x"": 69.5, ""y"": 10.3}, ""passEndCoordinates"": {""x"": 80.7, ""y"": 17.7}, ""eventActionType"": ""ball-carry"", ""isHome"": false}",,
2087085,Yan Diomande,14062186,rating-breakdown,ball-carries,ball-carries,,,,RB Leipzig,90.0,,70.1,13.6,66.3,18,,,,unresolvable,,,,False,False,,rating-breakdown,True,70.1,13.6,66.3,18,ball-carry,False,,"{""playerCoordinates"": {""x"": 70.1, ""y"": 13.6}, ""passEndCoordinates"": {""x"": 66.3, ""y"": 18}, ""eventActionType"": ""ball-carry"", ""isHome"": false}",,
2087085,Yan Diomande,14062186,rating-breakdown,ball-carries,ball-carries,,,,RB Leipzig,90.0,,66.3,38.2,66.8,45.1,,,,unresolvable,,,,False,False,,rating-breakdown,True,66.3,38.2,66.8,45.1,ball-carry,False,,"{""playerCoordinates"": {""x"": 66.3, ""y"": 38.2}, ""passEndCoordinates"": {""x"": 66.8, ""y"": 45.1}, ""eventActionType"": ""ball-carry"", ""isHome"": false}",,
2087085,Yan Diomande,14062186,rating-breakdown,ball-carries,ball-carries,,,,RB Leipzig,90.0,,60.1,73.9,78.1,78,,,,unresolvable,,,,False,False,,rating-breakdown,True,60.1,73.9,78.1,78,ball-carry,False,,"{""playerCoordinates"": {""x"": 60.1, ""y"": 73.9}, ""passEndCoordinates"": {""x"": 78.1, ""y"": 78}, ""eventActionType"": ""ball-carry"", ""isHome"": false}",,
2087085,Yan Diomande,14062186,rating-breakdown,ball-carries,ball-carries,,,,RB Leipzig,90.0,,74.4,77.1,78.5,80.2,,,,unresolvable,,,,False,False,,rating-breakdown,True,74.4,77.1,78.5,80.2,ball-carry,False,,"{""playerCoordinates"": {""x"": 74.4, ""y"": 77.1}, ""passEndCoordinates"": {""x"": 78.5, ""y"": 80.2}, ""eventActionType"": ""ball-carry"", ""isHome"": false}",,
2087085,Yan Diomande,14062186,rating-breakdown,ball-carries,ball-carries,,,,RB Leipzig,90.0,,71.4,32.4,67.2,24,,,,unresolvable,,,,False,False,,rating-breakdown,True,71.4,32.4,67.2,24,ball-carry,False,,"{""playerCoordinates"": {""x"": 71.4, ""y"": 32.4}, ""passEndCoordinates"": {""x"": 67.2, ""y"": 24}, ""eventActionType"": ""ball-carry"", ""isHome"": false}",,
2087085,Yan Diomande,14062186,rating-breakdown,ball-carries,ball-carries,,,,RB Leipzig,90.0,,71.1,6.4,85.8,13.2,,,,unresolvable,,,,False,False,,rating-breakdown,True,71.1,6.4,85.8,13.2,ball-carry,False,,"{""playerCoordinates"": {""x"": 71.1, ""y"": 6.4}, ""passEndCoordinates"": {""x"": 85.8, ""y"": 13.2}, ""eventActionType"": ""ball-carry"", ""isHome"": false}",,
2087085,Yan Diomande,14062186,rating-breakdown,ball-carries,ball-carries,,,,RB Leipzig,90.0,,31,36.9,34.2,39.8,,,,unresolvable,,,,False,False,,rating-breakdown,True,31,36.9,34.2,39.8,ball-carry,False,,"{""playerCoordinates"": {""x"": 31, ""y"": 36.9}, ""passEndCoordinates"": {""x"": 34.2, ""y"": 39.8}, ""eventActionType"": ""ball-carry"", ""isHome"": false}",,
2087085,Yan Diomande,14062186,rating-breakdown,ball-carries,ball-carries,,,,RB Leipzig,90.0,,75.2,34.3,76.5,25.9,,,,unresolvable,,,,False,False,,rating-breakdown,True,75.2,34.3,76.5,25.9,ball-carry,False,,"{""playerCoordinates"": {""x"": 75.2, ""y"": 34.3}, ""passEndCoordinates"": {""x"": 76.5, ""y"": 25.9}, ""eventActionType"": ""ball-carry"", ""isHome"": false}",,
2087085,Yan Diomande,14062186,rating-breakdown,ball-carries,ball-carries,,,,RB Leipzig,90.0,,71.7,9,83.2,11.6,,,,unresolvable,,,,False,False,,rating-breakdown,True,71.7,9,83.2,11.6,ball-carry,False,,"{""playerCoordinates"": {""x"": 71.7, ""y"": 9}, ""passEndCoordinates"": {""x"": 83.2, ""y"": 11.6}, ""eventActionType"": ""ball-carry"", ""isHome"": false}",,
2087085,Yan Diomande,14062186,rating-breakdown,ball-carries,ball-carries,,,,RB Leipzig,90.0,,42.4,20.5,45.3,14.4,,,,unresolvable,,,,False,False,,rating-breakdown,True,42.4,20.5,45.3,14.4,ball-carry,False,,"{""playerCoordinates"": {""x"": 42.4, ""y"": 20.5}, ""passEndCoordinates"": {""x"": 45.3, ""y"": 14.4}, ""eventActionType"": ""ball-carry"", ""isHome"": false}",,
2087085,Yan Diomande,14062186,rating-breakdown,ball-carries,ball-carries,,,,RB Leipzig,90.0,,67.2,14.4,75.4,26.8,,,,unresolvable,,,,False,False,,rating-breakdown,True,67.2,14.4,75.4,26.8,ball-carry,False,,"{""playerCoordinates"": {""x"": 67.2, ""y"": 14.4}, ""passEndCoordinates"": {""x"": 75.4, ""y"": 26.8}, ""eventActionType"": ""ball-carry"", ""isHome"": false}",,
2087085,Yan Diomande,14062186,rating-breakdown,ball-carries,ball-carries,,,,RB Leipzig,90.0,,56.3,14.3,53.8,9.9,,,,unresolvable,,,,False,False,,rating-breakdown,True,56.3,14.3,53.8,9.9,ball-carry,False,,"{""playerCoordinates"": {""x"": 56.3, ""y"": 14.3}, ""passEndCoordinates"": {""x"": 53.8, ""y"": 9.9}, ""eventActionType"": ""ball-carry"", ""isHome"": false}",,
2087085,Yan Diomande,14062186,rating-breakdown,ball-carries,ball-carries,,,,RB Leipzig,90.0,,65,12.6,62.1,12.4,,,,unresolvable,,,,False,False,,rating-breakdown,True,65,12.6,62.1,12.4,ball-carry,False,,"{""playerCoordinates"": {""x"": 65, ""y"": 12.6}, ""passEndCoordinates"": {""x"": 62.1, ""y"": 12.4}, ""eventActionType"": ""ball-carry"", ""isHome"": false}",,
2087085,Yan Diomande,14062186,rating-breakdown,ball-carries,ball-carries,,,,RB Leipzig,90.0,,68.1,3.3,72.8,14.6,,,,unresolvable,,,,False,False,,rating-breakdown,True,68.1,3.3,72.8,14.6,ball-carry,False,,"{""playerCoordinates"": {""x"": 68.1, ""y"": 3.3}, ""passEndCoordinates"": {""x"": 72.8, ""y"": 14.6}, ""eventActionType"": ""ball-carry"", ""isHome"": false}",,
2087085,Yan Diomande,14062186,rating-breakdown,ball-carries,ball-carries,,,,RB Leipzig,90.0,,70.6,9.1,73.2,15,,,,unresolvable,,,,False,False,,rating-breakdown,True,70.6,9.1,73.2,15,ball-carry,False,,"{""playerCoordinates"": {""x"": 70.6, ""y"": 9.1}, ""passEndCoordinates"": {""x"": 73.2, ""y"": 15}, ""eventActionType"": ""ball-carry"", ""isHome"": false}",,
2087085,Yan Diomande,14062186,rating-breakdown,ball-carries,ball-carries,,,,RB Leipzig,90.0,,75.1,6.1,80.5,19.2,,,,unresolvable,,,,False,False,,rating-breakdown,True,75.1,6.1,80.5,19.2,ball-carry,False,,"{""playerCoordinates"": {""x"": 75.1, ""y"": 6.1}, ""passEndCoordinates"": {""x"": 80.5, ""y"": 19.2}, ""eventActionType"": ""ball-carry"", ""isHome"": false}",,
2087085,Yan Diomande,14062186,rating-breakdown,ball-carries,ball-carries,,,,RB Leipzig,90.0,,69,5.1,80.8,38.1,,,,unresolvable,,,,False,False,,rating-breakdown,True,69,5.1,80.8,38.1,ball-carry,False,,"{""playerCoordinates"": {""x"": 69, ""y"": 5.1}, ""passEndCoordinates"": {""x"": 80.8, ""y"": 38.1}, ""eventActionType"": ""ball-carry"", ""isHome"": false}",,
2087085,Yan Diomande,14062186,rating-breakdown,ball-carries,ball-carries,,,,RB Leipzig,90.0,,32.4,75.1,30,68.8,,,,unresolvable,,,,False,False,,rating-breakdown,True,32.4,75.1,30,68.8,ball-carry,False,,"{""playerCoordinates"": {""x"": 32.4, ""y"": 75.1}, ""passEndCoordinates"": {""x"": 30, ""y"": 68.8}, ""eventActionType"": ""ball-carry"", ""isHome"": false}",,
2087085,Yan Diomande,14062186,rating-breakdown,ball-carries,ball-carries,,,,RB Leipzig,90.0,,80.5,94.2,88.2,83.8,,,,unresolvable,,,,False,False,,rating-breakdown,True,80.5,94.2,88.2,83.8,ball-carry,False,,"{""playerCoordinates"": {""x"": 80.5, ""y"": 94.2}, ""passEndCoordinates"": {""x"": 88.2, ""y"": 83.8}, ""eventActionType"": ""ball-carry"", ""isHome"": false}",,
2087085,Yan Diomande,14062186,rating-breakdown,ball-carries,ball-carries,,,,RB Leipzig,90.0,,70.7,92,72.8,86.4,,,,unresolvable,,,,False,False,,rating-breakdown,True,70.7,92,72.8,86.4,ball-carry,False,,"{""playerCoordinates"": {""x"": 70.7, ""y"": 92}, ""passEndCoordinates"": {""x"": 72.8, ""y"": 86.4}, ""eventActionType"": ""ball-carry"", ""isHome"": false}",,
2087085,Yan Diomande,14062186,rating-breakdown,ball-carries,ball-carries,,,,RB Leipzig,90.0,,49.9,94.9,46,94,,,,unresolvable,,,,False,False,,rating-breakdown,True,49.9,94.9,46,94,ball-carry,False,,"{""playerCoordinates"": {""x"": 49.9, ""y"": 94.9}, ""passEndCoordinates"": {""x"": 46, ""y"": 94}, ""eventActionType"": ""ball-carry"", ""isHome"": false}",,
2087085,Yan Diomande,14062186,rating-breakdown,ball-carries,ball-carries,,,,RB Leipzig,90.0,,45.2,85,41.5,79.5,,,,unresolvable,,,,False,False,,rating-breakdown,True,45.2,85,41.5,79.5,ball-carry,False,,"{""playerCoordinates"": {""x"": 45.2, ""y"": 85}, ""passEndCoordinates"": {""x"": 41.5, ""y"": 79.5}, ""eventActionType"": ""ball-carry"", ""isHome"": false}",,
2087085,Yan Diomande,14062186,rating-breakdown,ball-carries,ball-carries,,,,RB Leipzig,90.0,,41.5,63.6,53.3,80.7,,,,unresolvable,,,,False,False,,rating-breakdown,True,41.5,63.6,53.3,80.7,ball-carry,False,,"{""playerCoordinates"": {""x"": 41.5, ""y"": 63.6}, ""passEndCoordinates"": {""x"": 53.3, ""y"": 80.7}, ""eventActionType"": ""ball-carry"", ""isHome"": false}",,
2087085,Yan Diomande,14062186,rating-breakdown,dribbles,dribbles,,,,RB Leipzig,90.0,,59.6,10.3,,,True,True,1,boolean_field,success,,True,False,False,,rating-breakdown,True,59.6,10.3,,,dribble,False,False,"{""playerCoordinates"": {""x"": 59.6, ""y"": 10.3}, ""eventActionType"": ""dribble"", ""isHome"": false, ""outcome"": true, ""keypass"": false}",,
2087085,Yan Diomande,14062186,rating-breakdown,dribbles,dribbles,,,,RB Leipzig,90.0,,70.4,32.4,,,True,True,1,boolean_field,success,,True,False,False,,rating-breakdown,True,70.4,32.4,,,dribble,False,False,"{""playerCoordinates"": {""x"": 70.4, ""y"": 32.4}, ""eventActionType"": ""dribble"", ""isHome"": false, ""outcome"": true, ""keypass"": false}",,
2087085,Yan Diomande,14062186,rating-breakdown,dribbles,dribbles,,,,RB Leipzig,90.0,,64.8,21.8,,,True,True,1,boolean_field,success,,True,False,False,,rating-breakdown,True,64.8,21.8,,,dribble,False,False,"{""playerCoordinates"": {""x"": 64.8, ""y"": 21.8}, ""eventActionType"": ""dribble"", ""isHome"": false, ""outcome"": true, ""keypass"": false}",,
2087085,Yan Diomande,14062186,rating-breakdown,dribbles,dribbles,,,,RB Leipzig,90.0,,85.6,18.8,,,,,,unresolvable,,,,False,False,,rating-breakdown,True,85.6,18.8,,,dribble,False,False,"{""playerCoordinates"": {""x"": 85.6, ""y"": 18.8}, ""eventActionType"": ""dribble"", ""isHome"": false, ""keypass"": false}",,
2087085,Yan Diomande,14062186,rating-breakdown,dribbles,dribbles,,,,RB Leipzig,90.0,,80.4,7,,,,,,unresolvable,,,,False,False,,rating-breakdown,True,80.4,7,,,dribble,False,False,"{""playerCoordinates"": {""x"": 80.4, ""y"": 7}, ""eventActionType"": ""dribble"", ""isHome"": false, ""keypass"": false}",,
2087085,Yan Diomande,14062186,rating-breakdown,dribbles,dribbles,,,,RB Leipzig,90.0,,65.2,34.2,,,,,,unresolvable,,,,False,False,,rating-breakdown,True,65.2,34.2,,,dribble,False,False,"{""playerCoordinates"": {""x"": 65.2, ""y"": 34.2}, ""eventActionType"": ""dribble"", ""isHome"": false, ""keypass"": false}",,
2087085,Yan Diomande,14062186,rating-breakdown,dribbles,dribbles,,,,RB Leipzig,90.0,,78.5,80.2,,,True,True,1,boolean_field,success,,True,False,False,,rating-breakdown,True,78.5,80.2,,,dribble,False,False,"{""playerCoordinates"": {""x"": 78.5, ""y"": 80.2}, ""eventActionType"": ""dribble"", ""isHome"": false, ""outcome"": true, ""keypass"": false}",,
2087085,Yan Diomande,14062186,rating-breakdown,dribbles,dribbles,,,,RB Leipzig,90.0,,87.1,11.8,,,True,True,1,boolean_field,success,,True,False,False,,rating-breakdown,True,87.1,11.8,,,dribble,False,False,"{""playerCoordinates"": {""x"": 87.1, ""y"": 11.8}, ""eventActionType"": ""dribble"", ""isHome"": false, ""outcome"": true, ""keypass"": false}",,
2087085,Yan Diomande,14062186,rating-breakdown,dribbles,dribbles,,,,RB Leipzig,90.0,,34.2,39.8,,,,,,unresolvable,,,,False,False,,rating-breakdown,True,34.2,39.8,,,dribble,False,False,"{""playerCoordinates"": {""x"": 34.2, ""y"": 39.8}, ""eventActionType"": ""dribble"", ""isHome"": false, ""keypass"": false}",,
2087085,Yan Diomande,14062186,rating-breakdown,dribbles,dribbles,,,,RB Leipzig,90.0,,82.3,11,,,True,True,1,boolean_field,success,,True,False,False,,rating-breakdown,True,82.3,11,,,dribble,False,False,"{""playerCoordinates"": {""x"": 82.3, ""y"": 11}, ""eventActionType"": ""dribble"", ""isHome"": false, ""outcome"": true, ""keypass"": false}",,
2087085,Yan Diomande,14062186,rating-breakdown,dribbles,dribbles,,,,RB Leipzig,90.0,,96.4,25.9,,,,,,unresolvable,,,,False,False,,rating-breakdown,True,96.4,25.9,,,dribble,False,False,"{""playerCoordinates"": {""x"": 96.4, ""y"": 25.9}, ""eventActionType"": ""dribble"", ""isHome"": false, ""keypass"": false}",,
2087085,Yan Diomande,14062186,rating-breakdown,dribbles,dribbles,,,,RB Leipzig,90.0,,75,21.5,,,True,True,1,boolean_field,success,,True,False,False,,rating-breakdown,True,75,21.5,,,dribble,False,False,"{""playerCoordinates"": {""x"": 75, ""y"": 21.5}, ""eventActionType"": ""dribble"", ""isHome"": false, ""outcome"": true, ""keypass"": false}",,
2087085,Yan Diomande,14062186,rating-breakdown,dribbles,dribbles,,,,RB Leipzig,90.0,,80,22.4,,,,,,unresolvable,,,,False,False,,rating-breakdown,True,80,22.4,,,dribble,False,False,"{""playerCoordinates"": {""x"": 80, ""y"": 22.4}, ""eventActionType"": ""dribble"", ""isHome"": false, ""keypass"": false}",,
2087085,Yan Diomande,14062186,rating-breakdown,dribbles,dribbles,,,,RB Leipzig,90.0,,35.7,75.1,,,True,True,1,boolean_field,success,,True,False,False,,rating-breakdown,True,35.7,75.1,,,dribble,False,False,"{""playerCoordinates"": {""x"": 35.7, ""y"": 75.1}, ""eventActionType"": ""dribble"", ""isHome"": false, ""outcome"": true, ""keypass"": false}",,
2087085,Yan Diomande,14062186,rating-breakdown,dribbles,dribbles,,,,RB Leipzig,90.0,,88.2,83.8,,,,,,unresolvable,,,,False,False,,rating-breakdown,True,88.2,83.8,,,dribble,False,False,"{""playerCoordinates"": {""x"": 88.2, ""y"": 83.8}, ""eventActionType"": ""dribble"", ""isHome"": false, ""keypass"": false}",,
2087085,Yan Diomande,14062186,rating-breakdown,dribbles,dribbles,,,,RB Leipzig,90.0,,91.2,82.3,,,,,,unresolvable,,,,False,False,,rating-breakdown,True,91.2,82.3,,,dribble,False,False,"{""playerCoordinates"": {""x"": 91.2, ""y"": 82.3}, ""eventActionType"": ""dribble"", ""isHome"": false, ""keypass"": false}",,
2087085,Yan Diomande,14062186,rating-breakdown,dribbles,dribbles,,,,RB Leipzig,90.0,,72.8,86.4,,,True,True,1,boolean_field,success,,True,False,False,,rating-breakdown,True,72.8,86.4,,,dribble,False,False,"{""playerCoordinates"": {""x"": 72.8, ""y"": 86.4}, ""eventActionType"": ""dribble"", ""isHome"": false, ""outcome"": true, ""keypass"": false}",,
2087085,Yan Diomande,14062186,rating-breakdown,defensive,defensive,,,,RB Leipzig,90.0,,42.2,26.5,,,True,True,1,boolean_field,success,,True,False,False,,rating-breakdown,True,42.2,26.5,,,ball-recovery,False,False,"{""playerCoordinates"": {""x"": 42.2, ""y"": 26.5}, ""eventActionType"": ""ball-recovery"", ""isHome"": false, ""outcome"": true, ""keypass"": false}",,
2087085,Yan Diomande,14062186,rating-breakdown,defensive,defensive,,,,RB Leipzig,90.0,,54.4,6.6,,,True,True,1,boolean_field,success,,True,False,False,,rating-breakdown,True,54.4,6.6,,,interception,False,False,"{""playerCoordinates"": {""x"": 54.4, ""y"": 6.6}, ""eventActionType"": ""interception"", ""isHome"": false, ""outcome"": true, ""keypass"": false}",,
2087085,Yan Diomande,14062186,rating-breakdown,defensive,defensive,,,,RB Leipzig,90.0,,32.4,75.1,,,True,True,1,boolean_field,success,,True,False,False,,rating-breakdown,True,32.4,75.1,,,ball-recovery,False,False,"{""playerCoordinates"": {""x"": 32.4, ""y"": 75.1}, ""eventActionType"": ""ball-recovery"", ""isHome"": false, ""outcome"": true, ""keypass"": false}",,
2087085,Yan Diomande,14062186,rating-breakdown,defensive,defensive,,,,RB Leipzig,90.0,,32.8,72.9,,,True,True,1,boolean_field,success,,True,False,False,,rating-breakdown,True,32.8,72.9,,,ball-recovery,False,False,"{""playerCoordinates"": {""x"": 32.8, ""y"": 72.9}, ""eventActionType"": ""ball-recovery"", ""isHome"": false, ""outcome"": true, ""keypass"": false}",,
2087085,Yan Diomande,14062189,rating-breakdown,passes,passes,,,,RB Leipzig,90.0,,43.6,9.6,23.6,25,True,True,1,boolean_field,success,True,,False,False,pass,rating-breakdown,True,43.6,9.6,23.6,25,pass,True,False,"{""playerCoordinates"": {""x"": 43.6, ""y"": 9.6}, ""passEndCoordinates"": {""x"": 23.6, ""y"": 25}, ""eventActionType"": ""pass"", ""isHome"": true, ""outcome"": true, ""keypass"": false}",,
2087085,Yan Diomande,14062189,rating-breakdown,passes,passes,,,,RB Leipzig,90.0,,63.1,5.8,71.7,5.5,True,True,1,boolean_field,success,True,,False,False,pass,rating-breakdown,True,63.1,5.8,71.7,5.5,pass,True,False,"{""playerCoordinates"": {""x"": 63.1, ""y"": 5.8}, ""passEndCoordinates"": {""x"": 71.7, ""y"": 5.5}, ""eventActionType"": ""pass"", ""isHome"": true, ""outcome"": true, ""keypass"": false}",,
2087085,Yan Diomande,14062189,rating-breakdown,passes,passes,,,,RB Leipzig,90.0,,58.8,13.8,48,39.9,True,True,1,boolean_field,success,True,,False,False,pass,rating-breakdown,True,58.8,13.8,48,39.9,pass,True,False,"{""playerCoordinates"": {""x"": 58.8, ""y"": 13.8}, ""passEndCoordinates"": {""x"": 48, ""y"": 39.9}, ""eventActionType"": ""pass"", ""isHome"": true, ""outcome"": true, ""keypass"": false}",,
2087085,Yan Diomande,14062189,rating-breakdown,passes,passes,,,,RB Leipzig,90.0,,58.2,4.8,58.7,13.5,True,True,1,boolean_field,success,True,,False,False,pass,rating-breakdown,True,58.2,4.8,58.7,13.5,pass,True,False,"{""playerCoordinates"": {""x"": 58.2, ""y"": 4.8}, ""passEndCoordinates"": {""x"": 58.7, ""y"": 13.5}, ""eventActionType"": ""pass"", ""isHome"": true, ""outcome"": true, ""keypass"": false}",,
2087085,Yan Diomande,14062189,rating-breakdown,passes,passes,,,,RB Leipzig,90.0,,43.2,13.5,50.9,25,,,,unresolvable,,,,False,False,pass,rating-breakdown,True,43.2,13.5,50.9,25,pass,True,False,"{""playerCoordinates"": {""x"": 43.2, ""y"": 13.5}, ""passEndCoordinates"": {""x"": 50.9, ""y"": 25}, ""eventActionType"": ""pass"", ""isHome"": true, ""keypass"": false}",,
2087085,Yan Diomande,14062189,rating-breakdown,passes,passes,,,,RB Leipzig,90.0,,52.9,6.9,36.2,32.1,True,True,1,boolean_field,success,True,,False,False,pass,rating-breakdown,True,52.9,6.9,36.2,32.1,pass,True,False,"{""playerCoordinates"": {""x"": 52.9, ""y"": 6.9}, ""passEndCoordinates"": {""x"": 36.2, ""y"": 32.1}, ""eventActionType"": ""pass"", ""isHome"": true, ""outcome"": true, ""keypass"": false}",,
2087085,Yan Diomande,14062189,rating-breakdown,passes,passes,,,,RB Leipzig,90.0,,45.4,3.7,45.3,15,True,True,1,boolean_field,success,True,,False,False,pass,rating-breakdown,True,45.4,3.7,45.3,15,pass,True,False,"{""playerCoordinates"": {""x"": 45.4, ""y"": 3.7}, ""passEndCoordinates"": {""x"": 45.3, ""y"": 15}, ""eventActionType"": ""pass"", ""isHome"": true, ""outcome"": true, ""keypass"": false}",,
2087085,Yan Diomande,14062189,rating-breakdown,passes,passes,,,,RB Leipzig,90.0,,78.9,28.2,84.9,45.4,True,True,1,boolean_field,success,True,,False,False,pass,rating-breakdown,True,78.9,28.2,84.9,45.4,pass,True,False,"{""playerCoordinates"": {""x"": 78.9, ""y"": 28.2}, ""passEndCoordinates"": {""x"": 84.9, ""y"": 45.4}, ""eventActionType"": ""pass"", ""isHome"": true, ""outcome"": true, ""keypass"": false}",,
2087085,Yan Diomande,14062189,rating-breakdown,passes,passes,,,,RB Leipzig,90.0,,65.3,65.8,61.7,39.9,True,True,1,boolean_field,success,True,,False,False,pass,rating-breakdown,True,65.3,65.8,61.7,39.9,pass,True,False,"{""playerCoordinates"": {""x"": 65.3, ""y"": 65.8}, ""passEndCoordinates"": {""x"": 61.7, ""y"": 39.9}, ""eventActionType"": ""pass"", ""isHome"": true, ""outcome"": true, ""keypass"": false}",,
2087085,Yan Diomande,14062189,rating-breakdown,passes,passes,,,,RB Leipzig,90.0,,64.5,50.7,66,44.2,,,,unresolvable,,,,False,False,pass,rating-breakdown,True,64.5,50.7,66,44.2,pass,True,False,"{""playerCoordinates"": {""x"": 64.5, ""y"": 50.7}, ""passEndCoordinates"": {""x"": 66, ""y"": 44.2}, ""eventActionType"": ""pass"", ""isHome"": true, ""keypass"": false}",,
2087085,Yan Diomande,14062189,rating-breakdown,passes,passes,,,,RB Leipzig,90.0,,52.7,9.3,44.3,10.6,True,True,1,boolean_field,success,True,,False,False,pass,rating-breakdown,True,52.7,9.3,44.3,10.6,pass,True,False,"{""playerCoordinates"": {""x"": 52.7, ""y"": 9.3}, ""passEndCoordinates"": {""x"": 44.3, ""y"": 10.6}, ""eventActionType"": ""pass"", ""isHome"": true, ""outcome"": true, ""keypass"": false}",,
2087085,Yan Diomande,14062189,rating-breakdown,passes,passes,,,,RB Leipzig,90.0,,66.8,9.6,81.4,12.7,True,True,1,boolean_field,success,True,,False,False,pass,rating-breakdown,True,66.8,9.6,81.4,12.7,pass,True,False,"{""playerCoordinates"": {""x"": 66.8, ""y"": 9.6}, ""passEndCoordinates"": {""x"": 81.4, ""y"": 12.7}, ""eventActionType"": ""pass"", ""isHome"": true, ""outcome"": true, ""keypass"": false}",,
2087085,Yan Diomande,14062189,rating-breakdown,passes,passes,,,,RB Leipzig,90.0,,75.2,77.5,82.3,93,True,True,1,boolean_field,success,True,,False,False,pass,rating-breakdown,True,75.2,77.5,82.3,93,pass,True,False,"{""playerCoordinates"": {""x"": 75.2, ""y"": 77.5}, ""passEndCoordinates"": {""x"": 82.3, ""y"": 93}, ""eventActionType"": ""pass"", ""isHome"": true, ""outcome"": true, ""keypass"": false}",,
2087085,Yan Diomande,14062189,rating-breakdown,passes,passes,,,,RB Leipzig,90.0,,61.5,94.2,47.1,76.3,True,True,1,boolean_field,success,True,,False,False,pass,rating-breakdown,True,61.5,94.2,47.1,76.3,pass,True,False,"{""playerCoordinates"": {""x"": 61.5, ""y"": 94.2}, ""passEndCoordinates"": {""x"": 47.1, ""y"": 76.3}, ""eventActionType"": ""pass"", ""isHome"": true, ""outcome"": true, ""keypass"": false}",,
2087085,Yan Diomande,14062189,rating-breakdown,passes,passes,,,,RB Leipzig,90.0,,78.7,15.3,71.3,65.5,True,True,1,boolean_field,success,True,,False,False,pass,rating-breakdown,True,78.7,15.3,71.3,65.5,pass,True,False,"{""playerCoordinates"": {""x"": 78.7, ""y"": 15.3}, ""passEndCoordinates"": {""x"": 71.3, ""y"": 65.5}, ""eventActionType"": ""pass"", ""isHome"": true, ""outcome"": true, ""keypass"": false, ""isLongBall"": true}",True,
2087085,Yan Diomande,14062189,rating-breakdown,passes,passes,,,,RB Leipzig,90.0,,73.4,4.9,75.1,8.2,True,True,1,boolean_field,success,True,,False,False,pass,rating-breakdown,True,73.4,4.9,75.1,8.2,pass,True,False,"{""playerCoordinates"": {""x"": 73.4, ""y"": 4.9}, ""passEndCoordinates"": {""x"": 75.1, ""y"": 8.2}, ""eventActionType"": ""pass"", ""isHome"": true, ""outcome"": true, ""keypass"": false}",,
2087085,Yan Diomande,14062189,rating-breakdown,passes,passes,,,,RB Leipzig,90.0,,57.9,4.3,58.7,12.9,True,True,1,boolean_field,success,True,,False,False,pass,rating-breakdown,True,57.9,4.3,58.7,12.9,pass,True,False,"{""playerCoordinates"": {""x"": 57.9, ""y"": 4.3}, ""passEndCoordinates"": {""x"": 58.7, ""y"": 12.9}, ""eventActionType"": ""pass"", ""isHome"": true, ""outcome"": true, ""keypass"": false}",,
2087085,Yan Diomande,14062189,rating-breakdown,passes,passes,,,,RB Leipzig,90.0,,63.5,68.5,57.3,49.6,True,True,1,boolean_field,success,True,,False,False,pass,rating-breakdown,True,63.5,68.5,57.3,49.6,pass,True,False,"{""playerCoordinates"": {""x"": 63.5, ""y"": 68.5}, ""passEndCoordinates"": {""x"": 57.3, ""y"": 49.6}, ""eventActionType"": ""pass"", ""isHome"": true, ""outcome"": true, ""keypass"": false}",,
2087085,Yan Diomande,14062189,rating-breakdown,passes,passes,,,,RB Leipzig,90.0,,64.1,59.8,66,79.9,True,True,1,boolean_field,success,True,,False,False,pass,rating-breakdown,True,64.1,59.8,66,79.9,pass,True,False,"{""playerCoordinates"": {""x"": 64.1, ""y"": 59.8}, ""passEndCoordinates"": {""x"": 66, ""y"": 79.9}, ""eventActionType"": ""pass"", ""isHome"": true, ""outcome"": true, ""keypass"": false}",,
2087085,Yan Diomande,14062189,rating-breakdown,passes,passes,,,,RB Leipzig,90.0,,86.2,28.9,87.4,34.8,True,True,1,boolean_field,success,True,,False,False,pass,rating-breakdown,True,86.2,28.9,87.4,34.8,pass,True,False,"{""playerCoordinates"": {""x"": 86.2, ""y"": 28.9}, ""passEndCoordinates"": {""x"": 87.4, ""y"": 34.8}, ""eventActionType"": ""pass"", ""isHome"": true, ""outcome"": true, ""keypass"": false}",,
2087085,Yan Diomande,14062189,rating-breakdown,passes,passes,,,,RB Leipzig,90.0,,55.4,7.8,55.4,23.7,True,True,1,boolean_field,success,True,,False,False,pass,rating-breakdown,True,55.4,7.8,55.4,23.7,pass,True,False,"{""playerCoordinates"": {""x"": 55.4, ""y"": 7.8}, ""passEndCoordinates"": {""x"": 55.4, ""y"": 23.7}, ""eventActionType"": ""pass"", ""isHome"": true, ""outcome"": true, ""keypass"": false}",,
2087085,Yan Diomande,14062189,rating-breakdown,passes,passes,,,,RB Leipzig,90.0,,42.7,18,32.9,28.8,True,True,1,boolean_field,success,True,,False,False,pass,rating-breakdown,True,42.7,18,32.9,28.8,pass,True,False,"{""playerCoordinates"": {""x"": 42.7, ""y"": 18}, ""passEndCoordinates"": {""x"": 32.9, ""y"": 28.8}, ""eventActionType"": ""pass"", ""isHome"": true, ""outcome"": true, ""keypass"": false}",,
2087085,Yan Diomande,14062189,rating-breakdown,passes,passes,,,,RB Leipzig,90.0,,51.7,13.6,58.3,24.4,,,,unresolvable,,,,False,False,pass,rating-breakdown,True,51.7,13.6,58.3,24.4,pass,True,False,"{""playerCoordinates"": {""x"": 51.7, ""y"": 13.6}, ""passEndCoordinates"": {""x"": 58.3, ""y"": 24.4}, ""eventActionType"": ""pass"", ""isHome"": true, ""keypass"": false}",,
2087085,Yan Diomande,14062189,rating-breakdown,passes,passes,,,,RB Leipzig,90.0,,47.2,7,43.7,16,True,True,1,boolean_field,success,True,,False,False,pass,rating-breakdown,True,47.2,7,43.7,16,pass,True,False,"{""playerCoordinates"": {""x"": 47.2, ""y"": 7}, ""passEndCoordinates"": {""x"": 43.7, ""y"": 16}, ""eventActionType"": ""pass"", ""isHome"": true, ""outcome"": true, ""keypass"": false}",,
2087085,Yan Diomande,14062189,rating-breakdown,passes,passes,,,,RB Leipzig,90.0,,29.7,20.8,21,25.3,True,True,1,boolean_field,success,True,,False,False,pass,rating-breakdown,True,29.7,20.8,21,25.3,pass,True,False,"{""playerCoordinates"": {""x"": 29.7, ""y"": 20.8}, ""passEndCoordinates"": {""x"": 21, ""y"": 25.3}, ""eventActionType"": ""pass"", ""isHome"": true, ""outcome"": true, ""keypass"": false}",,
2087085,Yan Diomande,14062189,rating-breakdown,passes,passes,,,,RB Leipzig,90.0,,57.6,31.2,53.7,77.1,True,True,1,boolean_field,success,True,,False,False,pass,rating-breakdown,True,57.6,31.2,53.7,77.1,pass,True,False,"{""playerCoordinates"": {""x"": 57.6, ""y"": 31.2}, ""passEndCoordinates"": {""x"": 53.7, ""y"": 77.1}, ""eventActionType"": ""pass"", ""isHome"": true, ""outcome"": true, ""keypass"": false}",,
2087085,Yan Diomande,14062189,rating-breakdown,passes,passes,,,,RB Leipzig,90.0,,29.6,82.8,23.3,73.9,True,True,1,boolean_field,success,True,,False,False,pass,rating-breakdown,True,29.6,82.8,23.3,73.9,pass,True,False,"{""playerCoordinates"": {""x"": 29.6, ""y"": 82.8}, ""passEndCoordinates"": {""x"": 23.3, ""y"": 73.9}, ""eventActionType"": ""pass"", ""isHome"": true, ""outcome"": true, ""keypass"": false}",,
2087085,Yan Diomande,14062189,rating-breakdown,passes,passes,,,,RB Leipzig,90.0,,67.4,16.3,68.7,87.1,True,True,1,boolean_field,success,True,,False,False,pass,rating-breakdown,True,67.4,16.3,68.7,87.1,pass,True,False,"{""playerCoordinates"": {""x"": 67.4, ""y"": 16.3}, ""passEndCoordinates"": {""x"": 68.7, ""y"": 87.1}, ""eventActionType"": ""pass"", ""isHome"": true, ""outcome"": true, ""keypass"": false, ""isLongBall"": true}",True,
2087085,Yan Diomande,14062189,rating-breakdown,passes,passes,,,,RB Leipzig,90.0,,70.8,15,65.6,17.2,,,,unresolvable,,,,False,False,pass,rating-breakdown,True,70.8,15,65.6,17.2,pass,True,False,"{""playerCoordinates"": {""x"": 70.8, ""y"": 15}, ""passEndCoordinates"": {""x"": 65.6, ""y"": 17.2}, ""eventActionType"": ""pass"", ""isHome"": true, ""keypass"": false}",,
2087085,Yan Diomande,14062189,rating-breakdown,passes,passes,,,,RB Leipzig,90.0,,47.4,44.5,43.5,19.6,True,True,1,boolean_field,success,True,,False,False,pass,rating-breakdown,True,47.4,44.5,43.5,19.6,pass,True,False,"{""playerCoordinates"": {""x"": 47.4, ""y"": 44.5}, ""passEndCoordinates"": {""x"": 43.5, ""y"": 19.6}, ""eventActionType"": ""pass"", ""isHome"": true, ""outcome"": true, ""keypass"": false}",,
2087085,Yan Diomande,14062189,rating-breakdown,passes,passes,,,,RB Leipzig,90.0,,55,5.8,31.1,36.6,,,,unresolvable,,,,False,False,pass,rating-breakdown,True,55,5.8,31.1,36.6,pass,True,False,"{""playerCoordinates"": {""x"": 55, ""y"": 5.8}, ""passEndCoordinates"": {""x"": 31.1, ""y"": 36.6}, ""eventActionType"": ""pass"", ""isHome"": true, ""keypass"": false, ""isLongBall"": true}",True,
2087085,Yan Diomande,14062189,rating-breakdown,passes,passes,,,,RB Leipzig,90.0,,56.7,5.1,58.5,11.7,True,True,1,boolean_field,success,True,,False,False,pass,rating-breakdown,True,56.7,5.1,58.5,11.7,pass,True,False,"{""playerCoordinates"": {""x"": 56.7, ""y"": 5.1}, ""passEndCoordinates"": {""x"": 58.5, ""y"": 11.7}, ""eventActionType"": ""pass"", ""isHome"": true, ""outcome"": true, ""keypass"": false}",,
2087085,Yan Diomande,14062189,rating-breakdown,passes,passes,,,,RB Leipzig,90.0,,87.3,27.8,87.5,38.7,True,True,1,boolean_field,success,True,,False,True,key_pass,rating-breakdown,True,87.3,27.8,87.5,38.7,pass,True,True,"{""playerCoordinates"": {""x"": 87.3, ""y"": 27.8}, ""passEndCoordinates"": {""x"": 87.5, ""y"": 38.7}, ""eventActionType"": ""pass"", ""isHome"": true, ""outcome"": true, ""keypass"": true}",,
2087085,Yan Diomande,14062189,rating-breakdown,passes,passes,,,,RB Leipzig,90.0,,78,3.6,89.7,3.9,True,True,1,boolean_field,success,True,,False,False,pass,rating-breakdown,True,78,3.6,89.7,3.9,pass,True,False,"{""playerCoordinates"": {""x"": 78, ""y"": 3.6}, ""passEndCoordinates"": {""x"": 89.7, ""y"": 3.9}, ""eventActionType"": ""pass"", ""isHome"": true, ""outcome"": true, ""keypass"": false}",,
2087085,Yan Diomande,14062189,rating-breakdown,passes,passes,,,,RB Leipzig,90.0,,76.1,40.9,77.2,55.8,,,,unresolvable,,,,False,False,pass,rating-breakdown,True,76.1,40.9,77.2,55.8,pass,True,False,"{""playerCoordinates"": {""x"": 76.1, ""y"": 40.9}, ""passEndCoordinates"": {""x"": 77.2, ""y"": 55.8}, ""eventActionType"": ""pass"", ""isHome"": true, ""keypass"": false}",,
2087085,Yan Diomande,14062189,rating-breakdown,passes,passes,,,,RB Leipzig,90.0,,68.6,6.6,73.3,28.9,,,,unresolvable,,,,False,False,pass,rating-breakdown,True,68.6,6.6,73.3,28.9,pass,True,False,"{""playerCoordinates"": {""x"": 68.6, ""y"": 6.6}, ""passEndCoordinates"": {""x"": 73.3, ""y"": 28.9}, ""eventActionType"": ""pass"", ""isHome"": true, ""keypass"": false}",,
2087085,Yan Diomande,14062189,rating-breakdown,passes,passes,,,,RB Leipzig,90.0,,22.5,54.7,25.5,90.9,True,True,1,boolean_field,success,True,,False,False,pass,rating-breakdown,True,22.5,54.7,25.5,90.9,pass,True,False,"{""playerCoordinates"": {""x"": 22.5, ""y"": 54.7}, ""passEndCoordinates"": {""x"": 25.5, ""y"": 90.9}, ""eventActionType"": ""pass"", ""isHome"": true, ""outcome"": true, ""keypass"": false}",,
2087085,Yan Diomande,14062189,rating-breakdown,passes,passes,,,,RB Leipzig,90.0,,98,16.8,98.1,40.5,,,,unresolvable,,,,False,False,pass,rating-breakdown,True,98,16.8,98.1,40.5,cross,True,False,"{""playerCoordinates"": {""x"": 98, ""y"": 16.8}, ""passEndCoordinates"": {""x"": 98.1, ""y"": 40.5}, ""eventActionType"": ""cross"", ""isHome"": true, ""keypass"": false}",,
2087085,Yan Diomande,14062189,rating-breakdown,passes,passes,,,,RB Leipzig,90.0,,67.5,2.5,59.6,28.5,True,True,1,boolean_field,success,True,,False,False,pass,rating-breakdown,True,67.5,2.5,59.6,28.5,pass,True,False,"{""playerCoordinates"": {""x"": 67.5, ""y"": 2.5}, ""passEndCoordinates"": {""x"": 59.6, ""y"": 28.5}, ""eventActionType"": ""pass"", ""isHome"": true, ""outcome"": true, ""keypass"": false}",,
2087085,Yan Diomande,14062189,rating-breakdown,passes,passes,,,,RB Leipzig,90.0,,64.1,49.2,69.4,56.7,True,True,1,boolean_field,success,True,,False,False,pass,rating-breakdown,True,64.1,49.2,69.4,56.7,pass,True,False,"{""playerCoordinates"": {""x"": 64.1, ""y"": 49.2}, ""passEndCoordinates"": {""x"": 69.4, ""y"": 56.7}, ""eventActionType"": ""pass"", ""isHome"": true, ""outcome"": true, ""keypass"": false}",,
2087085,Yan Diomande,14062189,rating-breakdown,passes,passes,,,,RB Leipzig,90.0,,53.8,17.1,57.1,69.1,True,True,1,boolean_field,success,True,,False,False,pass,rating-breakdown,True,53.8,17.1,57.1,69.1,pass,True,False,"{""playerCoordinates"": {""x"": 53.8, ""y"": 17.1}, ""passEndCoordinates"": {""x"": 57.1, ""y"": 69.1}, ""eventActionType"": ""pass"", ""isHome"": true, ""outcome"": true, ""keypass"": false, ""isLongBall"": true}",True,
2087085,Yan Diomande,14062189,rating-breakdown,passes,passes,,,,RB Leipzig,90.0,,58.8,7.2,62.5,74.2,True,True,1,boolean_field,success,True,,False,False,pass,rating-breakdown,True,58.8,7.2,62.5,74.2,pass,True,False,"{""playerCoordinates"": {""x"": 58.8, ""y"": 7.2}, ""passEndCoordinates"": {""x"": 62.5, ""y"": 74.2}, ""eventActionType"": ""pass"", ""isHome"": true, ""outcome"": true, ""keypass"": false, ""isLongBall"": true}",True,
2087085,Yan Diomande,14062189,rating-breakdown,passes,passes,,,,RB Leipzig,90.0,,80.4,31.2,88.5,28.2,True,True,1,boolean_field,success,True,,False,True,key_pass,rating-breakdown,True,80.4,31.2,88.5,28.2,pass,True,True,"{""playerCoordinates"": {""x"": 80.4, ""y"": 31.2}, ""passEndCoordinates"": {""x"": 88.5, ""y"": 28.2}, ""eventActionType"": ""pass"", ""isHome"": true, ""outcome"": true, ""keypass"": true}",,
2087085,Yan Diomande,14062189,rating-breakdown,passes,passes,,,,RB Leipzig,90.0,,97.2,28.4,96.4,46.4,True,True,1,boolean_field,success,True,,False,True,key_pass,rating-breakdown,True,97.2,28.4,96.4,46.4,pass,True,True,"{""playerCoordinates"": {""x"": 97.2, ""y"": 28.4}, ""passEndCoordinates"": {""x"": 96.4, ""y"": 46.4}, ""eventActionType"": ""pass"", ""isHome"": true, ""outcome"": true, ""keypass"": true}",,
2087085,Yan Diomande,14062189,rating-breakdown,passes,passes,,,,RB Leipzig,90.0,,77,7.5,73.3,16.6,True,True,1,boolean_field,success,True,,False,False,pass,rating-breakdown,True,77,7.5,73.3,16.6,pass,True,False,"{""playerCoordinates"": {""x"": 77, ""y"": 7.5}, ""passEndCoordinates"": {""x"": 73.3, ""y"": 16.6}, ""eventActionType"": ""pass"", ""isHome"": true, ""outcome"": true, ""keypass"": false}",,
2087085,Yan Diomande,14062189,rating-breakdown,passes,passes,,,,RB Leipzig,90.0,,77.4,3,67.1,8.1,True,True,1,boolean_field,success,True,,False,False,pass,rating-breakdown,True,77.4,3,67.1,8.1,pass,True,False,"{""playerCoordinates"": {""x"": 77.4, ""y"": 3}, ""passEndCoordinates"": {""x"": 67.1, ""y"": 8.1}, ""eventActionType"": ""pass"", ""isHome"": true, ""outcome"": true, ""keypass"": false}",,
2087085,Yan Diomande,14062189,rating-breakdown,passes,passes,,,,RB Leipzig,90.0,,72.3,6,66.4,13.6,True,True,1,boolean_field,success,True,,False,False,pass,rating-breakdown,True,72.3,6,66.4,13.6,pass,True,False,"{""playerCoordinates"": {""x"": 72.3, ""y"": 6}, ""passEndCoordinates"": {""x"": 66.4, ""y"": 13.6}, ""eventActionType"": ""pass"", ""isHome"": true, ""outcome"": true, ""keypass"": false}",,
2087085,Yan Diomande,14062189,rating-breakdown,passes,passes,,,,RB Leipzig,90.0,,89.7,6.7,87.2,11.8,True,True,1,boolean_field,success,True,,False,False,pass,rating-breakdown,True,89.7,6.7,87.2,11.8,pass,True,False,"{""playerCoordinates"": {""x"": 89.7, ""y"": 6.7}, ""passEndCoordinates"": {""x"": 87.2, ""y"": 11.8}, ""eventActionType"": ""pass"", ""isHome"": true, ""outcome"": true, ""keypass"": false}",,
2087085,Yan Diomande,14062189,rating-breakdown,passes,passes,,,,RB Leipzig,90.0,,85.8,5.1,74.7,6.6,True,True,1,boolean_field,success,True,,False,False,pass,rating-breakdown,True,85.8,5.1,74.7,6.6,pass,True,False,"{""playerCoordinates"": {""x"": 85.8, ""y"": 5.1}, ""passEndCoordinates"": {""x"": 74.7, ""y"": 6.6}, ""eventActionType"": ""pass"", ""isHome"": true, ""outcome"": true, ""keypass"": false}",,
2087085,Yan Diomande,14062189,rating-breakdown,passes,passes,,,,RB Leipzig,90.0,,74.7,4.5,86.8,38.5,,,,unresolvable,,,,False,False,pass,rating-breakdown,True,74.7,4.5,86.8,38.5,cross,True,False,"{""playerCoordinates"": {""x"": 74.7, ""y"": 4.5}, ""passEndCoordinates"": {""x"": 86.8, ""y"": 38.5}, ""eventActionType"": ""cross"", ""isHome"": true, ""keypass"": false}",,
2087085,Yan Diomande,14062189,rating-breakdown,passes,passes,,,,RB Leipzig,90.0,,29.4,12.7,14.8,5.8,True,True,1,boolean_field,success,True,,False,False,pass,rating-breakdown,True,29.4,12.7,14.8,5.8,pass,True,False,"{""playerCoordinates"": {""x"": 29.4, ""y"": 12.7}, ""passEndCoordinates"": {""x"": 14.8, ""y"": 5.8}, ""eventActionType"": ""pass"", ""isHome"": true, ""outcome"": true, ""keypass"": false}",,
2087085,Yan Diomande,14062189,rating-breakdown,passes,passes,,,,RB Leipzig,90.0,,57.3,4,42.5,14.5,True,True,1,boolean_field,success,True,,False,False,pass,rating-breakdown,True,57.3,4,42.5,14.5,pass,True,False,"{""playerCoordinates"": {""x"": 57.3, ""y"": 4}, ""passEndCoordinates"": {""x"": 42.5, ""y"": 14.5}, ""eventActionType"": ""pass"", ""isHome"": true, ""outcome"": true, ""keypass"": false}",,
2087085,Yan Diomande,14062189,rating-breakdown,passes,passes,,,,RB Leipzig,90.0,,78.6,4.9,71.1,18.9,True,True,1,boolean_field,success,True,,False,False,pass,rating-breakdown,True,78.6,4.9,71.1,18.9,pass,True,False,"{""playerCoordinates"": {""x"": 78.6, ""y"": 4.9}, ""passEndCoordinates"": {""x"": 71.1, ""y"": 18.9}, ""eventActionType"": ""pass"", ""isHome"": true, ""outcome"": true, ""keypass"": false}",,
2087085,Yan Diomande,14062189,rating-breakdown,passes,passes,,,,RB Leipzig,90.0,,52,7,48.7,19.3,True,True,1,boolean_field,success,True,,False,False,pass,rating-breakdown,True,52,7,48.7,19.3,pass,True,False,"{""playerCoordinates"": {""x"": 52, ""y"": 7}, ""passEndCoordinates"": {""x"": 48.7, ""y"": 19.3}, ""eventActionType"": ""pass"", ""isHome"": true, ""outcome"": true, ""keypass"": false}",,
2087085,Yan Diomande,14062189,rating-breakdown,passes,passes,,,,RB Leipzig,90.0,,56.1,15.6,55.6,53.4,True,True,1,boolean_field,success,True,,False,False,pass,rating-breakdown,True,56.1,15.6,55.6,53.4,pass,True,False,"{""playerCoordinates"": {""x"": 56.1, ""y"": 15.6}, ""passEndCoordinates"": {""x"": 55.6, ""y"": 53.4}, ""eventActionType"": ""pass"", ""isHome"": true, ""outcome"": true, ""keypass"": false}",,
2087085,Yan Diomande,14062189,rating-breakdown,passes,passes,,,,RB Leipzig,90.0,,75.4,3.1,86.2,24,True,True,1,boolean_field,success,True,,False,False,pass,rating-breakdown,True,75.4,3.1,86.2,24,pass,True,False,"{""playerCoordinates"": {""x"": 75.4, ""y"": 3.1}, ""passEndCoordinates"": {""x"": 86.2, ""y"": 24}, ""eventActionType"": ""pass"", ""isHome"": true, ""outcome"": true, ""keypass"": false}",,
2087085,Yan Diomande,14062189,rating-breakdown,passes,passes,,,,RB Leipzig,90.0,,71.9,19.5,69.1,38.1,True,True,1,boolean_field,success,True,,False,False,pass,rating-breakdown,True,71.9,19.5,69.1,38.1,pass,True,False,"{""playerCoordinates"": {""x"": 71.9, ""y"": 19.5}, ""passEndCoordinates"": {""x"": 69.1, ""y"": 38.1}, ""eventActionType"": ""pass"", ""isHome"": true, ""outcome"": true, ""keypass"": false}",,
2087085,Yan Diomande,14062189,rating-breakdown,passes,passes,,,,RB Leipzig,90.0,,63.9,12,53.1,43.5,True,True,1,boolean_field,success,True,,False,False,pass,rating-breakdown,True,63.9,12,53.1,43.5,pass,True,False,"{""playerCoordinates"": {""x"": 63.9, ""y"": 12}, ""passEndCoordinates"": {""x"": 53.1, ""y"": 43.5}, ""eventActionType"": ""pass"", ""isHome"": true, ""outcome"": true, ""keypass"": false}",,
2087085,Yan Diomande,14062189,rating-breakdown,passes,passes,,,,RB Leipzig,90.0,,81.3,6.4,84.1,13.2,True,True,1,boolean_field,success,True,,False,False,pass,rating-breakdown,True,81.3,6.4,84.1,13.2,pass,True,False,"{""playerCoordinates"": {""x"": 81.3, ""y"": 6.4}, ""passEndCoordinates"": {""x"": 84.1, ""y"": 13.2}, ""eventActionType"": ""pass"", ""isHome"": true, ""outcome"": true, ""keypass"": false}",,
2087085,Yan Diomande,14062189,rating-breakdown,passes,passes,,,,RB Leipzig,90.0,,86.1,13.2,88.7,55.8,,,,unresolvable,,,,False,False,pass,rating-breakdown,True,86.1,13.2,88.7,55.8,cross,True,False,"{""playerCoordinates"": {""x"": 86.1, ""y"": 13.2}, ""passEndCoordinates"": {""x"": 88.7, ""y"": 55.8}, ""eventActionType"": ""cross"", ""isHome"": true, ""keypass"": false}",,
2087085,Yan Diomande,14062189,rating-breakdown,passes,passes,,,,RB Leipzig,90.0,,63.8,14.2,62,76.3,True,True,1,boolean_field,success,True,,False,False,pass,rating-breakdown,True,63.8,14.2,62,76.3,pass,True,False,"{""playerCoordinates"": {""x"": 63.8, ""y"": 14.2}, ""passEndCoordinates"": {""x"": 62, ""y"": 76.3}, ""eventActionType"": ""pass"", ""isHome"": true, ""outcome"": true, ""keypass"": false, ""isLongBall"": true}",True,
2087085,Yan Diomande,14062189,rating-breakdown,passes,passes,,,,RB Leipzig,90.0,,64.3,16.5,59.6,30.1,True,True,1,boolean_field,success,True,,False,False,pass,rating-breakdown,True,64.3,16.5,59.6,30.1,pass,True,False,"{""playerCoordinates"": {""x"": 64.3, ""y"": 16.5}, ""passEndCoordinates"": {""x"": 59.6, ""y"": 30.1}, ""eventActionType"": ""pass"", ""isHome"": true, ""outcome"": true, ""keypass"": false}",,
2087085,Yan Diomande,14062189,rating-breakdown,passes,passes,,,,RB Leipzig,90.0,,62.3,29.7,62.3,63.1,True,True,1,boolean_field,success,True,,False,False,pass,rating-breakdown,True,62.3,29.7,62.3,63.1,pass,True,False,"{""playerCoordinates"": {""x"": 62.3, ""y"": 29.7}, ""passEndCoordinates"": {""x"": 62.3, ""y"": 63.1}, ""eventActionType"": ""pass"", ""isHome"": true, ""outcome"": true, ""keypass"": false}",,
2087085,Yan Diomande,14062189,rating-breakdown,ball-carries,ball-carries,,,,RB Leipzig,90.0,,59.5,3.6,43.6,9.6,,,,unresolvable,,,,False,False,,rating-breakdown,True,59.5,3.6,43.6,9.6,ball-carry,True,,"{""playerCoordinates"": {""x"": 59.5, ""y"": 3.6}, ""passEndCoordinates"": {""x"": 43.6, ""y"": 9.6}, ""eventActionType"": ""ball-carry"", ""isHome"": true}",,
2087085,Yan Diomande,14062189,rating-breakdown,ball-carries,ball-carries,,,,RB Leipzig,90.0,,30,78,33.8,75.4,,,,unresolvable,,,,False,False,,rating-breakdown,True,30,78,33.8,75.4,ball-carry,True,,"{""playerCoordinates"": {""x"": 30, ""y"": 78}, ""passEndCoordinates"": {""x"": 33.8, ""y"": 75.4}, ""eventActionType"": ""ball-carry"", ""isHome"": true}",,
2087085,Yan Diomande,14062189,rating-breakdown,ball-carries,ball-carries,,,,RB Leipzig,90.0,,45.3,8.4,43.2,13.5,,,,unresolvable,,,,False,False,,rating-breakdown,True,45.3,8.4,43.2,13.5,ball-carry,True,,"{""playerCoordinates"": {""x"": 45.3, ""y"": 8.4}, ""passEndCoordinates"": {""x"": 43.2, ""y"": 13.5}, ""eventActionType"": ""ball-carry"", ""isHome"": true}",,
2087085,Yan Diomande,14062189,rating-breakdown,ball-carries,ball-carries,,,,RB Leipzig,90.0,,70,19.9,74.5,28.9,,,,unresolvable,,,,False,False,,rating-breakdown,True,70,19.9,74.5,28.9,ball-carry,True,,"{""playerCoordinates"": {""x"": 70, ""y"": 19.9}, ""passEndCoordinates"": {""x"": 74.5, ""y"": 28.9}, ""eventActionType"": ""ball-carry"", ""isHome"": true}",,
2087085,Yan Diomande,14062189,rating-breakdown,ball-carries,ball-carries,,,,RB Leipzig,90.0,,58.7,8.8,66.8,9.6,,,,unresolvable,,,,False,False,,rating-breakdown,True,58.7,8.8,66.8,9.6,ball-carry,True,,"{""playerCoordinates"": {""x"": 58.7, ""y"": 8.8}, ""passEndCoordinates"": {""x"": 66.8, ""y"": 9.6}, ""eventActionType"": ""ball-carry"", ""isHome"": true}",,
2087085,Yan Diomande,14062189,rating-breakdown,ball-carries,ball-carries,,,,RB Leipzig,90.0,,74.9,18.7,75.7,26,,,,unresolvable,,,,False,False,,rating-breakdown,True,74.9,18.7,75.7,26,ball-carry,True,,"{""playerCoordinates"": {""x"": 74.9, ""y"": 18.7}, ""passEndCoordinates"": {""x"": 75.7, ""y"": 26}, ""eventActionType"": ""ball-carry"", ""isHome"": true}",,
2087085,Yan Diomande,14062189,rating-breakdown,ball-carries,ball-carries,,,,RB Leipzig,90.0,,64.5,97,61.5,94.2,,,,unresolvable,,,,False,False,,rating-breakdown,True,64.5,97,61.5,94.2,ball-carry,True,,"{""playerCoordinates"": {""x"": 64.5, ""y"": 97}, ""passEndCoordinates"": {""x"": 61.5, ""y"": 94.2}, ""eventActionType"": ""ball-carry"", ""isHome"": true}",,
2087085,Yan Diomande,14062189,rating-breakdown,ball-carries,ball-carries,,,,RB Leipzig,90.0,,63.4,54.9,64.1,59.8,,,,unresolvable,,,,False,False,,rating-breakdown,True,63.4,54.9,64.1,59.8,ball-carry,True,,"{""playerCoordinates"": {""x"": 63.4, ""y"": 54.9}, ""passEndCoordinates"": {""x"": 64.1, ""y"": 59.8}, ""eventActionType"": ""ball-carry"", ""isHome"": true}",,
2087085,Yan Diomande,14062189,rating-breakdown,ball-carries,ball-carries,,,,RB Leipzig,90.0,,68.7,38.5,86.2,28.9,,,,unresolvable,,,,False,False,,rating-breakdown,True,68.7,38.5,86.2,28.9,ball-carry,True,,"{""playerCoordinates"": {""x"": 68.7, ""y"": 38.5}, ""passEndCoordinates"": {""x"": 86.2, ""y"": 28.9}, ""eventActionType"": ""ball-carry"", ""isHome"": true}",,
2087085,Yan Diomande,14062189,rating-breakdown,ball-carries,ball-carries,,,,RB Leipzig,90.0,,43.8,13.5,51.7,13.6,,,,unresolvable,,,,False,False,,rating-breakdown,True,43.8,13.5,51.7,13.6,ball-carry,True,,"{""playerCoordinates"": {""x"": 43.8, ""y"": 13.5}, ""passEndCoordinates"": {""x"": 51.7, ""y"": 13.6}, ""eventActionType"": ""ball-carry"", ""isHome"": true}",,
2087085,Yan Diomande,14062189,rating-breakdown,ball-carries,ball-carries,,,,RB Leipzig,90.0,,17.5,36.4,29.7,20.8,,,,unresolvable,,,,False,False,,rating-breakdown,True,17.5,36.4,29.7,20.8,ball-carry,True,,"{""playerCoordinates"": {""x"": 17.5, ""y"": 36.4}, ""passEndCoordinates"": {""x"": 29.7, ""y"": 20.8}, ""eventActionType"": ""ball-carry"", ""isHome"": true}",,
2087085,Yan Diomande,14062189,rating-breakdown,ball-carries,ball-carries,,,,RB Leipzig,90.0,,53.5,8.2,57.6,31.2,,,,unresolvable,,,,False,False,,rating-breakdown,True,53.5,8.2,57.6,31.2,ball-carry,True,,"{""playerCoordinates"": {""x"": 53.5, ""y"": 8.2}, ""passEndCoordinates"": {""x"": 57.6, ""y"": 31.2}, ""eventActionType"": ""ball-carry"", ""isHome"": true}",,
2087085,Yan Diomande,14062189,rating-breakdown,ball-carries,ball-carries,,,,RB Leipzig,90.0,,32.9,76.9,28.3,82.2,,,,unresolvable,,,,False,False,,rating-breakdown,True,32.9,76.9,28.3,82.2,ball-carry,True,,"{""playerCoordinates"": {""x"": 32.9, ""y"": 76.9}, ""passEndCoordinates"": {""x"": 28.3, ""y"": 82.2}, ""eventActionType"": ""ball-carry"", ""isHome"": true}",,
2087085,Yan Diomande,14062189,rating-breakdown,ball-carries,ball-carries,,,,RB Leipzig,90.0,,66.9,4.3,67.4,16.3,,,,unresolvable,,,,False,False,,rating-breakdown,True,66.9,4.3,67.4,16.3,ball-carry,True,,"{""playerCoordinates"": {""x"": 66.9, ""y"": 4.3}, ""passEndCoordinates"": {""x"": 67.4, ""y"": 16.3}, ""eventActionType"": ""ball-carry"", ""isHome"": true}",,
2087085,Yan Diomande,14062189,rating-breakdown,ball-carries,ball-carries,,,,RB Leipzig,90.0,,66.8,14.8,67.6,23.4,,,,unresolvable,,,,False,False,,rating-breakdown,True,66.8,14.8,67.6,23.4,ball-carry,True,,"{""playerCoordinates"": {""x"": 66.8, ""y"": 14.8}, ""passEndCoordinates"": {""x"": 67.6, ""y"": 23.4}, ""eventActionType"": ""ball-carry"", ""isHome"": true}",,
2087085,Yan Diomande,14062189,rating-breakdown,ball-carries,ball-carries,,,,RB Leipzig,90.0,,73.3,6,78,3.6,,,,unresolvable,,,,False,False,,rating-breakdown,True,73.3,6,78,3.6,ball-carry,True,,"{""playerCoordinates"": {""x"": 73.3, ""y"": 6}, ""passEndCoordinates"": {""x"": 78, ""y"": 3.6}, ""eventActionType"": ""ball-carry"", ""isHome"": true}",,
2087085,Yan Diomande,14062189,rating-breakdown,ball-carries,ball-carries,,,,RB Leipzig,90.0,,61.5,4,68.6,6.6,,,,unresolvable,,,,False,False,,rating-breakdown,True,61.5,4,68.6,6.6,ball-carry,True,,"{""playerCoordinates"": {""x"": 61.5, ""y"": 4}, ""passEndCoordinates"": {""x"": 68.6, ""y"": 6.6}, ""eventActionType"": ""ball-carry"", ""isHome"": true}",,
2087085,Yan Diomande,14062189,rating-breakdown,ball-carries,ball-carries,,,,RB Leipzig,90.0,,92.3,8.8,98,16.8,,,,unresolvable,,,,False,False,,rating-breakdown,True,92.3,8.8,98,16.8,ball-carry,True,,"{""playerCoordinates"": {""x"": 92.3, ""y"": 8.8}, ""passEndCoordinates"": {""x"": 98, ""y"": 16.8}, ""eventActionType"": ""ball-carry"", ""isHome"": true}",,
2087085,Yan Diomande,14062189,rating-breakdown,ball-carries,ball-carries,,,,RB Leipzig,90.0,,54.8,1.9,53.8,17.1,,,,unresolvable,,,,False,False,,rating-breakdown,True,54.8,1.9,53.8,17.1,ball-carry,True,,"{""playerCoordinates"": {""x"": 54.8, ""y"": 1.9}, ""passEndCoordinates"": {""x"": 53.8, ""y"": 17.1}, ""eventActionType"": ""ball-carry"", ""isHome"": true}",,
2087085,Yan Diomande,14062189,rating-breakdown,ball-carries,ball-carries,,,,RB Leipzig,90.0,,84.3,29.8,80.4,31.2,,,,unresolvable,,,,False,False,,rating-breakdown,True,84.3,29.8,80.4,31.2,ball-carry,True,,"{""playerCoordinates"": {""x"": 84.3, ""y"": 29.8}, ""passEndCoordinates"": {""x"": 80.4, ""y"": 31.2}, ""eventActionType"": ""ball-carry"", ""isHome"": true}",,
2087085,Yan Diomande,14062189,rating-breakdown,ball-carries,ball-carries,,,,RB Leipzig,90.0,,79.3,7.2,96.6,27.7,,,,unresolvable,,,,False,False,,rating-breakdown,True,79.3,7.2,96.6,27.7,ball-carry,True,,"{""playerCoordinates"": {""x"": 79.3, ""y"": 7.2}, ""passEndCoordinates"": {""x"": 96.6, ""y"": 27.7}, ""eventActionType"": ""ball-carry"", ""isHome"": true}",,
2087085,Yan Diomande,14062189,rating-breakdown,ball-carries,ball-carries,,,,RB Leipzig,90.0,,74.1,4.6,77,7.5,,,,unresolvable,,,,False,False,,rating-breakdown,True,74.1,4.6,77,7.5,ball-carry,True,,"{""playerCoordinates"": {""x"": 74.1, ""y"": 4.6}, ""passEndCoordinates"": {""x"": 77, ""y"": 7.5}, ""eventActionType"": ""ball-carry"", ""isHome"": true}",,
2087085,Yan Diomande,14062189,rating-breakdown,ball-carries,ball-carries,,,,RB Leipzig,90.0,,38.1,10.3,44.5,9.1,,,,unresolvable,,,,False,False,,rating-breakdown,True,38.1,10.3,44.5,9.1,ball-carry,True,,"{""playerCoordinates"": {""x"": 38.1, ""y"": 10.3}, ""passEndCoordinates"": {""x"": 44.5, ""y"": 9.1}, ""eventActionType"": ""ball-carry"", ""isHome"": true}",,
2087085,Yan Diomande,14062189,rating-breakdown,ball-carries,ball-carries,,,,RB Leipzig,90.0,,68.9,6.6,72.6,7.2,,,,unresolvable,,,,False,False,,rating-breakdown,True,68.9,6.6,72.6,7.2,ball-carry,True,,"{""playerCoordinates"": {""x"": 68.9, ""y"": 6.6}, ""passEndCoordinates"": {""x"": 72.6, ""y"": 7.2}, ""eventActionType"": ""ball-carry"", ""isHome"": true}",,
2087085,Yan Diomande,14062189,rating-breakdown,ball-carries,ball-carries,,,,RB Leipzig,90.0,,75.4,5.8,78.6,4.9,,,,unresolvable,,,,False,False,,rating-breakdown,True,75.4,5.8,78.6,4.9,ball-carry,True,,"{""playerCoordinates"": {""x"": 75.4, ""y"": 5.8}, ""passEndCoordinates"": {""x"": 78.6, ""y"": 4.9}, ""eventActionType"": ""ball-carry"", ""isHome"": true}",,
2087085,Yan Diomande,14062189,rating-breakdown,ball-carries,ball-carries,,,,RB Leipzig,90.0,,56.8,3.7,52,7,,,,unresolvable,,,,False,False,,rating-breakdown,True,56.8,3.7,52,7,ball-carry,True,,"{""playerCoordinates"": {""x"": 56.8, ""y"": 3.7}, ""passEndCoordinates"": {""x"": 52, ""y"": 7}, ""eventActionType"": ""ball-carry"", ""isHome"": true}",,
2087085,Yan Diomande,14062189,rating-breakdown,ball-carries,ball-carries,,,,RB Leipzig,90.0,,57.8,3.3,56.1,15.6,,,,unresolvable,,,,False,False,,rating-breakdown,True,57.8,3.3,56.1,15.6,ball-carry,True,,"{""playerCoordinates"": {""x"": 57.8, ""y"": 3.3}, ""passEndCoordinates"": {""x"": 56.1, ""y"": 15.6}, ""eventActionType"": ""ball-carry"", ""isHome"": true}",,
2087085,Yan Diomande,14062189,rating-breakdown,ball-carries,ball-carries,,,,RB Leipzig,90.0,,67.1,3.4,71.9,19.5,,,,unresolvable,,,,False,False,,rating-breakdown,True,67.1,3.4,71.9,19.5,ball-carry,True,,"{""playerCoordinates"": {""x"": 67.1, ""y"": 3.4}, ""passEndCoordinates"": {""x"": 71.9, ""y"": 19.5}, ""eventActionType"": ""ball-carry"", ""isHome"": true}",,
2087085,Yan Diomande,14062189,rating-breakdown,ball-carries,ball-carries,,,,RB Leipzig,90.0,,64.8,2.1,63.9,12,,,,unresolvable,,,,False,False,,rating-breakdown,True,64.8,2.1,63.9,12,ball-carry,True,,"{""playerCoordinates"": {""x"": 64.8, ""y"": 2.1}, ""passEndCoordinates"": {""x"": 63.9, ""y"": 12}, ""eventActionType"": ""ball-carry"", ""isHome"": true}",,
2087085,Yan Diomande,14062189,rating-breakdown,ball-carries,ball-carries,,,,RB Leipzig,90.0,,78.6,12.6,86.1,13.2,,,,unresolvable,,,,False,False,,rating-breakdown,True,78.6,12.6,86.1,13.2,ball-carry,True,,"{""playerCoordinates"": {""x"": 78.6, ""y"": 12.6}, ""passEndCoordinates"": {""x"": 86.1, ""y"": 13.2}, ""eventActionType"": ""ball-carry"", ""isHome"": true}",,
2087085,Yan Diomande,14062189,rating-breakdown,ball-carries,ball-carries,,,,RB Leipzig,90.0,,62.6,5.4,63.8,14.2,,,,unresolvable,,,,False,False,,rating-breakdown,True,62.6,5.4,63.8,14.2,ball-carry,True,,"{""playerCoordinates"": {""x"": 62.6, ""y"": 5.4}, ""passEndCoordinates"": {""x"": 63.8, ""y"": 14.2}, ""eventActionType"": ""ball-carry"", ""isHome"": true}",,
2087085,Yan Diomande,14062189,rating-breakdown,ball-carries,ball-carries,,,,RB Leipzig,90.0,,68.1,5.8,64.3,16.5,,,,unresolvable,,,,False,False,,rating-breakdown,True,68.1,5.8,64.3,16.5,ball-carry,True,,"{""playerCoordinates"": {""x"": 68.1, ""y"": 5.8}, ""passEndCoordinates"": {""x"": 64.3, ""y"": 16.5}, ""eventActionType"": ""ball-carry"", ""isHome"": true}",,
2087085,Yan Diomande,14062189,rating-breakdown,ball-carries,ball-carries,,,,RB Leipzig,90.0,,59.3,13.3,62.3,29.7,,,,unresolvable,,,,False,False,,rating-breakdown,True,59.3,13.3,62.3,29.7,ball-carry,True,,"{""playerCoordinates"": {""x"": 59.3, ""y"": 13.3}, ""passEndCoordinates"": {""x"": 62.3, ""y"": 29.7}, ""eventActionType"": ""ball-carry"", ""isHome"": true}",,
2087085,Yan Diomande,14062189,rating-breakdown,ball-carries,ball-carries,,,,RB Leipzig,90.0,,40.4,17.9,39.4,13.3,,,,unresolvable,,,,False,False,,rating-breakdown,True,40.4,17.9,39.4,13.3,ball-carry,True,,"{""playerCoordinates"": {""x"": 40.4, ""y"": 17.9}, ""passEndCoordinates"": {""x"": 39.4, ""y"": 13.3}, ""eventActionType"": ""ball-carry"", ""isHome"": true}",,
2087085,Yan Diomande,14062189,rating-breakdown,dribbles,dribbles,,,,RB Leipzig,90.0,,63.2,45.8,,,True,True,1,boolean_field,success,,True,False,False,,rating-breakdown,True,63.2,45.8,,,dribble,True,False,"{""playerCoordinates"": {""x"": 63.2, ""y"": 45.8}, ""eventActionType"": ""dribble"", ""isHome"": true, ""outcome"": true, ""keypass"": false}",,
2087085,Yan Diomande,14062189,rating-breakdown,dribbles,dribbles,,,,RB Leipzig,90.0,,75.7,26,,,,,,unresolvable,,,,False,False,,rating-breakdown,True,75.7,26,,,dribble,True,False,"{""playerCoordinates"": {""x"": 75.7, ""y"": 26}, ""eventActionType"": ""dribble"", ""isHome"": true, ""keypass"": false}",,
2087085,Yan Diomande,14062189,rating-breakdown,dribbles,dribbles,,,,RB Leipzig,90.0,,67.6,23.8,,,True,True,1,boolean_field,success,,True,False,False,,rating-breakdown,True,67.6,23.8,,,dribble,True,False,"{""playerCoordinates"": {""x"": 67.6, ""y"": 23.8}, ""eventActionType"": ""dribble"", ""isHome"": true, ""outcome"": true, ""keypass"": false}",,
2087085,Yan Diomande,14062189,rating-breakdown,dribbles,dribbles,,,,RB Leipzig,90.0,,72.5,7.1,,,,,,unresolvable,,,,False,False,,rating-breakdown,True,72.5,7.1,,,dribble,True,False,"{""playerCoordinates"": {""x"": 72.5, ""y"": 7.1}, ""eventActionType"": ""dribble"", ""isHome"": true, ""keypass"": false}",,
2087085,Yan Diomande,14062189,rating-breakdown,dribbles,dribbles,,,,RB Leipzig,90.0,,76.5,9.9,,,,,,unresolvable,,,,False,False,,rating-breakdown,True,76.5,9.9,,,dribble,True,False,"{""playerCoordinates"": {""x"": 76.5, ""y"": 9.9}, ""eventActionType"": ""dribble"", ""isHome"": true, ""keypass"": false}",,
2087085,Yan Diomande,14062189,rating-breakdown,defensive,defensive,,,,RB Leipzig,90.0,,65.3,65.8,,,True,True,1,boolean_field,success,,True,False,False,,rating-breakdown,True,65.3,65.8,,,ball-recovery,True,False,"{""playerCoordinates"": {""x"": 65.3, ""y"": 65.8}, ""eventActionType"": ""ball-recovery"", ""isHome"": true, ""outcome"": true, ""keypass"": false}",,
2087085,Yan Diomande,14062189,rating-breakdown,defensive,defensive,,,,RB Leipzig,90.0,,73.4,4.9,,,True,True,1,boolean_field,success,,True,False,False,,rating-breakdown,True,73.4,4.9,,,ball-recovery,True,False,"{""playerCoordinates"": {""x"": 73.4, ""y"": 4.9}, ""eventActionType"": ""ball-recovery"", ""isHome"": true, ""outcome"": true, ""keypass"": false}",,
2087085,Yan Diomande,14062189,rating-breakdown,defensive,defensive,,,,RB Leipzig,90.0,,63.5,68.5,,,True,True,1,boolean_field,success,,True,False,False,,rating-breakdown,True,63.5,68.5,,,ball-recovery,True,False,"{""playerCoordinates"": {""x"": 63.5, ""y"": 68.5}, ""eventActionType"": ""ball-recovery"", ""isHome"": true, ""outcome"": true, ""keypass"": false}",,
2087085,Yan Diomande,14062189,rating-breakdown,defensive,defensive,,,,RB Leipzig,90.0,,17.5,36.4,,,True,True,1,boolean_field,success,,True,False,False,,rating-breakdown,True,17.5,36.4,,,ball-recovery,True,False,"{""playerCoordinates"": {""x"": 17.5, ""y"": 36.4}, ""eventActionType"": ""ball-recovery"", ""isHome"": true, ""outcome"": true, ""keypass"": false}",,
2087085,Yan Diomande,14062189,rating-breakdown,defensive,defensive,,,,RB Leipzig,90.0,,28.3,82.2,,,True,True,1,boolean_field,success,,True,False,False,,rating-breakdown,True,28.3,82.2,,,ball-recovery,True,False,"{""playerCoordinates"": {""x"": 28.3, ""y"": 82.2}, ""eventActionType"": ""ball-recovery"", ""isHome"": true, ""outcome"": true, ""keypass"": false}",,
2087085,Yan Diomande,14062189,rating-breakdown,defensive,defensive,,,,RB Leipzig,90.0,,64.1,49.2,,,True,True,1,boolean_field,success,,True,False,False,,rating-breakdown,True,64.1,49.2,,,ball-recovery,True,False,"{""playerCoordinates"": {""x"": 64.1, ""y"": 49.2}, ""eventActionType"": ""ball-recovery"", ""isHome"": true, ""outcome"": true, ""keypass"": false}",,
2087085,Yan Diomande,14062189,rating-breakdown,defensive,defensive,,,,RB Leipzig,90.0,,11.2,10.1,,,True,True,1,boolean_field,success,,True,False,False,,rating-breakdown,True,11.2,10.1,,,tackle,True,False,"{""playerCoordinates"": {""x"": 11.2, ""y"": 10.1}, ""eventActionType"": ""tackle"", ""isHome"": true, ""outcome"": true, ""keypass"": false}",,
2087085,Yan Diomande,14062189,rating-breakdown,defensive,defensive,,,,RB Leipzig,90.0,,29.4,12.7,,,True,True,1,boolean_field,success,,True,False,False,,rating-breakdown,True,29.4,12.7,,,ball-recovery,True,False,"{""playerCoordinates"": {""x"": 29.4, ""y"": 12.7}, ""eventActionType"": ""ball-recovery"", ""isHome"": true, ""outcome"": true, ""keypass"": false}",,
2087085,Yan Diomande,14062205,rating-breakdown,passes,passes,,,,RB Leipzig,82.0,,63.8,5.5,65.3,19.8,True,True,1,boolean_field,success,True,,False,False,pass,rating-breakdown,True,63.8,5.5,65.3,19.8,pass,False,False,"{""playerCoordinates"": {""x"": 63.8, ""y"": 5.5}, ""passEndCoordinates"": {""x"": 65.3, ""y"": 19.8}, ""eventActionType"": ""pass"", ""isHome"": false, ""outcome"": true, ""keypass"": false}",,
2087085,Yan Diomande,14062205,rating-breakdown,passes,passes,,,,RB Leipzig,82.0,,68.9,6.6,68.4,22.6,True,True,1,boolean_field,success,True,,False,False,pass,rating-breakdown,True,68.9,6.6,68.4,22.6,pass,False,False,"{""playerCoordinates"": {""x"": 68.9, ""y"": 6.6}, ""passEndCoordinates"": {""x"": 68.4, ""y"": 22.6}, ""eventActionType"": ""pass"", ""isHome"": false, ""outcome"": true, ""keypass"": false}",,
2087085,Yan Diomande,14062205,rating-breakdown,passes,passes,,,,RB Leipzig,82.0,,70.9,18.1,64.6,32.8,True,True,1,boolean_field,success,True,,False,False,pass,rating-breakdown,True,70.9,18.1,64.6,32.8,pass,False,False,"{""playerCoordinates"": {""x"": 70.9, ""y"": 18.1}, ""passEndCoordinates"": {""x"": 64.6, ""y"": 32.8}, ""eventActionType"": ""pass"", ""isHome"": false, ""outcome"": true, ""keypass"": false}",,
2087085,Yan Diomande,14062205,rating-breakdown,passes,passes,,,,RB Leipzig,82.0,,71.8,9.1,86.6,19.9,,,,unresolvable,,,,False,False,pass,rating-breakdown,True,71.8,9.1,86.6,19.9,pass,False,False,"{""playerCoordinates"": {""x"": 71.8, ""y"": 9.1}, ""passEndCoordinates"": {""x"": 86.6, ""y"": 19.9}, ""eventActionType"": ""pass"", ""isHome"": false, ""keypass"": false}",,
2087085,Yan Diomande,14062205,rating-breakdown,passes,passes,,,,RB Leipzig,82.0,,60.9,6.6,61.6,20.8,True,True,1,boolean_field,success,True,,False,False,pass,rating-breakdown,True,60.9,6.6,61.6,20.8,pass,False,False,"{""playerCoordinates"": {""x"": 60.9, ""y"": 6.6}, ""passEndCoordinates"": {""x"": 61.6, ""y"": 20.8}, ""eventActionType"": ""pass"", ""isHome"": false, ""outcome"": true, ""keypass"": false}",,
2087085,Yan Diomande,14062205,rating-breakdown,passes,passes,,,,RB Leipzig,82.0,,78.9,15,92.7,22.6,True,True,1,boolean_field,success,True,,False,False,pass,rating-breakdown,True,78.9,15,92.7,22.6,pass,False,False,"{""playerCoordinates"": {""x"": 78.9, ""y"": 15}, ""passEndCoordinates"": {""x"": 92.7, ""y"": 22.6}, ""eventActionType"": ""pass"", ""isHome"": false, ""outcome"": true, ""keypass"": false}",,
2087085,Yan Diomande,14062205,rating-breakdown,passes,passes,,,,RB Leipzig,82.0,,57,8.4,43.5,14.2,True,True,1,boolean_field,success,True,,False,False,pass,rating-breakdown,True,57,8.4,43.5,14.2,pass,False,False,"{""playerCoordinates"": {""x"": 57, ""y"": 8.4}, ""passEndCoordinates"": {""x"": 43.5, ""y"": 14.2}, ""eventActionType"": ""pass"", ""isHome"": false, ""outcome"": true, ""keypass"": false}",,
2087085,Yan Diomande,14062205,rating-breakdown,passes,passes,,,,RB Leipzig,82.0,,61.4,18,59.7,33.1,True,True,1,boolean_field,success,True,,False,False,pass,rating-breakdown,True,61.4,18,59.7,33.1,pass,False,False,"{""playerCoordinates"": {""x"": 61.4, ""y"": 18}, ""passEndCoordinates"": {""x"": 59.7, ""y"": 33.1}, ""eventActionType"": ""pass"", ""isHome"": false, ""outcome"": true, ""keypass"": false}",,
2087085,Yan Diomande,14062205,rating-breakdown,passes,passes,,,,RB Leipzig,82.0,,75.1,45.9,,,True,True,1,boolean_field,success,True,,False,True,key_pass,rating-breakdown,True,75.1,45.9,,,ball-touch,False,True,"{""playerCoordinates"": {""x"": 75.1, ""y"": 45.9}, ""eventActionType"": ""ball-touch"", ""isHome"": false, ""outcome"": true, ""keypass"": true}",,
2087085,Yan Diomande,14062205,rating-breakdown,passes,passes,,,,RB Leipzig,82.0,,26.6,10.8,27.4,24.9,True,True,1,boolean_field,success,True,,False,False,pass,rating-breakdown,True,26.6,10.8,27.4,24.9,pass,False,False,"{""playerCoordinates"": {""x"": 26.6, ""y"": 10.8}, ""passEndCoordinates"": {""x"": 27.4, ""y"": 24.9}, ""eventActionType"": ""pass"", ""isHome"": false, ""outcome"": true, ""keypass"": false}",,
2087085,Yan Diomande,14062205,rating-breakdown,passes,passes,,,,RB Leipzig,82.0,,65.6,9.9,64,36.6,True,True,1,boolean_field,success,True,,False,False,pass,rating-breakdown,True,65.6,9.9,64,36.6,pass,False,False,"{""playerCoordinates"": {""x"": 65.6, ""y"": 9.9}, ""passEndCoordinates"": {""x"": 64, ""y"": 36.6}, ""eventActionType"": ""pass"", ""isHome"": false, ""outcome"": true, ""keypass"": false}",,
2087085,Yan Diomande,14062205,rating-breakdown,passes,passes,,,,RB Leipzig,82.0,,67.5,48.7,72.7,39.1,True,True,1,boolean_field,success,True,,False,True,key_pass,rating-breakdown,True,67.5,48.7,72.7,39.1,pass,False,True,"{""playerCoordinates"": {""x"": 67.5, ""y"": 48.7}, ""passEndCoordinates"": {""x"": 72.7, ""y"": 39.1}, ""eventActionType"": ""pass"", ""isHome"": false, ""outcome"": true, ""keypass"": true}",,
2087085,Yan Diomande,14062205,rating-breakdown,passes,passes,,,,RB Leipzig,82.0,,98.1,23.1,95.3,37.9,,,,unresolvable,,,,False,False,pass,rating-breakdown,True,98.1,23.1,95.3,37.9,pass,False,False,"{""playerCoordinates"": {""x"": 98.1, ""y"": 23.1}, ""passEndCoordinates"": {""x"": 95.3, ""y"": 37.9}, ""eventActionType"": ""pass"", ""isHome"": false, ""keypass"": false}",,
2087085,Yan Diomande,14062205,rating-breakdown,passes,passes,,,,RB Leipzig,82.0,,84,14.7,88.5,18.4,True,True,1,boolean_field,success,True,,False,False,pass,rating-breakdown,True,84,14.7,88.5,18.4,pass,False,False,"{""playerCoordinates"": {""x"": 84, ""y"": 14.7}, ""passEndCoordinates"": {""x"": 88.5, ""y"": 18.4}, ""eventActionType"": ""pass"", ""isHome"": false, ""outcome"": true, ""keypass"": false}",,
2087085,Yan Diomande,14062205,rating-breakdown,passes,passes,,,,RB Leipzig,82.0,,84.2,16.3,86.8,4.9,True,True,1,boolean_field,success,True,,False,False,pass,rating-breakdown,True,84.2,16.3,86.8,4.9,pass,False,False,"{""playerCoordinates"": {""x"": 84.2, ""y"": 16.3}, ""passEndCoordinates"": {""x"": 86.8, ""y"": 4.9}, ""eventActionType"": ""pass"", ""isHome"": false, ""outcome"": true, ""keypass"": false}",,
2087085,Yan Diomande,14062205,rating-breakdown,passes,passes,,,,RB Leipzig,82.0,,37.1,8.1,23.5,20.2,True,True,1,boolean_field,success,True,,False,False,pass,rating-breakdown,True,37.1,8.1,23.5,20.2,pass,False,False,"{""playerCoordinates"": {""x"": 37.1, ""y"": 8.1}, ""passEndCoordinates"": {""x"": 23.5, ""y"": 20.2}, ""eventActionType"": ""pass"", ""isHome"": false, ""outcome"": true, ""keypass"": false}",,
2087085,Yan Diomande,14062205,rating-breakdown,passes,passes,,,,RB Leipzig,82.0,,28.9,6.9,30.7,14.8,True,True,1,boolean_field,success,True,,False,False,pass,rating-breakdown,True,28.9,6.9,30.7,14.8,pass,False,False,"{""playerCoordinates"": {""x"": 28.9, ""y"": 6.9}, ""passEndCoordinates"": {""x"": 30.7, ""y"": 14.8}, ""eventActionType"": ""pass"", ""isHome"": false, ""outcome"": true, ""keypass"": false}",,
2087085,Yan Diomande,14062205,rating-breakdown,passes,passes,,,,RB Leipzig,82.0,,54.9,72.6,22.2,63.1,True,True,1,boolean_field,success,True,,False,False,pass,rating-breakdown,True,54.9,72.6,22.2,63.1,pass,False,False,"{""playerCoordinates"": {""x"": 54.9, ""y"": 72.6}, ""passEndCoordinates"": {""x"": 22.2, ""y"": 63.1}, ""eventActionType"": ""pass"", ""isHome"": false, ""outcome"": true, ""keypass"": false, ""isLongBall"": true}",True,
2087085,Yan Diomande,14062205,rating-breakdown,passes,passes,,,,RB Leipzig,82.0,,39.9,14.5,21.1,23.4,True,True,1,boolean_field,success,True,,False,False,pass,rating-breakdown,True,39.9,14.5,21.1,23.4,pass,False,False,"{""playerCoordinates"": {""x"": 39.9, ""y"": 14.5}, ""passEndCoordinates"": {""x"": 21.1, ""y"": 23.4}, ""eventActionType"": ""pass"", ""isHome"": false, ""outcome"": true, ""keypass"": false}",,
2087085,Yan Diomande,14062205,rating-breakdown,passes,passes,,,,RB Leipzig,82.0,,82.1,8.1,74.2,24.9,True,True,1,boolean_field,success,True,,False,False,pass,rating-breakdown,True,82.1,8.1,74.2,24.9,pass,False,False,"{""playerCoordinates"": {""x"": 82.1, ""y"": 8.1}, ""passEndCoordinates"": {""x"": 74.2, ""y"": 24.9}, ""eventActionType"": ""pass"", ""isHome"": false, ""outcome"": true, ""keypass"": false}",,
2087085,Yan Diomande,14062205,rating-breakdown,passes,passes,,,,RB Leipzig,82.0,,45.1,36.6,61.4,63.7,True,True,1,boolean_field,success,True,,False,False,pass,rating-breakdown,True,45.1,36.6,61.4,63.7,pass,False,False,"{""playerCoordinates"": {""x"": 45.1, ""y"": 36.6}, ""passEndCoordinates"": {""x"": 61.4, ""y"": 63.7}, ""eventActionType"": ""pass"", ""isHome"": false, ""outcome"": true, ""keypass"": false}",,
2087085,Yan Diomande,14062205,rating-breakdown,passes,passes,,,,RB Leipzig,82.0,,40.4,8.1,21.1,22.8,True,True,1,boolean_field,success,True,,False,False,pass,rating-breakdown,True,40.4,8.1,21.1,22.8,pass,False,False,"{""playerCoordinates"": {""x"": 40.4, ""y"": 8.1}, ""passEndCoordinates"": {""x"": 21.1, ""y"": 22.8}, ""eventActionType"": ""pass"", ""isHome"": false, ""outcome"": true, ""keypass"": false}",,
2087085,Yan Diomande,14062205,rating-breakdown,ball-carries,ball-carries,,,,RB Leipzig,82.0,,68.4,8.8,75.7,16,,,,unresolvable,,,,False,False,,rating-breakdown,True,68.4,8.8,75.7,16,ball-carry,False,,"{""playerCoordinates"": {""x"": 68.4, ""y"": 8.8}, ""passEndCoordinates"": {""x"": 75.7, ""y"": 16}, ""eventActionType"": ""ball-carry"", ""isHome"": false}",,
2087085,Yan Diomande,14062205,rating-breakdown,ball-carries,ball-carries,,,,RB Leipzig,82.0,,51.8,14.5,61,5.8,,,,unresolvable,,,,False,False,,rating-breakdown,True,51.8,14.5,61,5.8,ball-carry,False,,"{""playerCoordinates"": {""x"": 51.8, ""y"": 14.5}, ""passEndCoordinates"": {""x"": 61, ""y"": 5.8}, ""eventActionType"": ""ball-carry"", ""isHome"": false}",,
2087085,Yan Diomande,14062205,rating-breakdown,ball-carries,ball-carries,,,,RB Leipzig,82.0,,59.6,4.6,64.2,9.9,,,,unresolvable,,,,False,False,,rating-breakdown,True,59.6,4.6,64.2,9.9,ball-carry,False,,"{""playerCoordinates"": {""x"": 59.6, ""y"": 4.6}, ""passEndCoordinates"": {""x"": 64.2, ""y"": 9.9}, ""eventActionType"": ""ball-carry"", ""isHome"": false}",,
2087085,Yan Diomande,14062205,rating-breakdown,ball-carries,ball-carries,,,,RB Leipzig,82.0,,19.4,57.1,14.9,53.7,,,,unresolvable,,,,False,False,,rating-breakdown,True,19.4,57.1,14.9,53.7,ball-carry,False,,"{""playerCoordinates"": {""x"": 19.4, ""y"": 57.1}, ""passEndCoordinates"": {""x"": 14.9, ""y"": 53.7}, ""eventActionType"": ""ball-carry"", ""isHome"": false}",,
2087085,Yan Diomande,14062205,rating-breakdown,ball-carries,ball-carries,,,,RB Leipzig,82.0,,64.5,51.6,67.5,48.7,,,,unresolvable,,,,False,False,,rating-breakdown,True,64.5,51.6,67.5,48.7,ball-carry,False,,"{""playerCoordinates"": {""x"": 64.5, ""y"": 51.6}, ""passEndCoordinates"": {""x"": 67.5, ""y"": 48.7}, ""eventActionType"": ""ball-carry"", ""isHome"": false}",,
2087085,Yan Diomande,14062205,rating-breakdown,ball-carries,ball-carries,,,,RB Leipzig,82.0,,83.7,7.2,87.3,11.6,,,,unresolvable,,,,False,False,,rating-breakdown,True,83.7,7.2,87.3,11.6,ball-carry,False,,"{""playerCoordinates"": {""x"": 83.7, ""y"": 7.2}, ""passEndCoordinates"": {""x"": 87.3, ""y"": 11.6}, ""eventActionType"": ""ball-carry"", ""isHome"": false}",,
2087085,Yan Diomande,14062205,rating-breakdown,ball-carries,ball-carries,,,,RB Leipzig,82.0,,44.1,5.2,37.1,8.1,,,,unresolvable,,,,False,False,,rating-breakdown,True,44.1,5.2,37.1,8.1,ball-carry,False,,"{""playerCoordinates"": {""x"": 44.1, ""y"": 5.2}, ""passEndCoordinates"": {""x"": 37.1, ""y"": 8.1}, ""eventActionType"": ""ball-carry"", ""isHome"": false}",,
2087085,Yan Diomande,14062205,rating-breakdown,ball-carries,ball-carries,,,,RB Leipzig,82.0,,70.8,61.8,75.8,64.7,,,,unresolvable,,,,False,False,,rating-breakdown,True,70.8,61.8,75.8,64.7,ball-carry,False,,"{""playerCoordinates"": {""x"": 70.8, ""y"": 61.8}, ""passEndCoordinates"": {""x"": 75.8, ""y"": 64.7}, ""eventActionType"": ""ball-carry"", ""isHome"": false}",,
2087085,Yan Diomande,14062205,rating-breakdown,ball-carries,ball-carries,,,,RB Leipzig,82.0,,42.9,4,39.9,14.5,,,,unresolvable,,,,False,False,,rating-breakdown,True,42.9,4,39.9,14.5,ball-carry,False,,"{""playerCoordinates"": {""x"": 42.9, ""y"": 4}, ""passEndCoordinates"": {""x"": 39.9, ""y"": 14.5}, ""eventActionType"": ""ball-carry"", ""isHome"": false}",,
2087085,Yan Diomande,14062205,rating-breakdown,ball-carries,ball-carries,,,,RB Leipzig,82.0,,88,4.6,82.1,8.1,,,,unresolvable,,,,False,False,,rating-breakdown,True,88,4.6,82.1,8.1,ball-carry,False,,"{""playerCoordinates"": {""x"": 88, ""y"": 4.6}, ""passEndCoordinates"": {""x"": 82.1, ""y"": 8.1}, ""eventActionType"": ""ball-carry"", ""isHome"": false}",,
2087085,Yan Diomande,14062205,rating-breakdown,ball-carries,ball-carries,,,,RB Leipzig,82.0,,80.4,12.1,76.3,4,,,,unresolvable,,,,False,False,,rating-breakdown,True,80.4,12.1,76.3,4,ball-carry,False,,"{""playerCoordinates"": {""x"": 80.4, ""y"": 12.1}, ""passEndCoordinates"": {""x"": 76.3, ""y"": 4}, ""eventActionType"": ""ball-carry"", ""isHome"": false}",,
2087085,Yan Diomande,14062205,rating-breakdown,ball-carries,ball-carries,,,,RB Leipzig,82.0,,44.1,28.5,45.1,36.6,,,,unresolvable,,,,False,False,,rating-breakdown,True,44.1,28.5,45.1,36.6,ball-carry,False,,"{""playerCoordinates"": {""x"": 44.1, ""y"": 28.5}, ""passEndCoordinates"": {""x"": 45.1, ""y"": 36.6}, ""eventActionType"": ""ball-carry"", ""isHome"": false}",,
2087085,Yan Diomande,14062205,rating-breakdown,dribbles,dribbles,,,,RB Leipzig,82.0,,74.7,15.1,,,True,True,1,boolean_field,success,,True,False,False,,rating-breakdown,True,74.7,15.1,,,dribble,False,False,"{""playerCoordinates"": {""x"": 74.7, ""y"": 15.1}, ""eventActionType"": ""dribble"", ""isHome"": false, ""outcome"": true, ""keypass"": false}",,
2087085,Yan Diomande,14062205,rating-breakdown,dribbles,dribbles,,,,RB Leipzig,82.0,,60.2,6.4,,,True,True,1,boolean_field,success,,True,False,False,,rating-breakdown,True,60.2,6.4,,,dribble,False,False,"{""playerCoordinates"": {""x"": 60.2, ""y"": 6.4}, ""eventActionType"": ""dribble"", ""isHome"": false, ""outcome"": true, ""keypass"": false}",,
2087085,Yan Diomande,14062205,rating-breakdown,dribbles,dribbles,,,,RB Leipzig,82.0,,87.6,11.8,,,True,True,1,boolean_field,success,,True,False,False,,rating-breakdown,True,87.6,11.8,,,dribble,False,False,"{""playerCoordinates"": {""x"": 87.6, ""y"": 11.8}, ""eventActionType"": ""dribble"", ""isHome"": false, ""outcome"": true, ""keypass"": false}",,
2087085,Yan Diomande,14062205,rating-breakdown,dribbles,dribbles,,,,RB Leipzig,82.0,,75.5,64.4,,,True,True,1,boolean_field,success,,True,False,False,,rating-breakdown,True,75.5,64.4,,,dribble,False,False,"{""playerCoordinates"": {""x"": 75.5, ""y"": 64.4}, ""eventActionType"": ""dribble"", ""isHome"": false, ""outcome"": true, ""keypass"": false}",,
2087085,Yan Diomande,14062205,rating-breakdown,dribbles,dribbles,,,,RB Leipzig,82.0,,79.6,67.1,,,True,True,1,boolean_field,success,,True,False,False,,rating-breakdown,True,79.6,67.1,,,dribble,False,False,"{""playerCoordinates"": {""x"": 79.6, ""y"": 67.1}, ""eventActionType"": ""dribble"", ""isHome"": false, ""outcome"": true, ""keypass"": false}",,
2087085,Yan Diomande,14062205,rating-breakdown,dribbles,dribbles,,,,RB Leipzig,82.0,,88.6,68,,,True,True,1,boolean_field,success,,True,False,False,,rating-breakdown,True,88.6,68,,,dribble,False,False,"{""playerCoordinates"": {""x"": 88.6, ""y"": 68}, ""eventActionType"": ""dribble"", ""isHome"": false, ""outcome"": true, ""keypass"": false}",,
2087085,Yan Diomande,14062205,rating-breakdown,dribbles,dribbles,,,,RB Leipzig,82.0,,45.6,61,,,True,True,1,boolean_field,success,,True,False,False,,rating-breakdown,True,45.6,61,,,dribble,False,False,"{""playerCoordinates"": {""x"": 45.6, ""y"": 61}, ""eventActionType"": ""dribble"", ""isHome"": false, ""outcome"": true, ""keypass"": false}",,
2087085,Yan Diomande,14062205,rating-breakdown,dribbles,dribbles,,,,RB Leipzig,82.0,,45.4,61.6,,,,,,unresolvable,,,,False,False,,rating-breakdown,True,45.4,61.6,,,dribble,False,False,"{""playerCoordinates"": {""x"": 45.4, ""y"": 61.6}, ""eventActionType"": ""dribble"", ""isHome"": false, ""keypass"": false}",,
2087085,Yan Diomande,14062205,rating-breakdown,dribbles,dribbles,,,,RB Leipzig,82.0,,28.6,89.1,,,True,True,1,boolean_field,success,,True,False,False,,rating-breakdown,True,28.6,89.1,,,dribble,False,False,"{""playerCoordinates"": {""x"": 28.6, ""y"": 89.1}, ""eventActionType"": ""dribble"", ""isHome"": false, ""outcome"": true, ""keypass"": false}",,
2087085,Yan Diomande,14062205,rating-breakdown,dribbles,dribbles,,,,RB Leipzig,82.0,,28.8,89.1,,,,,,unresolvable,,,,False,False,,rating-breakdown,True,28.8,89.1,,,dribble,False,False,"{""playerCoordinates"": {""x"": 28.8, ""y"": 89.1}, ""eventActionType"": ""dribble"", ""isHome"": false, ""keypass"": false}",,
2087085,Yan Diomande,14062205,rating-breakdown,defensive,defensive,,,,RB Leipzig,82.0,,60.9,7.4,,,True,True,1,boolean_field,success,,True,False,False,,rating-breakdown,True,60.9,7.4,,,tackle,False,False,"{""playerCoordinates"": {""x"": 60.9, ""y"": 7.4}, ""eventActionType"": ""tackle"", ""isHome"": false, ""outcome"": true, ""keypass"": false}",,
2087085,Yan Diomande,14062205,rating-breakdown,defensive,defensive,,,,RB Leipzig,82.0,,57,8.4,,,True,True,1,boolean_field,success,,True,False,False,,rating-breakdown,True,57,8.4,,,ball-recovery,False,False,"{""playerCoordinates"": {""x"": 57, ""y"": 8.4}, ""eventActionType"": ""ball-recovery"", ""isHome"": false, ""outcome"": true, ""keypass"": false}",,
2087085,Yan Diomande,14062205,rating-breakdown,defensive,defensive,,,,RB Leipzig,82.0,,14.9,53.7,28.4,78.7,True,True,1,boolean_field,success,,True,False,False,,rating-breakdown,True,14.9,53.7,28.4,78.7,clearance,False,False,"{""playerCoordinates"": {""x"": 14.9, ""y"": 53.7}, ""passEndCoordinates"": {""x"": 28.4, ""y"": 78.7}, ""eventActionType"": ""clearance"", ""isHome"": false, ""outcome"": true, ""keypass"": false}",,
2087085,Yan Diomande,14062210,rating-breakdown,passes,passes,,,,RB Leipzig,90.0,,61.3,3.7,72.2,4.5,,,,unresolvable,,,,False,False,pass,rating-breakdown,True,61.3,3.7,72.2,4.5,pass,True,False,"{""playerCoordinates"": {""x"": 61.3, ""y"": 3.7}, ""passEndCoordinates"": {""x"": 72.2, ""y"": 4.5}, ""eventActionType"": ""pass"", ""isHome"": true, ""keypass"": false}",,
2087085,Yan Diomande,14062210,rating-breakdown,passes,passes,,,,RB Leipzig,90.0,,64.9,3.3,92.3,7.3,True,True,1,boolean_field,success,True,,False,False,pass,rating-breakdown,True,64.9,3.3,92.3,7.3,pass,True,False,"{""playerCoordinates"": {""x"": 64.9, ""y"": 3.3}, ""passEndCoordinates"": {""x"": 92.3, ""y"": 7.3}, ""eventActionType"": ""pass"", ""isHome"": true, ""outcome"": true, ""keypass"": false}",,
2087085,Yan Diomande,14062210,rating-breakdown,passes,passes,,,,RB Leipzig,90.0,,84.4,4,96.6,24.3,True,True,1,boolean_field,success,True,,False,False,pass,rating-breakdown,True,84.4,4,96.6,24.3,pass,True,False,"{""playerCoordinates"": {""x"": 84.4, ""y"": 4}, ""passEndCoordinates"": {""x"": 96.6, ""y"": 24.3}, ""eventActionType"": ""pass"", ""isHome"": true, ""outcome"": true, ""keypass"": false}",,
2087085,Yan Diomande,14062210,rating-breakdown,passes,passes,,,,RB Leipzig,90.0,,61.6,18.4,76.5,1.6,True,True,1,boolean_field,success,True,,False,False,pass,rating-breakdown,True,61.6,18.4,76.5,1.6,pass,True,False,"{""playerCoordinates"": {""x"": 61.6, ""y"": 18.4}, ""passEndCoordinates"": {""x"": 76.5, ""y"": 1.6}, ""eventActionType"": ""pass"", ""isHome"": true, ""outcome"": true, ""keypass"": false}",,
2087085,Yan Diomande,14062210,rating-breakdown,passes,passes,,,,RB Leipzig,90.0,,55.6,12.9,45.6,31.1,True,True,1,boolean_field,success,True,,False,False,pass,rating-breakdown,True,55.6,12.9,45.6,31.1,pass,True,False,"{""playerCoordinates"": {""x"": 55.6, ""y"": 12.9}, ""passEndCoordinates"": {""x"": 45.6, ""y"": 31.1}, ""eventActionType"": ""pass"", ""isHome"": true, ""outcome"": true, ""keypass"": false}",,
2087085,Yan Diomande,14062210,rating-breakdown,passes,passes,,,,RB Leipzig,90.0,,88.5,10.9,79.6,10.3,True,True,1,boolean_field,success,True,,False,False,pass,rating-breakdown,True,88.5,10.9,79.6,10.3,pass,True,False,"{""playerCoordinates"": {""x"": 88.5, ""y"": 10.9}, ""passEndCoordinates"": {""x"": 79.6, ""y"": 10.3}, ""eventActionType"": ""pass"", ""isHome"": true, ""outcome"": true, ""keypass"": false}",,
2087085,Yan Diomande,14062210,rating-breakdown,passes,passes,,,,RB Leipzig,90.0,,70.7,2.7,57.7,35.7,True,True,1,boolean_field,success,True,,False,False,pass,rating-breakdown,True,70.7,2.7,57.7,35.7,pass,True,False,"{""playerCoordinates"": {""x"": 70.7, ""y"": 2.7}, ""passEndCoordinates"": {""x"": 57.7, ""y"": 35.7}, ""eventActionType"": ""pass"", ""isHome"": true, ""outcome"": true, ""keypass"": false}",,
2087085,Yan Diomande,14062210,rating-breakdown,passes,passes,,,,RB Leipzig,90.0,,56.2,5.8,52.7,28.2,True,True,1,boolean_field,success,True,,False,False,pass,rating-breakdown,True,56.2,5.8,52.7,28.2,pass,True,False,"{""playerCoordinates"": {""x"": 56.2, ""y"": 5.8}, ""passEndCoordinates"": {""x"": 52.7, ""y"": 28.2}, ""eventActionType"": ""pass"", ""isHome"": true, ""outcome"": true, ""keypass"": false}",,
2087085,Yan Diomande,14062210,rating-breakdown,passes,passes,,,,RB Leipzig,90.0,,71.3,4.3,85.9,11.4,True,True,1,boolean_field,success,True,,False,False,pass,rating-breakdown,True,71.3,4.3,85.9,11.4,pass,True,False,"{""playerCoordinates"": {""x"": 71.3, ""y"": 4.3}, ""passEndCoordinates"": {""x"": 85.9, ""y"": 11.4}, ""eventActionType"": ""pass"", ""isHome"": true, ""outcome"": true, ""keypass"": false}",,
2087085,Yan Diomande,14062210,rating-breakdown,passes,passes,,,,RB Leipzig,90.0,,70.7,3.7,52.3,5.4,True,True,1,boolean_field,success,True,,False,False,pass,rating-breakdown,True,70.7,3.7,52.3,5.4,pass,True,False,"{""playerCoordinates"": {""x"": 70.7, ""y"": 3.7}, ""passEndCoordinates"": {""x"": 52.3, ""y"": 5.4}, ""eventActionType"": ""pass"", ""isHome"": true, ""outcome"": true, ""keypass"": false}",,
2087085,Yan Diomande,14062210,rating-breakdown,passes,passes,,,,RB Leipzig,90.0,,68.4,2.2,61.5,9.9,True,True,1,boolean_field,success,True,,False,False,pass,rating-breakdown,True,68.4,2.2,61.5,9.9,pass,True,False,"{""playerCoordinates"": {""x"": 68.4, ""y"": 2.2}, ""passEndCoordinates"": {""x"": 61.5, ""y"": 9.9}, ""eventActionType"": ""pass"", ""isHome"": true, ""outcome"": true, ""keypass"": false}",,
2087085,Yan Diomande,14062210,rating-breakdown,passes,passes,,,,RB Leipzig,90.0,,68.8,3,58.7,28.8,True,True,1,boolean_field,success,True,,False,False,pass,rating-breakdown,True,68.8,3,58.7,28.8,pass,True,False,"{""playerCoordinates"": {""x"": 68.8, ""y"": 3}, ""passEndCoordinates"": {""x"": 58.7, ""y"": 28.8}, ""eventActionType"": ""pass"", ""isHome"": true, ""outcome"": true, ""keypass"": false}",,
2087085,Yan Diomande,14062210,rating-breakdown,passes,passes,,,,RB Leipzig,90.0,,85.3,8.7,87.4,30,True,True,1,boolean_field,success,True,,False,False,pass,rating-breakdown,True,85.3,8.7,87.4,30,pass,True,False,"{""playerCoordinates"": {""x"": 85.3, ""y"": 8.7}, ""passEndCoordinates"": {""x"": 87.4, ""y"": 30}, ""eventActionType"": ""pass"", ""isHome"": true, ""outcome"": true, ""keypass"": false}",,
2087085,Yan Diomande,14062210,rating-breakdown,passes,passes,,,,RB Leipzig,90.0,,66.2,20.1,57.6,26.5,True,True,1,boolean_field,success,True,,False,False,pass,rating-breakdown,True,66.2,20.1,57.6,26.5,pass,True,False,"{""playerCoordinates"": {""x"": 66.2, ""y"": 20.1}, ""passEndCoordinates"": {""x"": 57.6, ""y"": 26.5}, ""eventActionType"": ""pass"", ""isHome"": true, ""outcome"": true, ""keypass"": false}",,
2087085,Yan Diomande,14062210,rating-breakdown,passes,passes,,,,RB Leipzig,90.0,,96.2,28.3,96,53.4,,,,unresolvable,,,,False,False,pass,rating-breakdown,True,96.2,28.3,96,53.4,pass,True,False,"{""playerCoordinates"": {""x"": 96.2, ""y"": 28.3}, ""passEndCoordinates"": {""x"": 96, ""y"": 53.4}, ""eventActionType"": ""pass"", ""isHome"": true, ""keypass"": false}",,
2087085,Yan Diomande,14062210,rating-breakdown,passes,passes,,,,RB Leipzig,90.0,,84.2,3.6,82.1,16.6,True,True,1,boolean_field,success,True,,False,False,pass,rating-breakdown,True,84.2,3.6,82.1,16.6,pass,True,False,"{""playerCoordinates"": {""x"": 84.2, ""y"": 3.6}, ""passEndCoordinates"": {""x"": 82.1, ""y"": 16.6}, ""eventActionType"": ""pass"", ""isHome"": true, ""outcome"": true, ""keypass"": false}",,
2087085,Yan Diomande,14062210,rating-breakdown,passes,passes,,,,RB Leipzig,90.0,,78.3,1.3,68,6.1,True,True,1,boolean_field,success,True,,False,False,pass,rating-breakdown,True,78.3,1.3,68,6.1,pass,True,False,"{""playerCoordinates"": {""x"": 78.3, ""y"": 1.3}, ""passEndCoordinates"": {""x"": 68, ""y"": 6.1}, ""eventActionType"": ""pass"", ""isHome"": true, ""outcome"": true, ""keypass"": false}",,
2087085,Yan Diomande,14062210,rating-breakdown,passes,passes,,,,RB Leipzig,90.0,,76.4,22.6,74.8,26.4,True,True,1,boolean_field,success,True,,False,False,pass,rating-breakdown,True,76.4,22.6,74.8,26.4,pass,True,False,"{""playerCoordinates"": {""x"": 76.4, ""y"": 22.6}, ""passEndCoordinates"": {""x"": 74.8, ""y"": 26.4}, ""eventActionType"": ""pass"", ""isHome"": true, ""outcome"": true, ""keypass"": false}",,
2087085,Yan Diomande,14062210,rating-breakdown,passes,passes,,,,RB Leipzig,90.0,,66.2,4.9,55.9,17.8,True,True,1,boolean_field,success,True,,False,False,pass,rating-breakdown,True,66.2,4.9,55.9,17.8,pass,True,False,"{""playerCoordinates"": {""x"": 66.2, ""y"": 4.9}, ""passEndCoordinates"": {""x"": 55.9, ""y"": 17.8}, ""eventActionType"": ""pass"", ""isHome"": true, ""outcome"": true, ""keypass"": false}",,
2087085,Yan Diomande,14062210,rating-breakdown,passes,passes,,,,RB Leipzig,90.0,,76.4,17.4,74.6,35.5,True,True,1,boolean_field,success,True,,False,False,pass,rating-breakdown,True,76.4,17.4,74.6,35.5,pass,True,False,"{""playerCoordinates"": {""x"": 76.4, ""y"": 17.4}, ""passEndCoordinates"": {""x"": 74.6, ""y"": 35.5}, ""eventActionType"": ""pass"", ""isHome"": true, ""outcome"": true, ""keypass"": false}",,
2087085,Yan Diomande,14062210,rating-breakdown,passes,passes,,,,RB Leipzig,90.0,,58.2,7.6,64.3,22.9,True,True,1,boolean_field,success,True,,False,False,pass,rating-breakdown,True,58.2,7.6,64.3,22.9,pass,True,False,"{""playerCoordinates"": {""x"": 58.2, ""y"": 7.6}, ""passEndCoordinates"": {""x"": 64.3, ""y"": 22.9}, ""eventActionType"": ""pass"", ""isHome"": true, ""outcome"": true, ""keypass"": false}",,
2087085,Yan Diomande,14062210,rating-breakdown,passes,passes,,,,RB Leipzig,90.0,,63.5,11.7,55.2,34.9,True,True,1,boolean_field,success,True,,False,False,pass,rating-breakdown,True,63.5,11.7,55.2,34.9,pass,True,False,"{""playerCoordinates"": {""x"": 63.5, ""y"": 11.7}, ""passEndCoordinates"": {""x"": 55.2, ""y"": 34.9}, ""eventActionType"": ""pass"", ""isHome"": true, ""outcome"": true, ""keypass"": false}",,
2087085,Yan Diomande,14062210,rating-breakdown,passes,passes,,,,RB Leipzig,90.0,,96.2,15.3,87.2,48,,,,unresolvable,,,,False,False,pass,rating-breakdown,True,96.2,15.3,87.2,48,cross,True,False,"{""playerCoordinates"": {""x"": 96.2, ""y"": 15.3}, ""passEndCoordinates"": {""x"": 87.2, ""y"": 48}, ""eventActionType"": ""cross"", ""isHome"": true, ""keypass"": false}",,
2087085,Yan Diomande,14062210,rating-breakdown,passes,passes,,,,RB Leipzig,90.0,,81.5,1.5,85.1,11.1,,,,unresolvable,,,,False,False,pass,rating-breakdown,True,81.5,1.5,85.1,11.1,pass,True,False,"{""playerCoordinates"": {""x"": 81.5, ""y"": 1.5}, ""passEndCoordinates"": {""x"": 85.1, ""y"": 11.1}, ""eventActionType"": ""pass"", ""isHome"": true, ""keypass"": false}",,
2087085,Yan Diomande,14062210,rating-breakdown,passes,passes,,,,RB Leipzig,90.0,,88.1,16.6,78.6,32.4,True,True,1,boolean_field,success,True,,False,False,pass,rating-breakdown,True,88.1,16.6,78.6,32.4,pass,True,False,"{""playerCoordinates"": {""x"": 88.1, ""y"": 16.6}, ""passEndCoordinates"": {""x"": 78.6, ""y"": 32.4}, ""eventActionType"": ""pass"", ""isHome"": true, ""outcome"": true, ""keypass"": false}",,
2087085,Yan Diomande,14062210,rating-breakdown,passes,passes,,,,RB Leipzig,90.0,,92.2,3,91.2,49.9,True,True,1,boolean_field,success,True,,False,True,key_pass,rating-breakdown,True,92.2,3,91.2,49.9,cross,True,True,"{""playerCoordinates"": {""x"": 92.2, ""y"": 3}, ""passEndCoordinates"": {""x"": 91.2, ""y"": 49.9}, ""eventActionType"": ""cross"", ""isHome"": true, ""outcome"": true, ""keypass"": true}",,
2087085,Yan Diomande,14062210,rating-breakdown,passes,passes,,,,RB Leipzig,90.0,,79.7,32.1,85.1,34.6,,,,unresolvable,,,,False,False,pass,rating-breakdown,True,79.7,32.1,85.1,34.6,pass,True,False,"{""playerCoordinates"": {""x"": 79.7, ""y"": 32.1}, ""passEndCoordinates"": {""x"": 85.1, ""y"": 34.6}, ""eventActionType"": ""pass"", ""isHome"": true, ""keypass"": false}",,
2087085,Yan Diomande,14062210,rating-breakdown,passes,passes,,,,RB Leipzig,90.0,,67.4,2.8,72.3,23.7,True,True,1,boolean_field,success,True,,False,True,key_pass,rating-breakdown,True,67.4,2.8,72.3,23.7,pass,True,True,"{""playerCoordinates"": {""x"": 67.4, ""y"": 2.8}, ""passEndCoordinates"": {""x"": 72.3, ""y"": 23.7}, ""eventActionType"": ""pass"", ""isHome"": true, ""outcome"": true, ""keypass"": true}",,
2087085,Yan Diomande,14062210,rating-breakdown,passes,passes,,,,RB Leipzig,90.0,,68.7,2.4,71.5,10.5,True,True,1,boolean_field,success,True,,False,False,pass,rating-breakdown,True,68.7,2.4,71.5,10.5,pass,True,False,"{""playerCoordinates"": {""x"": 68.7, ""y"": 2.4}, ""passEndCoordinates"": {""x"": 71.5, ""y"": 10.5}, ""eventActionType"": ""pass"", ""isHome"": true, ""outcome"": true, ""keypass"": false}",,
2087085,Yan Diomande,14062210,rating-breakdown,passes,passes,,,,RB Leipzig,90.0,,70.9,5.7,68.6,14.5,True,True,1,boolean_field,success,True,,False,False,pass,rating-breakdown,True,70.9,5.7,68.6,14.5,pass,True,False,"{""playerCoordinates"": {""x"": 70.9, ""y"": 5.7}, ""passEndCoordinates"": {""x"": 68.6, ""y"": 14.5}, ""eventActionType"": ""pass"", ""isHome"": true, ""outcome"": true, ""keypass"": false}",,
2087085,Yan Diomande,14062210,rating-breakdown,passes,passes,,,,RB Leipzig,90.0,,95.9,8.2,89.9,40.9,,,,unresolvable,,,,False,False,pass,rating-breakdown,True,95.9,8.2,89.9,40.9,pass,True,False,"{""playerCoordinates"": {""x"": 95.9, ""y"": 8.2}, ""passEndCoordinates"": {""x"": 89.9, ""y"": 40.9}, ""eventActionType"": ""pass"", ""isHome"": true, ""keypass"": false}",,
2087085,Yan Diomande,14062210,rating-breakdown,passes,passes,,,,RB Leipzig,90.0,,69.5,3.1,74.2,14.8,True,True,1,boolean_field,success,True,,False,False,pass,rating-breakdown,True,69.5,3.1,74.2,14.8,pass,True,False,"{""playerCoordinates"": {""x"": 69.5, ""y"": 3.1}, ""passEndCoordinates"": {""x"": 74.2, ""y"": 14.8}, ""eventActionType"": ""pass"", ""isHome"": true, ""outcome"": true, ""keypass"": false}",,
2087085,Yan Diomande,14062210,rating-breakdown,passes,passes,,,,RB Leipzig,90.0,,70.9,14.2,67.4,12.4,True,True,1,boolean_field,success,True,,False,False,pass,rating-breakdown,True,70.9,14.2,67.4,12.4,pass,True,False,"{""playerCoordinates"": {""x"": 70.9, ""y"": 14.2}, ""passEndCoordinates"": {""x"": 67.4, ""y"": 12.4}, ""eventActionType"": ""pass"", ""isHome"": true, ""outcome"": true, ""keypass"": false}",,
2087085,Yan Diomande,14062210,rating-breakdown,passes,passes,,,,RB Leipzig,90.0,,78.9,3.4,92.5,3.9,True,True,1,boolean_field,success,True,,False,False,pass,rating-breakdown,True,78.9,3.4,92.5,3.9,pass,True,False,"{""playerCoordinates"": {""x"": 78.9, ""y"": 3.4}, ""passEndCoordinates"": {""x"": 92.5, ""y"": 3.9}, ""eventActionType"": ""pass"", ""isHome"": true, ""outcome"": true, ""keypass"": false}",,
2087085,Yan Diomande,14062210,rating-breakdown,passes,passes,,,,RB Leipzig,90.0,,66.4,1.6,61.3,6.1,True,True,1,boolean_field,success,True,,False,False,pass,rating-breakdown,True,66.4,1.6,61.3,6.1,pass,True,False,"{""playerCoordinates"": {""x"": 66.4, ""y"": 1.6}, ""passEndCoordinates"": {""x"": 61.3, ""y"": 6.1}, ""eventActionType"": ""pass"", ""isHome"": true, ""outcome"": true, ""keypass"": false}",,
2087085,Yan Diomande,14062210,rating-breakdown,passes,passes,,,,RB Leipzig,90.0,,67,3,54.3,28,True,True,1,boolean_field,success,True,,False,False,pass,rating-breakdown,True,67,3,54.3,28,pass,True,False,"{""playerCoordinates"": {""x"": 67, ""y"": 3}, ""passEndCoordinates"": {""x"": 54.3, ""y"": 28}, ""eventActionType"": ""pass"", ""isHome"": true, ""outcome"": true, ""keypass"": false}",,
2087085,Yan Diomande,14062210,rating-breakdown,passes,passes,,,,RB Leipzig,90.0,,93.5,3,92.4,25.3,True,True,1,boolean_field,success,True,,False,False,pass,rating-breakdown,True,93.5,3,92.4,25.3,pass,True,False,"{""playerCoordinates"": {""x"": 93.5, ""y"": 3}, ""passEndCoordinates"": {""x"": 92.4, ""y"": 25.3}, ""eventActionType"": ""pass"", ""isHome"": true, ""outcome"": true, ""keypass"": false}",,
2087085,Yan Diomande,14062210,rating-breakdown,passes,passes,,,,RB Leipzig,90.0,,81.4,3.9,80.5,3.9,,,,unresolvable,,,,False,False,pass,rating-breakdown,True,81.4,3.9,80.5,3.9,pass,True,False,"{""playerCoordinates"": {""x"": 81.4, ""y"": 3.9}, ""passEndCoordinates"": {""x"": 80.5, ""y"": 3.9}, ""eventActionType"": ""pass"", ""isHome"": true, ""keypass"": false}",,
2087085,Yan Diomande,14062210,rating-breakdown,passes,passes,,,,RB Leipzig,90.0,,74.1,16.9,75.9,28,True,True,1,boolean_field,success,True,,False,False,pass,rating-breakdown,True,74.1,16.9,75.9,28,pass,True,False,"{""playerCoordinates"": {""x"": 74.1, ""y"": 16.9}, ""passEndCoordinates"": {""x"": 75.9, ""y"": 28}, ""eventActionType"": ""pass"", ""isHome"": true, ""outcome"": true, ""keypass"": false}",,
2087085,Yan Diomande,14062210,rating-breakdown,passes,passes,,,,RB Leipzig,90.0,,59.6,4,54,12.4,,,,unresolvable,,,,False,False,pass,rating-breakdown,True,59.6,4,54,12.4,pass,True,False,"{""playerCoordinates"": {""x"": 59.6, ""y"": 4}, ""passEndCoordinates"": {""x"": 54, ""y"": 12.4}, ""eventActionType"": ""pass"", ""isHome"": true, ""keypass"": false}",,
2087085,Yan Diomande,14062210,rating-breakdown,passes,passes,,,,RB Leipzig,90.0,,60.7,6,52.4,11.8,True,True,1,boolean_field,success,True,,False,False,pass,rating-breakdown,True,60.7,6,52.4,11.8,pass,True,False,"{""playerCoordinates"": {""x"": 60.7, ""y"": 6}, ""passEndCoordinates"": {""x"": 52.4, ""y"": 11.8}, ""eventActionType"": ""pass"", ""isHome"": true, ""outcome"": true, ""keypass"": false}",,
2087085,Yan Diomande,14062210,rating-breakdown,passes,passes,,,,RB Leipzig,90.0,,45.5,6.9,20.4,37.3,True,True,1,boolean_field,success,True,,False,False,pass,rating-breakdown,True,45.5,6.9,20.4,37.3,pass,True,False,"{""playerCoordinates"": {""x"": 45.5, ""y"": 6.9}, ""passEndCoordinates"": {""x"": 20.4, ""y"": 37.3}, ""eventActionType"": ""pass"", ""isHome"": true, ""outcome"": true, ""keypass"": false, ""isLongBall"": true}",True,
2087085,Yan Diomande,14062210,rating-breakdown,passes,passes,,,,RB Leipzig,90.0,,66.2,8.8,71.1,27.7,True,True,1,boolean_field,success,True,,False,False,pass,rating-breakdown,True,66.2,8.8,71.1,27.7,pass,True,False,"{""playerCoordinates"": {""x"": 66.2, ""y"": 8.8}, ""passEndCoordinates"": {""x"": 71.1, ""y"": 27.7}, ""eventActionType"": ""pass"", ""isHome"": true, ""outcome"": true, ""keypass"": false}",,
2087085,Yan Diomande,14062210,rating-breakdown,passes,passes,,,,RB Leipzig,90.0,,61.4,4.5,85.9,13.2,True,True,1,boolean_field,success,True,,False,False,pass,rating-breakdown,True,61.4,4.5,85.9,13.2,pass,True,False,"{""playerCoordinates"": {""x"": 61.4, ""y"": 4.5}, ""passEndCoordinates"": {""x"": 85.9, ""y"": 13.2}, ""eventActionType"": ""pass"", ""isHome"": true, ""outcome"": true, ""keypass"": false}",,
2087085,Yan Diomande,14062210,rating-breakdown,passes,passes,,,,RB Leipzig,90.0,,73,7.6,72.2,26.7,True,True,1,boolean_field,success,True,,False,False,pass,rating-breakdown,True,73,7.6,72.2,26.7,pass,True,False,"{""playerCoordinates"": {""x"": 73, ""y"": 7.6}, ""passEndCoordinates"": {""x"": 72.2, ""y"": 26.7}, ""eventActionType"": ""pass"", ""isHome"": true, ""outcome"": true, ""keypass"": false}",,
2087085,Yan Diomande,14062210,rating-breakdown,passes,passes,,,,RB Leipzig,90.0,,62.3,4.6,71.4,7.3,True,True,1,boolean_field,success,True,,False,False,pass,rating-breakdown,True,62.3,4.6,71.4,7.3,pass,True,False,"{""playerCoordinates"": {""x"": 62.3, ""y"": 4.6}, ""passEndCoordinates"": {""x"": 71.4, ""y"": 7.3}, ""eventActionType"": ""pass"", ""isHome"": true, ""outcome"": true, ""keypass"": false}",,
2087085,Yan Diomande,14062210,rating-breakdown,passes,passes,,,,RB Leipzig,90.0,,93.4,22.6,97.5,49.3,,,,unresolvable,,,,False,False,pass,rating-breakdown,True,93.4,22.6,97.5,49.3,cross,True,False,"{""playerCoordinates"": {""x"": 93.4, ""y"": 22.6}, ""passEndCoordinates"": {""x"": 97.5, ""y"": 49.3}, ""eventActionType"": ""cross"", ""isHome"": true, ""keypass"": false}",,
2087085,Yan Diomande,14062210,rating-breakdown,passes,passes,,,,RB Leipzig,90.0,,64.8,6.3,72.8,24.7,True,True,1,boolean_field,success,True,,False,False,pass,rating-breakdown,True,64.8,6.3,72.8,24.7,pass,True,False,"{""playerCoordinates"": {""x"": 64.8, ""y"": 6.3}, ""passEndCoordinates"": {""x"": 72.8, ""y"": 24.7}, ""eventActionType"": ""pass"", ""isHome"": true, ""outcome"": true, ""keypass"": false}",,
2087085,Yan Diomande,14062210,rating-breakdown,passes,passes,,,,RB Leipzig,90.0,,79,22.8,92.2,18.6,True,True,1,boolean_field,success,True,,False,False,pass,rating-breakdown,True,79,22.8,92.2,18.6,pass,True,False,"{""playerCoordinates"": {""x"": 79, ""y"": 22.8}, ""passEndCoordinates"": {""x"": 92.2, ""y"": 18.6}, ""eventActionType"": ""pass"", ""isHome"": true, ""outcome"": true, ""keypass"": false}",,
2087085,Yan Diomande,14062210,rating-breakdown,passes,passes,,,,RB Leipzig,90.0,,69.4,5.2,97.9,8.8,True,True,1,boolean_field,success,True,,False,False,pass,rating-breakdown,True,69.4,5.2,97.9,8.8,pass,True,False,"{""playerCoordinates"": {""x"": 69.4, ""y"": 5.2}, ""passEndCoordinates"": {""x"": 97.9, ""y"": 8.8}, ""eventActionType"": ""pass"", ""isHome"": true, ""outcome"": true, ""keypass"": false}",,
2087085,Yan Diomande,14062210,rating-breakdown,passes,passes,,,,RB Leipzig,90.0,,67.1,12.9,61,36.1,True,True,1,boolean_field,success,True,,False,False,pass,rating-breakdown,True,67.1,12.9,61,36.1,pass,True,False,"{""playerCoordinates"": {""x"": 67.1, ""y"": 12.9}, ""passEndCoordinates"": {""x"": 61, ""y"": 36.1}, ""eventActionType"": ""pass"", ""isHome"": true, ""outcome"": true, ""keypass"": false}",,
2087085,Yan Diomande,14062210,rating-breakdown,passes,passes,,,,RB Leipzig,90.0,,79.3,4.8,75.4,31.8,True,True,1,boolean_field,success,True,,False,False,pass,rating-breakdown,True,79.3,4.8,75.4,31.8,pass,True,False,"{""playerCoordinates"": {""x"": 79.3, ""y"": 4.8}, ""passEndCoordinates"": {""x"": 75.4, ""y"": 31.8}, ""eventActionType"": ""pass"", ""isHome"": true, ""outcome"": true, ""keypass"": false}",,
2087085,Yan Diomande,14062210,rating-breakdown,passes,passes,,,,RB Leipzig,90.0,,85.6,10.6,97.4,15.7,True,True,1,boolean_field,success,True,,False,False,pass,rating-breakdown,True,85.6,10.6,97.4,15.7,pass,True,False,"{""playerCoordinates"": {""x"": 85.6, ""y"": 10.6}, ""passEndCoordinates"": {""x"": 97.4, ""y"": 15.7}, ""eventActionType"": ""pass"", ""isHome"": true, ""outcome"": true, ""keypass"": false}",,
2087085,Yan Diomande,14062210,rating-breakdown,passes,passes,,,,RB Leipzig,90.0,,77.5,5.2,92.4,18.6,True,True,1,boolean_field,success,True,,False,False,pass,rating-breakdown,True,77.5,5.2,92.4,18.6,pass,True,False,"{""playerCoordinates"": {""x"": 77.5, ""y"": 5.2}, ""passEndCoordinates"": {""x"": 92.4, ""y"": 18.6}, ""eventActionType"": ""pass"", ""isHome"": true, ""outcome"": true, ""keypass"": false}",,
2087085,Yan Diomande,14062210,rating-breakdown,passes,passes,,,,RB Leipzig,90.0,,93.9,15,92.4,45.1,,,,unresolvable,,,,False,False,pass,rating-breakdown,True,93.9,15,92.4,45.1,cross,True,False,"{""playerCoordinates"": {""x"": 93.9, ""y"": 15}, ""passEndCoordinates"": {""x"": 92.4, ""y"": 45.1}, ""eventActionType"": ""cross"", ""isHome"": true, ""keypass"": false}",,
2087085,Yan Diomande,14062210,rating-breakdown,passes,passes,,,,RB Leipzig,90.0,,87.7,15.9,90.6,43,,,,unresolvable,,,,False,False,pass,rating-breakdown,True,87.7,15.9,90.6,43,cross,True,False,"{""playerCoordinates"": {""x"": 87.7, ""y"": 15.9}, ""passEndCoordinates"": {""x"": 90.6, ""y"": 43}, ""eventActionType"": ""cross"", ""isHome"": true, ""keypass"": false}",,
2087085,Yan Diomande,14062210,rating-breakdown,passes,passes,,,,RB Leipzig,90.0,,28.9,10,20.4,25.9,True,True,1,boolean_field,success,True,,False,False,pass,rating-breakdown,True,28.9,10,20.4,25.9,pass,True,False,"{""playerCoordinates"": {""x"": 28.9, ""y"": 10}, ""passEndCoordinates"": {""x"": 20.4, ""y"": 25.9}, ""eventActionType"": ""pass"", ""isHome"": true, ""outcome"": true, ""keypass"": false}",,
2087085,Yan Diomande,14062210,rating-breakdown,passes,passes,,,,RB Leipzig,90.0,,67,3.1,53.6,13.5,True,True,1,boolean_field,success,True,,False,False,pass,rating-breakdown,True,67,3.1,53.6,13.5,pass,True,False,"{""playerCoordinates"": {""x"": 67, ""y"": 3.1}, ""passEndCoordinates"": {""x"": 53.6, ""y"": 13.5}, ""eventActionType"": ""pass"", ""isHome"": true, ""outcome"": true, ""keypass"": false}",,
2087085,Yan Diomande,14062210,rating-breakdown,passes,passes,,,,RB Leipzig,90.0,,77.4,5.7,74.5,17.2,True,True,1,boolean_field,success,True,,False,False,pass,rating-breakdown,True,77.4,5.7,74.5,17.2,pass,True,False,"{""playerCoordinates"": {""x"": 77.4, ""y"": 5.7}, ""passEndCoordinates"": {""x"": 74.5, ""y"": 17.2}, ""eventActionType"": ""pass"", ""isHome"": true, ""outcome"": true, ""keypass"": false}",,
2087085,Yan Diomande,14062210,rating-breakdown,passes,passes,,,,RB Leipzig,90.0,,39.7,10.8,33.1,38.1,True,True,1,boolean_field,success,True,,False,False,pass,rating-breakdown,True,39.7,10.8,33.1,38.1,pass,True,False,"{""playerCoordinates"": {""x"": 39.7, ""y"": 10.8}, ""passEndCoordinates"": {""x"": 33.1, ""y"": 38.1}, ""eventActionType"": ""pass"", ""isHome"": true, ""outcome"": true, ""keypass"": false}",,
2087085,Yan Diomande,14062210,rating-breakdown,passes,passes,,,,RB Leipzig,90.0,,54.2,4.5,54.1,24.4,True,True,1,boolean_field,success,True,,False,False,pass,rating-breakdown,True,54.2,4.5,54.1,24.4,pass,True,False,"{""playerCoordinates"": {""x"": 54.2, ""y"": 4.5}, ""passEndCoordinates"": {""x"": 54.1, ""y"": 24.4}, ""eventActionType"": ""pass"", ""isHome"": true, ""outcome"": true, ""keypass"": false}",,
2087085,Yan Diomande,14062210,rating-breakdown,passes,passes,,,,RB Leipzig,90.0,,73.2,6.4,70.6,23.2,True,True,1,boolean_field,success,True,,False,False,pass,rating-breakdown,True,73.2,6.4,70.6,23.2,pass,True,False,"{""playerCoordinates"": {""x"": 73.2, ""y"": 6.4}, ""passEndCoordinates"": {""x"": 70.6, ""y"": 23.2}, ""eventActionType"": ""pass"", ""isHome"": true, ""outcome"": true, ""keypass"": false}",,
2087085,Yan Diomande,14062210,rating-breakdown,passes,passes,,,,RB Leipzig,90.0,,70.7,13.9,65.9,47.1,True,True,1,boolean_field,success,True,,False,False,pass,rating-breakdown,True,70.7,13.9,65.9,47.1,pass,True,False,"{""playerCoordinates"": {""x"": 70.7, ""y"": 13.9}, ""passEndCoordinates"": {""x"": 65.9, ""y"": 47.1}, ""eventActionType"": ""pass"", ""isHome"": true, ""outcome"": true, ""keypass"": false}",,
2087085,Yan Diomande,14062210,rating-breakdown,passes,passes,,,,RB Leipzig,90.0,,61.7,96.9,53,93.9,True,True,1,boolean_field,success,True,,False,False,pass,rating-breakdown,True,61.7,96.9,53,93.9,pass,True,False,"{""playerCoordinates"": {""x"": 61.7, ""y"": 96.9}, ""passEndCoordinates"": {""x"": 53, ""y"": 93.9}, ""eventActionType"": ""pass"", ""isHome"": true, ""outcome"": true, ""keypass"": false}",,
2087085,Yan Diomande,14062210,rating-breakdown,passes,passes,,,,RB Leipzig,90.0,,53.9,98.1,46.9,90.9,True,True,1,boolean_field,success,True,,False,False,pass,rating-breakdown,True,53.9,98.1,46.9,90.9,pass,True,False,"{""playerCoordinates"": {""x"": 53.9, ""y"": 98.1}, ""passEndCoordinates"": {""x"": 46.9, ""y"": 90.9}, ""eventActionType"": ""pass"", ""isHome"": true, ""outcome"": true, ""keypass"": false}",,
2087085,Yan Diomande,14062210,rating-breakdown,passes,passes,,,,RB Leipzig,90.0,,45.8,74.1,44.5,68.4,True,True,1,boolean_field,success,True,,False,False,pass,rating-breakdown,True,45.8,74.1,44.5,68.4,pass,True,False,"{""playerCoordinates"": {""x"": 45.8, ""y"": 74.1}, ""passEndCoordinates"": {""x"": 44.5, ""y"": 68.4}, ""eventActionType"": ""pass"", ""isHome"": true, ""outcome"": true, ""keypass"": false}",,
2087085,Yan Diomande,14062210,rating-breakdown,passes,passes,,,,RB Leipzig,90.0,,84,94.5,73.4,73.5,True,True,1,boolean_field,success,True,,False,False,pass,rating-breakdown,True,84,94.5,73.4,73.5,pass,True,False,"{""playerCoordinates"": {""x"": 84, ""y"": 94.5}, ""passEndCoordinates"": {""x"": 73.4, ""y"": 73.5}, ""eventActionType"": ""pass"", ""isHome"": true, ""outcome"": true, ""keypass"": false}",,
2087085,Yan Diomande,14062210,rating-breakdown,passes,passes,,,,RB Leipzig,90.0,,98.4,73.2,92.3,52.9,,,,unresolvable,,,,False,False,pass,rating-breakdown,True,98.4,73.2,92.3,52.9,pass,True,False,"{""playerCoordinates"": {""x"": 98.4, ""y"": 73.2}, ""passEndCoordinates"": {""x"": 92.3, ""y"": 52.9}, ""eventActionType"": ""pass"", ""isHome"": true, ""keypass"": false}",,
2087085,Yan Diomande,14062210,rating-breakdown,passes,passes,,,,RB Leipzig,90.0,,88.6,89.5,85.7,99.1,True,True,1,boolean_field,success,True,,False,False,pass,rating-breakdown,True,88.6,89.5,85.7,99.1,pass,True,False,"{""playerCoordinates"": {""x"": 88.6, ""y"": 89.5}, ""passEndCoordinates"": {""x"": 85.7, ""y"": 99.1}, ""eventActionType"": ""pass"", ""isHome"": true, ""outcome"": true, ""keypass"": false}",,
2087085,Yan Diomande,14062210,rating-breakdown,passes,passes,,,,RB Leipzig,90.0,,81.4,91.6,79.6,75.4,True,True,1,boolean_field,success,True,,False,False,pass,rating-breakdown,True,81.4,91.6,79.6,75.4,pass,True,False,"{""playerCoordinates"": {""x"": 81.4, ""y"": 91.6}, ""passEndCoordinates"": {""x"": 79.6, ""y"": 75.4}, ""eventActionType"": ""pass"", ""isHome"": true, ""outcome"": true, ""keypass"": false}",,
2087085,Yan Diomande,14062210,rating-breakdown,passes,passes,,,,RB Leipzig,90.0,,82.7,85.2,80.2,58.6,True,True,1,boolean_field,success,True,,False,False,pass,rating-breakdown,True,82.7,85.2,80.2,58.6,pass,True,False,"{""playerCoordinates"": {""x"": 82.7, ""y"": 85.2}, ""passEndCoordinates"": {""x"": 80.2, ""y"": 58.6}, ""eventActionType"": ""pass"", ""isHome"": true, ""outcome"": true, ""keypass"": false}",,
2087085,Yan Diomande,14062210,rating-breakdown,passes,passes,,,,RB Leipzig,90.0,,89.3,76,85.9,66.7,True,True,1,boolean_field,success,True,,False,False,pass,rating-breakdown,True,89.3,76,85.9,66.7,pass,True,False,"{""playerCoordinates"": {""x"": 89.3, ""y"": 76}, ""passEndCoordinates"": {""x"": 85.9, ""y"": 66.7}, ""eventActionType"": ""pass"", ""isHome"": true, ""outcome"": true, ""keypass"": false}",,
2087085,Yan Diomande,14062210,rating-breakdown,passes,passes,,,,RB Leipzig,90.0,,87.4,77.1,80.9,76.5,True,True,1,boolean_field,success,True,,False,False,pass,rating-breakdown,True,87.4,77.1,80.9,76.5,pass,True,False,"{""playerCoordinates"": {""x"": 87.4, ""y"": 77.1}, ""passEndCoordinates"": {""x"": 80.9, ""y"": 76.5}, ""eventActionType"": ""pass"", ""isHome"": true, ""outcome"": true, ""keypass"": false}",,
2087085,Yan Diomande,14062210,rating-breakdown,passes,passes,,,,RB Leipzig,90.0,,88.8,76.8,89.1,75,,,,unresolvable,,,,False,False,pass,rating-breakdown,True,88.8,76.8,89.1,75,pass,True,False,"{""playerCoordinates"": {""x"": 88.8, ""y"": 76.8}, ""passEndCoordinates"": {""x"": 89.1, ""y"": 75}, ""eventActionType"": ""pass"", ""isHome"": true, ""keypass"": false}",,
2087085,Yan Diomande,14062210,rating-breakdown,passes,passes,,,,RB Leipzig,90.0,,90.9,92.5,92.1,59.5,,,,unresolvable,,,,False,False,pass,rating-breakdown,True,90.9,92.5,92.1,59.5,cross,True,False,"{""playerCoordinates"": {""x"": 90.9, ""y"": 92.5}, ""passEndCoordinates"": {""x"": 92.1, ""y"": 59.5}, ""eventActionType"": ""cross"", ""isHome"": true, ""keypass"": false}",,
2087085,Yan Diomande,14062210,rating-breakdown,ball-carries,ball-carries,,,,RB Leipzig,90.0,,69.5,9.9,73.2,11.4,,,,unresolvable,,,,False,False,,rating-breakdown,True,69.5,9.9,73.2,11.4,ball-carry,True,,"{""playerCoordinates"": {""x"": 69.5, ""y"": 9.9}, ""passEndCoordinates"": {""x"": 73.2, ""y"": 11.4}, ""eventActionType"": ""ball-carry"", ""isHome"": true}",,
2087085,Yan Diomande,14062210,rating-breakdown,ball-carries,ball-carries,,,,RB Leipzig,90.0,,58.5,3.3,55.6,12.9,,,,unresolvable,,,,False,False,,rating-breakdown,True,58.5,3.3,55.6,12.9,ball-carry,True,,"{""playerCoordinates"": {""x"": 58.5, ""y"": 3.3}, ""passEndCoordinates"": {""x"": 55.6, ""y"": 12.9}, ""eventActionType"": ""ball-carry"", ""isHome"": true}",,
2087085,Yan Diomande,14062210,rating-breakdown,ball-carries,ball-carries,,,,RB Leipzig,90.0,,72,9.3,86.5,28,,,,unresolvable,,,,False,False,,rating-breakdown,True,72,9.3,86.5,28,ball-carry,True,,"{""playerCoordinates"": {""x"": 72, ""y"": 9.3}, ""passEndCoordinates"": {""x"": 86.5, ""y"": 28}, ""eventActionType"": ""ball-carry"", ""isHome"": true}",,
2087085,Yan Diomande,14062210,rating-breakdown,ball-carries,ball-carries,,,,RB Leipzig,90.0,,85.3,13.8,91,24.7,,,,unresolvable,,,,False,False,,rating-breakdown,True,85.3,13.8,91,24.7,ball-carry,True,,"{""playerCoordinates"": {""x"": 85.3, ""y"": 13.8}, ""passEndCoordinates"": {""x"": 91, ""y"": 24.7}, ""eventActionType"": ""ball-carry"", ""isHome"": true}",,
2087085,Yan Diomande,14062210,rating-breakdown,ball-carries,ball-carries,,,,RB Leipzig,90.0,,73.8,3.1,85.3,8.7,,,,unresolvable,,,,False,False,,rating-breakdown,True,73.8,3.1,85.3,8.7,ball-carry,True,,"{""playerCoordinates"": {""x"": 73.8, ""y"": 3.1}, ""passEndCoordinates"": {""x"": 85.3, ""y"": 8.7}, ""eventActionType"": ""ball-carry"", ""isHome"": true}",,
2087085,Yan Diomande,14062210,rating-breakdown,ball-carries,ball-carries,,,,RB Leipzig,90.0,,68.2,10,67,24.2,,,,unresolvable,,,,False,False,,rating-breakdown,True,68.2,10,67,24.2,ball-carry,True,,"{""playerCoordinates"": {""x"": 68.2, ""y"": 10}, ""passEndCoordinates"": {""x"": 67, ""y"": 24.2}, ""eventActionType"": ""ball-carry"", ""isHome"": true}",,
2087085,Yan Diomande,14062210,rating-breakdown,ball-carries,ball-carries,,,,RB Leipzig,90.0,,79,1.5,84.2,3.6,,,,unresolvable,,,,False,False,,rating-breakdown,True,79,1.5,84.2,3.6,ball-carry,True,,"{""playerCoordinates"": {""x"": 79, ""y"": 1.5}, ""passEndCoordinates"": {""x"": 84.2, ""y"": 3.6}, ""eventActionType"": ""ball-carry"", ""isHome"": true}",,
2087085,Yan Diomande,14062210,rating-breakdown,ball-carries,ball-carries,,,,RB Leipzig,90.0,,74.2,2.7,78,10.9,,,,unresolvable,,,,False,False,,rating-breakdown,True,74.2,2.7,78,10.9,ball-carry,True,,"{""playerCoordinates"": {""x"": 74.2, ""y"": 2.7}, ""passEndCoordinates"": {""x"": 78, ""y"": 10.9}, ""eventActionType"": ""ball-carry"", ""isHome"": true}",,
2087085,Yan Diomande,14062210,rating-breakdown,ball-carries,ball-carries,,,,RB Leipzig,90.0,,85.8,3,96.2,15.3,,,,unresolvable,,,,False,False,,rating-breakdown,True,85.8,3,96.2,15.3,ball-carry,True,,"{""playerCoordinates"": {""x"": 85.8, ""y"": 3}, ""passEndCoordinates"": {""x"": 96.2, ""y"": 15.3}, ""eventActionType"": ""ball-carry"", ""isHome"": true}",,
2087085,Yan Diomande,14062210,rating-breakdown,ball-carries,ball-carries,,,,RB Leipzig,90.0,,85,4.3,86.9,9.9,,,,unresolvable,,,,False,False,,rating-breakdown,True,85,4.3,86.9,9.9,ball-carry,True,,"{""playerCoordinates"": {""x"": 85, ""y"": 4.3}, ""passEndCoordinates"": {""x"": 86.9, ""y"": 9.9}, ""eventActionType"": ""ball-carry"", ""isHome"": true}",,
2087085,Yan Diomande,14062210,rating-breakdown,ball-carries,ball-carries,,,,RB Leipzig,90.0,,91.4,6.1,95.9,8.2,,,,unresolvable,,,,False,False,,rating-breakdown,True,91.4,6.1,95.9,8.2,ball-carry,True,,"{""playerCoordinates"": {""x"": 91.4, ""y"": 6.1}, ""passEndCoordinates"": {""x"": 95.9, ""y"": 8.2}, ""eventActionType"": ""ball-carry"", ""isHome"": true}",,
2087085,Yan Diomande,14062210,rating-breakdown,ball-carries,ball-carries,,,,RB Leipzig,90.0,,79.9,16.9,81.4,3.9,,,,unresolvable,,,,False,False,,rating-breakdown,True,79.9,16.9,81.4,3.9,ball-carry,True,,"{""playerCoordinates"": {""x"": 79.9, ""y"": 16.9}, ""passEndCoordinates"": {""x"": 81.4, ""y"": 3.9}, ""eventActionType"": ""ball-carry"", ""isHome"": true}",,
2087085,Yan Diomande,14062210,rating-breakdown,ball-carries,ball-carries,,,,RB Leipzig,90.0,,84.6,13.6,93.4,22.6,,,,unresolvable,,,,False,False,,rating-breakdown,True,84.6,13.6,93.4,22.6,ball-carry,True,,"{""playerCoordinates"": {""x"": 84.6, ""y"": 13.6}, ""passEndCoordinates"": {""x"": 93.4, ""y"": 22.6}, ""eventActionType"": ""ball-carry"", ""isHome"": true}",,
2087085,Yan Diomande,14062210,rating-breakdown,ball-carries,ball-carries,,,,RB Leipzig,90.0,,66.4,5.4,69.4,5.2,,,,unresolvable,,,,False,False,,rating-breakdown,True,66.4,5.4,69.4,5.2,ball-carry,True,,"{""playerCoordinates"": {""x"": 66.4, ""y"": 5.4}, ""passEndCoordinates"": {""x"": 69.4, ""y"": 5.2}, ""eventActionType"": ""ball-carry"", ""isHome"": true}",,
2087085,Yan Diomande,14062210,rating-breakdown,ball-carries,ball-carries,,,,RB Leipzig,90.0,,63.4,3.9,67.1,12.9,,,,unresolvable,,,,False,False,,rating-breakdown,True,63.4,3.9,67.1,12.9,ball-carry,True,,"{""playerCoordinates"": {""x"": 63.4, ""y"": 3.9}, ""passEndCoordinates"": {""x"": 67.1, ""y"": 12.9}, ""eventActionType"": ""ball-carry"", ""isHome"": true}",,
2087085,Yan Diomande,14062210,rating-breakdown,ball-carries,ball-carries,,,,RB Leipzig,90.0,,74.7,4.6,79.3,4.8,,,,unresolvable,,,,False,False,,rating-breakdown,True,74.7,4.6,79.3,4.8,ball-carry,True,,"{""playerCoordinates"": {""x"": 74.7, ""y"": 4.6}, ""passEndCoordinates"": {""x"": 79.3, ""y"": 4.8}, ""eventActionType"": ""ball-carry"", ""isHome"": true}",,
2087085,Yan Diomande,14062210,rating-breakdown,ball-carries,ball-carries,,,,RB Leipzig,90.0,,81.8,13.5,87.7,15.9,,,,unresolvable,,,,False,False,,rating-breakdown,True,81.8,13.5,87.7,15.9,ball-carry,True,,"{""playerCoordinates"": {""x"": 81.8, ""y"": 13.5}, ""passEndCoordinates"": {""x"": 87.7, ""y"": 15.9}, ""eventActionType"": ""ball-carry"", ""isHome"": true}",,
2087085,Yan Diomande,14062210,rating-breakdown,ball-carries,ball-carries,,,,RB Leipzig,90.0,,29.1,4,28.9,10,,,,unresolvable,,,,False,False,,rating-breakdown,True,29.1,4,28.9,10,ball-carry,True,,"{""playerCoordinates"": {""x"": 29.1, ""y"": 4}, ""passEndCoordinates"": {""x"": 28.9, ""y"": 10}, ""eventActionType"": ""ball-carry"", ""isHome"": true}",,
2087085,Yan Diomande,14062210,rating-breakdown,ball-carries,ball-carries,,,,RB Leipzig,90.0,,42.3,3.4,39.7,10.8,,,,unresolvable,,,,False,False,,rating-breakdown,True,42.3,3.4,39.7,10.8,ball-carry,True,,"{""playerCoordinates"": {""x"": 42.3, ""y"": 3.4}, ""passEndCoordinates"": {""x"": 39.7, ""y"": 10.8}, ""eventActionType"": ""ball-carry"", ""isHome"": true}",,
2087085,Yan Diomande,14062210,rating-breakdown,ball-carries,ball-carries,,,,RB Leipzig,90.0,,72.8,6.1,70.7,13.9,,,,unresolvable,,,,False,False,,rating-breakdown,True,72.8,6.1,70.7,13.9,ball-carry,True,,"{""playerCoordinates"": {""x"": 72.8, ""y"": 6.1}, ""passEndCoordinates"": {""x"": 70.7, ""y"": 13.9}, ""eventActionType"": ""ball-carry"", ""isHome"": true}",,
2087085,Yan Diomande,14062210,rating-breakdown,ball-carries,ball-carries,,,,RB Leipzig,90.0,,48.1,96.4,53.9,98.1,,,,unresolvable,,,,False,False,,rating-breakdown,True,48.1,96.4,53.9,98.1,ball-carry,True,,"{""playerCoordinates"": {""x"": 48.1, ""y"": 96.4}, ""passEndCoordinates"": {""x"": 53.9, ""y"": 98.1}, ""eventActionType"": ""ball-carry"", ""isHome"": true}",,
2087085,Yan Diomande,14062210,rating-breakdown,ball-carries,ball-carries,,,,RB Leipzig,90.0,,79.5,95.8,84,94.5,,,,unresolvable,,,,False,False,,rating-breakdown,True,79.5,95.8,84,94.5,ball-carry,True,,"{""playerCoordinates"": {""x"": 79.5, ""y"": 95.8}, ""passEndCoordinates"": {""x"": 84, ""y"": 94.5}, ""eventActionType"": ""ball-carry"", ""isHome"": true}",,
2087085,Yan Diomande,14062210,rating-breakdown,ball-carries,ball-carries,,,,RB Leipzig,90.0,,68.7,95.4,82.7,85.2,,,,unresolvable,,,,False,False,,rating-breakdown,True,68.7,95.4,82.7,85.2,ball-carry,True,,"{""playerCoordinates"": {""x"": 68.7, ""y"": 95.4}, ""passEndCoordinates"": {""x"": 82.7, ""y"": 85.2}, ""eventActionType"": ""ball-carry"", ""isHome"": true}",,
2087085,Yan Diomande,14062210,rating-breakdown,ball-carries,ball-carries,,,,RB Leipzig,90.0,,79.4,93.6,94.8,76.2,,,,unresolvable,,,,False,False,,rating-breakdown,True,79.4,93.6,94.8,76.2,ball-carry,True,,"{""playerCoordinates"": {""x"": 79.4, ""y"": 93.6}, ""passEndCoordinates"": {""x"": 94.8, ""y"": 76.2}, ""eventActionType"": ""ball-carry"", ""isHome"": true}",,
2087085,Yan Diomande,14062210,rating-breakdown,ball-carries,ball-carries,,,,RB Leipzig,90.0,,79.6,91.8,88.8,76.8,,,,unresolvable,,,,False,False,,rating-breakdown,True,79.6,91.8,88.8,76.8,ball-carry,True,,"{""playerCoordinates"": {""x"": 79.6, ""y"": 91.8}, ""passEndCoordinates"": {""x"": 88.8, ""y"": 76.8}, ""eventActionType"": ""ball-carry"", ""isHome"": true}",,
2087085,Yan Diomande,14062210,rating-breakdown,ball-carries,ball-carries,,,,RB Leipzig,90.0,,70.1,97.6,90.9,92.5,,,,unresolvable,,,,False,False,,rating-breakdown,True,70.1,97.6,90.9,92.5,ball-carry,True,,"{""playerCoordinates"": {""x"": 70.1, ""y"": 97.6}, ""passEndCoordinates"": {""x"": 90.9, ""y"": 92.5}, ""eventActionType"": ""ball-carry"", ""isHome"": true}",,
2087085,Yan Diomande,14062210,rating-breakdown,dribbles,dribbles,,,,RB Leipzig,90.0,,73.2,11.4,,,,,,unresolvable,,,,False,False,,rating-breakdown,True,73.2,11.4,,,dribble,True,False,"{""playerCoordinates"": {""x"": 73.2, ""y"": 11.4}, ""eventActionType"": ""dribble"", ""isHome"": true, ""keypass"": false}",,
2087085,Yan Diomande,14062210,rating-breakdown,dribbles,dribbles,,,,RB Leipzig,90.0,,86.4,27.4,,,True,True,1,boolean_field,success,,True,False,False,,rating-breakdown,True,86.4,27.4,,,dribble,True,False,"{""playerCoordinates"": {""x"": 86.4, ""y"": 27.4}, ""eventActionType"": ""dribble"", ""isHome"": true, ""outcome"": true, ""keypass"": false}",,
2087085,Yan Diomande,14062210,rating-breakdown,dribbles,dribbles,,,,RB Leipzig,90.0,,67,24.2,,,True,True,1,boolean_field,success,,True,False,False,,rating-breakdown,True,67,24.2,,,dribble,True,False,"{""playerCoordinates"": {""x"": 67, ""y"": 24.2}, ""eventActionType"": ""dribble"", ""isHome"": true, ""outcome"": true, ""keypass"": false}",,
2087085,Yan Diomande,14062210,rating-breakdown,dribbles,dribbles,,,,RB Leipzig,90.0,,77.4,9.6,,,True,True,1,boolean_field,success,,True,False,False,,rating-breakdown,True,77.4,9.6,,,dribble,True,False,"{""playerCoordinates"": {""x"": 77.4, ""y"": 9.6}, ""eventActionType"": ""dribble"", ""isHome"": true, ""outcome"": true, ""keypass"": false}",,
2087085,Yan Diomande,14062210,rating-breakdown,dribbles,dribbles,,,,RB Leipzig,90.0,,86.4,9,,,True,True,1,boolean_field,success,,True,False,False,,rating-breakdown,True,86.4,9,,,dribble,True,False,"{""playerCoordinates"": {""x"": 86.4, ""y"": 9}, ""eventActionType"": ""dribble"", ""isHome"": true, ""outcome"": true, ""keypass"": false}",,
2087085,Yan Diomande,14062210,rating-breakdown,dribbles,dribbles,,,,RB Leipzig,90.0,,91.3,10.2,,,True,True,1,boolean_field,success,,True,False,False,,rating-breakdown,True,91.3,10.2,,,dribble,True,False,"{""playerCoordinates"": {""x"": 91.3, ""y"": 10.2}, ""eventActionType"": ""dribble"", ""isHome"": true, ""outcome"": true, ""keypass"": false}",,
2087085,Yan Diomande,14062210,rating-breakdown,dribbles,dribbles,,,,RB Leipzig,90.0,,92.4,74.3,,,True,True,1,boolean_field,success,,True,False,False,,rating-breakdown,True,92.4,74.3,,,dribble,True,False,"{""playerCoordinates"": {""x"": 92.4, ""y"": 74.3}, ""eventActionType"": ""dribble"", ""isHome"": true, ""outcome"": true, ""keypass"": false}",,
2087085,Yan Diomande,14062210,rating-breakdown,dribbles,dribbles,,,,RB Leipzig,90.0,,94.8,76.2,,,,,,unresolvable,,,,False,False,,rating-breakdown,True,94.8,76.2,,,dribble,True,False,"{""playerCoordinates"": {""x"": 94.8, ""y"": 76.2}, ""eventActionType"": ""dribble"", ""isHome"": true, ""keypass"": false}",,
2087085,Yan Diomande,14062210,rating-breakdown,defensive,defensive,,,,RB Leipzig,90.0,,44.3,18.5,,,,,,unresolvable,,,,False,False,,rating-breakdown,True,44.3,18.5,,,tackle,True,False,"{""playerCoordinates"": {""x"": 44.3, ""y"": 18.5}, ""eventActionType"": ""tackle"", ""isHome"": true, ""keypass"": false}",,
2087085,Yan Diomande,14062210,rating-breakdown,defensive,defensive,,,,RB Leipzig,90.0,,70.9,5.7,,,True,True,1,boolean_field,success,,True,False,False,,rating-breakdown,True,70.9,5.7,,,ball-recovery,True,False,"{""playerCoordinates"": {""x"": 70.9, ""y"": 5.7}, ""eventActionType"": ""ball-recovery"", ""isHome"": true, ""outcome"": true, ""keypass"": false}",,
2087085,Yan Diomande,14062210,rating-breakdown,defensive,defensive,,,,RB Leipzig,90.0,,45.5,6.9,,,True,True,1,boolean_field,success,,True,False,False,,rating-breakdown,True,45.5,6.9,,,ball-recovery,True,False,"{""playerCoordinates"": {""x"": 45.5, ""y"": 6.9}, ""eventActionType"": ""ball-recovery"", ""isHome"": true, ""outcome"": true, ""keypass"": false}",,
2087085,Yan Diomande,14062210,rating-breakdown,defensive,defensive,,,,RB Leipzig,90.0,,13.8,57.9,40.9,61.3,True,True,1,boolean_field,success,,True,False,False,,rating-breakdown,True,13.8,57.9,40.9,61.3,clearance,True,False,"{""playerCoordinates"": {""x"": 13.8, ""y"": 57.9}, ""passEndCoordinates"": {""x"": 40.9, ""y"": 61.3}, ""eventActionType"": ""clearance"", ""isHome"": true, ""outcome"": true, ""keypass"": false}",,
2087085,Yan Diomande,14062210,rating-breakdown,defensive,defensive,,,,RB Leipzig,90.0,,45.8,74.1,,,True,True,1,boolean_field,success,,True,False,False,,rating-breakdown,True,45.8,74.1,,,ball-recovery,True,False,"{""playerCoordinates"": {""x"": 45.8, ""y"": 74.1}, ""eventActionType"": ""ball-recovery"", ""isHome"": true, ""outcome"": true, ""keypass"": false}",,
2087085,Yan Diomande,14062210,rating-breakdown,defensive,defensive,,,,RB Leipzig,90.0,,29.2,68.2,,,True,True,1,boolean_field,success,,True,False,False,,rating-breakdown,True,29.2,68.2,,,interception,True,False,"{""playerCoordinates"": {""x"": 29.2, ""y"": 68.2}, ""eventActionType"": ""interception"", ""isHome"": true, ""outcome"": true, ""keypass"": false}",,
2087085,Yan Diomande,14062218,rating-breakdown,passes,passes,,,,RB Leipzig,89.0,,37,85.2,32.1,80.2,True,True,1,boolean_field,success,True,,False,False,pass,rating-breakdown,True,37,85.2,32.1,80.2,pass,True,False,"{""playerCoordinates"": {""x"": 37, ""y"": 85.2}, ""passEndCoordinates"": {""x"": 32.1, ""y"": 80.2}, ""eventActionType"": ""pass"", ""isHome"": true, ""outcome"": true, ""keypass"": false}",,
2087085,Yan Diomande,14062218,rating-breakdown,passes,passes,,,,RB Leipzig,89.0,,59,88.7,44.6,73,True,True,1,boolean_field,success,True,,False,False,pass,rating-breakdown,True,59,88.7,44.6,73,pass,True,False,"{""playerCoordinates"": {""x"": 59, ""y"": 88.7}, ""passEndCoordinates"": {""x"": 44.6, ""y"": 73}, ""eventActionType"": ""pass"", ""isHome"": true, ""outcome"": true, ""keypass"": false}",,
2087085,Yan Diomande,14062218,rating-breakdown,passes,passes,,,,RB Leipzig,89.0,,89.6,85.2,78.8,88.1,True,True,1,boolean_field,success,True,,False,False,pass,rating-breakdown,True,89.6,85.2,78.8,88.1,pass,True,False,"{""playerCoordinates"": {""x"": 89.6, ""y"": 85.2}, ""passEndCoordinates"": {""x"": 78.8, ""y"": 88.1}, ""eventActionType"": ""pass"", ""isHome"": true, ""outcome"": true, ""keypass"": false}",,
2087085,Yan Diomande,14062218,rating-breakdown,passes,passes,,,,RB Leipzig,89.0,,73.3,95.3,88.7,85.8,True,True,1,boolean_field,success,True,,False,False,pass,rating-breakdown,True,73.3,95.3,88.7,85.8,pass,True,False,"{""playerCoordinates"": {""x"": 73.3, ""y"": 95.3}, ""passEndCoordinates"": {""x"": 88.7, ""y"": 85.8}, ""eventActionType"": ""pass"", ""isHome"": true, ""outcome"": true, ""keypass"": false}",,
2087085,Yan Diomande,14062218,rating-breakdown,passes,passes,,,,RB Leipzig,89.0,,40.2,96.8,27.6,96.1,True,True,1,boolean_field,success,True,,False,False,pass,rating-breakdown,True,40.2,96.8,27.6,96.1,pass,True,False,"{""playerCoordinates"": {""x"": 40.2, ""y"": 96.8}, ""passEndCoordinates"": {""x"": 27.6, ""y"": 96.1}, ""eventActionType"": ""pass"", ""isHome"": true, ""outcome"": true, ""keypass"": false}",,
2087085,Yan Diomande,14062218,rating-breakdown,passes,passes,,,,RB Leipzig,89.0,,34.7,95.6,20.5,80.3,True,True,1,boolean_field,success,True,,False,False,pass,rating-breakdown,True,34.7,95.6,20.5,80.3,pass,True,False,"{""playerCoordinates"": {""x"": 34.7, ""y"": 95.6}, ""passEndCoordinates"": {""x"": 20.5, ""y"": 80.3}, ""eventActionType"": ""pass"", ""isHome"": true, ""outcome"": true, ""keypass"": false}",,
2087085,Yan Diomande,14062218,rating-breakdown,passes,passes,,,,RB Leipzig,89.0,,63.7,94.3,76.7,90.3,True,True,1,boolean_field,success,True,,False,False,pass,rating-breakdown,True,63.7,94.3,76.7,90.3,pass,True,False,"{""playerCoordinates"": {""x"": 63.7, ""y"": 94.3}, ""passEndCoordinates"": {""x"": 76.7, ""y"": 90.3}, ""eventActionType"": ""pass"", ""isHome"": true, ""outcome"": true, ""keypass"": false}",,
2087085,Yan Diomande,14062218,rating-breakdown,passes,passes,,,,RB Leipzig,89.0,,94.8,66.1,97,54.6,True,True,1,boolean_field,success,True,,True,True,assist,rating-breakdown,True,94.8,66.1,97,54.6,pass,True,True,"{""playerCoordinates"": {""x"": 94.8, ""y"": 66.1}, ""passEndCoordinates"": {""x"": 97, ""y"": 54.6}, ""eventActionType"": ""pass"", ""isHome"": true, ""outcome"": true, ""keypass"": true, ""isAssist"": true}",,True
2087085,Yan Diomande,14062218,rating-breakdown,passes,passes,,,,RB Leipzig,89.0,,38.5,91.8,30.6,92.1,True,True,1,boolean_field,success,True,,False,False,pass,rating-breakdown,True,38.5,91.8,30.6,92.1,pass,True,False,"{""playerCoordinates"": {""x"": 38.5, ""y"": 91.8}, ""passEndCoordinates"": {""x"": 30.6, ""y"": 92.1}, ""eventActionType"": ""pass"", ""isHome"": true, ""outcome"": true, ""keypass"": false}",,
2087085,Yan Diomande,14062218,rating-breakdown,passes,passes,,,,RB Leipzig,89.0,,37.9,97,29.4,92.4,True,True,1,boolean_field,success,True,,False,False,pass,rating-breakdown,True,37.9,97,29.4,92.4,pass,True,False,"{""playerCoordinates"": {""x"": 37.9, ""y"": 97}, ""passEndCoordinates"": {""x"": 29.4, ""y"": 92.4}, ""eventActionType"": ""pass"", ""isHome"": true, ""outcome"": true, ""keypass"": false}",,
2087085,Yan Diomande,14062218,rating-breakdown,passes,passes,,,,RB Leipzig,89.0,,79,96.8,68.9,89.1,True,True,1,boolean_field,success,True,,False,False,pass,rating-breakdown,True,79,96.8,68.9,89.1,pass,True,False,"{""playerCoordinates"": {""x"": 79, ""y"": 96.8}, ""passEndCoordinates"": {""x"": 68.9, ""y"": 89.1}, ""eventActionType"": ""pass"", ""isHome"": true, ""outcome"": true, ""keypass"": false}",,
2087085,Yan Diomande,14062218,rating-breakdown,passes,passes,,,,RB Leipzig,89.0,,97.9,76.3,97.5,56.5,True,True,1,boolean_field,success,True,,False,False,pass,rating-breakdown,True,97.9,76.3,97.5,56.5,cross,True,False,"{""playerCoordinates"": {""x"": 97.9, ""y"": 76.3}, ""passEndCoordinates"": {""x"": 97.5, ""y"": 56.5}, ""eventActionType"": ""cross"", ""isHome"": true, ""outcome"": true, ""keypass"": false}",,
2087085,Yan Diomande,14062218,rating-breakdown,passes,passes,,,,RB Leipzig,89.0,,86.2,82.7,87.2,80,,,,unresolvable,,,,False,False,pass,rating-breakdown,True,86.2,82.7,87.2,80,cross,True,False,"{""playerCoordinates"": {""x"": 86.2, ""y"": 82.7}, ""passEndCoordinates"": {""x"": 87.2, ""y"": 80}, ""eventActionType"": ""cross"", ""isHome"": true, ""keypass"": false}",,
2087085,Yan Diomande,14062218,rating-breakdown,passes,passes,,,,RB Leipzig,89.0,,81.8,94.3,94.5,77.9,True,True,1,boolean_field,success,True,,False,False,pass,rating-breakdown,True,81.8,94.3,94.5,77.9,pass,True,False,"{""playerCoordinates"": {""x"": 81.8, ""y"": 94.3}, ""passEndCoordinates"": {""x"": 94.5, ""y"": 77.9}, ""eventActionType"": ""pass"", ""isHome"": true, ""outcome"": true, ""keypass"": false}",,
2087085,Yan Diomande,14062218,rating-breakdown,passes,passes,,,,RB Leipzig,89.0,,77.7,74,92.9,75.9,True,True,1,boolean_field,success,True,,False,False,pass,rating-breakdown,True,77.7,74,92.9,75.9,pass,True,False,"{""playerCoordinates"": {""x"": 77.7, ""y"": 74}, ""passEndCoordinates"": {""x"": 92.9, ""y"": 75.9}, ""eventActionType"": ""pass"", ""isHome"": true, ""outcome"": true, ""keypass"": false}",,
2087085,Yan Diomande,14062218,rating-breakdown,passes,passes,,,,RB Leipzig,89.0,,33.8,95,22.8,95.6,True,True,1,boolean_field,success,True,,False,False,pass,rating-breakdown,True,33.8,95,22.8,95.6,pass,True,False,"{""playerCoordinates"": {""x"": 33.8, ""y"": 95}, ""passEndCoordinates"": {""x"": 22.8, ""y"": 95.6}, ""eventActionType"": ""pass"", ""isHome"": true, ""outcome"": true, ""keypass"": false}",,
2087085,Yan Diomande,14062218,rating-breakdown,passes,passes,,,,RB Leipzig,89.0,,55.2,89,45.8,56.1,True,True,1,boolean_field,success,True,,False,False,pass,rating-breakdown,True,55.2,89,45.8,56.1,pass,True,False,"{""playerCoordinates"": {""x"": 55.2, ""y"": 89}, ""passEndCoordinates"": {""x"": 45.8, ""y"": 56.1}, ""eventActionType"": ""pass"", ""isHome"": true, ""outcome"": true, ""keypass"": false}",,
2087085,Yan Diomande,14062218,rating-breakdown,passes,passes,,,,RB Leipzig,89.0,,87.9,86.2,86.3,66.7,True,True,1,boolean_field,success,True,,False,False,pass,rating-breakdown,True,87.9,86.2,86.3,66.7,pass,True,False,"{""playerCoordinates"": {""x"": 87.9, ""y"": 86.2}, ""passEndCoordinates"": {""x"": 86.3, ""y"": 66.7}, ""eventActionType"": ""pass"", ""isHome"": true, ""outcome"": true, ""keypass"": false}",,
2087085,Yan Diomande,14062218,rating-breakdown,passes,passes,,,,RB Leipzig,89.0,,97.9,67.7,95.2,59.9,,,,unresolvable,,,,False,False,pass,rating-breakdown,True,97.9,67.7,95.2,59.9,pass,True,False,"{""playerCoordinates"": {""x"": 97.9, ""y"": 67.7}, ""passEndCoordinates"": {""x"": 95.2, ""y"": 59.9}, ""eventActionType"": ""pass"", ""isHome"": true, ""keypass"": false}",,
2087085,Yan Diomande,14062218,rating-breakdown,passes,passes,,,,RB Leipzig,89.0,,69.6,81.8,63.3,84.3,True,True,1,boolean_field,success,True,,False,False,pass,rating-breakdown,True,69.6,81.8,63.3,84.3,pass,True,False,"{""playerCoordinates"": {""x"": 69.6, ""y"": 81.8}, ""passEndCoordinates"": {""x"": 63.3, ""y"": 84.3}, ""eventActionType"": ""pass"", ""isHome"": true, ""outcome"": true, ""keypass"": false}",,
2087085,Yan Diomande,14062218,rating-breakdown,passes,passes,,,,RB Leipzig,89.0,,64,95.9,54,89.4,True,True,1,boolean_field,success,True,,False,False,pass,rating-breakdown,True,64,95.9,54,89.4,pass,True,False,"{""playerCoordinates"": {""x"": 64, ""y"": 95.9}, ""passEndCoordinates"": {""x"": 54, ""y"": 89.4}, ""eventActionType"": ""pass"", ""isHome"": true, ""outcome"": true, ""keypass"": false}",,
2087085,Yan Diomande,14062218,rating-breakdown,passes,passes,,,,RB Leipzig,89.0,,60.8,96.7,43.2,70.5,True,True,1,boolean_field,success,True,,False,False,pass,rating-breakdown,True,60.8,96.7,43.2,70.5,pass,True,False,"{""playerCoordinates"": {""x"": 60.8, ""y"": 96.7}, ""passEndCoordinates"": {""x"": 43.2, ""y"": 70.5}, ""eventActionType"": ""pass"", ""isHome"": true, ""outcome"": true, ""keypass"": false}",,
2087085,Yan Diomande,14062218,rating-breakdown,passes,passes,,,,RB Leipzig,89.0,,88,53.2,93.9,66.2,True,True,1,boolean_field,success,True,,False,True,key_pass,rating-breakdown,True,88,53.2,93.9,66.2,pass,True,True,"{""playerCoordinates"": {""x"": 88, ""y"": 53.2}, ""passEndCoordinates"": {""x"": 93.9, ""y"": 66.2}, ""eventActionType"": ""pass"", ""isHome"": true, ""outcome"": true, ""keypass"": true}",,
2087085,Yan Diomande,14062218,rating-breakdown,passes,passes,,,,RB Leipzig,89.0,,79.6,25.3,91.7,32.3,True,True,1,boolean_field,success,True,,False,True,key_pass,rating-breakdown,True,79.6,25.3,91.7,32.3,pass,True,True,"{""playerCoordinates"": {""x"": 79.6, ""y"": 25.3}, ""passEndCoordinates"": {""x"": 91.7, ""y"": 32.3}, ""eventActionType"": ""pass"", ""isHome"": true, ""outcome"": true, ""keypass"": true}",,
2087085,Yan Diomande,14062218,rating-breakdown,passes,passes,,,,RB Leipzig,89.0,,89.5,5.9,88.5,15.9,True,True,1,boolean_field,success,True,,False,False,pass,rating-breakdown,True,89.5,5.9,88.5,15.9,pass,True,False,"{""playerCoordinates"": {""x"": 89.5, ""y"": 5.9}, ""passEndCoordinates"": {""x"": 88.5, ""y"": 15.9}, ""eventActionType"": ""pass"", ""isHome"": true, ""outcome"": true, ""keypass"": false}",,
2087085,Yan Diomande,14062218,rating-breakdown,passes,passes,,,,RB Leipzig,89.0,,80.7,3.9,81.8,10.1,True,True,1,boolean_field,success,True,,False,False,pass,rating-breakdown,True,80.7,3.9,81.8,10.1,pass,True,False,"{""playerCoordinates"": {""x"": 80.7, ""y"": 3.9}, ""passEndCoordinates"": {""x"": 81.8, ""y"": 10.1}, ""eventActionType"": ""pass"", ""isHome"": true, ""outcome"": true, ""keypass"": false}",,
2087085,Yan Diomande,14062218,rating-breakdown,passes,passes,,,,RB Leipzig,89.0,,54.9,14.1,33.1,26.2,True,True,1,boolean_field,success,True,,False,False,pass,rating-breakdown,True,54.9,14.1,33.1,26.2,pass,True,False,"{""playerCoordinates"": {""x"": 54.9, ""y"": 14.1}, ""passEndCoordinates"": {""x"": 33.1, ""y"": 26.2}, ""eventActionType"": ""pass"", ""isHome"": true, ""outcome"": true, ""keypass"": false}",,
2087085,Yan Diomande,14062218,rating-breakdown,passes,passes,,,,RB Leipzig,89.0,,55.6,7.7,38.7,28.3,True,True,1,boolean_field,success,True,,False,False,pass,rating-breakdown,True,55.6,7.7,38.7,28.3,pass,True,False,"{""playerCoordinates"": {""x"": 55.6, ""y"": 7.7}, ""passEndCoordinates"": {""x"": 38.7, ""y"": 28.3}, ""eventActionType"": ""pass"", ""isHome"": true, ""outcome"": true, ""keypass"": false}",,
2087085,Yan Diomande,14062218,rating-breakdown,passes,passes,,,,RB Leipzig,89.0,,30.5,15,14.4,38,True,True,1,boolean_field,success,True,,False,False,pass,rating-breakdown,True,30.5,15,14.4,38,pass,True,False,"{""playerCoordinates"": {""x"": 30.5, ""y"": 15}, ""passEndCoordinates"": {""x"": 14.4, ""y"": 38}, ""eventActionType"": ""pass"", ""isHome"": true, ""outcome"": true, ""keypass"": false}",,
2087085,Yan Diomande,14062218,rating-breakdown,passes,passes,,,,RB Leipzig,89.0,,63.5,8.3,54.3,7.4,True,True,1,boolean_field,success,True,,False,False,pass,rating-breakdown,True,63.5,8.3,54.3,7.4,pass,True,False,"{""playerCoordinates"": {""x"": 63.5, ""y"": 8.3}, ""passEndCoordinates"": {""x"": 54.3, ""y"": 7.4}, ""eventActionType"": ""pass"", ""isHome"": true, ""outcome"": true, ""keypass"": false}",,
2087085,Yan Diomande,14062218,rating-breakdown,passes,passes,,,,RB Leipzig,89.0,,94.7,28.9,97.7,47.9,,,,unresolvable,,,,False,False,pass,rating-breakdown,True,94.7,28.9,97.7,47.9,pass,True,False,"{""playerCoordinates"": {""x"": 94.7, ""y"": 28.9}, ""passEndCoordinates"": {""x"": 97.7, ""y"": 47.9}, ""eventActionType"": ""pass"", ""isHome"": true, ""keypass"": false}",,
2087085,Yan Diomande,14062218,rating-breakdown,passes,passes,,,,RB Leipzig,89.0,,29.7,2.9,28,8.6,True,True,1,boolean_field,success,True,,False,False,pass,rating-breakdown,True,29.7,2.9,28,8.6,pass,True,False,"{""playerCoordinates"": {""x"": 29.7, ""y"": 2.9}, ""passEndCoordinates"": {""x"": 28, ""y"": 8.6}, ""eventActionType"": ""pass"", ""isHome"": true, ""outcome"": true, ""keypass"": false}",,
2087085,Yan Diomande,14062218,rating-breakdown,passes,passes,,,,RB Leipzig,89.0,,30.2,15.4,9.5,32.7,True,True,1,boolean_field,success,True,,False,False,pass,rating-breakdown,True,30.2,15.4,9.5,32.7,pass,True,False,"{""playerCoordinates"": {""x"": 30.2, ""y"": 15.4}, ""passEndCoordinates"": {""x"": 9.5, ""y"": 32.7}, ""eventActionType"": ""pass"", ""isHome"": true, ""outcome"": true, ""keypass"": false}",,
2087085,Yan Diomande,14062218,rating-breakdown,ball-carries,ball-carries,,,,RB Leipzig,89.0,,37.1,93.7,37,85.2,,,,unresolvable,,,,False,False,,rating-breakdown,True,37.1,93.7,37,85.2,ball-carry,True,,"{""playerCoordinates"": {""x"": 37.1, ""y"": 93.7}, ""passEndCoordinates"": {""x"": 37, ""y"": 85.2}, ""eventActionType"": ""ball-carry"", ""isHome"": true}",,
2087085,Yan Diomande,14062218,rating-breakdown,ball-carries,ball-carries,,,,RB Leipzig,89.0,,45.7,84.3,68,95,,,,unresolvable,,,,False,False,,rating-breakdown,True,45.7,84.3,68,95,ball-carry,True,,"{""playerCoordinates"": {""x"": 45.7, ""y"": 84.3}, ""passEndCoordinates"": {""x"": 68, ""y"": 95}, ""eventActionType"": ""ball-carry"", ""isHome"": true}",,
2087085,Yan Diomande,14062218,rating-breakdown,ball-carries,ball-carries,,,,RB Leipzig,89.0,,60.5,95.3,63.7,94.3,,,,unresolvable,,,,False,False,,rating-breakdown,True,60.5,95.3,63.7,94.3,ball-carry,True,,"{""playerCoordinates"": {""x"": 60.5, ""y"": 95.3}, ""passEndCoordinates"": {""x"": 63.7, ""y"": 94.3}, ""eventActionType"": ""ball-carry"", ""isHome"": true}",,
2087085,Yan Diomande,14062218,rating-breakdown,ball-carries,ball-carries,,,,RB Leipzig,89.0,,77.3,85.9,94.8,66.1,,,,unresolvable,,,,False,False,,rating-breakdown,True,77.3,85.9,94.8,66.1,ball-carry,True,,"{""playerCoordinates"": {""x"": 77.3, ""y"": 85.9}, ""passEndCoordinates"": {""x"": 94.8, ""y"": 66.1}, ""eventActionType"": ""ball-carry"", ""isHome"": true}",,
2087085,Yan Diomande,14062218,rating-breakdown,ball-carries,ball-carries,,,,RB Leipzig,89.0,,75.2,96.1,79,96.8,,,,unresolvable,,,,False,False,,rating-breakdown,True,75.2,96.1,79,96.8,ball-carry,True,,"{""playerCoordinates"": {""x"": 75.2, ""y"": 96.1}, ""passEndCoordinates"": {""x"": 79, ""y"": 96.8}, ""eventActionType"": ""ball-carry"", ""isHome"": true}",,
2087085,Yan Diomande,14062218,rating-breakdown,ball-carries,ball-carries,,,,RB Leipzig,89.0,,77.4,88.8,97.9,76.3,,,,unresolvable,,,,False,False,,rating-breakdown,True,77.4,88.8,97.9,76.3,ball-carry,True,,"{""playerCoordinates"": {""x"": 77.4, ""y"": 88.8}, ""passEndCoordinates"": {""x"": 97.9, ""y"": 76.3}, ""eventActionType"": ""ball-carry"", ""isHome"": true}",,
2087085,Yan Diomande,14062218,rating-breakdown,ball-carries,ball-carries,,,,RB Leipzig,89.0,,68.1,61.3,70.2,83.5,,,,unresolvable,,,,False,False,,rating-breakdown,True,68.1,61.3,70.2,83.5,ball-carry,True,,"{""playerCoordinates"": {""x"": 68.1, ""y"": 61.3}, ""passEndCoordinates"": {""x"": 70.2, ""y"": 83.5}, ""eventActionType"": ""ball-carry"", ""isHome"": true}",,
2087085,Yan Diomande,14062218,rating-breakdown,ball-carries,ball-carries,,,,RB Leipzig,89.0,,70.2,83.5,86.2,82.7,,,,unresolvable,,,,False,False,,rating-breakdown,True,70.2,83.5,86.2,82.7,ball-carry,True,,"{""playerCoordinates"": {""x"": 70.2, ""y"": 83.5}, ""passEndCoordinates"": {""x"": 86.2, ""y"": 82.7}, ""eventActionType"": ""ball-carry"", ""isHome"": true}",,
2087085,Yan Diomande,14062218,rating-breakdown,ball-carries,ball-carries,,,,RB Leipzig,89.0,,74.8,67.3,83,62.6,,,,unresolvable,,,,False,False,,rating-breakdown,True,74.8,67.3,83,62.6,ball-carry,True,,"{""playerCoordinates"": {""x"": 74.8, ""y"": 67.3}, ""passEndCoordinates"": {""x"": 83, ""y"": 62.6}, ""eventActionType"": ""ball-carry"", ""isHome"": true}",,
2087085,Yan Diomande,14062218,rating-breakdown,ball-carries,ball-carries,,,,RB Leipzig,89.0,,41.2,74.7,43.9,72.6,,,,unresolvable,,,,False,False,,rating-breakdown,True,41.2,74.7,43.9,72.6,ball-carry,True,,"{""playerCoordinates"": {""x"": 41.2, ""y"": 74.7}, ""passEndCoordinates"": {""x"": 43.9, ""y"": 72.6}, ""eventActionType"": ""ball-carry"", ""isHome"": true}",,
2087085,Yan Diomande,14062218,rating-breakdown,ball-carries,ball-carries,,,,RB Leipzig,89.0,,84.6,75,85.6,63.2,,,,unresolvable,,,,False,False,,rating-breakdown,True,84.6,75,85.6,63.2,ball-carry,True,,"{""playerCoordinates"": {""x"": 84.6, ""y"": 75}, ""passEndCoordinates"": {""x"": 85.6, ""y"": 63.2}, ""eventActionType"": ""ball-carry"", ""isHome"": true}",,
2087085,Yan Diomande,14062218,rating-breakdown,ball-carries,ball-carries,,,,RB Leipzig,89.0,,60.6,96.7,55.2,89,,,,unresolvable,,,,False,False,,rating-breakdown,True,60.6,96.7,55.2,89,ball-carry,True,,"{""playerCoordinates"": {""x"": 60.6, ""y"": 96.7}, ""passEndCoordinates"": {""x"": 55.2, ""y"": 89}, ""eventActionType"": ""ball-carry"", ""isHome"": true}",,
2087085,Yan Diomande,14062218,rating-breakdown,ball-carries,ball-carries,,,,RB Leipzig,89.0,,89.1,90.8,87.9,86.2,,,,unresolvable,,,,False,False,,rating-breakdown,True,89.1,90.8,87.9,86.2,ball-carry,True,,"{""playerCoordinates"": {""x"": 89.1, ""y"": 90.8}, ""passEndCoordinates"": {""x"": 87.9, ""y"": 86.2}, ""eventActionType"": ""ball-carry"", ""isHome"": true}",,
2087085,Yan Diomande,14062218,rating-breakdown,ball-carries,ball-carries,,,,RB Leipzig,89.0,,91.4,74.6,97.9,67.7,,,,unresolvable,,,,False,False,,rating-breakdown,True,91.4,74.6,97.9,67.7,ball-carry,True,,"{""playerCoordinates"": {""x"": 91.4, ""y"": 74.6}, ""passEndCoordinates"": {""x"": 97.9, ""y"": 67.7}, ""eventActionType"": ""ball-carry"", ""isHome"": true}",,
2087085,Yan Diomande,14062218,rating-breakdown,ball-carries,ball-carries,,,,RB Leipzig,89.0,,55.7,95.2,52.1,95.4,,,,unresolvable,,,,False,False,,rating-breakdown,True,55.7,95.2,52.1,95.4,ball-carry,True,,"{""playerCoordinates"": {""x"": 55.7, ""y"": 95.2}, ""passEndCoordinates"": {""x"": 52.1, ""y"": 95.4}, ""eventActionType"": ""ball-carry"", ""isHome"": true}",,
2087085,Yan Diomande,14062218,rating-breakdown,ball-carries,ball-carries,,,,RB Leipzig,89.0,,88.2,94.9,96.1,73.3,,,,unresolvable,,,,False,False,,rating-breakdown,True,88.2,94.9,96.1,73.3,ball-carry,True,,"{""playerCoordinates"": {""x"": 88.2, ""y"": 94.9}, ""passEndCoordinates"": {""x"": 96.1, ""y"": 73.3}, ""eventActionType"": ""ball-carry"", ""isHome"": true}",,
2087085,Yan Diomande,14062218,rating-breakdown,ball-carries,ball-carries,,,,RB Leipzig,89.0,,64.1,97,60.8,96.7,,,,unresolvable,,,,False,False,,rating-breakdown,True,64.1,97,60.8,96.7,ball-carry,True,,"{""playerCoordinates"": {""x"": 64.1, ""y"": 97}, ""passEndCoordinates"": {""x"": 60.8, ""y"": 96.7}, ""eventActionType"": ""ball-carry"", ""isHome"": true}",,
2087085,Yan Diomande,14062218,rating-breakdown,ball-carries,ball-carries,,,,RB Leipzig,89.0,,70.2,5.1,86.9,55,,,,unresolvable,,,,False,False,,rating-breakdown,True,70.2,5.1,86.9,55,ball-carry,True,,"{""playerCoordinates"": {""x"": 70.2, ""y"": 5.1}, ""passEndCoordinates"": {""x"": 86.9, ""y"": 55}, ""eventActionType"": ""ball-carry"", ""isHome"": true}",,
2087085,Yan Diomande,14062218,rating-breakdown,ball-carries,ball-carries,,,,RB Leipzig,89.0,,76.6,23.3,79.6,25.3,,,,unresolvable,,,,False,False,,rating-breakdown,True,76.6,23.3,79.6,25.3,ball-carry,True,,"{""playerCoordinates"": {""x"": 76.6, ""y"": 23.3}, ""passEndCoordinates"": {""x"": 79.6, ""y"": 25.3}, ""eventActionType"": ""ball-carry"", ""isHome"": true}",,
2087085,Yan Diomande,14062218,rating-breakdown,ball-carries,ball-carries,,,,RB Leipzig,89.0,,59.2,5.4,55.6,7.7,,,,unresolvable,,,,False,False,,rating-breakdown,True,59.2,5.4,55.6,7.7,ball-carry,True,,"{""playerCoordinates"": {""x"": 59.2, ""y"": 5.4}, ""passEndCoordinates"": {""x"": 55.6, ""y"": 7.7}, ""eventActionType"": ""ball-carry"", ""isHome"": true}",,
2087085,Yan Diomande,14062218,rating-breakdown,ball-carries,ball-carries,,,,RB Leipzig,89.0,,39.6,9.2,87.2,30.4,,,,unresolvable,,,,False,False,,rating-breakdown,True,39.6,9.2,87.2,30.4,ball-carry,True,,"{""playerCoordinates"": {""x"": 39.6, ""y"": 9.2}, ""passEndCoordinates"": {""x"": 87.2, ""y"": 30.4}, ""eventActionType"": ""ball-carry"", ""isHome"": true}",,
2087085,Yan Diomande,14062218,rating-breakdown,ball-carries,ball-carries,,,,RB Leipzig,89.0,,41.1,4.7,30.2,15.4,,,,unresolvable,,,,False,False,,rating-breakdown,True,41.1,4.7,30.2,15.4,ball-carry,True,,"{""playerCoordinates"": {""x"": 41.1, ""y"": 4.7}, ""passEndCoordinates"": {""x"": 30.2, ""y"": 15.4}, ""eventActionType"": ""ball-carry"", ""isHome"": true}",,
2087085,Yan Diomande,14062218,rating-breakdown,dribbles,dribbles,,,,RB Leipzig,89.0,,64.2,95.8,,,True,True,1,boolean_field,success,,True,False,False,,rating-breakdown,True,64.2,95.8,,,dribble,True,False,"{""playerCoordinates"": {""x"": 64.2, ""y"": 95.8}, ""eventActionType"": ""dribble"", ""isHome"": true, ""outcome"": true, ""keypass"": false}",,
2087085,Yan Diomande,14062218,rating-breakdown,dribbles,dribbles,,,,RB Leipzig,89.0,,96.1,73.3,,,,,,unresolvable,,,,False,False,,rating-breakdown,True,96.1,73.3,,,dribble,True,False,"{""playerCoordinates"": {""x"": 96.1, ""y"": 73.3}, ""eventActionType"": ""dribble"", ""isHome"": true, ""keypass"": false}",,
2087085,Yan Diomande,14062218,rating-breakdown,dribbles,dribbles,,,,RB Leipzig,89.0,,81.1,49.4,,,True,True,1,boolean_field,success,,True,False,False,,rating-breakdown,True,81.1,49.4,,,dribble,True,False,"{""playerCoordinates"": {""x"": 81.1, ""y"": 49.4}, ""eventActionType"": ""dribble"", ""isHome"": true, ""outcome"": true, ""keypass"": false}",,
2087085,Yan Diomande,14062218,rating-breakdown,dribbles,dribbles,,,,RB Leipzig,89.0,,33.3,14.1,,,True,True,1,boolean_field,success,,True,False,False,,rating-breakdown,True,33.3,14.1,,,dribble,True,False,"{""playerCoordinates"": {""x"": 33.3, ""y"": 14.1}, ""eventActionType"": ""dribble"", ""isHome"": true, ""outcome"": true, ""keypass"": false}",,
2087085,Yan Diomande,14062218,rating-breakdown,defensive,defensive,,,,RB Leipzig,89.0,,30.1,82.4,,,,,,unresolvable,,,,False,False,,rating-breakdown,True,30.1,82.4,,,tackle,True,False,"{""playerCoordinates"": {""x"": 30.1, ""y"": 82.4}, ""eventActionType"": ""tackle"", ""isHome"": true, ""keypass"": false}",,
2087085,Yan Diomande,14062218,rating-breakdown,defensive,defensive,,,,RB Leipzig,89.0,,37,94.7,,,True,True,1,boolean_field,success,,True,False,False,,rating-breakdown,True,37,94.7,,,ball-recovery,True,False,"{""playerCoordinates"": {""x"": 37, ""y"": 94.7}, ""eventActionType"": ""ball-recovery"", ""isHome"": true, ""outcome"": true, ""keypass"": false}",,
2087085,Yan Diomande,14062218,rating-breakdown,defensive,defensive,,,,RB Leipzig,89.0,,70.2,83.5,,,True,True,1,boolean_field,success,,True,False,False,,rating-breakdown,True,70.2,83.5,,,ball-recovery,True,False,"{""playerCoordinates"": {""x"": 70.2, ""y"": 83.5}, ""eventActionType"": ""ball-recovery"", ""isHome"": true, ""outcome"": true, ""keypass"": false}",,
2087085,Yan Diomande,14062218,rating-breakdown,defensive,defensive,,,,RB Leipzig,89.0,,7.9,91.1,,,True,True,1,boolean_field,success,,True,False,False,,rating-breakdown,True,7.9,91.1,,,ball-recovery,True,False,"{""playerCoordinates"": {""x"": 7.9, ""y"": 91.1}, ""eventActionType"": ""ball-recovery"", ""isHome"": true, ""outcome"": true, ""keypass"": false}",,
2087085,Yan Diomande,14062218,rating-breakdown,defensive,defensive,,,,RB Leipzig,89.0,,89.1,90.8,,,True,True,1,boolean_field,success,,True,False,False,,rating-breakdown,True,89.1,90.8,,,ball-recovery,True,False,"{""playerCoordinates"": {""x"": 89.1, ""y"": 90.8}, ""eventActionType"": ""ball-recovery"", ""isHome"": true, ""outcome"": true, ""keypass"": false}",,
2087085,Yan Diomande,14062218,rating-breakdown,defensive,defensive,,,,RB Leipzig,89.0,,69.3,81.5,,,True,True,1,boolean_field,success,,True,False,False,,rating-breakdown,True,69.3,81.5,,,ball-recovery,True,False,"{""playerCoordinates"": {""x"": 69.3, ""y"": 81.5}, ""eventActionType"": ""ball-recovery"", ""isHome"": true, ""outcome"": true, ""keypass"": false}",,
2087085,Yan Diomande,14062218,rating-breakdown,defensive,defensive,,,,RB Leipzig,89.0,,29.4,2.9,,,True,True,1,boolean_field,success,,True,False,False,,rating-breakdown,True,29.4,2.9,,,ball-recovery,True,False,"{""playerCoordinates"": {""x"": 29.4, ""y"": 2.9}, ""eventActionType"": ""ball-recovery"", ""isHome"": true, ""outcome"": true, ""keypass"": false}",,
2087085,Yan Diomande,14062218,rating-breakdown,defensive,defensive,,,,RB Leipzig,89.0,,41.1,4.7,,,True,True,1,boolean_field,success,,True,False,False,,rating-breakdown,True,41.1,4.7,,,ball-recovery,True,False,"{""playerCoordinates"": {""x"": 41.1, ""y"": 4.7}, ""eventActionType"": ""ball-recovery"", ""isHome"": true, ""outcome"": true, ""keypass"": false}",,
2087085,Yan Diomande,14062218,rating-breakdown,defensive,defensive,,,,RB Leipzig,89.0,,51.6,12.1,,,True,True,1,boolean_field,success,,True,False,False,,rating-breakdown,True,51.6,12.1,,,interception,True,False,"{""playerCoordinates"": {""x"": 51.6, ""y"": 12.1}, ""eventActionType"": ""interception"", ""isHome"": true, ""outcome"": true, ""keypass"": false}",,
2087085,Yan Diomande,14062229,rating-breakdown,passes,passes,,,,RB Leipzig,89.0,,72,47.2,63,54.6,True,True,1,boolean_field,success,True,,False,False,pass,rating-breakdown,True,72,47.2,63,54.6,pass,False,False,"{""playerCoordinates"": {""x"": 72, ""y"": 47.2}, ""passEndCoordinates"": {""x"": 63, ""y"": 54.6}, ""eventActionType"": ""pass"", ""isHome"": false, ""outcome"": true, ""keypass"": false}",,
2087085,Yan Diomande,14062229,rating-breakdown,passes,passes,,,,RB Leipzig,89.0,,73.6,7.9,71.8,19.9,True,True,1,boolean_field,success,True,,False,False,pass,rating-breakdown,True,73.6,7.9,71.8,19.9,pass,False,False,"{""playerCoordinates"": {""x"": 73.6, ""y"": 7.9}, ""passEndCoordinates"": {""x"": 71.8, ""y"": 19.9}, ""eventActionType"": ""pass"", ""isHome"": false, ""outcome"": true, ""keypass"": false}",,
2087085,Yan Diomande,14062229,rating-breakdown,passes,passes,,,,RB Leipzig,89.0,,70.1,10.4,69.5,19.1,True,True,1,boolean_field,success,True,,False,False,pass,rating-breakdown,True,70.1,10.4,69.5,19.1,pass,False,False,"{""playerCoordinates"": {""x"": 70.1, ""y"": 10.4}, ""passEndCoordinates"": {""x"": 69.5, ""y"": 19.1}, ""eventActionType"": ""pass"", ""isHome"": false, ""outcome"": true, ""keypass"": false}",,
2087085,Yan Diomande,14062229,rating-breakdown,passes,passes,,,,RB Leipzig,89.0,,69.4,21.2,72.3,29.3,True,True,1,boolean_field,success,True,,False,False,pass,rating-breakdown,True,69.4,21.2,72.3,29.3,pass,False,False,"{""playerCoordinates"": {""x"": 69.4, ""y"": 21.2}, ""passEndCoordinates"": {""x"": 72.3, ""y"": 29.3}, ""eventActionType"": ""pass"", ""isHome"": false, ""outcome"": true, ""keypass"": false}",,
2087085,Yan Diomande,14062229,rating-breakdown,passes,passes,,,,RB Leipzig,89.0,,50.7,48.8,67.2,49,True,True,1,boolean_field,success,True,,False,False,pass,rating-breakdown,True,50.7,48.8,67.2,49,pass,False,False,"{""playerCoordinates"": {""x"": 50.7, ""y"": 48.8}, ""passEndCoordinates"": {""x"": 67.2, ""y"": 49}, ""eventActionType"": ""pass"", ""isHome"": false, ""outcome"": true, ""keypass"": false}",,
2087085,Yan Diomande,14062229,rating-breakdown,passes,passes,,,,RB Leipzig,89.0,,65.7,21.1,62.8,72.9,True,True,1,boolean_field,success,True,,False,False,pass,rating-breakdown,True,65.7,21.1,62.8,72.9,pass,False,False,"{""playerCoordinates"": {""x"": 65.7, ""y"": 21.1}, ""passEndCoordinates"": {""x"": 62.8, ""y"": 72.9}, ""eventActionType"": ""pass"", ""isHome"": false, ""outcome"": true, ""keypass"": false, ""isLongBall"": true}",True,
2087085,Yan Diomande,14062229,rating-breakdown,passes,passes,,,,RB Leipzig,89.0,,74.7,9.4,92.9,11.8,True,True,1,boolean_field,success,True,,False,False,pass,rating-breakdown,True,74.7,9.4,92.9,11.8,pass,False,False,"{""playerCoordinates"": {""x"": 74.7, ""y"": 9.4}, ""passEndCoordinates"": {""x"": 92.9, ""y"": 11.8}, ""eventActionType"": ""pass"", ""isHome"": false, ""outcome"": true, ""keypass"": false}",,
2087085,Yan Diomande,14062229,rating-breakdown,passes,passes,,,,RB Leipzig,89.0,,57.7,6.4,45.8,36.8,True,True,1,boolean_field,success,True,,False,False,pass,rating-breakdown,True,57.7,6.4,45.8,36.8,pass,False,False,"{""playerCoordinates"": {""x"": 57.7, ""y"": 6.4}, ""passEndCoordinates"": {""x"": 45.8, ""y"": 36.8}, ""eventActionType"": ""pass"", ""isHome"": false, ""outcome"": true, ""keypass"": false}",,
2087085,Yan Diomande,14062229,rating-breakdown,passes,passes,,,,RB Leipzig,89.0,,64.1,13.1,83.5,9.1,True,True,1,boolean_field,success,True,,False,False,pass,rating-breakdown,True,64.1,13.1,83.5,9.1,pass,False,False,"{""playerCoordinates"": {""x"": 64.1, ""y"": 13.1}, ""passEndCoordinates"": {""x"": 83.5, ""y"": 9.1}, ""eventActionType"": ""pass"", ""isHome"": false, ""outcome"": true, ""keypass"": false}",,
2087085,Yan Diomande,14062229,rating-breakdown,passes,passes,,,,RB Leipzig,89.0,,60.1,4.3,55.8,16.1,True,True,1,boolean_field,success,True,,False,False,pass,rating-breakdown,True,60.1,4.3,55.8,16.1,pass,False,False,"{""playerCoordinates"": {""x"": 60.1, ""y"": 4.3}, ""passEndCoordinates"": {""x"": 55.8, ""y"": 16.1}, ""eventActionType"": ""pass"", ""isHome"": false, ""outcome"": true, ""keypass"": false}",,
2087085,Yan Diomande,14062229,rating-breakdown,passes,passes,,,,RB Leipzig,89.0,,68.7,19.3,65.2,32.9,True,True,1,boolean_field,success,True,,False,False,pass,rating-breakdown,True,68.7,19.3,65.2,32.9,pass,False,False,"{""playerCoordinates"": {""x"": 68.7, ""y"": 19.3}, ""passEndCoordinates"": {""x"": 65.2, ""y"": 32.9}, ""eventActionType"": ""pass"", ""isHome"": false, ""outcome"": true, ""keypass"": false}",,
2087085,Yan Diomande,14062229,rating-breakdown,passes,passes,,,,RB Leipzig,89.0,,83,8.3,86.8,24.1,True,True,1,boolean_field,success,True,,False,False,pass,rating-breakdown,True,83,8.3,86.8,24.1,pass,False,False,"{""playerCoordinates"": {""x"": 83, ""y"": 8.3}, ""passEndCoordinates"": {""x"": 86.8, ""y"": 24.1}, ""eventActionType"": ""pass"", ""isHome"": false, ""outcome"": true, ""keypass"": false}",,
2087085,Yan Diomande,14062229,rating-breakdown,passes,passes,,,,RB Leipzig,89.0,,63,5.8,54.7,15.5,True,True,1,boolean_field,success,True,,False,False,pass,rating-breakdown,True,63,5.8,54.7,15.5,pass,False,False,"{""playerCoordinates"": {""x"": 63, ""y"": 5.8}, ""passEndCoordinates"": {""x"": 54.7, ""y"": 15.5}, ""eventActionType"": ""pass"", ""isHome"": false, ""outcome"": true, ""keypass"": false}",,
2087085,Yan Diomande,14062229,rating-breakdown,passes,passes,,,,RB Leipzig,89.0,,67.3,7.7,81.8,14.6,True,True,1,boolean_field,success,True,,False,False,pass,rating-breakdown,True,67.3,7.7,81.8,14.6,pass,False,False,"{""playerCoordinates"": {""x"": 67.3, ""y"": 7.7}, ""passEndCoordinates"": {""x"": 81.8, ""y"": 14.6}, ""eventActionType"": ""pass"", ""isHome"": false, ""outcome"": true, ""keypass"": false}",,
2087085,Yan Diomande,14062229,rating-breakdown,passes,passes,,,,RB Leipzig,89.0,,32.9,38.3,32.2,54.5,True,True,1,boolean_field,success,True,,False,False,pass,rating-breakdown,True,32.9,38.3,32.2,54.5,pass,False,False,"{""playerCoordinates"": {""x"": 32.9, ""y"": 38.3}, ""passEndCoordinates"": {""x"": 32.2, ""y"": 54.5}, ""eventActionType"": ""pass"", ""isHome"": false, ""outcome"": true, ""keypass"": false}",,
2087085,Yan Diomande,14062229,rating-breakdown,passes,passes,,,,RB Leipzig,89.0,,65.5,4,64.4,4.1,,,,unresolvable,,,,False,False,pass,rating-breakdown,True,65.5,4,64.4,4.1,pass,False,False,"{""playerCoordinates"": {""x"": 65.5, ""y"": 4}, ""passEndCoordinates"": {""x"": 64.4, ""y"": 4.1}, ""eventActionType"": ""pass"", ""isHome"": false, ""keypass"": false}",,
2087085,Yan Diomande,14062229,rating-breakdown,passes,passes,,,,RB Leipzig,89.0,,38,47,46,58.1,True,True,1,boolean_field,success,True,,False,False,pass,rating-breakdown,True,38,47,46,58.1,pass,False,False,"{""playerCoordinates"": {""x"": 38, ""y"": 47}, ""passEndCoordinates"": {""x"": 46, ""y"": 58.1}, ""eventActionType"": ""pass"", ""isHome"": false, ""outcome"": true, ""keypass"": false}",,
2087085,Yan Diomande,14062229,rating-breakdown,passes,passes,,,,RB Leipzig,89.0,,93.5,17,91.5,45.6,True,True,1,boolean_field,success,True,,False,True,key_pass,rating-breakdown,True,93.5,17,91.5,45.6,cross,False,True,"{""playerCoordinates"": {""x"": 93.5, ""y"": 17}, ""passEndCoordinates"": {""x"": 91.5, ""y"": 45.6}, ""eventActionType"": ""cross"", ""isHome"": false, ""outcome"": true, ""keypass"": true}",,
2087085,Yan Diomande,14062229,rating-breakdown,passes,passes,,,,RB Leipzig,89.0,,95.1,25.7,86.4,44,,,,unresolvable,,,,False,False,pass,rating-breakdown,True,95.1,25.7,86.4,44,pass,False,False,"{""playerCoordinates"": {""x"": 95.1, ""y"": 25.7}, ""passEndCoordinates"": {""x"": 86.4, ""y"": 44}, ""eventActionType"": ""pass"", ""isHome"": false, ""keypass"": false}",,
2087085,Yan Diomande,14062229,rating-breakdown,passes,passes,,,,RB Leipzig,89.0,,78.4,7.6,79.2,15.1,True,True,1,boolean_field,success,True,,False,False,pass,rating-breakdown,True,78.4,7.6,79.2,15.1,pass,False,False,"{""playerCoordinates"": {""x"": 78.4, ""y"": 7.6}, ""passEndCoordinates"": {""x"": 79.2, ""y"": 15.1}, ""eventActionType"": ""pass"", ""isHome"": false, ""outcome"": true, ""keypass"": false}",,
2087085,Yan Diomande,14062229,rating-breakdown,passes,passes,,,,RB Leipzig,89.0,,93.6,16.3,89.7,35.8,True,True,1,boolean_field,success,True,,False,False,pass,rating-breakdown,True,93.6,16.3,89.7,35.8,pass,False,False,"{""playerCoordinates"": {""x"": 93.6, ""y"": 16.3}, ""passEndCoordinates"": {""x"": 89.7, ""y"": 35.8}, ""eventActionType"": ""pass"", ""isHome"": false, ""outcome"": true, ""keypass"": false}",,
2087085,Yan Diomande,14062229,rating-breakdown,passes,passes,,,,RB Leipzig,89.0,,68.5,6.4,71.4,6.4,,,,unresolvable,,,,False,False,pass,rating-breakdown,True,68.5,6.4,71.4,6.4,pass,False,False,"{""playerCoordinates"": {""x"": 68.5, ""y"": 6.4}, ""passEndCoordinates"": {""x"": 71.4, ""y"": 6.4}, ""eventActionType"": ""pass"", ""isHome"": false, ""keypass"": false}",,
2087085,Yan Diomande,14062229,rating-breakdown,passes,passes,,,,RB Leipzig,89.0,,67.1,9.4,59.1,30.8,True,True,1,boolean_field,success,True,,False,False,pass,rating-breakdown,True,67.1,9.4,59.1,30.8,pass,False,False,"{""playerCoordinates"": {""x"": 67.1, ""y"": 9.4}, ""passEndCoordinates"": {""x"": 59.1, ""y"": 30.8}, ""eventActionType"": ""pass"", ""isHome"": false, ""outcome"": true, ""keypass"": false}",,
2087085,Yan Diomande,14062229,rating-breakdown,passes,passes,,,,RB Leipzig,89.0,,70.9,26,74.4,43.1,True,True,1,boolean_field,success,True,,False,False,pass,rating-breakdown,True,70.9,26,74.4,43.1,pass,False,False,"{""playerCoordinates"": {""x"": 70.9, ""y"": 26}, ""passEndCoordinates"": {""x"": 74.4, ""y"": 43.1}, ""eventActionType"": ""pass"", ""isHome"": false, ""outcome"": true, ""keypass"": false}",,
2087085,Yan Diomande,14062229,rating-breakdown,passes,passes,,,,RB Leipzig,89.0,,36.6,60.2,32.4,65.9,True,True,1,boolean_field,success,True,,False,False,pass,rating-breakdown,True,36.6,60.2,32.4,65.9,pass,False,False,"{""playerCoordinates"": {""x"": 36.6, ""y"": 60.2}, ""passEndCoordinates"": {""x"": 32.4, ""y"": 65.9}, ""eventActionType"": ""pass"", ""isHome"": false, ""outcome"": true, ""keypass"": false}",,
2087085,Yan Diomande,14062229,rating-breakdown,passes,passes,,,,RB Leipzig,89.0,,68.8,28,57.9,56.9,True,True,1,boolean_field,success,True,,False,False,pass,rating-breakdown,True,68.8,28,57.9,56.9,pass,False,False,"{""playerCoordinates"": {""x"": 68.8, ""y"": 28}, ""passEndCoordinates"": {""x"": 57.9, ""y"": 56.9}, ""eventActionType"": ""pass"", ""isHome"": false, ""outcome"": true, ""keypass"": false}",,
2087085,Yan Diomande,14062229,rating-breakdown,passes,passes,,,,RB Leipzig,89.0,,61.4,38.3,70,37.9,True,True,1,boolean_field,success,True,,False,False,pass,rating-breakdown,True,61.4,38.3,70,37.9,pass,False,False,"{""playerCoordinates"": {""x"": 61.4, ""y"": 38.3}, ""passEndCoordinates"": {""x"": 70, ""y"": 37.9}, ""eventActionType"": ""pass"", ""isHome"": false, ""outcome"": true, ""keypass"": false}",,
2087085,Yan Diomande,14062229,rating-breakdown,passes,passes,,,,RB Leipzig,89.0,,78.5,34.2,80.9,38,,,,unresolvable,,,,False,False,pass,rating-breakdown,True,78.5,34.2,80.9,38,pass,False,False,"{""playerCoordinates"": {""x"": 78.5, ""y"": 34.2}, ""passEndCoordinates"": {""x"": 80.9, ""y"": 38}, ""eventActionType"": ""pass"", ""isHome"": false, ""keypass"": false}",,
2087085,Yan Diomande,14062229,rating-breakdown,passes,passes,,,,RB Leipzig,89.0,,67.8,28.1,82,22.9,True,True,1,boolean_field,success,True,,False,False,pass,rating-breakdown,True,67.8,28.1,82,22.9,pass,False,False,"{""playerCoordinates"": {""x"": 67.8, ""y"": 28.1}, ""passEndCoordinates"": {""x"": 82, ""y"": 22.9}, ""eventActionType"": ""pass"", ""isHome"": false, ""outcome"": true, ""keypass"": false}",,
2087085,Yan Diomande,14062229,rating-breakdown,passes,passes,,,,RB Leipzig,89.0,,77.2,6.8,72.1,23.9,True,True,1,boolean_field,success,True,,False,False,pass,rating-breakdown,True,77.2,6.8,72.1,23.9,pass,False,False,"{""playerCoordinates"": {""x"": 77.2, ""y"": 6.8}, ""passEndCoordinates"": {""x"": 72.1, ""y"": 23.9}, ""eventActionType"": ""pass"", ""isHome"": false, ""outcome"": true, ""keypass"": false}",,
2087085,Yan Diomande,14062229,rating-breakdown,passes,passes,,,,RB Leipzig,89.0,,68.1,8.2,56.2,45.5,True,True,1,boolean_field,success,True,,False,False,pass,rating-breakdown,True,68.1,8.2,56.2,45.5,pass,False,False,"{""playerCoordinates"": {""x"": 68.1, ""y"": 8.2}, ""passEndCoordinates"": {""x"": 56.2, ""y"": 45.5}, ""eventActionType"": ""pass"", ""isHome"": false, ""outcome"": true, ""keypass"": false}",,
2087085,Yan Diomande,14062229,rating-breakdown,passes,passes,,,,RB Leipzig,89.0,,62.9,7.1,41.3,14.9,True,True,1,boolean_field,success,True,,False,False,pass,rating-breakdown,True,62.9,7.1,41.3,14.9,pass,False,False,"{""playerCoordinates"": {""x"": 62.9, ""y"": 7.1}, ""passEndCoordinates"": {""x"": 41.3, ""y"": 14.9}, ""eventActionType"": ""pass"", ""isHome"": false, ""outcome"": true, ""keypass"": false}",,
2087085,Yan Diomande,14062229,rating-breakdown,passes,passes,,,,RB Leipzig,89.0,,75,46.3,81.8,86.3,True,True,1,boolean_field,success,True,,False,False,pass,rating-breakdown,True,75,46.3,81.8,86.3,pass,False,False,"{""playerCoordinates"": {""x"": 75, ""y"": 46.3}, ""passEndCoordinates"": {""x"": 81.8, ""y"": 86.3}, ""eventActionType"": ""pass"", ""isHome"": false, ""outcome"": true, ""keypass"": false}",,
2087085,Yan Diomande,14062229,rating-breakdown,passes,passes,,,,RB Leipzig,89.0,,33.2,11,38.2,15.7,True,True,1,boolean_field,success,True,,False,False,pass,rating-breakdown,True,33.2,11,38.2,15.7,pass,False,False,"{""playerCoordinates"": {""x"": 33.2, ""y"": 11}, ""passEndCoordinates"": {""x"": 38.2, ""y"": 15.7}, ""eventActionType"": ""pass"", ""isHome"": false, ""outcome"": true, ""keypass"": false}",,
2087085,Yan Diomande,14062229,rating-breakdown,passes,passes,,,,RB Leipzig,89.0,,37.3,18.5,42.1,39.2,True,True,1,boolean_field,success,True,,False,False,pass,rating-breakdown,True,37.3,18.5,42.1,39.2,pass,False,False,"{""playerCoordinates"": {""x"": 37.3, ""y"": 18.5}, ""passEndCoordinates"": {""x"": 42.1, ""y"": 39.2}, ""eventActionType"": ""pass"", ""isHome"": false, ""outcome"": true, ""keypass"": false}",,
2087085,Yan Diomande,14062229,rating-breakdown,passes,passes,,,,RB Leipzig,89.0,,51,17.2,57.6,21.2,True,True,1,boolean_field,success,True,,False,False,pass,rating-breakdown,True,51,17.2,57.6,21.2,pass,False,False,"{""playerCoordinates"": {""x"": 51, ""y"": 17.2}, ""passEndCoordinates"": {""x"": 57.6, ""y"": 21.2}, ""eventActionType"": ""pass"", ""isHome"": false, ""outcome"": true, ""keypass"": false}",,
2087085,Yan Diomande,14062229,rating-breakdown,passes,passes,,,,RB Leipzig,89.0,,78.3,4.1,92.2,20.5,True,True,1,boolean_field,success,True,,False,False,pass,rating-breakdown,True,78.3,4.1,92.2,20.5,pass,False,False,"{""playerCoordinates"": {""x"": 78.3, ""y"": 4.1}, ""passEndCoordinates"": {""x"": 92.2, ""y"": 20.5}, ""eventActionType"": ""pass"", ""isHome"": false, ""outcome"": true, ""keypass"": false}",,
2087085,Yan Diomande,14062229,rating-breakdown,passes,passes,,,,RB Leipzig,89.0,,96.3,29.8,91.8,42.7,True,True,1,boolean_field,success,True,,False,True,key_pass,rating-breakdown,True,96.3,29.8,91.8,42.7,pass,False,True,"{""playerCoordinates"": {""x"": 96.3, ""y"": 29.8}, ""passEndCoordinates"": {""x"": 91.8, ""y"": 42.7}, ""eventActionType"": ""pass"", ""isHome"": false, ""outcome"": true, ""keypass"": true}",,
2087085,Yan Diomande,14062229,rating-breakdown,passes,passes,,,,RB Leipzig,89.0,,57.7,3.2,57.8,18.7,True,True,1,boolean_field,success,True,,False,False,pass,rating-breakdown,True,57.7,3.2,57.8,18.7,pass,False,False,"{""playerCoordinates"": {""x"": 57.7, ""y"": 3.2}, ""passEndCoordinates"": {""x"": 57.8, ""y"": 18.7}, ""eventActionType"": ""pass"", ""isHome"": false, ""outcome"": true, ""keypass"": false}",,
2087085,Yan Diomande,14062229,rating-breakdown,passes,passes,,,,RB Leipzig,89.0,,25.2,84.3,17.8,86.3,True,True,1,boolean_field,success,True,,False,False,pass,rating-breakdown,True,25.2,84.3,17.8,86.3,pass,False,False,"{""playerCoordinates"": {""x"": 25.2, ""y"": 84.3}, ""passEndCoordinates"": {""x"": 17.8, ""y"": 86.3}, ""eventActionType"": ""pass"", ""isHome"": false, ""outcome"": true, ""keypass"": false}",,
2087085,Yan Diomande,14062229,rating-breakdown,passes,passes,,,,RB Leipzig,89.0,,55.1,16.7,39.1,11.9,True,True,1,boolean_field,success,True,,False,False,pass,rating-breakdown,True,55.1,16.7,39.1,11.9,pass,False,False,"{""playerCoordinates"": {""x"": 55.1, ""y"": 16.7}, ""passEndCoordinates"": {""x"": 39.1, ""y"": 11.9}, ""eventActionType"": ""pass"", ""isHome"": false, ""outcome"": true, ""keypass"": false}",,
2087085,Yan Diomande,14062229,rating-breakdown,passes,passes,,,,RB Leipzig,89.0,,68.9,7.9,62.5,5.3,True,True,1,boolean_field,success,True,,False,False,pass,rating-breakdown,True,68.9,7.9,62.5,5.3,pass,False,False,"{""playerCoordinates"": {""x"": 68.9, ""y"": 7.9}, ""passEndCoordinates"": {""x"": 62.5, ""y"": 5.3}, ""eventActionType"": ""pass"", ""isHome"": false, ""outcome"": true, ""keypass"": false}",,
2087085,Yan Diomande,14062229,rating-breakdown,ball-carries,ball-carries,,,,RB Leipzig,89.0,,47.1,47.6,50.7,48.8,,,,unresolvable,,,,False,False,,rating-breakdown,True,47.1,47.6,50.7,48.8,ball-carry,False,,"{""playerCoordinates"": {""x"": 47.1, ""y"": 47.6}, ""passEndCoordinates"": {""x"": 50.7, ""y"": 48.8}, ""eventActionType"": ""ball-carry"", ""isHome"": false}",,
2087085,Yan Diomande,14062229,rating-breakdown,ball-carries,ball-carries,,,,RB Leipzig,89.0,,79.9,5.8,69.4,32.5,,,,unresolvable,,,,False,False,,rating-breakdown,True,79.9,5.8,69.4,32.5,ball-carry,False,,"{""playerCoordinates"": {""x"": 79.9, ""y"": 5.8}, ""passEndCoordinates"": {""x"": 69.4, ""y"": 32.5}, ""eventActionType"": ""ball-carry"", ""isHome"": false}",,
2087085,Yan Diomande,14062229,rating-breakdown,ball-carries,ball-carries,,,,RB Leipzig,89.0,,79.8,10.4,83,8.3,,,,unresolvable,,,,False,False,,rating-breakdown,True,79.8,10.4,83,8.3,ball-carry,False,,"{""playerCoordinates"": {""x"": 79.8, ""y"": 10.4}, ""passEndCoordinates"": {""x"": 83, ""y"": 8.3}, ""eventActionType"": ""ball-carry"", ""isHome"": false}",,
2087085,Yan Diomande,14062229,rating-breakdown,ball-carries,ball-carries,,,,RB Leipzig,89.0,,31.8,15.4,29.3,22.4,,,,unresolvable,,,,False,False,,rating-breakdown,True,31.8,15.4,29.3,22.4,ball-carry,False,,"{""playerCoordinates"": {""x"": 31.8, ""y"": 15.4}, ""passEndCoordinates"": {""x"": 29.3, ""y"": 22.4}, ""eventActionType"": ""ball-carry"", ""isHome"": false}",,
2087085,Yan Diomande,14062229,rating-breakdown,ball-carries,ball-carries,,,,RB Leipzig,89.0,,27.2,38.6,38,47,,,,unresolvable,,,,False,False,,rating-breakdown,True,27.2,38.6,38,47,ball-carry,False,,"{""playerCoordinates"": {""x"": 27.2, ""y"": 38.6}, ""passEndCoordinates"": {""x"": 38, ""y"": 47}, ""eventActionType"": ""ball-carry"", ""isHome"": false}",,
2087085,Yan Diomande,14062229,rating-breakdown,ball-carries,ball-carries,,,,RB Leipzig,89.0,,51.5,11.8,45.1,10.6,,,,unresolvable,,,,False,False,,rating-breakdown,True,51.5,11.8,45.1,10.6,ball-carry,False,,"{""playerCoordinates"": {""x"": 51.5, ""y"": 11.8}, ""passEndCoordinates"": {""x"": 45.1, ""y"": 10.6}, ""eventActionType"": ""ball-carry"", ""isHome"": false}",,
2087085,Yan Diomande,14062229,rating-breakdown,ball-carries,ball-carries,,,,RB Leipzig,89.0,,65.6,10.9,93.5,17,,,,unresolvable,,,,False,False,,rating-breakdown,True,65.6,10.9,93.5,17,ball-carry,False,,"{""playerCoordinates"": {""x"": 65.6, ""y"": 10.9}, ""passEndCoordinates"": {""x"": 93.5, ""y"": 17}, ""eventActionType"": ""ball-carry"", ""isHome"": false}",,
2087085,Yan Diomande,14062229,rating-breakdown,ball-carries,ball-carries,,,,RB Leipzig,89.0,,87.6,10.1,93.6,16.3,,,,unresolvable,,,,False,False,,rating-breakdown,True,87.6,10.1,93.6,16.3,ball-carry,False,,"{""playerCoordinates"": {""x"": 87.6, ""y"": 10.1}, ""passEndCoordinates"": {""x"": 93.6, ""y"": 16.3}, ""eventActionType"": ""ball-carry"", ""isHome"": false}",,
2087085,Yan Diomande,14062229,rating-breakdown,ball-carries,ball-carries,,,,RB Leipzig,89.0,,71.1,10.6,67.1,9.4,,,,unresolvable,,,,False,False,,rating-breakdown,True,71.1,10.6,67.1,9.4,ball-carry,False,,"{""playerCoordinates"": {""x"": 71.1, ""y"": 10.6}, ""passEndCoordinates"": {""x"": 67.1, ""y"": 9.4}, ""eventActionType"": ""ball-carry"", ""isHome"": false}",,
2087085,Yan Diomande,14062229,rating-breakdown,ball-carries,ball-carries,,,,RB Leipzig,89.0,,66.6,9.8,70.9,26,,,,unresolvable,,,,False,False,,rating-breakdown,True,66.6,9.8,70.9,26,ball-carry,False,,"{""playerCoordinates"": {""x"": 66.6, ""y"": 9.8}, ""passEndCoordinates"": {""x"": 70.9, ""y"": 26}, ""eventActionType"": ""ball-carry"", ""isHome"": false}",,
2087085,Yan Diomande,14062229,rating-breakdown,ball-carries,ball-carries,,,,RB Leipzig,89.0,,63.4,16.9,68.8,28,,,,unresolvable,,,,False,False,,rating-breakdown,True,63.4,16.9,68.8,28,ball-carry,False,,"{""playerCoordinates"": {""x"": 63.4, ""y"": 16.9}, ""passEndCoordinates"": {""x"": 68.8, ""y"": 28}, ""eventActionType"": ""ball-carry"", ""isHome"": false}",,
2087085,Yan Diomande,14062229,rating-breakdown,ball-carries,ball-carries,,,,RB Leipzig,89.0,,69.2,4,62.9,7.1,,,,unresolvable,,,,False,False,,rating-breakdown,True,69.2,4,62.9,7.1,ball-carry,False,,"{""playerCoordinates"": {""x"": 69.2, ""y"": 4}, ""passEndCoordinates"": {""x"": 62.9, ""y"": 7.1}, ""eventActionType"": ""ball-carry"", ""isHome"": false}",,
2087085,Yan Diomande,14062229,rating-breakdown,ball-carries,ball-carries,,,,RB Leipzig,89.0,,31.3,11.9,37.3,15.5,,,,unresolvable,,,,False,False,,rating-breakdown,True,31.3,11.9,37.3,15.5,ball-carry,False,,"{""playerCoordinates"": {""x"": 31.3, ""y"": 11.9}, ""passEndCoordinates"": {""x"": 37.3, ""y"": 15.5}, ""eventActionType"": ""ball-carry"", ""isHome"": false}",,
2087085,Yan Diomande,14062229,rating-breakdown,ball-carries,ball-carries,,,,RB Leipzig,89.0,,63.8,13.6,66.1,7.6,,,,unresolvable,,,,False,False,,rating-breakdown,True,63.8,13.6,66.1,7.6,ball-carry,False,,"{""playerCoordinates"": {""x"": 63.8, ""y"": 13.6}, ""passEndCoordinates"": {""x"": 66.1, ""y"": 7.6}, ""eventActionType"": ""ball-carry"", ""isHome"": false}",,
2087085,Yan Diomande,14062229,rating-breakdown,ball-carries,ball-carries,,,,RB Leipzig,89.0,,71,4.9,55.1,16.7,,,,unresolvable,,,,False,False,,rating-breakdown,True,71,4.9,55.1,16.7,ball-carry,False,,"{""playerCoordinates"": {""x"": 71, ""y"": 4.9}, ""passEndCoordinates"": {""x"": 55.1, ""y"": 16.7}, ""eventActionType"": ""ball-carry"", ""isHome"": false}",,
2087085,Yan Diomande,14062229,rating-breakdown,dribbles,dribbles,,,,RB Leipzig,89.0,,69.4,32.5,,,,,,unresolvable,,,,False,False,,rating-breakdown,True,69.4,32.5,,,dribble,False,False,"{""playerCoordinates"": {""x"": 69.4, ""y"": 32.5}, ""eventActionType"": ""dribble"", ""isHome"": false, ""keypass"": false}",,
2087085,Yan Diomande,14062229,rating-breakdown,dribbles,dribbles,,,,RB Leipzig,89.0,,29.3,22.4,,,True,True,1,boolean_field,success,,True,False,False,,rating-breakdown,True,29.3,22.4,,,dribble,False,False,"{""playerCoordinates"": {""x"": 29.3, ""y"": 22.4}, ""eventActionType"": ""dribble"", ""isHome"": false, ""outcome"": true, ""keypass"": false}",,
2087085,Yan Diomande,14062229,rating-breakdown,dribbles,dribbles,,,,RB Leipzig,89.0,,86.4,47.6,,,True,True,1,boolean_field,success,,True,False,False,,rating-breakdown,True,86.4,47.6,,,dribble,False,False,"{""playerCoordinates"": {""x"": 86.4, ""y"": 47.6}, ""eventActionType"": ""dribble"", ""isHome"": false, ""outcome"": true, ""keypass"": false}",,
2087085,Yan Diomande,14062229,rating-breakdown,dribbles,dribbles,,,,RB Leipzig,89.0,,71.6,11.5,,,True,True,1,boolean_field,success,,True,False,False,,rating-breakdown,True,71.6,11.5,,,dribble,False,False,"{""playerCoordinates"": {""x"": 71.6, ""y"": 11.5}, ""eventActionType"": ""dribble"", ""isHome"": false, ""outcome"": true, ""keypass"": false}",,
2087085,Yan Diomande,14062229,rating-breakdown,dribbles,dribbles,,,,RB Leipzig,89.0,,95,27.1,,,True,True,1,boolean_field,success,,True,False,False,,rating-breakdown,True,95,27.1,,,dribble,False,False,"{""playerCoordinates"": {""x"": 95, ""y"": 27.1}, ""eventActionType"": ""dribble"", ""isHome"": false, ""outcome"": true, ""keypass"": false}",,
2087085,Yan Diomande,14062229,rating-breakdown,defensive,defensive,,,,RB Leipzig,89.0,,6.4,18.1,,,True,True,1,boolean_field,success,,True,False,False,,rating-breakdown,True,6.4,18.1,,,ball-recovery,False,False,"{""playerCoordinates"": {""x"": 6.4, ""y"": 18.1}, ""eventActionType"": ""ball-recovery"", ""isHome"": false, ""outcome"": true, ""keypass"": false}",,
2087085,Yan Diomande,14062229,rating-breakdown,defensive,defensive,,,,RB Leipzig,89.0,,47.1,47.6,,,True,True,1,boolean_field,success,,True,False,False,,rating-breakdown,True,47.1,47.6,,,ball-recovery,False,False,"{""playerCoordinates"": {""x"": 47.1, ""y"": 47.6}, ""eventActionType"": ""ball-recovery"", ""isHome"": false, ""outcome"": true, ""keypass"": false}",,
2087085,Yan Diomande,14062229,rating-breakdown,defensive,defensive,,,,RB Leipzig,89.0,,27.2,38.6,,,True,True,1,boolean_field,success,,True,False,False,,rating-breakdown,True,27.2,38.6,,,ball-recovery,False,False,"{""playerCoordinates"": {""x"": 27.2, ""y"": 38.6}, ""eventActionType"": ""ball-recovery"", ""isHome"": false, ""outcome"": true, ""keypass"": false}",,
2087085,Yan Diomande,14062229,rating-breakdown,defensive,defensive,,,,RB Leipzig,89.0,,66.6,9.8,,,True,True,1,boolean_field,success,,True,False,False,,rating-breakdown,True,66.6,9.8,,,ball-recovery,False,False,"{""playerCoordinates"": {""x"": 66.6, ""y"": 9.8}, ""eventActionType"": ""ball-recovery"", ""isHome"": false, ""outcome"": true, ""keypass"": false}",,
2087085,Yan Diomande,14062229,rating-breakdown,defensive,defensive,,,,RB Leipzig,89.0,,37.3,15.5,,,True,True,1,boolean_field,success,,True,False,False,,rating-breakdown,True,37.3,15.5,,,ball-recovery,False,False,"{""playerCoordinates"": {""x"": 37.3, ""y"": 15.5}, ""eventActionType"": ""ball-recovery"", ""isHome"": false, ""outcome"": true, ""keypass"": false}",,
2087085,Yan Diomande,14065180,rating-breakdown,passes,passes,,,,RB Leipzig,89.0,,56.3,96.7,24.6,57.1,True,True,1,boolean_field,success,True,,False,False,pass,rating-breakdown,True,56.3,96.7,24.6,57.1,pass,True,False,"{""playerCoordinates"": {""x"": 56.3, ""y"": 96.7}, ""passEndCoordinates"": {""x"": 24.6, ""y"": 57.1}, ""eventActionType"": ""pass"", ""isHome"": true, ""outcome"": true, ""keypass"": false, ""isLongBall"": true}",True,
2087085,Yan Diomande,14065180,rating-breakdown,passes,passes,,,,RB Leipzig,89.0,,86.9,3.9,97.6,47.8,,,,unresolvable,,,,False,False,pass,rating-breakdown,True,86.9,3.9,97.6,47.8,cross,True,False,"{""playerCoordinates"": {""x"": 86.9, ""y"": 3.9}, ""passEndCoordinates"": {""x"": 97.6, ""y"": 47.8}, ""eventActionType"": ""cross"", ""isHome"": true, ""keypass"": false}",,
2087085,Yan Diomande,14065180,rating-breakdown,passes,passes,,,,RB Leipzig,89.0,,62.5,3.3,66,2.1,True,True,1,boolean_field,success,True,,False,False,pass,rating-breakdown,True,62.5,3.3,66,2.1,pass,True,False,"{""playerCoordinates"": {""x"": 62.5, ""y"": 3.3}, ""passEndCoordinates"": {""x"": 66, ""y"": 2.1}, ""eventActionType"": ""pass"", ""isHome"": true, ""outcome"": true, ""keypass"": false}",,
2087085,Yan Diomande,14065180,rating-breakdown,passes,passes,,,,RB Leipzig,89.0,,73.1,30.1,78.8,48.9,True,True,1,boolean_field,success,True,,False,False,pass,rating-breakdown,True,73.1,30.1,78.8,48.9,pass,True,False,"{""playerCoordinates"": {""x"": 73.1, ""y"": 30.1}, ""passEndCoordinates"": {""x"": 78.8, ""y"": 48.9}, ""eventActionType"": ""pass"", ""isHome"": true, ""outcome"": true, ""keypass"": false}",,
2087085,Yan Diomande,14065180,rating-breakdown,passes,passes,,,,RB Leipzig,89.0,,67.2,5.5,69,2.8,True,True,1,boolean_field,success,True,,False,False,pass,rating-breakdown,True,67.2,5.5,69,2.8,pass,True,False,"{""playerCoordinates"": {""x"": 67.2, ""y"": 5.5}, ""passEndCoordinates"": {""x"": 69, ""y"": 2.8}, ""eventActionType"": ""pass"", ""isHome"": true, ""outcome"": true, ""keypass"": false}",,
2087085,Yan Diomande,14065180,rating-breakdown,passes,passes,,,,RB Leipzig,89.0,,70.4,2.8,71.1,3.4,,,,unresolvable,,,,False,False,pass,rating-breakdown,True,70.4,2.8,71.1,3.4,pass,True,False,"{""playerCoordinates"": {""x"": 70.4, ""y"": 2.8}, ""passEndCoordinates"": {""x"": 71.1, ""y"": 3.4}, ""eventActionType"": ""pass"", ""isHome"": true, ""keypass"": false}",,
2087085,Yan Diomande,14065180,rating-breakdown,passes,passes,,,,RB Leipzig,89.0,,60.5,9.1,61.9,35.2,True,True,1,boolean_field,success,True,,False,False,pass,rating-breakdown,True,60.5,9.1,61.9,35.2,pass,True,False,"{""playerCoordinates"": {""x"": 60.5, ""y"": 9.1}, ""passEndCoordinates"": {""x"": 61.9, ""y"": 35.2}, ""eventActionType"": ""pass"", ""isHome"": true, ""outcome"": true, ""keypass"": false}",,
2087085,Yan Diomande,14065180,rating-breakdown,passes,passes,,,,RB Leipzig,89.0,,63.8,6.1,68.5,10.3,True,True,1,boolean_field,success,True,,False,False,pass,rating-breakdown,True,63.8,6.1,68.5,10.3,pass,True,False,"{""playerCoordinates"": {""x"": 63.8, ""y"": 6.1}, ""passEndCoordinates"": {""x"": 68.5, ""y"": 10.3}, ""eventActionType"": ""pass"", ""isHome"": true, ""outcome"": true, ""keypass"": false}",,
2087085,Yan Diomande,14065180,rating-breakdown,passes,passes,,,,RB Leipzig,89.0,,65.9,3.6,75,20.7,True,True,1,boolean_field,success,True,,False,False,pass,rating-breakdown,True,65.9,3.6,75,20.7,pass,True,False,"{""playerCoordinates"": {""x"": 65.9, ""y"": 3.6}, ""passEndCoordinates"": {""x"": 75, ""y"": 20.7}, ""eventActionType"": ""pass"", ""isHome"": true, ""outcome"": true, ""keypass"": false}",,
2087085,Yan Diomande,14065180,rating-breakdown,passes,passes,,,,RB Leipzig,89.0,,84.2,4.8,77.4,4.3,True,True,1,boolean_field,success,True,,False,False,pass,rating-breakdown,True,84.2,4.8,77.4,4.3,pass,True,False,"{""playerCoordinates"": {""x"": 84.2, ""y"": 4.8}, ""passEndCoordinates"": {""x"": 77.4, ""y"": 4.3}, ""eventActionType"": ""pass"", ""isHome"": true, ""outcome"": true, ""keypass"": false}",,
2087085,Yan Diomande,14065180,rating-breakdown,passes,passes,,,,RB Leipzig,89.0,,79.1,23.5,87.6,24.4,True,True,1,boolean_field,success,True,,False,False,pass,rating-breakdown,True,79.1,23.5,87.6,24.4,pass,True,False,"{""playerCoordinates"": {""x"": 79.1, ""y"": 23.5}, ""passEndCoordinates"": {""x"": 87.6, ""y"": 24.4}, ""eventActionType"": ""pass"", ""isHome"": true, ""outcome"": true, ""keypass"": false}",,
2087085,Yan Diomande,14065180,rating-breakdown,passes,passes,,,,RB Leipzig,89.0,,74.5,3.4,75.6,9.9,True,True,1,boolean_field,success,True,,False,False,pass,rating-breakdown,True,74.5,3.4,75.6,9.9,pass,True,False,"{""playerCoordinates"": {""x"": 74.5, ""y"": 3.4}, ""passEndCoordinates"": {""x"": 75.6, ""y"": 9.9}, ""eventActionType"": ""pass"", ""isHome"": true, ""outcome"": true, ""keypass"": false}",,
2087085,Yan Diomande,14065180,rating-breakdown,passes,passes,,,,RB Leipzig,89.0,,86,21.7,90,29.8,,,,unresolvable,,,,False,False,pass,rating-breakdown,True,86,21.7,90,29.8,cross,True,False,"{""playerCoordinates"": {""x"": 86, ""y"": 21.7}, ""passEndCoordinates"": {""x"": 90, ""y"": 29.8}, ""eventActionType"": ""cross"", ""isHome"": true, ""keypass"": false}",,
2087085,Yan Diomande,14065180,rating-breakdown,passes,passes,,,,RB Leipzig,89.0,,77,18.3,69.5,34.9,True,True,1,boolean_field,success,True,,False,False,pass,rating-breakdown,True,77,18.3,69.5,34.9,pass,True,False,"{""playerCoordinates"": {""x"": 77, ""y"": 18.3}, ""passEndCoordinates"": {""x"": 69.5, ""y"": 34.9}, ""eventActionType"": ""pass"", ""isHome"": true, ""outcome"": true, ""keypass"": false}",,
2087085,Yan Diomande,14065180,rating-breakdown,passes,passes,,,,RB Leipzig,89.0,,81.1,43.9,82.2,43.9,,,,unresolvable,,,,False,False,pass,rating-breakdown,True,81.1,43.9,82.2,43.9,pass,True,False,"{""playerCoordinates"": {""x"": 81.1, ""y"": 43.9}, ""passEndCoordinates"": {""x"": 82.2, ""y"": 43.9}, ""eventActionType"": ""pass"", ""isHome"": true, ""keypass"": false}",,
2087085,Yan Diomande,14065180,rating-breakdown,passes,passes,,,,RB Leipzig,89.0,,60.4,30.4,52.1,55,True,True,1,boolean_field,success,True,,False,False,pass,rating-breakdown,True,60.4,30.4,52.1,55,pass,True,False,"{""playerCoordinates"": {""x"": 60.4, ""y"": 30.4}, ""passEndCoordinates"": {""x"": 52.1, ""y"": 55}, ""eventActionType"": ""pass"", ""isHome"": true, ""outcome"": true, ""keypass"": false}",,
2087085,Yan Diomande,14065180,rating-breakdown,passes,passes,,,,RB Leipzig,89.0,,81.7,0.4,75,2.4,True,True,1,boolean_field,success,True,,False,False,pass,rating-breakdown,True,81.7,0.4,75,2.4,pass,True,False,"{""playerCoordinates"": {""x"": 81.7, ""y"": 0.4}, ""passEndCoordinates"": {""x"": 75, ""y"": 2.4}, ""eventActionType"": ""pass"", ""isHome"": true, ""outcome"": true, ""keypass"": false}",,
2087085,Yan Diomande,14065180,rating-breakdown,passes,passes,,,,RB Leipzig,89.0,,25.8,24.8,33.6,28.4,True,True,1,boolean_field,success,True,,False,False,pass,rating-breakdown,True,25.8,24.8,33.6,28.4,pass,True,False,"{""playerCoordinates"": {""x"": 25.8, ""y"": 24.8}, ""passEndCoordinates"": {""x"": 33.6, ""y"": 28.4}, ""eventActionType"": ""pass"", ""isHome"": true, ""outcome"": true, ""keypass"": false}",,
2087085,Yan Diomande,14065180,rating-breakdown,passes,passes,,,,RB Leipzig,89.0,,73.2,2.5,73.2,20.1,True,True,1,boolean_field,success,True,,False,False,pass,rating-breakdown,True,73.2,2.5,73.2,20.1,pass,True,False,"{""playerCoordinates"": {""x"": 73.2, ""y"": 2.5}, ""passEndCoordinates"": {""x"": 73.2, ""y"": 20.1}, ""eventActionType"": ""pass"", ""isHome"": true, ""outcome"": true, ""keypass"": false}",,
2087085,Yan Diomande,14065180,rating-breakdown,passes,passes,,,,RB Leipzig,89.0,,61.8,3,45.4,30,True,True,1,boolean_field,success,True,,False,False,pass,rating-breakdown,True,61.8,3,45.4,30,pass,True,False,"{""playerCoordinates"": {""x"": 61.8, ""y"": 3}, ""passEndCoordinates"": {""x"": 45.4, ""y"": 30}, ""eventActionType"": ""pass"", ""isHome"": true, ""outcome"": true, ""keypass"": false}",,
2087085,Yan Diomande,14065180,rating-breakdown,passes,passes,,,,RB Leipzig,89.0,,86.3,36.4,87.5,38.5,,,,unresolvable,,,,False,False,pass,rating-breakdown,True,86.3,36.4,87.5,38.5,pass,True,False,"{""playerCoordinates"": {""x"": 86.3, ""y"": 36.4}, ""passEndCoordinates"": {""x"": 87.5, ""y"": 38.5}, ""eventActionType"": ""pass"", ""isHome"": true, ""keypass"": false}",,
2087085,Yan Diomande,14065180,rating-breakdown,passes,passes,,,,RB Leipzig,89.0,,96.7,22.3,96,45.8,,,,unresolvable,,,,False,False,pass,rating-breakdown,True,96.7,22.3,96,45.8,cross,True,False,"{""playerCoordinates"": {""x"": 96.7, ""y"": 22.3}, ""passEndCoordinates"": {""x"": 96, ""y"": 45.8}, ""eventActionType"": ""cross"", ""isHome"": true, ""keypass"": false}",,
2087085,Yan Diomande,14065180,rating-breakdown,passes,passes,,,,RB Leipzig,89.0,,96.3,15.1,78.3,13.8,True,True,1,boolean_field,success,True,,False,False,pass,rating-breakdown,True,96.3,15.1,78.3,13.8,pass,True,False,"{""playerCoordinates"": {""x"": 96.3, ""y"": 15.1}, ""passEndCoordinates"": {""x"": 78.3, ""y"": 13.8}, ""eventActionType"": ""pass"", ""isHome"": true, ""outcome"": true, ""keypass"": false}",,
2087085,Yan Diomande,14065180,rating-breakdown,passes,passes,,,,RB Leipzig,89.0,,69.8,9.7,65,19,True,True,1,boolean_field,success,True,,False,False,pass,rating-breakdown,True,69.8,9.7,65,19,pass,True,False,"{""playerCoordinates"": {""x"": 69.8, ""y"": 9.7}, ""passEndCoordinates"": {""x"": 65, ""y"": 19}, ""eventActionType"": ""pass"", ""isHome"": true, ""outcome"": true, ""keypass"": false}",,
2087085,Yan Diomande,14065180,rating-breakdown,passes,passes,,,,RB Leipzig,89.0,,69.1,3.9,75.9,0,,,,unresolvable,,,,False,False,pass,rating-breakdown,True,69.1,3.9,75.9,0,pass,True,False,"{""playerCoordinates"": {""x"": 69.1, ""y"": 3.9}, ""passEndCoordinates"": {""x"": 75.9, ""y"": 0}, ""eventActionType"": ""pass"", ""isHome"": true, ""keypass"": false}",,
2087085,Yan Diomande,14065180,rating-breakdown,passes,passes,,,,RB Leipzig,89.0,,86.6,22.9,96.4,24.3,True,True,1,boolean_field,success,True,,False,False,pass,rating-breakdown,True,86.6,22.9,96.4,24.3,pass,True,False,"{""playerCoordinates"": {""x"": 86.6, ""y"": 22.9}, ""passEndCoordinates"": {""x"": 96.4, ""y"": 24.3}, ""eventActionType"": ""pass"", ""isHome"": true, ""outcome"": true, ""keypass"": false}",,
2087085,Yan Diomande,14065180,rating-breakdown,passes,passes,,,,RB Leipzig,89.0,,78,1.9,93.7,12.3,True,True,1,boolean_field,success,True,,False,False,pass,rating-breakdown,True,78,1.9,93.7,12.3,pass,True,False,"{""playerCoordinates"": {""x"": 78, ""y"": 1.9}, ""passEndCoordinates"": {""x"": 93.7, ""y"": 12.3}, ""eventActionType"": ""pass"", ""isHome"": true, ""outcome"": true, ""keypass"": false}",,
2087085,Yan Diomande,14065180,rating-breakdown,passes,passes,,,,RB Leipzig,89.0,,69.6,44.2,64.8,44.4,True,True,1,boolean_field,success,True,,False,False,pass,rating-breakdown,True,69.6,44.2,64.8,44.4,pass,True,False,"{""playerCoordinates"": {""x"": 69.6, ""y"": 44.2}, ""passEndCoordinates"": {""x"": 64.8, ""y"": 44.4}, ""eventActionType"": ""pass"", ""isHome"": true, ""outcome"": true, ""keypass"": false}",,
2087085,Yan Diomande,14065180,rating-breakdown,passes,passes,,,,RB Leipzig,89.0,,81.7,8.8,75.9,20.2,True,True,1,boolean_field,success,True,,False,False,pass,rating-breakdown,True,81.7,8.8,75.9,20.2,pass,True,False,"{""playerCoordinates"": {""x"": 81.7, ""y"": 8.8}, ""passEndCoordinates"": {""x"": 75.9, ""y"": 20.2}, ""eventActionType"": ""pass"", ""isHome"": true, ""outcome"": true, ""keypass"": false}",,
2087085,Yan Diomande,14065180,rating-breakdown,passes,passes,,,,RB Leipzig,89.0,,67.8,16.3,72.8,33.1,True,True,1,boolean_field,success,True,,False,False,pass,rating-breakdown,True,67.8,16.3,72.8,33.1,pass,True,False,"{""playerCoordinates"": {""x"": 67.8, ""y"": 16.3}, ""passEndCoordinates"": {""x"": 72.8, ""y"": 33.1}, ""eventActionType"": ""pass"", ""isHome"": true, ""outcome"": true, ""keypass"": false}",,
2087085,Yan Diomande,14065180,rating-breakdown,passes,passes,,,,RB Leipzig,89.0,,68.4,16,59,32.8,True,True,1,boolean_field,success,True,,False,False,pass,rating-breakdown,True,68.4,16,59,32.8,pass,True,False,"{""playerCoordinates"": {""x"": 68.4, ""y"": 16}, ""passEndCoordinates"": {""x"": 59, ""y"": 32.8}, ""eventActionType"": ""pass"", ""isHome"": true, ""outcome"": true, ""keypass"": false}",,
2087085,Yan Diomande,14065180,rating-breakdown,passes,passes,,,,RB Leipzig,89.0,,90.4,5.1,76,13.3,True,True,1,boolean_field,success,True,,False,False,pass,rating-breakdown,True,90.4,5.1,76,13.3,pass,True,False,"{""playerCoordinates"": {""x"": 90.4, ""y"": 5.1}, ""passEndCoordinates"": {""x"": 76, ""y"": 13.3}, ""eventActionType"": ""pass"", ""isHome"": true, ""outcome"": true, ""keypass"": false}",,
2087085,Yan Diomande,14065180,rating-breakdown,passes,passes,,,,RB Leipzig,89.0,,94.2,17.6,90.2,48.5,,,,unresolvable,,,,False,False,pass,rating-breakdown,True,94.2,17.6,90.2,48.5,cross,True,False,"{""playerCoordinates"": {""x"": 94.2, ""y"": 17.6}, ""passEndCoordinates"": {""x"": 90.2, ""y"": 48.5}, ""eventActionType"": ""cross"", ""isHome"": true, ""keypass"": false}",,
2087085,Yan Diomande,14065180,rating-breakdown,passes,passes,,,,RB Leipzig,89.0,,66.2,2.5,53.4,6,True,True,1,boolean_field,success,True,,False,False,pass,rating-breakdown,True,66.2,2.5,53.4,6,pass,True,False,"{""playerCoordinates"": {""x"": 66.2, ""y"": 2.5}, ""passEndCoordinates"": {""x"": 53.4, ""y"": 6}, ""eventActionType"": ""pass"", ""isHome"": true, ""outcome"": true, ""keypass"": false}",,
2087085,Yan Diomande,14065180,rating-breakdown,passes,passes,,,,RB Leipzig,89.0,,69.5,97.5,54.6,83.4,True,True,1,boolean_field,success,True,,False,False,pass,rating-breakdown,True,69.5,97.5,54.6,83.4,pass,True,False,"{""playerCoordinates"": {""x"": 69.5, ""y"": 97.5}, ""passEndCoordinates"": {""x"": 54.6, ""y"": 83.4}, ""eventActionType"": ""pass"", ""isHome"": true, ""outcome"": true, ""keypass"": false}",,
2087085,Yan Diomande,14065180,rating-breakdown,passes,passes,,,,RB Leipzig,89.0,,68.3,97.9,88.4,76.2,True,True,1,boolean_field,success,True,,False,False,pass,rating-breakdown,True,68.3,97.9,88.4,76.2,pass,True,False,"{""playerCoordinates"": {""x"": 68.3, ""y"": 97.9}, ""passEndCoordinates"": {""x"": 88.4, ""y"": 76.2}, ""eventActionType"": ""pass"", ""isHome"": true, ""outcome"": true, ""keypass"": false}",,
2087085,Yan Diomande,14065180,rating-breakdown,passes,passes,,,,RB Leipzig,89.0,,93.5,89.7,95.4,55.8,,,,unresolvable,,,,False,False,pass,rating-breakdown,True,93.5,89.7,95.4,55.8,cross,True,False,"{""playerCoordinates"": {""x"": 93.5, ""y"": 89.7}, ""passEndCoordinates"": {""x"": 95.4, ""y"": 55.8}, ""eventActionType"": ""cross"", ""isHome"": true, ""keypass"": false}",,
2087085,Yan Diomande,14065180,rating-breakdown,passes,passes,,,,RB Leipzig,89.0,,73.4,59.8,80.1,84,True,True,1,boolean_field,success,True,,False,False,pass,rating-breakdown,True,73.4,59.8,80.1,84,pass,True,False,"{""playerCoordinates"": {""x"": 73.4, ""y"": 59.8}, ""passEndCoordinates"": {""x"": 80.1, ""y"": 84}, ""eventActionType"": ""pass"", ""isHome"": true, ""outcome"": true, ""keypass"": false}",,
2087085,Yan Diomande,14065180,rating-breakdown,passes,passes,,,,RB Leipzig,89.0,,96.2,75.9,87.2,56.1,,,,unresolvable,,,,False,False,pass,rating-breakdown,True,96.2,75.9,87.2,56.1,pass,True,False,"{""playerCoordinates"": {""x"": 96.2, ""y"": 75.9}, ""passEndCoordinates"": {""x"": 87.2, ""y"": 56.1}, ""eventActionType"": ""pass"", ""isHome"": true, ""keypass"": false}",,
2087085,Yan Diomande,14065180,rating-breakdown,passes,passes,,,,RB Leipzig,89.0,,66.3,88.9,72.8,80.8,True,True,1,boolean_field,success,True,,False,False,pass,rating-breakdown,True,66.3,88.9,72.8,80.8,pass,True,False,"{""playerCoordinates"": {""x"": 66.3, ""y"": 88.9}, ""passEndCoordinates"": {""x"": 72.8, ""y"": 80.8}, ""eventActionType"": ""pass"", ""isHome"": true, ""outcome"": true, ""keypass"": false}",,
2087085,Yan Diomande,14065180,rating-breakdown,passes,passes,,,,RB Leipzig,89.0,,75.9,96.4,71.7,78.6,True,True,1,boolean_field,success,True,,False,False,pass,rating-breakdown,True,75.9,96.4,71.7,78.6,pass,True,False,"{""playerCoordinates"": {""x"": 75.9, ""y"": 96.4}, ""passEndCoordinates"": {""x"": 71.7, ""y"": 78.6}, ""eventActionType"": ""pass"", ""isHome"": true, ""outcome"": true, ""keypass"": false}",,
2087085,Yan Diomande,14065180,rating-breakdown,passes,passes,,,,RB Leipzig,89.0,,66.8,78.7,63.4,71.4,True,True,1,boolean_field,success,True,,False,False,pass,rating-breakdown,True,66.8,78.7,63.4,71.4,pass,True,False,"{""playerCoordinates"": {""x"": 66.8, ""y"": 78.7}, ""passEndCoordinates"": {""x"": 63.4, ""y"": 71.4}, ""eventActionType"": ""pass"", ""isHome"": true, ""outcome"": true, ""keypass"": false}",,
2087085,Yan Diomande,14065180,rating-breakdown,passes,passes,,,,RB Leipzig,89.0,,39.5,92.8,39.4,79.5,True,True,1,boolean_field,success,True,,False,False,pass,rating-breakdown,True,39.5,92.8,39.4,79.5,pass,True,False,"{""playerCoordinates"": {""x"": 39.5, ""y"": 92.8}, ""passEndCoordinates"": {""x"": 39.4, ""y"": 79.5}, ""eventActionType"": ""pass"", ""isHome"": true, ""outcome"": true, ""keypass"": false}",,
2087085,Yan Diomande,14065180,rating-breakdown,passes,passes,,,,RB Leipzig,89.0,,59.3,73,71.1,25.6,True,True,1,boolean_field,success,True,,False,False,pass,rating-breakdown,True,59.3,73,71.1,25.6,pass,True,False,"{""playerCoordinates"": {""x"": 59.3, ""y"": 73}, ""passEndCoordinates"": {""x"": 71.1, ""y"": 25.6}, ""eventActionType"": ""pass"", ""isHome"": true, ""outcome"": true, ""keypass"": false, ""isLongBall"": true}",True,
2087085,Yan Diomande,14065180,rating-breakdown,passes,passes,,,,RB Leipzig,89.0,,71.4,91.4,73.2,83.6,True,True,1,boolean_field,success,True,,False,False,pass,rating-breakdown,True,71.4,91.4,73.2,83.6,pass,True,False,"{""playerCoordinates"": {""x"": 71.4, ""y"": 91.4}, ""passEndCoordinates"": {""x"": 73.2, ""y"": 83.6}, ""eventActionType"": ""pass"", ""isHome"": true, ""outcome"": true, ""keypass"": false}",,
2087085,Yan Diomande,14065180,rating-breakdown,passes,passes,,,,RB Leipzig,89.0,,71.4,93.9,72.4,91.2,,,,unresolvable,,,,False,False,pass,rating-breakdown,True,71.4,93.9,72.4,91.2,pass,True,False,"{""playerCoordinates"": {""x"": 71.4, ""y"": 93.9}, ""passEndCoordinates"": {""x"": 72.4, ""y"": 91.2}, ""eventActionType"": ""pass"", ""isHome"": true, ""keypass"": false}",,
2087085,Yan Diomande,14065180,rating-breakdown,passes,passes,,,,RB Leipzig,89.0,,94.6,83.2,93.4,54.6,True,True,1,boolean_field,success,True,,False,True,key_pass,rating-breakdown,True,94.6,83.2,93.4,54.6,pass,True,True,"{""playerCoordinates"": {""x"": 94.6, ""y"": 83.2}, ""passEndCoordinates"": {""x"": 93.4, ""y"": 54.6}, ""eventActionType"": ""pass"", ""isHome"": true, ""outcome"": true, ""keypass"": true}",,
2087085,Yan Diomande,14065180,rating-breakdown,passes,passes,,,,RB Leipzig,89.0,,33.1,68.4,34.4,69,,,,unresolvable,,,,False,False,pass,rating-breakdown,True,33.1,68.4,34.4,69,pass,True,False,"{""playerCoordinates"": {""x"": 33.1, ""y"": 68.4}, ""passEndCoordinates"": {""x"": 34.4, ""y"": 69}, ""eventActionType"": ""pass"", ""isHome"": true, ""keypass"": false}",,
2087085,Yan Diomande,14065180,rating-breakdown,ball-carries,ball-carries,,,,RB Leipzig,89.0,,69.8,3.9,86.9,3.9,,,,unresolvable,,,,False,False,,rating-breakdown,True,69.8,3.9,86.9,3.9,ball-carry,True,,"{""playerCoordinates"": {""x"": 69.8, ""y"": 3.9}, ""passEndCoordinates"": {""x"": 86.9, ""y"": 3.9}, ""eventActionType"": ""ball-carry"", ""isHome"": true}",,
2087085,Yan Diomande,14065180,rating-breakdown,ball-carries,ball-carries,,,,RB Leipzig,89.0,,64.9,27.9,73.1,30.1,,,,unresolvable,,,,False,False,,rating-breakdown,True,64.9,27.9,73.1,30.1,ball-carry,True,,"{""playerCoordinates"": {""x"": 64.9, ""y"": 27.9}, ""passEndCoordinates"": {""x"": 73.1, ""y"": 30.1}, ""eventActionType"": ""ball-carry"", ""isHome"": true}",,
2087085,Yan Diomande,14065180,rating-breakdown,ball-carries,ball-carries,,,,RB Leipzig,89.0,,39.7,58.5,42.3,65.5,,,,unresolvable,,,,False,False,,rating-breakdown,True,39.7,58.5,42.3,65.5,ball-carry,True,,"{""playerCoordinates"": {""x"": 39.7, ""y"": 58.5}, ""passEndCoordinates"": {""x"": 42.3, ""y"": 65.5}, ""eventActionType"": ""ball-carry"", ""isHome"": true}",,
2087085,Yan Diomande,14065180,rating-breakdown,ball-carries,ball-carries,,,,RB Leipzig,89.0,,42.3,65.5,59.3,89.4,,,,unresolvable,,,,False,False,,rating-breakdown,True,42.3,65.5,59.3,89.4,ball-carry,True,,"{""playerCoordinates"": {""x"": 42.3, ""y"": 65.5}, ""passEndCoordinates"": {""x"": 59.3, ""y"": 89.4}, ""eventActionType"": ""ball-carry"", ""isHome"": true}",,
2087085,Yan Diomande,14065180,rating-breakdown,ball-carries,ball-carries,,,,RB Leipzig,89.0,,73.8,8.7,67.2,5.5,,,,unresolvable,,,,False,False,,rating-breakdown,True,73.8,8.7,67.2,5.5,ball-carry,True,,"{""playerCoordinates"": {""x"": 73.8, ""y"": 8.7}, ""passEndCoordinates"": {""x"": 67.2, ""y"": 5.5}, ""eventActionType"": ""ball-carry"", ""isHome"": true}",,
2087085,Yan Diomande,14065180,rating-breakdown,ball-carries,ball-carries,,,,RB Leipzig,89.0,,57.5,7.6,63.8,6.1,,,,unresolvable,,,,False,False,,rating-breakdown,True,57.5,7.6,63.8,6.1,ball-carry,True,,"{""playerCoordinates"": {""x"": 57.5, ""y"": 7.6}, ""passEndCoordinates"": {""x"": 63.8, ""y"": 6.1}, ""eventActionType"": ""ball-carry"", ""isHome"": true}",,
2087085,Yan Diomande,14065180,rating-breakdown,ball-carries,ball-carries,,,,RB Leipzig,89.0,,66.5,3,84.2,4.8,,,,unresolvable,,,,False,False,,rating-breakdown,True,66.5,3,84.2,4.8,ball-carry,True,,"{""playerCoordinates"": {""x"": 66.5, ""y"": 3}, ""passEndCoordinates"": {""x"": 84.2, ""y"": 4.8}, ""eventActionType"": ""ball-carry"", ""isHome"": true}",,
2087085,Yan Diomande,14065180,rating-breakdown,ball-carries,ball-carries,,,,RB Leipzig,89.0,,80.7,13.2,79.1,23.5,,,,unresolvable,,,,False,False,,rating-breakdown,True,80.7,13.2,79.1,23.5,ball-carry,True,,"{""playerCoordinates"": {""x"": 80.7, ""y"": 13.2}, ""passEndCoordinates"": {""x"": 79.1, ""y"": 23.5}, ""eventActionType"": ""ball-carry"", ""isHome"": true}",,
2087085,Yan Diomande,14065180,rating-breakdown,ball-carries,ball-carries,,,,RB Leipzig,89.0,,80,3.4,74.5,3.4,,,,unresolvable,,,,False,False,,rating-breakdown,True,80,3.4,74.5,3.4,ball-carry,True,,"{""playerCoordinates"": {""x"": 80, ""y"": 3.4}, ""passEndCoordinates"": {""x"": 74.5, ""y"": 3.4}, ""eventActionType"": ""ball-carry"", ""isHome"": true}",,
2087085,Yan Diomande,14065180,rating-breakdown,ball-carries,ball-carries,,,,RB Leipzig,89.0,,69.8,21.4,84.9,38.4,,,,unresolvable,,,,False,False,,rating-breakdown,True,69.8,21.4,84.9,38.4,ball-carry,True,,"{""playerCoordinates"": {""x"": 69.8, ""y"": 21.4}, ""passEndCoordinates"": {""x"": 84.9, ""y"": 38.4}, ""eventActionType"": ""ball-carry"", ""isHome"": true}",,
2087085,Yan Diomande,14065180,rating-breakdown,ball-carries,ball-carries,,,,RB Leipzig,89.0,,62,3,60.4,30.4,,,,unresolvable,,,,False,False,,rating-breakdown,True,62,3,60.4,30.4,ball-carry,True,,"{""playerCoordinates"": {""x"": 62, ""y"": 3}, ""passEndCoordinates"": {""x"": 60.4, ""y"": 30.4}, ""eventActionType"": ""ball-carry"", ""isHome"": true}",,
2087085,Yan Diomande,14065180,rating-breakdown,ball-carries,ball-carries,,,,RB Leipzig,89.0,,77.7,1.6,81.7,0.4,,,,unresolvable,,,,False,False,,rating-breakdown,True,77.7,1.6,81.7,0.4,ball-carry,True,,"{""playerCoordinates"": {""x"": 77.7, ""y"": 1.6}, ""passEndCoordinates"": {""x"": 81.7, ""y"": 0.4}, ""eventActionType"": ""ball-carry"", ""isHome"": true}",,
2087085,Yan Diomande,14065180,rating-breakdown,ball-carries,ball-carries,,,,RB Leipzig,89.0,,82.2,23.5,92.4,28,,,,unresolvable,,,,False,False,,rating-breakdown,True,82.2,23.5,92.4,28,ball-carry,True,,"{""playerCoordinates"": {""x"": 82.2, ""y"": 23.5}, ""passEndCoordinates"": {""x"": 92.4, ""y"": 28}, ""eventActionType"": ""ball-carry"", ""isHome"": true}",,
2087085,Yan Diomande,14065180,rating-breakdown,ball-carries,ball-carries,,,,RB Leipzig,89.0,,70.4,16.9,73.4,23.8,,,,unresolvable,,,,False,False,,rating-breakdown,True,70.4,16.9,73.4,23.8,ball-carry,True,,"{""playerCoordinates"": {""x"": 70.4, ""y"": 16.9}, ""passEndCoordinates"": {""x"": 73.4, ""y"": 23.8}, ""eventActionType"": ""ball-carry"", ""isHome"": true}",,
2087085,Yan Diomande,14065180,rating-breakdown,ball-carries,ball-carries,,,,RB Leipzig,89.0,,79.8,4.8,96.6,26.7,,,,unresolvable,,,,False,False,,rating-breakdown,True,79.8,4.8,96.6,26.7,ball-carry,True,,"{""playerCoordinates"": {""x"": 79.8, ""y"": 4.8}, ""passEndCoordinates"": {""x"": 96.6, ""y"": 26.7}, ""eventActionType"": ""ball-carry"", ""isHome"": true}",,
2087085,Yan Diomande,14065180,rating-breakdown,ball-carries,ball-carries,,,,RB Leipzig,89.0,,74,4.2,69.8,9.7,,,,unresolvable,,,,False,False,,rating-breakdown,True,74,4.2,69.8,9.7,ball-carry,True,,"{""playerCoordinates"": {""x"": 74, ""y"": 4.2}, ""passEndCoordinates"": {""x"": 69.8, ""y"": 9.7}, ""eventActionType"": ""ball-carry"", ""isHome"": true}",,
2087085,Yan Diomande,14065180,rating-breakdown,ball-carries,ball-carries,,,,RB Leipzig,89.0,,84.7,11.2,86.6,22.9,,,,unresolvable,,,,False,False,,rating-breakdown,True,84.7,11.2,86.6,22.9,ball-carry,True,,"{""playerCoordinates"": {""x"": 84.7, ""y"": 11.2}, ""passEndCoordinates"": {""x"": 86.6, ""y"": 22.9}, ""eventActionType"": ""ball-carry"", ""isHome"": true}",,
2087085,Yan Diomande,14065180,rating-breakdown,ball-carries,ball-carries,,,,RB Leipzig,89.0,,57.6,16.9,68.8,12,,,,unresolvable,,,,False,False,,rating-breakdown,True,57.6,16.9,68.8,12,ball-carry,True,,"{""playerCoordinates"": {""x"": 57.6, ""y"": 16.9}, ""passEndCoordinates"": {""x"": 68.8, ""y"": 12}, ""eventActionType"": ""ball-carry"", ""isHome"": true}",,
2087085,Yan Diomande,14065180,rating-breakdown,ball-carries,ball-carries,,,,RB Leipzig,89.0,,70.5,3.7,67.8,16.3,,,,unresolvable,,,,False,False,,rating-breakdown,True,70.5,3.7,67.8,16.3,ball-carry,True,,"{""playerCoordinates"": {""x"": 70.5, ""y"": 3.7}, ""passEndCoordinates"": {""x"": 67.8, ""y"": 16.3}, ""eventActionType"": ""ball-carry"", ""isHome"": true}",,
2087085,Yan Diomande,14065180,rating-breakdown,ball-carries,ball-carries,,,,RB Leipzig,89.0,,71.8,2.5,68.4,16,,,,unresolvable,,,,False,False,,rating-breakdown,True,71.8,2.5,68.4,16,ball-carry,True,,"{""playerCoordinates"": {""x"": 71.8, ""y"": 2.5}, ""passEndCoordinates"": {""x"": 68.4, ""y"": 16}, ""eventActionType"": ""ball-carry"", ""isHome"": true}",,
2087085,Yan Diomande,14065180,rating-breakdown,ball-carries,ball-carries,,,,RB Leipzig,89.0,,85.8,5.2,97.2,19.9,,,,unresolvable,,,,False,False,,rating-breakdown,True,85.8,5.2,97.2,19.9,ball-carry,True,,"{""playerCoordinates"": {""x"": 85.8, ""y"": 5.2}, ""passEndCoordinates"": {""x"": 97.2, ""y"": 19.9}, ""eventActionType"": ""ball-carry"", ""isHome"": true}",,
2087085,Yan Diomande,14065180,rating-breakdown,ball-carries,ball-carries,,,,RB Leipzig,89.0,,20.7,45.6,21,37.5,,,,unresolvable,,,,False,False,,rating-breakdown,True,20.7,45.6,21,37.5,ball-carry,True,,"{""playerCoordinates"": {""x"": 20.7, ""y"": 45.6}, ""passEndCoordinates"": {""x"": 21, ""y"": 37.5}, ""eventActionType"": ""ball-carry"", ""isHome"": true}",,
2087085,Yan Diomande,14065180,rating-breakdown,ball-carries,ball-carries,,,,RB Leipzig,89.0,,60.1,96.9,64.5,94.3,,,,unresolvable,,,,False,False,,rating-breakdown,True,60.1,96.9,64.5,94.3,ball-carry,True,,"{""playerCoordinates"": {""x"": 60.1, ""y"": 96.9}, ""passEndCoordinates"": {""x"": 64.5, ""y"": 94.3}, ""eventActionType"": ""ball-carry"", ""isHome"": true}",,
2087085,Yan Diomande,14065180,rating-breakdown,ball-carries,ball-carries,,,,RB Leipzig,89.0,,71.2,91.3,68.3,97.9,,,,unresolvable,,,,False,False,,rating-breakdown,True,71.2,91.3,68.3,97.9,ball-carry,True,,"{""playerCoordinates"": {""x"": 71.2, ""y"": 91.3}, ""passEndCoordinates"": {""x"": 68.3, ""y"": 97.9}, ""eventActionType"": ""ball-carry"", ""isHome"": true}",,
2087085,Yan Diomande,14065180,rating-breakdown,ball-carries,ball-carries,,,,RB Leipzig,89.0,,86.2,94.3,98.6,80.7,,,,unresolvable,,,,False,False,,rating-breakdown,True,86.2,94.3,98.6,80.7,ball-carry,True,,"{""playerCoordinates"": {""x"": 86.2, ""y"": 94.3}, ""passEndCoordinates"": {""x"": 98.6, ""y"": 80.7}, ""eventActionType"": ""ball-carry"", ""isHome"": true}",,
2087085,Yan Diomande,14065180,rating-breakdown,ball-carries,ball-carries,,,,RB Leipzig,89.0,,87.5,76.2,91,72,,,,unresolvable,,,,False,False,,rating-breakdown,True,87.5,76.2,91,72,ball-carry,True,,"{""playerCoordinates"": {""x"": 87.5, ""y"": 76.2}, ""passEndCoordinates"": {""x"": 91, ""y"": 72}, ""eventActionType"": ""ball-carry"", ""isHome"": true}",,
2087085,Yan Diomande,14065180,rating-breakdown,ball-carries,ball-carries,,,,RB Leipzig,89.0,,77,96.4,81.3,87.6,,,,unresolvable,,,,False,False,,rating-breakdown,True,77,96.4,81.3,87.6,ball-carry,True,,"{""playerCoordinates"": {""x"": 77, ""y"": 96.4}, ""passEndCoordinates"": {""x"": 81.3, ""y"": 87.6}, ""eventActionType"": ""ball-carry"", ""isHome"": true}",,
2087085,Yan Diomande,14065180,rating-breakdown,ball-carries,ball-carries,,,,RB Leipzig,89.0,,65.4,96.7,66.3,88.9,,,,unresolvable,,,,False,False,,rating-breakdown,True,65.4,96.7,66.3,88.9,ball-carry,True,,"{""playerCoordinates"": {""x"": 65.4, ""y"": 96.7}, ""passEndCoordinates"": {""x"": 66.3, ""y"": 88.9}, ""eventActionType"": ""ball-carry"", ""isHome"": true}",,
2087085,Yan Diomande,14065180,rating-breakdown,ball-carries,ball-carries,,,,RB Leipzig,89.0,,63.4,74.5,66.8,78.7,,,,unresolvable,,,,False,False,,rating-breakdown,True,63.4,74.5,66.8,78.7,ball-carry,True,,"{""playerCoordinates"": {""x"": 63.4, ""y"": 74.5}, ""passEndCoordinates"": {""x"": 66.8, ""y"": 78.7}, ""eventActionType"": ""ball-carry"", ""isHome"": true}",,
2087085,Yan Diomande,14065180,rating-breakdown,ball-carries,ball-carries,,,,RB Leipzig,89.0,,64.4,76.8,89.8,58.5,,,,unresolvable,,,,False,False,,rating-breakdown,True,64.4,76.8,89.8,58.5,ball-carry,True,,"{""playerCoordinates"": {""x"": 64.4, ""y"": 76.8}, ""passEndCoordinates"": {""x"": 89.8, ""y"": 58.5}, ""eventActionType"": ""ball-carry"", ""isHome"": true}",,
2087085,Yan Diomande,14065180,rating-breakdown,ball-carries,ball-carries,,,,RB Leipzig,89.0,,72.4,52.3,71.2,45.3,,,,unresolvable,,,,False,False,,rating-breakdown,True,72.4,52.3,71.2,45.3,ball-carry,True,,"{""playerCoordinates"": {""x"": 72.4, ""y"": 52.3}, ""passEndCoordinates"": {""x"": 71.2, ""y"": 45.3}, ""eventActionType"": ""ball-carry"", ""isHome"": true}",,
2087085,Yan Diomande,14065180,rating-breakdown,ball-carries,ball-carries,,,,RB Leipzig,89.0,,71.2,45.3,74,51.7,,,,unresolvable,,,,False,False,,rating-breakdown,True,71.2,45.3,74,51.7,ball-carry,True,,"{""playerCoordinates"": {""x"": 71.2, ""y"": 45.3}, ""passEndCoordinates"": {""x"": 74, ""y"": 51.7}, ""eventActionType"": ""ball-carry"", ""isHome"": true}",,
2087085,Yan Diomande,14065180,rating-breakdown,ball-carries,ball-carries,,,,RB Leipzig,89.0,,48.1,85.2,56.4,78.6,,,,unresolvable,,,,False,False,,rating-breakdown,True,48.1,85.2,56.4,78.6,ball-carry,True,,"{""playerCoordinates"": {""x"": 48.1, ""y"": 85.2}, ""passEndCoordinates"": {""x"": 56.4, ""y"": 78.6}, ""eventActionType"": ""ball-carry"", ""isHome"": true}",,
2087085,Yan Diomande,14065180,rating-breakdown,ball-carries,ball-carries,,,,RB Leipzig,89.0,,63.6,96.3,71.4,93.9,,,,unresolvable,,,,False,False,,rating-breakdown,True,63.6,96.3,71.4,93.9,ball-carry,True,,"{""playerCoordinates"": {""x"": 63.6, ""y"": 96.3}, ""passEndCoordinates"": {""x"": 71.4, ""y"": 93.9}, ""eventActionType"": ""ball-carry"", ""isHome"": true}",,
2087085,Yan Diomande,14065180,rating-breakdown,ball-carries,ball-carries,,,,RB Leipzig,89.0,,85.6,96.3,96.9,80.7,,,,unresolvable,,,,False,False,,rating-breakdown,True,85.6,96.3,96.9,80.7,ball-carry,True,,"{""playerCoordinates"": {""x"": 85.6, ""y"": 96.3}, ""passEndCoordinates"": {""x"": 96.9, ""y"": 80.7}, ""eventActionType"": ""ball-carry"", ""isHome"": true}",,
2087085,Yan Diomande,14065180,rating-breakdown,dribbles,dribbles,,,,RB Leipzig,89.0,,59.3,89.4,,,,,,unresolvable,,,,False,False,,rating-breakdown,True,59.3,89.4,,,dribble,True,False,"{""playerCoordinates"": {""x"": 59.3, ""y"": 89.4}, ""eventActionType"": ""dribble"", ""isHome"": true, ""keypass"": false}",,
2087085,Yan Diomande,14065180,rating-breakdown,dribbles,dribbles,,,,RB Leipzig,89.0,,60.7,3.5,,,,,,unresolvable,,,,False,False,,rating-breakdown,True,60.7,3.5,,,dribble,True,False,"{""playerCoordinates"": {""x"": 60.7, ""y"": 3.5}, ""eventActionType"": ""dribble"", ""isHome"": true, ""keypass"": false}",,
2087085,Yan Diomande,14065180,rating-breakdown,dribbles,dribbles,,,,RB Leipzig,89.0,,76,20.6,,,True,True,1,boolean_field,success,,True,False,False,,rating-breakdown,True,76,20.6,,,dribble,True,False,"{""playerCoordinates"": {""x"": 76, ""y"": 20.6}, ""eventActionType"": ""dribble"", ""isHome"": true, ""outcome"": true, ""keypass"": false}",,
2087085,Yan Diomande,14065180,rating-breakdown,dribbles,dribbles,,,,RB Leipzig,89.0,,76.9,32.9,,,True,True,1,boolean_field,success,,True,False,False,,rating-breakdown,True,76.9,32.9,,,dribble,True,False,"{""playerCoordinates"": {""x"": 76.9, ""y"": 32.9}, ""eventActionType"": ""dribble"", ""isHome"": true, ""outcome"": true, ""keypass"": false}",,
2087085,Yan Diomande,14065180,rating-breakdown,dribbles,dribbles,,,,RB Leipzig,89.0,,73.2,23.4,,,True,True,1,boolean_field,success,,True,False,False,,rating-breakdown,True,73.2,23.4,,,dribble,True,False,"{""playerCoordinates"": {""x"": 73.2, ""y"": 23.4}, ""eventActionType"": ""dribble"", ""isHome"": true, ""outcome"": true, ""keypass"": false}",,
2087085,Yan Diomande,14065180,rating-breakdown,dribbles,dribbles,,,,RB Leipzig,89.0,,68.8,12,,,,,,unresolvable,,,,False,False,,rating-breakdown,True,68.8,12,,,dribble,True,False,"{""playerCoordinates"": {""x"": 68.8, ""y"": 12}, ""eventActionType"": ""dribble"", ""isHome"": true, ""keypass"": false}",,
2087085,Yan Diomande,14065180,rating-breakdown,dribbles,dribbles,,,,RB Leipzig,89.0,,82,88.2,,,,,,unresolvable,,,,False,False,,rating-breakdown,True,82,88.2,,,dribble,True,False,"{""playerCoordinates"": {""x"": 82, ""y"": 88.2}, ""eventActionType"": ""dribble"", ""isHome"": true, ""keypass"": false}",,
2087085,Yan Diomande,14065180,rating-breakdown,dribbles,dribbles,,,,RB Leipzig,89.0,,89.7,74.8,,,True,True,1,boolean_field,success,,True,False,False,,rating-breakdown,True,89.7,74.8,,,dribble,True,False,"{""playerCoordinates"": {""x"": 89.7, ""y"": 74.8}, ""eventActionType"": ""dribble"", ""isHome"": true, ""outcome"": true, ""keypass"": false}",,
2087085,Yan Diomande,14065180,rating-breakdown,dribbles,dribbles,,,,RB Leipzig,89.0,,74,51.7,,,True,True,1,boolean_field,success,,True,False,False,,rating-breakdown,True,74,51.7,,,dribble,True,False,"{""playerCoordinates"": {""x"": 74, ""y"": 51.7}, ""eventActionType"": ""dribble"", ""isHome"": true, ""outcome"": true, ""keypass"": false}",,
2087085,Yan Diomande,14065180,rating-breakdown,defensive,defensive,,,,RB Leipzig,89.0,,42.3,65.5,,,True,True,1,boolean_field,success,,True,False,False,,rating-breakdown,True,42.3,65.5,,,ball-recovery,True,False,"{""playerCoordinates"": {""x"": 42.3, ""y"": 65.5}, ""eventActionType"": ""ball-recovery"", ""isHome"": true, ""outcome"": true, ""keypass"": false}",,
2087085,Yan Diomande,14065180,rating-breakdown,defensive,defensive,,,,RB Leipzig,89.0,,80.7,13.2,,,True,True,1,boolean_field,success,,True,False,False,,rating-breakdown,True,80.7,13.2,,,ball-recovery,True,False,"{""playerCoordinates"": {""x"": 80.7, ""y"": 13.2}, ""eventActionType"": ""ball-recovery"", ""isHome"": true, ""outcome"": true, ""keypass"": false}",,
2087085,Yan Diomande,14065180,rating-breakdown,defensive,defensive,,,,RB Leipzig,89.0,,23.1,25.6,,,True,True,1,boolean_field,success,,True,False,False,,rating-breakdown,True,23.1,25.6,,,ball-recovery,True,False,"{""playerCoordinates"": {""x"": 23.1, ""y"": 25.6}, ""eventActionType"": ""ball-recovery"", ""isHome"": true, ""outcome"": true, ""keypass"": false}",,
2087085,Yan Diomande,14065180,rating-breakdown,defensive,defensive,,,,RB Leipzig,89.0,,64.5,22.5,,,True,True,1,boolean_field,success,,True,False,False,,rating-breakdown,True,64.5,22.5,,,interception,True,False,"{""playerCoordinates"": {""x"": 64.5, ""y"": 22.5}, ""eventActionType"": ""interception"", ""isHome"": true, ""outcome"": true, ""keypass"": false}",,
2087085,Yan Diomande,14065180,rating-breakdown,defensive,defensive,,,,RB Leipzig,89.0,,66.2,1.3,,,True,True,1,boolean_field,success,,True,False,False,,rating-breakdown,True,66.2,1.3,,,ball-recovery,True,False,"{""playerCoordinates"": {""x"": 66.2, ""y"": 1.3}, ""eventActionType"": ""ball-recovery"", ""isHome"": true, ""outcome"": true, ""keypass"": false}",,
2087085,Yan Diomande,14065180,rating-breakdown,defensive,defensive,,,,RB Leipzig,89.0,,80.7,83.7,,,True,True,1,boolean_field,success,,True,False,False,,rating-breakdown,True,80.7,83.7,,,tackle,True,False,"{""playerCoordinates"": {""x"": 80.7, ""y"": 83.7}, ""eventActionType"": ""tackle"", ""isHome"": true, ""outcome"": true, ""keypass"": false}",,
2087085,Yan Diomande,14065180,rating-breakdown,defensive,defensive,,,,RB Leipzig,89.0,,63.4,74.5,,,True,True,1,boolean_field,success,,True,False,False,,rating-breakdown,True,63.4,74.5,,,ball-recovery,True,False,"{""playerCoordinates"": {""x"": 63.4, ""y"": 74.5}, ""eventActionType"": ""ball-recovery"", ""isHome"": true, ""outcome"": true, ""keypass"": false}",,
2087085,Yan Diomande,14065180,rating-breakdown,defensive,defensive,,,,RB Leipzig,89.0,,64.4,76.8,,,True,True,1,boolean_field,success,,True,False,False,,rating-breakdown,True,64.4,76.8,,,ball-recovery,True,False,"{""playerCoordinates"": {""x"": 64.4, ""y"": 76.8}, ""eventActionType"": ""ball-recovery"", ""isHome"": true, ""outcome"": true, ""keypass"": false}",,
2087085,Yan Diomande,14065180,rating-breakdown,defensive,defensive,,,,RB Leipzig,89.0,,71.2,45.3,,,True,True,1,boolean_field,success,,True,False,False,,rating-breakdown,True,71.2,45.3,,,ball-recovery,True,False,"{""playerCoordinates"": {""x"": 71.2, ""y"": 45.3}, ""eventActionType"": ""ball-recovery"", ""isHome"": true, ""outcome"": true, ""keypass"": false}",,
2087085,Yan Diomande,14065195,rating-breakdown,passes,passes,,,,RB Leipzig,90.0,,86.1,23.4,91.4,47.2,True,True,1,boolean_field,success,True,,False,True,key_pass,rating-breakdown,True,86.1,23.4,91.4,47.2,pass,False,True,"{""playerCoordinates"": {""x"": 86.1, ""y"": 23.4}, ""passEndCoordinates"": {""x"": 91.4, ""y"": 47.2}, ""eventActionType"": ""pass"", ""isHome"": false, ""outcome"": true, ""keypass"": true}",,
2087085,Yan Diomande,14065195,rating-breakdown,passes,passes,,,,RB Leipzig,90.0,,62.4,7.9,69,31.5,True,True,1,boolean_field,success,True,,False,False,pass,rating-breakdown,True,62.4,7.9,69,31.5,pass,False,False,"{""playerCoordinates"": {""x"": 62.4, ""y"": 7.9}, ""passEndCoordinates"": {""x"": 69, ""y"": 31.5}, ""eventActionType"": ""pass"", ""isHome"": false, ""outcome"": true, ""keypass"": false}",,
2087085,Yan Diomande,14065195,rating-breakdown,passes,passes,,,,RB Leipzig,90.0,,38.3,6.6,29.5,23.1,True,True,1,boolean_field,success,True,,False,False,pass,rating-breakdown,True,38.3,6.6,29.5,23.1,pass,False,False,"{""playerCoordinates"": {""x"": 38.3, ""y"": 6.6}, ""passEndCoordinates"": {""x"": 29.5, ""y"": 23.1}, ""eventActionType"": ""pass"", ""isHome"": false, ""outcome"": true, ""keypass"": false}",,
2087085,Yan Diomande,14065195,rating-breakdown,passes,passes,,,,RB Leipzig,90.0,,43.3,38.5,29,25.2,True,True,1,boolean_field,success,True,,False,False,pass,rating-breakdown,True,43.3,38.5,29,25.2,pass,False,False,"{""playerCoordinates"": {""x"": 43.3, ""y"": 38.5}, ""passEndCoordinates"": {""x"": 29, ""y"": 25.2}, ""eventActionType"": ""pass"", ""isHome"": false, ""outcome"": true, ""keypass"": false}",,
2087085,Yan Diomande,14065195,rating-breakdown,passes,passes,,,,RB Leipzig,90.0,,96.1,20.1,94.7,47.1,,,,unresolvable,,,,False,False,pass,rating-breakdown,True,96.1,20.1,94.7,47.1,cross,False,False,"{""playerCoordinates"": {""x"": 96.1, ""y"": 20.1}, ""passEndCoordinates"": {""x"": 94.7, ""y"": 47.1}, ""eventActionType"": ""cross"", ""isHome"": false, ""keypass"": false}",,
2087085,Yan Diomande,14065195,rating-breakdown,passes,passes,,,,RB Leipzig,90.0,,79.9,26.4,78.2,63.3,True,True,1,boolean_field,success,True,,False,False,pass,rating-breakdown,True,79.9,26.4,78.2,63.3,pass,False,False,"{""playerCoordinates"": {""x"": 79.9, ""y"": 26.4}, ""passEndCoordinates"": {""x"": 78.2, ""y"": 63.3}, ""eventActionType"": ""pass"", ""isHome"": false, ""outcome"": true, ""keypass"": false}",,
2087085,Yan Diomande,14065195,rating-breakdown,passes,passes,,,,RB Leipzig,90.0,,73.1,6.3,70.6,17.7,True,True,1,boolean_field,success,True,,False,False,pass,rating-breakdown,True,73.1,6.3,70.6,17.7,pass,False,False,"{""playerCoordinates"": {""x"": 73.1, ""y"": 6.3}, ""passEndCoordinates"": {""x"": 70.6, ""y"": 17.7}, ""eventActionType"": ""pass"", ""isHome"": false, ""outcome"": true, ""keypass"": false}",,
2087085,Yan Diomande,14065195,rating-breakdown,passes,passes,,,,RB Leipzig,90.0,,25.9,28.8,11.6,14.7,True,True,1,boolean_field,success,True,,False,False,pass,rating-breakdown,True,25.9,28.8,11.6,14.7,pass,False,False,"{""playerCoordinates"": {""x"": 25.9, ""y"": 28.8}, ""passEndCoordinates"": {""x"": 11.6, ""y"": 14.7}, ""eventActionType"": ""pass"", ""isHome"": false, ""outcome"": true, ""keypass"": false}",,
2087085,Yan Diomande,14065195,rating-breakdown,passes,passes,,,,RB Leipzig,90.0,,67.6,8.1,70.7,24.9,True,True,1,boolean_field,success,True,,False,False,pass,rating-breakdown,True,67.6,8.1,70.7,24.9,pass,False,False,"{""playerCoordinates"": {""x"": 67.6, ""y"": 8.1}, ""passEndCoordinates"": {""x"": 70.7, ""y"": 24.9}, ""eventActionType"": ""pass"", ""isHome"": false, ""outcome"": true, ""keypass"": false}",,
2087085,Yan Diomande,14065195,rating-breakdown,passes,passes,,,,RB Leipzig,90.0,,66.6,11.4,59.3,26.5,True,True,1,boolean_field,success,True,,False,False,pass,rating-breakdown,True,66.6,11.4,59.3,26.5,pass,False,False,"{""playerCoordinates"": {""x"": 66.6, ""y"": 11.4}, ""passEndCoordinates"": {""x"": 59.3, ""y"": 26.5}, ""eventActionType"": ""pass"", ""isHome"": false, ""outcome"": true, ""keypass"": false}",,
2087085,Yan Diomande,14065195,rating-breakdown,passes,passes,,,,RB Leipzig,90.0,,63.8,22.9,70.6,10,True,True,1,boolean_field,success,True,,False,False,pass,rating-breakdown,True,63.8,22.9,70.6,10,pass,False,False,"{""playerCoordinates"": {""x"": 63.8, ""y"": 22.9}, ""passEndCoordinates"": {""x"": 70.6, ""y"": 10}, ""eventActionType"": ""pass"", ""isHome"": false, ""outcome"": true, ""keypass"": false}",,
2087085,Yan Diomande,14065195,rating-breakdown,passes,passes,,,,RB Leipzig,90.0,,78.2,17.1,92.9,17.8,True,True,1,boolean_field,success,True,,False,False,pass,rating-breakdown,True,78.2,17.1,92.9,17.8,pass,False,False,"{""playerCoordinates"": {""x"": 78.2, ""y"": 17.1}, ""passEndCoordinates"": {""x"": 92.9, ""y"": 17.8}, ""eventActionType"": ""pass"", ""isHome"": false, ""outcome"": true, ""keypass"": false}",,
2087085,Yan Diomande,14065195,rating-breakdown,passes,passes,,,,RB Leipzig,90.0,,53.7,6.6,64.8,22.3,True,True,1,boolean_field,success,True,,False,False,pass,rating-breakdown,True,53.7,6.6,64.8,22.3,pass,False,False,"{""playerCoordinates"": {""x"": 53.7, ""y"": 6.6}, ""passEndCoordinates"": {""x"": 64.8, ""y"": 22.3}, ""eventActionType"": ""pass"", ""isHome"": false, ""outcome"": true, ""keypass"": false}",,
2087085,Yan Diomande,14065195,rating-breakdown,passes,passes,,,,RB Leipzig,90.0,,45,4,29,4.3,True,True,1,boolean_field,success,True,,False,False,pass,rating-breakdown,True,45,4,29,4.3,pass,False,False,"{""playerCoordinates"": {""x"": 45, ""y"": 4}, ""passEndCoordinates"": {""x"": 29, ""y"": 4.3}, ""eventActionType"": ""pass"", ""isHome"": false, ""outcome"": true, ""keypass"": false}",,
2087085,Yan Diomande,14065195,rating-breakdown,passes,passes,,,,RB Leipzig,90.0,,67.4,41.7,75.8,22,True,True,1,boolean_field,success,True,,False,False,pass,rating-breakdown,True,67.4,41.7,75.8,22,pass,False,False,"{""playerCoordinates"": {""x"": 67.4, ""y"": 41.7}, ""passEndCoordinates"": {""x"": 75.8, ""y"": 22}, ""eventActionType"": ""pass"", ""isHome"": false, ""outcome"": true, ""keypass"": false}",,
2087085,Yan Diomande,14065195,rating-breakdown,passes,passes,,,,RB Leipzig,90.0,,30.8,15.4,13,26.1,,,,unresolvable,,,,False,False,pass,rating-breakdown,True,30.8,15.4,13,26.1,pass,False,False,"{""playerCoordinates"": {""x"": 30.8, ""y"": 15.4}, ""passEndCoordinates"": {""x"": 13, ""y"": 26.1}, ""eventActionType"": ""pass"", ""isHome"": false, ""keypass"": false}",,
2087085,Yan Diomande,14065195,rating-breakdown,passes,passes,,,,RB Leipzig,90.0,,60.4,28.9,56.3,55.3,True,True,1,boolean_field,success,True,,False,False,pass,rating-breakdown,True,60.4,28.9,56.3,55.3,pass,False,False,"{""playerCoordinates"": {""x"": 60.4, ""y"": 28.9}, ""passEndCoordinates"": {""x"": 56.3, ""y"": 55.3}, ""eventActionType"": ""pass"", ""isHome"": false, ""outcome"": true, ""keypass"": false}",,
2087085,Yan Diomande,14065195,rating-breakdown,passes,passes,,,,RB Leipzig,90.0,,26.1,7.2,11.7,43.2,True,True,1,boolean_field,success,True,,False,False,pass,rating-breakdown,True,26.1,7.2,11.7,43.2,pass,False,False,"{""playerCoordinates"": {""x"": 26.1, ""y"": 7.2}, ""passEndCoordinates"": {""x"": 11.7, ""y"": 43.2}, ""eventActionType"": ""pass"", ""isHome"": false, ""outcome"": true, ""keypass"": false}",,
2087085,Yan Diomande,14065195,rating-breakdown,passes,passes,,,,RB Leipzig,90.0,,88.6,12.1,83.8,29.4,,,,unresolvable,,,,False,False,pass,rating-breakdown,True,88.6,12.1,83.8,29.4,pass,False,False,"{""playerCoordinates"": {""x"": 88.6, ""y"": 12.1}, ""passEndCoordinates"": {""x"": 83.8, ""y"": 29.4}, ""eventActionType"": ""pass"", ""isHome"": false, ""keypass"": false}",,
2087085,Yan Diomande,14065195,rating-breakdown,passes,passes,,,,RB Leipzig,90.0,,85.1,6.3,70.7,24.1,True,True,1,boolean_field,success,True,,False,False,pass,rating-breakdown,True,85.1,6.3,70.7,24.1,pass,False,False,"{""playerCoordinates"": {""x"": 85.1, ""y"": 6.3}, ""passEndCoordinates"": {""x"": 70.7, ""y"": 24.1}, ""eventActionType"": ""pass"", ""isHome"": false, ""outcome"": true, ""keypass"": false}",,
2087085,Yan Diomande,14065195,rating-breakdown,passes,passes,,,,RB Leipzig,90.0,,66,27,78.7,16.2,True,True,1,boolean_field,success,True,,False,True,key_pass,rating-breakdown,True,66,27,78.7,16.2,pass,False,True,"{""playerCoordinates"": {""x"": 66, ""y"": 27}, ""passEndCoordinates"": {""x"": 78.7, ""y"": 16.2}, ""eventActionType"": ""pass"", ""isHome"": false, ""outcome"": true, ""keypass"": true}",,
2087085,Yan Diomande,14065195,rating-breakdown,passes,passes,,,,RB Leipzig,90.0,,90.4,6.4,84,18.1,True,True,1,boolean_field,success,True,,False,False,pass,rating-breakdown,True,90.4,6.4,84,18.1,pass,False,False,"{""playerCoordinates"": {""x"": 90.4, ""y"": 6.4}, ""passEndCoordinates"": {""x"": 84, ""y"": 18.1}, ""eventActionType"": ""pass"", ""isHome"": false, ""outcome"": true, ""keypass"": false}",,
2087085,Yan Diomande,14065195,rating-breakdown,passes,passes,,,,RB Leipzig,90.0,,89.2,5.7,96.2,21.6,True,True,1,boolean_field,success,True,,False,False,pass,rating-breakdown,True,89.2,5.7,96.2,21.6,pass,False,False,"{""playerCoordinates"": {""x"": 89.2, ""y"": 5.7}, ""passEndCoordinates"": {""x"": 96.2, ""y"": 21.6}, ""eventActionType"": ""pass"", ""isHome"": false, ""outcome"": true, ""keypass"": false}",,
2087085,Yan Diomande,14065195,rating-breakdown,passes,passes,,,,RB Leipzig,90.0,,37.5,94.9,23.6,88.5,True,True,1,boolean_field,success,True,,False,False,pass,rating-breakdown,True,37.5,94.9,23.6,88.5,pass,False,False,"{""playerCoordinates"": {""x"": 37.5, ""y"": 94.9}, ""passEndCoordinates"": {""x"": 23.6, ""y"": 88.5}, ""eventActionType"": ""pass"", ""isHome"": false, ""outcome"": true, ""keypass"": false}",,
2087085,Yan Diomande,14065195,rating-breakdown,passes,passes,,,,RB Leipzig,90.0,,67.3,92.8,55.3,93.4,True,True,1,boolean_field,success,True,,False,False,pass,rating-breakdown,True,67.3,92.8,55.3,93.4,pass,False,False,"{""playerCoordinates"": {""x"": 67.3, ""y"": 92.8}, ""passEndCoordinates"": {""x"": 55.3, ""y"": 93.4}, ""eventActionType"": ""pass"", ""isHome"": false, ""outcome"": true, ""keypass"": false}",,
2087085,Yan Diomande,14065195,rating-breakdown,passes,passes,,,,RB Leipzig,90.0,,75.8,91.8,95.3,79.9,True,True,1,boolean_field,success,True,,False,False,pass,rating-breakdown,True,75.8,91.8,95.3,79.9,pass,False,False,"{""playerCoordinates"": {""x"": 75.8, ""y"": 91.8}, ""passEndCoordinates"": {""x"": 95.3, ""y"": 79.9}, ""eventActionType"": ""pass"", ""isHome"": false, ""outcome"": true, ""keypass"": false}",,
2087085,Yan Diomande,14065195,rating-breakdown,passes,passes,,,,RB Leipzig,90.0,,64.4,84.3,89,79.8,True,True,1,boolean_field,success,True,,False,False,pass,rating-breakdown,True,64.4,84.3,89,79.8,pass,False,False,"{""playerCoordinates"": {""x"": 64.4, ""y"": 84.3}, ""passEndCoordinates"": {""x"": 89, ""y"": 79.8}, ""eventActionType"": ""pass"", ""isHome"": false, ""outcome"": true, ""keypass"": false}",,
2087085,Yan Diomande,14065195,rating-breakdown,passes,passes,,,,RB Leipzig,90.0,,80.8,96.6,70.5,84.4,True,True,1,boolean_field,success,True,,False,False,pass,rating-breakdown,True,80.8,96.6,70.5,84.4,pass,False,False,"{""playerCoordinates"": {""x"": 80.8, ""y"": 96.6}, ""passEndCoordinates"": {""x"": 70.5, ""y"": 84.4}, ""eventActionType"": ""pass"", ""isHome"": false, ""outcome"": true, ""keypass"": false}",,
2087085,Yan Diomande,14065195,rating-breakdown,passes,passes,,,,RB Leipzig,90.0,,75.6,97.3,91,78.3,,,,unresolvable,,,,False,False,pass,rating-breakdown,True,75.6,97.3,91,78.3,pass,False,False,"{""playerCoordinates"": {""x"": 75.6, ""y"": 97.3}, ""passEndCoordinates"": {""x"": 91, ""y"": 78.3}, ""eventActionType"": ""pass"", ""isHome"": false, ""keypass"": false}",,
2087085,Yan Diomande,14065195,rating-breakdown,passes,passes,,,,RB Leipzig,90.0,,85.8,77.8,95.6,71.1,True,True,1,boolean_field,success,True,,False,False,pass,rating-breakdown,True,85.8,77.8,95.6,71.1,pass,False,False,"{""playerCoordinates"": {""x"": 85.8, ""y"": 77.8}, ""passEndCoordinates"": {""x"": 95.6, ""y"": 71.1}, ""eventActionType"": ""pass"", ""isHome"": false, ""outcome"": true, ""keypass"": false}",,
2087085,Yan Diomande,14065195,rating-breakdown,passes,passes,,,,RB Leipzig,90.0,,95.1,66.9,95.2,64.3,,,,unresolvable,,,,False,False,pass,rating-breakdown,True,95.1,66.9,95.2,64.3,pass,False,False,"{""playerCoordinates"": {""x"": 95.1, ""y"": 66.9}, ""passEndCoordinates"": {""x"": 95.2, ""y"": 64.3}, ""eventActionType"": ""pass"", ""isHome"": false, ""keypass"": false}",,
2087085,Yan Diomande,14065195,rating-breakdown,passes,passes,,,,RB Leipzig,90.0,,94,89.2,76.3,90.3,True,True,1,boolean_field,success,True,,False,False,pass,rating-breakdown,True,94,89.2,76.3,90.3,pass,False,False,"{""playerCoordinates"": {""x"": 94, ""y"": 89.2}, ""passEndCoordinates"": {""x"": 76.3, ""y"": 90.3}, ""eventActionType"": ""pass"", ""isHome"": false, ""outcome"": true, ""keypass"": false}",,
2087085,Yan Diomande,14065195,rating-breakdown,passes,passes,,,,RB Leipzig,90.0,,42.5,74.8,46.7,49.2,True,True,1,boolean_field,success,True,,False,False,pass,rating-breakdown,True,42.5,74.8,46.7,49.2,pass,False,False,"{""playerCoordinates"": {""x"": 42.5, ""y"": 74.8}, ""passEndCoordinates"": {""x"": 46.7, ""y"": 49.2}, ""eventActionType"": ""pass"", ""isHome"": false, ""outcome"": true, ""keypass"": false}",,
2087085,Yan Diomande,14065195,rating-breakdown,passes,passes,,,,RB Leipzig,90.0,,71.2,87.4,90.4,80.8,True,True,1,boolean_field,success,True,,False,False,pass,rating-breakdown,True,71.2,87.4,90.4,80.8,pass,False,False,"{""playerCoordinates"": {""x"": 71.2, ""y"": 87.4}, ""passEndCoordinates"": {""x"": 90.4, ""y"": 80.8}, ""eventActionType"": ""pass"", ""isHome"": false, ""outcome"": true, ""keypass"": false}",,
2087085,Yan Diomande,14065195,rating-breakdown,ball-carries,ball-carries,,,,RB Leipzig,90.0,,73.1,3.7,96.1,20.1,,,,unresolvable,,,,False,False,,rating-breakdown,True,73.1,3.7,96.1,20.1,ball-carry,False,,"{""playerCoordinates"": {""x"": 73.1, ""y"": 3.7}, ""passEndCoordinates"": {""x"": 96.1, ""y"": 20.1}, ""eventActionType"": ""ball-carry"", ""isHome"": false}",,
2087085,Yan Diomande,14065195,rating-breakdown,ball-carries,ball-carries,,,,RB Leipzig,90.0,,79.3,14.4,79.9,26.4,,,,unresolvable,,,,False,False,,rating-breakdown,True,79.3,14.4,79.9,26.4,ball-carry,False,,"{""playerCoordinates"": {""x"": 79.3, ""y"": 14.4}, ""passEndCoordinates"": {""x"": 79.9, ""y"": 26.4}, ""eventActionType"": ""ball-carry"", ""isHome"": false}",,
2087085,Yan Diomande,14065195,rating-breakdown,ball-carries,ball-carries,,,,RB Leipzig,90.0,,26.9,87.3,24.5,69.3,,,,unresolvable,,,,False,False,,rating-breakdown,True,26.9,87.3,24.5,69.3,ball-carry,False,,"{""playerCoordinates"": {""x"": 26.9, ""y"": 87.3}, ""passEndCoordinates"": {""x"": 24.5, ""y"": 69.3}, ""eventActionType"": ""ball-carry"", ""isHome"": false}",,
2087085,Yan Diomande,14065195,rating-breakdown,ball-carries,ball-carries,,,,RB Leipzig,90.0,,34,22.8,63.4,70.6,,,,unresolvable,,,,False,False,,rating-breakdown,True,34,22.8,63.4,70.6,ball-carry,False,,"{""playerCoordinates"": {""x"": 34, ""y"": 22.8}, ""passEndCoordinates"": {""x"": 63.4, ""y"": 70.6}, ""eventActionType"": ""ball-carry"", ""isHome"": false}",,
2087085,Yan Diomande,14065195,rating-breakdown,ball-carries,ball-carries,,,,RB Leipzig,90.0,,70.1,12.3,78.2,17.1,,,,unresolvable,,,,False,False,,rating-breakdown,True,70.1,12.3,78.2,17.1,ball-carry,False,,"{""playerCoordinates"": {""x"": 70.1, ""y"": 12.3}, ""passEndCoordinates"": {""x"": 78.2, ""y"": 17.1}, ""eventActionType"": ""ball-carry"", ""isHome"": false}",,
2087085,Yan Diomande,14065195,rating-breakdown,ball-carries,ball-carries,,,,RB Leipzig,90.0,,79.9,8.2,83.9,10.2,,,,unresolvable,,,,False,False,,rating-breakdown,True,79.9,8.2,83.9,10.2,ball-carry,False,,"{""playerCoordinates"": {""x"": 79.9, ""y"": 8.2}, ""passEndCoordinates"": {""x"": 83.9, ""y"": 10.2}, ""eventActionType"": ""ball-carry"", ""isHome"": false}",,
2087085,Yan Diomande,14065195,rating-breakdown,ball-carries,ball-carries,,,,RB Leipzig,90.0,,61.4,25,56.8,27.2,,,,unresolvable,,,,False,False,,rating-breakdown,True,61.4,25,56.8,27.2,ball-carry,False,,"{""playerCoordinates"": {""x"": 61.4, ""y"": 25}, ""passEndCoordinates"": {""x"": 56.8, ""y"": 27.2}, ""eventActionType"": ""ball-carry"", ""isHome"": false}",,
2087085,Yan Diomande,14065195,rating-breakdown,ball-carries,ball-carries,,,,RB Leipzig,90.0,,66.8,11.5,60.4,28.9,,,,unresolvable,,,,False,False,,rating-breakdown,True,66.8,11.5,60.4,28.9,ball-carry,False,,"{""playerCoordinates"": {""x"": 66.8, ""y"": 11.5}, ""passEndCoordinates"": {""x"": 60.4, ""y"": 28.9}, ""eventActionType"": ""ball-carry"", ""isHome"": false}",,
2087085,Yan Diomande,14065195,rating-breakdown,ball-carries,ball-carries,,,,RB Leipzig,90.0,,33.9,3.9,26.1,7.2,,,,unresolvable,,,,False,False,,rating-breakdown,True,33.9,3.9,26.1,7.2,ball-carry,False,,"{""playerCoordinates"": {""x"": 33.9, ""y"": 3.9}, ""passEndCoordinates"": {""x"": 26.1, ""y"": 7.2}, ""eventActionType"": ""ball-carry"", ""isHome"": false}",,
2087085,Yan Diomande,14065195,rating-breakdown,ball-carries,ball-carries,,,,RB Leipzig,90.0,,64.1,2.8,66,6.4,,,,unresolvable,,,,False,False,,rating-breakdown,True,64.1,2.8,66,6.4,ball-carry,False,,"{""playerCoordinates"": {""x"": 64.1, ""y"": 2.8}, ""passEndCoordinates"": {""x"": 66, ""y"": 6.4}, ""eventActionType"": ""ball-carry"", ""isHome"": false}",,
2087085,Yan Diomande,14065195,rating-breakdown,ball-carries,ball-carries,,,,RB Leipzig,90.0,,72.9,3.6,88.6,12.1,,,,unresolvable,,,,False,False,,rating-breakdown,True,72.9,3.6,88.6,12.1,ball-carry,False,,"{""playerCoordinates"": {""x"": 72.9, ""y"": 3.6}, ""passEndCoordinates"": {""x"": 88.6, ""y"": 12.1}, ""eventActionType"": ""ball-carry"", ""isHome"": false}",,
2087085,Yan Diomande,14065195,rating-breakdown,ball-carries,ball-carries,,,,RB Leipzig,90.0,,93,7.3,85.1,6.3,,,,unresolvable,,,,False,False,,rating-breakdown,True,93,7.3,85.1,6.3,ball-carry,False,,"{""playerCoordinates"": {""x"": 93, ""y"": 7.3}, ""passEndCoordinates"": {""x"": 85.1, ""y"": 6.3}, ""eventActionType"": ""ball-carry"", ""isHome"": false}",,
2087085,Yan Diomande,14065195,rating-breakdown,ball-carries,ball-carries,,,,RB Leipzig,90.0,,35.7,38.5,43.8,42.4,,,,unresolvable,,,,False,False,,rating-breakdown,True,35.7,38.5,43.8,42.4,ball-carry,False,,"{""playerCoordinates"": {""x"": 35.7, ""y"": 38.5}, ""passEndCoordinates"": {""x"": 43.8, ""y"": 42.4}, ""eventActionType"": ""ball-carry"", ""isHome"": false}",,
2087085,Yan Diomande,14065195,rating-breakdown,ball-carries,ball-carries,,,,RB Leipzig,90.0,,66.5,96.1,75.8,91.8,,,,unresolvable,,,,False,False,,rating-breakdown,True,66.5,96.1,75.8,91.8,ball-carry,False,,"{""playerCoordinates"": {""x"": 66.5, ""y"": 96.1}, ""passEndCoordinates"": {""x"": 75.8, ""y"": 91.8}, ""eventActionType"": ""ball-carry"", ""isHome"": false}",,
2087085,Yan Diomande,14065195,rating-breakdown,ball-carries,ball-carries,,,,RB Leipzig,90.0,,74.2,90.7,78.3,90.4,,,,unresolvable,,,,False,False,,rating-breakdown,True,74.2,90.7,78.3,90.4,ball-carry,False,,"{""playerCoordinates"": {""x"": 74.2, ""y"": 90.7}, ""passEndCoordinates"": {""x"": 78.3, ""y"": 90.4}, ""eventActionType"": ""ball-carry"", ""isHome"": false}",,
2087085,Yan Diomande,14065195,rating-breakdown,ball-carries,ball-carries,,,,RB Leipzig,90.0,,67.8,98.8,75.6,97.3,,,,unresolvable,,,,False,False,,rating-breakdown,True,67.8,98.8,75.6,97.3,ball-carry,False,,"{""playerCoordinates"": {""x"": 67.8, ""y"": 98.8}, ""passEndCoordinates"": {""x"": 75.6, ""y"": 97.3}, ""eventActionType"": ""ball-carry"", ""isHome"": false}",,
2087085,Yan Diomande,14065195,rating-breakdown,ball-carries,ball-carries,,,,RB Leipzig,90.0,,61.3,95.5,85.8,77.8,,,,unresolvable,,,,False,False,,rating-breakdown,True,61.3,95.5,85.8,77.8,ball-carry,False,,"{""playerCoordinates"": {""x"": 61.3, ""y"": 95.5}, ""passEndCoordinates"": {""x"": 85.8, ""y"": 77.8}, ""eventActionType"": ""ball-carry"", ""isHome"": false}",,
2087085,Yan Diomande,14065195,rating-breakdown,ball-carries,ball-carries,,,,RB Leipzig,90.0,,46.8,79.5,42.5,74.8,,,,unresolvable,,,,False,False,,rating-breakdown,True,46.8,79.5,42.5,74.8,ball-carry,False,,"{""playerCoordinates"": {""x"": 46.8, ""y"": 79.5}, ""passEndCoordinates"": {""x"": 42.5, ""y"": 74.8}, ""eventActionType"": ""ball-carry"", ""isHome"": false}",,
2087085,Yan Diomande,14065195,rating-breakdown,ball-carries,ball-carries,,,,RB Leipzig,90.0,,68.1,96.3,71.2,87.4,,,,unresolvable,,,,False,False,,rating-breakdown,True,68.1,96.3,71.2,87.4,ball-carry,False,,"{""playerCoordinates"": {""x"": 68.1, ""y"": 96.3}, ""passEndCoordinates"": {""x"": 71.2, ""y"": 87.4}, ""eventActionType"": ""ball-carry"", ""isHome"": false}",,
2087085,Yan Diomande,14065195,rating-breakdown,dribbles,dribbles,,,,RB Leipzig,90.0,,84.4,10.8,,,,,,unresolvable,,,,False,False,,rating-breakdown,True,84.4,10.8,,,dribble,False,False,"{""playerCoordinates"": {""x"": 84.4, ""y"": 10.8}, ""eventActionType"": ""dribble"", ""isHome"": false, ""keypass"": false}",,
2087085,Yan Diomande,14065195,rating-breakdown,dribbles,dribbles,,,,RB Leipzig,90.0,,79,90.2,,,True,True,1,boolean_field,success,,True,False,False,,rating-breakdown,True,79,90.2,,,dribble,False,False,"{""playerCoordinates"": {""x"": 79, ""y"": 90.2}, ""eventActionType"": ""dribble"", ""isHome"": false, ""outcome"": true, ""keypass"": false}",,
2087085,Yan Diomande,14065195,rating-breakdown,dribbles,dribbles,,,,RB Leipzig,90.0,,94,89.2,,,,,,unresolvable,,,,False,False,,rating-breakdown,True,94,89.2,,,dribble,False,False,"{""playerCoordinates"": {""x"": 94, ""y"": 89.2}, ""eventActionType"": ""dribble"", ""isHome"": false, ""keypass"": false}",,
2087085,Yan Diomande,14065195,rating-breakdown,dribbles,dribbles,,,,RB Leipzig,90.0,,61,79.4,,,,,,unresolvable,,,,False,False,,rating-breakdown,True,61,79.4,,,dribble,False,False,"{""playerCoordinates"": {""x"": 61, ""y"": 79.4}, ""eventActionType"": ""dribble"", ""isHome"": false, ""keypass"": false}",,
2087085,Yan Diomande,14065195,rating-breakdown,defensive,defensive,,,,RB Leipzig,90.0,,79.3,14.4,,,True,True,1,boolean_field,success,,True,False,False,,rating-breakdown,True,79.3,14.4,,,ball-recovery,False,False,"{""playerCoordinates"": {""x"": 79.3, ""y"": 14.4}, ""eventActionType"": ""ball-recovery"", ""isHome"": false, ""outcome"": true, ""keypass"": false}",,
2087085,Yan Diomande,14065195,rating-breakdown,defensive,defensive,,,,RB Leipzig,90.0,,25.9,28.9,,,True,True,1,boolean_field,success,,True,False,False,,rating-breakdown,True,25.9,28.9,,,ball-recovery,False,False,"{""playerCoordinates"": {""x"": 25.9, ""y"": 28.9}, ""eventActionType"": ""ball-recovery"", ""isHome"": false, ""outcome"": true, ""keypass"": false}",,
2087085,Yan Diomande,14065195,rating-breakdown,defensive,defensive,,,,RB Leipzig,90.0,,34,22.8,,,True,True,1,boolean_field,success,,True,False,False,,rating-breakdown,True,34,22.8,,,ball-recovery,False,False,"{""playerCoordinates"": {""x"": 34, ""y"": 22.8}, ""eventActionType"": ""ball-recovery"", ""isHome"": false, ""outcome"": true, ""keypass"": false}",,
2087085,Yan Diomande,14065195,rating-breakdown,defensive,defensive,,,,RB Leipzig,90.0,,31,15.7,,,True,True,1,boolean_field,success,,True,False,False,,rating-breakdown,True,31,15.7,,,ball-recovery,False,False,"{""playerCoordinates"": {""x"": 31, ""y"": 15.7}, ""eventActionType"": ""ball-recovery"", ""isHome"": false, ""outcome"": true, ""keypass"": false}",,
2087085,Yan Diomande,14065195,rating-breakdown,defensive,defensive,,,,RB Leipzig,90.0,,33.9,3.9,,,True,True,1,boolean_field,success,,True,False,False,,rating-breakdown,True,33.9,3.9,,,ball-recovery,False,False,"{""playerCoordinates"": {""x"": 33.9, ""y"": 3.9}, ""eventActionType"": ""ball-recovery"", ""isHome"": false, ""outcome"": true, ""keypass"": false}",,
2087085,Yan Diomande,14065195,rating-breakdown,defensive,defensive,,,,RB Leipzig,90.0,,35.7,38.5,,,True,True,1,boolean_field,success,,True,False,False,,rating-breakdown,True,35.7,38.5,,,ball-recovery,False,False,"{""playerCoordinates"": {""x"": 35.7, ""y"": 38.5}, ""eventActionType"": ""ball-recovery"", ""isHome"": false, ""outcome"": true, ""keypass"": false}",,
2087085,Yan Diomande,14065198,rating-breakdown,passes,passes,,,,RB Leipzig,66.0,,18.7,87.6,17.2,72,True,True,1,boolean_field,success,True,,False,False,pass,rating-breakdown,True,18.7,87.6,17.2,72,pass,True,False,"{""playerCoordinates"": {""x"": 18.7, ""y"": 87.6}, ""passEndCoordinates"": {""x"": 17.2, ""y"": 72}, ""eventActionType"": ""pass"", ""isHome"": true, ""outcome"": true, ""keypass"": false}",,
2087085,Yan Diomande,14065198,rating-breakdown,passes,passes,,,,RB Leipzig,66.0,,53.4,95.5,26.9,64.5,True,True,1,boolean_field,success,True,,False,False,pass,rating-breakdown,True,53.4,95.5,26.9,64.5,pass,True,False,"{""playerCoordinates"": {""x"": 53.4, ""y"": 95.5}, ""passEndCoordinates"": {""x"": 26.9, ""y"": 64.5}, ""eventActionType"": ""pass"", ""isHome"": true, ""outcome"": true, ""keypass"": false, ""isLongBall"": true}",True,
2087085,Yan Diomande,14065198,rating-breakdown,passes,passes,,,,RB Leipzig,66.0,,54.7,91.6,46.1,80.8,True,True,1,boolean_field,success,True,,False,False,pass,rating-breakdown,True,54.7,91.6,46.1,80.8,pass,True,False,"{""playerCoordinates"": {""x"": 54.7, ""y"": 91.6}, ""passEndCoordinates"": {""x"": 46.1, ""y"": 80.8}, ""eventActionType"": ""pass"", ""isHome"": true, ""outcome"": true, ""keypass"": false}",,
2087085,Yan Diomande,14065198,rating-breakdown,passes,passes,,,,RB Leipzig,66.0,,82.4,93.3,95,72.9,True,True,1,boolean_field,success,True,,False,False,pass,rating-breakdown,True,82.4,93.3,95,72.9,pass,True,False,"{""playerCoordinates"": {""x"": 82.4, ""y"": 93.3}, ""passEndCoordinates"": {""x"": 95, ""y"": 72.9}, ""eventActionType"": ""pass"", ""isHome"": true, ""outcome"": true, ""keypass"": false}",,
2087085,Yan Diomande,14065198,rating-breakdown,passes,passes,,,,RB Leipzig,66.0,,79.2,71.8,90.2,80.1,True,True,1,boolean_field,success,True,,False,False,pass,rating-breakdown,True,79.2,71.8,90.2,80.1,pass,True,False,"{""playerCoordinates"": {""x"": 79.2, ""y"": 71.8}, ""passEndCoordinates"": {""x"": 90.2, ""y"": 80.1}, ""eventActionType"": ""pass"", ""isHome"": true, ""outcome"": true, ""keypass"": false}",,
2087085,Yan Diomande,14065198,rating-breakdown,passes,passes,,,,RB Leipzig,66.0,,42.3,82.3,50.8,39.3,True,True,1,boolean_field,success,True,,False,True,key_pass,rating-breakdown,True,42.3,82.3,50.8,39.3,pass,True,True,"{""playerCoordinates"": {""x"": 42.3, ""y"": 82.3}, ""passEndCoordinates"": {""x"": 50.8, ""y"": 39.3}, ""eventActionType"": ""pass"", ""isHome"": true, ""outcome"": true, ""keypass"": true}",,
2087085,Yan Diomande,14065198,rating-breakdown,passes,passes,,,,RB Leipzig,66.0,,58.2,88.5,38,60,True,True,1,boolean_field,success,True,,False,False,pass,rating-breakdown,True,58.2,88.5,38,60,pass,True,False,"{""playerCoordinates"": {""x"": 58.2, ""y"": 88.5}, ""passEndCoordinates"": {""x"": 38, ""y"": 60}, ""eventActionType"": ""pass"", ""isHome"": true, ""outcome"": true, ""keypass"": false}",,
2087085,Yan Diomande,14065198,rating-breakdown,passes,passes,,,,RB Leipzig,66.0,,76.4,84.4,90.9,75.3,,,,unresolvable,,,,False,False,pass,rating-breakdown,True,76.4,84.4,90.9,75.3,pass,True,False,"{""playerCoordinates"": {""x"": 76.4, ""y"": 84.4}, ""passEndCoordinates"": {""x"": 90.9, ""y"": 75.3}, ""eventActionType"": ""pass"", ""isHome"": true, ""keypass"": false}",,
2087085,Yan Diomande,14065198,rating-breakdown,passes,passes,,,,RB Leipzig,66.0,,91.6,71.4,91,48.7,,,,unresolvable,,,,False,False,pass,rating-breakdown,True,91.6,71.4,91,48.7,pass,True,False,"{""playerCoordinates"": {""x"": 91.6, ""y"": 71.4}, ""passEndCoordinates"": {""x"": 91, ""y"": 48.7}, ""eventActionType"": ""pass"", ""isHome"": true, ""keypass"": false}",,
2087085,Yan Diomande,14065198,rating-breakdown,passes,passes,,,,RB Leipzig,66.0,,75.3,91.8,80.2,66,True,True,1,boolean_field,success,True,,False,False,pass,rating-breakdown,True,75.3,91.8,80.2,66,pass,True,False,"{""playerCoordinates"": {""x"": 75.3, ""y"": 91.8}, ""passEndCoordinates"": {""x"": 80.2, ""y"": 66}, ""eventActionType"": ""pass"", ""isHome"": true, ""outcome"": true, ""keypass"": false}",,
2087085,Yan Diomande,14065198,rating-breakdown,passes,passes,,,,RB Leipzig,66.0,,95.3,72.8,93.9,44.2,True,True,1,boolean_field,success,True,,True,True,assist,rating-breakdown,True,95.3,72.8,93.9,44.2,pass,True,True,"{""playerCoordinates"": {""x"": 95.3, ""y"": 72.8}, ""passEndCoordinates"": {""x"": 93.9, ""y"": 44.2}, ""eventActionType"": ""pass"", ""isHome"": true, ""outcome"": true, ""keypass"": true, ""isAssist"": true}",,True
2087085,Yan Diomande,14065198,rating-breakdown,passes,passes,,,,RB Leipzig,66.0,,76.4,55.4,76.1,84.8,True,True,1,boolean_field,success,True,,False,False,pass,rating-breakdown,True,76.4,55.4,76.1,84.8,pass,True,False,"{""playerCoordinates"": {""x"": 76.4, ""y"": 55.4}, ""passEndCoordinates"": {""x"": 76.1, ""y"": 84.8}, ""eventActionType"": ""pass"", ""isHome"": true, ""outcome"": true, ""keypass"": false}",,
2087085,Yan Diomande,14065198,rating-breakdown,passes,passes,,,,RB Leipzig,66.0,,35.3,96.3,48.7,78.7,,,,unresolvable,,,,False,False,pass,rating-breakdown,True,35.3,96.3,48.7,78.7,pass,True,False,"{""playerCoordinates"": {""x"": 35.3, ""y"": 96.3}, ""passEndCoordinates"": {""x"": 48.7, ""y"": 78.7}, ""eventActionType"": ""pass"", ""isHome"": true, ""keypass"": false}",,
2087085,Yan Diomande,14065198,rating-breakdown,passes,passes,,,,RB Leipzig,66.0,,73.4,74.7,78.6,31.3,True,True,1,boolean_field,success,True,,False,False,pass,rating-breakdown,True,73.4,74.7,78.6,31.3,pass,True,False,"{""playerCoordinates"": {""x"": 73.4, ""y"": 74.7}, ""passEndCoordinates"": {""x"": 78.6, ""y"": 31.3}, ""eventActionType"": ""pass"", ""isHome"": true, ""outcome"": true, ""keypass"": false}",,
2087085,Yan Diomande,14065198,rating-breakdown,passes,passes,,,,RB Leipzig,66.0,,42.5,80.7,42.5,54.9,True,True,1,boolean_field,success,True,,False,False,pass,rating-breakdown,True,42.5,80.7,42.5,54.9,pass,True,False,"{""playerCoordinates"": {""x"": 42.5, ""y"": 80.7}, ""passEndCoordinates"": {""x"": 42.5, ""y"": 54.9}, ""eventActionType"": ""pass"", ""isHome"": true, ""outcome"": true, ""keypass"": false}",,
2087085,Yan Diomande,14065198,rating-breakdown,passes,passes,,,,RB Leipzig,66.0,,59,96.3,52.6,86.1,True,True,1,boolean_field,success,True,,False,False,pass,rating-breakdown,True,59,96.3,52.6,86.1,pass,True,False,"{""playerCoordinates"": {""x"": 59, ""y"": 96.3}, ""passEndCoordinates"": {""x"": 52.6, ""y"": 86.1}, ""eventActionType"": ""pass"", ""isHome"": true, ""outcome"": true, ""keypass"": false}",,
2087085,Yan Diomande,14065198,rating-breakdown,passes,passes,,,,RB Leipzig,66.0,,60.7,72.7,53.1,61.9,True,True,1,boolean_field,success,True,,False,False,pass,rating-breakdown,True,60.7,72.7,53.1,61.9,pass,True,False,"{""playerCoordinates"": {""x"": 60.7, ""y"": 72.7}, ""passEndCoordinates"": {""x"": 53.1, ""y"": 61.9}, ""eventActionType"": ""pass"", ""isHome"": true, ""outcome"": true, ""keypass"": false}",,
2087085,Yan Diomande,14065198,rating-breakdown,passes,passes,,,,RB Leipzig,66.0,,67,88.9,66.2,80.2,True,True,1,boolean_field,success,True,,False,False,pass,rating-breakdown,True,67,88.9,66.2,80.2,pass,True,False,"{""playerCoordinates"": {""x"": 67, ""y"": 88.9}, ""passEndCoordinates"": {""x"": 66.2, ""y"": 80.2}, ""eventActionType"": ""pass"", ""isHome"": true, ""outcome"": true, ""keypass"": false}",,
2087085,Yan Diomande,14065198,rating-breakdown,passes,passes,,,,RB Leipzig,66.0,,73.8,94.9,72.2,86.1,True,True,1,boolean_field,success,True,,False,False,pass,rating-breakdown,True,73.8,94.9,72.2,86.1,pass,True,False,"{""playerCoordinates"": {""x"": 73.8, ""y"": 94.9}, ""passEndCoordinates"": {""x"": 72.2, ""y"": 86.1}, ""eventActionType"": ""pass"", ""isHome"": true, ""outcome"": true, ""keypass"": false}",,
2087085,Yan Diomande,14065198,rating-breakdown,passes,passes,,,,RB Leipzig,66.0,,85,73,81.2,51.3,True,True,1,boolean_field,success,True,,False,False,pass,rating-breakdown,True,85,73,81.2,51.3,pass,True,False,"{""playerCoordinates"": {""x"": 85, ""y"": 73}, ""passEndCoordinates"": {""x"": 81.2, ""y"": 51.3}, ""eventActionType"": ""pass"", ""isHome"": true, ""outcome"": true, ""keypass"": false}",,
2087085,Yan Diomande,14065198,rating-breakdown,passes,passes,,,,RB Leipzig,66.0,,28.3,84.7,22,84.1,True,True,1,boolean_field,success,True,,False,False,pass,rating-breakdown,True,28.3,84.7,22,84.1,pass,True,False,"{""playerCoordinates"": {""x"": 28.3, ""y"": 84.7}, ""passEndCoordinates"": {""x"": 22, ""y"": 84.1}, ""eventActionType"": ""pass"", ""isHome"": true, ""outcome"": true, ""keypass"": false}",,
2087085,Yan Diomande,14065198,rating-breakdown,ball-carries,ball-carries,,,,RB Leipzig,66.0,,56.1,96,57,74.4,,,,unresolvable,,,,False,False,,rating-breakdown,True,56.1,96,57,74.4,ball-carry,True,,"{""playerCoordinates"": {""x"": 56.1, ""y"": 96}, ""passEndCoordinates"": {""x"": 57, ""y"": 74.4}, ""eventActionType"": ""ball-carry"", ""isHome"": true}",,
2087085,Yan Diomande,14065198,rating-breakdown,ball-carries,ball-carries,,,,RB Leipzig,66.0,,69.4,90.4,49.9,92.5,,,,unresolvable,,,,False,False,,rating-breakdown,True,69.4,90.4,49.9,92.5,ball-carry,True,,"{""playerCoordinates"": {""x"": 69.4, ""y"": 90.4}, ""passEndCoordinates"": {""x"": 49.9, ""y"": 92.5}, ""eventActionType"": ""ball-carry"", ""isHome"": true}",,
2087085,Yan Diomande,14065198,rating-breakdown,ball-carries,ball-carries,,,,RB Leipzig,66.0,,57.2,23.8,70.3,27,,,,unresolvable,,,,False,False,,rating-breakdown,True,57.2,23.8,70.3,27,ball-carry,True,,"{""playerCoordinates"": {""x"": 57.2, ""y"": 23.8}, ""passEndCoordinates"": {""x"": 70.3, ""y"": 27}, ""eventActionType"": ""ball-carry"", ""isHome"": true}",,
2087085,Yan Diomande,14065198,rating-breakdown,ball-carries,ball-carries,,,,RB Leipzig,66.0,,17.9,86.7,15.7,83.4,,,,unresolvable,,,,False,False,,rating-breakdown,True,17.9,86.7,15.7,83.4,ball-carry,True,,"{""playerCoordinates"": {""x"": 17.9, ""y"": 86.7}, ""passEndCoordinates"": {""x"": 15.7, ""y"": 83.4}, ""eventActionType"": ""ball-carry"", ""isHome"": true}",,
2087085,Yan Diomande,14065198,rating-breakdown,ball-carries,ball-carries,,,,RB Leipzig,66.0,,79.4,93.6,82.4,93.3,,,,unresolvable,,,,False,False,,rating-breakdown,True,79.4,93.6,82.4,93.3,ball-carry,True,,"{""playerCoordinates"": {""x"": 79.4, ""y"": 93.6}, ""passEndCoordinates"": {""x"": 82.4, ""y"": 93.3}, ""eventActionType"": ""ball-carry"", ""isHome"": true}",,
2087085,Yan Diomande,14065198,rating-breakdown,ball-carries,ball-carries,,,,RB Leipzig,66.0,,60.7,93.1,65.2,95.8,,,,unresolvable,,,,False,False,,rating-breakdown,True,60.7,93.1,65.2,95.8,ball-carry,True,,"{""playerCoordinates"": {""x"": 60.7, ""y"": 93.1}, ""passEndCoordinates"": {""x"": 65.2, ""y"": 95.8}, ""eventActionType"": ""ball-carry"", ""isHome"": true}",,
2087085,Yan Diomande,14065198,rating-breakdown,ball-carries,ball-carries,,,,RB Leipzig,66.0,,66.4,87.1,59.7,88.3,,,,unresolvable,,,,False,False,,rating-breakdown,True,66.4,87.1,59.7,88.3,ball-carry,True,,"{""playerCoordinates"": {""x"": 66.4, ""y"": 87.1}, ""passEndCoordinates"": {""x"": 59.7, ""y"": 88.3}, ""eventActionType"": ""ball-carry"", ""isHome"": true}",,
2087085,Yan Diomande,14065198,rating-breakdown,ball-carries,ball-carries,,,,RB Leipzig,66.0,,37.3,92.5,42.3,82.3,,,,unresolvable,,,,False,False,,rating-breakdown,True,37.3,92.5,42.3,82.3,ball-carry,True,,"{""playerCoordinates"": {""x"": 37.3, ""y"": 92.5}, ""passEndCoordinates"": {""x"": 42.3, ""y"": 82.3}, ""eventActionType"": ""ball-carry"", ""isHome"": true}",,
2087085,Yan Diomande,14065198,rating-breakdown,ball-carries,ball-carries,,,,RB Leipzig,66.0,,64.3,87.6,58.2,88.5,,,,unresolvable,,,,False,False,,rating-breakdown,True,64.3,87.6,58.2,88.5,ball-carry,True,,"{""playerCoordinates"": {""x"": 64.3, ""y"": 87.6}, ""passEndCoordinates"": {""x"": 58.2, ""y"": 88.5}, ""eventActionType"": ""ball-carry"", ""isHome"": true}",,
2087085,Yan Diomande,14065198,rating-breakdown,ball-carries,ball-carries,,,,RB Leipzig,66.0,,73.8,86.5,76.4,84.4,,,,unresolvable,,,,False,False,,rating-breakdown,True,73.8,86.5,76.4,84.4,ball-carry,True,,"{""playerCoordinates"": {""x"": 73.8, ""y"": 86.5}, ""passEndCoordinates"": {""x"": 76.4, ""y"": 84.4}, ""eventActionType"": ""ball-carry"", ""isHome"": true}",,
2087085,Yan Diomande,14065198,rating-breakdown,ball-carries,ball-carries,,,,RB Leipzig,66.0,,64.2,82.6,79.2,91.8,,,,unresolvable,,,,False,False,,rating-breakdown,True,64.2,82.6,79.2,91.8,ball-carry,True,,"{""playerCoordinates"": {""x"": 64.2, ""y"": 82.6}, ""passEndCoordinates"": {""x"": 79.2, ""y"": 91.8}, ""eventActionType"": ""ball-carry"", ""isHome"": true}",,
2087085,Yan Diomande,14065198,rating-breakdown,ball-carries,ball-carries,,,,RB Leipzig,66.0,,68.7,95.2,75.3,91.8,,,,unresolvable,,,,False,False,,rating-breakdown,True,68.7,95.2,75.3,91.8,ball-carry,True,,"{""playerCoordinates"": {""x"": 68.7, ""y"": 95.2}, ""passEndCoordinates"": {""x"": 75.3, ""y"": 91.8}, ""eventActionType"": ""ball-carry"", ""isHome"": true}",,
2087085,Yan Diomande,14065198,rating-breakdown,ball-carries,ball-carries,,,,RB Leipzig,66.0,,75,43.9,71.4,50.1,,,,unresolvable,,,,False,False,,rating-breakdown,True,75,43.9,71.4,50.1,ball-carry,True,,"{""playerCoordinates"": {""x"": 75, ""y"": 43.9}, ""passEndCoordinates"": {""x"": 71.4, ""y"": 50.1}, ""eventActionType"": ""ball-carry"", ""isHome"": true}",,
2087085,Yan Diomande,14065198,rating-breakdown,ball-carries,ball-carries,,,,RB Leipzig,66.0,,29.6,78.4,31.9,81.6,,,,unresolvable,,,,False,False,,rating-breakdown,True,29.6,78.4,31.9,81.6,ball-carry,True,,"{""playerCoordinates"": {""x"": 29.6, ""y"": 78.4}, ""passEndCoordinates"": {""x"": 31.9, ""y"": 81.6}, ""eventActionType"": ""ball-carry"", ""isHome"": true}",,
2087085,Yan Diomande,14065198,rating-breakdown,ball-carries,ball-carries,,,,RB Leipzig,66.0,,86.3,73.3,95,73,,,,unresolvable,,,,False,False,,rating-breakdown,True,86.3,73.3,95,73,ball-carry,True,,"{""playerCoordinates"": {""x"": 86.3, ""y"": 73.3}, ""passEndCoordinates"": {""x"": 95, ""y"": 73}, ""eventActionType"": ""ball-carry"", ""isHome"": true}",,
2087085,Yan Diomande,14065198,rating-breakdown,ball-carries,ball-carries,,,,RB Leipzig,66.0,,68.8,86.4,73.4,74.7,,,,unresolvable,,,,False,False,,rating-breakdown,True,68.8,86.4,73.4,74.7,ball-carry,True,,"{""playerCoordinates"": {""x"": 68.8, ""y"": 86.4}, ""passEndCoordinates"": {""x"": 73.4, ""y"": 74.7}, ""eventActionType"": ""ball-carry"", ""isHome"": true}",,
2087085,Yan Diomande,14065198,rating-breakdown,ball-carries,ball-carries,,,,RB Leipzig,66.0,,78.4,82,85,73,,,,unresolvable,,,,False,False,,rating-breakdown,True,78.4,82,85,73,ball-carry,True,,"{""playerCoordinates"": {""x"": 78.4, ""y"": 82}, ""passEndCoordinates"": {""x"": 85, ""y"": 73}, ""eventActionType"": ""ball-carry"", ""isHome"": true}",,
2087085,Yan Diomande,14065198,rating-breakdown,dribbles,dribbles,,,,RB Leipzig,66.0,,79.2,91.8,,,,,,unresolvable,,,,False,False,,rating-breakdown,True,79.2,91.8,,,dribble,True,False,"{""playerCoordinates"": {""x"": 79.2, ""y"": 91.8}, ""eventActionType"": ""dribble"", ""isHome"": true, ""keypass"": false}",,
2087085,Yan Diomande,14065198,rating-breakdown,defensive,defensive,,,,RB Leipzig,66.0,,18,83,,,,,,unresolvable,,,,False,False,,rating-breakdown,True,18,83,,,tackle,True,False,"{""playerCoordinates"": {""x"": 18, ""y"": 83}, ""eventActionType"": ""tackle"", ""isHome"": true, ""keypass"": false}",,
2087085,Yan Diomande,14065198,rating-breakdown,defensive,defensive,,,,RB Leipzig,66.0,,57.2,23.8,,,True,True,1,boolean_field,success,,True,False,False,,rating-breakdown,True,57.2,23.8,,,ball-recovery,True,False,"{""playerCoordinates"": {""x"": 57.2, ""y"": 23.8}, ""eventActionType"": ""ball-recovery"", ""isHome"": true, ""outcome"": true, ""keypass"": false}",,
2087085,Yan Diomande,14065198,rating-breakdown,defensive,defensive,,,,RB Leipzig,66.0,,15.7,83.4,29.6,80.3,True,True,1,boolean_field,success,,True,False,False,,rating-breakdown,True,15.7,83.4,29.6,80.3,clearance,True,False,"{""playerCoordinates"": {""x"": 15.7, ""y"": 83.4}, ""passEndCoordinates"": {""x"": 29.6, ""y"": 80.3}, ""eventActionType"": ""clearance"", ""isHome"": true, ""outcome"": true, ""keypass"": false}",,
2087085,Yan Diomande,14065205,rating-breakdown,passes,passes,,,,RB Leipzig,86.0,,54.3,12.2,41.2,23.8,True,True,1,boolean_field,success,True,,False,False,pass,rating-breakdown,True,54.3,12.2,41.2,23.8,pass,False,False,"{""playerCoordinates"": {""x"": 54.3, ""y"": 12.2}, ""passEndCoordinates"": {""x"": 41.2, ""y"": 23.8}, ""eventActionType"": ""pass"", ""isHome"": false, ""outcome"": true, ""keypass"": false}",,
2087085,Yan Diomande,14065205,rating-breakdown,passes,passes,,,,RB Leipzig,86.0,,32.7,21.1,34.8,41.5,True,True,1,boolean_field,success,True,,False,False,pass,rating-breakdown,True,32.7,21.1,34.8,41.5,pass,False,False,"{""playerCoordinates"": {""x"": 32.7, ""y"": 21.1}, ""passEndCoordinates"": {""x"": 34.8, ""y"": 41.5}, ""eventActionType"": ""pass"", ""isHome"": false, ""outcome"": true, ""keypass"": false}",,
2087085,Yan Diomande,14065205,rating-breakdown,passes,passes,,,,RB Leipzig,86.0,,69.9,23.5,79.5,8,True,True,1,boolean_field,success,True,,False,False,pass,rating-breakdown,True,69.9,23.5,79.5,8,pass,False,False,"{""playerCoordinates"": {""x"": 69.9, ""y"": 23.5}, ""passEndCoordinates"": {""x"": 79.5, ""y"": 8}, ""eventActionType"": ""pass"", ""isHome"": false, ""outcome"": true, ""keypass"": false}",,
2087085,Yan Diomande,14065205,rating-breakdown,passes,passes,,,,RB Leipzig,86.0,,70.3,54.8,73.1,58.9,,,,unresolvable,,,,False,False,pass,rating-breakdown,True,70.3,54.8,73.1,58.9,pass,False,False,"{""playerCoordinates"": {""x"": 70.3, ""y"": 54.8}, ""passEndCoordinates"": {""x"": 73.1, ""y"": 58.9}, ""eventActionType"": ""pass"", ""isHome"": false, ""keypass"": false}",,
2087085,Yan Diomande,14065205,rating-breakdown,passes,passes,,,,RB Leipzig,86.0,,74.4,42.1,84.4,26.7,,,,unresolvable,,,,False,False,pass,rating-breakdown,True,74.4,42.1,84.4,26.7,pass,False,False,"{""playerCoordinates"": {""x"": 74.4, ""y"": 42.1}, ""passEndCoordinates"": {""x"": 84.4, ""y"": 26.7}, ""eventActionType"": ""pass"", ""isHome"": false, ""keypass"": false}",,
2087085,Yan Diomande,14065205,rating-breakdown,passes,passes,,,,RB Leipzig,86.0,,62.6,3.7,61.7,20.7,,,,unresolvable,,,,False,False,pass,rating-breakdown,True,62.6,3.7,61.7,20.7,pass,False,False,"{""playerCoordinates"": {""x"": 62.6, ""y"": 3.7}, ""passEndCoordinates"": {""x"": 61.7, ""y"": 20.7}, ""eventActionType"": ""pass"", ""isHome"": false, ""keypass"": false}",,
2087085,Yan Diomande,14065205,rating-breakdown,passes,passes,,,,RB Leipzig,86.0,,34,7.7,35.9,34.1,True,True,1,boolean_field,success,True,,False,False,pass,rating-breakdown,True,34,7.7,35.9,34.1,pass,False,False,"{""playerCoordinates"": {""x"": 34, ""y"": 7.7}, ""passEndCoordinates"": {""x"": 35.9, ""y"": 34.1}, ""eventActionType"": ""pass"", ""isHome"": false, ""outcome"": true, ""keypass"": false}",,
2087085,Yan Diomande,14065205,rating-breakdown,passes,passes,,,,RB Leipzig,86.0,,56.6,7.1,70.3,26.6,,,,unresolvable,,,,False,False,pass,rating-breakdown,True,56.6,7.1,70.3,26.6,pass,False,False,"{""playerCoordinates"": {""x"": 56.6, ""y"": 7.1}, ""passEndCoordinates"": {""x"": 70.3, ""y"": 26.6}, ""eventActionType"": ""pass"", ""isHome"": false, ""keypass"": false}",,
2087085,Yan Diomande,14065205,rating-breakdown,passes,passes,,,,RB Leipzig,86.0,,66.8,15.8,67.6,36.8,True,True,1,boolean_field,success,True,,False,False,pass,rating-breakdown,True,66.8,15.8,67.6,36.8,pass,False,False,"{""playerCoordinates"": {""x"": 66.8, ""y"": 15.8}, ""passEndCoordinates"": {""x"": 67.6, ""y"": 36.8}, ""eventActionType"": ""pass"", ""isHome"": false, ""outcome"": true, ""keypass"": false}",,
2087085,Yan Diomande,14065205,rating-breakdown,passes,passes,,,,RB Leipzig,86.0,,68.7,24.3,79.2,7.4,True,True,1,boolean_field,success,True,,False,False,pass,rating-breakdown,True,68.7,24.3,79.2,7.4,pass,False,False,"{""playerCoordinates"": {""x"": 68.7, ""y"": 24.3}, ""passEndCoordinates"": {""x"": 79.2, ""y"": 7.4}, ""eventActionType"": ""pass"", ""isHome"": false, ""outcome"": true, ""keypass"": false}",,
2087085,Yan Diomande,14065205,rating-breakdown,passes,passes,,,,RB Leipzig,86.0,,66.7,9.5,55,9.5,,,,unresolvable,,,,False,False,pass,rating-breakdown,True,66.7,9.5,55,9.5,pass,False,False,"{""playerCoordinates"": {""x"": 66.7, ""y"": 9.5}, ""passEndCoordinates"": {""x"": 55, ""y"": 9.5}, ""eventActionType"": ""pass"", ""isHome"": false, ""keypass"": false}",,
2087085,Yan Diomande,14065205,rating-breakdown,passes,passes,,,,RB Leipzig,86.0,,66.3,21.3,95.8,22.5,True,True,1,boolean_field,success,True,,False,False,pass,rating-breakdown,True,66.3,21.3,95.8,22.5,pass,False,False,"{""playerCoordinates"": {""x"": 66.3, ""y"": 21.3}, ""passEndCoordinates"": {""x"": 95.8, ""y"": 22.5}, ""eventActionType"": ""pass"", ""isHome"": false, ""outcome"": true, ""keypass"": false}",,
2087085,Yan Diomande,14065205,rating-breakdown,passes,passes,,,,RB Leipzig,86.0,,57,12.8,57.8,34.7,,,,unresolvable,,,,False,False,pass,rating-breakdown,True,57,12.8,57.8,34.7,pass,False,False,"{""playerCoordinates"": {""x"": 57, ""y"": 12.8}, ""passEndCoordinates"": {""x"": 57.8, ""y"": 34.7}, ""eventActionType"": ""pass"", ""isHome"": false, ""keypass"": false}",,
2087085,Yan Diomande,14065205,rating-breakdown,passes,passes,,,,RB Leipzig,86.0,,13.7,25.7,1.9,17.5,True,True,1,boolean_field,success,True,,False,False,pass,rating-breakdown,True,13.7,25.7,1.9,17.5,pass,False,False,"{""playerCoordinates"": {""x"": 13.7, ""y"": 25.7}, ""passEndCoordinates"": {""x"": 1.9, ""y"": 17.5}, ""eventActionType"": ""pass"", ""isHome"": false, ""outcome"": true, ""keypass"": false}",,
2087085,Yan Diomande,14065205,rating-breakdown,passes,passes,,,,RB Leipzig,86.0,,56.6,19.5,47.8,9.5,True,True,1,boolean_field,success,True,,False,False,pass,rating-breakdown,True,56.6,19.5,47.8,9.5,pass,False,False,"{""playerCoordinates"": {""x"": 56.6, ""y"": 19.5}, ""passEndCoordinates"": {""x"": 47.8, ""y"": 9.5}, ""eventActionType"": ""pass"", ""isHome"": false, ""outcome"": true, ""keypass"": false}",,
2087085,Yan Diomande,14065205,rating-breakdown,passes,passes,,,,RB Leipzig,86.0,,57.7,30.2,59.6,50.8,True,True,1,boolean_field,success,True,,False,False,pass,rating-breakdown,True,57.7,30.2,59.6,50.8,pass,False,False,"{""playerCoordinates"": {""x"": 57.7, ""y"": 30.2}, ""passEndCoordinates"": {""x"": 59.6, ""y"": 50.8}, ""eventActionType"": ""pass"", ""isHome"": false, ""outcome"": true, ""keypass"": false}",,
2087085,Yan Diomande,14065205,rating-breakdown,passes,passes,,,,RB Leipzig,86.0,,76.2,6.9,63.4,18.1,True,True,1,boolean_field,success,True,,False,False,pass,rating-breakdown,True,76.2,6.9,63.4,18.1,pass,False,False,"{""playerCoordinates"": {""x"": 76.2, ""y"": 6.9}, ""passEndCoordinates"": {""x"": 63.4, ""y"": 18.1}, ""eventActionType"": ""pass"", ""isHome"": false, ""outcome"": true, ""keypass"": false}",,
2087085,Yan Diomande,14065205,rating-breakdown,passes,passes,,,,RB Leipzig,86.0,,92.1,23.2,88.1,42,True,True,1,boolean_field,success,True,,False,False,pass,rating-breakdown,True,92.1,23.2,88.1,42,pass,False,False,"{""playerCoordinates"": {""x"": 92.1, ""y"": 23.2}, ""passEndCoordinates"": {""x"": 88.1, ""y"": 42}, ""eventActionType"": ""pass"", ""isHome"": false, ""outcome"": true, ""keypass"": false}",,
2087085,Yan Diomande,14065205,rating-breakdown,passes,passes,,,,RB Leipzig,86.0,,53.1,12.1,45,35.8,True,True,1,boolean_field,success,True,,False,False,pass,rating-breakdown,True,53.1,12.1,45,35.8,pass,False,False,"{""playerCoordinates"": {""x"": 53.1, ""y"": 12.1}, ""passEndCoordinates"": {""x"": 45, ""y"": 35.8}, ""eventActionType"": ""pass"", ""isHome"": false, ""outcome"": true, ""keypass"": false}",,
2087085,Yan Diomande,14065205,rating-breakdown,passes,passes,,,,RB Leipzig,86.0,,65,38.7,78.7,56,True,True,1,boolean_field,success,True,,False,False,pass,rating-breakdown,True,65,38.7,78.7,56,pass,False,False,"{""playerCoordinates"": {""x"": 65, ""y"": 38.7}, ""passEndCoordinates"": {""x"": 78.7, ""y"": 56}, ""eventActionType"": ""pass"", ""isHome"": false, ""outcome"": true, ""keypass"": false}",,
2087085,Yan Diomande,14065205,rating-breakdown,passes,passes,,,,RB Leipzig,86.0,,50.8,3.4,37.8,11.5,True,True,1,boolean_field,success,True,,False,False,pass,rating-breakdown,True,50.8,3.4,37.8,11.5,pass,False,False,"{""playerCoordinates"": {""x"": 50.8, ""y"": 3.4}, ""passEndCoordinates"": {""x"": 37.8, ""y"": 11.5}, ""eventActionType"": ""pass"", ""isHome"": false, ""outcome"": true, ""keypass"": false}",,
2087085,Yan Diomande,14065205,rating-breakdown,passes,passes,,,,RB Leipzig,86.0,,56.4,29.5,50.9,24.2,True,True,1,boolean_field,success,True,,False,False,pass,rating-breakdown,True,56.4,29.5,50.9,24.2,pass,False,False,"{""playerCoordinates"": {""x"": 56.4, ""y"": 29.5}, ""passEndCoordinates"": {""x"": 50.9, ""y"": 24.2}, ""eventActionType"": ""pass"", ""isHome"": false, ""outcome"": true, ""keypass"": false}",,
2087085,Yan Diomande,14065205,rating-breakdown,passes,passes,,,,RB Leipzig,86.0,,57.3,22,56.9,3.7,True,True,1,boolean_field,success,True,,False,False,pass,rating-breakdown,True,57.3,22,56.9,3.7,pass,False,False,"{""playerCoordinates"": {""x"": 57.3, ""y"": 22}, ""passEndCoordinates"": {""x"": 56.9, ""y"": 3.7}, ""eventActionType"": ""pass"", ""isHome"": false, ""outcome"": true, ""keypass"": false}",,
2087085,Yan Diomande,14065205,rating-breakdown,passes,passes,,,,RB Leipzig,86.0,,75.3,14.9,84.5,7.1,True,True,1,boolean_field,success,True,,False,False,pass,rating-breakdown,True,75.3,14.9,84.5,7.1,pass,False,False,"{""playerCoordinates"": {""x"": 75.3, ""y"": 14.9}, ""passEndCoordinates"": {""x"": 84.5, ""y"": 7.1}, ""eventActionType"": ""pass"", ""isHome"": false, ""outcome"": true, ""keypass"": false}",,
2087085,Yan Diomande,14065205,rating-breakdown,passes,passes,,,,RB Leipzig,86.0,,37.8,11.6,37.7,27.3,True,True,1,boolean_field,success,True,,False,False,pass,rating-breakdown,True,37.8,11.6,37.7,27.3,pass,False,False,"{""playerCoordinates"": {""x"": 37.8, ""y"": 11.6}, ""passEndCoordinates"": {""x"": 37.7, ""y"": 27.3}, ""eventActionType"": ""pass"", ""isHome"": false, ""outcome"": true, ""keypass"": false}",,
2087085,Yan Diomande,14065205,rating-breakdown,passes,passes,,,,RB Leipzig,86.0,,36.7,18.6,30.4,31.9,True,True,1,boolean_field,success,True,,False,False,pass,rating-breakdown,True,36.7,18.6,30.4,31.9,pass,False,False,"{""playerCoordinates"": {""x"": 36.7, ""y"": 18.6}, ""passEndCoordinates"": {""x"": 30.4, ""y"": 31.9}, ""eventActionType"": ""pass"", ""isHome"": false, ""outcome"": true, ""keypass"": false}",,
2087085,Yan Diomande,14065205,rating-breakdown,passes,passes,,,,RB Leipzig,86.0,,61.2,8.6,43.1,2.7,True,True,1,boolean_field,success,True,,False,False,pass,rating-breakdown,True,61.2,8.6,43.1,2.7,pass,False,False,"{""playerCoordinates"": {""x"": 61.2, ""y"": 8.6}, ""passEndCoordinates"": {""x"": 43.1, ""y"": 2.7}, ""eventActionType"": ""pass"", ""isHome"": false, ""outcome"": true, ""keypass"": false}",,
2087085,Yan Diomande,14065205,rating-breakdown,passes,passes,,,,RB Leipzig,86.0,,70.1,7.7,68.6,29.4,True,True,1,boolean_field,success,True,,False,False,pass,rating-breakdown,True,70.1,7.7,68.6,29.4,pass,False,False,"{""playerCoordinates"": {""x"": 70.1, ""y"": 7.7}, ""passEndCoordinates"": {""x"": 68.6, ""y"": 29.4}, ""eventActionType"": ""pass"", ""isHome"": false, ""outcome"": true, ""keypass"": false}",,
2087085,Yan Diomande,14065205,rating-breakdown,passes,passes,,,,RB Leipzig,86.0,,78.3,17,84.9,40.8,True,True,1,boolean_field,success,True,,False,False,pass,rating-breakdown,True,78.3,17,84.9,40.8,pass,False,False,"{""playerCoordinates"": {""x"": 78.3, ""y"": 17}, ""passEndCoordinates"": {""x"": 84.9, ""y"": 40.8}, ""eventActionType"": ""pass"", ""isHome"": false, ""outcome"": true, ""keypass"": false}",,
2087085,Yan Diomande,14065205,rating-breakdown,passes,passes,,,,RB Leipzig,86.0,,49.1,4.7,24.1,10.1,True,True,1,boolean_field,success,True,,False,False,pass,rating-breakdown,True,49.1,4.7,24.1,10.1,pass,False,False,"{""playerCoordinates"": {""x"": 49.1, ""y"": 4.7}, ""passEndCoordinates"": {""x"": 24.1, ""y"": 10.1}, ""eventActionType"": ""pass"", ""isHome"": false, ""outcome"": true, ""keypass"": false}",,
2087085,Yan Diomande,14065205,rating-breakdown,passes,passes,,,,RB Leipzig,86.0,,22.4,8.4,26.5,16.6,True,True,1,boolean_field,success,True,,False,False,pass,rating-breakdown,True,22.4,8.4,26.5,16.6,pass,False,False,"{""playerCoordinates"": {""x"": 22.4, ""y"": 8.4}, ""passEndCoordinates"": {""x"": 26.5, ""y"": 16.6}, ""eventActionType"": ""pass"", ""isHome"": false, ""outcome"": true, ""keypass"": false}",,
2087085,Yan Diomande,14065205,rating-breakdown,passes,passes,,,,RB Leipzig,86.0,,33.2,5.9,27.4,6.5,True,True,1,boolean_field,success,True,,False,False,pass,rating-breakdown,True,33.2,5.9,27.4,6.5,pass,False,False,"{""playerCoordinates"": {""x"": 33.2, ""y"": 5.9}, ""passEndCoordinates"": {""x"": 27.4, ""y"": 6.5}, ""eventActionType"": ""pass"", ""isHome"": false, ""outcome"": true, ""keypass"": false}",,
2087085,Yan Diomande,14065205,rating-breakdown,passes,passes,,,,RB Leipzig,86.0,,68.9,35,86.7,16.4,True,True,1,boolean_field,success,True,,False,False,pass,rating-breakdown,True,68.9,35,86.7,16.4,pass,False,False,"{""playerCoordinates"": {""x"": 68.9, ""y"": 35}, ""passEndCoordinates"": {""x"": 86.7, ""y"": 16.4}, ""eventActionType"": ""pass"", ""isHome"": false, ""outcome"": true, ""keypass"": false}",,
2087085,Yan Diomande,14065205,rating-breakdown,ball-carries,ball-carries,,,,RB Leipzig,86.0,,56.2,7.2,54.3,12.2,,,,unresolvable,,,,False,False,,rating-breakdown,True,56.2,7.2,54.3,12.2,ball-carry,False,,"{""playerCoordinates"": {""x"": 56.2, ""y"": 7.2}, ""passEndCoordinates"": {""x"": 54.3, ""y"": 12.2}, ""eventActionType"": ""ball-carry"", ""isHome"": false}",,
2087085,Yan Diomande,14065205,rating-breakdown,ball-carries,ball-carries,,,,RB Leipzig,86.0,,68.5,47.1,75.7,42.5,,,,unresolvable,,,,False,False,,rating-breakdown,True,68.5,47.1,75.7,42.5,ball-carry,False,,"{""playerCoordinates"": {""x"": 68.5, ""y"": 47.1}, ""passEndCoordinates"": {""x"": 75.7, ""y"": 42.5}, ""eventActionType"": ""ball-carry"", ""isHome"": false}",,
2087085,Yan Diomande,14065205,rating-breakdown,ball-carries,ball-carries,,,,RB Leipzig,86.0,,38.7,22.2,32.7,21.1,,,,unresolvable,,,,False,False,,rating-breakdown,True,38.7,22.2,32.7,21.1,ball-carry,False,,"{""playerCoordinates"": {""x"": 38.7, ""y"": 22.2}, ""passEndCoordinates"": {""x"": 32.7, ""y"": 21.1}, ""eventActionType"": ""ball-carry"", ""isHome"": false}",,
2087085,Yan Diomande,14065205,rating-breakdown,ball-carries,ball-carries,,,,RB Leipzig,86.0,,68.8,30.8,69.9,23.5,,,,unresolvable,,,,False,False,,rating-breakdown,True,68.8,30.8,69.9,23.5,ball-carry,False,,"{""playerCoordinates"": {""x"": 68.8, ""y"": 30.8}, ""passEndCoordinates"": {""x"": 69.9, ""y"": 23.5}, ""eventActionType"": ""ball-carry"", ""isHome"": false}",,
2087085,Yan Diomande,14065205,rating-breakdown,ball-carries,ball-carries,,,,RB Leipzig,86.0,,42.1,53.9,70.3,54.8,,,,unresolvable,,,,False,False,,rating-breakdown,True,42.1,53.9,70.3,54.8,ball-carry,False,,"{""playerCoordinates"": {""x"": 42.1, ""y"": 53.9}, ""passEndCoordinates"": {""x"": 70.3, ""y"": 54.8}, ""eventActionType"": ""ball-carry"", ""isHome"": false}",,
2087085,Yan Diomande,14065205,rating-breakdown,ball-carries,ball-carries,,,,RB Leipzig,86.0,,62.8,14.2,66.8,15.8,,,,unresolvable,,,,False,False,,rating-breakdown,True,62.8,14.2,66.8,15.8,ball-carry,False,,"{""playerCoordinates"": {""x"": 62.8, ""y"": 14.2}, ""passEndCoordinates"": {""x"": 66.8, ""y"": 15.8}, ""eventActionType"": ""ball-carry"", ""isHome"": false}",,
2087085,Yan Diomande,14065205,rating-breakdown,ball-carries,ball-carries,,,,RB Leipzig,86.0,,61.2,10.4,66.7,9.5,,,,unresolvable,,,,False,False,,rating-breakdown,True,61.2,10.4,66.7,9.5,ball-carry,False,,"{""playerCoordinates"": {""x"": 61.2, ""y"": 10.4}, ""passEndCoordinates"": {""x"": 66.7, ""y"": 9.5}, ""eventActionType"": ""ball-carry"", ""isHome"": false}",,
2087085,Yan Diomande,14065205,rating-breakdown,ball-carries,ball-carries,,,,RB Leipzig,86.0,,54.6,6.9,56.6,19.5,,,,unresolvable,,,,False,False,,rating-breakdown,True,54.6,6.9,56.6,19.5,ball-carry,False,,"{""playerCoordinates"": {""x"": 54.6, ""y"": 6.9}, ""passEndCoordinates"": {""x"": 56.6, ""y"": 19.5}, ""eventActionType"": ""ball-carry"", ""isHome"": false}",,
2087085,Yan Diomande,14065205,rating-breakdown,ball-carries,ball-carries,,,,RB Leipzig,86.0,,70.6,13.9,74.2,13.6,,,,unresolvable,,,,False,False,,rating-breakdown,True,70.6,13.9,74.2,13.6,ball-carry,False,,"{""playerCoordinates"": {""x"": 70.6, ""y"": 13.9}, ""passEndCoordinates"": {""x"": 74.2, ""y"": 13.6}, ""eventActionType"": ""ball-carry"", ""isHome"": false}",,
2087085,Yan Diomande,14065205,rating-breakdown,ball-carries,ball-carries,,,,RB Leipzig,86.0,,66.9,31.3,65,38.7,,,,unresolvable,,,,False,False,,rating-breakdown,True,66.9,31.3,65,38.7,ball-carry,False,,"{""playerCoordinates"": {""x"": 66.9, ""y"": 31.3}, ""passEndCoordinates"": {""x"": 65, ""y"": 38.7}, ""eventActionType"": ""ball-carry"", ""isHome"": false}",,
2087085,Yan Diomande,14065205,rating-breakdown,ball-carries,ball-carries,,,,RB Leipzig,86.0,,57.4,23.7,56.4,29.5,,,,unresolvable,,,,False,False,,rating-breakdown,True,57.4,23.7,56.4,29.5,ball-carry,False,,"{""playerCoordinates"": {""x"": 57.4, ""y"": 23.7}, ""passEndCoordinates"": {""x"": 56.4, ""y"": 29.5}, ""eventActionType"": ""ball-carry"", ""isHome"": false}",,
2087085,Yan Diomande,14065205,rating-breakdown,ball-carries,ball-carries,,,,RB Leipzig,86.0,,65.1,16.1,70.8,17.4,,,,unresolvable,,,,False,False,,rating-breakdown,True,65.1,16.1,70.8,17.4,ball-carry,False,,"{""playerCoordinates"": {""x"": 65.1, ""y"": 16.1}, ""passEndCoordinates"": {""x"": 70.8, ""y"": 17.4}, ""eventActionType"": ""ball-carry"", ""isHome"": false}",,
2087085,Yan Diomande,14065205,rating-breakdown,ball-carries,ball-carries,,,,RB Leipzig,86.0,,67.3,4.7,70.1,7.7,,,,unresolvable,,,,False,False,,rating-breakdown,True,67.3,4.7,70.1,7.7,ball-carry,False,,"{""playerCoordinates"": {""x"": 67.3, ""y"": 4.7}, ""passEndCoordinates"": {""x"": 70.1, ""y"": 7.7}, ""eventActionType"": ""ball-carry"", ""isHome"": false}",,
2087085,Yan Diomande,14065205,rating-breakdown,ball-carries,ball-carries,,,,RB Leipzig,86.0,,69.3,5.7,78.3,17,,,,unresolvable,,,,False,False,,rating-breakdown,True,69.3,5.7,78.3,17,ball-carry,False,,"{""playerCoordinates"": {""x"": 69.3, ""y"": 5.7}, ""passEndCoordinates"": {""x"": 78.3, ""y"": 17}, ""eventActionType"": ""ball-carry"", ""isHome"": false}",,
2087085,Yan Diomande,14065205,rating-breakdown,ball-carries,ball-carries,,,,RB Leipzig,86.0,,57.3,3.7,49.1,4.7,,,,unresolvable,,,,False,False,,rating-breakdown,True,57.3,3.7,49.1,4.7,ball-carry,False,,"{""playerCoordinates"": {""x"": 57.3, ""y"": 3.7}, ""passEndCoordinates"": {""x"": 49.1, ""y"": 4.7}, ""eventActionType"": ""ball-carry"", ""isHome"": false}",,
2087085,Yan Diomande,14065205,rating-breakdown,ball-carries,ball-carries,,,,RB Leipzig,86.0,,29.1,6.6,22.4,8.4,,,,unresolvable,,,,False,False,,rating-breakdown,True,29.1,6.6,22.4,8.4,ball-carry,False,,"{""playerCoordinates"": {""x"": 29.1, ""y"": 6.6}, ""passEndCoordinates"": {""x"": 22.4, ""y"": 8.4}, ""eventActionType"": ""ball-carry"", ""isHome"": false}",,
2087085,Yan Diomande,14065205,rating-breakdown,ball-carries,ball-carries,,,,RB Leipzig,86.0,,61.1,7.2,67.2,7.8,,,,unresolvable,,,,False,False,,rating-breakdown,True,61.1,7.2,67.2,7.8,ball-carry,False,,"{""playerCoordinates"": {""x"": 61.1, ""y"": 7.2}, ""passEndCoordinates"": {""x"": 67.2, ""y"": 7.8}, ""eventActionType"": ""ball-carry"", ""isHome"": false}",,
2087085,Yan Diomande,14065205,rating-breakdown,dribbles,dribbles,,,,RB Leipzig,86.0,,74.2,13.6,,,True,True,1,boolean_field,success,,True,False,False,,rating-breakdown,True,74.2,13.6,,,dribble,False,False,"{""playerCoordinates"": {""x"": 74.2, ""y"": 13.6}, ""eventActionType"": ""dribble"", ""isHome"": false, ""outcome"": true, ""keypass"": false}",,
2087085,Yan Diomande,14065205,rating-breakdown,dribbles,dribbles,,,,RB Leipzig,86.0,,93,20.4,,,True,True,1,boolean_field,success,,True,False,False,,rating-breakdown,True,93,20.4,,,dribble,False,False,"{""playerCoordinates"": {""x"": 93, ""y"": 20.4}, ""eventActionType"": ""dribble"", ""isHome"": false, ""outcome"": true, ""keypass"": false}",,
2087085,Yan Diomande,14065205,rating-breakdown,dribbles,dribbles,,,,RB Leipzig,86.0,,70.8,17.4,,,,,,unresolvable,,,,False,False,,rating-breakdown,True,70.8,17.4,,,dribble,False,False,"{""playerCoordinates"": {""x"": 70.8, ""y"": 17.4}, ""eventActionType"": ""dribble"", ""isHome"": false, ""keypass"": false}",,
2087085,Yan Diomande,14065205,rating-breakdown,dribbles,dribbles,,,,RB Leipzig,86.0,,69.8,5.8,,,True,True,1,boolean_field,success,,True,False,False,,rating-breakdown,True,69.8,5.8,,,dribble,False,False,"{""playerCoordinates"": {""x"": 69.8, ""y"": 5.8}, ""eventActionType"": ""dribble"", ""isHome"": false, ""outcome"": true, ""keypass"": false}",,
2087085,Yan Diomande,14065205,rating-breakdown,dribbles,dribbles,,,,RB Leipzig,86.0,,66.5,7.8,,,,,,unresolvable,,,,False,False,,rating-breakdown,True,66.5,7.8,,,dribble,False,False,"{""playerCoordinates"": {""x"": 66.5, ""y"": 7.8}, ""eventActionType"": ""dribble"", ""isHome"": false, ""keypass"": false}",,
2087085,Yan Diomande,14065205,rating-breakdown,defensive,defensive,,,,RB Leipzig,86.0,,26.9,9.5,,,True,True,1,boolean_field,success,,True,False,False,,rating-breakdown,True,26.9,9.5,,,ball-recovery,False,False,"{""playerCoordinates"": {""x"": 26.9, ""y"": 9.5}, ""eventActionType"": ""ball-recovery"", ""isHome"": false, ""outcome"": true, ""keypass"": false}",,
2087085,Yan Diomande,14065205,rating-breakdown,defensive,defensive,,,,RB Leipzig,86.0,,42.1,53.9,,,True,True,1,boolean_field,success,,True,False,False,,rating-breakdown,True,42.1,53.9,,,ball-recovery,False,False,"{""playerCoordinates"": {""x"": 42.1, ""y"": 53.9}, ""eventActionType"": ""ball-recovery"", ""isHome"": false, ""outcome"": true, ""keypass"": false}",,
2087085,Yan Diomande,14065205,rating-breakdown,defensive,defensive,,,,RB Leipzig,86.0,,44.7,6.5,,,True,True,1,boolean_field,success,,True,False,False,,rating-breakdown,True,44.7,6.5,,,tackle,False,False,"{""playerCoordinates"": {""x"": 44.7, ""y"": 6.5}, ""eventActionType"": ""tackle"", ""isHome"": false, ""outcome"": true, ""keypass"": false}",,
2087085,Yan Diomande,14065205,rating-breakdown,defensive,defensive,,,,RB Leipzig,86.0,,61.2,10.4,,,True,True,1,boolean_field,success,,True,False,False,,rating-breakdown,True,61.2,10.4,,,ball-recovery,False,False,"{""playerCoordinates"": {""x"": 61.2, ""y"": 10.4}, ""eventActionType"": ""ball-recovery"", ""isHome"": false, ""outcome"": true, ""keypass"": false}",,
2087085,Yan Diomande,14065205,rating-breakdown,defensive,defensive,,,,RB Leipzig,86.0,,65.8,20.7,,,True,True,1,boolean_field,success,,True,False,False,,rating-breakdown,True,65.8,20.7,,,ball-recovery,False,False,"{""playerCoordinates"": {""x"": 65.8, ""y"": 20.7}, ""eventActionType"": ""ball-recovery"", ""isHome"": false, ""outcome"": true, ""keypass"": false}",,
2087085,Yan Diomande,14065205,rating-breakdown,defensive,defensive,,,,RB Leipzig,86.0,,67.3,4.7,,,True,True,1,boolean_field,success,,True,False,False,,rating-breakdown,True,67.3,4.7,,,ball-recovery,False,False,"{""playerCoordinates"": {""x"": 67.3, ""y"": 4.7}, ""eventActionType"": ""ball-recovery"", ""isHome"": false, ""outcome"": true, ""keypass"": false}",,
2087085,Yan Diomande,14065212,rating-breakdown,passes,passes,,,,RB Leipzig,89.0,,84.8,51.3,92.6,69,True,True,1,boolean_field,success,True,,False,False,pass,rating-breakdown,True,84.8,51.3,92.6,69,pass,True,False,"{""playerCoordinates"": {""x"": 84.8, ""y"": 51.3}, ""passEndCoordinates"": {""x"": 92.6, ""y"": 69}, ""eventActionType"": ""pass"", ""isHome"": true, ""outcome"": true, ""keypass"": false}",,
2087085,Yan Diomande,14065212,rating-breakdown,passes,passes,,,,RB Leipzig,89.0,,36.5,7.3,48.2,42.3,,,,unresolvable,,,,False,False,pass,rating-breakdown,True,36.5,7.3,48.2,42.3,pass,True,False,"{""playerCoordinates"": {""x"": 36.5, ""y"": 7.3}, ""passEndCoordinates"": {""x"": 48.2, ""y"": 42.3}, ""eventActionType"": ""pass"", ""isHome"": true, ""keypass"": false}",,
2087085,Yan Diomande,14065212,rating-breakdown,passes,passes,,,,RB Leipzig,89.0,,68.1,14.4,62.8,24.7,True,True,1,boolean_field,success,True,,False,False,pass,rating-breakdown,True,68.1,14.4,62.8,24.7,pass,True,False,"{""playerCoordinates"": {""x"": 68.1, ""y"": 14.4}, ""passEndCoordinates"": {""x"": 62.8, ""y"": 24.7}, ""eventActionType"": ""pass"", ""isHome"": true, ""outcome"": true, ""keypass"": false}",,
2087085,Yan Diomande,14065212,rating-breakdown,passes,passes,,,,RB Leipzig,89.0,,95.6,25.5,96,42.4,,,,unresolvable,,,,False,False,pass,rating-breakdown,True,95.6,25.5,96,42.4,pass,True,False,"{""playerCoordinates"": {""x"": 95.6, ""y"": 25.5}, ""passEndCoordinates"": {""x"": 96, ""y"": 42.4}, ""eventActionType"": ""pass"", ""isHome"": true, ""keypass"": false}",,
2087085,Yan Diomande,14065212,rating-breakdown,passes,passes,,,,RB Leipzig,89.0,,23.7,14.8,32.6,25.9,True,True,1,boolean_field,success,True,,False,False,pass,rating-breakdown,True,23.7,14.8,32.6,25.9,pass,True,False,"{""playerCoordinates"": {""x"": 23.7, ""y"": 14.8}, ""passEndCoordinates"": {""x"": 32.6, ""y"": 25.9}, ""eventActionType"": ""pass"", ""isHome"": true, ""outcome"": true, ""keypass"": false}",,
2087085,Yan Diomande,14065212,rating-breakdown,passes,passes,,,,RB Leipzig,89.0,,84.8,27.4,87.3,37.9,True,True,1,boolean_field,success,True,,False,False,pass,rating-breakdown,True,84.8,27.4,87.3,37.9,pass,True,False,"{""playerCoordinates"": {""x"": 84.8, ""y"": 27.4}, ""passEndCoordinates"": {""x"": 87.3, ""y"": 37.9}, ""eventActionType"": ""pass"", ""isHome"": true, ""outcome"": true, ""keypass"": false}",,
2087085,Yan Diomande,14065212,rating-breakdown,passes,passes,,,,RB Leipzig,89.0,,95.9,18.3,89.2,28.9,True,True,1,boolean_field,success,True,,False,False,pass,rating-breakdown,True,95.9,18.3,89.2,28.9,pass,True,False,"{""playerCoordinates"": {""x"": 95.9, ""y"": 18.3}, ""passEndCoordinates"": {""x"": 89.2, ""y"": 28.9}, ""eventActionType"": ""pass"", ""isHome"": true, ""outcome"": true, ""keypass"": false}",,
2087085,Yan Diomande,14065212,rating-breakdown,passes,passes,,,,RB Leipzig,89.0,,55.3,2.5,30.4,21.7,True,True,1,boolean_field,success,True,,False,False,pass,rating-breakdown,True,55.3,2.5,30.4,21.7,pass,True,False,"{""playerCoordinates"": {""x"": 55.3, ""y"": 2.5}, ""passEndCoordinates"": {""x"": 30.4, ""y"": 21.7}, ""eventActionType"": ""pass"", ""isHome"": true, ""outcome"": true, ""keypass"": false}",,
2087085,Yan Diomande,14065212,rating-breakdown,passes,passes,,,,RB Leipzig,89.0,,80.6,36.7,89.9,34.6,True,True,1,boolean_field,success,True,,False,True,key_pass,rating-breakdown,True,80.6,36.7,89.9,34.6,pass,True,True,"{""playerCoordinates"": {""x"": 80.6, ""y"": 36.7}, ""passEndCoordinates"": {""x"": 89.9, ""y"": 34.6}, ""eventActionType"": ""pass"", ""isHome"": true, ""outcome"": true, ""keypass"": true}",,
2087085,Yan Diomande,14065212,rating-breakdown,passes,passes,,,,RB Leipzig,89.0,,31.5,29.2,24.7,24.1,True,True,1,boolean_field,success,True,,False,False,pass,rating-breakdown,True,31.5,29.2,24.7,24.1,pass,True,False,"{""playerCoordinates"": {""x"": 31.5, ""y"": 29.2}, ""passEndCoordinates"": {""x"": 24.7, ""y"": 24.1}, ""eventActionType"": ""pass"", ""isHome"": true, ""outcome"": true, ""keypass"": false}",,
2087085,Yan Diomande,14065212,rating-breakdown,passes,passes,,,,RB Leipzig,89.0,,33.9,10.3,42.7,28,,,,unresolvable,,,,False,False,pass,rating-breakdown,True,33.9,10.3,42.7,28,pass,True,False,"{""playerCoordinates"": {""x"": 33.9, ""y"": 10.3}, ""passEndCoordinates"": {""x"": 42.7, ""y"": 28}, ""eventActionType"": ""pass"", ""isHome"": true, ""keypass"": false}",,
2087085,Yan Diomande,14065212,rating-breakdown,passes,passes,,,,RB Leipzig,89.0,,73.1,19.5,92.9,25.2,True,True,1,boolean_field,success,True,,False,False,pass,rating-breakdown,True,73.1,19.5,92.9,25.2,pass,True,False,"{""playerCoordinates"": {""x"": 73.1, ""y"": 19.5}, ""passEndCoordinates"": {""x"": 92.9, ""y"": 25.2}, ""eventActionType"": ""pass"", ""isHome"": true, ""outcome"": true, ""keypass"": false}",,
2087085,Yan Diomande,14065212,rating-breakdown,passes,passes,,,,RB Leipzig,89.0,,72.7,41.1,64.4,51.3,True,True,1,boolean_field,success,True,,False,False,pass,rating-breakdown,True,72.7,41.1,64.4,51.3,pass,True,False,"{""playerCoordinates"": {""x"": 72.7, ""y"": 41.1}, ""passEndCoordinates"": {""x"": 64.4, ""y"": 51.3}, ""eventActionType"": ""pass"", ""isHome"": true, ""outcome"": true, ""keypass"": false}",,
2087085,Yan Diomande,14065212,rating-breakdown,passes,passes,,,,RB Leipzig,89.0,,76.7,17.1,67,38.5,True,True,1,boolean_field,success,True,,False,False,pass,rating-breakdown,True,76.7,17.1,67,38.5,pass,True,False,"{""playerCoordinates"": {""x"": 76.7, ""y"": 17.1}, ""passEndCoordinates"": {""x"": 67, ""y"": 38.5}, ""eventActionType"": ""pass"", ""isHome"": true, ""outcome"": true, ""keypass"": false}",,
2087085,Yan Diomande,14065212,rating-breakdown,passes,passes,,,,RB Leipzig,89.0,,44.5,63.9,65.2,34.8,True,True,1,boolean_field,success,True,,False,False,pass,rating-breakdown,True,44.5,63.9,65.2,34.8,pass,True,False,"{""playerCoordinates"": {""x"": 44.5, ""y"": 63.9}, ""passEndCoordinates"": {""x"": 65.2, ""y"": 34.8}, ""eventActionType"": ""pass"", ""isHome"": true, ""outcome"": true, ""keypass"": false}",,
2087085,Yan Diomande,14065212,rating-breakdown,passes,passes,,,,RB Leipzig,89.0,,44.3,5.1,41.5,30.4,True,True,1,boolean_field,success,True,,False,False,pass,rating-breakdown,True,44.3,5.1,41.5,30.4,pass,True,False,"{""playerCoordinates"": {""x"": 44.3, ""y"": 5.1}, ""passEndCoordinates"": {""x"": 41.5, ""y"": 30.4}, ""eventActionType"": ""pass"", ""isHome"": true, ""outcome"": true, ""keypass"": false}",,
2087085,Yan Diomande,14065212,rating-breakdown,passes,passes,,,,RB Leipzig,89.0,,67.1,18.7,68.3,31.5,True,True,1,boolean_field,success,True,,False,False,pass,rating-breakdown,True,67.1,18.7,68.3,31.5,pass,True,False,"{""playerCoordinates"": {""x"": 67.1, ""y"": 18.7}, ""passEndCoordinates"": {""x"": 68.3, ""y"": 31.5}, ""eventActionType"": ""pass"", ""isHome"": true, ""outcome"": true, ""keypass"": false}",,
2087085,Yan Diomande,14065212,rating-breakdown,passes,passes,,,,RB Leipzig,89.0,,62.8,23.4,64.5,30.7,True,True,1,boolean_field,success,True,,False,False,pass,rating-breakdown,True,62.8,23.4,64.5,30.7,pass,True,False,"{""playerCoordinates"": {""x"": 62.8, ""y"": 23.4}, ""passEndCoordinates"": {""x"": 64.5, ""y"": 30.7}, ""eventActionType"": ""pass"", ""isHome"": true, ""outcome"": true, ""keypass"": false}",,
2087085,Yan Diomande,14065212,rating-breakdown,passes,passes,,,,RB Leipzig,89.0,,61.6,29.5,68.4,44.5,True,True,1,boolean_field,success,True,,False,False,pass,rating-breakdown,True,61.6,29.5,68.4,44.5,pass,True,False,"{""playerCoordinates"": {""x"": 61.6, ""y"": 29.5}, ""passEndCoordinates"": {""x"": 68.4, ""y"": 44.5}, ""eventActionType"": ""pass"", ""isHome"": true, ""outcome"": true, ""keypass"": false}",,
2087085,Yan Diomande,14065212,rating-breakdown,passes,passes,,,,RB Leipzig,89.0,,64.1,5.1,55.6,22.9,True,True,1,boolean_field,success,True,,False,False,pass,rating-breakdown,True,64.1,5.1,55.6,22.9,pass,True,False,"{""playerCoordinates"": {""x"": 64.1, ""y"": 5.1}, ""passEndCoordinates"": {""x"": 55.6, ""y"": 22.9}, ""eventActionType"": ""pass"", ""isHome"": true, ""outcome"": true, ""keypass"": false}",,
2087085,Yan Diomande,14065212,rating-breakdown,passes,passes,,,,RB Leipzig,89.0,,73,24.1,96.3,17.1,True,True,1,boolean_field,success,True,,False,False,pass,rating-breakdown,True,73,24.1,96.3,17.1,pass,True,False,"{""playerCoordinates"": {""x"": 73, ""y"": 24.1}, ""passEndCoordinates"": {""x"": 96.3, ""y"": 17.1}, ""eventActionType"": ""pass"", ""isHome"": true, ""outcome"": true, ""keypass"": false}",,
2087085,Yan Diomande,14065212,rating-breakdown,passes,passes,,,,RB Leipzig,89.0,,73.7,2.8,58.2,23.2,True,True,1,boolean_field,success,True,,False,False,pass,rating-breakdown,True,73.7,2.8,58.2,23.2,pass,True,False,"{""playerCoordinates"": {""x"": 73.7, ""y"": 2.8}, ""passEndCoordinates"": {""x"": 58.2, ""y"": 23.2}, ""eventActionType"": ""pass"", ""isHome"": true, ""outcome"": true, ""keypass"": false}",,
2087085,Yan Diomande,14065212,rating-breakdown,passes,passes,,,,RB Leipzig,89.0,,60.2,3.7,57.2,16.3,True,True,1,boolean_field,success,True,,False,False,pass,rating-breakdown,True,60.2,3.7,57.2,16.3,pass,True,False,"{""playerCoordinates"": {""x"": 60.2, ""y"": 3.7}, ""passEndCoordinates"": {""x"": 57.2, ""y"": 16.3}, ""eventActionType"": ""pass"", ""isHome"": true, ""outcome"": true, ""keypass"": false}",,
2087085,Yan Diomande,14065212,rating-breakdown,passes,passes,,,,RB Leipzig,89.0,,79.1,11.4,75.7,29.1,True,True,1,boolean_field,success,True,,False,False,pass,rating-breakdown,True,79.1,11.4,75.7,29.1,pass,True,False,"{""playerCoordinates"": {""x"": 79.1, ""y"": 11.4}, ""passEndCoordinates"": {""x"": 75.7, ""y"": 29.1}, ""eventActionType"": ""pass"", ""isHome"": true, ""outcome"": true, ""keypass"": false}",,
2087085,Yan Diomande,14065212,rating-breakdown,passes,passes,,,,RB Leipzig,89.0,,83.8,9.6,68,32.1,True,True,1,boolean_field,success,True,,False,False,pass,rating-breakdown,True,83.8,9.6,68,32.1,pass,True,False,"{""playerCoordinates"": {""x"": 83.8, ""y"": 9.6}, ""passEndCoordinates"": {""x"": 68, ""y"": 32.1}, ""eventActionType"": ""pass"", ""isHome"": true, ""outcome"": true, ""keypass"": false}",,
2087085,Yan Diomande,14065212,rating-breakdown,passes,passes,,,,RB Leipzig,89.0,,97.2,24,94.8,47.5,,,,unresolvable,,,,False,False,pass,rating-breakdown,True,97.2,24,94.8,47.5,cross,True,False,"{""playerCoordinates"": {""x"": 97.2, ""y"": 24}, ""passEndCoordinates"": {""x"": 94.8, ""y"": 47.5}, ""eventActionType"": ""cross"", ""isHome"": true, ""keypass"": false}",,
2087085,Yan Diomande,14065212,rating-breakdown,passes,passes,,,,RB Leipzig,89.0,,88.4,11.2,77.1,22.9,True,True,1,boolean_field,success,True,,False,False,pass,rating-breakdown,True,88.4,11.2,77.1,22.9,pass,True,False,"{""playerCoordinates"": {""x"": 88.4, ""y"": 11.2}, ""passEndCoordinates"": {""x"": 77.1, ""y"": 22.9}, ""eventActionType"": ""pass"", ""isHome"": true, ""outcome"": true, ""keypass"": false}",,
2087085,Yan Diomande,14065212,rating-breakdown,passes,passes,,,,RB Leipzig,89.0,,65,18.2,64.2,18.6,,,,unresolvable,,,,False,False,pass,rating-breakdown,True,65,18.2,64.2,18.6,pass,True,False,"{""playerCoordinates"": {""x"": 65, ""y"": 18.2}, ""passEndCoordinates"": {""x"": 64.2, ""y"": 18.6}, ""eventActionType"": ""pass"", ""isHome"": true, ""keypass"": false}",,
2087085,Yan Diomande,14065212,rating-breakdown,passes,passes,,,,RB Leipzig,89.0,,72.6,30.9,77.8,46.6,True,True,1,boolean_field,success,True,,False,False,pass,rating-breakdown,True,72.6,30.9,77.8,46.6,pass,True,False,"{""playerCoordinates"": {""x"": 72.6, ""y"": 30.9}, ""passEndCoordinates"": {""x"": 77.8, ""y"": 46.6}, ""eventActionType"": ""pass"", ""isHome"": true, ""outcome"": true, ""keypass"": false}",,
2087085,Yan Diomande,14065212,rating-breakdown,passes,passes,,,,RB Leipzig,89.0,,62.1,7.8,46.2,14.4,True,True,1,boolean_field,success,True,,False,False,pass,rating-breakdown,True,62.1,7.8,46.2,14.4,pass,True,False,"{""playerCoordinates"": {""x"": 62.1, ""y"": 7.8}, ""passEndCoordinates"": {""x"": 46.2, ""y"": 14.4}, ""eventActionType"": ""pass"", ""isHome"": true, ""outcome"": true, ""keypass"": false}",,
2087085,Yan Diomande,14065212,rating-breakdown,passes,passes,,,,RB Leipzig,89.0,,95.9,22,95.4,24.6,,,,unresolvable,,,,False,False,pass,rating-breakdown,True,95.9,22,95.4,24.6,cross,True,False,"{""playerCoordinates"": {""x"": 95.9, ""y"": 22}, ""passEndCoordinates"": {""x"": 95.4, ""y"": 24.6}, ""eventActionType"": ""cross"", ""isHome"": true, ""keypass"": false}",,
2087085,Yan Diomande,14065212,rating-breakdown,passes,passes,,,,RB Leipzig,89.0,,75.8,34.5,43.8,54.7,True,True,1,boolean_field,success,True,,False,False,pass,rating-breakdown,True,75.8,34.5,43.8,54.7,pass,True,False,"{""playerCoordinates"": {""x"": 75.8, ""y"": 34.5}, ""passEndCoordinates"": {""x"": 43.8, ""y"": 54.7}, ""eventActionType"": ""pass"", ""isHome"": true, ""outcome"": true, ""keypass"": false, ""isLongBall"": true}",True,
2087085,Yan Diomande,14065212,rating-breakdown,passes,passes,,,,RB Leipzig,89.0,,98.3,28,96.2,45.4,True,True,1,boolean_field,success,True,,False,True,key_pass,rating-breakdown,True,98.3,28,96.2,45.4,pass,True,True,"{""playerCoordinates"": {""x"": 98.3, ""y"": 28}, ""passEndCoordinates"": {""x"": 96.2, ""y"": 45.4}, ""eventActionType"": ""pass"", ""isHome"": true, ""outcome"": true, ""keypass"": true}",,
2087085,Yan Diomande,14065212,rating-breakdown,passes,passes,,,,RB Leipzig,89.0,,73.2,29.8,80.1,43.3,True,True,1,boolean_field,success,True,,False,False,pass,rating-breakdown,True,73.2,29.8,80.1,43.3,pass,True,False,"{""playerCoordinates"": {""x"": 73.2, ""y"": 29.8}, ""passEndCoordinates"": {""x"": 80.1, ""y"": 43.3}, ""eventActionType"": ""pass"", ""isHome"": true, ""outcome"": true, ""keypass"": false}",,
2087085,Yan Diomande,14065212,rating-breakdown,passes,passes,,,,RB Leipzig,89.0,,72.8,34.4,81.1,39.7,,,,unresolvable,,,,False,False,pass,rating-breakdown,True,72.8,34.4,81.1,39.7,pass,True,False,"{""playerCoordinates"": {""x"": 72.8, ""y"": 34.4}, ""passEndCoordinates"": {""x"": 81.1, ""y"": 39.7}, ""eventActionType"": ""pass"", ""isHome"": true, ""keypass"": false}",,
2087085,Yan Diomande,14065212,rating-breakdown,passes,passes,,,,RB Leipzig,89.0,,71.6,26.4,71.2,11.2,True,True,1,boolean_field,success,True,,False,False,pass,rating-breakdown,True,71.6,26.4,71.2,11.2,pass,True,False,"{""playerCoordinates"": {""x"": 71.6, ""y"": 26.4}, ""passEndCoordinates"": {""x"": 71.2, ""y"": 11.2}, ""eventActionType"": ""pass"", ""isHome"": true, ""outcome"": true, ""keypass"": false}",,
2087085,Yan Diomande,14065212,rating-breakdown,passes,passes,,,,RB Leipzig,89.0,,72.4,18.7,72,33.6,True,True,1,boolean_field,success,True,,False,False,pass,rating-breakdown,True,72.4,18.7,72,33.6,pass,True,False,"{""playerCoordinates"": {""x"": 72.4, ""y"": 18.7}, ""passEndCoordinates"": {""x"": 72, ""y"": 33.6}, ""eventActionType"": ""pass"", ""isHome"": true, ""outcome"": true, ""keypass"": false}",,
2087085,Yan Diomande,14065212,rating-breakdown,passes,passes,,,,RB Leipzig,89.0,,68.3,32.1,68.8,64.5,True,True,1,boolean_field,success,True,,False,False,pass,rating-breakdown,True,68.3,32.1,68.8,64.5,pass,True,False,"{""playerCoordinates"": {""x"": 68.3, ""y"": 32.1}, ""passEndCoordinates"": {""x"": 68.8, ""y"": 64.5}, ""eventActionType"": ""pass"", ""isHome"": true, ""outcome"": true, ""keypass"": false}",,
2087085,Yan Diomande,14065212,rating-breakdown,passes,passes,,,,RB Leipzig,89.0,,70.3,23.7,89.2,13.6,True,True,1,boolean_field,success,True,,False,False,pass,rating-breakdown,True,70.3,23.7,89.2,13.6,pass,True,False,"{""playerCoordinates"": {""x"": 70.3, ""y"": 23.7}, ""passEndCoordinates"": {""x"": 89.2, ""y"": 13.6}, ""eventActionType"": ""pass"", ""isHome"": true, ""outcome"": true, ""keypass"": false}",,
2087085,Yan Diomande,14065212,rating-breakdown,passes,passes,,,,RB Leipzig,89.0,,88.8,96,98.1,74.8,True,True,1,boolean_field,success,True,,False,False,pass,rating-breakdown,True,88.8,96,98.1,74.8,pass,True,False,"{""playerCoordinates"": {""x"": 88.8, ""y"": 96}, ""passEndCoordinates"": {""x"": 98.1, ""y"": 74.8}, ""eventActionType"": ""pass"", ""isHome"": true, ""outcome"": true, ""keypass"": false}",,
2087085,Yan Diomande,14065212,rating-breakdown,passes,passes,,,,RB Leipzig,89.0,,73.1,93.4,69.5,67.6,True,True,1,boolean_field,success,True,,False,False,pass,rating-breakdown,True,73.1,93.4,69.5,67.6,pass,True,False,"{""playerCoordinates"": {""x"": 73.1, ""y"": 93.4}, ""passEndCoordinates"": {""x"": 69.5, ""y"": 67.6}, ""eventActionType"": ""pass"", ""isHome"": true, ""outcome"": true, ""keypass"": false}",,
2087085,Yan Diomande,14065212,rating-breakdown,passes,passes,,,,RB Leipzig,89.0,,34.8,76.3,35.5,56.8,True,True,1,boolean_field,success,True,,False,False,pass,rating-breakdown,True,34.8,76.3,35.5,56.8,pass,True,False,"{""playerCoordinates"": {""x"": 34.8, ""y"": 76.3}, ""passEndCoordinates"": {""x"": 35.5, ""y"": 56.8}, ""eventActionType"": ""pass"", ""isHome"": true, ""outcome"": true, ""keypass"": false}",,
2087085,Yan Diomande,14065212,rating-breakdown,passes,passes,,,,RB Leipzig,89.0,,47.2,93.7,81.1,89.4,,,,unresolvable,,,,False,False,pass,rating-breakdown,True,47.2,93.7,81.1,89.4,pass,True,False,"{""playerCoordinates"": {""x"": 47.2, ""y"": 93.7}, ""passEndCoordinates"": {""x"": 81.1, ""y"": 89.4}, ""eventActionType"": ""pass"", ""isHome"": true, ""keypass"": false, ""isLongBall"": true}",True,
2087085,Yan Diomande,14065212,rating-breakdown,passes,passes,,,,RB Leipzig,89.0,,78.3,69,93.1,69.9,True,True,1,boolean_field,success,True,,False,True,key_pass,rating-breakdown,True,78.3,69,93.1,69.9,pass,True,True,"{""playerCoordinates"": {""x"": 78.3, ""y"": 69}, ""passEndCoordinates"": {""x"": 93.1, ""y"": 69.9}, ""eventActionType"": ""pass"", ""isHome"": true, ""outcome"": true, ""keypass"": true}",,
2087085,Yan Diomande,14065212,rating-breakdown,passes,passes,,,,RB Leipzig,89.0,,92.7,67.9,98.2,55.5,,,,unresolvable,,,,False,False,pass,rating-breakdown,True,92.7,67.9,98.2,55.5,pass,True,False,"{""playerCoordinates"": {""x"": 92.7, ""y"": 67.9}, ""passEndCoordinates"": {""x"": 98.2, ""y"": 55.5}, ""eventActionType"": ""pass"", ""isHome"": true, ""keypass"": false}",,
2087085,Yan Diomande,14065212,rating-breakdown,passes,passes,,,,RB Leipzig,89.0,,98.4,68.1,93.5,62.7,,,,unresolvable,,,,False,False,pass,rating-breakdown,True,98.4,68.1,93.5,62.7,pass,True,False,"{""playerCoordinates"": {""x"": 98.4, ""y"": 68.1}, ""passEndCoordinates"": {""x"": 93.5, ""y"": 62.7}, ""eventActionType"": ""pass"", ""isHome"": true, ""keypass"": false}",,
2087085,Yan Diomande,14065212,rating-breakdown,passes,passes,,,,RB Leipzig,89.0,,95.3,72.4,95.3,55.6,,,,unresolvable,,,,False,False,pass,rating-breakdown,True,95.3,72.4,95.3,55.6,pass,True,False,"{""playerCoordinates"": {""x"": 95.3, ""y"": 72.4}, ""passEndCoordinates"": {""x"": 95.3, ""y"": 55.6}, ""eventActionType"": ""pass"", ""isHome"": true, ""keypass"": false}",,
2087085,Yan Diomande,14065212,rating-breakdown,passes,passes,,,,RB Leipzig,89.0,,53.5,92.5,37.4,100,,,,unresolvable,,,,False,False,pass,rating-breakdown,True,53.5,92.5,37.4,100,pass,True,False,"{""playerCoordinates"": {""x"": 53.5, ""y"": 92.5}, ""passEndCoordinates"": {""x"": 37.4, ""y"": 100}, ""eventActionType"": ""pass"", ""isHome"": true, ""keypass"": false}",,
2087085,Yan Diomande,14065212,rating-breakdown,passes,passes,,,,RB Leipzig,89.0,,89.9,65.5,92.6,61.5,,,,unresolvable,,,,False,False,pass,rating-breakdown,True,89.9,65.5,92.6,61.5,pass,True,False,"{""playerCoordinates"": {""x"": 89.9, ""y"": 65.5}, ""passEndCoordinates"": {""x"": 92.6, ""y"": 61.5}, ""eventActionType"": ""pass"", ""isHome"": true, ""keypass"": false}",,
2087085,Yan Diomande,14065212,rating-breakdown,passes,passes,,,,RB Leipzig,89.0,,43.8,49.2,46.5,30.3,True,True,1,boolean_field,success,True,,False,False,pass,rating-breakdown,True,43.8,49.2,46.5,30.3,pass,True,False,"{""playerCoordinates"": {""x"": 43.8, ""y"": 49.2}, ""passEndCoordinates"": {""x"": 46.5, ""y"": 30.3}, ""eventActionType"": ""pass"", ""isHome"": true, ""outcome"": true, ""keypass"": false}",,
2087085,Yan Diomande,14065212,rating-breakdown,passes,passes,,,,RB Leipzig,89.0,,87.7,66.4,84.9,51.9,,,,unresolvable,,,,False,False,pass,rating-breakdown,True,87.7,66.4,84.9,51.9,pass,True,False,"{""playerCoordinates"": {""x"": 87.7, ""y"": 66.4}, ""passEndCoordinates"": {""x"": 84.9, ""y"": 51.9}, ""eventActionType"": ""pass"", ""isHome"": true, ""keypass"": false}",,
2087085,Yan Diomande,14065212,rating-breakdown,ball-carries,ball-carries,,,,RB Leipzig,89.0,,70.3,5.4,84.8,51.3,,,,unresolvable,,,,False,False,,rating-breakdown,True,70.3,5.4,84.8,51.3,ball-carry,True,,"{""playerCoordinates"": {""x"": 70.3, ""y"": 5.4}, ""passEndCoordinates"": {""x"": 84.8, ""y"": 51.3}, ""eventActionType"": ""ball-carry"", ""isHome"": true}",,
2087085,Yan Diomande,14065212,rating-breakdown,ball-carries,ball-carries,,,,RB Leipzig,89.0,,40.2,5.2,36.5,7.3,,,,unresolvable,,,,False,False,,rating-breakdown,True,40.2,5.2,36.5,7.3,ball-carry,True,,"{""playerCoordinates"": {""x"": 40.2, ""y"": 5.2}, ""passEndCoordinates"": {""x"": 36.5, ""y"": 7.3}, ""eventActionType"": ""ball-carry"", ""isHome"": true}",,
2087085,Yan Diomande,14065212,rating-breakdown,ball-carries,ball-carries,,,,RB Leipzig,89.0,,79.4,16.2,86.3,16,,,,unresolvable,,,,False,False,,rating-breakdown,True,79.4,16.2,86.3,16,ball-carry,True,,"{""playerCoordinates"": {""x"": 79.4, ""y"": 16.2}, ""passEndCoordinates"": {""x"": 86.3, ""y"": 16}, ""eventActionType"": ""ball-carry"", ""isHome"": true}",,
2087085,Yan Diomande,14065212,rating-breakdown,ball-carries,ball-carries,,,,RB Leipzig,89.0,,88,25,90.8,31.6,,,,unresolvable,,,,False,False,,rating-breakdown,True,88,25,90.8,31.6,ball-carry,True,,"{""playerCoordinates"": {""x"": 88, ""y"": 25}, ""passEndCoordinates"": {""x"": 90.8, ""y"": 31.6}, ""eventActionType"": ""ball-carry"", ""isHome"": true}",,
2087085,Yan Diomande,14065212,rating-breakdown,ball-carries,ball-carries,,,,RB Leipzig,89.0,,64.1,23.4,80.6,36.7,,,,unresolvable,,,,False,False,,rating-breakdown,True,64.1,23.4,80.6,36.7,ball-carry,True,,"{""playerCoordinates"": {""x"": 64.1, ""y"": 23.4}, ""passEndCoordinates"": {""x"": 80.6, ""y"": 36.7}, ""eventActionType"": ""ball-carry"", ""isHome"": true}",,
2087085,Yan Diomande,14065212,rating-breakdown,ball-carries,ball-carries,,,,RB Leipzig,89.0,,40.3,71.7,44.5,63.9,,,,unresolvable,,,,False,False,,rating-breakdown,True,40.3,71.7,44.5,63.9,ball-carry,True,,"{""playerCoordinates"": {""x"": 40.3, ""y"": 71.7}, ""passEndCoordinates"": {""x"": 44.5, ""y"": 63.9}, ""eventActionType"": ""ball-carry"", ""isHome"": true}",,
2087085,Yan Diomande,14065212,rating-breakdown,ball-carries,ball-carries,,,,RB Leipzig,89.0,,65.7,2.7,70.1,13.2,,,,unresolvable,,,,False,False,,rating-breakdown,True,65.7,2.7,70.1,13.2,ball-carry,True,,"{""playerCoordinates"": {""x"": 65.7, ""y"": 2.7}, ""passEndCoordinates"": {""x"": 70.1, ""y"": 13.2}, ""eventActionType"": ""ball-carry"", ""isHome"": true}",,
2087085,Yan Diomande,14065212,rating-breakdown,ball-carries,ball-carries,,,,RB Leipzig,89.0,,82.1,6.6,79.1,11.4,,,,unresolvable,,,,False,False,,rating-breakdown,True,82.1,6.6,79.1,11.4,ball-carry,True,,"{""playerCoordinates"": {""x"": 82.1, ""y"": 6.6}, ""passEndCoordinates"": {""x"": 79.1, ""y"": 11.4}, ""eventActionType"": ""ball-carry"", ""isHome"": true}",,
2087085,Yan Diomande,14065212,rating-breakdown,ball-carries,ball-carries,,,,RB Leipzig,89.0,,77.9,7.2,83.8,9.6,,,,unresolvable,,,,False,False,,rating-breakdown,True,77.9,7.2,83.8,9.6,ball-carry,True,,"{""playerCoordinates"": {""x"": 77.9, ""y"": 7.2}, ""passEndCoordinates"": {""x"": 83.8, ""y"": 9.6}, ""eventActionType"": ""ball-carry"", ""isHome"": true}",,
2087085,Yan Diomande,14065212,rating-breakdown,ball-carries,ball-carries,,,,RB Leipzig,89.0,,72.2,24.6,73.2,29.8,,,,unresolvable,,,,False,False,,rating-breakdown,True,72.2,24.6,73.2,29.8,ball-carry,True,,"{""playerCoordinates"": {""x"": 72.2, ""y"": 24.6}, ""passEndCoordinates"": {""x"": 73.2, ""y"": 29.8}, ""eventActionType"": ""ball-carry"", ""isHome"": true}",,
2087085,Yan Diomande,14065212,rating-breakdown,ball-carries,ball-carries,,,,RB Leipzig,89.0,,80.2,35.4,72.8,34.4,,,,unresolvable,,,,False,False,,rating-breakdown,True,80.2,35.4,72.8,34.4,ball-carry,True,,"{""playerCoordinates"": {""x"": 80.2, ""y"": 35.4}, ""passEndCoordinates"": {""x"": 72.8, ""y"": 34.4}, ""eventActionType"": ""ball-carry"", ""isHome"": true}",,
2087085,Yan Diomande,14065212,rating-breakdown,ball-carries,ball-carries,,,,RB Leipzig,89.0,,68.6,25.8,71.7,25.9,,,,unresolvable,,,,False,False,,rating-breakdown,True,68.6,25.8,71.7,25.9,ball-carry,True,,"{""playerCoordinates"": {""x"": 68.6, ""y"": 25.8}, ""passEndCoordinates"": {""x"": 71.7, ""y"": 25.9}, ""eventActionType"": ""ball-carry"", ""isHome"": true}",,
2087085,Yan Diomande,14065212,rating-breakdown,ball-carries,ball-carries,,,,RB Leipzig,89.0,,67.2,6.6,68.3,32.1,,,,unresolvable,,,,False,False,,rating-breakdown,True,67.2,6.6,68.3,32.1,ball-carry,True,,"{""playerCoordinates"": {""x"": 67.2, ""y"": 6.6}, ""passEndCoordinates"": {""x"": 68.3, ""y"": 32.1}, ""eventActionType"": ""ball-carry"", ""isHome"": true}",,
2087085,Yan Diomande,14065212,rating-breakdown,ball-carries,ball-carries,,,,RB Leipzig,89.0,,71,28.3,70.3,23.7,,,,unresolvable,,,,False,False,,rating-breakdown,True,71,28.3,70.3,23.7,ball-carry,True,,"{""playerCoordinates"": {""x"": 71, ""y"": 28.3}, ""passEndCoordinates"": {""x"": 70.3, ""y"": 23.7}, ""eventActionType"": ""ball-carry"", ""isHome"": true}",,
2087085,Yan Diomande,14065212,rating-breakdown,ball-carries,ball-carries,,,,RB Leipzig,89.0,,46.5,6,43.7,12.9,,,,unresolvable,,,,False,False,,rating-breakdown,True,46.5,6,43.7,12.9,ball-carry,True,,"{""playerCoordinates"": {""x"": 46.5, ""y"": 6}, ""passEndCoordinates"": {""x"": 43.7, ""y"": 12.9}, ""eventActionType"": ""ball-carry"", ""isHome"": true}",,
2087085,Yan Diomande,14065212,rating-breakdown,ball-carries,ball-carries,,,,RB Leipzig,89.0,,39.5,93.4,47.2,93.7,,,,unresolvable,,,,False,False,,rating-breakdown,True,39.5,93.4,47.2,93.7,ball-carry,True,,"{""playerCoordinates"": {""x"": 39.5, ""y"": 93.4}, ""passEndCoordinates"": {""x"": 47.2, ""y"": 93.7}, ""eventActionType"": ""ball-carry"", ""isHome"": true}",,
2087085,Yan Diomande,14065212,rating-breakdown,ball-carries,ball-carries,,,,RB Leipzig,89.0,,81.8,85.6,78.3,69,,,,unresolvable,,,,False,False,,rating-breakdown,True,81.8,85.6,78.3,69,ball-carry,True,,"{""playerCoordinates"": {""x"": 81.8, ""y"": 85.6}, ""passEndCoordinates"": {""x"": 78.3, ""y"": 69}, ""eventActionType"": ""ball-carry"", ""isHome"": true}",,
2087085,Yan Diomande,14065212,rating-breakdown,ball-carries,ball-carries,,,,RB Leipzig,89.0,,92.2,73.8,92.7,67.9,,,,unresolvable,,,,False,False,,rating-breakdown,True,92.2,73.8,92.7,67.9,ball-carry,True,,"{""playerCoordinates"": {""x"": 92.2, ""y"": 73.8}, ""passEndCoordinates"": {""x"": 92.7, ""y"": 67.9}, ""eventActionType"": ""ball-carry"", ""isHome"": true}",,
2087085,Yan Diomande,14065212,rating-breakdown,ball-carries,ball-carries,,,,RB Leipzig,89.0,,87.3,90.1,90.5,86.6,,,,unresolvable,,,,False,False,,rating-breakdown,True,87.3,90.1,90.5,86.6,ball-carry,True,,"{""playerCoordinates"": {""x"": 87.3, ""y"": 90.1}, ""passEndCoordinates"": {""x"": 90.5, ""y"": 86.6}, ""eventActionType"": ""ball-carry"", ""isHome"": true}",,
2087085,Yan Diomande,14065212,rating-breakdown,ball-carries,ball-carries,,,,RB Leipzig,89.0,,76.7,63.7,87.9,60.1,,,,unresolvable,,,,False,False,,rating-breakdown,True,76.7,63.7,87.9,60.1,ball-carry,True,,"{""playerCoordinates"": {""x"": 76.7, ""y"": 63.7}, ""passEndCoordinates"": {""x"": 87.9, ""y"": 60.1}, ""eventActionType"": ""ball-carry"", ""isHome"": true}",,
2087085,Yan Diomande,14065212,rating-breakdown,ball-carries,ball-carries,,,,RB Leipzig,89.0,,86.2,69.6,89.9,65.5,,,,unresolvable,,,,False,False,,rating-breakdown,True,86.2,69.6,89.9,65.5,ball-carry,True,,"{""playerCoordinates"": {""x"": 86.2, ""y"": 69.6}, ""passEndCoordinates"": {""x"": 89.9, ""y"": 65.5}, ""eventActionType"": ""ball-carry"", ""isHome"": true}",,
2087085,Yan Diomande,14065212,rating-breakdown,ball-carries,ball-carries,,,,RB Leipzig,89.0,,47.6,45.4,43.8,49.2,,,,unresolvable,,,,False,False,,rating-breakdown,True,47.6,45.4,43.8,49.2,ball-carry,True,,"{""playerCoordinates"": {""x"": 47.6, ""y"": 45.4}, ""passEndCoordinates"": {""x"": 43.8, ""y"": 49.2}, ""eventActionType"": ""ball-carry"", ""isHome"": true}",,
2087085,Yan Diomande,14065212,rating-breakdown,dribbles,dribbles,,,,RB Leipzig,89.0,,86.3,16,,,True,True,1,boolean_field,success,,True,False,False,,rating-breakdown,True,86.3,16,,,dribble,True,False,"{""playerCoordinates"": {""x"": 86.3, ""y"": 16}, ""eventActionType"": ""dribble"", ""isHome"": true, ""outcome"": true, ""keypass"": false}",,
2087085,Yan Diomande,14065212,rating-breakdown,dribbles,dribbles,,,,RB Leipzig,89.0,,69.4,13.1,,,True,True,1,boolean_field,success,,True,False,False,,rating-breakdown,True,69.4,13.1,,,dribble,True,False,"{""playerCoordinates"": {""x"": 69.4, ""y"": 13.1}, ""eventActionType"": ""dribble"", ""isHome"": true, ""outcome"": true, ""keypass"": false}",,
2087085,Yan Diomande,14065212,rating-breakdown,dribbles,dribbles,,,,RB Leipzig,89.0,,60.4,36.4,,,,,,unresolvable,,,,False,False,,rating-breakdown,True,60.4,36.4,,,dribble,True,False,"{""playerCoordinates"": {""x"": 60.4, ""y"": 36.4}, ""eventActionType"": ""dribble"", ""isHome"": true, ""keypass"": false}",,
2087085,Yan Diomande,14065212,rating-breakdown,dribbles,dribbles,,,,RB Leipzig,89.0,,94.8,19.2,,,True,True,1,boolean_field,success,,True,False,False,,rating-breakdown,True,94.8,19.2,,,dribble,True,False,"{""playerCoordinates"": {""x"": 94.8, ""y"": 19.2}, ""eventActionType"": ""dribble"", ""isHome"": true, ""outcome"": true, ""keypass"": false}",,
2087085,Yan Diomande,14065212,rating-breakdown,dribbles,dribbles,,,,RB Leipzig,89.0,,68.8,3.8,,,,,,unresolvable,,,,False,False,,rating-breakdown,True,68.8,3.8,,,dribble,True,False,"{""playerCoordinates"": {""x"": 68.8, ""y"": 3.8}, ""eventActionType"": ""dribble"", ""isHome"": true, ""keypass"": false}",,
2087085,Yan Diomande,14065212,rating-breakdown,dribbles,dribbles,,,,RB Leipzig,89.0,,68.2,20.5,,,True,True,1,boolean_field,success,,True,False,False,,rating-breakdown,True,68.2,20.5,,,dribble,True,False,"{""playerCoordinates"": {""x"": 68.2, ""y"": 20.5}, ""eventActionType"": ""dribble"", ""isHome"": true, ""outcome"": true, ""keypass"": false}",,
2087085,Yan Diomande,14065212,rating-breakdown,dribbles,dribbles,,,,RB Leipzig,89.0,,78.8,43.2,,,,,,unresolvable,,,,False,False,,rating-breakdown,True,78.8,43.2,,,dribble,True,False,"{""playerCoordinates"": {""x"": 78.8, ""y"": 43.2}, ""eventActionType"": ""dribble"", ""isHome"": true, ""keypass"": false}",,
2087085,Yan Diomande,14065212,rating-breakdown,dribbles,dribbles,,,,RB Leipzig,89.0,,90.6,21.3,,,True,True,1,boolean_field,success,,True,False,False,,rating-breakdown,True,90.6,21.3,,,dribble,True,False,"{""playerCoordinates"": {""x"": 90.6, ""y"": 21.3}, ""eventActionType"": ""dribble"", ""isHome"": true, ""outcome"": true, ""keypass"": false}",,
2087085,Yan Diomande,14065212,rating-breakdown,dribbles,dribbles,,,,RB Leipzig,89.0,,91.8,72.6,,,True,True,1,boolean_field,success,,True,False,False,,rating-breakdown,True,91.8,72.6,,,dribble,True,False,"{""playerCoordinates"": {""x"": 91.8, ""y"": 72.6}, ""eventActionType"": ""dribble"", ""isHome"": true, ""outcome"": true, ""keypass"": false}",,
2087085,Yan Diomande,14065212,rating-breakdown,dribbles,dribbles,,,,RB Leipzig,89.0,,91.6,85.4,,,True,True,1,boolean_field,success,,True,False,False,,rating-breakdown,True,91.6,85.4,,,dribble,True,False,"{""playerCoordinates"": {""x"": 91.6, ""y"": 85.4}, ""eventActionType"": ""dribble"", ""isHome"": true, ""outcome"": true, ""keypass"": false}",,
2087085,Yan Diomande,14065212,rating-breakdown,dribbles,dribbles,,,,RB Leipzig,89.0,,74,54.9,,,True,True,1,boolean_field,success,,True,False,False,,rating-breakdown,True,74,54.9,,,dribble,True,False,"{""playerCoordinates"": {""x"": 74, ""y"": 54.9}, ""eventActionType"": ""dribble"", ""isHome"": true, ""outcome"": true, ""keypass"": false}",,
2087085,Yan Diomande,14065212,rating-breakdown,defensive,defensive,,,,RB Leipzig,89.0,,42.6,3.1,,,,,,unresolvable,,,,False,False,,rating-breakdown,True,42.6,3.1,,,tackle,True,False,"{""playerCoordinates"": {""x"": 42.6, ""y"": 3.1}, ""eventActionType"": ""tackle"", ""isHome"": true, ""keypass"": false}",,
2087085,Yan Diomande,14065212,rating-breakdown,defensive,defensive,,,,RB Leipzig,89.0,,70.3,5.4,,,True,True,1,boolean_field,success,,True,False,False,,rating-breakdown,True,70.3,5.4,,,ball-recovery,True,False,"{""playerCoordinates"": {""x"": 70.3, ""y"": 5.4}, ""eventActionType"": ""ball-recovery"", ""isHome"": true, ""outcome"": true, ""keypass"": false}",,
2087085,Yan Diomande,14065212,rating-breakdown,defensive,defensive,,,,RB Leipzig,89.0,,68.1,15,,,True,True,1,boolean_field,success,,True,False,False,,rating-breakdown,True,68.1,15,,,ball-recovery,True,False,"{""playerCoordinates"": {""x"": 68.1, ""y"": 15}, ""eventActionType"": ""ball-recovery"", ""isHome"": true, ""outcome"": true, ""keypass"": false}",,
2087085,Yan Diomande,14065212,rating-breakdown,defensive,defensive,,,,RB Leipzig,89.0,,30.9,29.5,,,True,True,1,boolean_field,success,,True,False,False,,rating-breakdown,True,30.9,29.5,,,ball-recovery,True,False,"{""playerCoordinates"": {""x"": 30.9, ""y"": 29.5}, ""eventActionType"": ""ball-recovery"", ""isHome"": true, ""outcome"": true, ""keypass"": false}",,
2087085,Yan Diomande,14065212,rating-breakdown,defensive,defensive,,,,RB Leipzig,89.0,,71.7,10.6,,,True,True,1,boolean_field,success,,True,False,False,,rating-breakdown,True,71.7,10.6,,,tackle,True,False,"{""playerCoordinates"": {""x"": 71.7, ""y"": 10.6}, ""eventActionType"": ""tackle"", ""isHome"": true, ""outcome"": true, ""keypass"": false}",,
2087085,Yan Diomande,14065212,rating-breakdown,defensive,defensive,,,,RB Leipzig,89.0,,72.2,30.9,,,True,True,1,boolean_field,success,,True,False,False,,rating-breakdown,True,72.2,30.9,,,ball-recovery,True,False,"{""playerCoordinates"": {""x"": 72.2, ""y"": 30.9}, ""eventActionType"": ""ball-recovery"", ""isHome"": true, ""outcome"": true, ""keypass"": false}",,
2087085,Yan Diomande,14065212,rating-breakdown,defensive,defensive,,,,RB Leipzig,89.0,,71.7,25.9,,,True,True,1,boolean_field,success,,True,False,False,,rating-breakdown,True,71.7,25.9,,,ball-recovery,True,False,"{""playerCoordinates"": {""x"": 71.7, ""y"": 25.9}, ""eventActionType"": ""ball-recovery"", ""isHome"": true, ""outcome"": true, ""keypass"": false}",,
2087085,Yan Diomande,14065212,rating-breakdown,defensive,defensive,,,,RB Leipzig,89.0,,92.2,73.8,,,True,True,1,boolean_field,success,,True,False,False,,rating-breakdown,True,92.2,73.8,,,ball-recovery,True,False,"{""playerCoordinates"": {""x"": 92.2, ""y"": 73.8}, ""eventActionType"": ""ball-recovery"", ""isHome"": true, ""outcome"": true, ""keypass"": false}",,
2087085,Yan Diomande,14065212,rating-breakdown,defensive,defensive,,,,RB Leipzig,89.0,,47.6,45.4,,,True,True,1,boolean_field,success,,True,False,False,,rating-breakdown,True,47.6,45.4,,,ball-recovery,True,False,"{""playerCoordinates"": {""x"": 47.6, ""y"": 45.4}, ""eventActionType"": ""ball-recovery"", ""isHome"": true, ""outcome"": true, ""keypass"": false}",,
2087085,Yan Diomande,14065223,rating-breakdown,passes,passes,,,,RB Leipzig,90.0,,64.4,3.9,64.2,15,True,True,1,boolean_field,success,True,,False,False,pass,rating-breakdown,True,64.4,3.9,64.2,15,pass,False,False,"{""playerCoordinates"": {""x"": 64.4, ""y"": 3.9}, ""passEndCoordinates"": {""x"": 64.2, ""y"": 15}, ""eventActionType"": ""pass"", ""isHome"": false, ""outcome"": true, ""keypass"": false}",,
2087085,Yan Diomande,14065223,rating-breakdown,passes,passes,,,,RB Leipzig,90.0,,61.6,4.6,61.6,9,,,,unresolvable,,,,False,False,pass,rating-breakdown,True,61.6,4.6,61.6,9,pass,False,False,"{""playerCoordinates"": {""x"": 61.6, ""y"": 4.6}, ""passEndCoordinates"": {""x"": 61.6, ""y"": 9}, ""eventActionType"": ""pass"", ""isHome"": false, ""keypass"": false}",,
2087085,Yan Diomande,14065223,rating-breakdown,passes,passes,,,,RB Leipzig,90.0,,59.8,5.5,62.1,19.6,True,True,1,boolean_field,success,True,,False,False,pass,rating-breakdown,True,59.8,5.5,62.1,19.6,pass,False,False,"{""playerCoordinates"": {""x"": 59.8, ""y"": 5.5}, ""passEndCoordinates"": {""x"": 62.1, ""y"": 19.6}, ""eventActionType"": ""pass"", ""isHome"": false, ""outcome"": true, ""keypass"": false}",,
2087085,Yan Diomande,14065223,rating-breakdown,passes,passes,,,,RB Leipzig,90.0,,71.4,1.6,86.9,3.6,True,True,1,boolean_field,success,True,,False,False,pass,rating-breakdown,True,71.4,1.6,86.9,3.6,pass,False,False,"{""playerCoordinates"": {""x"": 71.4, ""y"": 1.6}, ""passEndCoordinates"": {""x"": 86.9, ""y"": 3.6}, ""eventActionType"": ""pass"", ""isHome"": false, ""outcome"": true, ""keypass"": false}",,
2087085,Yan Diomande,14065223,rating-breakdown,passes,passes,,,,RB Leipzig,90.0,,77.2,39.3,77,50.1,True,True,1,boolean_field,success,True,,False,True,key_pass,rating-breakdown,True,77.2,39.3,77,50.1,pass,False,True,"{""playerCoordinates"": {""x"": 77.2, ""y"": 39.3}, ""passEndCoordinates"": {""x"": 77, ""y"": 50.1}, ""eventActionType"": ""pass"", ""isHome"": false, ""outcome"": true, ""keypass"": true}",,
2087085,Yan Diomande,14065223,rating-breakdown,passes,passes,,,,RB Leipzig,90.0,,57,6.8,41.2,8.2,,,,unresolvable,,,,False,False,pass,rating-breakdown,True,57,6.8,41.2,8.2,pass,False,False,"{""playerCoordinates"": {""x"": 57, ""y"": 6.8}, ""passEndCoordinates"": {""x"": 41.2, ""y"": 8.2}, ""eventActionType"": ""pass"", ""isHome"": false, ""keypass"": false}",,
2087085,Yan Diomande,14065223,rating-breakdown,passes,passes,,,,RB Leipzig,90.0,,59.4,9.6,40.2,9.7,True,True,1,boolean_field,success,True,,False,False,pass,rating-breakdown,True,59.4,9.6,40.2,9.7,pass,False,False,"{""playerCoordinates"": {""x"": 59.4, ""y"": 9.6}, ""passEndCoordinates"": {""x"": 40.2, ""y"": 9.7}, ""eventActionType"": ""pass"", ""isHome"": false, ""outcome"": true, ""keypass"": false}",,
2087085,Yan Diomande,14065223,rating-breakdown,passes,passes,,,,RB Leipzig,90.0,,41.4,12.3,35.8,31.8,True,True,1,boolean_field,success,True,,False,False,pass,rating-breakdown,True,41.4,12.3,35.8,31.8,pass,False,False,"{""playerCoordinates"": {""x"": 41.4, ""y"": 12.3}, ""passEndCoordinates"": {""x"": 35.8, ""y"": 31.8}, ""eventActionType"": ""pass"", ""isHome"": false, ""outcome"": true, ""keypass"": false}",,
2087085,Yan Diomande,14065223,rating-breakdown,passes,passes,,,,RB Leipzig,90.0,,45.4,7.2,46.2,26.2,True,True,1,boolean_field,success,True,,False,False,pass,rating-breakdown,True,45.4,7.2,46.2,26.2,pass,False,False,"{""playerCoordinates"": {""x"": 45.4, ""y"": 7.2}, ""passEndCoordinates"": {""x"": 46.2, ""y"": 26.2}, ""eventActionType"": ""pass"", ""isHome"": false, ""outcome"": true, ""keypass"": false}",,
2087085,Yan Diomande,14065223,rating-breakdown,passes,passes,,,,RB Leipzig,90.0,,45.2,42.3,40.3,52.6,True,True,1,boolean_field,success,True,,False,False,pass,rating-breakdown,True,45.2,42.3,40.3,52.6,pass,False,False,"{""playerCoordinates"": {""x"": 45.2, ""y"": 42.3}, ""passEndCoordinates"": {""x"": 40.3, ""y"": 52.6}, ""eventActionType"": ""pass"", ""isHome"": false, ""outcome"": true, ""keypass"": false}",,
2087085,Yan Diomande,14065223,rating-breakdown,passes,passes,,,,RB Leipzig,90.0,,36.5,12.3,31.5,35.7,True,True,1,boolean_field,success,True,,False,False,pass,rating-breakdown,True,36.5,12.3,31.5,35.7,pass,False,False,"{""playerCoordinates"": {""x"": 36.5, ""y"": 12.3}, ""passEndCoordinates"": {""x"": 31.5, ""y"": 35.7}, ""eventActionType"": ""pass"", ""isHome"": false, ""outcome"": true, ""keypass"": false}",,
2087085,Yan Diomande,14065223,rating-breakdown,passes,passes,,,,RB Leipzig,90.0,,85.3,31.9,70,34.5,True,True,1,boolean_field,success,True,,False,False,pass,rating-breakdown,True,85.3,31.9,70,34.5,pass,False,False,"{""playerCoordinates"": {""x"": 85.3, ""y"": 31.9}, ""passEndCoordinates"": {""x"": 70, ""y"": 34.5}, ""eventActionType"": ""pass"", ""isHome"": false, ""outcome"": true, ""keypass"": false}",,
2087085,Yan Diomande,14065223,rating-breakdown,passes,passes,,,,RB Leipzig,90.0,,63.9,5.5,55.4,13.3,True,True,1,boolean_field,success,True,,False,False,pass,rating-breakdown,True,63.9,5.5,55.4,13.3,pass,False,False,"{""playerCoordinates"": {""x"": 63.9, ""y"": 5.5}, ""passEndCoordinates"": {""x"": 55.4, ""y"": 13.3}, ""eventActionType"": ""pass"", ""isHome"": false, ""outcome"": true, ""keypass"": false}",,
2087085,Yan Diomande,14065223,rating-breakdown,passes,passes,,,,RB Leipzig,90.0,,28.3,12.9,39.9,35.1,True,True,1,boolean_field,success,True,,False,False,pass,rating-breakdown,True,28.3,12.9,39.9,35.1,pass,False,False,"{""playerCoordinates"": {""x"": 28.3, ""y"": 12.9}, ""passEndCoordinates"": {""x"": 39.9, ""y"": 35.1}, ""eventActionType"": ""pass"", ""isHome"": false, ""outcome"": true, ""keypass"": false}",,
2087085,Yan Diomande,14065223,rating-breakdown,passes,passes,,,,RB Leipzig,90.0,,86.7,24.6,88.3,29.7,,,,unresolvable,,,,False,False,pass,rating-breakdown,True,86.7,24.6,88.3,29.7,cross,False,False,"{""playerCoordinates"": {""x"": 86.7, ""y"": 24.6}, ""passEndCoordinates"": {""x"": 88.3, ""y"": 29.7}, ""eventActionType"": ""cross"", ""isHome"": false, ""keypass"": false}",,
2087085,Yan Diomande,14065223,rating-breakdown,passes,passes,,,,RB Leipzig,90.0,,77.8,58.2,82.5,56.7,,,,unresolvable,,,,False,False,pass,rating-breakdown,True,77.8,58.2,82.5,56.7,pass,False,False,"{""playerCoordinates"": {""x"": 77.8, ""y"": 58.2}, ""passEndCoordinates"": {""x"": 82.5, ""y"": 56.7}, ""eventActionType"": ""pass"", ""isHome"": false, ""keypass"": false}",,
2087085,Yan Diomande,14065223,rating-breakdown,passes,passes,,,,RB Leipzig,90.0,,79.3,19.6,76.2,42.4,True,True,1,boolean_field,success,True,,False,False,pass,rating-breakdown,True,79.3,19.6,76.2,42.4,pass,False,False,"{""playerCoordinates"": {""x"": 79.3, ""y"": 19.6}, ""passEndCoordinates"": {""x"": 76.2, ""y"": 42.4}, ""eventActionType"": ""pass"", ""isHome"": false, ""outcome"": true, ""keypass"": false}",,
2087085,Yan Diomande,14065223,rating-breakdown,passes,passes,,,,RB Leipzig,90.0,,62.5,41.5,92.1,8.2,True,True,1,boolean_field,success,True,,False,False,pass,rating-breakdown,True,62.5,41.5,92.1,8.2,pass,False,False,"{""playerCoordinates"": {""x"": 62.5, ""y"": 41.5}, ""passEndCoordinates"": {""x"": 92.1, ""y"": 8.2}, ""eventActionType"": ""pass"", ""isHome"": false, ""outcome"": true, ""keypass"": false, ""isLongBall"": true}",True,
2087085,Yan Diomande,14065223,rating-breakdown,passes,passes,,,,RB Leipzig,90.0,,86.9,21.5,88.9,30.1,True,True,1,boolean_field,success,True,,False,False,pass,rating-breakdown,True,86.9,21.5,88.9,30.1,pass,False,False,"{""playerCoordinates"": {""x"": 86.9, ""y"": 21.5}, ""passEndCoordinates"": {""x"": 88.9, ""y"": 30.1}, ""eventActionType"": ""pass"", ""isHome"": false, ""outcome"": true, ""keypass"": false}",,
2087085,Yan Diomande,14065223,rating-breakdown,passes,passes,,,,RB Leipzig,90.0,,65.1,29.5,100,27.8,,,,unresolvable,,,,False,False,pass,rating-breakdown,True,65.1,29.5,100,27.8,pass,False,False,"{""playerCoordinates"": {""x"": 65.1, ""y"": 29.5}, ""passEndCoordinates"": {""x"": 100, ""y"": 27.8}, ""eventActionType"": ""pass"", ""isHome"": false, ""keypass"": false, ""isLongBall"": true}",True,
2087085,Yan Diomande,14065223,rating-breakdown,passes,passes,,,,RB Leipzig,90.0,,72,33.6,92.2,39.3,True,True,1,boolean_field,success,True,,False,True,key_pass,rating-breakdown,True,72,33.6,92.2,39.3,pass,False,True,"{""playerCoordinates"": {""x"": 72, ""y"": 33.6}, ""passEndCoordinates"": {""x"": 92.2, ""y"": 39.3}, ""eventActionType"": ""pass"", ""isHome"": false, ""outcome"": true, ""keypass"": true}",,
2087085,Yan Diomande,14065223,rating-breakdown,passes,passes,,,,RB Leipzig,90.0,,60.2,4,58.1,12.9,True,True,1,boolean_field,success,True,,False,False,pass,rating-breakdown,True,60.2,4,58.1,12.9,pass,False,False,"{""playerCoordinates"": {""x"": 60.2, ""y"": 4}, ""passEndCoordinates"": {""x"": 58.1, ""y"": 12.9}, ""eventActionType"": ""pass"", ""isHome"": false, ""outcome"": true, ""keypass"": false}",,
2087085,Yan Diomande,14065223,rating-breakdown,passes,passes,,,,RB Leipzig,90.0,,61.6,9.6,62.1,25.2,True,True,1,boolean_field,success,True,,False,False,pass,rating-breakdown,True,61.6,9.6,62.1,25.2,pass,False,False,"{""playerCoordinates"": {""x"": 61.6, ""y"": 9.6}, ""passEndCoordinates"": {""x"": 62.1, ""y"": 25.2}, ""eventActionType"": ""pass"", ""isHome"": false, ""outcome"": true, ""keypass"": false}",,
2087085,Yan Diomande,14065223,rating-breakdown,passes,passes,,,,RB Leipzig,90.0,,89.9,8.7,93.6,47.7,True,True,1,boolean_field,success,True,,False,True,key_pass,rating-breakdown,True,89.9,8.7,93.6,47.7,cross,False,True,"{""playerCoordinates"": {""x"": 89.9, ""y"": 8.7}, ""passEndCoordinates"": {""x"": 93.6, ""y"": 47.7}, ""eventActionType"": ""cross"", ""isHome"": false, ""outcome"": true, ""keypass"": true}",,
2087085,Yan Diomande,14065223,rating-breakdown,passes,passes,,,,RB Leipzig,90.0,,86.1,20.8,91.9,47.8,True,True,1,boolean_field,success,True,,False,False,pass,rating-breakdown,True,86.1,20.8,91.9,47.8,pass,False,False,"{""playerCoordinates"": {""x"": 86.1, ""y"": 20.8}, ""passEndCoordinates"": {""x"": 91.9, ""y"": 47.8}, ""eventActionType"": ""pass"", ""isHome"": false, ""outcome"": true, ""keypass"": false}",,
2087085,Yan Diomande,14065223,rating-breakdown,passes,passes,,,,RB Leipzig,90.0,,85.3,21,95.8,25.6,True,True,1,boolean_field,success,True,,False,False,pass,rating-breakdown,True,85.3,21,95.8,25.6,pass,False,False,"{""playerCoordinates"": {""x"": 85.3, ""y"": 21}, ""passEndCoordinates"": {""x"": 95.8, ""y"": 25.6}, ""eventActionType"": ""pass"", ""isHome"": false, ""outcome"": true, ""keypass"": false}",,
2087085,Yan Diomande,14065223,rating-breakdown,passes,passes,,,,RB Leipzig,90.0,,43.7,37.8,48.8,63,True,True,1,boolean_field,success,True,,False,False,pass,rating-breakdown,True,43.7,37.8,48.8,63,pass,False,False,"{""playerCoordinates"": {""x"": 43.7, ""y"": 37.8}, ""passEndCoordinates"": {""x"": 48.8, ""y"": 63}, ""eventActionType"": ""pass"", ""isHome"": false, ""outcome"": true, ""keypass"": false}",,
2087085,Yan Diomande,14065223,rating-breakdown,passes,passes,,,,RB Leipzig,90.0,,62.8,35.5,41.8,58.5,True,True,1,boolean_field,success,True,,False,False,pass,rating-breakdown,True,62.8,35.5,41.8,58.5,pass,False,False,"{""playerCoordinates"": {""x"": 62.8, ""y"": 35.5}, ""passEndCoordinates"": {""x"": 41.8, ""y"": 58.5}, ""eventActionType"": ""pass"", ""isHome"": false, ""outcome"": true, ""keypass"": false}",,
2087085,Yan Diomande,14065223,rating-breakdown,passes,passes,,,,RB Leipzig,90.0,,50.7,33.1,51.1,47.4,True,True,1,boolean_field,success,True,,False,False,pass,rating-breakdown,True,50.7,33.1,51.1,47.4,pass,False,False,"{""playerCoordinates"": {""x"": 50.7, ""y"": 33.1}, ""passEndCoordinates"": {""x"": 51.1, ""y"": 47.4}, ""eventActionType"": ""pass"", ""isHome"": false, ""outcome"": true, ""keypass"": false}",,
2087085,Yan Diomande,14065223,rating-breakdown,passes,passes,,,,RB Leipzig,90.0,,27.7,24.7,26.8,10.9,True,True,1,boolean_field,success,True,,False,False,pass,rating-breakdown,True,27.7,24.7,26.8,10.9,pass,False,False,"{""playerCoordinates"": {""x"": 27.7, ""y"": 24.7}, ""passEndCoordinates"": {""x"": 26.8, ""y"": 10.9}, ""eventActionType"": ""pass"", ""isHome"": false, ""outcome"": true, ""keypass"": false}",,
2087085,Yan Diomande,14065223,rating-breakdown,passes,passes,,,,RB Leipzig,90.0,,43.7,39.3,63.8,75.1,True,True,1,boolean_field,success,True,,False,False,pass,rating-breakdown,True,43.7,39.3,63.8,75.1,pass,False,False,"{""playerCoordinates"": {""x"": 43.7, ""y"": 39.3}, ""passEndCoordinates"": {""x"": 63.8, ""y"": 75.1}, ""eventActionType"": ""pass"", ""isHome"": false, ""outcome"": true, ""keypass"": false, ""isLongBall"": true}",True,
2087085,Yan Diomande,14065223,rating-breakdown,ball-carries,ball-carries,,,,RB Leipzig,90.0,,65.4,1.8,59.8,5.5,,,,unresolvable,,,,False,False,,rating-breakdown,True,65.4,1.8,59.8,5.5,ball-carry,False,,"{""playerCoordinates"": {""x"": 65.4, ""y"": 1.8}, ""passEndCoordinates"": {""x"": 59.8, ""y"": 5.5}, ""eventActionType"": ""ball-carry"", ""isHome"": false}",,
2087085,Yan Diomande,14065223,rating-breakdown,ball-carries,ball-carries,,,,RB Leipzig,90.0,,85.7,31.9,87.5,38.3,,,,unresolvable,,,,False,False,,rating-breakdown,True,85.7,31.9,87.5,38.3,ball-carry,False,,"{""playerCoordinates"": {""x"": 85.7, ""y"": 31.9}, ""passEndCoordinates"": {""x"": 87.5, ""y"": 38.3}, ""eventActionType"": ""ball-carry"", ""isHome"": false}",,
2087085,Yan Diomande,14065223,rating-breakdown,ball-carries,ball-carries,,,,RB Leipzig,90.0,,90.6,24.3,90.4,28.9,,,,unresolvable,,,,False,False,,rating-breakdown,True,90.6,24.3,90.4,28.9,ball-carry,False,,"{""playerCoordinates"": {""x"": 90.6, ""y"": 24.3}, ""passEndCoordinates"": {""x"": 90.4, ""y"": 28.9}, ""eventActionType"": ""ball-carry"", ""isHome"": false}",,
2087085,Yan Diomande,14065223,rating-breakdown,ball-carries,ball-carries,,,,RB Leipzig,90.0,,62.5,3.9,59.4,9.6,,,,unresolvable,,,,False,False,,rating-breakdown,True,62.5,3.9,59.4,9.6,ball-carry,False,,"{""playerCoordinates"": {""x"": 62.5, ""y"": 3.9}, ""passEndCoordinates"": {""x"": 59.4, ""y"": 9.6}, ""eventActionType"": ""ball-carry"", ""isHome"": false}",,
2087085,Yan Diomande,14065223,rating-breakdown,ball-carries,ball-carries,,,,RB Leipzig,90.0,,68.4,6.1,79.1,29.7,,,,unresolvable,,,,False,False,,rating-breakdown,True,68.4,6.1,79.1,29.7,ball-carry,False,,"{""playerCoordinates"": {""x"": 68.4, ""y"": 6.1}, ""passEndCoordinates"": {""x"": 79.1, ""y"": 29.7}, ""eventActionType"": ""ball-carry"", ""isHome"": false}",,
2087085,Yan Diomande,14065223,rating-breakdown,ball-carries,ball-carries,,,,RB Leipzig,90.0,,72.8,4.2,88,4.6,,,,unresolvable,,,,False,False,,rating-breakdown,True,72.8,4.2,88,4.6,ball-carry,False,,"{""playerCoordinates"": {""x"": 72.8, ""y"": 4.2}, ""passEndCoordinates"": {""x"": 88, ""y"": 4.6}, ""eventActionType"": ""ball-carry"", ""isHome"": false}",,
2087085,Yan Diomande,14065223,rating-breakdown,ball-carries,ball-carries,,,,RB Leipzig,90.0,,39.5,10,36.5,12.3,,,,unresolvable,,,,False,False,,rating-breakdown,True,39.5,10,36.5,12.3,ball-carry,False,,"{""playerCoordinates"": {""x"": 39.5, ""y"": 10}, ""passEndCoordinates"": {""x"": 36.5, ""y"": 12.3}, ""eventActionType"": ""ball-carry"", ""isHome"": false}",,
2087085,Yan Diomande,14065223,rating-breakdown,ball-carries,ball-carries,,,,RB Leipzig,90.0,,59.2,5.2,85.3,31.9,,,,unresolvable,,,,False,False,,rating-breakdown,True,59.2,5.2,85.3,31.9,ball-carry,False,,"{""playerCoordinates"": {""x"": 59.2, ""y"": 5.2}, ""passEndCoordinates"": {""x"": 85.3, ""y"": 31.9}, ""eventActionType"": ""ball-carry"", ""isHome"": false}",,
2087085,Yan Diomande,14065223,rating-breakdown,ball-carries,ball-carries,,,,RB Leipzig,90.0,,61.8,2.2,63.9,5.5,,,,unresolvable,,,,False,False,,rating-breakdown,True,61.8,2.2,63.9,5.5,ball-carry,False,,"{""playerCoordinates"": {""x"": 61.8, ""y"": 2.2}, ""passEndCoordinates"": {""x"": 63.9, ""y"": 5.5}, ""eventActionType"": ""ball-carry"", ""isHome"": false}",,
2087085,Yan Diomande,14065223,rating-breakdown,ball-carries,ball-carries,,,,RB Leipzig,90.0,,16.1,8.6,22.4,6.4,,,,unresolvable,,,,False,False,,rating-breakdown,True,16.1,8.6,22.4,6.4,ball-carry,False,,"{""playerCoordinates"": {""x"": 16.1, ""y"": 8.6}, ""passEndCoordinates"": {""x"": 22.4, ""y"": 6.4}, ""eventActionType"": ""ball-carry"", ""isHome"": false}",,
2087085,Yan Diomande,14065223,rating-breakdown,ball-carries,ball-carries,,,,RB Leipzig,90.0,,81.2,8.8,91,10.7,,,,unresolvable,,,,False,False,,rating-breakdown,True,81.2,8.8,91,10.7,ball-carry,False,,"{""playerCoordinates"": {""x"": 81.2, ""y"": 8.8}, ""passEndCoordinates"": {""x"": 91, ""y"": 10.7}, ""eventActionType"": ""ball-carry"", ""isHome"": false}",,
2087085,Yan Diomande,14065223,rating-breakdown,ball-carries,ball-carries,,,,RB Leipzig,90.0,,66.5,3.3,79.3,19.6,,,,unresolvable,,,,False,False,,rating-breakdown,True,66.5,3.3,79.3,19.6,ball-carry,False,,"{""playerCoordinates"": {""x"": 66.5, ""y"": 3.3}, ""passEndCoordinates"": {""x"": 79.3, ""y"": 19.6}, ""eventActionType"": ""ball-carry"", ""isHome"": false}",,
2087085,Yan Diomande,14065223,rating-breakdown,ball-carries,ball-carries,,,,RB Leipzig,90.0,,74.4,9,86.9,21.5,,,,unresolvable,,,,False,False,,rating-breakdown,True,74.4,9,86.9,21.5,ball-carry,False,,"{""playerCoordinates"": {""x"": 74.4, ""y"": 9}, ""passEndCoordinates"": {""x"": 86.9, ""y"": 21.5}, ""eventActionType"": ""ball-carry"", ""isHome"": false}",,
2087085,Yan Diomande,14065223,rating-breakdown,ball-carries,ball-carries,,,,RB Leipzig,90.0,,73.9,24.4,72,33.6,,,,unresolvable,,,,False,False,,rating-breakdown,True,73.9,24.4,72,33.6,ball-carry,False,,"{""playerCoordinates"": {""x"": 73.9, ""y"": 24.4}, ""passEndCoordinates"": {""x"": 72, ""y"": 33.6}, ""eventActionType"": ""ball-carry"", ""isHome"": false}",,
2087085,Yan Diomande,14065223,rating-breakdown,ball-carries,ball-carries,,,,RB Leipzig,90.0,,59.9,12,60.2,4,,,,unresolvable,,,,False,False,,rating-breakdown,True,59.9,12,60.2,4,ball-carry,False,,"{""playerCoordinates"": {""x"": 59.9, ""y"": 12}, ""passEndCoordinates"": {""x"": 60.2, ""y"": 4}, ""eventActionType"": ""ball-carry"", ""isHome"": false}",,
2087085,Yan Diomande,14065223,rating-breakdown,ball-carries,ball-carries,,,,RB Leipzig,90.0,,68.1,4.8,89.9,8.7,,,,unresolvable,,,,False,False,,rating-breakdown,True,68.1,4.8,89.9,8.7,ball-carry,False,,"{""playerCoordinates"": {""x"": 68.1, ""y"": 4.8}, ""passEndCoordinates"": {""x"": 89.9, ""y"": 8.7}, ""eventActionType"": ""ball-carry"", ""isHome"": false}",,
2087085,Yan Diomande,14065223,rating-breakdown,ball-carries,ball-carries,,,,RB Leipzig,90.0,,25.5,77.9,22.6,75.5,,,,unresolvable,,,,False,False,,rating-breakdown,True,25.5,77.9,22.6,75.5,ball-carry,False,,"{""playerCoordinates"": {""x"": 25.5, ""y"": 77.9}, ""passEndCoordinates"": {""x"": 22.6, ""y"": 75.5}, ""eventActionType"": ""ball-carry"", ""isHome"": false}",,
2087085,Yan Diomande,14065223,rating-breakdown,ball-carries,ball-carries,,,,RB Leipzig,90.0,,72.3,4.2,86.1,20.8,,,,unresolvable,,,,False,False,,rating-breakdown,True,72.3,4.2,86.1,20.8,ball-carry,False,,"{""playerCoordinates"": {""x"": 72.3, ""y"": 4.2}, ""passEndCoordinates"": {""x"": 86.1, ""y"": 20.8}, ""eventActionType"": ""ball-carry"", ""isHome"": false}",,
2087085,Yan Diomande,14065223,rating-breakdown,ball-carries,ball-carries,,,,RB Leipzig,90.0,,46.6,26.2,43.7,37.8,,,,unresolvable,,,,False,False,,rating-breakdown,True,46.6,26.2,43.7,37.8,ball-carry,False,,"{""playerCoordinates"": {""x"": 46.6, ""y"": 26.2}, ""passEndCoordinates"": {""x"": 43.7, ""y"": 37.8}, ""eventActionType"": ""ball-carry"", ""isHome"": false}",,
2087085,Yan Diomande,14065223,rating-breakdown,ball-carries,ball-carries,,,,RB Leipzig,90.0,,42.5,37.9,48.1,39.3,,,,unresolvable,,,,False,False,,rating-breakdown,True,42.5,37.9,48.1,39.3,ball-carry,False,,"{""playerCoordinates"": {""x"": 42.5, ""y"": 37.9}, ""passEndCoordinates"": {""x"": 48.1, ""y"": 39.3}, ""eventActionType"": ""ball-carry"", ""isHome"": false}",,
2087085,Yan Diomande,14065223,rating-breakdown,ball-carries,ball-carries,,,,RB Leipzig,90.0,,11.7,20.8,27.7,24.7,,,,unresolvable,,,,False,False,,rating-breakdown,True,11.7,20.8,27.7,24.7,ball-carry,False,,"{""playerCoordinates"": {""x"": 11.7, ""y"": 20.8}, ""passEndCoordinates"": {""x"": 27.7, ""y"": 24.7}, ""eventActionType"": ""ball-carry"", ""isHome"": false}",,
2087085,Yan Diomande,14065223,rating-breakdown,ball-carries,ball-carries,,,,RB Leipzig,90.0,,41.3,36.6,43.7,39.3,,,,unresolvable,,,,False,False,,rating-breakdown,True,41.3,36.6,43.7,39.3,ball-carry,False,,"{""playerCoordinates"": {""x"": 41.3, ""y"": 36.6}, ""passEndCoordinates"": {""x"": 43.7, ""y"": 39.3}, ""eventActionType"": ""ball-carry"", ""isHome"": false}",,
2087085,Yan Diomande,14065223,rating-breakdown,dribbles,dribbles,,,,RB Leipzig,90.0,,79,29.8,,,True,True,1,boolean_field,success,,True,False,False,,rating-breakdown,True,79,29.8,,,dribble,False,False,"{""playerCoordinates"": {""x"": 79, ""y"": 29.8}, ""eventActionType"": ""dribble"", ""isHome"": false, ""outcome"": true, ""keypass"": false}",,
2087085,Yan Diomande,14065223,rating-breakdown,dribbles,dribbles,,,,RB Leipzig,90.0,,80.6,46.6,,,,,,unresolvable,,,,False,False,,rating-breakdown,True,80.6,46.6,,,dribble,False,False,"{""playerCoordinates"": {""x"": 80.6, ""y"": 46.6}, ""eventActionType"": ""dribble"", ""isHome"": false, ""keypass"": false}",,
2087085,Yan Diomande,14065223,rating-breakdown,dribbles,dribbles,,,,RB Leipzig,90.0,,21.8,11.2,,,True,True,1,boolean_field,success,,True,False,False,,rating-breakdown,True,21.8,11.2,,,dribble,False,False,"{""playerCoordinates"": {""x"": 21.8, ""y"": 11.2}, ""eventActionType"": ""dribble"", ""isHome"": false, ""outcome"": true, ""keypass"": false}",,
2087085,Yan Diomande,14065223,rating-breakdown,dribbles,dribbles,,,,RB Leipzig,90.0,,22,9,,,True,True,1,boolean_field,success,,True,False,False,,rating-breakdown,True,22,9,,,dribble,False,False,"{""playerCoordinates"": {""x"": 22, ""y"": 9}, ""eventActionType"": ""dribble"", ""isHome"": false, ""outcome"": true, ""keypass"": false}",,
2087085,Yan Diomande,14065223,rating-breakdown,dribbles,dribbles,,,,RB Leipzig,90.0,,91.1,10.4,,,,,,unresolvable,,,,False,False,,rating-breakdown,True,91.1,10.4,,,dribble,False,False,"{""playerCoordinates"": {""x"": 91.1, ""y"": 10.4}, ""eventActionType"": ""dribble"", ""isHome"": false, ""keypass"": false}",,
2087085,Yan Diomande,14065223,rating-breakdown,dribbles,dribbles,,,,RB Leipzig,90.0,,81.3,8.1,,,True,True,1,boolean_field,success,,True,False,False,,rating-breakdown,True,81.3,8.1,,,dribble,False,False,"{""playerCoordinates"": {""x"": 81.3, ""y"": 8.1}, ""eventActionType"": ""dribble"", ""isHome"": false, ""outcome"": true, ""keypass"": false}",,
2087085,Yan Diomande,14065223,rating-breakdown,dribbles,dribbles,,,,RB Leipzig,90.0,,21.9,75.6,,,,,,unresolvable,,,,False,False,,rating-breakdown,True,21.9,75.6,,,dribble,False,False,"{""playerCoordinates"": {""x"": 21.9, ""y"": 75.6}, ""eventActionType"": ""dribble"", ""isHome"": false, ""keypass"": false}",,
2087085,Yan Diomande,14065223,rating-breakdown,defensive,defensive,,,,RB Leipzig,90.0,,61.6,4.6,,,True,True,1,boolean_field,success,,True,False,False,,rating-breakdown,True,61.6,4.6,,,ball-recovery,False,False,"{""playerCoordinates"": {""x"": 61.6, ""y"": 4.6}, ""eventActionType"": ""ball-recovery"", ""isHome"": false, ""outcome"": true, ""keypass"": false}",,
2087085,Yan Diomande,14065223,rating-breakdown,defensive,defensive,,,,RB Leipzig,90.0,,85.7,31.9,,,True,True,1,boolean_field,success,,True,False,False,,rating-breakdown,True,85.7,31.9,,,ball-recovery,False,False,"{""playerCoordinates"": {""x"": 85.7, ""y"": 31.9}, ""eventActionType"": ""ball-recovery"", ""isHome"": false, ""outcome"": true, ""keypass"": false}",,
2087085,Yan Diomande,14065223,rating-breakdown,defensive,defensive,,,,RB Leipzig,90.0,,6.8,10.2,,,True,True,1,boolean_field,success,,True,False,False,,rating-breakdown,True,6.8,10.2,,,tackle,False,False,"{""playerCoordinates"": {""x"": 6.8, ""y"": 10.2}, ""eventActionType"": ""tackle"", ""isHome"": false, ""outcome"": true, ""keypass"": false}",,
2087085,Yan Diomande,14065223,rating-breakdown,defensive,defensive,,,,RB Leipzig,90.0,,1.6,8.4,,,True,True,1,boolean_field,success,,True,False,False,,rating-breakdown,True,1.6,8.4,,,ball-recovery,False,False,"{""playerCoordinates"": {""x"": 1.6, ""y"": 8.4}, ""eventActionType"": ""ball-recovery"", ""isHome"": false, ""outcome"": true, ""keypass"": false}",,
2087085,Yan Diomande,14065223,rating-breakdown,defensive,defensive,,,,RB Leipzig,90.0,,59.1,18.9,,,True,True,1,boolean_field,success,,True,False,False,,rating-breakdown,True,59.1,18.9,,,tackle,False,False,"{""playerCoordinates"": {""x"": 59.1, ""y"": 18.9}, ""eventActionType"": ""tackle"", ""isHome"": false, ""outcome"": true, ""keypass"": false}",,
2087085,Yan Diomande,14065223,rating-breakdown,defensive,defensive,,,,RB Leipzig,90.0,,22.4,6.4,,,True,True,1,boolean_field,success,,True,False,False,,rating-breakdown,True,22.4,6.4,,,ball-recovery,False,False,"{""playerCoordinates"": {""x"": 22.4, ""y"": 6.4}, ""eventActionType"": ""ball-recovery"", ""isHome"": false, ""outcome"": true, ""keypass"": false}",,
2087085,Yan Diomande,14065223,rating-breakdown,defensive,defensive,,,,RB Leipzig,90.0,,74.4,9,,,True,True,1,boolean_field,success,,True,False,False,,rating-breakdown,True,74.4,9,,,ball-recovery,False,False,"{""playerCoordinates"": {""x"": 74.4, ""y"": 9}, ""eventActionType"": ""ball-recovery"", ""isHome"": false, ""outcome"": true, ""keypass"": false}",,
2087085,Yan Diomande,14065223,rating-breakdown,defensive,defensive,,,,RB Leipzig,90.0,,25.5,77.9,,,True,True,1,boolean_field,success,,True,False,False,,rating-breakdown,True,25.5,77.9,,,ball-recovery,False,False,"{""playerCoordinates"": {""x"": 25.5, ""y"": 77.9}, ""eventActionType"": ""ball-recovery"", ""isHome"": false, ""outcome"": true, ""keypass"": false}",,
2087085,Yan Diomande,14065223,rating-breakdown,defensive,defensive,,,,RB Leipzig,90.0,,20.3,71.5,,,True,True,1,boolean_field,success,,True,False,False,,rating-breakdown,True,20.3,71.5,,,interception,False,False,"{""playerCoordinates"": {""x"": 20.3, ""y"": 71.5}, ""eventActionType"": ""interception"", ""isHome"": false, ""outcome"": true, ""keypass"": false}",,
2087085,Yan Diomande,14065223,rating-breakdown,defensive,defensive,,,,RB Leipzig,90.0,,42.5,37.9,,,True,True,1,boolean_field,success,,True,False,False,,rating-breakdown,True,42.5,37.9,,,ball-recovery,False,False,"{""playerCoordinates"": {""x"": 42.5, ""y"": 37.9}, ""eventActionType"": ""ball-recovery"", ""isHome"": false, ""outcome"": true, ""keypass"": false}",,
2087085,Yan Diomande,14065223,rating-breakdown,defensive,defensive,,,,RB Leipzig,90.0,,43.7,39.3,,,True,True,1,boolean_field,success,,True,False,False,,rating-breakdown,True,43.7,39.3,,,ball-recovery,False,False,"{""playerCoordinates"": {""x"": 43.7, ""y"": 39.3}, ""eventActionType"": ""ball-recovery"", ""isHome"": false, ""outcome"": true, ""keypass"": false}",,
2087085,Yan Diomande,14065257,rating-breakdown,passes,passes,,,,RB Leipzig,79.0,,60.7,11.7,54,15,True,True,1,boolean_field,success,True,,False,False,pass,rating-breakdown,True,60.7,11.7,54,15,pass,True,False,"{""playerCoordinates"": {""x"": 60.7, ""y"": 11.7}, ""passEndCoordinates"": {""x"": 54, ""y"": 15}, ""eventActionType"": ""pass"", ""isHome"": true, ""outcome"": true, ""keypass"": false}",,
2087085,Yan Diomande,14065257,rating-breakdown,passes,passes,,,,RB Leipzig,79.0,,40.1,9.7,32.7,18.9,True,True,1,boolean_field,success,True,,False,False,pass,rating-breakdown,True,40.1,9.7,32.7,18.9,pass,True,False,"{""playerCoordinates"": {""x"": 40.1, ""y"": 9.7}, ""passEndCoordinates"": {""x"": 32.7, ""y"": 18.9}, ""eventActionType"": ""pass"", ""isHome"": true, ""outcome"": true, ""keypass"": false}",,
2087085,Yan Diomande,14065257,rating-breakdown,passes,passes,,,,RB Leipzig,79.0,,85.9,22.3,89.8,54.3,True,True,1,boolean_field,success,True,,False,True,key_pass,rating-breakdown,True,85.9,22.3,89.8,54.3,pass,True,True,"{""playerCoordinates"": {""x"": 85.9, ""y"": 22.3}, ""passEndCoordinates"": {""x"": 89.8, ""y"": 54.3}, ""eventActionType"": ""pass"", ""isHome"": true, ""outcome"": true, ""keypass"": true}",,
2087085,Yan Diomande,14065257,rating-breakdown,passes,passes,,,,RB Leipzig,79.0,,86.1,17.4,100,26.8,,,,unresolvable,,,,False,False,pass,rating-breakdown,True,86.1,17.4,100,26.8,pass,True,False,"{""playerCoordinates"": {""x"": 86.1, ""y"": 17.4}, ""passEndCoordinates"": {""x"": 100, ""y"": 26.8}, ""eventActionType"": ""pass"", ""isHome"": true, ""keypass"": false}",,
2087085,Yan Diomande,14065257,rating-breakdown,passes,passes,,,,RB Leipzig,79.0,,66.1,34.9,85.6,15.9,,,,unresolvable,,,,False,False,pass,rating-breakdown,True,66.1,34.9,85.6,15.9,pass,True,False,"{""playerCoordinates"": {""x"": 66.1, ""y"": 34.9}, ""passEndCoordinates"": {""x"": 85.6, ""y"": 15.9}, ""eventActionType"": ""pass"", ""isHome"": true, ""keypass"": false}",,
2087085,Yan Diomande,14065257,rating-breakdown,passes,passes,,,,RB Leipzig,79.0,,64.3,9.6,56.8,24.6,True,True,1,boolean_field,success,True,,False,False,pass,rating-breakdown,True,64.3,9.6,56.8,24.6,pass,True,False,"{""playerCoordinates"": {""x"": 64.3, ""y"": 9.6}, ""passEndCoordinates"": {""x"": 56.8, ""y"": 24.6}, ""eventActionType"": ""pass"", ""isHome"": true, ""outcome"": true, ""keypass"": false}",,
2087085,Yan Diomande,14065257,rating-breakdown,passes,passes,,,,RB Leipzig,79.0,,34.8,7,24.8,18.3,True,True,1,boolean_field,success,True,,False,False,pass,rating-breakdown,True,34.8,7,24.8,18.3,pass,True,False,"{""playerCoordinates"": {""x"": 34.8, ""y"": 7}, ""passEndCoordinates"": {""x"": 24.8, ""y"": 18.3}, ""eventActionType"": ""pass"", ""isHome"": true, ""outcome"": true, ""keypass"": false}",,
2087085,Yan Diomande,14065257,rating-breakdown,passes,passes,,,,RB Leipzig,79.0,,65.6,31,63.6,43.6,True,True,1,boolean_field,success,True,,False,False,pass,rating-breakdown,True,65.6,31,63.6,43.6,pass,True,False,"{""playerCoordinates"": {""x"": 65.6, ""y"": 31}, ""passEndCoordinates"": {""x"": 63.6, ""y"": 43.6}, ""eventActionType"": ""pass"", ""isHome"": true, ""outcome"": true, ""keypass"": false}",,
2087085,Yan Diomande,14065257,rating-breakdown,passes,passes,,,,RB Leipzig,79.0,,13.3,5.4,12.1,21.1,True,True,1,boolean_field,success,True,,False,False,pass,rating-breakdown,True,13.3,5.4,12.1,21.1,pass,True,False,"{""playerCoordinates"": {""x"": 13.3, ""y"": 5.4}, ""passEndCoordinates"": {""x"": 12.1, ""y"": 21.1}, ""eventActionType"": ""pass"", ""isHome"": true, ""outcome"": true, ""keypass"": false}",,
2087085,Yan Diomande,14065257,rating-breakdown,passes,passes,,,,RB Leipzig,79.0,,70.4,8.4,73.1,29.4,True,True,1,boolean_field,success,True,,False,False,pass,rating-breakdown,True,70.4,8.4,73.1,29.4,pass,True,False,"{""playerCoordinates"": {""x"": 70.4, ""y"": 8.4}, ""passEndCoordinates"": {""x"": 73.1, ""y"": 29.4}, ""eventActionType"": ""pass"", ""isHome"": true, ""outcome"": true, ""keypass"": false}",,
2087085,Yan Diomande,14065257,rating-breakdown,passes,passes,,,,RB Leipzig,79.0,,66.3,25.5,68.3,33.4,,,,unresolvable,,,,False,False,pass,rating-breakdown,True,66.3,25.5,68.3,33.4,pass,True,False,"{""playerCoordinates"": {""x"": 66.3, ""y"": 25.5}, ""passEndCoordinates"": {""x"": 68.3, ""y"": 33.4}, ""eventActionType"": ""pass"", ""isHome"": true, ""keypass"": false}",,
2087085,Yan Diomande,14065257,rating-breakdown,passes,passes,,,,RB Leipzig,79.0,,76,39.6,72.2,50.2,True,True,1,boolean_field,success,True,,False,True,key_pass,rating-breakdown,True,76,39.6,72.2,50.2,pass,True,True,"{""playerCoordinates"": {""x"": 76, ""y"": 39.6}, ""passEndCoordinates"": {""x"": 72.2, ""y"": 50.2}, ""eventActionType"": ""pass"", ""isHome"": true, ""outcome"": true, ""keypass"": true}",,
2087085,Yan Diomande,14065257,rating-breakdown,passes,passes,,,,RB Leipzig,79.0,,58.5,9.4,52.3,20.1,True,True,1,boolean_field,success,True,,False,False,pass,rating-breakdown,True,58.5,9.4,52.3,20.1,pass,True,False,"{""playerCoordinates"": {""x"": 58.5, ""y"": 9.4}, ""passEndCoordinates"": {""x"": 52.3, ""y"": 20.1}, ""eventActionType"": ""pass"", ""isHome"": true, ""outcome"": true, ""keypass"": false}",,
2087085,Yan Diomande,14065257,rating-breakdown,passes,passes,,,,RB Leipzig,79.0,,59.8,9.1,53.2,30.9,True,True,1,boolean_field,success,True,,False,False,pass,rating-breakdown,True,59.8,9.1,53.2,30.9,pass,True,False,"{""playerCoordinates"": {""x"": 59.8, ""y"": 9.1}, ""passEndCoordinates"": {""x"": 53.2, ""y"": 30.9}, ""eventActionType"": ""pass"", ""isHome"": true, ""outcome"": true, ""keypass"": false}",,
2087085,Yan Diomande,14065257,rating-breakdown,passes,passes,,,,RB Leipzig,79.0,,98.3,31.7,98,41.7,,,,unresolvable,,,,False,False,pass,rating-breakdown,True,98.3,31.7,98,41.7,pass,True,False,"{""playerCoordinates"": {""x"": 98.3, ""y"": 31.7}, ""passEndCoordinates"": {""x"": 98, ""y"": 41.7}, ""eventActionType"": ""pass"", ""isHome"": true, ""keypass"": false}",,
2087085,Yan Diomande,14065257,rating-breakdown,passes,passes,,,,RB Leipzig,79.0,,89.4,9.6,76.5,23.2,True,True,1,boolean_field,success,True,,False,False,pass,rating-breakdown,True,89.4,9.6,76.5,23.2,pass,True,False,"{""playerCoordinates"": {""x"": 89.4, ""y"": 9.6}, ""passEndCoordinates"": {""x"": 76.5, ""y"": 23.2}, ""eventActionType"": ""pass"", ""isHome"": true, ""outcome"": true, ""keypass"": false}",,
2087085,Yan Diomande,14065257,rating-breakdown,passes,passes,,,,RB Leipzig,79.0,,96,22.1,98.3,46.6,,,,unresolvable,,,,False,False,pass,rating-breakdown,True,96,22.1,98.3,46.6,cross,True,False,"{""playerCoordinates"": {""x"": 96, ""y"": 22.1}, ""passEndCoordinates"": {""x"": 98.3, ""y"": 46.6}, ""eventActionType"": ""cross"", ""isHome"": true, ""keypass"": false}",,
2087085,Yan Diomande,14065257,rating-breakdown,passes,passes,,,,RB Leipzig,79.0,,37.8,15.6,29.4,29.2,True,True,1,boolean_field,success,True,,False,False,pass,rating-breakdown,True,37.8,15.6,29.4,29.2,pass,True,False,"{""playerCoordinates"": {""x"": 37.8, ""y"": 15.6}, ""passEndCoordinates"": {""x"": 29.4, ""y"": 29.2}, ""eventActionType"": ""pass"", ""isHome"": true, ""outcome"": true, ""keypass"": false}",,
2087085,Yan Diomande,14065257,rating-breakdown,passes,passes,,,,RB Leipzig,79.0,,51.9,21.7,51.1,56.8,True,True,1,boolean_field,success,True,,False,False,pass,rating-breakdown,True,51.9,21.7,51.1,56.8,pass,True,False,"{""playerCoordinates"": {""x"": 51.9, ""y"": 21.7}, ""passEndCoordinates"": {""x"": 51.1, ""y"": 56.8}, ""eventActionType"": ""pass"", ""isHome"": true, ""outcome"": true, ""keypass"": false}",,
2087085,Yan Diomande,14065257,rating-breakdown,passes,passes,,,,RB Leipzig,79.0,,70.5,27.7,68.8,53.7,True,True,1,boolean_field,success,True,,False,False,pass,rating-breakdown,True,70.5,27.7,68.8,53.7,pass,True,False,"{""playerCoordinates"": {""x"": 70.5, ""y"": 27.7}, ""passEndCoordinates"": {""x"": 68.8, ""y"": 53.7}, ""eventActionType"": ""pass"", ""isHome"": true, ""outcome"": true, ""keypass"": false}",,
2087085,Yan Diomande,14065257,rating-breakdown,passes,passes,,,,RB Leipzig,79.0,,83.8,21.4,79.1,35.2,True,True,1,boolean_field,success,True,,False,False,pass,rating-breakdown,True,83.8,21.4,79.1,35.2,pass,True,False,"{""playerCoordinates"": {""x"": 83.8, ""y"": 21.4}, ""passEndCoordinates"": {""x"": 79.1, ""y"": 35.2}, ""eventActionType"": ""pass"", ""isHome"": true, ""outcome"": true, ""keypass"": false}",,
2087085,Yan Diomande,14065257,rating-breakdown,passes,passes,,,,RB Leipzig,79.0,,87.4,20.2,91,14.2,True,True,1,boolean_field,success,True,,False,False,pass,rating-breakdown,True,87.4,20.2,91,14.2,pass,True,False,"{""playerCoordinates"": {""x"": 87.4, ""y"": 20.2}, ""passEndCoordinates"": {""x"": 91, ""y"": 14.2}, ""eventActionType"": ""pass"", ""isHome"": true, ""outcome"": true, ""keypass"": false}",,
2087085,Yan Diomande,14065257,rating-breakdown,passes,passes,,,,RB Leipzig,79.0,,74,13.3,58.1,4.2,True,True,1,boolean_field,success,True,,False,False,pass,rating-breakdown,True,74,13.3,58.1,4.2,pass,True,False,"{""playerCoordinates"": {""x"": 74, ""y"": 13.3}, ""passEndCoordinates"": {""x"": 58.1, ""y"": 4.2}, ""eventActionType"": ""pass"", ""isHome"": true, ""outcome"": true, ""keypass"": false}",,
2087085,Yan Diomande,14065257,rating-breakdown,passes,passes,,,,RB Leipzig,79.0,,75.2,29.5,75.7,43.2,True,True,1,boolean_field,success,True,,False,False,pass,rating-breakdown,True,75.2,29.5,75.7,43.2,pass,True,False,"{""playerCoordinates"": {""x"": 75.2, ""y"": 29.5}, ""passEndCoordinates"": {""x"": 75.7, ""y"": 43.2}, ""eventActionType"": ""pass"", ""isHome"": true, ""outcome"": true, ""keypass"": false}",,
2087085,Yan Diomande,14065257,rating-breakdown,passes,passes,,,,RB Leipzig,79.0,,96.4,20.3,81.5,85.9,,,,unresolvable,,,,False,False,pass,rating-breakdown,True,96.4,20.3,81.5,85.9,pass,True,False,"{""playerCoordinates"": {""x"": 96.4, ""y"": 20.3}, ""passEndCoordinates"": {""x"": 81.5, ""y"": 85.9}, ""eventActionType"": ""pass"", ""isHome"": true, ""keypass"": false, ""isLongBall"": true}",True,
2087085,Yan Diomande,14065257,rating-breakdown,passes,passes,,,,RB Leipzig,79.0,,60.6,6.1,48,30,True,True,1,boolean_field,success,True,,False,False,pass,rating-breakdown,True,60.6,6.1,48,30,pass,True,False,"{""playerCoordinates"": {""x"": 60.6, ""y"": 6.1}, ""passEndCoordinates"": {""x"": 48, ""y"": 30}, ""eventActionType"": ""pass"", ""isHome"": true, ""outcome"": true, ""keypass"": false}",,
2087085,Yan Diomande,14065257,rating-breakdown,passes,passes,,,,RB Leipzig,79.0,,63.2,24.3,64.4,54.6,True,True,1,boolean_field,success,True,,False,False,pass,rating-breakdown,True,63.2,24.3,64.4,54.6,pass,True,False,"{""playerCoordinates"": {""x"": 63.2, ""y"": 24.3}, ""passEndCoordinates"": {""x"": 64.4, ""y"": 54.6}, ""eventActionType"": ""pass"", ""isHome"": true, ""outcome"": true, ""keypass"": false}",,
2087085,Yan Diomande,14065257,rating-breakdown,passes,passes,,,,RB Leipzig,79.0,,59,42.3,33.3,44.2,True,True,1,boolean_field,success,True,,False,False,pass,rating-breakdown,True,59,42.3,33.3,44.2,pass,True,False,"{""playerCoordinates"": {""x"": 59, ""y"": 42.3}, ""passEndCoordinates"": {""x"": 33.3, ""y"": 44.2}, ""eventActionType"": ""pass"", ""isHome"": true, ""outcome"": true, ""keypass"": false}",,
2087085,Yan Diomande,14065257,rating-breakdown,passes,passes,,,,RB Leipzig,79.0,,17.9,13.3,3.7,34.6,True,True,1,boolean_field,success,True,,False,False,pass,rating-breakdown,True,17.9,13.3,3.7,34.6,pass,True,False,"{""playerCoordinates"": {""x"": 17.9, ""y"": 13.3}, ""passEndCoordinates"": {""x"": 3.7, ""y"": 34.6}, ""eventActionType"": ""pass"", ""isHome"": true, ""outcome"": true, ""keypass"": false}",,
2087085,Yan Diomande,14065257,rating-breakdown,passes,passes,,,,RB Leipzig,79.0,,85.8,38.5,84.9,46.2,,,,unresolvable,,,,False,False,pass,rating-breakdown,True,85.8,38.5,84.9,46.2,pass,True,False,"{""playerCoordinates"": {""x"": 85.8, ""y"": 38.5}, ""passEndCoordinates"": {""x"": 84.9, ""y"": 46.2}, ""eventActionType"": ""pass"", ""isHome"": true, ""keypass"": false}",,
2087085,Yan Diomande,14065257,rating-breakdown,passes,passes,,,,RB Leipzig,79.0,,60.1,9.1,64.7,15.6,True,True,1,boolean_field,success,True,,False,False,pass,rating-breakdown,True,60.1,9.1,64.7,15.6,pass,True,False,"{""playerCoordinates"": {""x"": 60.1, ""y"": 9.1}, ""passEndCoordinates"": {""x"": 64.7, ""y"": 15.6}, ""eventActionType"": ""pass"", ""isHome"": true, ""outcome"": true, ""keypass"": false}",,
2087085,Yan Diomande,14065257,rating-breakdown,passes,passes,,,,RB Leipzig,79.0,,89.7,25.3,90.9,40,True,True,1,boolean_field,success,True,,True,True,assist,rating-breakdown,True,89.7,25.3,90.9,40,pass,True,True,"{""playerCoordinates"": {""x"": 89.7, ""y"": 25.3}, ""passEndCoordinates"": {""x"": 90.9, ""y"": 40}, ""eventActionType"": ""pass"", ""isHome"": true, ""outcome"": true, ""keypass"": true, ""isAssist"": true}",,True
2087085,Yan Diomande,14065257,rating-breakdown,passes,passes,,,,RB Leipzig,79.0,,69.6,8.1,68.6,17.1,True,True,1,boolean_field,success,True,,False,False,pass,rating-breakdown,True,69.6,8.1,68.6,17.1,pass,True,False,"{""playerCoordinates"": {""x"": 69.6, ""y"": 8.1}, ""passEndCoordinates"": {""x"": 68.6, ""y"": 17.1}, ""eventActionType"": ""pass"", ""isHome"": true, ""outcome"": true, ""keypass"": false}",,
2087085,Yan Diomande,14065257,rating-breakdown,passes,passes,,,,RB Leipzig,79.0,,60.6,8.8,40.1,23.5,True,True,1,boolean_field,success,True,,False,False,pass,rating-breakdown,True,60.6,8.8,40.1,23.5,pass,True,False,"{""playerCoordinates"": {""x"": 60.6, ""y"": 8.8}, ""passEndCoordinates"": {""x"": 40.1, ""y"": 23.5}, ""eventActionType"": ""pass"", ""isHome"": true, ""outcome"": true, ""keypass"": false}",,
2087085,Yan Diomande,14065257,rating-breakdown,passes,passes,,,,RB Leipzig,79.0,,67.8,30.1,72.4,39.1,True,True,1,boolean_field,success,True,,False,False,pass,rating-breakdown,True,67.8,30.1,72.4,39.1,pass,True,False,"{""playerCoordinates"": {""x"": 67.8, ""y"": 30.1}, ""passEndCoordinates"": {""x"": 72.4, ""y"": 39.1}, ""eventActionType"": ""pass"", ""isHome"": true, ""outcome"": true, ""keypass"": false}",,
2087085,Yan Diomande,14065257,rating-breakdown,passes,passes,,,,RB Leipzig,79.0,,80.8,39.5,78.5,63.8,True,True,1,boolean_field,success,True,,False,False,pass,rating-breakdown,True,80.8,39.5,78.5,63.8,pass,True,False,"{""playerCoordinates"": {""x"": 80.8, ""y"": 39.5}, ""passEndCoordinates"": {""x"": 78.5, ""y"": 63.8}, ""eventActionType"": ""pass"", ""isHome"": true, ""outcome"": true, ""keypass"": false}",,
2087085,Yan Diomande,14065257,rating-breakdown,passes,passes,,,,RB Leipzig,79.0,,57.8,8,50.9,11.7,True,True,1,boolean_field,success,True,,False,False,pass,rating-breakdown,True,57.8,8,50.9,11.7,pass,True,False,"{""playerCoordinates"": {""x"": 57.8, ""y"": 8}, ""passEndCoordinates"": {""x"": 50.9, ""y"": 11.7}, ""eventActionType"": ""pass"", ""isHome"": true, ""outcome"": true, ""keypass"": false}",,
2087085,Yan Diomande,14065257,rating-breakdown,passes,passes,,,,RB Leipzig,79.0,,70,8.4,71,22.8,True,True,1,boolean_field,success,True,,False,False,pass,rating-breakdown,True,70,8.4,71,22.8,pass,True,False,"{""playerCoordinates"": {""x"": 70, ""y"": 8.4}, ""passEndCoordinates"": {""x"": 71, ""y"": 22.8}, ""eventActionType"": ""pass"", ""isHome"": true, ""outcome"": true, ""keypass"": false}",,
2087085,Yan Diomande,14065257,rating-breakdown,passes,passes,,,,RB Leipzig,79.0,,87.3,46,,,True,True,1,boolean_field,success,True,,False,True,key_pass,rating-breakdown,True,87.3,46,,,ball-touch,True,True,"{""playerCoordinates"": {""x"": 87.3, ""y"": 46}, ""eventActionType"": ""ball-touch"", ""isHome"": true, ""outcome"": true, ""keypass"": true}",,
2087085,Yan Diomande,14065257,rating-breakdown,passes,passes,,,,RB Leipzig,79.0,,79.4,22.2,80.2,42.7,True,True,1,boolean_field,success,True,,False,False,pass,rating-breakdown,True,79.4,22.2,80.2,42.7,pass,True,False,"{""playerCoordinates"": {""x"": 79.4, ""y"": 22.2}, ""passEndCoordinates"": {""x"": 80.2, ""y"": 42.7}, ""eventActionType"": ""pass"", ""isHome"": true, ""outcome"": true, ""keypass"": false}",,
2087085,Yan Diomande,14065257,rating-breakdown,passes,passes,,,,RB Leipzig,79.0,,89.9,24.6,80.1,54.8,,,,unresolvable,,,,False,False,pass,rating-breakdown,True,89.9,24.6,80.1,54.8,pass,True,False,"{""playerCoordinates"": {""x"": 89.9, ""y"": 24.6}, ""passEndCoordinates"": {""x"": 80.1, ""y"": 54.8}, ""eventActionType"": ""pass"", ""isHome"": true, ""keypass"": false}",,
2087085,Yan Diomande,14065257,rating-breakdown,ball-carries,ball-carries,,,,RB Leipzig,79.0,,17.1,54.4,20.4,54.6,,,,unresolvable,,,,False,False,,rating-breakdown,True,17.1,54.4,20.4,54.6,ball-carry,True,,"{""playerCoordinates"": {""x"": 17.1, ""y"": 54.4}, ""passEndCoordinates"": {""x"": 20.4, ""y"": 54.6}, ""eventActionType"": ""ball-carry"", ""isHome"": true}",,
2087085,Yan Diomande,14065257,rating-breakdown,ball-carries,ball-carries,,,,RB Leipzig,79.0,,37.7,37.9,66.1,34.9,,,,unresolvable,,,,False,False,,rating-breakdown,True,37.7,37.9,66.1,34.9,ball-carry,True,,"{""playerCoordinates"": {""x"": 37.7, ""y"": 37.9}, ""passEndCoordinates"": {""x"": 66.1, ""y"": 34.9}, ""eventActionType"": ""ball-carry"", ""isHome"": true}",,
2087085,Yan Diomande,14065257,rating-breakdown,ball-carries,ball-carries,,,,RB Leipzig,79.0,,67.6,5.8,65.4,17.2,,,,unresolvable,,,,False,False,,rating-breakdown,True,67.6,5.8,65.4,17.2,ball-carry,True,,"{""playerCoordinates"": {""x"": 67.6, ""y"": 5.8}, ""passEndCoordinates"": {""x"": 65.4, ""y"": 17.2}, ""eventActionType"": ""ball-carry"", ""isHome"": true}",,
2087085,Yan Diomande,14065257,rating-breakdown,ball-carries,ball-carries,,,,RB Leipzig,79.0,,18.3,6.6,13.3,5.4,,,,unresolvable,,,,False,False,,rating-breakdown,True,18.3,6.6,13.3,5.4,ball-carry,True,,"{""playerCoordinates"": {""x"": 18.3, ""y"": 6.6}, ""passEndCoordinates"": {""x"": 13.3, ""y"": 5.4}, ""eventActionType"": ""ball-carry"", ""isHome"": true}",,
2087085,Yan Diomande,14065257,rating-breakdown,ball-carries,ball-carries,,,,RB Leipzig,79.0,,81.2,5.7,97.9,30.3,,,,unresolvable,,,,False,False,,rating-breakdown,True,81.2,5.7,97.9,30.3,ball-carry,True,,"{""playerCoordinates"": {""x"": 81.2, ""y"": 5.7}, ""passEndCoordinates"": {""x"": 97.9, ""y"": 30.3}, ""eventActionType"": ""ball-carry"", ""isHome"": true}",,
2087085,Yan Diomande,14065257,rating-breakdown,ball-carries,ball-carries,,,,RB Leipzig,79.0,,85,5.1,89.4,9.6,,,,unresolvable,,,,False,False,,rating-breakdown,True,85,5.1,89.4,9.6,ball-carry,True,,"{""playerCoordinates"": {""x"": 85, ""y"": 5.1}, ""passEndCoordinates"": {""x"": 89.4, ""y"": 9.6}, ""eventActionType"": ""ball-carry"", ""isHome"": true}",,
2087085,Yan Diomande,14065257,rating-breakdown,ball-carries,ball-carries,,,,RB Leipzig,79.0,,70.8,16,88.6,29.8,,,,unresolvable,,,,False,False,,rating-breakdown,True,70.8,16,88.6,29.8,ball-carry,True,,"{""playerCoordinates"": {""x"": 70.8, ""y"": 16}, ""passEndCoordinates"": {""x"": 88.6, ""y"": 29.8}, ""eventActionType"": ""ball-carry"", ""isHome"": true}",,
2087085,Yan Diomande,14065257,rating-breakdown,ball-carries,ball-carries,,,,RB Leipzig,79.0,,46,4.5,55.1,21.6,,,,unresolvable,,,,False,False,,rating-breakdown,True,46,4.5,55.1,21.6,ball-carry,True,,"{""playerCoordinates"": {""x"": 46, ""y"": 4.5}, ""passEndCoordinates"": {""x"": 55.1, ""y"": 21.6}, ""eventActionType"": ""ball-carry"", ""isHome"": true}",,
2087085,Yan Diomande,14065257,rating-breakdown,ball-carries,ball-carries,,,,RB Leipzig,79.0,,83,55.8,77.3,49.3,,,,unresolvable,,,,False,False,,rating-breakdown,True,83,55.8,77.3,49.3,ball-carry,True,,"{""playerCoordinates"": {""x"": 83, ""y"": 55.8}, ""passEndCoordinates"": {""x"": 77.3, ""y"": 49.3}, ""eventActionType"": ""ball-carry"", ""isHome"": true}",,
2087085,Yan Diomande,14065257,rating-breakdown,ball-carries,ball-carries,,,,RB Leipzig,79.0,,75.5,3.7,70.5,27.7,,,,unresolvable,,,,False,False,,rating-breakdown,True,75.5,3.7,70.5,27.7,ball-carry,True,,"{""playerCoordinates"": {""x"": 75.5, ""y"": 3.7}, ""passEndCoordinates"": {""x"": 70.5, ""y"": 27.7}, ""eventActionType"": ""ball-carry"", ""isHome"": true}",,
2087085,Yan Diomande,14065257,rating-breakdown,ball-carries,ball-carries,,,,RB Leipzig,79.0,,78.1,18.1,83.8,21.4,,,,unresolvable,,,,False,False,,rating-breakdown,True,78.1,18.1,83.8,21.4,ball-carry,True,,"{""playerCoordinates"": {""x"": 78.1, ""y"": 18.1}, ""passEndCoordinates"": {""x"": 83.8, ""y"": 21.4}, ""eventActionType"": ""ball-carry"", ""isHome"": true}",,
2087085,Yan Diomande,14065257,rating-breakdown,ball-carries,ball-carries,,,,RB Leipzig,79.0,,79.8,13.5,74,13.3,,,,unresolvable,,,,False,False,,rating-breakdown,True,79.8,13.5,74,13.3,ball-carry,True,,"{""playerCoordinates"": {""x"": 79.8, ""y"": 13.5}, ""passEndCoordinates"": {""x"": 74, ""y"": 13.3}, ""eventActionType"": ""ball-carry"", ""isHome"": true}",,
2087085,Yan Diomande,14065257,rating-breakdown,ball-carries,ball-carries,,,,RB Leipzig,79.0,,68.2,4.3,71.2,9.3,,,,unresolvable,,,,False,False,,rating-breakdown,True,68.2,4.3,71.2,9.3,ball-carry,True,,"{""playerCoordinates"": {""x"": 68.2, ""y"": 4.3}, ""passEndCoordinates"": {""x"": 71.2, ""y"": 9.3}, ""eventActionType"": ""ball-carry"", ""isHome"": true}",,
2087085,Yan Diomande,14065257,rating-breakdown,ball-carries,ball-carries,,,,RB Leipzig,79.0,,74.2,46.3,71.5,42.9,,,,unresolvable,,,,False,False,,rating-breakdown,True,74.2,46.3,71.5,42.9,ball-carry,True,,"{""playerCoordinates"": {""x"": 74.2, ""y"": 46.3}, ""passEndCoordinates"": {""x"": 71.5, ""y"": 42.9}, ""eventActionType"": ""ball-carry"", ""isHome"": true}",,
2087085,Yan Diomande,14065257,rating-breakdown,ball-carries,ball-carries,,,,RB Leipzig,79.0,,60,14.5,63.2,24.3,,,,unresolvable,,,,False,False,,rating-breakdown,True,60,14.5,63.2,24.3,ball-carry,True,,"{""playerCoordinates"": {""x"": 60, ""y"": 14.5}, ""passEndCoordinates"": {""x"": 63.2, ""y"": 24.3}, ""eventActionType"": ""ball-carry"", ""isHome"": true}",,
2087085,Yan Diomande,14065257,rating-breakdown,ball-carries,ball-carries,,,,RB Leipzig,79.0,,22.8,7.6,17.9,13.3,,,,unresolvable,,,,False,False,,rating-breakdown,True,22.8,7.6,17.9,13.3,ball-carry,True,,"{""playerCoordinates"": {""x"": 22.8, ""y"": 7.6}, ""passEndCoordinates"": {""x"": 17.9, ""y"": 13.3}, ""eventActionType"": ""ball-carry"", ""isHome"": true}",,
2087085,Yan Diomande,14065257,rating-breakdown,ball-carries,ball-carries,,,,RB Leipzig,79.0,,64.7,7.5,85.7,40.3,,,,unresolvable,,,,False,False,,rating-breakdown,True,64.7,7.5,85.7,40.3,ball-carry,True,,"{""playerCoordinates"": {""x"": 64.7, ""y"": 7.5}, ""passEndCoordinates"": {""x"": 85.7, ""y"": 40.3}, ""eventActionType"": ""ball-carry"", ""isHome"": true}",,
2087085,Yan Diomande,14065257,rating-breakdown,ball-carries,ball-carries,,,,RB Leipzig,79.0,,78.2,11.1,89.7,25.3,,,,unresolvable,,,,False,False,,rating-breakdown,True,78.2,11.1,89.7,25.3,ball-carry,True,,"{""playerCoordinates"": {""x"": 78.2, ""y"": 11.1}, ""passEndCoordinates"": {""x"": 89.7, ""y"": 25.3}, ""eventActionType"": ""ball-carry"", ""isHome"": true}",,
2087085,Yan Diomande,14065257,rating-breakdown,ball-carries,ball-carries,,,,RB Leipzig,79.0,,68,30.4,74.5,38.7,,,,unresolvable,,,,False,False,,rating-breakdown,True,68,30.4,74.5,38.7,ball-carry,True,,"{""playerCoordinates"": {""x"": 68, ""y"": 30.4}, ""passEndCoordinates"": {""x"": 74.5, ""y"": 38.7}, ""eventActionType"": ""ball-carry"", ""isHome"": true}",,
2087085,Yan Diomande,14065257,rating-breakdown,ball-carries,ball-carries,,,,RB Leipzig,79.0,,58.3,26.1,70.3,31.8,,,,unresolvable,,,,False,False,,rating-breakdown,True,58.3,26.1,70.3,31.8,ball-carry,True,,"{""playerCoordinates"": {""x"": 58.3, ""y"": 26.1}, ""passEndCoordinates"": {""x"": 70.3, ""y"": 31.8}, ""eventActionType"": ""ball-carry"", ""isHome"": true}",,
2087085,Yan Diomande,14065257,rating-breakdown,ball-carries,ball-carries,,,,RB Leipzig,79.0,,77.8,34.2,76.3,41.2,,,,unresolvable,,,,False,False,,rating-breakdown,True,77.8,34.2,76.3,41.2,ball-carry,True,,"{""playerCoordinates"": {""x"": 77.8, ""y"": 34.2}, ""passEndCoordinates"": {""x"": 76.3, ""y"": 41.2}, ""eventActionType"": ""ball-carry"", ""isHome"": true}",,
2087085,Yan Diomande,14065257,rating-breakdown,ball-carries,ball-carries,,,,RB Leipzig,79.0,,67.1,12.3,79.4,22.2,,,,unresolvable,,,,False,False,,rating-breakdown,True,67.1,12.3,79.4,22.2,ball-carry,True,,"{""playerCoordinates"": {""x"": 67.1, ""y"": 12.3}, ""passEndCoordinates"": {""x"": 79.4, ""y"": 22.2}, ""eventActionType"": ""ball-carry"", ""isHome"": true}",,
2087085,Yan Diomande,14065257,rating-breakdown,ball-carries,ball-carries,,,,RB Leipzig,79.0,,77.6,6.9,82.8,13.3,,,,unresolvable,,,,False,False,,rating-breakdown,True,77.6,6.9,82.8,13.3,ball-carry,True,,"{""playerCoordinates"": {""x"": 77.6, ""y"": 6.9}, ""passEndCoordinates"": {""x"": 82.8, ""y"": 13.3}, ""eventActionType"": ""ball-carry"", ""isHome"": true}",,
2087085,Yan Diomande,14065257,rating-breakdown,dribbles,dribbles,,,,RB Leipzig,79.0,,88,12.5,,,,,,unresolvable,,,,False,False,,rating-breakdown,True,88,12.5,,,dribble,True,False,"{""playerCoordinates"": {""x"": 88, ""y"": 12.5}, ""eventActionType"": ""dribble"", ""isHome"": true, ""keypass"": false}",,
2087085,Yan Diomande,14065257,rating-breakdown,dribbles,dribbles,,,,RB Leipzig,79.0,,41,11.4,,,True,True,1,boolean_field,success,,True,False,False,,rating-breakdown,True,41,11.4,,,dribble,True,False,"{""playerCoordinates"": {""x"": 41, ""y"": 11.4}, ""eventActionType"": ""dribble"", ""isHome"": true, ""outcome"": true, ""keypass"": false}",,
2087085,Yan Diomande,14065257,rating-breakdown,dribbles,dribbles,,,,RB Leipzig,79.0,,66.1,9.9,,,True,True,1,boolean_field,success,,True,False,False,,rating-breakdown,True,66.1,9.9,,,dribble,True,False,"{""playerCoordinates"": {""x"": 66.1, ""y"": 9.9}, ""eventActionType"": ""dribble"", ""isHome"": true, ""outcome"": true, ""keypass"": false}",,
2087085,Yan Diomande,14065257,rating-breakdown,dribbles,dribbles,,,,RB Leipzig,79.0,,73.8,29.4,,,True,True,1,boolean_field,success,,True,False,False,,rating-breakdown,True,73.8,29.4,,,dribble,True,False,"{""playerCoordinates"": {""x"": 73.8, ""y"": 29.4}, ""eventActionType"": ""dribble"", ""isHome"": true, ""outcome"": true, ""keypass"": false}",,
2087085,Yan Diomande,14065257,rating-breakdown,dribbles,dribbles,,,,RB Leipzig,79.0,,88.4,29.2,,,True,True,1,boolean_field,success,,True,False,False,,rating-breakdown,True,88.4,29.2,,,dribble,True,False,"{""playerCoordinates"": {""x"": 88.4, ""y"": 29.2}, ""eventActionType"": ""dribble"", ""isHome"": true, ""outcome"": true, ""keypass"": false}",,
2087085,Yan Diomande,14065257,rating-breakdown,dribbles,dribbles,,,,RB Leipzig,79.0,,70.7,8.4,,,True,True,1,boolean_field,success,,True,False,False,,rating-breakdown,True,70.7,8.4,,,dribble,True,False,"{""playerCoordinates"": {""x"": 70.7, ""y"": 8.4}, ""eventActionType"": ""dribble"", ""isHome"": true, ""outcome"": true, ""keypass"": false}",,
2087085,Yan Diomande,14065257,rating-breakdown,dribbles,dribbles,,,,RB Leipzig,79.0,,83.6,17,,,True,True,1,boolean_field,success,,True,False,False,,rating-breakdown,True,83.6,17,,,dribble,True,False,"{""playerCoordinates"": {""x"": 83.6, ""y"": 17}, ""eventActionType"": ""dribble"", ""isHome"": true, ""outcome"": true, ""keypass"": false}",,
2087085,Yan Diomande,14065257,rating-breakdown,defensive,defensive,,,,RB Leipzig,79.0,,37.7,37.9,,,True,True,1,boolean_field,success,,True,False,False,,rating-breakdown,True,37.7,37.9,,,ball-recovery,True,False,"{""playerCoordinates"": {""x"": 37.7, ""y"": 37.9}, ""eventActionType"": ""ball-recovery"", ""isHome"": true, ""outcome"": true, ""keypass"": false}",,
2087085,Yan Diomande,14065257,rating-breakdown,defensive,defensive,,,,RB Leipzig,79.0,,39.6,12.9,,,True,True,1,boolean_field,success,,True,False,False,,rating-breakdown,True,39.6,12.9,,,ball-recovery,True,False,"{""playerCoordinates"": {""x"": 39.6, ""y"": 12.9}, ""eventActionType"": ""ball-recovery"", ""isHome"": true, ""outcome"": true, ""keypass"": false}",,
2087085,Yan Diomande,14065257,rating-breakdown,defensive,defensive,,,,RB Leipzig,79.0,,18.3,6.6,,,True,True,1,boolean_field,success,,True,False,False,,rating-breakdown,True,18.3,6.6,,,ball-recovery,True,False,"{""playerCoordinates"": {""x"": 18.3, ""y"": 6.6}, ""eventActionType"": ""ball-recovery"", ""isHome"": true, ""outcome"": true, ""keypass"": false}",,
2087085,Yan Diomande,14065257,rating-breakdown,defensive,defensive,,,,RB Leipzig,79.0,,85,5.1,,,True,True,1,boolean_field,success,,True,False,False,,rating-breakdown,True,85,5.1,,,ball-recovery,True,False,"{""playerCoordinates"": {""x"": 85, ""y"": 5.1}, ""eventActionType"": ""ball-recovery"", ""isHome"": true, ""outcome"": true, ""keypass"": false}",,
2087085,Yan Diomande,14065257,rating-breakdown,defensive,defensive,,,,RB Leipzig,79.0,,37.8,15.6,,,True,True,1,boolean_field,success,,True,False,False,,rating-breakdown,True,37.8,15.6,,,ball-recovery,True,False,"{""playerCoordinates"": {""x"": 37.8, ""y"": 15.6}, ""eventActionType"": ""ball-recovery"", ""isHome"": true, ""outcome"": true, ""keypass"": false}",,
2087085,Yan Diomande,14065257,rating-breakdown,defensive,defensive,,,,RB Leipzig,79.0,,63.8,18.8,,,True,True,1,boolean_field,success,,True,False,False,,rating-breakdown,True,63.8,18.8,,,tackle,True,False,"{""playerCoordinates"": {""x"": 63.8, ""y"": 18.8}, ""eventActionType"": ""tackle"", ""isHome"": true, ""outcome"": true, ""keypass"": false}",,
2087085,Yan Diomande,14065236,rating-breakdown,passes,passes,,,,RB Leipzig,90.0,,65.3,11,57.6,21,,,,unresolvable,,,,False,False,pass,rating-breakdown,True,65.3,11,57.6,21,pass,False,False,"{""playerCoordinates"": {""x"": 65.3, ""y"": 11}, ""passEndCoordinates"": {""x"": 57.6, ""y"": 21}, ""eventActionType"": ""pass"", ""isHome"": false, ""keypass"": false}",,
2087085,Yan Diomande,14065236,rating-breakdown,passes,passes,,,,RB Leipzig,90.0,,70.5,25.4,85,10,True,True,1,boolean_field,success,True,,False,False,pass,rating-breakdown,True,70.5,25.4,85,10,pass,False,False,"{""playerCoordinates"": {""x"": 70.5, ""y"": 25.4}, ""passEndCoordinates"": {""x"": 85, ""y"": 10}, ""eventActionType"": ""pass"", ""isHome"": false, ""outcome"": true, ""keypass"": false}",,
2087085,Yan Diomande,14065236,rating-breakdown,passes,passes,,,,RB Leipzig,90.0,,87.1,10,87,5.3,True,True,1,boolean_field,success,True,,False,False,pass,rating-breakdown,True,87.1,10,87,5.3,pass,False,False,"{""playerCoordinates"": {""x"": 87.1, ""y"": 10}, ""passEndCoordinates"": {""x"": 87, ""y"": 5.3}, ""eventActionType"": ""pass"", ""isHome"": false, ""outcome"": true, ""keypass"": false}",,
2087085,Yan Diomande,14065236,rating-breakdown,passes,passes,,,,RB Leipzig,90.0,,82.6,16.6,84.2,9.4,True,True,1,boolean_field,success,True,,False,False,pass,rating-breakdown,True,82.6,16.6,84.2,9.4,pass,False,False,"{""playerCoordinates"": {""x"": 82.6, ""y"": 16.6}, ""passEndCoordinates"": {""x"": 84.2, ""y"": 9.4}, ""eventActionType"": ""pass"", ""isHome"": false, ""outcome"": true, ""keypass"": false}",,
2087085,Yan Diomande,14065236,rating-breakdown,passes,passes,,,,RB Leipzig,90.0,,27.3,58.8,35.4,62.9,True,True,1,boolean_field,success,True,,False,False,pass,rating-breakdown,True,27.3,58.8,35.4,62.9,pass,False,False,"{""playerCoordinates"": {""x"": 27.3, ""y"": 58.8}, ""passEndCoordinates"": {""x"": 35.4, ""y"": 62.9}, ""eventActionType"": ""pass"", ""isHome"": false, ""outcome"": true, ""keypass"": false}",,
2087085,Yan Diomande,14065236,rating-breakdown,passes,passes,,,,RB Leipzig,90.0,,30.2,62.3,31.4,70.9,True,True,1,boolean_field,success,True,,False,False,pass,rating-breakdown,True,30.2,62.3,31.4,70.9,pass,False,False,"{""playerCoordinates"": {""x"": 30.2, ""y"": 62.3}, ""passEndCoordinates"": {""x"": 31.4, ""y"": 70.9}, ""eventActionType"": ""pass"", ""isHome"": false, ""outcome"": true, ""keypass"": false}",,
2087085,Yan Diomande,14065236,rating-breakdown,passes,passes,,,,RB Leipzig,90.0,,39,35,34.9,42.6,True,True,1,boolean_field,success,True,,False,False,pass,rating-breakdown,True,39,35,34.9,42.6,pass,False,False,"{""playerCoordinates"": {""x"": 39, ""y"": 35}, ""passEndCoordinates"": {""x"": 34.9, ""y"": 42.6}, ""eventActionType"": ""pass"", ""isHome"": false, ""outcome"": true, ""keypass"": false}",,
2087085,Yan Diomande,14065236,rating-breakdown,passes,passes,,,,RB Leipzig,90.0,,56,19.1,52.9,29.9,True,True,1,boolean_field,success,True,,False,False,pass,rating-breakdown,True,56,19.1,52.9,29.9,pass,False,False,"{""playerCoordinates"": {""x"": 56, ""y"": 19.1}, ""passEndCoordinates"": {""x"": 52.9, ""y"": 29.9}, ""eventActionType"": ""pass"", ""isHome"": false, ""outcome"": true, ""keypass"": false}",,
2087085,Yan Diomande,14065236,rating-breakdown,passes,passes,,,,RB Leipzig,90.0,,43.9,23.1,36.9,23.3,True,True,1,boolean_field,success,True,,False,False,pass,rating-breakdown,True,43.9,23.1,36.9,23.3,pass,False,False,"{""playerCoordinates"": {""x"": 43.9, ""y"": 23.1}, ""passEndCoordinates"": {""x"": 36.9, ""y"": 23.3}, ""eventActionType"": ""pass"", ""isHome"": false, ""outcome"": true, ""keypass"": false}",,
2087085,Yan Diomande,14065236,rating-breakdown,passes,passes,,,,RB Leipzig,90.0,,68.3,5.9,62.4,31.4,True,True,1,boolean_field,success,True,,False,False,pass,rating-breakdown,True,68.3,5.9,62.4,31.4,pass,False,False,"{""playerCoordinates"": {""x"": 68.3, ""y"": 5.9}, ""passEndCoordinates"": {""x"": 62.4, ""y"": 31.4}, ""eventActionType"": ""pass"", ""isHome"": false, ""outcome"": true, ""keypass"": false}",,
2087085,Yan Diomande,14065236,rating-breakdown,passes,passes,,,,RB Leipzig,90.0,,84.5,13.9,74.6,42.1,True,True,1,boolean_field,success,True,,False,False,pass,rating-breakdown,True,84.5,13.9,74.6,42.1,pass,False,False,"{""playerCoordinates"": {""x"": 84.5, ""y"": 13.9}, ""passEndCoordinates"": {""x"": 74.6, ""y"": 42.1}, ""eventActionType"": ""pass"", ""isHome"": false, ""outcome"": true, ""keypass"": false}",,
2087085,Yan Diomande,14065236,rating-breakdown,passes,passes,,,,RB Leipzig,90.0,,80.5,15.5,66.4,34.1,True,True,1,boolean_field,success,True,,False,False,pass,rating-breakdown,True,80.5,15.5,66.4,34.1,pass,False,False,"{""playerCoordinates"": {""x"": 80.5, ""y"": 15.5}, ""passEndCoordinates"": {""x"": 66.4, ""y"": 34.1}, ""eventActionType"": ""pass"", ""isHome"": false, ""outcome"": true, ""keypass"": false}",,
2087085,Yan Diomande,14065236,rating-breakdown,passes,passes,,,,RB Leipzig,90.0,,71.2,21.2,85.8,12.7,True,True,1,boolean_field,success,True,,False,False,pass,rating-breakdown,True,71.2,21.2,85.8,12.7,pass,False,False,"{""playerCoordinates"": {""x"": 71.2, ""y"": 21.2}, ""passEndCoordinates"": {""x"": 85.8, ""y"": 12.7}, ""eventActionType"": ""pass"", ""isHome"": false, ""outcome"": true, ""keypass"": false}",,
2087085,Yan Diomande,14065236,rating-breakdown,passes,passes,,,,RB Leipzig,90.0,,76.2,17.2,77.5,30.6,True,True,1,boolean_field,success,True,,False,False,pass,rating-breakdown,True,76.2,17.2,77.5,30.6,pass,False,False,"{""playerCoordinates"": {""x"": 76.2, ""y"": 17.2}, ""passEndCoordinates"": {""x"": 77.5, ""y"": 30.6}, ""eventActionType"": ""pass"", ""isHome"": false, ""outcome"": true, ""keypass"": false}",,
2087085,Yan Diomande,14065236,rating-breakdown,passes,passes,,,,RB Leipzig,90.0,,71.7,59.7,72.4,57.9,,,,unresolvable,,,,False,False,pass,rating-breakdown,True,71.7,59.7,72.4,57.9,pass,False,False,"{""playerCoordinates"": {""x"": 71.7, ""y"": 59.7}, ""passEndCoordinates"": {""x"": 72.4, ""y"": 57.9}, ""eventActionType"": ""pass"", ""isHome"": false, ""keypass"": false}",,
2087085,Yan Diomande,14065236,rating-breakdown,passes,passes,,,,RB Leipzig,90.0,,66.8,11.5,84.7,27.9,True,True,1,boolean_field,success,True,,False,False,pass,rating-breakdown,True,66.8,11.5,84.7,27.9,pass,False,False,"{""playerCoordinates"": {""x"": 66.8, ""y"": 11.5}, ""passEndCoordinates"": {""x"": 84.7, ""y"": 27.9}, ""eventActionType"": ""pass"", ""isHome"": false, ""outcome"": true, ""keypass"": false}",,
2087085,Yan Diomande,14065236,rating-breakdown,passes,passes,,,,RB Leipzig,90.0,,76.5,31.8,87.6,32.1,,,,unresolvable,,,,False,False,pass,rating-breakdown,True,76.5,31.8,87.6,32.1,pass,False,False,"{""playerCoordinates"": {""x"": 76.5, ""y"": 31.8}, ""passEndCoordinates"": {""x"": 87.6, ""y"": 32.1}, ""eventActionType"": ""pass"", ""isHome"": false, ""keypass"": false}",,
2087085,Yan Diomande,14065236,rating-breakdown,passes,passes,,,,RB Leipzig,90.0,,55.7,8.6,56.5,41.8,True,True,1,boolean_field,success,True,,False,False,pass,rating-breakdown,True,55.7,8.6,56.5,41.8,pass,False,False,"{""playerCoordinates"": {""x"": 55.7, ""y"": 8.6}, ""passEndCoordinates"": {""x"": 56.5, ""y"": 41.8}, ""eventActionType"": ""pass"", ""isHome"": false, ""outcome"": true, ""keypass"": false}",,
2087085,Yan Diomande,14065236,rating-breakdown,passes,passes,,,,RB Leipzig,90.0,,55.8,92.1,39.9,87.3,True,True,1,boolean_field,success,True,,False,False,pass,rating-breakdown,True,55.8,92.1,39.9,87.3,pass,False,False,"{""playerCoordinates"": {""x"": 55.8, ""y"": 92.1}, ""passEndCoordinates"": {""x"": 39.9, ""y"": 87.3}, ""eventActionType"": ""pass"", ""isHome"": false, ""outcome"": true, ""keypass"": false}",,
2087085,Yan Diomande,14065236,rating-breakdown,passes,passes,,,,RB Leipzig,90.0,,81,90.8,88.7,62,True,True,1,boolean_field,success,True,,False,False,pass,rating-breakdown,True,81,90.8,88.7,62,pass,False,False,"{""playerCoordinates"": {""x"": 81, ""y"": 90.8}, ""passEndCoordinates"": {""x"": 88.7, ""y"": 62}, ""eventActionType"": ""pass"", ""isHome"": false, ""outcome"": true, ""keypass"": false}",,
2087085,Yan Diomande,14065236,rating-breakdown,passes,passes,,,,RB Leipzig,90.0,,86.7,74.3,86.7,72.1,,,,unresolvable,,,,False,False,pass,rating-breakdown,True,86.7,74.3,86.7,72.1,pass,False,False,"{""playerCoordinates"": {""x"": 86.7, ""y"": 74.3}, ""passEndCoordinates"": {""x"": 86.7, ""y"": 72.1}, ""eventActionType"": ""pass"", ""isHome"": false, ""keypass"": false}",,
2087085,Yan Diomande,14065236,rating-breakdown,passes,passes,,,,RB Leipzig,90.0,,66.2,90.2,71.7,72.7,True,True,1,boolean_field,success,True,,False,False,pass,rating-breakdown,True,66.2,90.2,71.7,72.7,pass,False,False,"{""playerCoordinates"": {""x"": 66.2, ""y"": 90.2}, ""passEndCoordinates"": {""x"": 71.7, ""y"": 72.7}, ""eventActionType"": ""pass"", ""isHome"": false, ""outcome"": true, ""keypass"": false}",,
2087085,Yan Diomande,14065236,rating-breakdown,passes,passes,,,,RB Leipzig,90.0,,92.3,89.7,91.3,83.7,True,True,1,boolean_field,success,True,,False,False,pass,rating-breakdown,True,92.3,89.7,91.3,83.7,pass,False,False,"{""playerCoordinates"": {""x"": 92.3, ""y"": 89.7}, ""passEndCoordinates"": {""x"": 91.3, ""y"": 83.7}, ""eventActionType"": ""pass"", ""isHome"": false, ""outcome"": true, ""keypass"": false}",,
2087085,Yan Diomande,14065236,rating-breakdown,passes,passes,,,,RB Leipzig,90.0,,66.5,92.6,60.2,90.2,True,True,1,boolean_field,success,True,,False,False,pass,rating-breakdown,True,66.5,92.6,60.2,90.2,pass,False,False,"{""playerCoordinates"": {""x"": 66.5, ""y"": 92.6}, ""passEndCoordinates"": {""x"": 60.2, ""y"": 90.2}, ""eventActionType"": ""pass"", ""isHome"": false, ""outcome"": true, ""keypass"": false}",,
2087085,Yan Diomande,14065236,rating-breakdown,passes,passes,,,,RB Leipzig,90.0,,87.1,74.9,86,70.1,,,,unresolvable,,,,False,False,pass,rating-breakdown,True,87.1,74.9,86,70.1,pass,False,False,"{""playerCoordinates"": {""x"": 87.1, ""y"": 74.9}, ""passEndCoordinates"": {""x"": 86, ""y"": 70.1}, ""eventActionType"": ""pass"", ""isHome"": false, ""keypass"": false}",,
2087085,Yan Diomande,14065236,rating-breakdown,passes,passes,,,,RB Leipzig,90.0,,78,87.2,60.5,74.8,True,True,1,boolean_field,success,True,,False,False,pass,rating-breakdown,True,78,87.2,60.5,74.8,pass,False,False,"{""playerCoordinates"": {""x"": 78, ""y"": 87.2}, ""passEndCoordinates"": {""x"": 60.5, ""y"": 74.8}, ""eventActionType"": ""pass"", ""isHome"": false, ""outcome"": true, ""keypass"": false}",,
2087085,Yan Diomande,14065236,rating-breakdown,passes,passes,,,,RB Leipzig,90.0,,75.8,84.5,64.6,75.5,True,True,1,boolean_field,success,True,,False,False,pass,rating-breakdown,True,75.8,84.5,64.6,75.5,pass,False,False,"{""playerCoordinates"": {""x"": 75.8, ""y"": 84.5}, ""passEndCoordinates"": {""x"": 64.6, ""y"": 75.5}, ""eventActionType"": ""pass"", ""isHome"": false, ""outcome"": true, ""keypass"": false}",,
2087085,Yan Diomande,14065236,rating-breakdown,passes,passes,,,,RB Leipzig,90.0,,74.9,62.2,83.9,66.2,,,,unresolvable,,,,False,False,pass,rating-breakdown,True,74.9,62.2,83.9,66.2,pass,False,False,"{""playerCoordinates"": {""x"": 74.9, ""y"": 62.2}, ""passEndCoordinates"": {""x"": 83.9, ""y"": 66.2}, ""eventActionType"": ""pass"", ""isHome"": false, ""keypass"": false}",,
2087085,Yan Diomande,14065236,rating-breakdown,passes,passes,,,,RB Leipzig,90.0,,75.5,88.4,55.5,79.1,True,True,1,boolean_field,success,True,,False,False,pass,rating-breakdown,True,75.5,88.4,55.5,79.1,pass,False,False,"{""playerCoordinates"": {""x"": 75.5, ""y"": 88.4}, ""passEndCoordinates"": {""x"": 55.5, ""y"": 79.1}, ""eventActionType"": ""pass"", ""isHome"": false, ""outcome"": true, ""keypass"": false}",,
2087085,Yan Diomande,14065236,rating-breakdown,passes,passes,,,,RB Leipzig,90.0,,96.7,76.9,95.5,52,,,,unresolvable,,,,False,False,pass,rating-breakdown,True,96.7,76.9,95.5,52,cross,False,False,"{""playerCoordinates"": {""x"": 96.7, ""y"": 76.9}, ""passEndCoordinates"": {""x"": 95.5, ""y"": 52}, ""eventActionType"": ""cross"", ""isHome"": false, ""keypass"": false}",,
2087085,Yan Diomande,14065236,rating-breakdown,passes,passes,,,,RB Leipzig,90.0,,86.2,78.8,87.5,68.5,True,True,1,boolean_field,success,True,,False,False,pass,rating-breakdown,True,86.2,78.8,87.5,68.5,pass,False,False,"{""playerCoordinates"": {""x"": 86.2, ""y"": 78.8}, ""passEndCoordinates"": {""x"": 87.5, ""y"": 68.5}, ""eventActionType"": ""pass"", ""isHome"": false, ""outcome"": true, ""keypass"": false}",,
2087085,Yan Diomande,14065236,rating-breakdown,passes,passes,,,,RB Leipzig,90.0,,90.6,83.8,86,52.9,,,,unresolvable,,,,False,False,pass,rating-breakdown,True,90.6,83.8,86,52.9,cross,False,False,"{""playerCoordinates"": {""x"": 90.6, ""y"": 83.8}, ""passEndCoordinates"": {""x"": 86, ""y"": 52.9}, ""eventActionType"": ""cross"", ""isHome"": false, ""keypass"": false}",,
2087085,Yan Diomande,14065236,rating-breakdown,passes,passes,,,,RB Leipzig,90.0,,90.1,86.7,88.6,63.7,True,True,1,boolean_field,success,True,,False,False,pass,rating-breakdown,True,90.1,86.7,88.6,63.7,pass,False,False,"{""playerCoordinates"": {""x"": 90.1, ""y"": 86.7}, ""passEndCoordinates"": {""x"": 88.6, ""y"": 63.7}, ""eventActionType"": ""pass"", ""isHome"": false, ""outcome"": true, ""keypass"": false}",,
2087085,Yan Diomande,14065236,rating-breakdown,passes,passes,,,,RB Leipzig,90.0,,95.4,67.1,100,43.6,,,,unresolvable,,,,False,False,pass,rating-breakdown,True,95.4,67.1,100,43.6,pass,False,False,"{""playerCoordinates"": {""x"": 95.4, ""y"": 67.1}, ""passEndCoordinates"": {""x"": 100, ""y"": 43.6}, ""eventActionType"": ""pass"", ""isHome"": false, ""keypass"": false}",,
2087085,Yan Diomande,14065236,rating-breakdown,passes,passes,,,,RB Leipzig,90.0,,93,86.3,100,51,,,,unresolvable,,,,False,False,pass,rating-breakdown,True,93,86.3,100,51,cross,False,False,"{""playerCoordinates"": {""x"": 93, ""y"": 86.3}, ""passEndCoordinates"": {""x"": 100, ""y"": 51}, ""eventActionType"": ""cross"", ""isHome"": false, ""keypass"": false}",,
2087085,Yan Diomande,14065236,rating-breakdown,ball-carries,ball-carries,,,,RB Leipzig,90.0,,63.3,13.9,70.5,25.4,,,,unresolvable,,,,False,False,,rating-breakdown,True,63.3,13.9,70.5,25.4,ball-carry,False,,"{""playerCoordinates"": {""x"": 63.3, ""y"": 13.9}, ""passEndCoordinates"": {""x"": 70.5, ""y"": 25.4}, ""eventActionType"": ""ball-carry"", ""isHome"": false}",,
2087085,Yan Diomande,14065236,rating-breakdown,ball-carries,ball-carries,,,,RB Leipzig,90.0,,75,16.3,84.8,17.6,,,,unresolvable,,,,False,False,,rating-breakdown,True,75,16.3,84.8,17.6,ball-carry,False,,"{""playerCoordinates"": {""x"": 75, ""y"": 16.3}, ""passEndCoordinates"": {""x"": 84.8, ""y"": 17.6}, ""eventActionType"": ""ball-carry"", ""isHome"": false}",,
2087085,Yan Diomande,14065236,rating-breakdown,ball-carries,ball-carries,,,,RB Leipzig,90.0,,62.8,6.8,68.3,5.9,,,,unresolvable,,,,False,False,,rating-breakdown,True,62.8,6.8,68.3,5.9,ball-carry,False,,"{""playerCoordinates"": {""x"": 62.8, ""y"": 6.8}, ""passEndCoordinates"": {""x"": 68.3, ""y"": 5.9}, ""eventActionType"": ""ball-carry"", ""isHome"": false}",,
2087085,Yan Diomande,14065236,rating-breakdown,ball-carries,ball-carries,,,,RB Leipzig,90.0,,78.4,3.4,84.5,13.9,,,,unresolvable,,,,False,False,,rating-breakdown,True,78.4,3.4,84.5,13.9,ball-carry,False,,"{""playerCoordinates"": {""x"": 78.4, ""y"": 3.4}, ""passEndCoordinates"": {""x"": 84.5, ""y"": 13.9}, ""eventActionType"": ""ball-carry"", ""isHome"": false}",,
2087085,Yan Diomande,14065236,rating-breakdown,ball-carries,ball-carries,,,,RB Leipzig,90.0,,88.4,10.7,80.5,15.5,,,,unresolvable,,,,False,False,,rating-breakdown,True,88.4,10.7,80.5,15.5,ball-carry,False,,"{""playerCoordinates"": {""x"": 88.4, ""y"": 10.7}, ""passEndCoordinates"": {""x"": 80.5, ""y"": 15.5}, ""eventActionType"": ""ball-carry"", ""isHome"": false}",,
2087085,Yan Diomande,14065236,rating-breakdown,ball-carries,ball-carries,,,,RB Leipzig,90.0,,69,7.9,71.2,21.2,,,,unresolvable,,,,False,False,,rating-breakdown,True,69,7.9,71.2,21.2,ball-carry,False,,"{""playerCoordinates"": {""x"": 69, ""y"": 7.9}, ""passEndCoordinates"": {""x"": 71.2, ""y"": 21.2}, ""eventActionType"": ""ball-carry"", ""isHome"": false}",,
2087085,Yan Diomande,14065236,rating-breakdown,ball-carries,ball-carries,,,,RB Leipzig,90.0,,75.8,4.7,76.2,17.2,,,,unresolvable,,,,False,False,,rating-breakdown,True,75.8,4.7,76.2,17.2,ball-carry,False,,"{""playerCoordinates"": {""x"": 75.8, ""y"": 4.7}, ""passEndCoordinates"": {""x"": 76.2, ""y"": 17.2}, ""eventActionType"": ""ball-carry"", ""isHome"": false}",,
2087085,Yan Diomande,14065236,rating-breakdown,ball-carries,ball-carries,,,,RB Leipzig,90.0,,78.1,20.1,76.5,31.8,,,,unresolvable,,,,False,False,,rating-breakdown,True,78.1,20.1,76.5,31.8,ball-carry,False,,"{""playerCoordinates"": {""x"": 78.1, ""y"": 20.1}, ""passEndCoordinates"": {""x"": 76.5, ""y"": 31.8}, ""eventActionType"": ""ball-carry"", ""isHome"": false}",,
2087085,Yan Diomande,14065236,rating-breakdown,ball-carries,ball-carries,,,,RB Leipzig,90.0,,76.9,95.1,81,90.8,,,,unresolvable,,,,False,False,,rating-breakdown,True,76.9,95.1,81,90.8,ball-carry,False,,"{""playerCoordinates"": {""x"": 76.9, ""y"": 95.1}, ""passEndCoordinates"": {""x"": 81, ""y"": 90.8}, ""eventActionType"": ""ball-carry"", ""isHome"": false}",,
2087085,Yan Diomande,14065236,rating-breakdown,ball-carries,ball-carries,,,,RB Leipzig,90.0,,65.8,93.3,87.1,74.9,,,,unresolvable,,,,False,False,,rating-breakdown,True,65.8,93.3,87.1,74.9,ball-carry,False,,"{""playerCoordinates"": {""x"": 65.8, ""y"": 93.3}, ""passEndCoordinates"": {""x"": 87.1, ""y"": 74.9}, ""eventActionType"": ""ball-carry"", ""isHome"": false}",,
2087085,Yan Diomande,14065236,rating-breakdown,ball-carries,ball-carries,,,,RB Leipzig,90.0,,73.9,89.6,78,87.2,,,,unresolvable,,,,False,False,,rating-breakdown,True,73.9,89.6,78,87.2,ball-carry,False,,"{""playerCoordinates"": {""x"": 73.9, ""y"": 89.6}, ""passEndCoordinates"": {""x"": 78, ""y"": 87.2}, ""eventActionType"": ""ball-carry"", ""isHome"": false}",,
2087085,Yan Diomande,14065236,rating-breakdown,ball-carries,ball-carries,,,,RB Leipzig,90.0,,68.2,92.1,75.8,84.5,,,,unresolvable,,,,False,False,,rating-breakdown,True,68.2,92.1,75.8,84.5,ball-carry,False,,"{""playerCoordinates"": {""x"": 68.2, ""y"": 92.1}, ""passEndCoordinates"": {""x"": 75.8, ""y"": 84.5}, ""eventActionType"": ""ball-carry"", ""isHome"": false}",,
2087085,Yan Diomande,14065236,rating-breakdown,ball-carries,ball-carries,,,,RB Leipzig,90.0,,61.4,84.5,96.7,76.9,,,,unresolvable,,,,False,False,,rating-breakdown,True,61.4,84.5,96.7,76.9,ball-carry,False,,"{""playerCoordinates"": {""x"": 61.4, ""y"": 84.5}, ""passEndCoordinates"": {""x"": 96.7, ""y"": 76.9}, ""eventActionType"": ""ball-carry"", ""isHome"": false}",,
2087085,Yan Diomande,14065236,rating-breakdown,ball-carries,ball-carries,,,,RB Leipzig,90.0,,85.9,86.1,86.2,78.8,,,,unresolvable,,,,False,False,,rating-breakdown,True,85.9,86.1,86.2,78.8,ball-carry,False,,"{""playerCoordinates"": {""x"": 85.9, ""y"": 86.1}, ""passEndCoordinates"": {""x"": 86.2, ""y"": 78.8}, ""eventActionType"": ""ball-carry"", ""isHome"": false}",,
2087085,Yan Diomande,14065236,rating-breakdown,ball-carries,ball-carries,,,,RB Leipzig,90.0,,75.8,91.4,88.1,86,,,,unresolvable,,,,False,False,,rating-breakdown,True,75.8,91.4,88.1,86,ball-carry,False,,"{""playerCoordinates"": {""x"": 75.8, ""y"": 91.4}, ""passEndCoordinates"": {""x"": 88.1, ""y"": 86}, ""eventActionType"": ""ball-carry"", ""isHome"": false}",,
2087085,Yan Diomande,14065236,rating-breakdown,ball-carries,ball-carries,,,,RB Leipzig,90.0,,87.9,92.4,90.1,86.7,,,,unresolvable,,,,False,False,,rating-breakdown,True,87.9,92.4,90.1,86.7,ball-carry,False,,"{""playerCoordinates"": {""x"": 87.9, ""y"": 92.4}, ""passEndCoordinates"": {""x"": 90.1, ""y"": 86.7}, ""eventActionType"": ""ball-carry"", ""isHome"": false}",,
2087085,Yan Diomande,14065236,rating-breakdown,ball-carries,ball-carries,,,,RB Leipzig,90.0,,85.1,91.2,89.2,86.1,,,,unresolvable,,,,False,False,,rating-breakdown,True,85.1,91.2,89.2,86.1,ball-carry,False,,"{""playerCoordinates"": {""x"": 85.1, ""y"": 91.2}, ""passEndCoordinates"": {""x"": 89.2, ""y"": 86.1}, ""eventActionType"": ""ball-carry"", ""isHome"": false}",,
2087085,Yan Diomande,14065236,rating-breakdown,dribbles,dribbles,,,,RB Leipzig,90.0,,84.8,17.6,,,,,,unresolvable,,,,False,False,,rating-breakdown,True,84.8,17.6,,,dribble,False,False,"{""playerCoordinates"": {""x"": 84.8, ""y"": 17.6}, ""eventActionType"": ""dribble"", ""isHome"": false, ""keypass"": false}",,
2087085,Yan Diomande,14065236,rating-breakdown,dribbles,dribbles,,,,RB Leipzig,90.0,,33.8,8.2,,,,,,unresolvable,,,,False,False,,rating-breakdown,True,33.8,8.2,,,dribble,False,False,"{""playerCoordinates"": {""x"": 33.8, ""y"": 8.2}, ""eventActionType"": ""dribble"", ""isHome"": false, ""keypass"": false}",,
2087085,Yan Diomande,14065236,rating-breakdown,dribbles,dribbles,,,,RB Leipzig,90.0,,32.8,45.9,,,True,True,1,boolean_field,success,,True,False,False,,rating-breakdown,True,32.8,45.9,,,dribble,False,False,"{""playerCoordinates"": {""x"": 32.8, ""y"": 45.9}, ""eventActionType"": ""dribble"", ""isHome"": false, ""outcome"": true, ""keypass"": false}",,
2087085,Yan Diomande,14065236,rating-breakdown,defensive,defensive,,,,RB Leipzig,90.0,,39.1,33.9,,,True,True,1,boolean_field,success,,True,False,False,,rating-breakdown,True,39.1,33.9,,,ball-recovery,False,False,"{""playerCoordinates"": {""x"": 39.1, ""y"": 33.9}, ""eventActionType"": ""ball-recovery"", ""isHome"": false, ""outcome"": true, ""keypass"": false}",,
2087085,Yan Diomande,14065236,rating-breakdown,defensive,defensive,,,,RB Leipzig,90.0,,65.5,91.7,,,True,True,1,boolean_field,success,,True,False,False,,rating-breakdown,True,65.5,91.7,,,ball-recovery,False,False,"{""playerCoordinates"": {""x"": 65.5, ""y"": 91.7}, ""eventActionType"": ""ball-recovery"", ""isHome"": false, ""outcome"": true, ""keypass"": false}",,
2087085,Yan Diomande,14065250,rating-breakdown,passes,passes,,,,RB Leipzig,90.0,,92.8,96.9,89.2,97.1,,,,unresolvable,,,,False,False,pass,rating-breakdown,True,92.8,96.9,89.2,97.1,pass,True,False,"{""playerCoordinates"": {""x"": 92.8, ""y"": 96.9}, ""passEndCoordinates"": {""x"": 89.2, ""y"": 97.1}, ""eventActionType"": ""pass"", ""isHome"": true, ""keypass"": false}",,
2087085,Yan Diomande,14065250,rating-breakdown,passes,passes,,,,RB Leipzig,90.0,,75.6,96.8,69.6,83.7,True,True,1,boolean_field,success,True,,False,False,pass,rating-breakdown,True,75.6,96.8,69.6,83.7,pass,True,False,"{""playerCoordinates"": {""x"": 75.6, ""y"": 96.8}, ""passEndCoordinates"": {""x"": 69.6, ""y"": 83.7}, ""eventActionType"": ""pass"", ""isHome"": true, ""outcome"": true, ""keypass"": false}",,
2087085,Yan Diomande,14065250,rating-breakdown,passes,passes,,,,RB Leipzig,90.0,,92.6,72,90,46.6,True,True,1,boolean_field,success,True,,False,False,pass,rating-breakdown,True,92.6,72,90,46.6,pass,True,False,"{""playerCoordinates"": {""x"": 92.6, ""y"": 72}, ""passEndCoordinates"": {""x"": 90, ""y"": 46.6}, ""eventActionType"": ""pass"", ""isHome"": true, ""outcome"": true, ""keypass"": false}",,
2087085,Yan Diomande,14065250,rating-breakdown,passes,passes,,,,RB Leipzig,90.0,,66.8,92.6,65.2,77.7,,,,unresolvable,,,,False,False,pass,rating-breakdown,True,66.8,92.6,65.2,77.7,pass,True,False,"{""playerCoordinates"": {""x"": 66.8, ""y"": 92.6}, ""passEndCoordinates"": {""x"": 65.2, ""y"": 77.7}, ""eventActionType"": ""pass"", ""isHome"": true, ""keypass"": false}",,
2087085,Yan Diomande,14065250,rating-breakdown,passes,passes,,,,RB Leipzig,90.0,,63.4,93,37.9,16.9,True,True,1,boolean_field,success,True,,False,False,pass,rating-breakdown,True,63.4,93,37.9,16.9,pass,True,False,"{""playerCoordinates"": {""x"": 63.4, ""y"": 93}, ""passEndCoordinates"": {""x"": 37.9, ""y"": 16.9}, ""eventActionType"": ""pass"", ""isHome"": true, ""outcome"": true, ""keypass"": false, ""isLongBall"": true}",True,
2087085,Yan Diomande,14065250,rating-breakdown,passes,passes,,,,RB Leipzig,90.0,,58.7,94.8,44.8,72.3,True,True,1,boolean_field,success,True,,False,False,pass,rating-breakdown,True,58.7,94.8,44.8,72.3,pass,True,False,"{""playerCoordinates"": {""x"": 58.7, ""y"": 94.8}, ""passEndCoordinates"": {""x"": 44.8, ""y"": 72.3}, ""eventActionType"": ""pass"", ""isHome"": true, ""outcome"": true, ""keypass"": false}",,
2087085,Yan Diomande,14065250,rating-breakdown,passes,passes,,,,RB Leipzig,90.0,,12,88.7,16.2,89.1,,,,unresolvable,,,,False,False,pass,rating-breakdown,True,12,88.7,16.2,89.1,pass,True,False,"{""playerCoordinates"": {""x"": 12, ""y"": 88.7}, ""passEndCoordinates"": {""x"": 16.2, ""y"": 89.1}, ""eventActionType"": ""pass"", ""isHome"": true, ""keypass"": false, ""isLongBall"": true}",True,
2087085,Yan Diomande,14065250,rating-breakdown,passes,passes,,,,RB Leipzig,90.0,,91.7,85.8,89.5,63.5,,,,unresolvable,,,,False,False,pass,rating-breakdown,True,91.7,85.8,89.5,63.5,cross,True,False,"{""playerCoordinates"": {""x"": 91.7, ""y"": 85.8}, ""passEndCoordinates"": {""x"": 89.5, ""y"": 63.5}, ""eventActionType"": ""cross"", ""isHome"": true, ""keypass"": false}",,
2087085,Yan Diomande,14065250,rating-breakdown,passes,passes,,,,RB Leipzig,90.0,,85.5,85.8,74.3,80,True,True,1,boolean_field,success,True,,False,False,pass,rating-breakdown,True,85.5,85.8,74.3,80,pass,True,False,"{""playerCoordinates"": {""x"": 85.5, ""y"": 85.8}, ""passEndCoordinates"": {""x"": 74.3, ""y"": 80}, ""eventActionType"": ""pass"", ""isHome"": true, ""outcome"": true, ""keypass"": false}",,
2087085,Yan Diomande,14065250,rating-breakdown,passes,passes,,,,RB Leipzig,90.0,,59.5,95.4,41.2,68.6,True,True,1,boolean_field,success,True,,False,False,pass,rating-breakdown,True,59.5,95.4,41.2,68.6,pass,True,False,"{""playerCoordinates"": {""x"": 59.5, ""y"": 95.4}, ""passEndCoordinates"": {""x"": 41.2, ""y"": 68.6}, ""eventActionType"": ""pass"", ""isHome"": true, ""outcome"": true, ""keypass"": false}",,
2087085,Yan Diomande,14065250,rating-breakdown,passes,passes,,,,RB Leipzig,90.0,,82.1,95.6,76.4,67.4,True,True,1,boolean_field,success,True,,False,False,pass,rating-breakdown,True,82.1,95.6,76.4,67.4,pass,True,False,"{""playerCoordinates"": {""x"": 82.1, ""y"": 95.6}, ""passEndCoordinates"": {""x"": 76.4, ""y"": 67.4}, ""eventActionType"": ""pass"", ""isHome"": true, ""outcome"": true, ""keypass"": false}",,
2087085,Yan Diomande,14065250,rating-breakdown,passes,passes,,,,RB Leipzig,90.0,,67.4,95.3,70.4,89.1,True,True,1,boolean_field,success,True,,False,False,pass,rating-breakdown,True,67.4,95.3,70.4,89.1,pass,True,False,"{""playerCoordinates"": {""x"": 67.4, ""y"": 95.3}, ""passEndCoordinates"": {""x"": 70.4, ""y"": 89.1}, ""eventActionType"": ""pass"", ""isHome"": true, ""outcome"": true, ""keypass"": false}",,
2087085,Yan Diomande,14065250,rating-breakdown,passes,passes,,,,RB Leipzig,90.0,,40.2,69.9,54.3,29.9,True,True,1,boolean_field,success,True,,False,False,pass,rating-breakdown,True,40.2,69.9,54.3,29.9,pass,True,False,"{""playerCoordinates"": {""x"": 40.2, ""y"": 69.9}, ""passEndCoordinates"": {""x"": 54.3, ""y"": 29.9}, ""eventActionType"": ""pass"", ""isHome"": true, ""outcome"": true, ""keypass"": false}",,
2087085,Yan Diomande,14065250,rating-breakdown,passes,passes,,,,RB Leipzig,90.0,,67.7,94.8,65.3,77.6,True,True,1,boolean_field,success,True,,False,False,pass,rating-breakdown,True,67.7,94.8,65.3,77.6,pass,True,False,"{""playerCoordinates"": {""x"": 67.7, ""y"": 94.8}, ""passEndCoordinates"": {""x"": 65.3, ""y"": 77.6}, ""eventActionType"": ""pass"", ""isHome"": true, ""outcome"": true, ""keypass"": false}",,
2087085,Yan Diomande,14065250,rating-breakdown,passes,passes,,,,RB Leipzig,90.0,,63.1,95,54,91.7,True,True,1,boolean_field,success,True,,False,False,pass,rating-breakdown,True,63.1,95,54,91.7,pass,True,False,"{""playerCoordinates"": {""x"": 63.1, ""y"": 95}, ""passEndCoordinates"": {""x"": 54, ""y"": 91.7}, ""eventActionType"": ""pass"", ""isHome"": true, ""outcome"": true, ""keypass"": false}",,
2087085,Yan Diomande,14065250,rating-breakdown,passes,passes,,,,RB Leipzig,90.0,,81.7,84.9,80.9,81.8,,,,unresolvable,,,,False,False,pass,rating-breakdown,True,81.7,84.9,80.9,81.8,pass,True,False,"{""playerCoordinates"": {""x"": 81.7, ""y"": 84.9}, ""passEndCoordinates"": {""x"": 80.9, ""y"": 81.8}, ""eventActionType"": ""pass"", ""isHome"": true, ""keypass"": false}",,
2087085,Yan Diomande,14065250,rating-breakdown,passes,passes,,,,RB Leipzig,90.0,,43.3,91.7,36.2,73.7,True,True,1,boolean_field,success,True,,False,False,pass,rating-breakdown,True,43.3,91.7,36.2,73.7,pass,True,False,"{""playerCoordinates"": {""x"": 43.3, ""y"": 91.7}, ""passEndCoordinates"": {""x"": 36.2, ""y"": 73.7}, ""eventActionType"": ""pass"", ""isHome"": true, ""outcome"": true, ""keypass"": false}",,
2087085,Yan Diomande,14065250,rating-breakdown,passes,passes,,,,RB Leipzig,90.0,,96,74,84.7,53.8,True,True,1,boolean_field,success,True,,False,True,key_pass,rating-breakdown,True,96,74,84.7,53.8,pass,True,True,"{""playerCoordinates"": {""x"": 96, ""y"": 74}, ""passEndCoordinates"": {""x"": 84.7, ""y"": 53.8}, ""eventActionType"": ""pass"", ""isHome"": true, ""outcome"": true, ""keypass"": true}",,
2087085,Yan Diomande,14065250,rating-breakdown,passes,passes,,,,RB Leipzig,90.0,,76.9,95.9,72.7,95.3,,,,unresolvable,,,,False,False,pass,rating-breakdown,True,76.9,95.9,72.7,95.3,pass,True,False,"{""playerCoordinates"": {""x"": 76.9, ""y"": 95.9}, ""passEndCoordinates"": {""x"": 72.7, ""y"": 95.3}, ""eventActionType"": ""pass"", ""isHome"": true, ""keypass"": false}",,
2087085,Yan Diomande,14065250,rating-breakdown,passes,passes,,,,RB Leipzig,90.0,,73.2,79.5,68,32.2,True,True,1,boolean_field,success,True,,False,False,pass,rating-breakdown,True,73.2,79.5,68,32.2,pass,True,False,"{""playerCoordinates"": {""x"": 73.2, ""y"": 79.5}, ""passEndCoordinates"": {""x"": 68, ""y"": 32.2}, ""eventActionType"": ""pass"", ""isHome"": true, ""outcome"": true, ""keypass"": false, ""isLongBall"": true}",True,
2087085,Yan Diomande,14065250,rating-breakdown,passes,passes,,,,RB Leipzig,90.0,,76,39.1,79.6,28.9,,,,unresolvable,,,,False,False,pass,rating-breakdown,True,76,39.1,79.6,28.9,pass,True,False,"{""playerCoordinates"": {""x"": 76, ""y"": 39.1}, ""passEndCoordinates"": {""x"": 79.6, ""y"": 28.9}, ""eventActionType"": ""pass"", ""isHome"": true, ""keypass"": false}",,
2087085,Yan Diomande,14065250,rating-breakdown,passes,passes,,,,RB Leipzig,90.0,,23.5,68.3,9.2,77.3,True,True,1,boolean_field,success,True,,False,False,pass,rating-breakdown,True,23.5,68.3,9.2,77.3,pass,True,False,"{""playerCoordinates"": {""x"": 23.5, ""y"": 68.3}, ""passEndCoordinates"": {""x"": 9.2, ""y"": 77.3}, ""eventActionType"": ""pass"", ""isHome"": true, ""outcome"": true, ""keypass"": false}",,
2087085,Yan Diomande,14065250,rating-breakdown,passes,passes,,,,RB Leipzig,90.0,,61,92.6,62.3,83.6,True,True,1,boolean_field,success,True,,False,False,pass,rating-breakdown,True,61,92.6,62.3,83.6,pass,True,False,"{""playerCoordinates"": {""x"": 61, ""y"": 92.6}, ""passEndCoordinates"": {""x"": 62.3, ""y"": 83.6}, ""eventActionType"": ""pass"", ""isHome"": true, ""outcome"": true, ""keypass"": false}",,
2087085,Yan Diomande,14065250,rating-breakdown,passes,passes,,,,RB Leipzig,90.0,,93.2,78.6,93.6,72,,,,unresolvable,,,,False,False,pass,rating-breakdown,True,93.2,78.6,93.6,72,cross,True,False,"{""playerCoordinates"": {""x"": 93.2, ""y"": 78.6}, ""passEndCoordinates"": {""x"": 93.6, ""y"": 72}, ""eventActionType"": ""cross"", ""isHome"": true, ""keypass"": false}",,
2087085,Yan Diomande,14065250,rating-breakdown,passes,passes,,,,RB Leipzig,90.0,,73.3,92.7,78.3,85.7,,,,unresolvable,,,,False,False,pass,rating-breakdown,True,73.3,92.7,78.3,85.7,pass,True,False,"{""playerCoordinates"": {""x"": 73.3, ""y"": 92.7}, ""passEndCoordinates"": {""x"": 78.3, ""y"": 85.7}, ""eventActionType"": ""pass"", ""isHome"": true, ""keypass"": false}",,
2087085,Yan Diomande,14065250,rating-breakdown,passes,passes,,,,RB Leipzig,90.0,,67.5,97.5,56.5,90.9,True,True,1,boolean_field,success,True,,False,False,pass,rating-breakdown,True,67.5,97.5,56.5,90.9,pass,True,False,"{""playerCoordinates"": {""x"": 67.5, ""y"": 97.5}, ""passEndCoordinates"": {""x"": 56.5, ""y"": 90.9}, ""eventActionType"": ""pass"", ""isHome"": true, ""outcome"": true, ""keypass"": false}",,
2087085,Yan Diomande,14065250,rating-breakdown,passes,passes,,,,RB Leipzig,90.0,,86.6,95.6,95.5,86.6,True,True,1,boolean_field,success,True,,False,False,pass,rating-breakdown,True,86.6,95.6,95.5,86.6,pass,True,False,"{""playerCoordinates"": {""x"": 86.6, ""y"": 95.6}, ""passEndCoordinates"": {""x"": 95.5, ""y"": 86.6}, ""eventActionType"": ""pass"", ""isHome"": true, ""outcome"": true, ""keypass"": false}",,
2087085,Yan Diomande,14065250,rating-breakdown,passes,passes,,,,RB Leipzig,90.0,,54.2,84.2,28.3,52.7,True,True,1,boolean_field,success,True,,False,False,pass,rating-breakdown,True,54.2,84.2,28.3,52.7,pass,True,False,"{""playerCoordinates"": {""x"": 54.2, ""y"": 84.2}, ""passEndCoordinates"": {""x"": 28.3, ""y"": 52.7}, ""eventActionType"": ""pass"", ""isHome"": true, ""outcome"": true, ""keypass"": false, ""isLongBall"": true}",True,
2087085,Yan Diomande,14065250,rating-breakdown,passes,passes,,,,RB Leipzig,90.0,,71.1,3.5,56.3,11.9,True,True,1,boolean_field,success,True,,False,False,pass,rating-breakdown,True,71.1,3.5,56.3,11.9,pass,True,False,"{""playerCoordinates"": {""x"": 71.1, ""y"": 3.5}, ""passEndCoordinates"": {""x"": 56.3, ""y"": 11.9}, ""eventActionType"": ""pass"", ""isHome"": true, ""outcome"": true, ""keypass"": false}",,
2087085,Yan Diomande,14065250,rating-breakdown,passes,passes,,,,RB Leipzig,90.0,,81.1,14.6,96.7,19.1,True,True,1,boolean_field,success,True,,False,False,pass,rating-breakdown,True,81.1,14.6,96.7,19.1,pass,True,False,"{""playerCoordinates"": {""x"": 81.1, ""y"": 14.6}, ""passEndCoordinates"": {""x"": 96.7, ""y"": 19.1}, ""eventActionType"": ""pass"", ""isHome"": true, ""outcome"": true, ""keypass"": false}",,
2087085,Yan Diomande,14065250,rating-breakdown,passes,passes,,,,RB Leipzig,90.0,,69.7,12.5,63.6,22.7,True,True,1,boolean_field,success,True,,False,False,pass,rating-breakdown,True,69.7,12.5,63.6,22.7,pass,True,False,"{""playerCoordinates"": {""x"": 69.7, ""y"": 12.5}, ""passEndCoordinates"": {""x"": 63.6, ""y"": 22.7}, ""eventActionType"": ""pass"", ""isHome"": true, ""outcome"": true, ""keypass"": false}",,
2087085,Yan Diomande,14065250,rating-breakdown,passes,passes,,,,RB Leipzig,90.0,,66.5,13.3,74.8,22,True,True,1,boolean_field,success,True,,False,False,pass,rating-breakdown,True,66.5,13.3,74.8,22,pass,True,False,"{""playerCoordinates"": {""x"": 66.5, ""y"": 13.3}, ""passEndCoordinates"": {""x"": 74.8, ""y"": 22}, ""eventActionType"": ""pass"", ""isHome"": true, ""outcome"": true, ""keypass"": false}",,
2087085,Yan Diomande,14065250,rating-breakdown,passes,passes,,,,RB Leipzig,90.0,,64,7,45.5,23.9,True,True,1,boolean_field,success,True,,False,False,pass,rating-breakdown,True,64,7,45.5,23.9,pass,True,False,"{""playerCoordinates"": {""x"": 64, ""y"": 7}, ""passEndCoordinates"": {""x"": 45.5, ""y"": 23.9}, ""eventActionType"": ""pass"", ""isHome"": true, ""outcome"": true, ""keypass"": false}",,
2087085,Yan Diomande,14065250,rating-breakdown,passes,passes,,,,RB Leipzig,90.0,,65.3,4.1,58.5,15.1,True,True,1,boolean_field,success,True,,False,False,pass,rating-breakdown,True,65.3,4.1,58.5,15.1,pass,True,False,"{""playerCoordinates"": {""x"": 65.3, ""y"": 4.1}, ""passEndCoordinates"": {""x"": 58.5, ""y"": 15.1}, ""eventActionType"": ""pass"", ""isHome"": true, ""outcome"": true, ""keypass"": false}",,
2087085,Yan Diomande,14065250,rating-breakdown,passes,passes,,,,RB Leipzig,90.0,,75,38.8,77.4,32.8,,,,unresolvable,,,,False,False,pass,rating-breakdown,True,75,38.8,77.4,32.8,pass,True,False,"{""playerCoordinates"": {""x"": 75, ""y"": 38.8}, ""passEndCoordinates"": {""x"": 77.4, ""y"": 32.8}, ""eventActionType"": ""pass"", ""isHome"": true, ""keypass"": false}",,
2087085,Yan Diomande,14065250,rating-breakdown,passes,passes,,,,RB Leipzig,90.0,,66.7,4.9,55.6,17.2,True,True,1,boolean_field,success,True,,False,False,pass,rating-breakdown,True,66.7,4.9,55.6,17.2,pass,True,False,"{""playerCoordinates"": {""x"": 66.7, ""y"": 4.9}, ""passEndCoordinates"": {""x"": 55.6, ""y"": 17.2}, ""eventActionType"": ""pass"", ""isHome"": true, ""outcome"": true, ""keypass"": false}",,
2087085,Yan Diomande,14065250,rating-breakdown,passes,passes,,,,RB Leipzig,90.0,,38.2,6.4,58.3,21.5,,,,unresolvable,,,,False,False,pass,rating-breakdown,True,38.2,6.4,58.3,21.5,pass,True,False,"{""playerCoordinates"": {""x"": 38.2, ""y"": 6.4}, ""passEndCoordinates"": {""x"": 58.3, ""y"": 21.5}, ""eventActionType"": ""pass"", ""isHome"": true, ""keypass"": false, ""isLongBall"": true}",True,
2087085,Yan Diomande,14065250,rating-breakdown,ball-carries,ball-carries,,,,RB Leipzig,90.0,,73.4,95.7,92.8,96.9,,,,unresolvable,,,,False,False,,rating-breakdown,True,73.4,95.7,92.8,96.9,ball-carry,True,,"{""playerCoordinates"": {""x"": 73.4, ""y"": 95.7}, ""passEndCoordinates"": {""x"": 92.8, ""y"": 96.9}, ""eventActionType"": ""ball-carry"", ""isHome"": true}",,
2087085,Yan Diomande,14065250,rating-breakdown,ball-carries,ball-carries,,,,RB Leipzig,90.0,,90.4,75,92.6,72,,,,unresolvable,,,,False,False,,rating-breakdown,True,90.4,75,92.6,72,ball-carry,True,,"{""playerCoordinates"": {""x"": 90.4, ""y"": 75}, ""passEndCoordinates"": {""x"": 92.6, ""y"": 72}, ""eventActionType"": ""ball-carry"", ""isHome"": true}",,
2087085,Yan Diomande,14065250,rating-breakdown,ball-carries,ball-carries,,,,RB Leipzig,90.0,,69.4,95.4,63.4,93,,,,unresolvable,,,,False,False,,rating-breakdown,True,69.4,95.4,63.4,93,ball-carry,True,,"{""playerCoordinates"": {""x"": 69.4, ""y"": 95.4}, ""passEndCoordinates"": {""x"": 63.4, ""y"": 93}, ""eventActionType"": ""ball-carry"", ""isHome"": true}",,
2087085,Yan Diomande,14065250,rating-breakdown,ball-carries,ball-carries,,,,RB Leipzig,90.0,,72.8,94.1,99.1,92.6,,,,unresolvable,,,,False,False,,rating-breakdown,True,72.8,94.1,99.1,92.6,ball-carry,True,,"{""playerCoordinates"": {""x"": 72.8, ""y"": 94.1}, ""passEndCoordinates"": {""x"": 99.1, ""y"": 92.6}, ""eventActionType"": ""ball-carry"", ""isHome"": true}",,
2087085,Yan Diomande,14065250,rating-breakdown,ball-carries,ball-carries,,,,RB Leipzig,90.0,,4.1,75.3,12,88.7,,,,unresolvable,,,,False,False,,rating-breakdown,True,4.1,75.3,12,88.7,ball-carry,True,,"{""playerCoordinates"": {""x"": 4.1, ""y"": 75.3}, ""passEndCoordinates"": {""x"": 12, ""y"": 88.7}, ""eventActionType"": ""ball-carry"", ""isHome"": true}",,
2087085,Yan Diomande,14065250,rating-breakdown,ball-carries,ball-carries,,,,RB Leipzig,90.0,,38.6,95,46.3,97,,,,unresolvable,,,,False,False,,rating-breakdown,True,38.6,95,46.3,97,ball-carry,True,,"{""playerCoordinates"": {""x"": 38.6, ""y"": 95}, ""passEndCoordinates"": {""x"": 46.3, ""y"": 97}, ""eventActionType"": ""ball-carry"", ""isHome"": true}",,
2087085,Yan Diomande,14065250,rating-breakdown,ball-carries,ball-carries,,,,RB Leipzig,90.0,,63.5,94.7,59.5,95.4,,,,unresolvable,,,,False,False,,rating-breakdown,True,63.5,94.7,59.5,95.4,ball-carry,True,,"{""playerCoordinates"": {""x"": 63.5, ""y"": 94.7}, ""passEndCoordinates"": {""x"": 59.5, ""y"": 95.4}, ""eventActionType"": ""ball-carry"", ""isHome"": true}",,
2087085,Yan Diomande,14065250,rating-breakdown,ball-carries,ball-carries,,,,RB Leipzig,90.0,,40.8,77.8,40.2,69.9,,,,unresolvable,,,,False,False,,rating-breakdown,True,40.8,77.8,40.2,69.9,ball-carry,True,,"{""playerCoordinates"": {""x"": 40.8, ""y"": 77.8}, ""passEndCoordinates"": {""x"": 40.2, ""y"": 69.9}, ""eventActionType"": ""ball-carry"", ""isHome"": true}",,
2087085,Yan Diomande,14065250,rating-breakdown,ball-carries,ball-carries,,,,RB Leipzig,90.0,,70,97.8,67.7,94.8,,,,unresolvable,,,,False,False,,rating-breakdown,True,70,97.8,67.7,94.8,ball-carry,True,,"{""playerCoordinates"": {""x"": 70, ""y"": 97.8}, ""passEndCoordinates"": {""x"": 67.7, ""y"": 94.8}, ""eventActionType"": ""ball-carry"", ""isHome"": true}",,
2087085,Yan Diomande,14065250,rating-breakdown,ball-carries,ball-carries,,,,RB Leipzig,90.0,,75,87.8,81.6,91.8,,,,unresolvable,,,,False,False,,rating-breakdown,True,75,87.8,81.6,91.8,ball-carry,True,,"{""playerCoordinates"": {""x"": 75, ""y"": 87.8}, ""passEndCoordinates"": {""x"": 81.6, ""y"": 91.8}, ""eventActionType"": ""ball-carry"", ""isHome"": true}",,
2087085,Yan Diomande,14065250,rating-breakdown,ball-carries,ball-carries,,,,RB Leipzig,90.0,,81.6,91.8,88.9,92.4,,,,unresolvable,,,,False,False,,rating-breakdown,True,81.6,91.8,88.9,92.4,ball-carry,True,,"{""playerCoordinates"": {""x"": 81.6, ""y"": 91.8}, ""passEndCoordinates"": {""x"": 88.9, ""y"": 92.4}, ""eventActionType"": ""ball-carry"", ""isHome"": true}",,
2087085,Yan Diomande,14065250,rating-breakdown,ball-carries,ball-carries,,,,RB Leipzig,90.0,,74.9,94.7,86,89.1,,,,unresolvable,,,,False,False,,rating-breakdown,True,74.9,94.7,86,89.1,ball-carry,True,,"{""playerCoordinates"": {""x"": 74.9, ""y"": 94.7}, ""passEndCoordinates"": {""x"": 86, ""y"": 89.1}, ""eventActionType"": ""ball-carry"", ""isHome"": true}",,
2087085,Yan Diomande,14065250,rating-breakdown,ball-carries,ball-carries,,,,RB Leipzig,90.0,,72.4,60,96,74,,,,unresolvable,,,,False,False,,rating-breakdown,True,72.4,60,96,74,ball-carry,True,,"{""playerCoordinates"": {""x"": 72.4, ""y"": 60}, ""passEndCoordinates"": {""x"": 96, ""y"": 74}, ""eventActionType"": ""ball-carry"", ""isHome"": true}",,
2087085,Yan Diomande,14065250,rating-breakdown,ball-carries,ball-carries,,,,RB Leipzig,90.0,,71.9,94.4,76.9,95.9,,,,unresolvable,,,,False,False,,rating-breakdown,True,71.9,94.4,76.9,95.9,ball-carry,True,,"{""playerCoordinates"": {""x"": 71.9, ""y"": 94.4}, ""passEndCoordinates"": {""x"": 76.9, ""y"": 95.9}, ""eventActionType"": ""ball-carry"", ""isHome"": true}",,
2087085,Yan Diomande,14065250,rating-breakdown,ball-carries,ball-carries,,,,RB Leipzig,90.0,,71.8,85.8,73.2,79.5,,,,unresolvable,,,,False,False,,rating-breakdown,True,71.8,85.8,73.2,79.5,ball-carry,True,,"{""playerCoordinates"": {""x"": 71.8, ""y"": 85.8}, ""passEndCoordinates"": {""x"": 73.2, ""y"": 79.5}, ""eventActionType"": ""ball-carry"", ""isHome"": true}",,
2087085,Yan Diomande,14065250,rating-breakdown,ball-carries,ball-carries,,,,RB Leipzig,90.0,,65.5,87.5,93.2,78.6,,,,unresolvable,,,,False,False,,rating-breakdown,True,65.5,87.5,93.2,78.6,ball-carry,True,,"{""playerCoordinates"": {""x"": 65.5, ""y"": 87.5}, ""passEndCoordinates"": {""x"": 93.2, ""y"": 78.6}, ""eventActionType"": ""ball-carry"", ""isHome"": true}",,
2087085,Yan Diomande,14065250,rating-breakdown,ball-carries,ball-carries,,,,RB Leipzig,90.0,,70.7,97.4,67.5,97.5,,,,unresolvable,,,,False,False,,rating-breakdown,True,70.7,97.4,67.5,97.5,ball-carry,True,,"{""playerCoordinates"": {""x"": 70.7, ""y"": 97.4}, ""passEndCoordinates"": {""x"": 67.5, ""y"": 97.5}, ""eventActionType"": ""ball-carry"", ""isHome"": true}",,
2087085,Yan Diomande,14065250,rating-breakdown,ball-carries,ball-carries,,,,RB Leipzig,90.0,,83.6,95.4,86.6,95.6,,,,unresolvable,,,,False,False,,rating-breakdown,True,83.6,95.4,86.6,95.6,ball-carry,True,,"{""playerCoordinates"": {""x"": 83.6, ""y"": 95.4}, ""passEndCoordinates"": {""x"": 86.6, ""y"": 95.6}, ""eventActionType"": ""ball-carry"", ""isHome"": true}",,
2087085,Yan Diomande,14065250,rating-breakdown,ball-carries,ball-carries,,,,RB Leipzig,90.0,,62.4,2.1,71.1,3.5,,,,unresolvable,,,,False,False,,rating-breakdown,True,62.4,2.1,71.1,3.5,ball-carry,True,,"{""playerCoordinates"": {""x"": 62.4, ""y"": 2.1}, ""passEndCoordinates"": {""x"": 71.1, ""y"": 3.5}, ""eventActionType"": ""ball-carry"", ""isHome"": true}",,
2087085,Yan Diomande,14065250,rating-breakdown,ball-carries,ball-carries,,,,RB Leipzig,90.0,,72.8,11,81.1,14.6,,,,unresolvable,,,,False,False,,rating-breakdown,True,72.8,11,81.1,14.6,ball-carry,True,,"{""playerCoordinates"": {""x"": 72.8, ""y"": 11}, ""passEndCoordinates"": {""x"": 81.1, ""y"": 14.6}, ""eventActionType"": ""ball-carry"", ""isHome"": true}",,
2087085,Yan Diomande,14065250,rating-breakdown,ball-carries,ball-carries,,,,RB Leipzig,90.0,,41,8.1,38.2,6.4,,,,unresolvable,,,,False,False,,rating-breakdown,True,41,8.1,38.2,6.4,ball-carry,True,,"{""playerCoordinates"": {""x"": 41, ""y"": 8.1}, ""passEndCoordinates"": {""x"": 38.2, ""y"": 6.4}, ""eventActionType"": ""ball-carry"", ""isHome"": true}",,
2087085,Yan Diomande,14065250,rating-breakdown,dribbles,dribbles,,,,RB Leipzig,90.0,,45.4,97,,,True,True,1,boolean_field,success,,True,False,False,,rating-breakdown,True,45.4,97,,,dribble,True,False,"{""playerCoordinates"": {""x"": 45.4, ""y"": 97}, ""eventActionType"": ""dribble"", ""isHome"": true, ""outcome"": true, ""keypass"": false}",,
2087085,Yan Diomande,14065250,rating-breakdown,dribbles,dribbles,,,,RB Leipzig,90.0,,88.7,89.4,,,True,True,1,boolean_field,success,,True,False,False,,rating-breakdown,True,88.7,89.4,,,dribble,True,False,"{""playerCoordinates"": {""x"": 88.7, ""y"": 89.4}, ""eventActionType"": ""dribble"", ""isHome"": true, ""outcome"": true, ""keypass"": false}",,
2087085,Yan Diomande,14065250,rating-breakdown,dribbles,dribbles,,,,RB Leipzig,90.0,,81.6,95.8,,,True,True,1,boolean_field,success,,True,False,False,,rating-breakdown,True,81.6,95.8,,,dribble,True,False,"{""playerCoordinates"": {""x"": 81.6, ""y"": 95.8}, ""eventActionType"": ""dribble"", ""isHome"": true, ""outcome"": true, ""keypass"": false}",,
2087085,Yan Diomande,14065250,rating-breakdown,dribbles,dribbles,,,,RB Leipzig,90.0,,90.9,74.8,,,,,,unresolvable,,,,False,False,,rating-breakdown,True,90.9,74.8,,,dribble,True,False,"{""playerCoordinates"": {""x"": 90.9, ""y"": 74.8}, ""eventActionType"": ""dribble"", ""isHome"": true, ""keypass"": false}",,
2087085,Yan Diomande,14065250,rating-breakdown,dribbles,dribbles,,,,RB Leipzig,90.0,,59.6,93.1,,,,,,unresolvable,,,,False,False,,rating-breakdown,True,59.6,93.1,,,dribble,True,False,"{""playerCoordinates"": {""x"": 59.6, ""y"": 93.1}, ""eventActionType"": ""dribble"", ""isHome"": true, ""keypass"": false}",,
2087085,Yan Diomande,14065250,rating-breakdown,dribbles,dribbles,,,,RB Leipzig,90.0,,85.6,90,,,True,True,1,boolean_field,success,,True,False,False,,rating-breakdown,True,85.6,90,,,dribble,True,False,"{""playerCoordinates"": {""x"": 85.6, ""y"": 90}, ""eventActionType"": ""dribble"", ""isHome"": true, ""outcome"": true, ""keypass"": false}",,
2087085,Yan Diomande,14065250,rating-breakdown,dribbles,dribbles,,,,RB Leipzig,90.0,,78.9,7.5,,,True,True,1,boolean_field,success,,True,False,False,,rating-breakdown,True,78.9,7.5,,,dribble,True,False,"{""playerCoordinates"": {""x"": 78.9, ""y"": 7.5}, ""eventActionType"": ""dribble"", ""isHome"": true, ""outcome"": true, ""keypass"": false}",,
2087085,Yan Diomande,14065250,rating-breakdown,dribbles,dribbles,,,,RB Leipzig,90.0,,81,8.4,,,True,True,1,boolean_field,success,,True,False,False,,rating-breakdown,True,81,8.4,,,dribble,True,False,"{""playerCoordinates"": {""x"": 81, ""y"": 8.4}, ""eventActionType"": ""dribble"", ""isHome"": true, ""outcome"": true, ""keypass"": false}",,
2087085,Yan Diomande,14065250,rating-breakdown,dribbles,dribbles,,,,RB Leipzig,90.0,,81.2,9.8,,,,,,unresolvable,,,,False,False,,rating-breakdown,True,81.2,9.8,,,dribble,True,False,"{""playerCoordinates"": {""x"": 81.2, ""y"": 9.8}, ""eventActionType"": ""dribble"", ""isHome"": true, ""keypass"": false}",,
2087085,Yan Diomande,14065250,rating-breakdown,defensive,defensive,,,,RB Leipzig,90.0,,4.8,61.6,,,True,True,1,boolean_field,success,,True,False,False,,rating-breakdown,True,4.8,61.6,,,interception,True,False,"{""playerCoordinates"": {""x"": 4.8, ""y"": 61.6}, ""eventActionType"": ""interception"", ""isHome"": true, ""outcome"": true, ""keypass"": false}",,
2087085,Yan Diomande,14065250,rating-breakdown,defensive,defensive,,,,RB Leipzig,90.0,,4.1,75.3,,,True,True,1,boolean_field,success,,True,False,False,,rating-breakdown,True,4.1,75.3,,,ball-recovery,True,False,"{""playerCoordinates"": {""x"": 4.1, ""y"": 75.3}, ""eventActionType"": ""ball-recovery"", ""isHome"": true, ""outcome"": true, ""keypass"": false}",,
2087085,Yan Diomande,14065250,rating-breakdown,defensive,defensive,,,,RB Leipzig,90.0,,40.8,77.8,,,True,True,1,boolean_field,success,,True,False,False,,rating-breakdown,True,40.8,77.8,,,ball-recovery,True,False,"{""playerCoordinates"": {""x"": 40.8, ""y"": 77.8}, ""eventActionType"": ""ball-recovery"", ""isHome"": true, ""outcome"": true, ""keypass"": false}",,
2087085,Yan Diomande,14065250,rating-breakdown,defensive,defensive,,,,RB Leipzig,90.0,,81.6,91.8,,,True,True,1,boolean_field,success,,True,False,False,,rating-breakdown,True,81.6,91.8,,,ball-recovery,True,False,"{""playerCoordinates"": {""x"": 81.6, ""y"": 91.8}, ""eventActionType"": ""ball-recovery"", ""isHome"": true, ""outcome"": true, ""keypass"": false}",,
2087085,Yan Diomande,14065250,rating-breakdown,defensive,defensive,,,,RB Leipzig,90.0,,23,65,,,True,True,1,boolean_field,success,,True,False,False,,rating-breakdown,True,23,65,,,ball-recovery,True,False,"{""playerCoordinates"": {""x"": 23, ""y"": 65}, ""eventActionType"": ""ball-recovery"", ""isHome"": true, ""outcome"": true, ""keypass"": false}",,
2087085,Yan Diomande,14065250,rating-breakdown,defensive,defensive,,,,RB Leipzig,90.0,,38.8,67.4,,,True,True,1,boolean_field,success,,True,False,False,,rating-breakdown,True,38.8,67.4,,,tackle,True,False,"{""playerCoordinates"": {""x"": 38.8, ""y"": 67.4}, ""eventActionType"": ""tackle"", ""isHome"": true, ""outcome"": true, ""keypass"": false}",,
2087085,Yan Diomande,14065250,rating-breakdown,defensive,defensive,,,,RB Leipzig,90.0,,65.5,87.5,,,True,True,1,boolean_field,success,,True,False,False,,rating-breakdown,True,65.5,87.5,,,ball-recovery,True,False,"{""playerCoordinates"": {""x"": 65.5, ""y"": 87.5}, ""eventActionType"": ""ball-recovery"", ""isHome"": true, ""outcome"": true, ""keypass"": false}",,
2087085,Yan Diomande,14065250,rating-breakdown,defensive,defensive,,,,RB Leipzig,90.0,,69.7,12.5,,,True,True,1,boolean_field,success,,True,False,False,,rating-breakdown,True,69.7,12.5,,,ball-recovery,True,False,"{""playerCoordinates"": {""x"": 69.7, ""y"": 12.5}, ""eventActionType"": ""ball-recovery"", ""isHome"": true, ""outcome"": true, ""keypass"": false}",,
2087085,Yan Diomande,14065250,rating-breakdown,defensive,defensive,,,,RB Leipzig,90.0,,41,8.1,,,True,True,1,boolean_field,success,,True,False,False,,rating-breakdown,True,41,8.1,,,ball-recovery,True,False,"{""playerCoordinates"": {""x"": 41, ""y"": 8.1}, ""eventActionType"": ""ball-recovery"", ""isHome"": true, ""outcome"": true, ""keypass"": false}",,
2087085,Yan Diomande,14065555,rating-breakdown,passes,passes,,,,RB Leipzig,80.0,,52.5,90.6,33,94.3,True,True,1,boolean_field,success,True,,False,False,pass,rating-breakdown,True,52.5,90.6,33,94.3,pass,False,False,"{""playerCoordinates"": {""x"": 52.5, ""y"": 90.6}, ""passEndCoordinates"": {""x"": 33, ""y"": 94.3}, ""eventActionType"": ""pass"", ""isHome"": false, ""outcome"": true, ""keypass"": false}",,
2087085,Yan Diomande,14065555,rating-breakdown,passes,passes,,,,RB Leipzig,80.0,,76,81.1,88.4,62.3,True,True,1,boolean_field,success,True,,False,False,pass,rating-breakdown,True,76,81.1,88.4,62.3,pass,False,False,"{""playerCoordinates"": {""x"": 76, ""y"": 81.1}, ""passEndCoordinates"": {""x"": 88.4, ""y"": 62.3}, ""eventActionType"": ""pass"", ""isHome"": false, ""outcome"": true, ""keypass"": false}",,
2087085,Yan Diomande,14065555,rating-breakdown,passes,passes,,,,RB Leipzig,80.0,,91.8,86.2,75.1,89.8,True,True,1,boolean_field,success,True,,False,False,pass,rating-breakdown,True,91.8,86.2,75.1,89.8,pass,False,False,"{""playerCoordinates"": {""x"": 91.8, ""y"": 86.2}, ""passEndCoordinates"": {""x"": 75.1, ""y"": 89.8}, ""eventActionType"": ""pass"", ""isHome"": false, ""outcome"": true, ""keypass"": false}",,
2087085,Yan Diomande,14065555,rating-breakdown,passes,passes,,,,RB Leipzig,80.0,,55.6,96,43,90.2,True,True,1,boolean_field,success,True,,False,False,pass,rating-breakdown,True,55.6,96,43,90.2,pass,False,False,"{""playerCoordinates"": {""x"": 55.6, ""y"": 96}, ""passEndCoordinates"": {""x"": 43, ""y"": 90.2}, ""eventActionType"": ""pass"", ""isHome"": false, ""outcome"": true, ""keypass"": false}",,
2087085,Yan Diomande,14065555,rating-breakdown,passes,passes,,,,RB Leipzig,80.0,,32,94.8,36.9,84.5,True,True,1,boolean_field,success,True,,False,False,pass,rating-breakdown,True,32,94.8,36.9,84.5,pass,False,False,"{""playerCoordinates"": {""x"": 32, ""y"": 94.8}, ""passEndCoordinates"": {""x"": 36.9, ""y"": 84.5}, ""eventActionType"": ""pass"", ""isHome"": false, ""outcome"": true, ""keypass"": false}",,
2087085,Yan Diomande,14065555,rating-breakdown,passes,passes,,,,RB Leipzig,80.0,,46.8,60,47.7,53.8,,,,unresolvable,,,,False,False,pass,rating-breakdown,True,46.8,60,47.7,53.8,pass,False,False,"{""playerCoordinates"": {""x"": 46.8, ""y"": 60}, ""passEndCoordinates"": {""x"": 47.7, ""y"": 53.8}, ""eventActionType"": ""pass"", ""isHome"": false, ""keypass"": false}",,
2087085,Yan Diomande,14065555,rating-breakdown,passes,passes,,,,RB Leipzig,80.0,,76.4,58.6,74.8,40.3,True,True,1,boolean_field,success,True,,True,True,assist,rating-breakdown,True,76.4,58.6,74.8,40.3,pass,False,True,"{""playerCoordinates"": {""x"": 76.4, ""y"": 58.6}, ""passEndCoordinates"": {""x"": 74.8, ""y"": 40.3}, ""eventActionType"": ""pass"", ""isHome"": false, ""outcome"": true, ""keypass"": true, ""isAssist"": true}",,True
2087085,Yan Diomande,14065555,rating-breakdown,passes,passes,,,,RB Leipzig,80.0,,96.4,73.8,95.2,55.5,,,,unresolvable,,,,False,False,pass,rating-breakdown,True,96.4,73.8,95.2,55.5,cross,False,False,"{""playerCoordinates"": {""x"": 96.4, ""y"": 73.8}, ""passEndCoordinates"": {""x"": 95.2, ""y"": 55.5}, ""eventActionType"": ""cross"", ""isHome"": false, ""keypass"": false}",,
2087085,Yan Diomande,14065555,rating-breakdown,passes,passes,,,,RB Leipzig,80.0,,91.9,76,88.1,49.7,,,,unresolvable,,,,False,False,pass,rating-breakdown,True,91.9,76,88.1,49.7,pass,False,False,"{""playerCoordinates"": {""x"": 91.9, ""y"": 76}, ""passEndCoordinates"": {""x"": 88.1, ""y"": 49.7}, ""eventActionType"": ""pass"", ""isHome"": false, ""keypass"": false}",,
2087085,Yan Diomande,14065555,rating-breakdown,passes,passes,,,,RB Leipzig,80.0,,92.3,37.4,92.4,38.5,,,,unresolvable,,,,False,False,pass,rating-breakdown,True,92.3,37.4,92.4,38.5,pass,False,False,"{""playerCoordinates"": {""x"": 92.3, ""y"": 37.4}, ""passEndCoordinates"": {""x"": 92.4, ""y"": 38.5}, ""eventActionType"": ""pass"", ""isHome"": false, ""keypass"": false}",,
2087085,Yan Diomande,14065555,rating-breakdown,passes,passes,,,,RB Leipzig,80.0,,62.7,71.1,62.2,69.2,,,,unresolvable,,,,False,False,pass,rating-breakdown,True,62.7,71.1,62.2,69.2,pass,False,False,"{""playerCoordinates"": {""x"": 62.7, ""y"": 71.1}, ""passEndCoordinates"": {""x"": 62.2, ""y"": 69.2}, ""eventActionType"": ""pass"", ""isHome"": false, ""keypass"": false}",,
2087085,Yan Diomande,14065555,rating-breakdown,passes,passes,,,,RB Leipzig,80.0,,77.1,88.5,77.6,69.4,,,,unresolvable,,,,False,False,pass,rating-breakdown,True,77.1,88.5,77.6,69.4,pass,False,False,"{""playerCoordinates"": {""x"": 77.1, ""y"": 88.5}, ""passEndCoordinates"": {""x"": 77.6, ""y"": 69.4}, ""eventActionType"": ""pass"", ""isHome"": false, ""keypass"": false}",,
2087085,Yan Diomande,14065555,rating-breakdown,passes,passes,,,,RB Leipzig,80.0,,57.8,83.8,70.3,92.9,True,True,1,boolean_field,success,True,,False,False,pass,rating-breakdown,True,57.8,83.8,70.3,92.9,pass,False,False,"{""playerCoordinates"": {""x"": 57.8, ""y"": 83.8}, ""passEndCoordinates"": {""x"": 70.3, ""y"": 92.9}, ""eventActionType"": ""pass"", ""isHome"": false, ""outcome"": true, ""keypass"": false}",,
2087085,Yan Diomande,14065555,rating-breakdown,passes,passes,,,,RB Leipzig,80.0,,62.8,80.9,47.7,54.9,True,True,1,boolean_field,success,True,,False,False,pass,rating-breakdown,True,62.8,80.9,47.7,54.9,pass,False,False,"{""playerCoordinates"": {""x"": 62.8, ""y"": 80.9}, ""passEndCoordinates"": {""x"": 47.7, ""y"": 54.9}, ""eventActionType"": ""pass"", ""isHome"": false, ""outcome"": true, ""keypass"": false}",,
2087085,Yan Diomande,14065555,rating-breakdown,passes,passes,,,,RB Leipzig,80.0,,74.5,87.8,68.5,95.7,True,True,1,boolean_field,success,True,,False,False,pass,rating-breakdown,True,74.5,87.8,68.5,95.7,pass,False,False,"{""playerCoordinates"": {""x"": 74.5, ""y"": 87.8}, ""passEndCoordinates"": {""x"": 68.5, ""y"": 95.7}, ""eventActionType"": ""pass"", ""isHome"": false, ""outcome"": true, ""keypass"": false}",,
2087085,Yan Diomande,14065555,rating-breakdown,passes,passes,,,,RB Leipzig,80.0,,61.2,90,45.1,66,True,True,1,boolean_field,success,True,,False,False,pass,rating-breakdown,True,61.2,90,45.1,66,pass,False,False,"{""playerCoordinates"": {""x"": 61.2, ""y"": 90}, ""passEndCoordinates"": {""x"": 45.1, ""y"": 66}, ""eventActionType"": ""pass"", ""isHome"": false, ""outcome"": true, ""keypass"": false}",,
2087085,Yan Diomande,14065555,rating-breakdown,passes,passes,,,,RB Leipzig,80.0,,85.3,93.4,79.3,94.5,True,True,1,boolean_field,success,True,,False,False,pass,rating-breakdown,True,85.3,93.4,79.3,94.5,pass,False,False,"{""playerCoordinates"": {""x"": 85.3, ""y"": 93.4}, ""passEndCoordinates"": {""x"": 79.3, ""y"": 94.5}, ""eventActionType"": ""pass"", ""isHome"": false, ""outcome"": true, ""keypass"": false}",,
2087085,Yan Diomande,14065555,rating-breakdown,passes,passes,,,,RB Leipzig,80.0,,96.2,85.2,94.4,65.2,,,,unresolvable,,,,False,False,pass,rating-breakdown,True,96.2,85.2,94.4,65.2,cross,False,False,"{""playerCoordinates"": {""x"": 96.2, ""y"": 85.2}, ""passEndCoordinates"": {""x"": 94.4, ""y"": 65.2}, ""eventActionType"": ""cross"", ""isHome"": false, ""keypass"": false}",,
2087085,Yan Diomande,14065555,rating-breakdown,passes,passes,,,,RB Leipzig,80.0,,22.6,79.7,17.3,81.4,,,,unresolvable,,,,False,False,pass,rating-breakdown,True,22.6,79.7,17.3,81.4,pass,False,False,"{""playerCoordinates"": {""x"": 22.6, ""y"": 79.7}, ""passEndCoordinates"": {""x"": 17.3, ""y"": 81.4}, ""eventActionType"": ""pass"", ""isHome"": false, ""keypass"": false}",,
2087085,Yan Diomande,14065555,rating-breakdown,passes,passes,,,,RB Leipzig,80.0,,34.4,72.6,33.2,54.6,True,True,1,boolean_field,success,True,,False,False,pass,rating-breakdown,True,34.4,72.6,33.2,54.6,pass,False,False,"{""playerCoordinates"": {""x"": 34.4, ""y"": 72.6}, ""passEndCoordinates"": {""x"": 33.2, ""y"": 54.6}, ""eventActionType"": ""pass"", ""isHome"": false, ""outcome"": true, ""keypass"": false}",,
2087085,Yan Diomande,14065555,rating-breakdown,passes,passes,,,,RB Leipzig,80.0,,71,22,85.9,10.3,True,True,1,boolean_field,success,True,,False,False,pass,rating-breakdown,True,71,22,85.9,10.3,pass,False,False,"{""playerCoordinates"": {""x"": 71, ""y"": 22}, ""passEndCoordinates"": {""x"": 85.9, ""y"": 10.3}, ""eventActionType"": ""pass"", ""isHome"": false, ""outcome"": true, ""keypass"": false}",,
2087085,Yan Diomande,14065555,rating-breakdown,passes,passes,,,,RB Leipzig,80.0,,53.4,9.1,47.9,52,True,True,1,boolean_field,success,True,,False,False,pass,rating-breakdown,True,53.4,9.1,47.9,52,pass,False,False,"{""playerCoordinates"": {""x"": 53.4, ""y"": 9.1}, ""passEndCoordinates"": {""x"": 47.9, ""y"": 52}, ""eventActionType"": ""pass"", ""isHome"": false, ""outcome"": true, ""keypass"": false}",,
2087085,Yan Diomande,14065555,rating-breakdown,passes,passes,,,,RB Leipzig,80.0,,86.1,33.7,93.5,31.1,True,True,1,boolean_field,success,True,,False,False,pass,rating-breakdown,True,86.1,33.7,93.5,31.1,pass,False,False,"{""playerCoordinates"": {""x"": 86.1, ""y"": 33.7}, ""passEndCoordinates"": {""x"": 93.5, ""y"": 31.1}, ""eventActionType"": ""pass"", ""isHome"": false, ""outcome"": true, ""keypass"": false}",,
2087085,Yan Diomande,14065555,rating-breakdown,passes,passes,,,,RB Leipzig,80.0,,56.7,21.7,54.2,46.5,True,True,1,boolean_field,success,True,,False,False,pass,rating-breakdown,True,56.7,21.7,54.2,46.5,pass,False,False,"{""playerCoordinates"": {""x"": 56.7, ""y"": 21.7}, ""passEndCoordinates"": {""x"": 54.2, ""y"": 46.5}, ""eventActionType"": ""pass"", ""isHome"": false, ""outcome"": true, ""keypass"": false}",,
2087085,Yan Diomande,14065555,rating-breakdown,passes,passes,,,,RB Leipzig,80.0,,71.2,61.2,78.6,67.8,True,True,1,boolean_field,success,True,,False,False,pass,rating-breakdown,True,71.2,61.2,78.6,67.8,pass,False,False,"{""playerCoordinates"": {""x"": 71.2, ""y"": 61.2}, ""passEndCoordinates"": {""x"": 78.6, ""y"": 67.8}, ""eventActionType"": ""pass"", ""isHome"": false, ""outcome"": true, ""keypass"": false}",,
2087085,Yan Diomande,14065555,rating-breakdown,passes,passes,,,,RB Leipzig,80.0,,92.1,15.4,84.4,17,True,True,1,boolean_field,success,True,,False,False,pass,rating-breakdown,True,92.1,15.4,84.4,17,pass,False,False,"{""playerCoordinates"": {""x"": 92.1, ""y"": 15.4}, ""passEndCoordinates"": {""x"": 84.4, ""y"": 17}, ""eventActionType"": ""pass"", ""isHome"": false, ""outcome"": true, ""keypass"": false}",,
2087085,Yan Diomande,14065555,rating-breakdown,ball-carries,ball-carries,,,,RB Leipzig,80.0,,56.4,90.5,52.8,92.5,,,,unresolvable,,,,False,False,,rating-breakdown,True,56.4,90.5,52.8,92.5,ball-carry,False,,"{""playerCoordinates"": {""x"": 56.4, ""y"": 90.5}, ""passEndCoordinates"": {""x"": 52.8, ""y"": 92.5}, ""eventActionType"": ""ball-carry"", ""isHome"": false}",,
2087085,Yan Diomande,14065555,rating-breakdown,ball-carries,ball-carries,,,,RB Leipzig,80.0,,65.7,97.2,76,81.1,,,,unresolvable,,,,False,False,,rating-breakdown,True,65.7,97.2,76,81.1,ball-carry,False,,"{""playerCoordinates"": {""x"": 65.7, ""y"": 97.2}, ""passEndCoordinates"": {""x"": 76, ""y"": 81.1}, ""eventActionType"": ""ball-carry"", ""isHome"": false}",,
2087085,Yan Diomande,14065555,rating-breakdown,ball-carries,ball-carries,,,,RB Leipzig,80.0,,87.3,56.8,93.1,49.8,,,,unresolvable,,,,False,False,,rating-breakdown,True,87.3,56.8,93.1,49.8,ball-carry,False,,"{""playerCoordinates"": {""x"": 87.3, ""y"": 56.8}, ""passEndCoordinates"": {""x"": 93.1, ""y"": 49.8}, ""eventActionType"": ""ball-carry"", ""isHome"": false}",,
2087085,Yan Diomande,14065555,rating-breakdown,ball-carries,ball-carries,,,,RB Leipzig,80.0,,21.7,80.5,26.4,76.9,,,,unresolvable,,,,False,False,,rating-breakdown,True,21.7,80.5,26.4,76.9,ball-carry,False,,"{""playerCoordinates"": {""x"": 21.7, ""y"": 80.5}, ""passEndCoordinates"": {""x"": 26.4, ""y"": 76.9}, ""eventActionType"": ""ball-carry"", ""isHome"": false}",,
2087085,Yan Diomande,14065555,rating-breakdown,ball-carries,ball-carries,,,,RB Leipzig,80.0,,61.9,94.2,69.9,79.4,,,,unresolvable,,,,False,False,,rating-breakdown,True,61.9,94.2,69.9,79.4,ball-carry,False,,"{""playerCoordinates"": {""x"": 61.9, ""y"": 94.2}, ""passEndCoordinates"": {""x"": 69.9, ""y"": 79.4}, ""eventActionType"": ""ball-carry"", ""isHome"": false}",,
2087085,Yan Diomande,14065555,rating-breakdown,ball-carries,ball-carries,,,,RB Leipzig,80.0,,67.5,95.5,79.8,93.2,,,,unresolvable,,,,False,False,,rating-breakdown,True,67.5,95.5,79.8,93.2,ball-carry,False,,"{""playerCoordinates"": {""x"": 67.5, ""y"": 95.5}, ""passEndCoordinates"": {""x"": 79.8, ""y"": 93.2}, ""eventActionType"": ""ball-carry"", ""isHome"": false}",,
2087085,Yan Diomande,14065555,rating-breakdown,ball-carries,ball-carries,,,,RB Leipzig,80.0,,86.9,31.5,92.3,37.4,,,,unresolvable,,,,False,False,,rating-breakdown,True,86.9,31.5,92.3,37.4,ball-carry,False,,"{""playerCoordinates"": {""x"": 86.9, ""y"": 31.5}, ""passEndCoordinates"": {""x"": 92.3, ""y"": 37.4}, ""eventActionType"": ""ball-carry"", ""isHome"": false}",,
2087085,Yan Diomande,14065555,rating-breakdown,ball-carries,ball-carries,,,,RB Leipzig,80.0,,76.2,95.7,77.1,88.5,,,,unresolvable,,,,False,False,,rating-breakdown,True,76.2,95.7,77.1,88.5,ball-carry,False,,"{""playerCoordinates"": {""x"": 76.2, ""y"": 95.7}, ""passEndCoordinates"": {""x"": 77.1, ""y"": 88.5}, ""eventActionType"": ""ball-carry"", ""isHome"": false}",,
2087085,Yan Diomande,14065555,rating-breakdown,ball-carries,ball-carries,,,,RB Leipzig,80.0,,61.7,97.5,57.8,83.8,,,,unresolvable,,,,False,False,,rating-breakdown,True,61.7,97.5,57.8,83.8,ball-carry,False,,"{""playerCoordinates"": {""x"": 61.7, ""y"": 97.5}, ""passEndCoordinates"": {""x"": 57.8, ""y"": 83.8}, ""eventActionType"": ""ball-carry"", ""isHome"": false}",,
2087085,Yan Diomande,14065555,rating-breakdown,ball-carries,ball-carries,,,,RB Leipzig,80.0,,63.5,89.4,62.8,80.9,,,,unresolvable,,,,False,False,,rating-breakdown,True,63.5,89.4,62.8,80.9,ball-carry,False,,"{""playerCoordinates"": {""x"": 63.5, ""y"": 89.4}, ""passEndCoordinates"": {""x"": 62.8, ""y"": 80.9}, ""eventActionType"": ""ball-carry"", ""isHome"": false}",,
2087085,Yan Diomande,14065555,rating-breakdown,ball-carries,ball-carries,,,,RB Leipzig,80.0,,58.9,59.2,41.2,41,,,,unresolvable,,,,False,False,,rating-breakdown,True,58.9,59.2,41.2,41,ball-carry,False,,"{""playerCoordinates"": {""x"": 58.9, ""y"": 59.2}, ""passEndCoordinates"": {""x"": 41.2, ""y"": 41}, ""eventActionType"": ""ball-carry"", ""isHome"": false}",,
2087085,Yan Diomande,14065555,rating-breakdown,ball-carries,ball-carries,,,,RB Leipzig,80.0,,78.4,93.5,81.6,93.7,,,,unresolvable,,,,False,False,,rating-breakdown,True,78.4,93.5,81.6,93.7,ball-carry,False,,"{""playerCoordinates"": {""x"": 78.4, ""y"": 93.5}, ""passEndCoordinates"": {""x"": 81.6, ""y"": 93.7}, ""eventActionType"": ""ball-carry"", ""isHome"": false}",,
2087085,Yan Diomande,14065555,rating-breakdown,ball-carries,ball-carries,,,,RB Leipzig,80.0,,93.3,84.2,96.2,85.2,,,,unresolvable,,,,False,False,,rating-breakdown,True,93.3,84.2,96.2,85.2,ball-carry,False,,"{""playerCoordinates"": {""x"": 93.3, ""y"": 84.2}, ""passEndCoordinates"": {""x"": 96.2, ""y"": 85.2}, ""eventActionType"": ""ball-carry"", ""isHome"": false}",,
2087085,Yan Diomande,14065555,rating-breakdown,ball-carries,ball-carries,,,,RB Leipzig,80.0,,22.6,61.5,22.6,79.7,,,,unresolvable,,,,False,False,,rating-breakdown,True,22.6,61.5,22.6,79.7,ball-carry,False,,"{""playerCoordinates"": {""x"": 22.6, ""y"": 61.5}, ""passEndCoordinates"": {""x"": 22.6, ""y"": 79.7}, ""eventActionType"": ""ball-carry"", ""isHome"": false}",,
2087085,Yan Diomande,14065555,rating-breakdown,ball-carries,ball-carries,,,,RB Leipzig,80.0,,31.5,77.7,34.4,72.6,,,,unresolvable,,,,False,False,,rating-breakdown,True,31.5,77.7,34.4,72.6,ball-carry,False,,"{""playerCoordinates"": {""x"": 31.5, ""y"": 77.7}, ""passEndCoordinates"": {""x"": 34.4, ""y"": 72.6}, ""eventActionType"": ""ball-carry"", ""isHome"": false}",,
2087085,Yan Diomande,14065555,rating-breakdown,ball-carries,ball-carries,,,,RB Leipzig,80.0,,68,95.7,91.8,86.8,,,,unresolvable,,,,False,False,,rating-breakdown,True,68,95.7,91.8,86.8,ball-carry,False,,"{""playerCoordinates"": {""x"": 68, ""y"": 95.7}, ""passEndCoordinates"": {""x"": 91.8, ""y"": 86.8}, ""eventActionType"": ""ball-carry"", ""isHome"": false}",,
2087085,Yan Diomande,14065555,rating-breakdown,ball-carries,ball-carries,,,,RB Leipzig,80.0,,64.4,4,71,22,,,,unresolvable,,,,False,False,,rating-breakdown,True,64.4,4,71,22,ball-carry,False,,"{""playerCoordinates"": {""x"": 64.4, ""y"": 4}, ""passEndCoordinates"": {""x"": 71, ""y"": 22}, ""eventActionType"": ""ball-carry"", ""isHome"": false}",,
2087085,Yan Diomande,14065555,rating-breakdown,ball-carries,ball-carries,,,,RB Leipzig,80.0,,56.7,4.5,53.4,9.1,,,,unresolvable,,,,False,False,,rating-breakdown,True,56.7,4.5,53.4,9.1,ball-carry,False,,"{""playerCoordinates"": {""x"": 56.7, ""y"": 4.5}, ""passEndCoordinates"": {""x"": 53.4, ""y"": 9.1}, ""eventActionType"": ""ball-carry"", ""isHome"": false}",,
2087085,Yan Diomande,14065555,rating-breakdown,ball-carries,ball-carries,,,,RB Leipzig,80.0,,61.3,5.5,56.7,21.7,,,,unresolvable,,,,False,False,,rating-breakdown,True,61.3,5.5,56.7,21.7,ball-carry,False,,"{""playerCoordinates"": {""x"": 61.3, ""y"": 5.5}, ""passEndCoordinates"": {""x"": 56.7, ""y"": 21.7}, ""eventActionType"": ""ball-carry"", ""isHome"": false}",,
2087085,Yan Diomande,14065555,rating-breakdown,ball-carries,ball-carries,,,,RB Leipzig,80.0,,54.7,11.4,40.4,16,,,,unresolvable,,,,False,False,,rating-breakdown,True,54.7,11.4,40.4,16,ball-carry,False,,"{""playerCoordinates"": {""x"": 54.7, ""y"": 11.4}, ""passEndCoordinates"": {""x"": 40.4, ""y"": 16}, ""eventActionType"": ""ball-carry"", ""isHome"": false}",,
2087085,Yan Diomande,14065555,rating-breakdown,ball-carries,ball-carries,,,,RB Leipzig,80.0,,63.9,2,92.1,15.4,,,,unresolvable,,,,False,False,,rating-breakdown,True,63.9,2,92.1,15.4,ball-carry,False,,"{""playerCoordinates"": {""x"": 63.9, ""y"": 2}, ""passEndCoordinates"": {""x"": 92.1, ""y"": 15.4}, ""eventActionType"": ""ball-carry"", ""isHome"": false}",,
2087085,Yan Diomande,14065555,rating-breakdown,ball-carries,ball-carries,,,,RB Leipzig,80.0,,86.8,11.2,94.2,20.4,,,,unresolvable,,,,False,False,,rating-breakdown,True,86.8,11.2,94.2,20.4,ball-carry,False,,"{""playerCoordinates"": {""x"": 86.8, ""y"": 11.2}, ""passEndCoordinates"": {""x"": 94.2, ""y"": 20.4}, ""eventActionType"": ""ball-carry"", ""isHome"": false}",,
2087085,Yan Diomande,14065555,rating-breakdown,dribbles,dribbles,,,,RB Leipzig,80.0,,53.4,92.2,,,True,True,1,boolean_field,success,,True,False,False,,rating-breakdown,True,53.4,92.2,,,dribble,False,False,"{""playerCoordinates"": {""x"": 53.4, ""y"": 92.2}, ""eventActionType"": ""dribble"", ""isHome"": false, ""outcome"": true, ""keypass"": false}",,
2087085,Yan Diomande,14065555,rating-breakdown,dribbles,dribbles,,,,RB Leipzig,80.0,,70.8,76.3,,,True,True,1,boolean_field,success,,True,False,False,,rating-breakdown,True,70.8,76.3,,,dribble,False,False,"{""playerCoordinates"": {""x"": 70.8, ""y"": 76.3}, ""eventActionType"": ""dribble"", ""isHome"": false, ""outcome"": true, ""keypass"": false}",,
2087085,Yan Diomande,14065555,rating-breakdown,dribbles,dribbles,,,,RB Leipzig,80.0,,78.7,93.4,,,True,True,1,boolean_field,success,,True,False,False,,rating-breakdown,True,78.7,93.4,,,dribble,False,False,"{""playerCoordinates"": {""x"": 78.7, ""y"": 93.4}, ""eventActionType"": ""dribble"", ""isHome"": false, ""outcome"": true, ""keypass"": false}",,
2087085,Yan Diomande,14065555,rating-breakdown,dribbles,dribbles,,,,RB Leipzig,80.0,,81.6,93.7,,,,,,unresolvable,,,,False,False,,rating-breakdown,True,81.6,93.7,,,dribble,False,False,"{""playerCoordinates"": {""x"": 81.6, ""y"": 93.7}, ""eventActionType"": ""dribble"", ""isHome"": false, ""keypass"": false}",,
2087085,Yan Diomande,14065555,rating-breakdown,dribbles,dribbles,,,,RB Leipzig,80.0,,94.2,20.4,,,,,,unresolvable,,,,False,False,,rating-breakdown,True,94.2,20.4,,,dribble,False,False,"{""playerCoordinates"": {""x"": 94.2, ""y"": 20.4}, ""eventActionType"": ""dribble"", ""isHome"": false, ""keypass"": false}",,
2087085,Yan Diomande,14065555,rating-breakdown,defensive,defensive,,,,RB Leipzig,80.0,,58.9,59.2,,,True,True,1,boolean_field,success,,True,False,False,,rating-breakdown,True,58.9,59.2,,,ball-recovery,False,False,"{""playerCoordinates"": {""x"": 58.9, ""y"": 59.2}, ""eventActionType"": ""ball-recovery"", ""isHome"": false, ""outcome"": true, ""keypass"": false}",,
2087085,Yan Diomande,14065555,rating-breakdown,defensive,defensive,,,,RB Leipzig,80.0,,22.6,61.5,,,True,True,1,boolean_field,success,,True,False,False,,rating-breakdown,True,22.6,61.5,,,ball-recovery,False,False,"{""playerCoordinates"": {""x"": 22.6, ""y"": 61.5}, ""eventActionType"": ""ball-recovery"", ""isHome"": false, ""outcome"": true, ""keypass"": false}",,
2087085,Yan Diomande,14065555,rating-breakdown,defensive,defensive,,,,RB Leipzig,80.0,,31.5,77.7,,,True,True,1,boolean_field,success,,True,False,False,,rating-breakdown,True,31.5,77.7,,,ball-recovery,False,False,"{""playerCoordinates"": {""x"": 31.5, ""y"": 77.7}, ""eventActionType"": ""ball-recovery"", ""isHome"": false, ""outcome"": true, ""keypass"": false}",,
